  0
SECTION
  2
HEADER
  9
$ANGBASE
  50
0.0
  9
$ANGDIR
  70
1
  9
$MEASUREMENT
  70
0
  0
ENDSEC
  0
SECTION
  2
TABLES
  0
TABLE
  2
LTYPE
  70
4
  0
LTYPE
  5
40F
  2
CONTINUOUS
  70
0
  3
Solid line
  72
65
  73
0
  40
0.0
  0
LTYPE
  5
410
  2
DASHDOT
 70
0
  3
Dash Dot ____ _ ____ _
 72
65
 73
4
 40
2.0
 49
1.25
 49
-0.25
 49
0.25
 49
-0.25
  0
LTYPE
  5
411
  2
DASHED
 70
0
  3
Dashed __ __ __ __ __
 72
65
 73
2
 40
0.75
 49
0.5
 49
-0.25
  0
LTYPE
  5
43B
  2
DOTTED
 70
0
  3
Dotted .  .  .  .
 72
65
 73
2
 40
0.2
 49
0.0
 49
-0.2
  0
ENDTAB
  0
TABLE
  2
STYLE
  70
4
  0
STYLE
  2
KICAD
  70
0
  40
0
  41
1
  42
1
  50
0
  71
0
  3
isocp.shx
  0
STYLE
  2
KICADB
  70
0
  40
0
  41
1
  42
1
  50
0
  71
0
  3
isocp.shx
  0
STYLE
  2
KICADI
  70
0
  40
0
  41
1
  42
1
  50
15
  71
0
  3
isocp.shx
  0
STYLE
  2
KICADBI
  70
0
  40
0
  41
1
  42
1
  50
15
  71
0
  3
isocp.shx
  0
ENDTAB
  0
TABLE
  2
LAYER
  70
1
  0
LAYER
  2
BLACK
  70
0
  62
7
  6
CONTINUOUS
  0
ENDTAB
  0
ENDSEC
  0
SECTION
  2
ENTITIES
0
LINE
8
BLACK
6
CONTINUOUS
10
0.985
20
0.1581496062992126
11
0.835
21
0.1581496062992126
0
LINE
8
BLACK
6
CONTINUOUS
10
0.835
20
0.1581496062992126
11
0.835
21
0.3081496062992126
0
LINE
8
BLACK
6
CONTINUOUS
10
0.835
20
0.3081496062992126
11
0.985
21
0.3081496062992126
0
LINE
8
BLACK
6
CONTINUOUS
10
0.985
20
0.3081496062992126
11
0.985
21
0.1581496062992126
0
LINE
8
BLACK
6
CONTINUOUS
10
0.985
20
0.355
11
0.835
21
0.355
0
LINE
8
BLACK
6
CONTINUOUS
10
0.835
20
0.355
11
0.835
21
0.505
0
LINE
8
BLACK
6
CONTINUOUS
10
0.835
20
0.505
11
0.985
21
0.505
0
LINE
8
BLACK
6
CONTINUOUS
10
0.985
20
0.505
11
0.985
21
0.355
0
LINE
8
BLACK
6
CONTINUOUS
10
0.3548664173228346
20
1.209977283464567
11
0.3592564566929134
21
1.2077404330708661
0
LINE
8
BLACK
6
CONTINUOUS
10
0.3592564566929134
20
1.2077404330708661
11
0.3627404330708661
21
1.2042564566929133
0
LINE
8
BLACK
6
CONTINUOUS
10
0.3627404330708661
20
1.2042564566929133
11
0.3649772834645669
21
1.1998664173228346
0
LINE
8
BLACK
6
CONTINUOUS
10
0.3649772834645669
20
1.1998664173228346
11
0.365748031496063
21
1.1950000000000001
0
LINE
8
BLACK
6
CONTINUOUS
10
0.365748031496063
20
1.1950000000000001
11
0.3649772834645669
21
1.1901335826771653
0
LINE
8
BLACK
6
CONTINUOUS
10
0.3649772834645669
20
1.1901335826771653
11
0.3627404330708661
21
1.1857435433070866
0
LINE
8
BLACK
6
CONTINUOUS
10
0.3627404330708661
20
1.1857435433070866
11
0.3592564566929134
21
1.1822595669291338
0
LINE
8
BLACK
6
CONTINUOUS
10
0.3592564566929134
20
1.1822595669291338
11
0.3548664173228346
21
1.1800227165354331
0
LINE
8
BLACK
6
CONTINUOUS
10
0.3548664173228346
20
1.1800227165354331
11
0.35
21
1.1792519685039369
0
LINE
8
BLACK
6
CONTINUOUS
10
0.35
20
1.1792519685039369
11
0.3451335826771654
21
1.1800227165354331
0
LINE
8
BLACK
6
CONTINUOUS
10
0.3451335826771654
20
1.1800227165354331
11
0.3439681496062992
21
1.1806164960629921
0
LINE
8
BLACK
6
CONTINUOUS
10
0.3439681496062992
20
1.1806164960629921
11
0.3109055118110236
21
1.1475538582677165
0
LINE
8
BLACK
6
CONTINUOUS
10
0.3109055118110236
20
1.1475538582677165
11
0.3109055118110236
21
0.6874461417322835
0
LINE
8
BLACK
6
CONTINUOUS
10
0.3109055118110236
20
0.6874461417322835
11
0.3174461417322835
21
0.6809055118110237
0
LINE
8
BLACK
6
CONTINUOUS
10
0.3174461417322835
20
0.6809055118110237
11
0.5055521653543307
21
0.6809055118110237
0
LINE
8
BLACK
6
CONTINUOUS
10
0.5055521653543307
20
0.6809055118110237
11
0.5072595669291339
21
0.6842564566929134
0
LINE
8
BLACK
6
CONTINUOUS
10
0.5072595669291339
20
0.6842564566929134
11
0.5107435433070866
21
0.6877404330708661
0
LINE
8
BLACK
6
CONTINUOUS
10
0.5107435433070866
20
0.6877404330708661
11
0.5151335826771654
21
0.6899772834645669
0
LINE
8
BLACK
6
CONTINUOUS
10
0.5151335826771654
20
0.6899772834645669
11
0.52
21
0.690748031496063
0
LINE
8
BLACK
6
CONTINUOUS
10
0.52
20
0.690748031496063
11
0.5248664173228347
21
0.6899772834645669
0
LINE
8
BLACK
6
CONTINUOUS
10
0.5248664173228347
20
0.6899772834645669
11
0.5292564566929133
21
0.6877404330708661
0
LINE
8
BLACK
6
CONTINUOUS
10
0.5292564566929133
20
0.6877404330708661
11
0.5327404330708662
21
0.6842564566929134
0
LINE
8
BLACK
6
CONTINUOUS
10
0.5327404330708662
20
0.6842564566929134
11
0.534977283464567
21
0.6798664173228346
0
LINE
8
BLACK
6
CONTINUOUS
10
0.534977283464567
20
0.6798664173228346
11
0.535748031496063
21
0.6749999999999999
0
LINE
8
BLACK
6
CONTINUOUS
10
0.535748031496063
20
0.6749999999999999
11
0.534977283464567
21
0.6701335826771654
0
LINE
8
BLACK
6
CONTINUOUS
10
0.534977283464567
20
0.6701335826771654
11
0.5327404330708662
21
0.6657435433070866
0
LINE
8
BLACK
6
CONTINUOUS
10
0.5327404330708662
20
0.6657435433070866
11
0.5292564566929133
21
0.6622595669291338
0
LINE
8
BLACK
6
CONTINUOUS
10
0.5292564566929133
20
0.6622595669291338
11
0.5248664173228347
21
0.6600227165354331
0
LINE
8
BLACK
6
CONTINUOUS
10
0.5248664173228347
20
0.6600227165354331
11
0.52
21
0.659251968503937
0
LINE
8
BLACK
6
CONTINUOUS
10
0.52
20
0.659251968503937
11
0.5151335826771654
21
0.6600227165354331
0
LINE
8
BLACK
6
CONTINUOUS
10
0.5151335826771654
20
0.6600227165354331
11
0.5107435433070866
21
0.6622595669291338
0
LINE
8
BLACK
6
CONTINUOUS
10
0.5107435433070866
20
0.6622595669291338
11
0.5072595669291339
21
0.6657435433070866
0
LINE
8
BLACK
6
CONTINUOUS
10
0.5072595669291339
20
0.6657435433070866
11
0.5055521653543307
21
0.6690944881889763
0
LINE
8
BLACK
6
CONTINUOUS
10
0.5055521653543307
20
0.6690944881889763
11
0.315
21
0.6690944881889763
0
LINE
8
BLACK
6
CONTINUOUS
10
0.315
20
0.6690944881889763
11
0.3142490157480315
21
0.6692957086614173
0
LINE
8
BLACK
6
CONTINUOUS
10
0.3142490157480315
20
0.6692957086614173
11
0.3134715354330709
21
0.6692957086614173
0
LINE
8
BLACK
6
CONTINUOUS
10
0.3134715354330709
20
0.6692957086614173
11
0.312798188976378
21
0.6696844094488189
0
LINE
8
BLACK
6
CONTINUOUS
10
0.312798188976378
20
0.6696844094488189
11
0.3120472440944882
21
0.6698856692913385
0
LINE
8
BLACK
6
CONTINUOUS
10
0.3120472440944882
20
0.6698856692913385
11
0.3114974409448819
21
0.6704354330708662
0
LINE
8
BLACK
6
CONTINUOUS
10
0.3114974409448819
20
0.6704354330708662
11
0.3108241732283464
21
0.6708241732283464
0
LINE
8
BLACK
6
CONTINUOUS
10
0.3108241732283464
20
0.6708241732283464
11
0.3008241732283464
21
0.6808241732283464
0
LINE
8
BLACK
6
CONTINUOUS
10
0.3008241732283464
20
0.6808241732283464
11
0.3004354330708661
21
0.6814974409448818
0
LINE
8
BLACK
6
CONTINUOUS
10
0.3004354330708661
20
0.6814974409448818
11
0.2998856692913386
21
0.6820472440944881
0
LINE
8
BLACK
6
CONTINUOUS
10
0.2998856692913386
20
0.6820472440944881
11
0.2996844094488189
21
0.6827981889763779
0
LINE
8
BLACK
6
CONTINUOUS
10
0.2996844094488189
20
0.6827981889763779
11
0.2992957086614173
21
0.6834715354330708
0
LINE
8
BLACK
6
CONTINUOUS
10
0.2992957086614173
20
0.6834715354330708
11
0.2992957086614173
21
0.6842490157480314
0
LINE
8
BLACK
6
CONTINUOUS
10
0.2992957086614173
20
0.6842490157480314
11
0.2990944881889764
21
0.6849999999999999
0
LINE
8
BLACK
6
CONTINUOUS
10
0.2990944881889764
20
0.6849999999999999
11
0.2990944881889764
21
1.1499999999999999
0
LINE
8
BLACK
6
CONTINUOUS
10
0.2990944881889764
20
1.1499999999999999
11
0.2992957086614173
21
1.1507509448818898
0
LINE
8
BLACK
6
CONTINUOUS
10
0.2992957086614173
20
1.1507509448818898
11
0.2992957086614173
21
1.151528464566929
0
LINE
8
BLACK
6
CONTINUOUS
10
0.2992957086614173
20
1.151528464566929
11
0.2996844094488189
21
1.1522017716535433
0
LINE
8
BLACK
6
CONTINUOUS
10
0.2996844094488189
20
1.1522017716535433
11
0.2998856692913386
21
1.1529527559055117
0
LINE
8
BLACK
6
CONTINUOUS
10
0.2998856692913386
20
1.1529527559055117
11
0.3004354330708661
21
1.1535025196850393
0
LINE
8
BLACK
6
CONTINUOUS
10
0.3004354330708661
20
1.1535025196850393
11
0.3008241732283464
21
1.1541758267716535
0
LINE
8
BLACK
6
CONTINUOUS
10
0.3008241732283464
20
1.1541758267716535
11
0.3356164960629921
21
1.1889681496062992
0
LINE
8
BLACK
6
CONTINUOUS
10
0.3356164960629921
20
1.1889681496062992
11
0.3350227165354331
21
1.1901335826771653
0
LINE
8
BLACK
6
CONTINUOUS
10
0.3350227165354331
20
1.1901335826771653
11
0.334251968503937
21
1.1950000000000001
0
LINE
8
BLACK
6
CONTINUOUS
10
0.334251968503937
20
1.1950000000000001
11
0.3350227165354331
21
1.1998664173228346
0
LINE
8
BLACK
6
CONTINUOUS
10
0.3350227165354331
20
1.1998664173228346
11
0.3372595669291338
21
1.2042564566929133
0
LINE
8
BLACK
6
CONTINUOUS
10
0.3372595669291338
20
1.2042564566929133
11
0.3407435433070866
21
1.2077404330708661
0
LINE
8
BLACK
6
CONTINUOUS
10
0.3407435433070866
20
1.2077404330708661
11
0.3451335826771654
21
1.209977283464567
0
LINE
8
BLACK
6
CONTINUOUS
10
0.3451335826771654
20
1.209977283464567
11
0.35
21
1.210748031496063
0
LINE
8
BLACK
6
CONTINUOUS
10
0.35
20
1.210748031496063
11
0.3548664173228346
21
1.209977283464567
0
LINE
8
BLACK
6
CONTINUOUS
10
0.2831496062992126
20
0.775
11
0.1331496062992126
21
0.775
0
LINE
8
BLACK
6
CONTINUOUS
10
0.1331496062992126
20
0.775
11
0.1331496062992126
21
0.9249999999999999
0
LINE
8
BLACK
6
CONTINUOUS
10
0.1331496062992126
20
0.9249999999999999
11
0.2831496062992126
21
0.9249999999999999
0
LINE
8
BLACK
6
CONTINUOUS
10
0.2831496062992126
20
0.9249999999999999
11
0.2831496062992126
21
0.775
0
LINE
8
BLACK
6
CONTINUOUS
10
0.48
20
0.775
11
0.33
21
0.775
0
LINE
8
BLACK
6
CONTINUOUS
10
0.33
20
0.775
11
0.33
21
0.9249999999999999
0
LINE
8
BLACK
6
CONTINUOUS
10
0.33
20
0.9249999999999999
11
0.48
21
0.9249999999999999
0
LINE
8
BLACK
6
CONTINUOUS
10
0.48
20
0.9249999999999999
11
0.48
21
0.775
0
LINE
8
BLACK
6
CONTINUOUS
10
0.2831496062992126
20
0.97
11
0.1331496062992126
21
0.97
0
LINE
8
BLACK
6
CONTINUOUS
10
0.1331496062992126
20
0.97
11
0.1331496062992126
21
1.1199999999999999
0
LINE
8
BLACK
6
CONTINUOUS
10
0.1331496062992126
20
1.1199999999999999
11
0.2831496062992126
21
1.1199999999999999
0
LINE
8
BLACK
6
CONTINUOUS
10
0.2831496062992126
20
1.1199999999999999
11
0.2831496062992126
21
0.97
0
LINE
8
BLACK
6
CONTINUOUS
10
0.48
20
0.97
11
0.33
21
0.97
0
LINE
8
BLACK
6
CONTINUOUS
10
0.33
20
0.97
11
0.33
21
1.1199999999999999
0
LINE
8
BLACK
6
CONTINUOUS
10
0.33
20
1.1199999999999999
11
0.48
21
1.1199999999999999
0
LINE
8
BLACK
6
CONTINUOUS
10
0.48
20
1.1199999999999999
11
0.48
21
0.97
0
LINE
8
BLACK
6
CONTINUOUS
10
1.9148664173228347
20
0.7499772834645669
11
1.9192564566929133
21
0.7477404330708661
0
LINE
8
BLACK
6
CONTINUOUS
10
1.9192564566929133
20
0.7477404330708661
11
1.9227404330708662
21
0.7442564566929134
0
LINE
8
BLACK
6
CONTINUOUS
10
1.9227404330708662
20
0.7442564566929134
11
1.9249772834645669
21
0.7398664173228346
0
LINE
8
BLACK
6
CONTINUOUS
10
1.9249772834645669
20
0.7398664173228346
11
1.9257480314960629
21
0.735
0
LINE
8
BLACK
6
CONTINUOUS
10
1.9257480314960629
20
0.735
11
1.9249772834645669
21
0.7301335826771653
0
LINE
8
BLACK
6
CONTINUOUS
10
1.9249772834645669
20
0.7301335826771653
11
1.9227404330708662
21
0.7257435433070866
0
LINE
8
BLACK
6
CONTINUOUS
10
1.9227404330708662
20
0.7257435433070866
11
1.9192564566929133
21
0.7222595669291338
0
LINE
8
BLACK
6
CONTINUOUS
10
1.9192564566929133
20
0.7222595669291338
11
1.9148664173228347
21
0.720022716535433
0
LINE
8
BLACK
6
CONTINUOUS
10
1.9148664173228347
20
0.720022716535433
11
1.9099999999999999
21
0.719251968503937
0
LINE
8
BLACK
6
CONTINUOUS
10
1.9099999999999999
20
0.719251968503937
11
1.9051335826771654
21
0.720022716535433
0
LINE
8
BLACK
6
CONTINUOUS
10
1.9051335826771654
20
0.720022716535433
11
1.9039681496062992
21
0.7206164960629922
0
LINE
8
BLACK
6
CONTINUOUS
10
1.9039681496062992
20
0.7206164960629922
11
1.8691758267716534
21
0.6858241732283464
0
LINE
8
BLACK
6
CONTINUOUS
10
1.8691758267716534
20
0.6858241732283464
11
1.8685025196850393
21
0.6854354330708661
0
LINE
8
BLACK
6
CONTINUOUS
10
1.8685025196850393
20
0.6854354330708661
11
1.8679527559055118
21
0.6848856692913385
0
LINE
8
BLACK
6
CONTINUOUS
10
1.8679527559055118
20
0.6848856692913385
11
1.8672017716535432
21
0.6846844094488189
0
LINE
8
BLACK
6
CONTINUOUS
10
1.8672017716535432
20
0.6846844094488189
11
1.8665284645669291
21
0.6842957086614173
0
LINE
8
BLACK
6
CONTINUOUS
10
1.8665284645669291
20
0.6842957086614173
11
1.8657509842519684
21
0.6842957086614173
0
LINE
8
BLACK
6
CONTINUOUS
10
1.8657509842519684
20
0.6842957086614173
11
1.865
21
0.6840944881889763
0
LINE
8
BLACK
6
CONTINUOUS
10
1.865
20
0.6840944881889763
11
1.0322710629921259
21
0.6840944881889763
0
LINE
8
BLACK
6
CONTINUOUS
10
1.0322710629921259
20
0.6840944881889763
11
1.0244478346456694
21
0.6840944881889763
0
LINE
8
BLACK
6
CONTINUOUS
10
1.0244478346456694
20
0.6840944881889763
11
1.022740433070866
21
0.6807435433070866
0
LINE
8
BLACK
6
CONTINUOUS
10
1.022740433070866
20
0.6807435433070866
11
1.0192564566929134
21
0.6772595669291338
0
LINE
8
BLACK
6
CONTINUOUS
10
1.0192564566929134
20
0.6772595669291338
11
1.0148664173228346
21
0.6750227165354331
0
LINE
8
BLACK
6
CONTINUOUS
10
1.0148664173228346
20
0.6750227165354331
11
1.01
21
0.674251968503937
0
LINE
8
BLACK
6
CONTINUOUS
10
1.01
20
0.674251968503937
11
1.0051335826771652
21
0.6750227165354331
0
LINE
8
BLACK
6
CONTINUOUS
10
1.0051335826771652
20
0.6750227165354331
11
1.0007435433070866
21
0.6772595669291338
0
LINE
8
BLACK
6
CONTINUOUS
10
1.0007435433070866
20
0.6772595669291338
11
0.9972595669291339
21
0.6807435433070866
0
LINE
8
BLACK
6
CONTINUOUS
10
0.9972595669291339
20
0.6807435433070866
11
0.9950227165354331
21
0.6851335826771653
0
LINE
8
BLACK
6
CONTINUOUS
10
0.9950227165354331
20
0.6851335826771653
11
0.9942519685039369
21
0.6899999999999999
0
LINE
8
BLACK
6
CONTINUOUS
10
0.9942519685039369
20
0.6899999999999999
11
0.9950227165354331
21
0.6948664173228346
0
LINE
8
BLACK
6
CONTINUOUS
10
0.9950227165354331
20
0.6948664173228346
11
0.9972595669291339
21
0.6992564566929134
0
LINE
8
BLACK
6
CONTINUOUS
10
0.9972595669291339
20
0.6992564566929134
11
1.0007435433070866
21
0.7027404330708661
0
LINE
8
BLACK
6
CONTINUOUS
10
1.0007435433070866
20
0.7027404330708661
11
1.0051335826771652
21
0.7049772834645669
0
LINE
8
BLACK
6
CONTINUOUS
10
1.0051335826771652
20
0.7049772834645669
11
1.01
21
0.705748031496063
0
LINE
8
BLACK
6
CONTINUOUS
10
1.01
20
0.705748031496063
11
1.0148664173228346
21
0.7049772834645669
0
LINE
8
BLACK
6
CONTINUOUS
10
1.0148664173228346
20
0.7049772834645669
11
1.0192564566929134
21
0.7027404330708661
0
LINE
8
BLACK
6
CONTINUOUS
10
1.0192564566929134
20
0.7027404330708661
11
1.022740433070866
21
0.6992564566929134
0
LINE
8
BLACK
6
CONTINUOUS
10
1.022740433070866
20
0.6992564566929134
11
1.0244478346456694
21
0.6959055118110236
0
LINE
8
BLACK
6
CONTINUOUS
10
1.0244478346456694
20
0.6959055118110236
11
1.0322710629921259
21
0.6959055118110236
0
LINE
8
BLACK
6
CONTINUOUS
10
1.0322710629921259
20
0.6959055118110236
11
1.8625538582677166
21
0.6959055118110236
0
LINE
8
BLACK
6
CONTINUOUS
10
1.8625538582677166
20
0.6959055118110236
11
1.895616496062992
21
0.7289681496062992
0
LINE
8
BLACK
6
CONTINUOUS
10
1.895616496062992
20
0.7289681496062992
11
1.895022716535433
21
0.7301335826771653
0
LINE
8
BLACK
6
CONTINUOUS
10
1.895022716535433
20
0.7301335826771653
11
1.894251968503937
21
0.735
0
LINE
8
BLACK
6
CONTINUOUS
10
1.894251968503937
20
0.735
11
1.895022716535433
21
0.7398664173228346
0
LINE
8
BLACK
6
CONTINUOUS
10
1.895022716535433
20
0.7398664173228346
11
1.8972595669291339
21
0.7442564566929134
0
LINE
8
BLACK
6
CONTINUOUS
10
1.8972595669291339
20
0.7442564566929134
11
1.9007435433070865
21
0.7477404330708661
0
LINE
8
BLACK
6
CONTINUOUS
10
1.9007435433070865
20
0.7477404330708661
11
1.9051335826771654
21
0.7499772834645669
0
LINE
8
BLACK
6
CONTINUOUS
10
1.9051335826771654
20
0.7499772834645669
11
1.9099999999999999
21
0.750748031496063
0
LINE
8
BLACK
6
CONTINUOUS
10
1.9099999999999999
20
0.750748031496063
11
1.9148664173228347
21
0.7499772834645669
0
LINE
8
BLACK
6
CONTINUOUS
10
1.2148664173228345
20
1.2349772834645669
11
1.2192564566929134
21
1.232740433070866
0
LINE
8
BLACK
6
CONTINUOUS
10
1.2192564566929134
20
1.232740433070866
11
1.2227404330708662
21
1.2292564566929134
0
LINE
8
BLACK
6
CONTINUOUS
10
1.2227404330708662
20
1.2292564566929134
11
1.2249772834645669
21
1.2248664173228345
0
LINE
8
BLACK
6
CONTINUOUS
10
1.2249772834645669
20
1.2248664173228345
11
1.2257480314960629
21
1.22
0
LINE
8
BLACK
6
CONTINUOUS
10
1.2257480314960629
20
1.22
11
1.2249772834645669
21
1.2151335826771654
0
LINE
8
BLACK
6
CONTINUOUS
10
1.2249772834645669
20
1.2151335826771654
11
1.2227404330708662
21
1.2107435433070866
0
LINE
8
BLACK
6
CONTINUOUS
10
1.2227404330708662
20
1.2107435433070866
11
1.2192564566929134
21
1.2072595669291337
0
LINE
8
BLACK
6
CONTINUOUS
10
1.2192564566929134
20
1.2072595669291337
11
1.2148664173228345
21
1.205022716535433
0
LINE
8
BLACK
6
CONTINUOUS
10
1.2148664173228345
20
1.205022716535433
11
1.21
21
1.204251968503937
0
LINE
8
BLACK
6
CONTINUOUS
10
1.21
20
1.204251968503937
11
1.2051335826771654
21
1.205022716535433
0
LINE
8
BLACK
6
CONTINUOUS
10
1.2051335826771654
20
1.205022716535433
11
1.2039681496062993
21
1.205616496062992
0
LINE
8
BLACK
6
CONTINUOUS
10
1.2039681496062993
20
1.205616496062992
11
1.2001575196850394
21
1.2018058661417323
0
LINE
8
BLACK
6
CONTINUOUS
10
1.2001575196850394
20
1.2018058661417323
11
1.2001575196850394
21
0.998873031496063
0
LINE
8
BLACK
6
CONTINUOUS
10
1.2001575196850394
20
0.998873031496063
11
1.243597401574803
21
0.9554331496062992
0
LINE
8
BLACK
6
CONTINUOUS
10
1.243597401574803
20
0.9554331496062992
11
1.2667714173228346
21
0.9554331496062992
0
LINE
8
BLACK
6
CONTINUOUS
10
1.2667714173228346
20
0.9554331496062992
11
1.2675224015748032
21
0.9552319291338582
0
LINE
8
BLACK
6
CONTINUOUS
10
1.2675224015748032
20
0.9552319291338582
11
1.2682998818897637
21
0.9552319291338582
0
LINE
8
BLACK
6
CONTINUOUS
10
1.2682998818897637
20
0.9552319291338582
11
1.268973188976378
21
0.9548431889763779
0
LINE
8
BLACK
6
CONTINUOUS
10
1.268973188976378
20
0.9548431889763779
11
1.2697241732283464
21
0.954641968503937
0
LINE
8
BLACK
6
CONTINUOUS
10
1.2697241732283464
20
0.954641968503937
11
1.2702739370078739
21
0.9540921653543307
0
LINE
8
BLACK
6
CONTINUOUS
10
1.2702739370078739
20
0.9540921653543307
11
1.2709472440944882
21
0.9537034645669291
0
LINE
8
BLACK
6
CONTINUOUS
10
1.2709472440944882
20
0.9537034645669291
11
1.2835122047244094
21
0.9411385039370078
0
LINE
8
BLACK
6
CONTINUOUS
10
1.2835122047244094
20
0.9411385039370078
11
1.2857435433070865
21
0.943369842519685
0
LINE
8
BLACK
6
CONTINUOUS
10
1.2857435433070865
20
0.943369842519685
11
1.2901335826771654
21
0.9456066929133858
0
LINE
8
BLACK
6
CONTINUOUS
10
1.2901335826771654
20
0.9456066929133858
11
1.2949999999999999
21
0.9463774409448819
0
LINE
8
BLACK
6
CONTINUOUS
10
1.2949999999999999
20
0.9463774409448819
11
1.2998664173228347
21
0.9456066929133858
0
LINE
8
BLACK
6
CONTINUOUS
10
1.2998664173228347
20
0.9456066929133858
11
1.3042564566929133
21
0.943369842519685
0
LINE
8
BLACK
6
CONTINUOUS
10
1.3042564566929133
20
0.943369842519685
11
1.3077404330708662
21
0.9398858661417323
0
LINE
8
BLACK
6
CONTINUOUS
10
1.3077404330708662
20
0.9398858661417323
11
1.3099772834645669
21
0.9354958267716535
0
LINE
8
BLACK
6
CONTINUOUS
10
1.3099772834645669
20
0.9354958267716535
11
1.3107480314960629
21
0.9306294094488189
0
LINE
8
BLACK
6
CONTINUOUS
10
1.3107480314960629
20
0.9306294094488189
11
1.3099772834645669
21
0.9257629921259842
0
LINE
8
BLACK
6
CONTINUOUS
10
1.3099772834645669
20
0.9257629921259842
11
1.3093834645669291
21
0.9245975590551181
0
LINE
8
BLACK
6
CONTINUOUS
10
1.3093834645669291
20
0.9245975590551181
11
1.3149238188976378
21
0.9190572440944882
0
LINE
8
BLACK
6
CONTINUOUS
10
1.3149238188976378
20
0.9190572440944882
11
1.3191758267716536
21
0.9148052362204724
0
LINE
8
BLACK
6
CONTINUOUS
10
1.3191758267716536
20
0.9148052362204724
11
1.3195645275590551
21
0.9141319291338582
0
LINE
8
BLACK
6
CONTINUOUS
10
1.3195645275590551
20
0.9141319291338582
11
1.3201143307086614
21
0.9135821653543307
0
LINE
8
BLACK
6
CONTINUOUS
10
1.3201143307086614
20
0.9135821653543307
11
1.3203155511811024
21
0.9128311811023622
0
LINE
8
BLACK
6
CONTINUOUS
10
1.3203155511811024
20
0.9128311811023622
11
1.3207042913385827
21
0.912157874015748
0
LINE
8
BLACK
6
CONTINUOUS
10
1.3207042913385827
20
0.912157874015748
11
1.3207042913385827
21
0.9113803543307086
0
LINE
8
BLACK
6
CONTINUOUS
10
1.3207042913385827
20
0.9113803543307086
11
1.3209055118110236
21
0.9106294094488189
0
LINE
8
BLACK
6
CONTINUOUS
10
1.3209055118110236
20
0.9106294094488189
11
1.3209055118110236
21
0.7494478346456692
0
LINE
8
BLACK
6
CONTINUOUS
10
1.3209055118110236
20
0.7494478346456692
11
1.3242564566929134
21
0.7477404330708661
0
LINE
8
BLACK
6
CONTINUOUS
10
1.3242564566929134
20
0.7477404330708661
11
1.3277404330708662
21
0.7442564566929134
0
LINE
8
BLACK
6
CONTINUOUS
10
1.3277404330708662
20
0.7442564566929134
11
1.3299772834645669
21
0.7398664173228346
0
LINE
8
BLACK
6
CONTINUOUS
10
1.3299772834645669
20
0.7398664173228346
11
1.3307480314960629
21
0.735
0
LINE
8
BLACK
6
CONTINUOUS
10
1.3307480314960629
20
0.735
11
1.3299772834645669
21
0.7301335826771653
0
LINE
8
BLACK
6
CONTINUOUS
10
1.3299772834645669
20
0.7301335826771653
11
1.3277404330708662
21
0.7257435433070866
0
LINE
8
BLACK
6
CONTINUOUS
10
1.3277404330708662
20
0.7257435433070866
11
1.3242564566929134
21
0.7222595669291338
0
LINE
8
BLACK
6
CONTINUOUS
10
1.3242564566929134
20
0.7222595669291338
11
1.3198664173228347
21
0.720022716535433
0
LINE
8
BLACK
6
CONTINUOUS
10
1.3198664173228347
20
0.720022716535433
11
1.3149999999999999
21
0.719251968503937
0
LINE
8
BLACK
6
CONTINUOUS
10
1.3149999999999999
20
0.719251968503937
11
1.3101335826771654
21
0.720022716535433
0
LINE
8
BLACK
6
CONTINUOUS
10
1.3101335826771654
20
0.720022716535433
11
1.3057435433070865
21
0.7222595669291338
0
LINE
8
BLACK
6
CONTINUOUS
10
1.3057435433070865
20
0.7222595669291338
11
1.3022595669291339
21
0.7257435433070866
0
LINE
8
BLACK
6
CONTINUOUS
10
1.3022595669291339
20
0.7257435433070866
11
1.300022716535433
21
0.7301335826771653
0
LINE
8
BLACK
6
CONTINUOUS
10
1.300022716535433
20
0.7301335826771653
11
1.299251968503937
21
0.735
0
LINE
8
BLACK
6
CONTINUOUS
10
1.299251968503937
20
0.735
11
1.300022716535433
21
0.7398664173228346
0
LINE
8
BLACK
6
CONTINUOUS
10
1.300022716535433
20
0.7398664173228346
11
1.3022595669291339
21
0.7442564566929134
0
LINE
8
BLACK
6
CONTINUOUS
10
1.3022595669291339
20
0.7442564566929134
11
1.3057435433070865
21
0.7477404330708661
0
LINE
8
BLACK
6
CONTINUOUS
10
1.3057435433070865
20
0.7477404330708661
11
1.3090944881889763
21
0.7494478346456692
0
LINE
8
BLACK
6
CONTINUOUS
10
1.3090944881889763
20
0.7494478346456692
11
1.3090944881889763
21
0.9081832677165355
0
LINE
8
BLACK
6
CONTINUOUS
10
1.3090944881889763
20
0.9081832677165355
11
1.3065721653543307
21
0.9107055905511811
0
LINE
8
BLACK
6
CONTINUOUS
10
1.3065721653543307
20
0.9107055905511811
11
1.3010318110236221
21
0.916245905511811
0
LINE
8
BLACK
6
CONTINUOUS
10
1.3010318110236221
20
0.916245905511811
11
1.2998664173228347
21
0.9156521259842519
0
LINE
8
BLACK
6
CONTINUOUS
10
1.2998664173228347
20
0.9156521259842519
11
1.2949999999999999
21
0.9148813779527559
0
LINE
8
BLACK
6
CONTINUOUS
10
1.2949999999999999
20
0.9148813779527559
11
1.2901335826771654
21
0.9156521259842519
0
LINE
8
BLACK
6
CONTINUOUS
10
1.2901335826771654
20
0.9156521259842519
11
1.2857435433070865
21
0.9178889763779527
0
LINE
8
BLACK
6
CONTINUOUS
10
1.2857435433070865
20
0.9178889763779527
11
1.2822595669291339
21
0.9213729527559055
0
LINE
8
BLACK
6
CONTINUOUS
10
1.2822595669291339
20
0.9213729527559055
11
1.280022716535433
21
0.9257629921259842
0
LINE
8
BLACK
6
CONTINUOUS
10
1.280022716535433
20
0.9257629921259842
11
1.279615905511811
21
0.9283314566929134
0
LINE
8
BLACK
6
CONTINUOUS
10
1.279615905511811
20
0.9283314566929134
11
1.2643252755905512
21
0.943622125984252
0
LINE
8
BLACK
6
CONTINUOUS
10
1.2643252755905512
20
0.943622125984252
11
1.2411512598425196
21
0.943622125984252
0
LINE
8
BLACK
6
CONTINUOUS
10
1.2411512598425196
20
0.943622125984252
11
1.2404002755905512
21
0.9438233464566929
0
LINE
8
BLACK
6
CONTINUOUS
10
1.2404002755905512
20
0.9438233464566929
11
1.2396227952755905
21
0.9438233464566929
0
LINE
8
BLACK
6
CONTINUOUS
10
1.2396227952755905
20
0.9438233464566929
11
1.2389494488188977
21
0.9442120472440945
0
LINE
8
BLACK
6
CONTINUOUS
10
1.2389494488188977
20
0.9442120472440945
11
1.2381985039370078
21
0.9444133070866142
0
LINE
8
BLACK
6
CONTINUOUS
10
1.2381985039370078
20
0.9444133070866142
11
1.2376487007874015
21
0.9449630708661417
0
LINE
8
BLACK
6
CONTINUOUS
10
1.2376487007874015
20
0.9449630708661417
11
1.2369754330708662
21
0.945351811023622
0
LINE
8
BLACK
6
CONTINUOUS
10
1.2369754330708662
20
0.945351811023622
11
1.1900761811023621
21
0.992251062992126
0
LINE
8
BLACK
6
CONTINUOUS
10
1.1900761811023621
20
0.992251062992126
11
1.1896874409448819
21
0.9929243307086614
0
LINE
8
BLACK
6
CONTINUOUS
10
1.1896874409448819
20
0.9929243307086614
11
1.1891376771653543
21
0.9934741338582677
0
LINE
8
BLACK
6
CONTINUOUS
10
1.1891376771653543
20
0.9934741338582677
11
1.1889364173228347
21
0.9942250787401574
0
LINE
8
BLACK
6
CONTINUOUS
10
1.1889364173228347
20
0.9942250787401574
11
1.188547716535433
21
0.9948984251968503
0
LINE
8
BLACK
6
CONTINUOUS
10
1.188547716535433
20
0.9948984251968503
11
1.188547716535433
21
0.995675905511811
0
LINE
8
BLACK
6
CONTINUOUS
10
1.188547716535433
20
0.995675905511811
11
1.1883464960629921
21
0.9964268897637795
0
LINE
8
BLACK
6
CONTINUOUS
10
1.1883464960629921
20
0.9964268897637795
11
1.1883464960629921
21
1.2042520078740158
0
LINE
8
BLACK
6
CONTINUOUS
10
1.1883464960629921
20
1.2042520078740158
11
1.188547716535433
21
1.2050029527559054
0
LINE
8
BLACK
6
CONTINUOUS
10
1.188547716535433
20
1.2050029527559054
11
1.188547716535433
21
1.2057804724409449
0
LINE
8
BLACK
6
CONTINUOUS
10
1.188547716535433
20
1.2057804724409449
11
1.1889364173228347
21
1.2064537795275589
0
LINE
8
BLACK
6
CONTINUOUS
10
1.1889364173228347
20
1.2064537795275589
11
1.1891376771653543
21
1.2072047637795276
0
LINE
8
BLACK
6
CONTINUOUS
10
1.1891376771653543
20
1.2072047637795276
11
1.1896874409448819
21
1.2077545275590551
0
LINE
8
BLACK
6
CONTINUOUS
10
1.1896874409448819
20
1.2077545275590551
11
1.1900761811023621
21
1.2084278346456692
0
LINE
8
BLACK
6
CONTINUOUS
10
1.1900761811023621
20
1.2084278346456692
11
1.195616496062992
21
1.2139681496062993
0
LINE
8
BLACK
6
CONTINUOUS
10
1.195616496062992
20
1.2139681496062993
11
1.195022716535433
21
1.2151335826771654
0
LINE
8
BLACK
6
CONTINUOUS
10
1.195022716535433
20
1.2151335826771654
11
1.194251968503937
21
1.22
0
LINE
8
BLACK
6
CONTINUOUS
10
1.194251968503937
20
1.22
11
1.195022716535433
21
1.2248664173228345
0
LINE
8
BLACK
6
CONTINUOUS
10
1.195022716535433
20
1.2248664173228345
11
1.1972595669291339
21
1.2292564566929134
0
LINE
8
BLACK
6
CONTINUOUS
10
1.1972595669291339
20
1.2292564566929134
11
1.2007435433070865
21
1.232740433070866
0
LINE
8
BLACK
6
CONTINUOUS
10
1.2007435433070865
20
1.232740433070866
11
1.2051335826771654
21
1.2349772834645669
0
LINE
8
BLACK
6
CONTINUOUS
10
1.2051335826771654
20
1.2349772834645669
11
1.21
21
1.2357480314960629
0
LINE
8
BLACK
6
CONTINUOUS
10
1.21
20
1.2357480314960629
11
1.2148664173228345
21
1.2349772834645669
0
LINE
8
BLACK
6
CONTINUOUS
10
1.665
20
0.775
11
1.5149999999999999
21
0.775
0
LINE
8
BLACK
6
CONTINUOUS
10
1.5149999999999999
20
0.775
11
1.5149999999999999
21
0.9249999999999999
0
LINE
8
BLACK
6
CONTINUOUS
10
1.5149999999999999
20
0.9249999999999999
11
1.665
21
0.9249999999999999
0
LINE
8
BLACK
6
CONTINUOUS
10
1.665
20
0.9249999999999999
11
1.665
21
0.775
0
LINE
8
BLACK
6
CONTINUOUS
10
1.8618503937007873
20
0.775
11
1.7118503937007874
21
0.775
0
LINE
8
BLACK
6
CONTINUOUS
10
1.7118503937007874
20
0.775
11
1.7118503937007874
21
0.9249999999999999
0
LINE
8
BLACK
6
CONTINUOUS
10
1.7118503937007874
20
0.9249999999999999
11
1.8618503937007873
21
0.9249999999999999
0
LINE
8
BLACK
6
CONTINUOUS
10
1.8618503937007873
20
0.9249999999999999
11
1.8618503937007873
21
0.775
0
LINE
8
BLACK
6
CONTINUOUS
10
1.0477212992125984
20
1.0292125196850392
11
1.0495517322834644
21
1.0271000787401574
0
LINE
8
BLACK
6
CONTINUOUS
10
1.0495517322834644
20
1.0271000787401574
11
1.05
21
1.0250393700787401
0
LINE
8
BLACK
6
CONTINUOUS
10
1.05
20
1.0250393700787401
11
1.05
21
0.7949606299212598
0
LINE
8
BLACK
6
CONTINUOUS
10
1.05
20
0.7949606299212598
11
1.0492125196850393
21
0.7922787007874016
0
LINE
8
BLACK
6
CONTINUOUS
10
1.0492125196850393
20
0.7922787007874016
11
1.0471000787401574
21
0.7904482677165354
0
LINE
8
BLACK
6
CONTINUOUS
10
1.0471000787401574
20
0.7904482677165354
11
1.0450393700787401
21
0.79
0
LINE
8
BLACK
6
CONTINUOUS
10
1.0450393700787401
20
0.79
11
0.9649606299212599
21
0.79
0
LINE
8
BLACK
6
CONTINUOUS
10
0.9649606299212599
20
0.79
11
0.9622787007874015
21
0.7907874803149606
0
LINE
8
BLACK
6
CONTINUOUS
10
0.9622787007874015
20
0.7907874803149606
11
0.9604482677165355
21
0.7928999212598425
0
LINE
8
BLACK
6
CONTINUOUS
10
0.9604482677165355
20
0.7928999212598425
11
0.96
21
0.7949606299212598
0
LINE
8
BLACK
6
CONTINUOUS
10
0.96
20
0.7949606299212598
11
0.96
21
1.0250393700787401
0
LINE
8
BLACK
6
CONTINUOUS
10
0.96
20
1.0250393700787401
11
0.9607874803149606
21
1.0277212992125984
0
LINE
8
BLACK
6
CONTINUOUS
10
0.9607874803149606
20
1.0277212992125984
11
0.9628999212598425
21
1.0295517322834646
0
LINE
8
BLACK
6
CONTINUOUS
10
0.9628999212598425
20
1.0295517322834646
11
0.9649606299212599
21
1.03
0
LINE
8
BLACK
6
CONTINUOUS
10
0.9649606299212599
20
1.03
11
1.0450393700787401
21
1.03
0
LINE
8
BLACK
6
CONTINUOUS
10
1.0450393700787401
20
1.03
11
1.0477212992125984
21
1.0292125196850392
0
LINE
8
BLACK
6
CONTINUOUS
10
1.0148664173228346
20
1.2349772834645669
11
1.0192564566929134
21
1.232740433070866
0
LINE
8
BLACK
6
CONTINUOUS
10
1.0192564566929134
20
1.232740433070866
11
1.022740433070866
21
1.2292564566929134
0
LINE
8
BLACK
6
CONTINUOUS
10
1.022740433070866
20
1.2292564566929134
11
1.024977283464567
21
1.2248664173228345
0
LINE
8
BLACK
6
CONTINUOUS
10
1.024977283464567
20
1.2248664173228345
11
1.025748031496063
21
1.22
0
LINE
8
BLACK
6
CONTINUOUS
10
1.025748031496063
20
1.22
11
1.024977283464567
21
1.2151335826771654
0
LINE
8
BLACK
6
CONTINUOUS
10
1.024977283464567
20
1.2151335826771654
11
1.022740433070866
21
1.2107435433070866
0
LINE
8
BLACK
6
CONTINUOUS
10
1.022740433070866
20
1.2107435433070866
11
1.0192564566929134
21
1.2072595669291337
0
LINE
8
BLACK
6
CONTINUOUS
10
1.0192564566929134
20
1.2072595669291337
11
1.0159055118110236
21
1.2055521259842519
0
LINE
8
BLACK
6
CONTINUOUS
10
1.0159055118110236
20
1.2055521259842519
11
1.0159055118110236
21
1.1274461417322834
0
LINE
8
BLACK
6
CONTINUOUS
10
1.0159055118110236
20
1.1274461417322834
11
1.2162714173228346
21
0.9270802362204724
0
LINE
8
BLACK
6
CONTINUOUS
10
1.2162714173228346
20
0.9270802362204724
11
1.2166601181102361
21
0.9264069291338582
0
LINE
8
BLACK
6
CONTINUOUS
10
1.2166601181102361
20
0.9264069291338582
11
1.2172099212598424
21
0.9258571653543307
0
LINE
8
BLACK
6
CONTINUOUS
10
1.2172099212598424
20
0.9258571653543307
11
1.2174111417322835
21
0.9251061811023622
0
LINE
8
BLACK
6
CONTINUOUS
10
1.2174111417322835
20
0.9251061811023622
11
1.2177998818897637
21
0.924432874015748
0
LINE
8
BLACK
6
CONTINUOUS
10
1.2177998818897637
20
0.924432874015748
11
1.2177998818897637
21
0.9236553543307087
0
LINE
8
BLACK
6
CONTINUOUS
10
1.2177998818897637
20
0.9236553543307087
11
1.2180011023622046
21
0.9229044094488189
0
LINE
8
BLACK
6
CONTINUOUS
10
1.2180011023622046
20
0.9229044094488189
11
1.2180011023622046
21
0.9053927165354331
0
LINE
8
BLACK
6
CONTINUOUS
10
1.2180011023622046
20
0.9053927165354331
11
1.2213520472440944
21
0.9036853149606299
0
LINE
8
BLACK
6
CONTINUOUS
10
1.2213520472440944
20
0.9036853149606299
11
1.2248360236220472
21
0.9002013385826771
0
LINE
8
BLACK
6
CONTINUOUS
10
1.2248360236220472
20
0.9002013385826771
11
1.2270728740157479
21
0.8958112992125984
0
LINE
8
BLACK
6
CONTINUOUS
10
1.2270728740157479
20
0.8958112992125984
11
1.2278436220472442
21
0.8909448818897637
0
LINE
8
BLACK
6
CONTINUOUS
10
1.2278436220472442
20
0.8909448818897637
11
1.2270728740157479
21
0.8860784645669291
0
LINE
8
BLACK
6
CONTINUOUS
10
1.2270728740157479
20
0.8860784645669291
11
1.2248360236220472
21
0.8816884251968504
0
LINE
8
BLACK
6
CONTINUOUS
10
1.2248360236220472
20
0.8816884251968504
11
1.2213520472440944
21
0.8782044488188976
0
LINE
8
BLACK
6
CONTINUOUS
10
1.2213520472440944
20
0.8782044488188976
11
1.2169620078740158
21
0.8759675984251968
0
LINE
8
BLACK
6
CONTINUOUS
10
1.2169620078740158
20
0.8759675984251968
11
1.212095590551181
21
0.8751968503937008
0
LINE
8
BLACK
6
CONTINUOUS
10
1.212095590551181
20
0.8751968503937008
11
1.2072291732283464
21
0.8759675984251968
0
LINE
8
BLACK
6
CONTINUOUS
10
1.2072291732283464
20
0.8759675984251968
11
1.2028391338582678
21
0.8782044488188976
0
LINE
8
BLACK
6
CONTINUOUS
10
1.2028391338582678
20
0.8782044488188976
11
1.199355157480315
21
0.8816884251968504
0
LINE
8
BLACK
6
CONTINUOUS
10
1.199355157480315
20
0.8816884251968504
11
1.197118307086614
21
0.8860784645669291
0
LINE
8
BLACK
6
CONTINUOUS
10
1.197118307086614
20
0.8860784645669291
11
1.196347559055118
21
0.8909448818897637
0
LINE
8
BLACK
6
CONTINUOUS
10
1.196347559055118
20
0.8909448818897637
11
1.197118307086614
21
0.8958112992125984
0
LINE
8
BLACK
6
CONTINUOUS
10
1.197118307086614
20
0.8958112992125984
11
1.199355157480315
21
0.9002013385826771
0
LINE
8
BLACK
6
CONTINUOUS
10
1.199355157480315
20
0.9002013385826771
11
1.2028391338582678
21
0.9036853149606299
0
LINE
8
BLACK
6
CONTINUOUS
10
1.2028391338582678
20
0.9036853149606299
11
1.2061900787401574
21
0.9053927165354331
0
LINE
8
BLACK
6
CONTINUOUS
10
1.2061900787401574
20
0.9053927165354331
11
1.2061900787401574
21
0.9204582677165354
0
LINE
8
BLACK
6
CONTINUOUS
10
1.2061900787401574
20
0.9204582677165354
11
1.0058241732283464
21
1.1208241732283464
0
LINE
8
BLACK
6
CONTINUOUS
10
1.0058241732283464
20
1.1208241732283464
11
1.0054354330708661
21
1.1214974409448819
0
LINE
8
BLACK
6
CONTINUOUS
10
1.0054354330708661
20
1.1214974409448819
11
1.0048856692913386
21
1.1220472440944882
0
LINE
8
BLACK
6
CONTINUOUS
10
1.0048856692913386
20
1.1220472440944882
11
1.004684409448819
21
1.1227981889763778
0
LINE
8
BLACK
6
CONTINUOUS
10
1.004684409448819
20
1.1227981889763778
11
1.0042957086614173
21
1.1234715354330709
0
LINE
8
BLACK
6
CONTINUOUS
10
1.0042957086614173
20
1.1234715354330709
11
1.0042957086614173
21
1.1242490157480314
0
LINE
8
BLACK
6
CONTINUOUS
10
1.0042957086614173
20
1.1242490157480314
11
1.0040944881889764
21
1.125
0
LINE
8
BLACK
6
CONTINUOUS
10
1.0040944881889764
20
1.125
11
1.0040944881889764
21
1.2055521259842519
0
LINE
8
BLACK
6
CONTINUOUS
10
1.0040944881889764
20
1.2055521259842519
11
1.0007435433070866
21
1.2072595669291337
0
LINE
8
BLACK
6
CONTINUOUS
10
1.0007435433070866
20
1.2072595669291337
11
0.9972595669291339
21
1.2107435433070866
0
LINE
8
BLACK
6
CONTINUOUS
10
0.9972595669291339
20
1.2107435433070866
11
0.9950227165354331
21
1.2151335826771654
0
LINE
8
BLACK
6
CONTINUOUS
10
0.9950227165354331
20
1.2151335826771654
11
0.9942519685039369
21
1.22
0
LINE
8
BLACK
6
CONTINUOUS
10
0.9942519685039369
20
1.22
11
0.9950227165354331
21
1.2248664173228345
0
LINE
8
BLACK
6
CONTINUOUS
10
0.9950227165354331
20
1.2248664173228345
11
0.9972595669291339
21
1.2292564566929134
0
LINE
8
BLACK
6
CONTINUOUS
10
0.9972595669291339
20
1.2292564566929134
11
1.0007435433070866
21
1.232740433070866
0
LINE
8
BLACK
6
CONTINUOUS
10
1.0007435433070866
20
1.232740433070866
11
1.0051335826771652
21
1.2349772834645669
0
LINE
8
BLACK
6
CONTINUOUS
10
1.0051335826771652
20
1.2349772834645669
11
1.01
21
1.2357480314960629
0
LINE
8
BLACK
6
CONTINUOUS
10
1.01
20
1.2357480314960629
11
1.0148664173228346
21
1.2349772834645669
0
LINE
8
BLACK
6
CONTINUOUS
10
1.1148664173228346
20
1.2349772834645669
11
1.1192564566929133
21
1.232740433070866
0
LINE
8
BLACK
6
CONTINUOUS
10
1.1192564566929133
20
1.232740433070866
11
1.1227404330708661
21
1.2292564566929134
0
LINE
8
BLACK
6
CONTINUOUS
10
1.1227404330708661
20
1.2292564566929134
11
1.1249772834645668
21
1.2248664173228345
0
LINE
8
BLACK
6
CONTINUOUS
10
1.1249772834645668
20
1.2248664173228345
11
1.1257480314960631
21
1.22
0
LINE
8
BLACK
6
CONTINUOUS
10
1.1257480314960631
20
1.22
11
1.1249772834645668
21
1.2151335826771654
0
LINE
8
BLACK
6
CONTINUOUS
10
1.1249772834645668
20
1.2151335826771654
11
1.1227404330708661
21
1.2107435433070866
0
LINE
8
BLACK
6
CONTINUOUS
10
1.1227404330708661
20
1.2107435433070866
11
1.1192564566929133
21
1.2072595669291337
0
LINE
8
BLACK
6
CONTINUOUS
10
1.1192564566929133
20
1.2072595669291337
11
1.1159055118110235
21
1.2055521259842519
0
LINE
8
BLACK
6
CONTINUOUS
10
1.1159055118110235
20
1.2055521259842519
11
1.1159055118110235
21
1.0552855905511811
0
LINE
8
BLACK
6
CONTINUOUS
10
1.1159055118110235
20
1.0552855905511811
11
1.2445971259842519
21
0.926593937007874
0
LINE
8
BLACK
6
CONTINUOUS
10
1.2445971259842519
20
0.926593937007874
11
1.2457435433070865
21
0.9277403543307087
0
LINE
8
BLACK
6
CONTINUOUS
10
1.2457435433070865
20
0.9277403543307087
11
1.2501335826771653
21
0.9299772047244095
0
LINE
8
BLACK
6
CONTINUOUS
10
1.2501335826771653
20
0.9299772047244095
11
1.2549999999999999
21
0.9307479527559055
0
LINE
8
BLACK
6
CONTINUOUS
10
1.2549999999999999
20
0.9307479527559055
11
1.2598664173228347
21
0.9299772047244095
0
LINE
8
BLACK
6
CONTINUOUS
10
1.2598664173228347
20
0.9299772047244095
11
1.2642564566929133
21
0.9277403543307087
0
LINE
8
BLACK
6
CONTINUOUS
10
1.2642564566929133
20
0.9277403543307087
11
1.2677404330708661
21
0.9242563779527558
0
LINE
8
BLACK
6
CONTINUOUS
10
1.2677404330708661
20
0.9242563779527558
11
1.2699772834645668
21
0.9198663385826772
0
LINE
8
BLACK
6
CONTINUOUS
10
1.2699772834645668
20
0.9198663385826772
11
1.2707480314960629
21
0.9149999212598425
0
LINE
8
BLACK
6
CONTINUOUS
10
1.2707480314960629
20
0.9149999212598425
11
1.2699772834645668
21
0.9101335039370079
0
LINE
8
BLACK
6
CONTINUOUS
10
1.2699772834645668
20
0.9101335039370079
11
1.2677404330708661
21
0.9057434645669291
0
LINE
8
BLACK
6
CONTINUOUS
10
1.2677404330708661
20
0.9057434645669291
11
1.2642564566929133
21
0.9022594881889764
0
LINE
8
BLACK
6
CONTINUOUS
10
1.2642564566929133
20
0.9022594881889764
11
1.2598664173228347
21
0.9000226377952756
0
LINE
8
BLACK
6
CONTINUOUS
10
1.2598664173228347
20
0.9000226377952756
11
1.2549999999999999
21
0.8992518897637795
0
LINE
8
BLACK
6
CONTINUOUS
10
1.2549999999999999
20
0.8992518897637795
11
1.2501335826771653
21
0.9000226377952756
0
LINE
8
BLACK
6
CONTINUOUS
10
1.2501335826771653
20
0.9000226377952756
11
1.2457435433070865
21
0.9022594881889764
0
LINE
8
BLACK
6
CONTINUOUS
10
1.2457435433070865
20
0.9022594881889764
11
1.2422595669291339
21
0.9057434645669291
0
LINE
8
BLACK
6
CONTINUOUS
10
1.2422595669291339
20
0.9057434645669291
11
1.2400227165354329
21
0.9101335039370079
0
LINE
8
BLACK
6
CONTINUOUS
10
1.2400227165354329
20
0.9101335039370079
11
1.2392519685039369
21
0.9149999212598425
0
LINE
8
BLACK
6
CONTINUOUS
10
1.2392519685039369
20
0.9149999212598425
11
1.2392842125984251
21
0.9152035433070866
0
LINE
8
BLACK
6
CONTINUOUS
10
1.2392842125984251
20
0.9152035433070866
11
1.1058241732283465
21
1.0486636220472441
0
LINE
8
BLACK
6
CONTINUOUS
10
1.1058241732283465
20
1.0486636220472441
11
1.1054354330708662
21
1.0493368897637796
0
LINE
8
BLACK
6
CONTINUOUS
10
1.1054354330708662
20
1.0493368897637796
11
1.1048856692913385
21
1.0498866929133859
0
LINE
8
BLACK
6
CONTINUOUS
10
1.1048856692913385
20
1.0498866929133859
11
1.1046844094488188
21
1.0506376377952755
0
LINE
8
BLACK
6
CONTINUOUS
10
1.1046844094488188
20
1.0506376377952755
11
1.1042957086614174
21
1.0513109842519686
0
LINE
8
BLACK
6
CONTINUOUS
10
1.1042957086614174
20
1.0513109842519686
11
1.1042957086614174
21
1.0520884645669291
0
LINE
8
BLACK
6
CONTINUOUS
10
1.1042957086614174
20
1.0520884645669291
11
1.1040944881889763
21
1.0528394488188977
0
LINE
8
BLACK
6
CONTINUOUS
10
1.1040944881889763
20
1.0528394488188977
11
1.1040944881889763
21
1.2055521259842519
0
LINE
8
BLACK
6
CONTINUOUS
10
1.1040944881889763
20
1.2055521259842519
11
1.1007435433070867
21
1.2072595669291337
0
LINE
8
BLACK
6
CONTINUOUS
10
1.1007435433070867
20
1.2072595669291337
11
1.0972595669291338
21
1.2107435433070866
0
LINE
8
BLACK
6
CONTINUOUS
10
1.0972595669291338
20
1.2107435433070866
11
1.0950227165354331
21
1.2151335826771654
0
LINE
8
BLACK
6
CONTINUOUS
10
1.0950227165354331
20
1.2151335826771654
11
1.0942519685039369
21
1.22
0
LINE
8
BLACK
6
CONTINUOUS
10
1.0942519685039369
20
1.22
11
1.0950227165354331
21
1.2248664173228345
0
LINE
8
BLACK
6
CONTINUOUS
10
1.0950227165354331
20
1.2248664173228345
11
1.0972595669291338
21
1.2292564566929134
0
LINE
8
BLACK
6
CONTINUOUS
10
1.0972595669291338
20
1.2292564566929134
11
1.1007435433070867
21
1.232740433070866
0
LINE
8
BLACK
6
CONTINUOUS
10
1.1007435433070867
20
1.232740433070866
11
1.1051335826771653
21
1.2349772834645669
0
LINE
8
BLACK
6
CONTINUOUS
10
1.1051335826771653
20
1.2349772834645669
11
1.1099999999999999
21
1.2357480314960629
0
LINE
8
BLACK
6
CONTINUOUS
10
1.1099999999999999
20
1.2357480314960629
11
1.1148664173228346
21
1.2349772834645669
0
LINE
8
BLACK
6
CONTINUOUS
10
1.3148664173228346
20
1.2349772834645669
11
1.3192564566929132
21
1.232740433070866
0
LINE
8
BLACK
6
CONTINUOUS
10
1.3192564566929132
20
1.232740433070866
11
1.3227404330708661
21
1.2292564566929134
0
LINE
8
BLACK
6
CONTINUOUS
10
1.3227404330708661
20
1.2292564566929134
11
1.324977283464567
21
1.2248664173228345
0
LINE
8
BLACK
6
CONTINUOUS
10
1.324977283464567
20
1.2248664173228345
11
1.325748031496063
21
1.22
0
LINE
8
BLACK
6
CONTINUOUS
10
1.325748031496063
20
1.22
11
1.324977283464567
21
1.2151335826771654
0
LINE
8
BLACK
6
CONTINUOUS
10
1.324977283464567
20
1.2151335826771654
11
1.3227404330708661
21
1.2107435433070866
0
LINE
8
BLACK
6
CONTINUOUS
10
1.3227404330708661
20
1.2107435433070866
11
1.3192564566929132
21
1.2072595669291337
0
LINE
8
BLACK
6
CONTINUOUS
10
1.3192564566929132
20
1.2072595669291337
11
1.3148664173228346
21
1.205022716535433
0
LINE
8
BLACK
6
CONTINUOUS
10
1.3148664173228346
20
1.205022716535433
11
1.3100000000000001
21
1.204251968503937
0
LINE
8
BLACK
6
CONTINUOUS
10
1.3100000000000001
20
1.204251968503937
11
1.3051335826771653
21
1.205022716535433
0
LINE
8
BLACK
6
CONTINUOUS
10
1.3051335826771653
20
1.205022716535433
11
1.3039681496062991
21
1.205616496062992
0
LINE
8
BLACK
6
CONTINUOUS
10
1.3039681496062991
20
1.205616496062992
11
1.23464468503937
21
1.1362930314960629
0
LINE
8
BLACK
6
CONTINUOUS
10
1.23464468503937
20
1.1362930314960629
11
1.23464468503937
21
0.9922253149606299
0
LINE
8
BLACK
6
CONTINUOUS
10
1.23464468503937
20
0.9922253149606299
11
1.2509644881889763
21
0.9759055118110236
0
LINE
8
BLACK
6
CONTINUOUS
10
1.2509644881889763
20
0.9759055118110236
11
1.2552827952755905
21
0.9759055118110236
0
LINE
8
BLACK
6
CONTINUOUS
10
1.2552827952755905
20
0.9759055118110236
11
1.2585531102362204
21
0.9791758267716535
0
LINE
8
BLACK
6
CONTINUOUS
10
1.2585531102362204
20
0.9791758267716535
11
1.2592263779527559
21
0.9795645275590551
0
LINE
8
BLACK
6
CONTINUOUS
10
1.2592263779527559
20
0.9795645275590551
11
1.2597761811023622
21
0.9801143307086614
0
LINE
8
BLACK
6
CONTINUOUS
10
1.2597761811023622
20
0.9801143307086614
11
1.2605271259842519
21
0.9803155511811024
0
LINE
8
BLACK
6
CONTINUOUS
10
1.2605271259842519
20
0.9803155511811024
11
1.2612004724409449
21
0.9807042913385826
0
LINE
8
BLACK
6
CONTINUOUS
10
1.2612004724409449
20
0.9807042913385826
11
1.2619779527559054
21
0.9807042913385826
0
LINE
8
BLACK
6
CONTINUOUS
10
1.2619779527559054
20
0.9807042913385826
11
1.262728937007874
21
0.9809055118110236
0
LINE
8
BLACK
6
CONTINUOUS
10
1.262728937007874
20
0.9809055118110236
11
1.2705521653543306
21
0.9809055118110236
0
LINE
8
BLACK
6
CONTINUOUS
10
1.2705521653543306
20
0.9809055118110236
11
1.2722595669291339
21
0.9842564566929134
0
LINE
8
BLACK
6
CONTINUOUS
10
1.2722595669291339
20
0.9842564566929134
11
1.2757435433070865
21
0.9877404330708661
0
LINE
8
BLACK
6
CONTINUOUS
10
1.2757435433070865
20
0.9877404330708661
11
1.2801335826771654
21
0.9899772834645669
0
LINE
8
BLACK
6
CONTINUOUS
10
1.2801335826771654
20
0.9899772834645669
11
1.2849999999999999
21
0.9907480314960629
0
LINE
8
BLACK
6
CONTINUOUS
10
1.2849999999999999
20
0.9907480314960629
11
1.2898664173228347
21
0.9899772834645669
0
LINE
8
BLACK
6
CONTINUOUS
10
1.2898664173228347
20
0.9899772834645669
11
1.2942564566929133
21
0.9877404330708661
0
LINE
8
BLACK
6
CONTINUOUS
10
1.2942564566929133
20
0.9877404330708661
11
1.2977404330708662
21
0.9842564566929134
0
LINE
8
BLACK
6
CONTINUOUS
10
1.2977404330708662
20
0.9842564566929134
11
1.2999772834645669
21
0.9798664173228346
0
LINE
8
BLACK
6
CONTINUOUS
10
1.2999772834645669
20
0.9798664173228346
11
1.3007480314960629
21
0.975
0
LINE
8
BLACK
6
CONTINUOUS
10
1.3007480314960629
20
0.975
11
1.2999772834645669
21
0.9701335826771653
0
LINE
8
BLACK
6
CONTINUOUS
10
1.2999772834645669
20
0.9701335826771653
11
1.2977404330708662
21
0.9657435433070866
0
LINE
8
BLACK
6
CONTINUOUS
10
1.2977404330708662
20
0.9657435433070866
11
1.2942564566929133
21
0.9622595669291338
0
LINE
8
BLACK
6
CONTINUOUS
10
1.2942564566929133
20
0.9622595669291338
11
1.2898664173228347
21
0.960022716535433
0
LINE
8
BLACK
6
CONTINUOUS
10
1.2898664173228347
20
0.960022716535433
11
1.2849999999999999
21
0.959251968503937
0
LINE
8
BLACK
6
CONTINUOUS
10
1.2849999999999999
20
0.959251968503937
11
1.2801335826771654
21
0.960022716535433
0
LINE
8
BLACK
6
CONTINUOUS
10
1.2801335826771654
20
0.960022716535433
11
1.2757435433070865
21
0.9622595669291338
0
LINE
8
BLACK
6
CONTINUOUS
10
1.2757435433070865
20
0.9622595669291338
11
1.2722595669291339
21
0.9657435433070866
0
LINE
8
BLACK
6
CONTINUOUS
10
1.2722595669291339
20
0.9657435433070866
11
1.2705521653543306
21
0.9690944881889764
0
LINE
8
BLACK
6
CONTINUOUS
10
1.2705521653543306
20
0.9690944881889764
11
1.2651750787401574
21
0.9690944881889764
0
LINE
8
BLACK
6
CONTINUOUS
10
1.2651750787401574
20
0.9690944881889764
11
1.2619047637795275
21
0.9658241732283465
0
LINE
8
BLACK
6
CONTINUOUS
10
1.2619047637795275
20
0.9658241732283465
11
1.2612314566929133
21
0.9654354330708661
0
LINE
8
BLACK
6
CONTINUOUS
10
1.2612314566929133
20
0.9654354330708661
11
1.2606816929133857
21
0.9648856692913386
0
LINE
8
BLACK
6
CONTINUOUS
10
1.2606816929133857
20
0.9648856692913386
11
1.2599307086614173
21
0.9646844094488188
0
LINE
8
BLACK
6
CONTINUOUS
10
1.2599307086614173
20
0.9646844094488188
11
1.259257401574803
21
0.9642957086614173
0
LINE
8
BLACK
6
CONTINUOUS
10
1.259257401574803
20
0.9642957086614173
11
1.2584799212598425
21
0.9642957086614173
0
LINE
8
BLACK
6
CONTINUOUS
10
1.2584799212598425
20
0.9642957086614173
11
1.2577289370078739
21
0.9640944881889764
0
LINE
8
BLACK
6
CONTINUOUS
10
1.2577289370078739
20
0.9640944881889764
11
1.2485183464566929
21
0.9640944881889764
0
LINE
8
BLACK
6
CONTINUOUS
10
1.2485183464566929
20
0.9640944881889764
11
1.2477673622047243
21
0.9642957086614173
0
LINE
8
BLACK
6
CONTINUOUS
10
1.2477673622047243
20
0.9642957086614173
11
1.2469898818897638
21
0.9642957086614173
0
LINE
8
BLACK
6
CONTINUOUS
10
1.2469898818897638
20
0.9642957086614173
11
1.2463165354330707
21
0.9646844094488188
0
LINE
8
BLACK
6
CONTINUOUS
10
1.2463165354330707
20
0.9646844094488188
11
1.2455655905511811
21
0.9648856692913386
0
LINE
8
BLACK
6
CONTINUOUS
10
1.2455655905511811
20
0.9648856692913386
11
1.2450157874015748
21
0.9654354330708661
0
LINE
8
BLACK
6
CONTINUOUS
10
1.2450157874015748
20
0.9654354330708661
11
1.2443425196850393
21
0.9658241732283465
0
LINE
8
BLACK
6
CONTINUOUS
10
1.2443425196850393
20
0.9658241732283465
11
1.224563346456693
21
0.9856033464566929
0
LINE
8
BLACK
6
CONTINUOUS
10
1.224563346456693
20
0.9856033464566929
11
1.2241746062992125
21
0.9862766141732283
0
LINE
8
BLACK
6
CONTINUOUS
10
1.2241746062992125
20
0.9862766141732283
11
1.223624842519685
21
0.9868264173228346
0
LINE
8
BLACK
6
CONTINUOUS
10
1.223624842519685
20
0.9868264173228346
11
1.2234235826771653
21
0.9875773622047244
0
LINE
8
BLACK
6
CONTINUOUS
10
1.2234235826771653
20
0.9875773622047244
11
1.2230348818897638
21
0.9882507086614173
0
LINE
8
BLACK
6
CONTINUOUS
10
1.2230348818897638
20
0.9882507086614173
11
1.2230348818897638
21
0.9890281889763779
0
LINE
8
BLACK
6
CONTINUOUS
10
1.2230348818897638
20
0.9890281889763779
11
1.2228336614173227
21
0.9897791732283464
0
LINE
8
BLACK
6
CONTINUOUS
10
1.2228336614173227
20
0.9897791732283464
11
1.2228336614173227
21
1.1387391732283465
0
LINE
8
BLACK
6
CONTINUOUS
10
1.2228336614173227
20
1.1387391732283465
11
1.2230348818897638
21
1.1394901181102361
0
LINE
8
BLACK
6
CONTINUOUS
10
1.2230348818897638
20
1.1394901181102361
11
1.2230348818897638
21
1.1402676377952756
0
LINE
8
BLACK
6
CONTINUOUS
10
1.2230348818897638
20
1.1402676377952756
11
1.2234235826771653
21
1.1409409448818897
0
LINE
8
BLACK
6
CONTINUOUS
10
1.2234235826771653
20
1.1409409448818897
11
1.223624842519685
21
1.1416919291338583
0
LINE
8
BLACK
6
CONTINUOUS
10
1.223624842519685
20
1.1416919291338583
11
1.2241746062992125
21
1.1422416929133858
0
LINE
8
BLACK
6
CONTINUOUS
10
1.2241746062992125
20
1.1422416929133858
11
1.224563346456693
21
1.1429149999999999
0
LINE
8
BLACK
6
CONTINUOUS
10
1.224563346456693
20
1.1429149999999999
11
1.2956164960629921
21
1.2139681496062993
0
LINE
8
BLACK
6
CONTINUOUS
10
1.2956164960629921
20
1.2139681496062993
11
1.2950227165354331
21
1.2151335826771654
0
LINE
8
BLACK
6
CONTINUOUS
10
1.2950227165354331
20
1.2151335826771654
11
1.2942519685039371
21
1.22
0
LINE
8
BLACK
6
CONTINUOUS
10
1.2942519685039371
20
1.22
11
1.2950227165354331
21
1.2248664173228345
0
LINE
8
BLACK
6
CONTINUOUS
10
1.2950227165354331
20
1.2248664173228345
11
1.2972595669291338
21
1.2292564566929134
0
LINE
8
BLACK
6
CONTINUOUS
10
1.2972595669291338
20
1.2292564566929134
11
1.3007435433070866
21
1.232740433070866
0
LINE
8
BLACK
6
CONTINUOUS
10
1.3007435433070866
20
1.232740433070866
11
1.3051335826771653
21
1.2349772834645669
0
LINE
8
BLACK
6
CONTINUOUS
10
1.3051335826771653
20
1.2349772834645669
11
1.3100000000000001
21
1.2357480314960629
0
LINE
8
BLACK
6
CONTINUOUS
10
1.3100000000000001
20
1.2357480314960629
11
1.3148664173228346
21
1.2349772834645669
0
LINE
8
BLACK
6
CONTINUOUS
10
1.665
20
0.97
11
1.5149999999999999
21
0.97
0
LINE
8
BLACK
6
CONTINUOUS
10
1.5149999999999999
20
0.97
11
1.5149999999999999
21
1.1199999999999999
0
LINE
8
BLACK
6
CONTINUOUS
10
1.5149999999999999
20
1.1199999999999999
11
1.665
21
1.1199999999999999
0
LINE
8
BLACK
6
CONTINUOUS
10
1.665
20
1.1199999999999999
11
1.665
21
0.97
0
LINE
8
BLACK
6
CONTINUOUS
10
1.8618503937007873
20
0.97
11
1.7118503937007874
21
0.97
0
LINE
8
BLACK
6
CONTINUOUS
10
1.7118503937007874
20
0.97
11
1.7118503937007874
21
1.1199999999999999
0
LINE
8
BLACK
6
CONTINUOUS
10
1.7118503937007874
20
1.1199999999999999
11
1.8618503937007873
21
1.1199999999999999
0
LINE
8
BLACK
6
CONTINUOUS
10
1.8618503937007873
20
1.1199999999999999
11
1.8618503937007873
21
0.97
0
LINE
8
BLACK
6
CONTINUOUS
10
1.4148664173228347
20
1.2349772834645669
11
1.4192564566929133
21
1.232740433070866
0
LINE
8
BLACK
6
CONTINUOUS
10
1.4192564566929133
20
1.232740433070866
11
1.4227404330708662
21
1.2292564566929134
0
LINE
8
BLACK
6
CONTINUOUS
10
1.4227404330708662
20
1.2292564566929134
11
1.4249772834645669
21
1.2248664173228345
0
LINE
8
BLACK
6
CONTINUOUS
10
1.4249772834645669
20
1.2248664173228345
11
1.4257480314960629
21
1.22
0
LINE
8
BLACK
6
CONTINUOUS
10
1.4257480314960629
20
1.22
11
1.4249772834645669
21
1.2151335826771654
0
LINE
8
BLACK
6
CONTINUOUS
10
1.4249772834645669
20
1.2151335826771654
11
1.4227404330708662
21
1.2107435433070866
0
LINE
8
BLACK
6
CONTINUOUS
10
1.4227404330708662
20
1.2107435433070866
11
1.4192564566929133
21
1.2072595669291337
0
LINE
8
BLACK
6
CONTINUOUS
10
1.4192564566929133
20
1.2072595669291337
11
1.4159055118110235
21
1.2055521259842519
0
LINE
8
BLACK
6
CONTINUOUS
10
1.4159055118110235
20
1.2055521259842519
11
1.4159055118110235
21
1.1559376771653542
0
LINE
8
BLACK
6
CONTINUOUS
10
1.4159055118110235
20
1.1559376771653542
11
1.4157042913385827
21
1.1551866929133858
0
LINE
8
BLACK
6
CONTINUOUS
10
1.4157042913385827
20
1.1551866929133858
11
1.4157042913385827
21
1.1544092125984251
0
LINE
8
BLACK
6
CONTINUOUS
10
1.4157042913385827
20
1.1544092125984251
11
1.4153155511811024
21
1.1537358661417323
0
LINE
8
BLACK
6
CONTINUOUS
10
1.4153155511811024
20
1.1537358661417323
11
1.4151143307086613
21
1.1529849212598424
0
LINE
8
BLACK
6
CONTINUOUS
10
1.4151143307086613
20
1.1529849212598424
11
1.414564527559055
21
1.1524351181102361
0
LINE
8
BLACK
6
CONTINUOUS
10
1.414564527559055
20
1.1524351181102361
11
1.4141758267716535
21
1.1517618503937008
0
LINE
8
BLACK
6
CONTINUOUS
10
1.4141758267716535
20
1.1517618503937008
11
1.2781909448818898
21
1.0157769685039371
0
LINE
8
BLACK
6
CONTINUOUS
10
1.2781909448818898
20
1.0157769685039371
11
1.2726505905511811
21
1.0102366141732284
0
LINE
8
BLACK
6
CONTINUOUS
10
1.2726505905511811
20
1.0102366141732284
11
1.2732444094488189
21
1.009071220472441
0
LINE
8
BLACK
6
CONTINUOUS
10
1.2732444094488189
20
1.009071220472441
11
1.2740151574803149
21
1.0042048031496063
0
LINE
8
BLACK
6
CONTINUOUS
10
1.2740151574803149
20
1.0042048031496063
11
1.2732444094488189
21
0.9993383858267716
0
LINE
8
BLACK
6
CONTINUOUS
10
1.2732444094488189
20
0.9993383858267716
11
1.271007559055118
21
0.9949483464566929
0
LINE
8
BLACK
6
CONTINUOUS
10
1.271007559055118
20
0.9949483464566929
11
1.2675235826771654
21
0.9914643700787401
0
LINE
8
BLACK
6
CONTINUOUS
10
1.2675235826771654
20
0.9914643700787401
11
1.2631335433070865
21
0.9892275196850393
0
LINE
8
BLACK
6
CONTINUOUS
10
1.2631335433070865
20
0.9892275196850393
11
1.2582671259842519
21
0.9884567716535433
0
LINE
8
BLACK
6
CONTINUOUS
10
1.2582671259842519
20
0.9884567716535433
11
1.2534007086614174
21
0.9892275196850393
0
LINE
8
BLACK
6
CONTINUOUS
10
1.2534007086614174
20
0.9892275196850393
11
1.2490106692913385
21
0.9914643700787401
0
LINE
8
BLACK
6
CONTINUOUS
10
1.2490106692913385
20
0.9914643700787401
11
1.2455266929133857
21
0.9949483464566929
0
LINE
8
BLACK
6
CONTINUOUS
10
1.2455266929133857
20
0.9949483464566929
11
1.243289842519685
21
0.9993383858267716
0
LINE
8
BLACK
6
CONTINUOUS
10
1.243289842519685
20
0.9993383858267716
11
1.242519094488189
21
1.0042048031496063
0
LINE
8
BLACK
6
CONTINUOUS
10
1.242519094488189
20
1.0042048031496063
11
1.243289842519685
21
1.009071220472441
0
LINE
8
BLACK
6
CONTINUOUS
10
1.243289842519685
20
1.009071220472441
11
1.2455266929133857
21
1.0134612598425197
0
LINE
8
BLACK
6
CONTINUOUS
10
1.2455266929133857
20
1.0134612598425197
11
1.2490106692913385
21
1.0169452362204725
0
LINE
8
BLACK
6
CONTINUOUS
10
1.2490106692913385
20
1.0169452362204725
11
1.2534007086614174
21
1.0191820866141732
0
LINE
8
BLACK
6
CONTINUOUS
10
1.2534007086614174
20
1.0191820866141732
11
1.2582671259842519
21
1.0199528346456692
0
LINE
8
BLACK
6
CONTINUOUS
10
1.2582671259842519
20
1.0199528346456692
11
1.2631335433070865
21
1.0191820866141732
0
LINE
8
BLACK
6
CONTINUOUS
10
1.2631335433070865
20
1.0191820866141732
11
1.2642989370078739
21
1.0185882677165354
0
LINE
8
BLACK
6
CONTINUOUS
10
1.2642989370078739
20
1.0185882677165354
11
1.2698392913385828
21
1.0241286220472441
0
LINE
8
BLACK
6
CONTINUOUS
10
1.2698392913385828
20
1.0241286220472441
11
1.4040944881889763
21
1.1583838188976379
0
LINE
8
BLACK
6
CONTINUOUS
10
1.4040944881889763
20
1.1583838188976379
11
1.4040944881889763
21
1.2055521259842519
0
LINE
8
BLACK
6
CONTINUOUS
10
1.4040944881889763
20
1.2055521259842519
11
1.4007435433070865
21
1.2072595669291337
0
LINE
8
BLACK
6
CONTINUOUS
10
1.4007435433070865
20
1.2072595669291337
11
1.3972595669291339
21
1.2107435433070866
0
LINE
8
BLACK
6
CONTINUOUS
10
1.3972595669291339
20
1.2107435433070866
11
1.395022716535433
21
1.2151335826771654
0
LINE
8
BLACK
6
CONTINUOUS
10
1.395022716535433
20
1.2151335826771654
11
1.394251968503937
21
1.22
0
LINE
8
BLACK
6
CONTINUOUS
10
1.394251968503937
20
1.22
11
1.395022716535433
21
1.2248664173228345
0
LINE
8
BLACK
6
CONTINUOUS
10
1.395022716535433
20
1.2248664173228345
11
1.3972595669291339
21
1.2292564566929134
0
LINE
8
BLACK
6
CONTINUOUS
10
1.3972595669291339
20
1.2292564566929134
11
1.4007435433070865
21
1.232740433070866
0
LINE
8
BLACK
6
CONTINUOUS
10
1.4007435433070865
20
1.232740433070866
11
1.4051335826771654
21
1.2349772834645669
0
LINE
8
BLACK
6
CONTINUOUS
10
1.4051335826771654
20
1.2349772834645669
11
1.4099999999999999
21
1.2357480314960629
0
LINE
8
BLACK
6
CONTINUOUS
10
1.4099999999999999
20
1.2357480314960629
11
1.4148664173228347
21
1.2349772834645669
0
LINE
8
BLACK
6
CONTINUOUS
10
0.6098664173228346
20
1.2349772834645669
11
0.6142564566929134
21
1.232740433070866
0
LINE
8
BLACK
6
CONTINUOUS
10
0.6142564566929134
20
1.232740433070866
11
0.6177404330708661
21
1.2292564566929134
0
LINE
8
BLACK
6
CONTINUOUS
10
0.6177404330708661
20
1.2292564566929134
11
0.6199772834645669
21
1.2248664173228345
0
LINE
8
BLACK
6
CONTINUOUS
10
0.6199772834645669
20
1.2248664173228345
11
0.6207480314960629
21
1.22
0
LINE
8
BLACK
6
CONTINUOUS
10
0.6207480314960629
20
1.22
11
0.6199772834645669
21
1.2151335826771654
0
LINE
8
BLACK
6
CONTINUOUS
10
0.6199772834645669
20
1.2151335826771654
11
0.6177404330708661
21
1.2107435433070866
0
LINE
8
BLACK
6
CONTINUOUS
10
0.6177404330708661
20
1.2107435433070866
11
0.6142564566929134
21
1.2072595669291337
0
LINE
8
BLACK
6
CONTINUOUS
10
0.6142564566929134
20
1.2072595669291337
11
0.6109055118110236
21
1.2055521259842519
0
LINE
8
BLACK
6
CONTINUOUS
10
0.6109055118110236
20
1.2055521259842519
11
0.6109055118110236
21
1.1977289370078741
0
LINE
8
BLACK
6
CONTINUOUS
10
0.6109055118110236
20
1.1977289370078741
11
0.6109055118110236
21
0.9974461417322834
0
LINE
8
BLACK
6
CONTINUOUS
10
0.6109055118110236
20
0.9974461417322834
11
0.6439681496062992
21
0.9643834645669291
0
LINE
8
BLACK
6
CONTINUOUS
10
0.6439681496062992
20
0.9643834645669291
11
0.6451335826771654
21
0.9649772834645669
0
LINE
8
BLACK
6
CONTINUOUS
10
0.6451335826771654
20
0.9649772834645669
11
0.65
21
0.9657480314960629
0
LINE
8
BLACK
6
CONTINUOUS
10
0.65
20
0.9657480314960629
11
0.6548664173228347
21
0.9649772834645669
0
LINE
8
BLACK
6
CONTINUOUS
10
0.6548664173228347
20
0.9649772834645669
11
0.6592564566929133
21
0.9627404330708661
0
LINE
8
BLACK
6
CONTINUOUS
10
0.6592564566929133
20
0.9627404330708661
11
0.6627404330708662
21
0.9592564566929134
0
LINE
8
BLACK
6
CONTINUOUS
10
0.6627404330708662
20
0.9592564566929134
11
0.6649772834645669
21
0.9548664173228346
0
LINE
8
BLACK
6
CONTINUOUS
10
0.6649772834645669
20
0.9548664173228346
11
0.665748031496063
21
0.95
0
LINE
8
BLACK
6
CONTINUOUS
10
0.665748031496063
20
0.95
11
0.6649772834645669
21
0.9451335826771653
0
LINE
8
BLACK
6
CONTINUOUS
10
0.6649772834645669
20
0.9451335826771653
11
0.6627404330708662
21
0.9407435433070865
0
LINE
8
BLACK
6
CONTINUOUS
10
0.6627404330708662
20
0.9407435433070865
11
0.6592564566929133
21
0.9372595669291338
0
LINE
8
BLACK
6
CONTINUOUS
10
0.6592564566929133
20
0.9372595669291338
11
0.6548664173228347
21
0.935022716535433
0
LINE
8
BLACK
6
CONTINUOUS
10
0.6548664173228347
20
0.935022716535433
11
0.65
21
0.934251968503937
0
LINE
8
BLACK
6
CONTINUOUS
10
0.65
20
0.934251968503937
11
0.6451335826771654
21
0.935022716535433
0
LINE
8
BLACK
6
CONTINUOUS
10
0.6451335826771654
20
0.935022716535433
11
0.6407435433070866
21
0.9372595669291338
0
LINE
8
BLACK
6
CONTINUOUS
10
0.6407435433070866
20
0.9372595669291338
11
0.6372595669291339
21
0.9407435433070865
0
LINE
8
BLACK
6
CONTINUOUS
10
0.6372595669291339
20
0.9407435433070865
11
0.6350227165354331
21
0.9451335826771653
0
LINE
8
BLACK
6
CONTINUOUS
10
0.6350227165354331
20
0.9451335826771653
11
0.6342519685039369
21
0.95
0
LINE
8
BLACK
6
CONTINUOUS
10
0.6342519685039369
20
0.95
11
0.6350227165354331
21
0.9548664173228346
0
LINE
8
BLACK
6
CONTINUOUS
10
0.6350227165354331
20
0.9548664173228346
11
0.6356164960629921
21
0.956031811023622
0
LINE
8
BLACK
6
CONTINUOUS
10
0.6356164960629921
20
0.956031811023622
11
0.6008241732283465
21
0.9908241732283465
0
LINE
8
BLACK
6
CONTINUOUS
10
0.6008241732283465
20
0.9908241732283465
11
0.6004354330708661
21
0.9914974409448819
0
LINE
8
BLACK
6
CONTINUOUS
10
0.6004354330708661
20
0.9914974409448819
11
0.5998856692913386
21
0.9920472440944882
0
LINE
8
BLACK
6
CONTINUOUS
10
0.5998856692913386
20
0.9920472440944882
11
0.5996844094488188
21
0.9927981889763779
0
LINE
8
BLACK
6
CONTINUOUS
10
0.5996844094488188
20
0.9927981889763779
11
0.5992957086614173
21
0.9934715354330709
0
LINE
8
BLACK
6
CONTINUOUS
10
0.5992957086614173
20
0.9934715354330709
11
0.5992957086614173
21
0.9942490157480315
0
LINE
8
BLACK
6
CONTINUOUS
10
0.5992957086614173
20
0.9942490157480315
11
0.5990944881889764
21
0.995
0
LINE
8
BLACK
6
CONTINUOUS
10
0.5990944881889764
20
0.995
11
0.5990944881889764
21
1.1977289370078741
0
LINE
8
BLACK
6
CONTINUOUS
10
0.5990944881889764
20
1.1977289370078741
11
0.5990944881889764
21
1.2055521259842519
0
LINE
8
BLACK
6
CONTINUOUS
10
0.5990944881889764
20
1.2055521259842519
11
0.5957435433070866
21
1.2072595669291337
0
LINE
8
BLACK
6
CONTINUOUS
10
0.5957435433070866
20
1.2072595669291337
11
0.5922595669291338
21
1.2107435433070866
0
LINE
8
BLACK
6
CONTINUOUS
10
0.5922595669291338
20
1.2107435433070866
11
0.590022716535433
21
1.2151335826771654
0
LINE
8
BLACK
6
CONTINUOUS
10
0.590022716535433
20
1.2151335826771654
11
0.589251968503937
21
1.22
0
LINE
8
BLACK
6
CONTINUOUS
10
0.589251968503937
20
1.22
11
0.590022716535433
21
1.2248664173228345
0
LINE
8
BLACK
6
CONTINUOUS
10
0.590022716535433
20
1.2248664173228345
11
0.5922595669291338
21
1.2292564566929134
0
LINE
8
BLACK
6
CONTINUOUS
10
0.5922595669291338
20
1.2292564566929134
11
0.5957435433070866
21
1.232740433070866
0
LINE
8
BLACK
6
CONTINUOUS
10
0.5957435433070866
20
1.232740433070866
11
0.6001335826771653
21
1.2349772834645669
0
LINE
8
BLACK
6
CONTINUOUS
10
0.6001335826771653
20
1.2349772834645669
11
0.605
21
1.2357480314960629
0
LINE
8
BLACK
6
CONTINUOUS
10
0.605
20
1.2357480314960629
11
0.6098664173228346
21
1.2349772834645669
0
LINE
8
BLACK
6
CONTINUOUS
10
0.7148664173228346
20
1.2349772834645669
11
0.7192564566929134
21
1.232740433070866
0
LINE
8
BLACK
6
CONTINUOUS
10
0.7192564566929134
20
1.232740433070866
11
0.7227404330708661
21
1.2292564566929134
0
LINE
8
BLACK
6
CONTINUOUS
10
0.7227404330708661
20
1.2292564566929134
11
0.7249772834645669
21
1.2248664173228345
0
LINE
8
BLACK
6
CONTINUOUS
10
0.7249772834645669
20
1.2248664173228345
11
0.7257480314960629
21
1.22
0
LINE
8
BLACK
6
CONTINUOUS
10
0.7257480314960629
20
1.22
11
0.7249772834645669
21
1.2151335826771654
0
LINE
8
BLACK
6
CONTINUOUS
10
0.7249772834645669
20
1.2151335826771654
11
0.7227404330708661
21
1.2107435433070866
0
LINE
8
BLACK
6
CONTINUOUS
10
0.7227404330708661
20
1.2107435433070866
11
0.7192564566929134
21
1.2072595669291337
0
LINE
8
BLACK
6
CONTINUOUS
10
0.7192564566929134
20
1.2072595669291337
11
0.7148664173228346
21
1.205022716535433
0
LINE
8
BLACK
6
CONTINUOUS
10
0.7148664173228346
20
1.205022716535433
11
0.71
21
1.204251968503937
0
LINE
8
BLACK
6
CONTINUOUS
10
0.71
20
1.204251968503937
11
0.7051335826771653
21
1.205022716535433
0
LINE
8
BLACK
6
CONTINUOUS
10
0.7051335826771653
20
1.205022716535433
11
0.7039681496062992
21
1.205616496062992
0
LINE
8
BLACK
6
CONTINUOUS
10
0.7039681496062992
20
1.205616496062992
11
0.6984278346456693
21
1.2000761811023621
0
LINE
8
BLACK
6
CONTINUOUS
10
0.6984278346456693
20
1.2000761811023621
11
0.6959055118110236
21
1.1975538582677165
0
LINE
8
BLACK
6
CONTINUOUS
10
0.6959055118110236
20
1.1975538582677165
11
0.6959055118110236
21
0.9844478346456693
0
LINE
8
BLACK
6
CONTINUOUS
10
0.6959055118110236
20
0.9844478346456693
11
0.6992564566929134
21
0.9827404330708661
0
LINE
8
BLACK
6
CONTINUOUS
10
0.6992564566929134
20
0.9827404330708661
11
0.7027404330708661
21
0.9792564566929134
0
LINE
8
BLACK
6
CONTINUOUS
10
0.7027404330708661
20
0.9792564566929134
11
0.7049772834645669
21
0.9748664173228346
0
LINE
8
BLACK
6
CONTINUOUS
10
0.7049772834645669
20
0.9748664173228346
11
0.705748031496063
21
0.97
0
LINE
8
BLACK
6
CONTINUOUS
10
0.705748031496063
20
0.97
11
0.7049772834645669
21
0.9651335826771653
0
LINE
8
BLACK
6
CONTINUOUS
10
0.7049772834645669
20
0.9651335826771653
11
0.7027404330708661
21
0.9607435433070866
0
LINE
8
BLACK
6
CONTINUOUS
10
0.7027404330708661
20
0.9607435433070866
11
0.6992564566929134
21
0.9572595669291338
0
LINE
8
BLACK
6
CONTINUOUS
10
0.6992564566929134
20
0.9572595669291338
11
0.6948664173228346
21
0.955022716535433
0
LINE
8
BLACK
6
CONTINUOUS
10
0.6948664173228346
20
0.955022716535433
11
0.6899999999999999
21
0.954251968503937
0
LINE
8
BLACK
6
CONTINUOUS
10
0.6899999999999999
20
0.954251968503937
11
0.6851335826771653
21
0.955022716535433
0
LINE
8
BLACK
6
CONTINUOUS
10
0.6851335826771653
20
0.955022716535433
11
0.6807435433070866
21
0.9572595669291338
0
LINE
8
BLACK
6
CONTINUOUS
10
0.6807435433070866
20
0.9572595669291338
11
0.6772595669291338
21
0.9607435433070866
0
LINE
8
BLACK
6
CONTINUOUS
10
0.6772595669291338
20
0.9607435433070866
11
0.6750227165354331
21
0.9651335826771653
0
LINE
8
BLACK
6
CONTINUOUS
10
0.6750227165354331
20
0.9651335826771653
11
0.674251968503937
21
0.97
0
LINE
8
BLACK
6
CONTINUOUS
10
0.674251968503937
20
0.97
11
0.6750227165354331
21
0.9748664173228346
0
LINE
8
BLACK
6
CONTINUOUS
10
0.6750227165354331
20
0.9748664173228346
11
0.6772595669291338
21
0.9792564566929134
0
LINE
8
BLACK
6
CONTINUOUS
10
0.6772595669291338
20
0.9792564566929134
11
0.6807435433070866
21
0.9827404330708661
0
LINE
8
BLACK
6
CONTINUOUS
10
0.6807435433070866
20
0.9827404330708661
11
0.6840944881889763
21
0.9844478346456693
0
LINE
8
BLACK
6
CONTINUOUS
10
0.6840944881889763
20
0.9844478346456693
11
0.6840944881889763
21
1.2
0
LINE
8
BLACK
6
CONTINUOUS
10
0.6840944881889763
20
1.2
11
0.6842957086614173
21
1.2007509448818898
0
LINE
8
BLACK
6
CONTINUOUS
10
0.6842957086614173
20
1.2007509448818898
11
0.6842957086614173
21
1.2015284645669291
0
LINE
8
BLACK
6
CONTINUOUS
10
0.6842957086614173
20
1.2015284645669291
11
0.6846844094488189
21
1.2022017716535434
0
LINE
8
BLACK
6
CONTINUOUS
10
0.6846844094488189
20
1.2022017716535434
11
0.6848856692913385
21
1.2029527559055118
0
LINE
8
BLACK
6
CONTINUOUS
10
0.6848856692913385
20
1.2029527559055118
11
0.6854354330708661
21
1.2035025196850393
0
LINE
8
BLACK
6
CONTINUOUS
10
0.6854354330708661
20
1.2035025196850393
11
0.6858241732283464
21
1.2041758267716536
0
LINE
8
BLACK
6
CONTINUOUS
10
0.6858241732283464
20
1.2041758267716536
11
0.6900761811023622
21
1.2084278346456692
0
LINE
8
BLACK
6
CONTINUOUS
10
0.6900761811023622
20
1.2084278346456692
11
0.6956164960629921
21
1.2139681496062993
0
LINE
8
BLACK
6
CONTINUOUS
10
0.6956164960629921
20
1.2139681496062993
11
0.695022716535433
21
1.2151335826771654
0
LINE
8
BLACK
6
CONTINUOUS
10
0.695022716535433
20
1.2151335826771654
11
0.694251968503937
21
1.22
0
LINE
8
BLACK
6
CONTINUOUS
10
0.694251968503937
20
1.22
11
0.695022716535433
21
1.2248664173228345
0
LINE
8
BLACK
6
CONTINUOUS
10
0.695022716535433
20
1.2248664173228345
11
0.6972595669291338
21
1.2292564566929134
0
LINE
8
BLACK
6
CONTINUOUS
10
0.6972595669291338
20
1.2292564566929134
11
0.7007435433070865
21
1.232740433070866
0
LINE
8
BLACK
6
CONTINUOUS
10
0.7007435433070865
20
1.232740433070866
11
0.7051335826771653
21
1.2349772834645669
0
LINE
8
BLACK
6
CONTINUOUS
10
0.7051335826771653
20
1.2349772834645669
11
0.71
21
1.2357480314960629
0
LINE
8
BLACK
6
CONTINUOUS
10
0.71
20
1.2357480314960629
11
0.7148664173228346
21
1.2349772834645669
0
LINE
8
BLACK
6
CONTINUOUS
10
0.8098664173228346
20
1.2349775196850394
11
0.8142564566929134
21
1.2327406692913385
0
LINE
8
BLACK
6
CONTINUOUS
10
0.8142564566929134
20
1.2327406692913385
11
0.8177404330708661
21
1.2292566929133859
0
LINE
8
BLACK
6
CONTINUOUS
10
0.8177404330708661
20
1.2292566929133859
11
0.8199772834645669
21
1.224866653543307
0
LINE
8
BLACK
6
CONTINUOUS
10
0.8199772834645669
20
1.224866653543307
11
0.820748031496063
21
1.2200002362204725
0
LINE
8
BLACK
6
CONTINUOUS
10
0.820748031496063
20
1.2200002362204725
11
0.8199772834645669
21
1.2151338188976377
0
LINE
8
BLACK
6
CONTINUOUS
10
0.8199772834645669
20
1.2151338188976377
11
0.8177404330708661
21
1.2107437795275591
0
LINE
8
BLACK
6
CONTINUOUS
10
0.8177404330708661
20
1.2107437795275591
11
0.8142564566929134
21
1.2072598031496062
0
LINE
8
BLACK
6
CONTINUOUS
10
0.8142564566929134
20
1.2072598031496062
11
0.8098664173228346
21
1.2050229527559055
0
LINE
8
BLACK
6
CONTINUOUS
10
0.8098664173228346
20
1.2050229527559055
11
0.8049999999999999
21
1.2042522047244095
0
LINE
8
BLACK
6
CONTINUOUS
10
0.8049999999999999
20
1.2042522047244095
11
0.8001335826771654
21
1.2050229527559055
0
LINE
8
BLACK
6
CONTINUOUS
10
0.8001335826771654
20
1.2050229527559055
11
0.7989681496062992
21
1.2056167322834646
0
LINE
8
BLACK
6
CONTINUOUS
10
0.7989681496062992
20
1.2056167322834646
11
0.7934278346456692
21
1.2000764173228347
0
LINE
8
BLACK
6
CONTINUOUS
10
0.7934278346456692
20
1.2000764173228347
11
0.7809055118110236
21
1.187554094488189
0
LINE
8
BLACK
6
CONTINUOUS
10
0.7809055118110236
20
1.187554094488189
11
0.7809055118110236
21
0.9994478346456692
0
LINE
8
BLACK
6
CONTINUOUS
10
0.7809055118110236
20
0.9994478346456692
11
0.7842564566929133
21
0.9977404330708661
0
LINE
8
BLACK
6
CONTINUOUS
10
0.7842564566929133
20
0.9977404330708661
11
0.7877404330708662
21
0.9942564566929134
0
LINE
8
BLACK
6
CONTINUOUS
10
0.7877404330708662
20
0.9942564566929134
11
0.7899772834645669
21
0.9898664173228346
0
LINE
8
BLACK
6
CONTINUOUS
10
0.7899772834645669
20
0.9898664173228346
11
0.790748031496063
21
0.985
0
LINE
8
BLACK
6
CONTINUOUS
10
0.790748031496063
20
0.985
11
0.7899772834645669
21
0.9801335826771653
0
LINE
8
BLACK
6
CONTINUOUS
10
0.7899772834645669
20
0.9801335826771653
11
0.7877404330708662
21
0.9757435433070866
0
LINE
8
BLACK
6
CONTINUOUS
10
0.7877404330708662
20
0.9757435433070866
11
0.7842564566929133
21
0.9722595669291338
0
LINE
8
BLACK
6
CONTINUOUS
10
0.7842564566929133
20
0.9722595669291338
11
0.7798664173228347
21
0.970022716535433
0
LINE
8
BLACK
6
CONTINUOUS
10
0.7798664173228347
20
0.970022716535433
11
0.775
21
0.969251968503937
0
LINE
8
BLACK
6
CONTINUOUS
10
0.775
20
0.969251968503937
11
0.7701335826771654
21
0.970022716535433
0
LINE
8
BLACK
6
CONTINUOUS
10
0.7701335826771654
20
0.970022716535433
11
0.7657435433070866
21
0.9722595669291338
0
LINE
8
BLACK
6
CONTINUOUS
10
0.7657435433070866
20
0.9722595669291338
11
0.7622595669291339
21
0.9757435433070866
0
LINE
8
BLACK
6
CONTINUOUS
10
0.7622595669291339
20
0.9757435433070866
11
0.7600227165354331
21
0.9801335826771653
0
LINE
8
BLACK
6
CONTINUOUS
10
0.7600227165354331
20
0.9801335826771653
11
0.7592519685039369
21
0.985
0
LINE
8
BLACK
6
CONTINUOUS
10
0.7592519685039369
20
0.985
11
0.7600227165354331
21
0.9898664173228346
0
LINE
8
BLACK
6
CONTINUOUS
10
0.7600227165354331
20
0.9898664173228346
11
0.7622595669291339
21
0.9942564566929134
0
LINE
8
BLACK
6
CONTINUOUS
10
0.7622595669291339
20
0.9942564566929134
11
0.7657435433070866
21
0.9977404330708661
0
LINE
8
BLACK
6
CONTINUOUS
10
0.7657435433070866
20
0.9977404330708661
11
0.7690944881889764
21
0.9994478346456692
0
LINE
8
BLACK
6
CONTINUOUS
10
0.7690944881889764
20
0.9994478346456692
11
0.7690944881889764
21
1.1900002362204725
0
LINE
8
BLACK
6
CONTINUOUS
10
0.7690944881889764
20
1.1900002362204725
11
0.7692957086614173
21
1.1907511811023621
0
LINE
8
BLACK
6
CONTINUOUS
10
0.7692957086614173
20
1.1907511811023621
11
0.7692957086614173
21
1.1915287007874016
0
LINE
8
BLACK
6
CONTINUOUS
10
0.7692957086614173
20
1.1915287007874016
11
0.7696844094488189
21
1.1922020078740156
0
LINE
8
BLACK
6
CONTINUOUS
10
0.7696844094488189
20
1.1922020078740156
11
0.7698856692913386
21
1.1929529921259843
0
LINE
8
BLACK
6
CONTINUOUS
10
0.7698856692913386
20
1.1929529921259843
11
0.7704354330708661
21
1.1935027559055118
0
LINE
8
BLACK
6
CONTINUOUS
10
0.7704354330708661
20
1.1935027559055118
11
0.7708241732283464
21
1.1941760629921259
0
LINE
8
BLACK
6
CONTINUOUS
10
0.7708241732283464
20
1.1941760629921259
11
0.7850761811023622
21
1.2084280708661417
0
LINE
8
BLACK
6
CONTINUOUS
10
0.7850761811023622
20
1.2084280708661417
11
0.7906164960629921
21
1.2139683858267716
0
LINE
8
BLACK
6
CONTINUOUS
10
0.7906164960629921
20
1.2139683858267716
11
0.7900227165354331
21
1.2151338188976377
0
LINE
8
BLACK
6
CONTINUOUS
10
0.7900227165354331
20
1.2151338188976377
11
0.789251968503937
21
1.2200002362204725
0
LINE
8
BLACK
6
CONTINUOUS
10
0.789251968503937
20
1.2200002362204725
11
0.7900227165354331
21
1.224866653543307
0
LINE
8
BLACK
6
CONTINUOUS
10
0.7900227165354331
20
1.224866653543307
11
0.7922595669291338
21
1.2292566929133859
0
LINE
8
BLACK
6
CONTINUOUS
10
0.7922595669291338
20
1.2292566929133859
11
0.7957435433070866
21
1.2327406692913385
0
LINE
8
BLACK
6
CONTINUOUS
10
0.7957435433070866
20
1.2327406692913385
11
0.8001335826771654
21
1.2349775196850394
0
LINE
8
BLACK
6
CONTINUOUS
10
0.8001335826771654
20
1.2349775196850394
11
0.8049999999999999
21
1.2357482677165355
0
LINE
8
BLACK
6
CONTINUOUS
10
0.8049999999999999
20
1.2357482677165355
11
0.8098664173228346
21
1.2349775196850394
0
LINE
8
BLACK
6
CONTINUOUS
10
0.9148664173228346
20
1.2349772834645669
11
0.9192564566929133
21
1.232740433070866
0
LINE
8
BLACK
6
CONTINUOUS
10
0.9192564566929133
20
1.232740433070866
11
0.9227404330708662
21
1.2292564566929134
0
LINE
8
BLACK
6
CONTINUOUS
10
0.9227404330708662
20
1.2292564566929134
11
0.9249772834645669
21
1.2248664173228345
0
LINE
8
BLACK
6
CONTINUOUS
10
0.9249772834645669
20
1.2248664173228345
11
0.925748031496063
21
1.22
0
LINE
8
BLACK
6
CONTINUOUS
10
0.925748031496063
20
1.22
11
0.9249772834645669
21
1.2151335826771654
0
LINE
8
BLACK
6
CONTINUOUS
10
0.9249772834645669
20
1.2151335826771654
11
0.9227404330708662
21
1.2107435433070866
0
LINE
8
BLACK
6
CONTINUOUS
10
0.9227404330708662
20
1.2107435433070866
11
0.9192564566929133
21
1.2072595669291337
0
LINE
8
BLACK
6
CONTINUOUS
10
0.9192564566929133
20
1.2072595669291337
11
0.9148664173228346
21
1.205022716535433
0
LINE
8
BLACK
6
CONTINUOUS
10
0.9148664173228346
20
1.205022716535433
11
0.91
21
1.204251968503937
0
LINE
8
BLACK
6
CONTINUOUS
10
0.91
20
1.204251968503937
11
0.9051335826771654
21
1.205022716535433
0
LINE
8
BLACK
6
CONTINUOUS
10
0.9051335826771654
20
1.205022716535433
11
0.9039681496062992
21
1.205616496062992
0
LINE
8
BLACK
6
CONTINUOUS
10
0.9039681496062992
20
1.205616496062992
11
0.8259055118110236
21
1.1275538582677165
0
LINE
8
BLACK
6
CONTINUOUS
10
0.8259055118110236
20
1.1275538582677165
11
0.8259055118110236
21
1.0172712992125985
0
LINE
8
BLACK
6
CONTINUOUS
10
0.8259055118110236
20
1.0172712992125985
11
0.8259055118110236
21
1.0094480708661417
0
LINE
8
BLACK
6
CONTINUOUS
10
0.8259055118110236
20
1.0094480708661417
11
0.8292564566929134
21
1.0077406692913387
0
LINE
8
BLACK
6
CONTINUOUS
10
0.8292564566929134
20
1.0077406692913387
11
0.8327404330708661
21
1.0042566929133858
0
LINE
8
BLACK
6
CONTINUOUS
10
0.8327404330708661
20
1.0042566929133858
11
0.8349772834645669
21
0.9998666535433071
0
LINE
8
BLACK
6
CONTINUOUS
10
0.8349772834645669
20
0.9998666535433071
11
0.835748031496063
21
0.9950002362204724
0
LINE
8
BLACK
6
CONTINUOUS
10
0.835748031496063
20
0.9950002362204724
11
0.8349772834645669
21
0.9901338188976377
0
LINE
8
BLACK
6
CONTINUOUS
10
0.8349772834645669
20
0.9901338188976377
11
0.8327404330708661
21
0.985743779527559
0
LINE
8
BLACK
6
CONTINUOUS
10
0.8327404330708661
20
0.985743779527559
11
0.8292564566929134
21
0.9822598031496063
0
LINE
8
BLACK
6
CONTINUOUS
10
0.8292564566929134
20
0.9822598031496063
11
0.8248664173228346
21
0.9800229527559055
0
LINE
8
BLACK
6
CONTINUOUS
10
0.8248664173228346
20
0.9800229527559055
11
0.82
21
0.9792522047244094
0
LINE
8
BLACK
6
CONTINUOUS
10
0.82
20
0.9792522047244094
11
0.8151335826771653
21
0.9800229527559055
0
LINE
8
BLACK
6
CONTINUOUS
10
0.8151335826771653
20
0.9800229527559055
11
0.8107435433070866
21
0.9822598031496063
0
LINE
8
BLACK
6
CONTINUOUS
10
0.8107435433070866
20
0.9822598031496063
11
0.8072595669291338
21
0.985743779527559
0
LINE
8
BLACK
6
CONTINUOUS
10
0.8072595669291338
20
0.985743779527559
11
0.805022716535433
21
0.9901338188976377
0
LINE
8
BLACK
6
CONTINUOUS
10
0.805022716535433
20
0.9901338188976377
11
0.804251968503937
21
0.9950002362204724
0
LINE
8
BLACK
6
CONTINUOUS
10
0.804251968503937
20
0.9950002362204724
11
0.805022716535433
21
0.9998666535433071
0
LINE
8
BLACK
6
CONTINUOUS
10
0.805022716535433
20
0.9998666535433071
11
0.8072595669291338
21
1.0042566929133858
0
LINE
8
BLACK
6
CONTINUOUS
10
0.8072595669291338
20
1.0042566929133858
11
0.8107435433070866
21
1.0077406692913387
0
LINE
8
BLACK
6
CONTINUOUS
10
0.8107435433070866
20
1.0077406692913387
11
0.8140944881889763
21
1.0094480708661417
0
LINE
8
BLACK
6
CONTINUOUS
10
0.8140944881889763
20
1.0094480708661417
11
0.8140944881889763
21
1.0172712992125985
0
LINE
8
BLACK
6
CONTINUOUS
10
0.8140944881889763
20
1.0172712992125985
11
0.8140944881889763
21
1.1299999999999999
0
LINE
8
BLACK
6
CONTINUOUS
10
0.8140944881889763
20
1.1299999999999999
11
0.8142957086614173
21
1.1307509448818898
0
LINE
8
BLACK
6
CONTINUOUS
10
0.8142957086614173
20
1.1307509448818898
11
0.8142957086614173
21
1.131528464566929
0
LINE
8
BLACK
6
CONTINUOUS
10
0.8142957086614173
20
1.131528464566929
11
0.8146844094488189
21
1.1322017716535433
0
LINE
8
BLACK
6
CONTINUOUS
10
0.8146844094488189
20
1.1322017716535433
11
0.8148856692913385
21
1.1329527559055117
0
LINE
8
BLACK
6
CONTINUOUS
10
0.8148856692913385
20
1.1329527559055117
11
0.8154354330708661
21
1.1335025196850392
0
LINE
8
BLACK
6
CONTINUOUS
10
0.8154354330708661
20
1.1335025196850392
11
0.8158241732283464
21
1.1341758267716535
0
LINE
8
BLACK
6
CONTINUOUS
10
0.8158241732283464
20
1.1341758267716535
11
0.8956164960629921
21
1.2139681496062993
0
LINE
8
BLACK
6
CONTINUOUS
10
0.8956164960629921
20
1.2139681496062993
11
0.8950227165354331
21
1.2151335826771654
0
LINE
8
BLACK
6
CONTINUOUS
10
0.8950227165354331
20
1.2151335826771654
11
0.894251968503937
21
1.22
0
LINE
8
BLACK
6
CONTINUOUS
10
0.894251968503937
20
1.22
11
0.8950227165354331
21
1.2248664173228345
0
LINE
8
BLACK
6
CONTINUOUS
10
0.8950227165354331
20
1.2248664173228345
11
0.8972595669291339
21
1.2292564566929134
0
LINE
8
BLACK
6
CONTINUOUS
10
0.8972595669291339
20
1.2292564566929134
11
0.9007435433070866
21
1.232740433070866
0
LINE
8
BLACK
6
CONTINUOUS
10
0.9007435433070866
20
1.232740433070866
11
0.9051335826771654
21
1.2349772834645669
0
LINE
8
BLACK
6
CONTINUOUS
10
0.9051335826771654
20
1.2349772834645669
11
0.91
21
1.2357480314960629
0
LINE
8
BLACK
6
CONTINUOUS
10
0.91
20
1.2357480314960629
11
0.9148664173228346
21
1.2349772834645669
0
LINE
8
BLACK
6
CONTINUOUS
10
0.635
20
1.325
11
0.575
21
1.325
0
LINE
8
BLACK
6
CONTINUOUS
10
0.575
20
1.325
11
0.575
21
1.385
0
LINE
8
BLACK
6
CONTINUOUS
10
0.575
20
1.385
11
0.635
21
1.385
0
LINE
8
BLACK
6
CONTINUOUS
10
0.635
20
1.385
11
0.635
21
1.325
0
LINE
8
BLACK
6
CONTINUOUS
10
0.74
20
1.325
11
0.6799999999999999
21
1.325
0
LINE
8
BLACK
6
CONTINUOUS
10
0.6799999999999999
20
1.325
11
0.6799999999999999
21
1.385
0
LINE
8
BLACK
6
CONTINUOUS
10
0.6799999999999999
20
1.385
11
0.74
21
1.385
0
LINE
8
BLACK
6
CONTINUOUS
10
0.74
20
1.385
11
0.74
21
1.325
0
LINE
8
BLACK
6
CONTINUOUS
10
0.84
20
1.325
11
0.78
21
1.325
0
LINE
8
BLACK
6
CONTINUOUS
10
0.78
20
1.325
11
0.78
21
1.385
0
LINE
8
BLACK
6
CONTINUOUS
10
0.78
20
1.385
11
0.84
21
1.385
0
LINE
8
BLACK
6
CONTINUOUS
10
0.84
20
1.385
11
0.84
21
1.325
0
LINE
8
BLACK
6
CONTINUOUS
10
0.9399999999999999
20
1.325
11
0.88
21
1.325
0
LINE
8
BLACK
6
CONTINUOUS
10
0.88
20
1.325
11
0.88
21
1.385
0
LINE
8
BLACK
6
CONTINUOUS
10
0.88
20
1.385
11
0.9399999999999999
21
1.385
0
LINE
8
BLACK
6
CONTINUOUS
10
0.9399999999999999
20
1.385
11
0.9399999999999999
21
1.325
0
LINE
8
BLACK
6
CONTINUOUS
10
1.04
20
1.325
11
0.98
21
1.325
0
LINE
8
BLACK
6
CONTINUOUS
10
0.98
20
1.325
11
0.98
21
1.385
0
LINE
8
BLACK
6
CONTINUOUS
10
0.98
20
1.385
11
1.04
21
1.385
0
LINE
8
BLACK
6
CONTINUOUS
10
1.04
20
1.385
11
1.04
21
1.325
0
LINE
8
BLACK
6
CONTINUOUS
10
1.1399999999999999
20
1.325
11
1.0800000000000001
21
1.325
0
LINE
8
BLACK
6
CONTINUOUS
10
1.0800000000000001
20
1.325
11
1.0800000000000001
21
1.385
0
LINE
8
BLACK
6
CONTINUOUS
10
1.0800000000000001
20
1.385
11
1.1399999999999999
21
1.385
0
LINE
8
BLACK
6
CONTINUOUS
10
1.1399999999999999
20
1.385
11
1.1399999999999999
21
1.325
0
LINE
8
BLACK
6
CONTINUOUS
10
1.24
20
1.325
11
1.1799999999999999
21
1.325
0
LINE
8
BLACK
6
CONTINUOUS
10
1.1799999999999999
20
1.325
11
1.1799999999999999
21
1.385
0
LINE
8
BLACK
6
CONTINUOUS
10
1.1799999999999999
20
1.385
11
1.24
21
1.385
0
LINE
8
BLACK
6
CONTINUOUS
10
1.24
20
1.385
11
1.24
21
1.325
0
LINE
8
BLACK
6
CONTINUOUS
10
1.3400000000000001
20
1.325
11
1.28
21
1.325
0
LINE
8
BLACK
6
CONTINUOUS
10
1.28
20
1.325
11
1.28
21
1.385
0
LINE
8
BLACK
6
CONTINUOUS
10
1.28
20
1.385
11
1.3400000000000001
21
1.385
0
LINE
8
BLACK
6
CONTINUOUS
10
1.3400000000000001
20
1.385
11
1.3400000000000001
21
1.325
0
LINE
8
BLACK
6
CONTINUOUS
10
1.4399999999999999
20
1.325
11
1.3799999999999999
21
1.325
0
LINE
8
BLACK
6
CONTINUOUS
10
1.3799999999999999
20
1.325
11
1.3799999999999999
21
1.385
0
LINE
8
BLACK
6
CONTINUOUS
10
1.3799999999999999
20
1.385
11
1.4399999999999999
21
1.385
0
LINE
8
BLACK
6
CONTINUOUS
10
1.4399999999999999
20
1.385
11
1.4399999999999999
21
1.325
0
LINE
8
BLACK
6
CONTINUOUS
10
0.635
20
1.425
11
0.575
21
1.425
0
LINE
8
BLACK
6
CONTINUOUS
10
0.575
20
1.425
11
0.575
21
1.4849999999999999
0
LINE
8
BLACK
6
CONTINUOUS
10
0.575
20
1.4849999999999999
11
0.635
21
1.4849999999999999
0
LINE
8
BLACK
6
CONTINUOUS
10
0.635
20
1.4849999999999999
11
0.635
21
1.425
0
LINE
8
BLACK
6
CONTINUOUS
10
0.74
20
1.425
11
0.6799999999999999
21
1.425
0
LINE
8
BLACK
6
CONTINUOUS
10
0.6799999999999999
20
1.425
11
0.6799999999999999
21
1.4849999999999999
0
LINE
8
BLACK
6
CONTINUOUS
10
0.6799999999999999
20
1.4849999999999999
11
0.74
21
1.4849999999999999
0
LINE
8
BLACK
6
CONTINUOUS
10
0.74
20
1.4849999999999999
11
0.74
21
1.425
0
LINE
8
BLACK
6
CONTINUOUS
10
0.84
20
1.425
11
0.78
21
1.425
0
LINE
8
BLACK
6
CONTINUOUS
10
0.78
20
1.425
11
0.78
21
1.4849999999999999
0
LINE
8
BLACK
6
CONTINUOUS
10
0.78
20
1.4849999999999999
11
0.84
21
1.4849999999999999
0
LINE
8
BLACK
6
CONTINUOUS
10
0.84
20
1.4849999999999999
11
0.84
21
1.425
0
LINE
8
BLACK
6
CONTINUOUS
10
0.9399999999999999
20
1.425
11
0.88
21
1.425
0
LINE
8
BLACK
6
CONTINUOUS
10
0.88
20
1.425
11
0.88
21
1.4849999999999999
0
LINE
8
BLACK
6
CONTINUOUS
10
0.88
20
1.4849999999999999
11
0.9399999999999999
21
1.4849999999999999
0
LINE
8
BLACK
6
CONTINUOUS
10
0.9399999999999999
20
1.4849999999999999
11
0.9399999999999999
21
1.425
0
LINE
8
BLACK
6
CONTINUOUS
10
1.04
20
1.425
11
0.98
21
1.425
0
LINE
8
BLACK
6
CONTINUOUS
10
0.98
20
1.425
11
0.98
21
1.4849999999999999
0
LINE
8
BLACK
6
CONTINUOUS
10
0.98
20
1.4849999999999999
11
1.04
21
1.4849999999999999
0
LINE
8
BLACK
6
CONTINUOUS
10
1.04
20
1.4849999999999999
11
1.04
21
1.425
0
LINE
8
BLACK
6
CONTINUOUS
10
1.1399999999999999
20
1.425
11
1.0800000000000001
21
1.425
0
LINE
8
BLACK
6
CONTINUOUS
10
1.0800000000000001
20
1.425
11
1.0800000000000001
21
1.4849999999999999
0
LINE
8
BLACK
6
CONTINUOUS
10
1.0800000000000001
20
1.4849999999999999
11
1.1399999999999999
21
1.4849999999999999
0
LINE
8
BLACK
6
CONTINUOUS
10
1.1399999999999999
20
1.4849999999999999
11
1.1399999999999999
21
1.425
0
LINE
8
BLACK
6
CONTINUOUS
10
1.24
20
1.425
11
1.1799999999999999
21
1.425
0
LINE
8
BLACK
6
CONTINUOUS
10
1.1799999999999999
20
1.425
11
1.1799999999999999
21
1.4849999999999999
0
LINE
8
BLACK
6
CONTINUOUS
10
1.1799999999999999
20
1.4849999999999999
11
1.24
21
1.4849999999999999
0
LINE
8
BLACK
6
CONTINUOUS
10
1.24
20
1.4849999999999999
11
1.24
21
1.425
0
LINE
8
BLACK
6
CONTINUOUS
10
1.3400000000000001
20
1.425
11
1.28
21
1.425
0
LINE
8
BLACK
6
CONTINUOUS
10
1.28
20
1.425
11
1.28
21
1.4849999999999999
0
LINE
8
BLACK
6
CONTINUOUS
10
1.28
20
1.4849999999999999
11
1.3400000000000001
21
1.4849999999999999
0
LINE
8
BLACK
6
CONTINUOUS
10
1.3400000000000001
20
1.4849999999999999
11
1.3400000000000001
21
1.425
0
LINE
8
BLACK
6
CONTINUOUS
10
1.4399999999999999
20
1.425
11
1.3799999999999999
21
1.425
0
LINE
8
BLACK
6
CONTINUOUS
10
1.3799999999999999
20
1.425
11
1.3799999999999999
21
1.4849999999999999
0
LINE
8
BLACK
6
CONTINUOUS
10
1.3799999999999999
20
1.4849999999999999
11
1.4399999999999999
21
1.4849999999999999
0
LINE
8
BLACK
6
CONTINUOUS
10
1.4399999999999999
20
1.4849999999999999
11
1.4399999999999999
21
1.425
0
LINE
8
BLACK
6
CONTINUOUS
10
1.9847488582677164
20
1.5862400787401574
11
1.9865792913385827
21
1.5841276377952755
0
LINE
8
BLACK
6
CONTINUOUS
10
1.9865792913385827
20
1.5841276377952755
11
1.9870275590551181
21
1.5820669291338583
0
LINE
8
BLACK
6
CONTINUOUS
10
1.9870275590551181
20
1.5820669291338583
11
1.9870275590551181
21
0.0179330708661417
0
LINE
8
BLACK
6
CONTINUOUS
10
1.9870275590551181
20
0.0179330708661417
11
1.9862400787401575
21
0.0152511417322835
0
LINE
8
BLACK
6
CONTINUOUS
10
1.9862400787401575
20
0.0152511417322835
11
1.9841276377952755
21
0.0134207086614173
0
LINE
8
BLACK
6
CONTINUOUS
10
1.9841276377952755
20
0.0134207086614173
11
1.9820669291338582
21
0.0129724409448819
0
LINE
8
BLACK
6
CONTINUOUS
10
1.9820669291338582
20
0.0129724409448819
11
0.0179330708661417
21
0.0129724409448819
0
LINE
8
BLACK
6
CONTINUOUS
10
0.0179330708661417
20
0.0129724409448819
11
0.0152511417322835
21
0.0137599212598425
0
LINE
8
BLACK
6
CONTINUOUS
10
0.0152511417322835
20
0.0137599212598425
11
0.0134207086614173
21
0.0158723622047244
0
LINE
8
BLACK
6
CONTINUOUS
10
0.0134207086614173
20
0.0158723622047244
11
0.0129724409448819
21
0.0179330708661417
0
LINE
8
BLACK
6
CONTINUOUS
10
0.0129724409448819
20
0.0179330708661417
11
0.0129724409448819
21
0.1562342519685039
0
LINE
8
BLACK
6
CONTINUOUS
10
0.0129724409448819
20
0.1562342519685039
11
0.0129724409448819
21
0.7730846456692914
0
LINE
8
BLACK
6
CONTINUOUS
10
0.0129724409448819
20
0.7730846456692914
11
0.0129724409448819
21
1.3230846456692913
0
LINE
8
BLACK
6
CONTINUOUS
10
0.0129724409448819
20
1.3230846456692913
11
0.0129724409448819
21
1.5820669291338583
0
LINE
8
BLACK
6
CONTINUOUS
10
0.0129724409448819
20
1.5820669291338583
11
0.0137599212598425
21
1.5847488582677165
0
LINE
8
BLACK
6
CONTINUOUS
10
0.0137599212598425
20
1.5847488582677165
11
0.0158723622047244
21
1.5865792913385826
0
LINE
8
BLACK
6
CONTINUOUS
10
0.0158723622047244
20
1.5865792913385826
11
0.0179330708661417
21
1.5870275590551182
0
LINE
8
BLACK
6
CONTINUOUS
10
0.0179330708661417
20
1.5870275590551182
11
1.9820669291338582
21
1.5870275590551182
0
LINE
8
BLACK
6
CONTINUOUS
10
1.9820669291338582
20
1.5870275590551182
11
1.9847488582677164
21
1.5862400787401574
0
LINE
8
BLACK
6
CONTINUOUS
10
0.8330848425196851
20
0.5250196456692914
11
0.8330846456692913
21
0.5250196456692914
0
LINE
8
BLACK
6
CONTINUOUS
10
0.8330846456692913
20
0.5250196456692914
11
0.830700905511811
21
0.5247633858267716
0
LINE
8
BLACK
6
CONTINUOUS
10
0.830700905511811
20
0.5247633858267716
11
0.8307005905511811
21
0.5247633070866141
0
LINE
8
BLACK
6
CONTINUOUS
10
0.8307005905511811
20
0.5247633070866141
11
0.827632874015748
21
0.5236190551181102
0
LINE
8
BLACK
6
CONTINUOUS
10
0.827632874015748
20
0.5236190551181102
11
0.8253069291338583
21
0.5227515354330708
0
LINE
8
BLACK
6
CONTINUOUS
10
0.8253069291338583
20
0.5227515354330708
11
0.8253068503937008
21
0.5227514960629921
0
LINE
8
BLACK
6
CONTINUOUS
10
0.8253068503937008
20
0.5227514960629921
11
0.8253067716535433
21
0.5227514566929133
0
LINE
8
BLACK
6
CONTINUOUS
10
0.8253067716535433
20
0.5227514566929133
11
0.8206983464566929
21
0.5193016141732283
0
LINE
8
BLACK
6
CONTINUOUS
10
0.8206983464566929
20
0.5193016141732283
11
0.8172485039370079
21
0.5146931889763779
0
LINE
8
BLACK
6
CONTINUOUS
10
0.8172485039370079
20
0.5146931889763779
11
0.8172484251968504
21
0.5146929921259843
0
LINE
8
BLACK
6
CONTINUOUS
10
0.8172484251968504
20
0.5146929921259843
11
0.8152366535433071
21
0.5092993700787402
0
LINE
8
BLACK
6
CONTINUOUS
10
0.8152366535433071
20
0.5092993700787402
11
0.8152365748031496
21
0.5092990551181102
0
LINE
8
BLACK
6
CONTINUOUS
10
0.8152365748031496
20
0.5092990551181102
11
0.8149803149606299
21
0.5069153149606299
0
LINE
8
BLACK
6
CONTINUOUS
10
0.8149803149606299
20
0.5069153149606299
11
0.8149803149606299
21
0.3530846456692913
0
LINE
8
BLACK
6
CONTINUOUS
10
0.8149803149606299
20
0.3530846456692913
11
0.8152365748031496
21
0.350700905511811
0
LINE
8
BLACK
6
CONTINUOUS
10
0.8152365748031496
20
0.350700905511811
11
0.8152366535433071
21
0.3507005905511811
0
LINE
8
BLACK
6
CONTINUOUS
10
0.8152366535433071
20
0.3507005905511811
11
0.8172484251968504
21
0.345306968503937
0
LINE
8
BLACK
6
CONTINUOUS
10
0.8172484251968504
20
0.345306968503937
11
0.8172485039370079
21
0.3453067716535433
0
LINE
8
BLACK
6
CONTINUOUS
10
0.8172485039370079
20
0.3453067716535433
11
0.8206983464566929
21
0.3406983464566929
0
LINE
8
BLACK
6
CONTINUOUS
10
0.8206983464566929
20
0.3406983464566929
11
0.8253067716535433
21
0.3372485039370079
0
LINE
8
BLACK
6
CONTINUOUS
10
0.8253067716535433
20
0.3372485039370079
11
0.825306968503937
21
0.3372484251968504
0
LINE
8
BLACK
6
CONTINUOUS
10
0.825306968503937
20
0.3372484251968504
11
0.8280572047244095
21
0.3362226377952756
0
LINE
8
BLACK
6
CONTINUOUS
10
0.8280572047244095
20
0.3362226377952756
11
0.830294842519685
21
0.3345475590551181
0
LINE
8
BLACK
6
CONTINUOUS
10
0.830294842519685
20
0.3345475590551181
11
0.8312716141732284
21
0.3319286614173228
0
LINE
8
BLACK
6
CONTINUOUS
10
0.8312716141732284
20
0.3319286614173228
11
0.8306774409448818
21
0.3291974015748032
0
LINE
8
BLACK
6
CONTINUOUS
10
0.8306774409448818
20
0.3291974015748032
11
0.8287009842519685
21
0.3272209448818897
0
LINE
8
BLACK
6
CONTINUOUS
10
0.8287009842519685
20
0.3272209448818897
11
0.8280572047244095
21
0.326926968503937
0
LINE
8
BLACK
6
CONTINUOUS
10
0.8280572047244095
20
0.326926968503937
11
0.8266014173228347
21
0.326383937007874
0
LINE
8
BLACK
6
CONTINUOUS
10
0.8266014173228347
20
0.326383937007874
11
0.8253069291338583
21
0.3259011417322835
0
LINE
8
BLACK
6
CONTINUOUS
10
0.8253069291338583
20
0.3259011417322835
11
0.8253068503937008
21
0.3259011023622047
0
LINE
8
BLACK
6
CONTINUOUS
10
0.8253068503937008
20
0.3259011023622047
11
0.8253067716535433
21
0.325901062992126
0
LINE
8
BLACK
6
CONTINUOUS
10
0.8253067716535433
20
0.325901062992126
11
0.8206983464566929
21
0.322451220472441
0
LINE
8
BLACK
6
CONTINUOUS
10
0.8206983464566929
20
0.322451220472441
11
0.8172485039370079
21
0.3178427952755906
0
LINE
8
BLACK
6
CONTINUOUS
10
0.8172485039370079
20
0.3178427952755906
11
0.8172484251968504
21
0.3178425984251969
0
LINE
8
BLACK
6
CONTINUOUS
10
0.8172484251968504
20
0.3178425984251969
11
0.8152366535433071
21
0.3124489763779528
0
LINE
8
BLACK
6
CONTINUOUS
10
0.8152366535433071
20
0.3124489763779528
11
0.8152365748031496
21
0.3124486614173228
0
LINE
8
BLACK
6
CONTINUOUS
10
0.8152365748031496
20
0.3124486614173228
11
0.8149803149606299
21
0.3100649212598425
0
LINE
8
BLACK
6
CONTINUOUS
10
0.8149803149606299
20
0.3100649212598425
11
0.8149803149606299
21
0.1562342519685039
0
LINE
8
BLACK
6
CONTINUOUS
10
0.8149803149606299
20
0.1562342519685039
11
0.8152365748031496
21
0.1538505118110236
0
LINE
8
BLACK
6
CONTINUOUS
10
0.8152365748031496
20
0.1538505118110236
11
0.8152366535433071
21
0.1538501968503937
0
LINE
8
BLACK
6
CONTINUOUS
10
0.8152366535433071
20
0.1538501968503937
11
0.8172484251968504
21
0.1484565748031496
0
LINE
8
BLACK
6
CONTINUOUS
10
0.8172484251968504
20
0.1484565748031496
11
0.8172485039370079
21
0.1484563779527559
0
LINE
8
BLACK
6
CONTINUOUS
10
0.8172485039370079
20
0.1484563779527559
11
0.8206983464566929
21
0.1438479527559055
0
LINE
8
BLACK
6
CONTINUOUS
10
0.8206983464566929
20
0.1438479527559055
11
0.8253067716535433
21
0.1403981102362205
0
LINE
8
BLACK
6
CONTINUOUS
10
0.8253067716535433
20
0.1403981102362205
11
0.825306968503937
21
0.140398031496063
0
LINE
8
BLACK
6
CONTINUOUS
10
0.825306968503937
20
0.140398031496063
11
0.8307005905511811
21
0.1383862598425197
0
LINE
8
BLACK
6
CONTINUOUS
10
0.8307005905511811
20
0.1383862598425197
11
0.830700905511811
21
0.1383861811023622
0
LINE
8
BLACK
6
CONTINUOUS
10
0.830700905511811
20
0.1383861811023622
11
0.8330846456692913
21
0.1381299212598425
0
LINE
8
BLACK
6
CONTINUOUS
10
0.8330846456692913
20
0.1381299212598425
11
0.8330851181102362
21
0.1381299212598425
0
LINE
8
BLACK
6
CONTINUOUS
10
0.8330851181102362
20
0.1381299212598425
11
0.9869153149606299
21
0.1381299212598425
0
LINE
8
BLACK
6
CONTINUOUS
10
0.9869153149606299
20
0.1381299212598425
11
0.9892990551181102
21
0.1383861811023622
0
LINE
8
BLACK
6
CONTINUOUS
10
0.9892990551181102
20
0.1383861811023622
11
0.9892993700787401
21
0.1383862598425197
0
LINE
8
BLACK
6
CONTINUOUS
10
0.9892993700787401
20
0.1383862598425197
11
0.9946929921259843
21
0.140398031496063
0
LINE
8
BLACK
6
CONTINUOUS
10
0.9946929921259843
20
0.140398031496063
11
0.9946931889763779
21
0.1403981102362205
0
LINE
8
BLACK
6
CONTINUOUS
10
0.9946931889763779
20
0.1403981102362205
11
0.9993016141732283
21
0.1438479527559055
0
LINE
8
BLACK
6
CONTINUOUS
10
0.9993016141732283
20
0.1438479527559055
11
1.0027514566929134
21
0.1484563779527559
0
LINE
8
BLACK
6
CONTINUOUS
10
1.0027514566929134
20
0.1484563779527559
11
1.0027515354330709
21
0.1484565748031496
0
LINE
8
BLACK
6
CONTINUOUS
10
1.0027515354330709
20
0.1484565748031496
11
1.0047633070866142
21
0.1538501968503937
0
LINE
8
BLACK
6
CONTINUOUS
10
1.0047633070866142
20
0.1538501968503937
11
1.0047633858267717
21
0.1538505118110236
0
LINE
8
BLACK
6
CONTINUOUS
10
1.0047633858267717
20
0.1538505118110236
11
1.0050196456692913
21
0.1562342519685039
0
LINE
8
BLACK
6
CONTINUOUS
10
1.0050196456692913
20
0.1562342519685039
11
1.00501968503937
21
0.1562349212598425
0
LINE
8
BLACK
6
CONTINUOUS
10
1.00501968503937
20
0.1562349212598425
11
1.00501968503937
21
0.310064251968504
0
LINE
8
BLACK
6
CONTINUOUS
10
1.00501968503937
20
0.310064251968504
11
1.0050196456692913
21
0.3100649212598425
0
LINE
8
BLACK
6
CONTINUOUS
10
1.0050196456692913
20
0.3100649212598425
11
1.0047633858267717
21
0.3124486614173228
0
LINE
8
BLACK
6
CONTINUOUS
10
1.0047633858267717
20
0.3124486614173228
11
1.0047633070866142
21
0.3124489763779528
0
LINE
8
BLACK
6
CONTINUOUS
10
1.0047633070866142
20
0.3124489763779528
11
1.0044866141732283
21
0.313190748031496
0
LINE
8
BLACK
6
CONTINUOUS
10
1.0044866141732283
20
0.313190748031496
11
1.0027515354330709
21
0.3178426771653543
0
LINE
8
BLACK
6
CONTINUOUS
10
1.0027515354330709
20
0.3178426771653543
11
0.9993016141732283
21
0.322451220472441
0
LINE
8
BLACK
6
CONTINUOUS
10
0.9993016141732283
20
0.322451220472441
11
0.9946930708661417
21
0.3259011417322835
0
LINE
8
BLACK
6
CONTINUOUS
10
0.9946930708661417
20
0.3259011417322835
11
0.9919426377952756
21
0.326926968503937
0
LINE
8
BLACK
6
CONTINUOUS
10
0.9919426377952756
20
0.326926968503937
11
0.989705157480315
21
0.3286020078740157
0
LINE
8
BLACK
6
CONTINUOUS
10
0.989705157480315
20
0.3286020078740157
11
0.9887283464566929
21
0.3312209448818897
0
LINE
8
BLACK
6
CONTINUOUS
10
0.9887283464566929
20
0.3312209448818897
11
0.9893225196850394
21
0.3339522047244095
0
LINE
8
BLACK
6
CONTINUOUS
10
0.9893225196850394
20
0.3339522047244095
11
0.9912989763779527
21
0.3359286614173228
0
LINE
8
BLACK
6
CONTINUOUS
10
0.9912989763779527
20
0.3359286614173228
11
0.9919422834645669
21
0.3362224409448819
0
LINE
8
BLACK
6
CONTINUOUS
10
0.9919422834645669
20
0.3362224409448819
11
0.9946930708661417
21
0.3372484645669291
0
LINE
8
BLACK
6
CONTINUOUS
10
0.9946930708661417
20
0.3372484645669291
11
0.9946931102362204
21
0.3372485039370079
0
LINE
8
BLACK
6
CONTINUOUS
10
0.9946931102362204
20
0.3372485039370079
11
0.9946932283464567
21
0.3372485433070866
0
LINE
8
BLACK
6
CONTINUOUS
10
0.9946932283464567
20
0.3372485433070866
11
0.9993016141732283
21
0.3406983464566929
0
LINE
8
BLACK
6
CONTINUOUS
10
0.9993016141732283
20
0.3406983464566929
11
1.0027514566929134
21
0.3453067716535433
0
LINE
8
BLACK
6
CONTINUOUS
10
1.0027514566929134
20
0.3453067716535433
11
1.0027515354330709
21
0.345306968503937
0
LINE
8
BLACK
6
CONTINUOUS
10
1.0027515354330709
20
0.345306968503937
11
1.0047633070866142
21
0.3507005905511811
0
LINE
8
BLACK
6
CONTINUOUS
10
1.0047633070866142
20
0.3507005905511811
11
1.0047633858267717
21
0.350700905511811
0
LINE
8
BLACK
6
CONTINUOUS
10
1.0047633858267717
20
0.350700905511811
11
1.0050196456692913
21
0.3530846456692913
0
LINE
8
BLACK
6
CONTINUOUS
10
1.0050196456692913
20
0.3530846456692913
11
1.00501968503937
21
0.3530853149606299
0
LINE
8
BLACK
6
CONTINUOUS
10
1.00501968503937
20
0.3530853149606299
11
1.00501968503937
21
0.5069146456692913
0
LINE
8
BLACK
6
CONTINUOUS
10
1.00501968503937
20
0.5069146456692913
11
1.0050196456692913
21
0.5069153149606299
0
LINE
8
BLACK
6
CONTINUOUS
10
1.0050196456692913
20
0.5069153149606299
11
1.0047633858267717
21
0.5092990551181102
0
LINE
8
BLACK
6
CONTINUOUS
10
1.0047633858267717
20
0.5092990551181102
11
1.0047633070866142
21
0.5092993700787402
0
LINE
8
BLACK
6
CONTINUOUS
10
1.0047633070866142
20
0.5092993700787402
11
1.0044866141732283
21
0.5100411417322834
0
LINE
8
BLACK
6
CONTINUOUS
10
1.0044866141732283
20
0.5100411417322834
11
1.0027515354330709
21
0.5146930708661417
0
LINE
8
BLACK
6
CONTINUOUS
10
1.0027515354330709
20
0.5146930708661417
11
0.9993016141732283
21
0.5193016141732283
0
LINE
8
BLACK
6
CONTINUOUS
10
0.9993016141732283
20
0.5193016141732283
11
0.9946930708661417
21
0.5227515354330708
0
LINE
8
BLACK
6
CONTINUOUS
10
0.9946930708661417
20
0.5227515354330708
11
0.9892992519685039
21
0.5247633464566929
0
LINE
8
BLACK
6
CONTINUOUS
10
0.9892992519685039
20
0.5247633464566929
11
0.9892991732283465
21
0.5247633464566929
0
LINE
8
BLACK
6
CONTINUOUS
10
0.9892991732283465
20
0.5247633464566929
11
0.9892990551181102
21
0.5247633858267716
0
LINE
8
BLACK
6
CONTINUOUS
10
0.9892990551181102
20
0.5247633858267716
11
0.9869153149606299
21
0.5250196456692914
0
LINE
8
BLACK
6
CONTINUOUS
10
0.9869153149606299
20
0.5250196456692914
11
0.9869151574803149
21
0.5250196456692914
0
LINE
8
BLACK
6
CONTINUOUS
10
0.9869151574803149
20
0.5250196456692914
11
0.9869148818897637
21
0.52501968503937
0
LINE
8
BLACK
6
CONTINUOUS
10
0.9869148818897637
20
0.52501968503937
11
0.8330851181102362
21
0.52501968503937
0
LINE
8
BLACK
6
CONTINUOUS
10
0.8330851181102362
20
0.52501968503937
11
0.8330848425196851
21
0.5250196456692914
0
LINE
8
BLACK
6
CONTINUOUS
10
0.1133861811023622
20
0.770700905511811
11
0.1133862598425197
21
0.7707005905511811
0
LINE
8
BLACK
6
CONTINUOUS
10
0.1133862598425197
20
0.7707005905511811
11
0.115398031496063
21
0.765306968503937
0
LINE
8
BLACK
6
CONTINUOUS
10
0.115398031496063
20
0.765306968503937
11
0.1153981102362205
21
0.7653067716535433
0
LINE
8
BLACK
6
CONTINUOUS
10
0.1153981102362205
20
0.7653067716535433
11
0.1188479527559055
21
0.7606983464566929
0
LINE
8
BLACK
6
CONTINUOUS
10
0.1188479527559055
20
0.7606983464566929
11
0.1234563779527559
21
0.7572485039370078
0
LINE
8
BLACK
6
CONTINUOUS
10
0.1234563779527559
20
0.7572485039370078
11
0.1234565748031496
21
0.7572484251968504
0
LINE
8
BLACK
6
CONTINUOUS
10
0.1234565748031496
20
0.7572484251968504
11
0.1288501968503937
21
0.755236653543307
0
LINE
8
BLACK
6
CONTINUOUS
10
0.1288501968503937
20
0.755236653543307
11
0.1288505118110236
21
0.7552365748031495
0
LINE
8
BLACK
6
CONTINUOUS
10
0.1288505118110236
20
0.7552365748031495
11
0.1312342519685039
21
0.7549803149606299
0
LINE
8
BLACK
6
CONTINUOUS
10
0.1312342519685039
20
0.7549803149606299
11
0.1312347244094488
21
0.7549803149606299
0
LINE
8
BLACK
6
CONTINUOUS
10
0.1312347244094488
20
0.7549803149606299
11
0.2741141732283465
21
0.7549803149606299
0
LINE
8
BLACK
6
CONTINUOUS
10
0.2741141732283465
20
0.7549803149606299
11
0.2767961023622047
21
0.7541928346456692
0
LINE
8
BLACK
6
CONTINUOUS
10
0.2767961023622047
20
0.7541928346456692
11
0.2786265354330709
21
0.7520803937007874
0
LINE
8
BLACK
6
CONTINUOUS
10
0.2786265354330709
20
0.7520803937007874
11
0.2790748031496063
21
0.7500196850393701
0
LINE
8
BLACK
6
CONTINUOUS
10
0.2790748031496063
20
0.7500196850393701
11
0.2790748031496063
21
0.6884098818897637
0
LINE
8
BLACK
6
CONTINUOUS
10
0.2790748031496063
20
0.6884098818897637
11
0.2790042125984252
21
0.6877709448818897
0
LINE
8
BLACK
6
CONTINUOUS
10
0.2790042125984252
20
0.6877709448818897
11
0.279014094488189
21
0.6877700393700787
0
LINE
8
BLACK
6
CONTINUOUS
10
0.279014094488189
20
0.6877700393700787
11
0.2789846850393701
21
0.6874592519685039
0
LINE
8
BLACK
6
CONTINUOUS
10
0.2789846850393701
20
0.6874592519685039
11
0.2790723622047244
21
0.6846704330708662
0
LINE
8
BLACK
6
CONTINUOUS
10
0.2790723622047244
20
0.6846704330708662
11
0.2790748031496063
21
0.6845146062992126
0
LINE
8
BLACK
6
CONTINUOUS
10
0.2790748031496063
20
0.6845146062992126
11
0.2790748031496063
21
0.6833688582677165
0
LINE
8
BLACK
6
CONTINUOUS
10
0.2790748031496063
20
0.6833688582677165
11
0.2790966929133858
21
0.6831954724409449
0
LINE
8
BLACK
6
CONTINUOUS
10
0.2790966929133858
20
0.6831954724409449
11
0.2791333070866142
21
0.6827301181102362
0
LINE
8
BLACK
6
CONTINUOUS
10
0.2791333070866142
20
0.6827301181102362
11
0.2791904330708662
21
0.6809122834645669
0
LINE
8
BLACK
6
CONTINUOUS
10
0.2791904330708662
20
0.6809122834645669
11
0.2791904724409449
21
0.6809122047244094
0
LINE
8
BLACK
6
CONTINUOUS
10
0.2791904724409449
20
0.6809122047244094
11
0.2794260236220472
21
0.6801013385826772
0
LINE
8
BLACK
6
CONTINUOUS
10
0.2794260236220472
20
0.6801013385826772
11
0.279583779527559
21
0.6793394094488189
0
LINE
8
BLACK
6
CONTINUOUS
10
0.279583779527559
20
0.6793394094488189
11
0.2796896062992126
21
0.6785015748031495
0
LINE
8
BLACK
6
CONTINUOUS
10
0.2796896062992126
20
0.6785015748031495
11
0.2796896850393701
21
0.6785013385826771
0
LINE
8
BLACK
6
CONTINUOUS
10
0.2796896850393701
20
0.6785013385826771
11
0.2803592913385827
21
0.67681
0
LINE
8
BLACK
6
CONTINUOUS
10
0.2803592913385827
20
0.67681
11
0.2805105905511811
21
0.6763680708661417
0
LINE
8
BLACK
6
CONTINUOUS
10
0.2805105905511811
20
0.6763680708661417
11
0.2810177952755906
21
0.6746222834645669
0
LINE
8
BLACK
6
CONTINUOUS
10
0.2810177952755906
20
0.6746222834645669
11
0.2810179133858268
21
0.6746220078740157
0
LINE
8
BLACK
6
CONTINUOUS
10
0.2810179133858268
20
0.6746220078740157
11
0.2814477559055118
21
0.6738951574803149
0
LINE
8
BLACK
6
CONTINUOUS
10
0.2814477559055118
20
0.6738951574803149
11
0.28179
21
0.6731964960629921
0
LINE
8
BLACK
6
CONTINUOUS
10
0.28179
20
0.6731964960629921
11
0.2821008661417323
21
0.6724113385826771
0
LINE
8
BLACK
6
CONTINUOUS
10
0.2821008661417323
20
0.6724113385826771
11
0.2821009448818897
21
0.672411220472441
0
LINE
8
BLACK
6
CONTINUOUS
10
0.2821009448818897
20
0.672411220472441
11
0.2831699606299213
21
0.670939842519685
0
LINE
8
BLACK
6
CONTINUOUS
10
0.2831699606299213
20
0.670939842519685
11
0.2834264566929134
21
0.6705493307086614
0
LINE
8
BLACK
6
CONTINUOUS
10
0.2834264566929134
20
0.6705493307086614
11
0.2843522047244094
21
0.6689840157480315
0
LINE
8
BLACK
6
CONTINUOUS
10
0.2843522047244094
20
0.6689840157480315
11
0.2849493700787402
21
0.6683868110236221
0
LINE
8
BLACK
6
CONTINUOUS
10
0.2849493700787402
20
0.6683868110236221
11
0.2854545669291338
21
0.6677953149606299
0
LINE
8
BLACK
6
CONTINUOUS
10
0.2854545669291338
20
0.6677953149606299
11
0.2856527952755906
21
0.6675225196850394
0
LINE
8
BLACK
6
CONTINUOUS
10
0.2856527952755906
20
0.6675225196850394
11
0.2859511417322835
21
0.6671119291338583
0
LINE
8
BLACK
6
CONTINUOUS
10
0.2859511417322835
20
0.6671119291338583
11
0.2865862992125984
21
0.6665864173228346
0
LINE
8
BLACK
6
CONTINUOUS
10
0.2865862992125984
20
0.6665864173228346
11
0.2873522834645669
21
0.6659527559055118
0
LINE
8
BLACK
6
CONTINUOUS
10
0.2873522834645669
20
0.6659527559055118
11
0.2876978346456693
21
0.6656382677165354
0
LINE
8
BLACK
6
CONTINUOUS
10
0.2876978346456693
20
0.6656382677165354
11
0.2942570078740158
21
0.6590790944881889
0
LINE
8
BLACK
6
CONTINUOUS
10
0.2942570078740158
20
0.6590790944881889
11
0.2946591338582677
21
0.6585773228346457
0
LINE
8
BLACK
6
CONTINUOUS
10
0.2946591338582677
20
0.6585773228346457
11
0.2946667322834646
21
0.6585836220472441
0
LINE
8
BLACK
6
CONTINUOUS
10
0.2946667322834646
20
0.6585836220472441
11
0.2948655905511811
21
0.6583431889763779
0
LINE
8
BLACK
6
CONTINUOUS
10
0.2948655905511811
20
0.6583431889763779
11
0.2969004724409449
21
0.6564322834645669
0
LINE
8
BLACK
6
CONTINUOUS
10
0.2969004724409449
20
0.6564322834645669
11
0.2970122047244094
21
0.6563240157480315
0
LINE
8
BLACK
6
CONTINUOUS
10
0.2970122047244094
20
0.6563240157480315
11
0.2978216141732283
21
0.6555146062992125
0
LINE
8
BLACK
6
CONTINUOUS
10
0.2978216141732283
20
0.6555146062992125
11
0.2978219291338582
21
0.6555143700787401
0
LINE
8
BLACK
6
CONTINUOUS
10
0.2978219291338582
20
0.6555143700787401
11
0.2979598031496063
21
0.6554074015748032
0
LINE
8
BLACK
6
CONTINUOUS
10
0.2979598031496063
20
0.6554074015748032
11
0.2983142913385827
21
0.6551046062992126
0
LINE
8
BLACK
6
CONTINUOUS
10
0.2983142913385827
20
0.6551046062992126
11
0.2996404330708661
21
0.6538593307086614
0
LINE
8
BLACK
6
CONTINUOUS
10
0.2996404330708661
20
0.6538593307086614
11
0.2996403937007874
21
0.6538593307086614
0
LINE
8
BLACK
6
CONTINUOUS
10
0.2996403937007874
20
0.6538593307086614
11
0.3003802755905512
21
0.6534525984251969
0
LINE
8
BLACK
6
CONTINUOUS
10
0.3003802755905512
20
0.6534525984251969
11
0.3010307086614173
21
0.6530253543307086
0
LINE
8
BLACK
6
CONTINUOUS
10
0.3010307086614173
20
0.6530253543307086
11
0.3016979527559055
21
0.6525077952755906
0
LINE
8
BLACK
6
CONTINUOUS
10
0.3016979527559055
20
0.6525077952755906
11
0.3016981496062992
21
0.6525076771653543
0
LINE
8
BLACK
6
CONTINUOUS
10
0.3016981496062992
20
0.6525076771653543
11
0.3033673622047244
21
0.6517853149606299
0
LINE
8
BLACK
6
CONTINUOUS
10
0.3033673622047244
20
0.6517853149606299
11
0.3037868897637795
21
0.6515798031496063
0
LINE
8
BLACK
6
CONTINUOUS
10
0.3037868897637795
20
0.6515798031496063
11
0.3053803543307086
21
0.6507037795275591
0
LINE
8
BLACK
6
CONTINUOUS
10
0.3053803543307086
20
0.6507037795275591
11
0.3057857086614173
21
0.65059968503937
0
LINE
8
BLACK
6
CONTINUOUS
10
0.3057857086614173
20
0.65059968503937
11
0.3061982283464567
21
0.6504937401574803
0
LINE
8
BLACK
6
CONTINUOUS
10
0.3061982283464567
20
0.6504937401574803
11
0.306934094488189
21
0.650241811023622
0
LINE
8
BLACK
6
CONTINUOUS
10
0.306934094488189
20
0.650241811023622
11
0.3077095669291339
21
0.6499062598425197
0
LINE
8
BLACK
6
CONTINUOUS
10
0.3077095669291339
20
0.6499062598425197
11
0.3095062992125984
21
0.649621653543307
0
LINE
8
BLACK
6
CONTINUOUS
10
0.3095062992125984
20
0.649621653543307
11
0.3099636614173228
21
0.649526968503937
0
LINE
8
BLACK
6
CONTINUOUS
10
0.3099636614173228
20
0.649526968503937
11
0.3104771653543307
21
0.6493951181102362
0
LINE
8
BLACK
6
CONTINUOUS
10
0.3104771653543307
20
0.6493951181102362
11
0.3117248818897638
21
0.6490748031496063
0
LINE
8
BLACK
6
CONTINUOUS
10
0.3117248818897638
20
0.6490748031496063
11
0.3125692125984252
21
0.6490748031496063
0
LINE
8
BLACK
6
CONTINUOUS
10
0.3125692125984252
20
0.6490748031496063
11
0.3133451181102362
21
0.6490137401574803
0
LINE
8
BLACK
6
CONTINUOUS
10
0.3133451181102362
20
0.6490137401574803
11
0.3141791732283464
21
0.6488816535433071
0
LINE
8
BLACK
6
CONTINUOUS
10
0.3141791732283464
20
0.6488816535433071
11
0.3159897244094488
21
0.6490527952755906
0
LINE
8
BLACK
6
CONTINUOUS
10
0.3159897244094488
20
0.6490527952755906
11
0.3164564960629921
21
0.6490748031496063
0
LINE
8
BLACK
6
CONTINUOUS
10
0.3164564960629921
20
0.6490748031496063
11
0.4932195275590551
21
0.6490748031496063
0
LINE
8
BLACK
6
CONTINUOUS
10
0.4932195275590551
20
0.6490748031496063
11
0.4959014566929134
21
0.6482873228346456
0
LINE
8
BLACK
6
CONTINUOUS
10
0.4959014566929134
20
0.6482873228346456
11
0.4961353149606299
21
0.6481274015748031
0
LINE
8
BLACK
6
CONTINUOUS
10
0.4961353149606299
20
0.6481274015748031
11
0.5020175984251969
21
0.6438536220472441
0
LINE
8
BLACK
6
CONTINUOUS
10
0.5020175984251969
20
0.6438536220472441
11
0.5088862598425197
21
0.6407955118110236
0
LINE
8
BLACK
6
CONTINUOUS
10
0.5088862598425197
20
0.6407955118110236
11
0.5162406692913386
21
0.639232283464567
0
LINE
8
BLACK
6
CONTINUOUS
10
0.5162406692913386
20
0.639232283464567
11
0.5237593307086614
21
0.639232283464567
0
LINE
8
BLACK
6
CONTINUOUS
10
0.5237593307086614
20
0.639232283464567
11
0.5311137007874016
21
0.6407955118110236
0
LINE
8
BLACK
6
CONTINUOUS
10
0.5311137007874016
20
0.6407955118110236
11
0.5379823622047244
21
0.6438536220472441
0
LINE
8
BLACK
6
CONTINUOUS
10
0.5379823622047244
20
0.6438536220472441
11
0.5440651574803149
21
0.648273031496063
0
LINE
8
BLACK
6
CONTINUOUS
10
0.5440651574803149
20
0.648273031496063
11
0.5490958267716536
21
0.6538601574803149
0
LINE
8
BLACK
6
CONTINUOUS
10
0.5490958267716536
20
0.6538601574803149
11
0.5490961023622047
21
0.6538605511811023
0
LINE
8
BLACK
6
CONTINUOUS
10
0.5490961023622047
20
0.6538605511811023
11
0.5528553937007874
21
0.6603718110236221
0
LINE
8
BLACK
6
CONTINUOUS
10
0.5528553937007874
20
0.6603718110236221
11
0.5551788188976378
21
0.6675225196850394
0
LINE
8
BLACK
6
CONTINUOUS
10
0.5551788188976378
20
0.6675225196850394
11
0.5559647244094488
21
0.6749999999999999
0
LINE
8
BLACK
6
CONTINUOUS
10
0.5559647244094488
20
0.6749999999999999
11
0.5551788188976378
21
0.6824774803149606
0
LINE
8
BLACK
6
CONTINUOUS
10
0.5551788188976378
20
0.6824774803149606
11
0.5528553937007874
21
0.6896281889763779
0
LINE
8
BLACK
6
CONTINUOUS
10
0.5528553937007874
20
0.6896281889763779
11
0.549096062992126
21
0.6961395275590551
0
LINE
8
BLACK
6
CONTINUOUS
10
0.549096062992126
20
0.6961395275590551
11
0.5476195669291338
21
0.6977793307086614
0
LINE
8
BLACK
6
CONTINUOUS
10
0.5476195669291338
20
0.6977793307086614
11
0.5440651574803149
21
0.7017269291338583
0
LINE
8
BLACK
6
CONTINUOUS
10
0.5440651574803149
20
0.7017269291338583
11
0.5440651181102362
21
0.7017269291338583
0
LINE
8
BLACK
6
CONTINUOUS
10
0.5440651181102362
20
0.7017269291338583
11
0.5440650787401574
21
0.7017270078740158
0
LINE
8
BLACK
6
CONTINUOUS
10
0.5440650787401574
20
0.7017270078740158
11
0.5379823622047244
21
0.7061463779527559
0
LINE
8
BLACK
6
CONTINUOUS
10
0.5379823622047244
20
0.7061463779527559
11
0.5311137007874016
21
0.7092044881889764
0
LINE
8
BLACK
6
CONTINUOUS
10
0.5311137007874016
20
0.7092044881889764
11
0.5237593307086614
21
0.710767716535433
0
LINE
8
BLACK
6
CONTINUOUS
10
0.5237593307086614
20
0.710767716535433
11
0.5162406692913386
21
0.710767716535433
0
LINE
8
BLACK
6
CONTINUOUS
10
0.5162406692913386
20
0.710767716535433
11
0.5088862992125984
21
0.7092044881889764
0
LINE
8
BLACK
6
CONTINUOUS
10
0.5088862992125984
20
0.7092044881889764
11
0.5020176377952755
21
0.7061463779527559
0
LINE
8
BLACK
6
CONTINUOUS
10
0.5020176377952755
20
0.7061463779527559
11
0.4988227165354331
21
0.7038251181102362
0
LINE
8
BLACK
6
CONTINUOUS
10
0.4988227165354331
20
0.7038251181102362
11
0.4961353149606299
21
0.7018725984251968
0
LINE
8
BLACK
6
CONTINUOUS
10
0.4961353149606299
20
0.7018725984251968
11
0.493502716535433
21
0.7009333070866142
0
LINE
8
BLACK
6
CONTINUOUS
10
0.493502716535433
20
0.7009333070866142
11
0.4932195275590551
21
0.7009251968503937
0
LINE
8
BLACK
6
CONTINUOUS
10
0.4932195275590551
20
0.7009251968503937
11
0.3358858267716535
21
0.7009251968503937
0
LINE
8
BLACK
6
CONTINUOUS
10
0.3358858267716535
20
0.7009251968503937
11
0.3332038976377953
21
0.7017126771653543
0
LINE
8
BLACK
6
CONTINUOUS
10
0.3332038976377953
20
0.7017126771653543
11
0.3313734645669291
21
0.7038251181102362
0
LINE
8
BLACK
6
CONTINUOUS
10
0.3313734645669291
20
0.7038251181102362
11
0.3309251968503937
21
0.7058858267716536
0
LINE
8
BLACK
6
CONTINUOUS
10
0.3309251968503937
20
0.7058858267716536
11
0.3309251968503937
21
0.7500196850393701
0
LINE
8
BLACK
6
CONTINUOUS
10
0.3309251968503937
20
0.7500196850393701
11
0.3317126771653543
21
0.7527016141732283
0
LINE
8
BLACK
6
CONTINUOUS
10
0.3317126771653543
20
0.7527016141732283
11
0.3338251181102362
21
0.7545320472440945
0
LINE
8
BLACK
6
CONTINUOUS
10
0.3338251181102362
20
0.7545320472440945
11
0.3358858267716535
21
0.7549803149606299
0
LINE
8
BLACK
6
CONTINUOUS
10
0.3358858267716535
20
0.7549803149606299
11
0.4819153149606299
21
0.7549803149606299
0
LINE
8
BLACK
6
CONTINUOUS
10
0.4819153149606299
20
0.7549803149606299
11
0.4842990551181102
21
0.7552365748031495
0
LINE
8
BLACK
6
CONTINUOUS
10
0.4842990551181102
20
0.7552365748031495
11
0.4842993700787401
21
0.755236653543307
0
LINE
8
BLACK
6
CONTINUOUS
10
0.4842993700787401
20
0.755236653543307
11
0.4896929921259842
21
0.7572484251968504
0
LINE
8
BLACK
6
CONTINUOUS
10
0.4896929921259842
20
0.7572484251968504
11
0.4896931889763779
21
0.7572485039370078
0
LINE
8
BLACK
6
CONTINUOUS
10
0.4896931889763779
20
0.7572485039370078
11
0.4943016141732283
21
0.7606983464566929
0
LINE
8
BLACK
6
CONTINUOUS
10
0.4943016141732283
20
0.7606983464566929
11
0.4977514566929134
21
0.7653067716535433
0
LINE
8
BLACK
6
CONTINUOUS
10
0.4977514566929134
20
0.7653067716535433
11
0.4977515354330709
21
0.765306968503937
0
LINE
8
BLACK
6
CONTINUOUS
10
0.4977515354330709
20
0.765306968503937
11
0.4997633070866142
21
0.7707005905511811
0
LINE
8
BLACK
6
CONTINUOUS
10
0.4997633070866142
20
0.7707005905511811
11
0.4997633858267717
21
0.770700905511811
0
LINE
8
BLACK
6
CONTINUOUS
10
0.4997633858267717
20
0.770700905511811
11
0.5000196456692914
21
0.7730846456692914
0
LINE
8
BLACK
6
CONTINUOUS
10
0.5000196456692914
20
0.7730846456692914
11
0.5000196850393701
21
0.7730853149606299
0
LINE
8
BLACK
6
CONTINUOUS
10
0.5000196850393701
20
0.7730853149606299
11
0.5000196850393701
21
0.7949602362204724
0
LINE
8
BLACK
6
CONTINUOUS
10
0.5000196850393701
20
0.7949602362204724
11
0.5000196850393701
21
0.9269146456692913
0
LINE
8
BLACK
6
CONTINUOUS
10
0.5000196850393701
20
0.9269146456692913
11
0.5000196456692914
21
0.92691531496063
0
LINE
8
BLACK
6
CONTINUOUS
10
0.5000196456692914
20
0.92691531496063
11
0.4997633858267717
21
0.9292990551181102
0
LINE
8
BLACK
6
CONTINUOUS
10
0.4997633858267717
20
0.9292990551181102
11
0.4997633070866142
21
0.9292993700787401
0
LINE
8
BLACK
6
CONTINUOUS
10
0.4997633070866142
20
0.9292993700787401
11
0.4989758661417323
21
0.9314105118110236
0
LINE
8
BLACK
6
CONTINUOUS
10
0.4989758661417323
20
0.9314105118110236
11
0.4977515354330709
21
0.9346930708661417
0
LINE
8
BLACK
6
CONTINUOUS
10
0.4977515354330709
20
0.9346930708661417
11
0.4975234645669291
21
0.9349977165354331
0
LINE
8
BLACK
6
CONTINUOUS
10
0.4975234645669291
20
0.9349977165354331
11
0.4943016141732283
21
0.9393016141732283
0
LINE
8
BLACK
6
CONTINUOUS
10
0.4943016141732283
20
0.9393016141732283
11
0.4896931889763779
21
0.9427514566929134
0
LINE
8
BLACK
6
CONTINUOUS
10
0.4896931889763779
20
0.9427514566929134
11
0.4896931496062992
21
0.9427514566929134
0
LINE
8
BLACK
6
CONTINUOUS
10
0.4896931496062992
20
0.9427514566929134
11
0.4896930708661417
21
0.9427515354330709
0
LINE
8
BLACK
6
CONTINUOUS
10
0.4896930708661417
20
0.9427515354330709
11
0.4894232283464567
21
0.9428521653543307
0
LINE
8
BLACK
6
CONTINUOUS
10
0.4894232283464567
20
0.9428521653543307
11
0.4871856692913386
21
0.9445271653543307
0
LINE
8
BLACK
6
CONTINUOUS
10
0.4871856692913386
20
0.9445271653543307
11
0.4862088582677165
21
0.947146062992126
0
LINE
8
BLACK
6
CONTINUOUS
10
0.4862088582677165
20
0.947146062992126
11
0.4868029921259843
21
0.9498773622047244
0
LINE
8
BLACK
6
CONTINUOUS
10
0.4868029921259843
20
0.9498773622047244
11
0.4887794488188976
21
0.9518538188976378
0
LINE
8
BLACK
6
CONTINUOUS
10
0.4887794488188976
20
0.9518538188976378
11
0.4894229527559055
21
0.9521477165354331
0
LINE
8
BLACK
6
CONTINUOUS
10
0.4894229527559055
20
0.9521477165354331
11
0.4896930708661417
21
0.9522484645669291
0
LINE
8
BLACK
6
CONTINUOUS
10
0.4896930708661417
20
0.9522484645669291
11
0.4896931889763779
21
0.9522485039370079
0
LINE
8
BLACK
6
CONTINUOUS
10
0.4896931889763779
20
0.9522485039370079
11
0.4943016141732283
21
0.9556983464566929
0
LINE
8
BLACK
6
CONTINUOUS
10
0.4943016141732283
20
0.9556983464566929
11
0.4977514566929134
21
0.9603067716535433
0
LINE
8
BLACK
6
CONTINUOUS
10
0.4977514566929134
20
0.9603067716535433
11
0.4977515354330709
21
0.9603069685039369
0
LINE
8
BLACK
6
CONTINUOUS
10
0.4977515354330709
20
0.9603069685039369
11
0.497775748031496
21
0.960371811023622
0
LINE
8
BLACK
6
CONTINUOUS
10
0.497775748031496
20
0.960371811023622
11
0.499076968503937
21
0.9638604724409449
0
LINE
8
BLACK
6
CONTINUOUS
10
0.499076968503937
20
0.9638604724409449
11
0.4997633070866142
21
0.9657005905511811
0
LINE
8
BLACK
6
CONTINUOUS
10
0.4997633070866142
20
0.9657005905511811
11
0.4997633858267717
21
0.965700905511811
0
LINE
8
BLACK
6
CONTINUOUS
10
0.4997633858267717
20
0.965700905511811
11
0.5000196456692914
21
0.9680846456692913
0
LINE
8
BLACK
6
CONTINUOUS
10
0.5000196456692914
20
0.9680846456692913
11
0.5000196850393701
21
0.9680853149606299
0
LINE
8
BLACK
6
CONTINUOUS
10
0.5000196850393701
20
0.9680853149606299
11
0.5000196850393701
21
1.1219146456692912
0
LINE
8
BLACK
6
CONTINUOUS
10
0.5000196850393701
20
1.1219146456692912
11
0.5000196456692914
21
1.1219153149606298
0
LINE
8
BLACK
6
CONTINUOUS
10
0.5000196456692914
20
1.1219153149606298
11
0.4997633858267717
21
1.1242990551181102
0
LINE
8
BLACK
6
CONTINUOUS
10
0.4997633858267717
20
1.1242990551181102
11
0.4997633070866142
21
1.12429937007874
0
LINE
8
BLACK
6
CONTINUOUS
10
0.4997633070866142
20
1.12429937007874
11
0.4987773622047244
21
1.1269427559055119
0
LINE
8
BLACK
6
CONTINUOUS
10
0.4987773622047244
20
1.1269427559055119
11
0.4977515354330709
21
1.1296930708661417
0
LINE
8
BLACK
6
CONTINUOUS
10
0.4977515354330709
20
1.1296930708661417
11
0.4943016141732283
21
1.1343016141732283
0
LINE
8
BLACK
6
CONTINUOUS
10
0.4943016141732283
20
1.1343016141732283
11
0.4931088188976378
21
1.1351945275590551
0
LINE
8
BLACK
6
CONTINUOUS
10
0.4931088188976378
20
1.1351945275590551
11
0.4896931889763779
21
1.1377514566929134
0
LINE
8
BLACK
6
CONTINUOUS
10
0.4896931889763779
20
1.1377514566929134
11
0.4896931496062992
21
1.1377514566929134
0
LINE
8
BLACK
6
CONTINUOUS
10
0.4896931496062992
20
1.1377514566929134
11
0.4896930708661417
21
1.1377515354330709
0
LINE
8
BLACK
6
CONTINUOUS
10
0.4896930708661417
20
1.1377515354330709
11
0.4842992519685039
21
1.139763346456693
0
LINE
8
BLACK
6
CONTINUOUS
10
0.4842992519685039
20
1.139763346456693
11
0.4842991732283464
21
1.139763346456693
0
LINE
8
BLACK
6
CONTINUOUS
10
0.4842991732283464
20
1.139763346456693
11
0.4842990551181102
21
1.1397633858267717
0
LINE
8
BLACK
6
CONTINUOUS
10
0.4842990551181102
20
1.1397633858267717
11
0.4819153149606299
21
1.1400196456692913
0
LINE
8
BLACK
6
CONTINUOUS
10
0.4819153149606299
20
1.1400196456692913
11
0.4819151574803149
21
1.1400196456692913
0
LINE
8
BLACK
6
CONTINUOUS
10
0.4819151574803149
20
1.1400196456692913
11
0.4819148818897638
21
1.14001968503937
0
LINE
8
BLACK
6
CONTINUOUS
10
0.4819148818897638
20
1.14001968503937
11
0.4819146456692913
21
1.14001968503937
0
LINE
8
BLACK
6
CONTINUOUS
10
0.4819146456692913
20
1.14001968503937
11
0.3436594488188977
21
1.14001968503937
0
LINE
8
BLACK
6
CONTINUOUS
10
0.3436594488188977
20
1.14001968503937
11
0.3409775196850394
21
1.1408071653543306
0
LINE
8
BLACK
6
CONTINUOUS
10
0.3409775196850394
20
1.1408071653543306
11
0.3391470866141732
21
1.1429196062992126
0
LINE
8
BLACK
6
CONTINUOUS
10
0.3391470866141732
20
1.1429196062992126
11
0.3387492913385827
21
1.1456862992125985
0
LINE
8
BLACK
6
CONTINUOUS
10
0.3387492913385827
20
1.1456862992125985
11
0.3399104724409449
21
1.1482288188976377
0
LINE
8
BLACK
6
CONTINUOUS
10
0.3399104724409449
20
1.1482288188976377
11
0.3401517716535433
21
1.1484879921259843
0
LINE
8
BLACK
6
CONTINUOUS
10
0.3401517716535433
20
1.1484879921259843
11
0.3494431102362205
21
1.1577793307086615
0
LINE
8
BLACK
6
CONTINUOUS
10
0.3494431102362205
20
1.1577793307086615
11
0.3518963385826772
21
1.1591189370078741
0
LINE
8
BLACK
6
CONTINUOUS
10
0.3518963385826772
20
1.1591189370078741
11
0.3529507874015748
21
1.159232283464567
0
LINE
8
BLACK
6
CONTINUOUS
10
0.3529507874015748
20
1.159232283464567
11
0.3537593307086614
21
1.159232283464567
0
LINE
8
BLACK
6
CONTINUOUS
10
0.3537593307086614
20
1.159232283464567
11
0.3611137007874016
21
1.1607955118110236
0
LINE
8
BLACK
6
CONTINUOUS
10
0.3611137007874016
20
1.1607955118110236
11
0.3679823622047244
21
1.163853622047244
0
LINE
8
BLACK
6
CONTINUOUS
10
0.3679823622047244
20
1.163853622047244
11
0.3740651574803149
21
1.168273031496063
0
LINE
8
BLACK
6
CONTINUOUS
10
0.3740651574803149
20
1.168273031496063
11
0.3790958267716535
21
1.1738601574803149
0
LINE
8
BLACK
6
CONTINUOUS
10
0.3790958267716535
20
1.1738601574803149
11
0.3790961023622047
21
1.1738605511811024
0
LINE
8
BLACK
6
CONTINUOUS
10
0.3790961023622047
20
1.1738605511811024
11
0.3828553937007874
21
1.1803718110236221
0
LINE
8
BLACK
6
CONTINUOUS
10
0.3828553937007874
20
1.1803718110236221
11
0.3851788188976378
21
1.1875225196850394
0
LINE
8
BLACK
6
CONTINUOUS
10
0.3851788188976378
20
1.1875225196850394
11
0.3859647244094488
21
1.1950000000000001
0
LINE
8
BLACK
6
CONTINUOUS
10
0.3859647244094488
20
1.1950000000000001
11
0.3851788188976378
21
1.2024774803149607
0
LINE
8
BLACK
6
CONTINUOUS
10
0.3851788188976378
20
1.2024774803149607
11
0.3828553937007874
21
1.209628188976378
0
LINE
8
BLACK
6
CONTINUOUS
10
0.3828553937007874
20
1.209628188976378
11
0.3790960629921259
21
1.2161395275590552
0
LINE
8
BLACK
6
CONTINUOUS
10
0.3790960629921259
20
1.2161395275590552
11
0.3786047637795276
21
1.216685157480315
0
LINE
8
BLACK
6
CONTINUOUS
10
0.3786047637795276
20
1.216685157480315
11
0.3756200787401575
21
1.22
0
LINE
8
BLACK
6
CONTINUOUS
10
0.3756200787401575
20
1.22
11
0.3740651574803149
21
1.2217269291338582
0
LINE
8
BLACK
6
CONTINUOUS
10
0.3740651574803149
20
1.2217269291338582
11
0.3740651181102362
21
1.2217269291338582
0
LINE
8
BLACK
6
CONTINUOUS
10
0.3740651181102362
20
1.2217269291338582
11
0.3740650787401575
21
1.2217270078740157
0
LINE
8
BLACK
6
CONTINUOUS
10
0.3740650787401575
20
1.2217270078740157
11
0.3679823622047244
21
1.2261463779527559
0
LINE
8
BLACK
6
CONTINUOUS
10
0.3679823622047244
20
1.2261463779527559
11
0.3611137007874016
21
1.2292044881889763
0
LINE
8
BLACK
6
CONTINUOUS
10
0.3611137007874016
20
1.2292044881889763
11
0.3537593307086614
21
1.2307677165354332
0
LINE
8
BLACK
6
CONTINUOUS
10
0.3537593307086614
20
1.2307677165354332
11
0.3462406692913386
21
1.2307677165354332
0
LINE
8
BLACK
6
CONTINUOUS
10
0.3462406692913386
20
1.2307677165354332
11
0.3388862992125984
21
1.2292044881889763
0
LINE
8
BLACK
6
CONTINUOUS
10
0.3388862992125984
20
1.2292044881889763
11
0.3320176377952756
21
1.2261463779527559
0
LINE
8
BLACK
6
CONTINUOUS
10
0.3320176377952756
20
1.2261463779527559
11
0.3320175984251968
21
1.2261463385826772
0
LINE
8
BLACK
6
CONTINUOUS
10
0.3320175984251968
20
1.2261463385826772
11
0.3259348031496063
21
1.2217269291338582
0
LINE
8
BLACK
6
CONTINUOUS
10
0.3259348031496063
20
1.2217269291338582
11
0.3209041338582677
21
1.2161398031496062
0
LINE
8
BLACK
6
CONTINUOUS
10
0.3209041338582677
20
1.2161398031496062
11
0.320903937007874
21
1.2161395275590552
0
LINE
8
BLACK
6
CONTINUOUS
10
0.320903937007874
20
1.2161395275590552
11
0.3171446062992126
21
1.209628188976378
0
LINE
8
BLACK
6
CONTINUOUS
10
0.3171446062992126
20
1.209628188976378
11
0.3160607086614173
21
1.2062923228346456
0
LINE
8
BLACK
6
CONTINUOUS
10
0.3160607086614173
20
1.2062923228346456
11
0.3149244881889764
21
1.2027953937007874
0
LINE
8
BLACK
6
CONTINUOUS
10
0.3149244881889764
20
1.2027953937007874
11
0.3148211811023622
21
1.2024774803149607
0
LINE
8
BLACK
6
CONTINUOUS
10
0.3148211811023622
20
1.2024774803149607
11
0.3143009842519685
21
1.1975281102362205
0
LINE
8
BLACK
6
CONTINUOUS
10
0.3143009842519685
20
1.1975281102362205
11
0.3132374409448819
21
1.194943188976378
0
LINE
8
BLACK
6
CONTINUOUS
10
0.3132374409448819
20
1.194943188976378
11
0.3128751968503937
21
1.1945389763779528
0
LINE
8
BLACK
6
CONTINUOUS
10
0.3128751968503937
20
1.1945389763779528
11
0.2890793307086614
21
1.1707431102362205
0
LINE
8
BLACK
6
CONTINUOUS
10
0.2890793307086614
20
1.1707431102362205
11
0.2885775196850394
21
1.1703411023622048
0
LINE
8
BLACK
6
CONTINUOUS
10
0.2885775196850394
20
1.1703411023622048
11
0.2885838582677165
21
1.1703335039370077
0
LINE
8
BLACK
6
CONTINUOUS
10
0.2885838582677165
20
1.1703335039370077
11
0.2883433464566929
21
1.1701345275590551
0
LINE
8
BLACK
6
CONTINUOUS
10
0.2883433464566929
20
1.1701345275590551
11
0.2883433070866142
21
1.1701344881889764
0
LINE
8
BLACK
6
CONTINUOUS
10
0.2883433070866142
20
1.1701344881889764
11
0.2865952755905512
21
1.168273031496063
0
LINE
8
BLACK
6
CONTINUOUS
10
0.2865952755905512
20
1.168273031496063
11
0.286432874015748
21
1.1681000787401574
0
LINE
8
BLACK
6
CONTINUOUS
10
0.286432874015748
20
1.1681000787401574
11
0.2863255905511811
21
1.16798937007874
0
LINE
8
BLACK
6
CONTINUOUS
10
0.2863255905511811
20
1.16798937007874
11
0.2855147637795276
21
1.1671785433070865
0
LINE
8
BLACK
6
CONTINUOUS
10
0.2855147637795276
20
1.1671785433070865
11
0.2855144094488189
21
1.1671781496062992
0
LINE
8
BLACK
6
CONTINUOUS
10
0.2855144094488189
20
1.1671781496062992
11
0.2854075984251969
21
1.1670404330708661
0
LINE
8
BLACK
6
CONTINUOUS
10
0.2854075984251969
20
1.1670404330708661
11
0.2851041732283465
21
1.166685157480315
0
LINE
8
BLACK
6
CONTINUOUS
10
0.2851041732283465
20
1.166685157480315
11
0.2838593700787401
21
1.1653595669291339
0
LINE
8
BLACK
6
CONTINUOUS
10
0.2838593700787401
20
1.1653595669291339
11
0.2838593307086614
21
1.1653594881889764
0
LINE
8
BLACK
6
CONTINUOUS
10
0.2838593307086614
20
1.1653594881889764
11
0.2838591732283465
21
1.1653592519685039
0
LINE
8
BLACK
6
CONTINUOUS
10
0.2838591732283465
20
1.1653592519685039
11
0.2834525196850394
21
1.1646196062992125
0
LINE
8
BLACK
6
CONTINUOUS
10
0.2834525196850394
20
1.1646196062992125
11
0.2830253149606299
21
1.1639692125984251
0
LINE
8
BLACK
6
CONTINUOUS
10
0.2830253149606299
20
1.1639692125984251
11
0.2825076771653543
21
1.1633018503937007
0
LINE
8
BLACK
6
CONTINUOUS
10
0.2825076771653543
20
1.1633018503937007
11
0.2817852755905512
21
1.1616324803149607
0
LINE
8
BLACK
6
CONTINUOUS
10
0.2817852755905512
20
1.1616324803149607
11
0.2815797637795275
21
1.1612129921259842
0
LINE
8
BLACK
6
CONTINUOUS
10
0.2815797637795275
20
1.1612129921259842
11
0.2812207086614173
21
1.1605598818897638
0
LINE
8
BLACK
6
CONTINUOUS
10
0.2812207086614173
20
1.1605598818897638
11
0.280703779527559
21
1.1596196062992126
0
LINE
8
BLACK
6
CONTINUOUS
10
0.280703779527559
20
1.1596196062992126
11
0.2807037401574803
21
1.1596194881889763
0
LINE
8
BLACK
6
CONTINUOUS
10
0.2807037401574803
20
1.1596194881889763
11
0.2804938188976378
21
1.1588018897637795
0
LINE
8
BLACK
6
CONTINUOUS
10
0.2804938188976378
20
1.1588018897637795
11
0.2802417322834646
21
1.1580655511811024
0
LINE
8
BLACK
6
CONTINUOUS
10
0.2802417322834646
20
1.1580655511811024
11
0.2799062598425197
21
1.15729031496063
0
LINE
8
BLACK
6
CONTINUOUS
10
0.2799062598425197
20
1.15729031496063
11
0.279621811023622
21
1.1554941732283464
0
LINE
8
BLACK
6
CONTINUOUS
10
0.279621811023622
20
1.1554941732283464
11
0.2795270472440945
21
1.1550365748031495
0
LINE
8
BLACK
6
CONTINUOUS
10
0.2795270472440945
20
1.1550365748031495
11
0.2790748031496063
21
1.1532750787401576
0
LINE
8
BLACK
6
CONTINUOUS
10
0.2790748031496063
20
1.1532750787401576
11
0.2790748031496063
21
1.1524307480314961
0
LINE
8
BLACK
6
CONTINUOUS
10
0.2790748031496063
20
1.1524307480314961
11
0.2790137401574803
21
1.1516547244094488
0
LINE
8
BLACK
6
CONTINUOUS
10
0.2790137401574803
20
1.1516547244094488
11
0.2788816535433071
21
1.150820748031496
0
LINE
8
BLACK
6
CONTINUOUS
10
0.2788816535433071
20
1.150820748031496
11
0.2790527952755906
21
1.1490101968503936
0
LINE
8
BLACK
6
CONTINUOUS
10
0.2790527952755906
20
1.1490101968503936
11
0.2790748031496063
21
1.1485433858267717
0
LINE
8
BLACK
6
CONTINUOUS
10
0.2790748031496063
20
1.1485433858267717
11
0.2790748031496063
21
1.1449803149606299
0
LINE
8
BLACK
6
CONTINUOUS
10
0.2790748031496063
20
1.1449803149606299
11
0.2782873228346457
21
1.1422983858267717
0
LINE
8
BLACK
6
CONTINUOUS
10
0.2782873228346457
20
1.1422983858267717
11
0.2761748818897637
21
1.1404679527559054
0
LINE
8
BLACK
6
CONTINUOUS
10
0.2761748818897637
20
1.1404679527559054
11
0.2741141732283465
21
1.14001968503937
0
LINE
8
BLACK
6
CONTINUOUS
10
0.2741141732283465
20
1.14001968503937
11
0.1312347244094488
21
1.14001968503937
0
LINE
8
BLACK
6
CONTINUOUS
10
0.1312347244094488
20
1.14001968503937
11
0.1312344488188976
21
1.1400196456692913
0
LINE
8
BLACK
6
CONTINUOUS
10
0.1312344488188976
20
1.1400196456692913
11
0.1312342519685039
21
1.1400196456692913
0
LINE
8
BLACK
6
CONTINUOUS
10
0.1312342519685039
20
1.1400196456692913
11
0.1288505118110236
21
1.1397633858267717
0
LINE
8
BLACK
6
CONTINUOUS
10
0.1288505118110236
20
1.1397633858267717
11
0.1288501968503937
21
1.1397633070866142
0
LINE
8
BLACK
6
CONTINUOUS
10
0.1288501968503937
20
1.1397633070866142
11
0.1270229921259843
21
1.1390817716535433
0
LINE
8
BLACK
6
CONTINUOUS
10
0.1270229921259843
20
1.1390817716535433
11
0.1234565354330709
21
1.1377515354330709
0
LINE
8
BLACK
6
CONTINUOUS
10
0.1234565354330709
20
1.1377515354330709
11
0.1234564566929134
21
1.1377514960629922
0
LINE
8
BLACK
6
CONTINUOUS
10
0.1234564566929134
20
1.1377514960629922
11
0.1234563779527559
21
1.1377514566929134
0
LINE
8
BLACK
6
CONTINUOUS
10
0.1234563779527559
20
1.1377514566929134
11
0.1188479527559055
21
1.1343016141732283
0
LINE
8
BLACK
6
CONTINUOUS
10
0.1188479527559055
20
1.1343016141732283
11
0.1153981102362205
21
1.1296931889763779
0
LINE
8
BLACK
6
CONTINUOUS
10
0.1153981102362205
20
1.1296931889763779
11
0.115398031496063
21
1.1296929921259842
0
LINE
8
BLACK
6
CONTINUOUS
10
0.115398031496063
20
1.1296929921259842
11
0.1133862598425197
21
1.12429937007874
0
LINE
8
BLACK
6
CONTINUOUS
10
0.1133862598425197
20
1.12429937007874
11
0.1133861811023622
21
1.1242990551181102
0
LINE
8
BLACK
6
CONTINUOUS
10
0.1133861811023622
20
1.1242990551181102
11
0.1131299212598425
21
1.1219153149606298
0
LINE
8
BLACK
6
CONTINUOUS
10
0.1131299212598425
20
1.1219153149606298
11
0.1131299212598425
21
0.9680846456692913
0
LINE
8
BLACK
6
CONTINUOUS
10
0.1131299212598425
20
0.9680846456692913
11
0.1133861811023622
21
0.965700905511811
0
LINE
8
BLACK
6
CONTINUOUS
10
0.1133861811023622
20
0.965700905511811
11
0.1133862598425197
21
0.9657005905511811
0
LINE
8
BLACK
6
CONTINUOUS
10
0.1133862598425197
20
0.9657005905511811
11
0.115398031496063
21
0.9603069685039369
0
LINE
8
BLACK
6
CONTINUOUS
10
0.115398031496063
20
0.9603069685039369
11
0.1153981102362205
21
0.9603067716535433
0
LINE
8
BLACK
6
CONTINUOUS
10
0.1153981102362205
20
0.9603067716535433
11
0.1188479527559055
21
0.9556983464566929
0
LINE
8
BLACK
6
CONTINUOUS
10
0.1188479527559055
20
0.9556983464566929
11
0.1234563779527559
21
0.9522485039370079
0
LINE
8
BLACK
6
CONTINUOUS
10
0.1234563779527559
20
0.9522485039370079
11
0.1234564960629921
21
0.9522484645669291
0
LINE
8
BLACK
6
CONTINUOUS
10
0.1234564960629921
20
0.9522484645669291
11
0.1237263385826772
21
0.9521478346456693
0
LINE
8
BLACK
6
CONTINUOUS
10
0.1237263385826772
20
0.9521478346456693
11
0.125963937007874
21
0.9504727165354331
0
LINE
8
BLACK
6
CONTINUOUS
10
0.125963937007874
20
0.9504727165354331
11
0.1269407086614173
21
0.9478538188976378
0
LINE
8
BLACK
6
CONTINUOUS
10
0.1269407086614173
20
0.9478538188976378
11
0.1263465354330709
21
0.9451225590551181
0
LINE
8
BLACK
6
CONTINUOUS
10
0.1263465354330709
20
0.9451225590551181
11
0.1243700393700787
21
0.9431461417322834
0
LINE
8
BLACK
6
CONTINUOUS
10
0.1243700393700787
20
0.9431461417322834
11
0.1237263385826772
21
0.9428521653543307
0
LINE
8
BLACK
6
CONTINUOUS
10
0.1237263385826772
20
0.9428521653543307
11
0.1234565354330709
21
0.9427515354330709
0
LINE
8
BLACK
6
CONTINUOUS
10
0.1234565354330709
20
0.9427515354330709
11
0.1234564960629921
21
0.9427514960629921
0
LINE
8
BLACK
6
CONTINUOUS
10
0.1234564960629921
20
0.9427514960629921
11
0.1234563779527559
21
0.9427514566929134
0
LINE
8
BLACK
6
CONTINUOUS
10
0.1234563779527559
20
0.9427514566929134
11
0.1188479527559055
21
0.9393016141732283
0
LINE
8
BLACK
6
CONTINUOUS
10
0.1188479527559055
20
0.9393016141732283
11
0.1153981102362205
21
0.934693188976378
0
LINE
8
BLACK
6
CONTINUOUS
10
0.1153981102362205
20
0.934693188976378
11
0.115398031496063
21
0.9346929921259842
0
LINE
8
BLACK
6
CONTINUOUS
10
0.115398031496063
20
0.9346929921259842
11
0.1133862598425197
21
0.9292993700787401
0
LINE
8
BLACK
6
CONTINUOUS
10
0.1133862598425197
20
0.9292993700787401
11
0.1133861811023622
21
0.9292990551181102
0
LINE
8
BLACK
6
CONTINUOUS
10
0.1133861811023622
20
0.9292990551181102
11
0.1131299212598425
21
0.92691531496063
0
LINE
8
BLACK
6
CONTINUOUS
10
0.1131299212598425
20
0.92691531496063
11
0.1131299212598425
21
0.7730846456692914
0
LINE
8
BLACK
6
CONTINUOUS
10
0.1131299212598425
20
0.7730846456692914
11
0.1133861811023622
21
0.770700905511811
0
LINE
8
BLACK
6
CONTINUOUS
10
0.9402454724409448
20
0.7906631496062992
11
0.9402454724409448
21
0.7906629921259842
0
LINE
8
BLACK
6
CONTINUOUS
10
0.9402454724409448
20
0.7906629921259842
11
0.9406935826771653
21
0.7886031102362204
0
LINE
8
BLACK
6
CONTINUOUS
10
0.9406935826771653
20
0.7886031102362204
11
0.9406938188976378
21
0.788602283464567
0
LINE
8
BLACK
6
CONTINUOUS
10
0.9406938188976378
20
0.788602283464567
11
0.9420585826771654
21
0.7845017716535433
0
LINE
8
BLACK
6
CONTINUOUS
10
0.9420585826771654
20
0.7845017716535433
11
0.94516968503937
21
0.7796608267716535
0
LINE
8
BLACK
6
CONTINUOUS
10
0.94516968503937
20
0.7796608267716535
11
0.9469124409448819
21
0.7776495669291339
0
LINE
8
BLACK
6
CONTINUOUS
10
0.9469124409448819
20
0.7776495669291339
11
0.9469840551181102
21
0.7775622047244094
0
LINE
8
BLACK
6
CONTINUOUS
10
0.9469840551181102
20
0.7775622047244094
11
0.9513487401574803
21
0.7737802755905512
0
LINE
8
BLACK
6
CONTINUOUS
10
0.9513487401574803
20
0.7737802755905512
11
0.9513488582677165
21
0.7737801968503937
0
LINE
8
BLACK
6
CONTINUOUS
10
0.9513488582677165
20
0.7737801968503937
11
0.9565830708661417
21
0.7713898031496063
0
LINE
8
BLACK
6
CONTINUOUS
10
0.9565830708661417
20
0.7713898031496063
11
0.9592646456692914
21
0.7706024409448818
0
LINE
8
BLACK
6
CONTINUOUS
10
0.9592646456692914
20
0.7706024409448818
11
0.9592649212598425
21
0.7706023622047244
0
LINE
8
BLACK
6
CONTINUOUS
10
0.9592649212598425
20
0.7706023622047244
11
0.9611635433070866
21
0.7703293700787401
0
LINE
8
BLACK
6
CONTINUOUS
10
0.9611635433070866
20
0.7703293700787401
11
0.9649606299212599
21
0.7697834645669291
0
LINE
8
BLACK
6
CONTINUOUS
10
0.9649606299212599
20
0.7697834645669291
11
0.9649607874015748
21
0.7697834645669291
0
LINE
8
BLACK
6
CONTINUOUS
10
0.9649607874015748
20
0.7697834645669291
11
1.0450397244094487
21
0.7697834645669291
0
LINE
8
BLACK
6
CONTINUOUS
10
1.0450397244094487
20
0.7697834645669291
11
1.0481834251968503
21
0.7701214566929133
0
LINE
8
BLACK
6
CONTINUOUS
10
1.0481834251968503
20
0.7701214566929133
11
1.0493365748031496
21
0.7702454330708661
0
LINE
8
BLACK
6
CONTINUOUS
10
1.0493365748031496
20
0.7702454330708661
11
1.0493366929133858
21
0.7702454330708661
0
LINE
8
BLACK
6
CONTINUOUS
10
1.0493366929133858
20
0.7702454330708661
11
1.0493368110236221
21
0.7702454724409449
0
LINE
8
BLACK
6
CONTINUOUS
10
1.0493368110236221
20
0.7702454724409449
11
1.0493369685039369
21
0.7702454724409449
0
LINE
8
BLACK
6
CONTINUOUS
10
1.0493369685039369
20
0.7702454724409449
11
1.0513968503937008
21
0.7706935826771654
0
LINE
8
BLACK
6
CONTINUOUS
10
1.0513968503937008
20
0.7706935826771654
11
1.0513971653543306
21
0.7706936614173228
0
LINE
8
BLACK
6
CONTINUOUS
10
1.0513971653543306
20
0.7706936614173228
11
1.0513972834645668
21
0.7706937007874015
0
LINE
8
BLACK
6
CONTINUOUS
10
1.0513972834645668
20
0.7706937007874015
11
1.0513974015748031
21
0.7706937401574803
0
LINE
8
BLACK
6
CONTINUOUS
10
1.0513974015748031
20
0.7706937401574803
11
1.0513976771653544
21
0.7706938188976378
0
LINE
8
BLACK
6
CONTINUOUS
10
1.0513976771653544
20
0.7706938188976378
11
1.0554981889763779
21
0.7720585826771653
0
LINE
8
BLACK
6
CONTINUOUS
10
1.0554981889763779
20
0.7720585826771653
11
1.0570955118110237
21
0.7730851181102362
0
LINE
8
BLACK
6
CONTINUOUS
10
1.0570955118110237
20
0.7730851181102362
11
1.0603390551181102
21
0.7751696062992126
0
LINE
8
BLACK
6
CONTINUOUS
10
1.0603390551181102
20
0.7751696062992126
11
1.060339251968504
21
0.7751697637795275
0
LINE
8
BLACK
6
CONTINUOUS
10
1.060339251968504
20
0.7751697637795275
11
1.0603394094488188
21
0.7751698818897638
0
LINE
8
BLACK
6
CONTINUOUS
10
1.0603394094488188
20
0.7751698818897638
11
1.0623503937007874
21
0.7769124015748031
0
LINE
8
BLACK
6
CONTINUOUS
10
1.0623503937007874
20
0.7769124015748031
11
1.0624377952755906
21
0.7769840944881889
0
LINE
8
BLACK
6
CONTINUOUS
10
1.0624377952755906
20
0.7769840944881889
11
1.0662196850393701
21
0.7813487401574803
0
LINE
8
BLACK
6
CONTINUOUS
10
1.0662196850393701
20
0.7813487401574803
11
1.0662197637795274
21
0.7813488582677165
0
LINE
8
BLACK
6
CONTINUOUS
10
1.0662197637795274
20
0.7813488582677165
11
1.0686101574803148
21
0.7865830708661418
0
LINE
8
BLACK
6
CONTINUOUS
10
1.0686101574803148
20
0.7865830708661418
11
1.069203031496063
21
0.788602283464567
0
LINE
8
BLACK
6
CONTINUOUS
10
1.069203031496063
20
0.788602283464567
11
1.0693976377952756
21
0.789265
0
LINE
8
BLACK
6
CONTINUOUS
10
1.0693976377952756
20
0.789265
11
1.0702165354330708
21
0.7949606299212598
0
LINE
8
BLACK
6
CONTINUOUS
10
1.0702165354330708
20
0.7949606299212598
11
1.0702165354330708
21
1.0161436614173227
0
LINE
8
BLACK
6
CONTINUOUS
10
1.0702165354330708
20
1.0161436614173227
11
1.0710040157480314
21
1.0188255905511812
0
LINE
8
BLACK
6
CONTINUOUS
10
1.0710040157480314
20
1.0188255905511812
11
1.0731164566929134
21
1.0206560236220472
0
LINE
8
BLACK
6
CONTINUOUS
10
1.0731164566929134
20
1.0206560236220472
11
1.0758831496062993
21
1.0210538188976377
0
LINE
8
BLACK
6
CONTINUOUS
10
1.0758831496062993
20
1.0210538188976377
11
1.0784256692913385
21
1.0198926377952755
0
LINE
8
BLACK
6
CONTINUOUS
10
1.0784256692913385
20
1.0198926377952755
11
1.0786848425196851
21
1.0196513385826771
0
LINE
8
BLACK
6
CONTINUOUS
10
1.0786848425196851
20
1.0196513385826771
11
1.1814983464566928
21
0.9168377952755905
0
LINE
8
BLACK
6
CONTINUOUS
10
1.1814983464566928
20
0.9168377952755905
11
1.1828379527559054
21
0.9143845669291338
0
LINE
8
BLACK
6
CONTINUOUS
10
1.1828379527559054
20
0.9143845669291338
11
1.1826385433070865
21
0.9115965354330708
0
LINE
8
BLACK
6
CONTINUOUS
10
1.1826385433070865
20
0.9115965354330708
11
1.1822866929133857
21
0.9108498031496063
0
LINE
8
BLACK
6
CONTINUOUS
10
1.1822866929133857
20
0.9108498031496063
11
1.1805597244094488
21
0.9078585433070866
0
LINE
8
BLACK
6
CONTINUOUS
10
1.1805597244094488
20
0.9078585433070866
11
1.1792401968503936
21
0.9055730708661417
0
LINE
8
BLACK
6
CONTINUOUS
10
1.1792401968503936
20
0.9055730708661417
11
1.1781005511811022
21
0.9020657480314961
0
LINE
8
BLACK
6
CONTINUOUS
10
1.1781005511811022
20
0.9020657480314961
11
1.1769167322834646
21
0.8984223228346456
0
LINE
8
BLACK
6
CONTINUOUS
10
1.1769167322834646
20
0.8984223228346456
11
1.1761308661417322
21
0.8909448818897637
0
LINE
8
BLACK
6
CONTINUOUS
10
1.1761308661417322
20
0.8909448818897637
11
1.1769167322834646
21
0.8834674015748031
0
LINE
8
BLACK
6
CONTINUOUS
10
1.1769167322834646
20
0.8834674015748031
11
1.1792401968503936
21
0.8763167322834645
0
LINE
8
BLACK
6
CONTINUOUS
10
1.1792401968503936
20
0.8763167322834645
11
1.1792403149606299
21
0.8763164566929134
0
LINE
8
BLACK
6
CONTINUOUS
10
1.1792403149606299
20
0.8763164566929134
11
1.1829994488188975
21
0.8698054330708661
0
LINE
8
BLACK
6
CONTINUOUS
10
1.1829994488188975
20
0.8698054330708661
11
1.1829997244094488
21
0.8698050393700787
0
LINE
8
BLACK
6
CONTINUOUS
10
1.1829997244094488
20
0.8698050393700787
11
1.1880303937007874
21
0.8642179133858268
0
LINE
8
BLACK
6
CONTINUOUS
10
1.1880303937007874
20
0.8642179133858268
11
1.1941131889763779
21
0.8597985039370079
0
LINE
8
BLACK
6
CONTINUOUS
10
1.1941131889763779
20
0.8597985039370079
11
1.2009818503937009
21
0.8567403937007874
0
LINE
8
BLACK
6
CONTINUOUS
10
1.2009818503937009
20
0.8567403937007874
11
1.2083362598425196
21
0.8551771653543306
0
LINE
8
BLACK
6
CONTINUOUS
10
1.2083362598425196
20
0.8551771653543306
11
1.2158549212598424
21
0.8551771653543306
0
LINE
8
BLACK
6
CONTINUOUS
10
1.2158549212598424
20
0.8551771653543306
11
1.2232092913385826
21
0.8567403937007874
0
LINE
8
BLACK
6
CONTINUOUS
10
1.2232092913385826
20
0.8567403937007874
11
1.2300779527559056
21
0.8597985039370079
0
LINE
8
BLACK
6
CONTINUOUS
10
1.2300779527559056
20
0.8597985039370079
11
1.236160748031496
21
0.8642179133858268
0
LINE
8
BLACK
6
CONTINUOUS
10
1.236160748031496
20
0.8642179133858268
11
1.2411914173228347
21
0.8698050393700787
0
LINE
8
BLACK
6
CONTINUOUS
10
1.2411914173228347
20
0.8698050393700787
11
1.2411916929133857
21
0.8698054330708661
0
LINE
8
BLACK
6
CONTINUOUS
10
1.2411916929133857
20
0.8698054330708661
11
1.2449509842519684
21
0.8763166929133858
0
LINE
8
BLACK
6
CONTINUOUS
10
1.2449509842519684
20
0.8763166929133858
11
1.2449511023622046
21
0.8763170866141732
0
LINE
8
BLACK
6
CONTINUOUS
10
1.2449511023622046
20
0.8763170866141732
11
1.2450466929133859
21
0.8765316929133858
0
LINE
8
BLACK
6
CONTINUOUS
10
1.2450466929133859
20
0.8765316929133858
11
1.2468569291338583
21
0.8786614566929134
0
LINE
8
BLACK
6
CONTINUOUS
10
1.2468569291338583
20
0.8786614566929134
11
1.2495312204724409
21
0.8794744094488188
0
LINE
8
BLACK
6
CONTINUOUS
10
1.2495312204724409
20
0.8794744094488188
11
1.2506096456692912
21
0.8793662992125985
0
LINE
8
BLACK
6
CONTINUOUS
10
1.2506096456692912
20
0.8793662992125985
11
1.2512406299212597
21
0.8792322047244094
0
LINE
8
BLACK
6
CONTINUOUS
10
1.2512406299212597
20
0.8792322047244094
11
1.2512406692913385
21
0.8792322047244094
0
LINE
8
BLACK
6
CONTINUOUS
10
1.2512406692913385
20
0.8792322047244094
11
1.2587593307086613
21
0.8792322047244094
0
LINE
8
BLACK
6
CONTINUOUS
10
1.2587593307086613
20
0.8792322047244094
11
1.2661137007874015
21
0.8807954330708662
0
LINE
8
BLACK
6
CONTINUOUS
10
1.2661137007874015
20
0.8807954330708662
11
1.2729823622047243
21
0.8838535433070865
0
LINE
8
BLACK
6
CONTINUOUS
10
1.2729823622047243
20
0.8838535433070865
11
1.2790650787401574
21
0.8882729133858267
0
LINE
8
BLACK
6
CONTINUOUS
10
1.2790650787401574
20
0.8882729133858267
11
1.280427716535433
21
0.8897862598425197
0
LINE
8
BLACK
6
CONTINUOUS
10
1.280427716535433
20
0.8897862598425197
11
1.2828074803149605
21
0.8912523622047244
0
LINE
8
BLACK
6
CONTINUOUS
10
1.2828074803149605
20
0.8912523622047244
11
1.2856021259842518
21
0.8911991338582677
0
LINE
8
BLACK
6
CONTINUOUS
10
1.2856021259842518
20
0.8911991338582677
11
1.2879243307086614
21
0.8896434645669291
0
LINE
8
BLACK
6
CONTINUOUS
10
1.2879243307086614
20
0.8896434645669291
11
1.2890368503937009
21
0.8870792913385827
0
LINE
8
BLACK
6
CONTINUOUS
10
1.2890368503937009
20
0.8870792913385827
11
1.2890748031496062
21
0.8864669291338583
0
LINE
8
BLACK
6
CONTINUOUS
10
1.2890748031496062
20
0.8864669291338583
11
1.2890748031496062
21
0.76156531496063
0
LINE
8
BLACK
6
CONTINUOUS
10
1.2890748031496062
20
0.76156531496063
11
1.2882873228346456
21
0.7588833858267716
0
LINE
8
BLACK
6
CONTINUOUS
10
1.2882873228346456
20
0.7588833858267716
11
1.2878005905511811
21
0.7582459448818898
0
LINE
8
BLACK
6
CONTINUOUS
10
1.2878005905511811
20
0.7582459448818898
11
1.2859039763779527
21
0.7561396062992126
0
LINE
8
BLACK
6
CONTINUOUS
10
1.2859039763779527
20
0.7561396062992126
11
1.2853825984251968
21
0.7552365748031495
0
LINE
8
BLACK
6
CONTINUOUS
10
1.2853825984251968
20
0.7552365748031495
11
1.2821446062992126
21
0.749628188976378
0
LINE
8
BLACK
6
CONTINUOUS
10
1.2821446062992126
20
0.749628188976378
11
1.2810049606299212
21
0.7461208661417322
0
LINE
8
BLACK
6
CONTINUOUS
10
1.2810049606299212
20
0.7461208661417322
11
1.2798211417322833
21
0.7424774409448819
0
LINE
8
BLACK
6
CONTINUOUS
10
1.2798211417322833
20
0.7424774409448819
11
1.2790352755905512
21
0.735
0
LINE
8
BLACK
6
CONTINUOUS
10
1.2790352755905512
20
0.735
11
1.2798211417322833
21
0.7275225196850393
0
LINE
8
BLACK
6
CONTINUOUS
10
1.2798211417322833
20
0.7275225196850393
11
1.2803913385826771
21
0.725767716535433
0
LINE
8
BLACK
6
CONTINUOUS
10
1.2803913385826771
20
0.725767716535433
11
1.2814795275590551
21
0.7224186614173228
0
LINE
8
BLACK
6
CONTINUOUS
10
1.2814795275590551
20
0.7224186614173228
11
1.2815593700787402
21
0.7196247637795276
0
LINE
8
BLACK
6
CONTINUOUS
10
1.2815593700787402
20
0.7196247637795276
11
1.2801159842519685
21
0.7172311417322834
0
LINE
8
BLACK
6
CONTINUOUS
10
1.2801159842519685
20
0.7172311417322834
11
1.2776076377952756
21
0.715997874015748
0
LINE
8
BLACK
6
CONTINUOUS
10
1.2776076377952756
20
0.715997874015748
11
1.2767616929133858
21
0.7159251968503937
0
LINE
8
BLACK
6
CONTINUOUS
10
1.2767616929133858
20
0.7159251968503937
11
1.0367804724409448
21
0.7159251968503937
0
LINE
8
BLACK
6
CONTINUOUS
10
1.0367804724409448
20
0.7159251968503937
11
1.0340985433070866
21
0.7167126771653544
0
LINE
8
BLACK
6
CONTINUOUS
10
1.0340985433070866
20
0.7167126771653544
11
1.03386468503937
21
0.7168725984251968
0
LINE
8
BLACK
6
CONTINUOUS
10
1.03386468503937
20
0.7168725984251968
11
1.0279823622047244
21
0.7211463779527559
0
LINE
8
BLACK
6
CONTINUOUS
10
1.0279823622047244
20
0.7211463779527559
11
1.0211137007874016
21
0.7242044881889763
0
LINE
8
BLACK
6
CONTINUOUS
10
1.0211137007874016
20
0.7242044881889763
11
1.0137593307086614
21
0.725767716535433
0
LINE
8
BLACK
6
CONTINUOUS
10
1.0137593307086614
20
0.725767716535433
11
1.0062406692913386
21
0.725767716535433
0
LINE
8
BLACK
6
CONTINUOUS
10
1.0062406692913386
20
0.725767716535433
11
0.9988862992125984
21
0.7242044881889763
0
LINE
8
BLACK
6
CONTINUOUS
10
0.9988862992125984
20
0.7242044881889763
11
0.9920176377952755
21
0.7211463779527559
0
LINE
8
BLACK
6
CONTINUOUS
10
0.9920176377952755
20
0.7211463779527559
11
0.9888227165354331
21
0.7188251181102362
0
LINE
8
BLACK
6
CONTINUOUS
10
0.9888227165354331
20
0.7188251181102362
11
0.9859348031496062
21
0.7167269291338583
0
LINE
8
BLACK
6
CONTINUOUS
10
0.9859348031496062
20
0.7167269291338583
11
0.9809041338582677
21
0.7111398031496062
0
LINE
8
BLACK
6
CONTINUOUS
10
0.9809041338582677
20
0.7111398031496062
11
0.9809038582677165
21
0.7111394094488189
0
LINE
8
BLACK
6
CONTINUOUS
10
0.9809038582677165
20
0.7111394094488189
11
0.9792489763779527
21
0.708273031496063
0
LINE
8
BLACK
6
CONTINUOUS
10
0.9792489763779527
20
0.708273031496063
11
0.9771446062992126
21
0.7046281889763779
0
LINE
8
BLACK
6
CONTINUOUS
10
0.9771446062992126
20
0.7046281889763779
11
0.9762019291338583
21
0.7017269291338583
0
LINE
8
BLACK
6
CONTINUOUS
10
0.9762019291338583
20
0.7017269291338583
11
0.9748211417322834
21
0.6974774409448818
0
LINE
8
BLACK
6
CONTINUOUS
10
0.9748211417322834
20
0.6974774409448818
11
0.9740352755905511
21
0.6899999999999999
0
LINE
8
BLACK
6
CONTINUOUS
10
0.9740352755905511
20
0.6899999999999999
11
0.9748211417322834
21
0.6825225196850394
0
LINE
8
BLACK
6
CONTINUOUS
10
0.9748211417322834
20
0.6825225196850394
11
0.9771446062992126
21
0.6753718503937007
0
LINE
8
BLACK
6
CONTINUOUS
10
0.9771446062992126
20
0.6753718503937007
11
0.9771447244094488
21
0.6753715748031496
0
LINE
8
BLACK
6
CONTINUOUS
10
0.9771447244094488
20
0.6753715748031496
11
0.9809038582677165
21
0.6688605511811023
0
LINE
8
BLACK
6
CONTINUOUS
10
0.9809038582677165
20
0.6688605511811023
11
0.9809041338582677
21
0.6688601574803149
0
LINE
8
BLACK
6
CONTINUOUS
10
0.9809041338582677
20
0.6688601574803149
11
0.9859348031496062
21
0.663273031496063
0
LINE
8
BLACK
6
CONTINUOUS
10
0.9859348031496062
20
0.663273031496063
11
0.9920175984251969
21
0.6588536220472441
0
LINE
8
BLACK
6
CONTINUOUS
10
0.9920175984251969
20
0.6588536220472441
11
0.9988862598425197
21
0.6557955118110236
0
LINE
8
BLACK
6
CONTINUOUS
10
0.9988862598425197
20
0.6557955118110236
11
1.0062406692913386
21
0.654232283464567
0
LINE
8
BLACK
6
CONTINUOUS
10
1.0062406692913386
20
0.654232283464567
11
1.0137593307086614
21
0.654232283464567
0
LINE
8
BLACK
6
CONTINUOUS
10
1.0137593307086614
20
0.654232283464567
11
1.0211137007874016
21
0.6557955118110236
0
LINE
8
BLACK
6
CONTINUOUS
10
1.0211137007874016
20
0.6557955118110236
11
1.0279823622047244
21
0.6588536220472441
0
LINE
8
BLACK
6
CONTINUOUS
10
1.0279823622047244
20
0.6588536220472441
11
1.03386468503937
21
0.6631274015748031
0
LINE
8
BLACK
6
CONTINUOUS
10
1.03386468503937
20
0.6631274015748031
11
1.0364972834645669
21
0.6640666929133858
0
LINE
8
BLACK
6
CONTINUOUS
10
1.0364972834645669
20
0.6640666929133858
11
1.0367804724409448
21
0.6640748031496063
0
LINE
8
BLACK
6
CONTINUOUS
10
1.0367804724409448
20
0.6640748031496063
11
1.8615901181102361
21
0.6640748031496063
0
LINE
8
BLACK
6
CONTINUOUS
10
1.8615901181102361
20
0.6640748031496063
11
1.8622291338582677
21
0.6640042519685039
0
LINE
8
BLACK
6
CONTINUOUS
10
1.8622291338582677
20
0.6640042519685039
11
1.8622300787401573
21
0.6640140944881889
0
LINE
8
BLACK
6
CONTINUOUS
10
1.8622300787401573
20
0.6640140944881889
11
1.8625407874015747
21
0.66398468503937
0
LINE
8
BLACK
6
CONTINUOUS
10
1.8625407874015747
20
0.66398468503937
11
1.8653294881889764
21
0.6640723622047244
0
LINE
8
BLACK
6
CONTINUOUS
10
1.8653294881889764
20
0.6640723622047244
11
1.8654853149606299
21
0.6640748031496063
0
LINE
8
BLACK
6
CONTINUOUS
10
1.8654853149606299
20
0.6640748031496063
11
1.8666310629921259
21
0.6640748031496063
0
LINE
8
BLACK
6
CONTINUOUS
10
1.8666310629921259
20
0.6640748031496063
11
1.8666311811023621
21
0.6640748031496063
0
LINE
8
BLACK
6
CONTINUOUS
10
1.8666311811023621
20
0.6640748031496063
11
1.8668046456692913
21
0.6640966929133858
0
LINE
8
BLACK
6
CONTINUOUS
10
1.8668046456692913
20
0.6640966929133858
11
1.8672698818897637
21
0.6641333070866141
0
LINE
8
BLACK
6
CONTINUOUS
10
1.8672698818897637
20
0.6641333070866141
11
1.8690877559055117
21
0.6641904330708661
0
LINE
8
BLACK
6
CONTINUOUS
10
1.8690877559055117
20
0.6641904330708661
11
1.8690878740157479
21
0.6641904724409449
0
LINE
8
BLACK
6
CONTINUOUS
10
1.8690878740157479
20
0.6641904724409449
11
1.869898779527559
21
0.6644260236220473
0
LINE
8
BLACK
6
CONTINUOUS
10
1.869898779527559
20
0.6644260236220473
11
1.8706606299212598
21
0.6645837795275591
0
LINE
8
BLACK
6
CONTINUOUS
10
1.8706606299212598
20
0.6645837795275591
11
1.8714984251968503
21
0.6646896456692913
0
LINE
8
BLACK
6
CONTINUOUS
10
1.8714984251968503
20
0.6646896456692913
11
1.871498464566929
21
0.6646896456692913
0
LINE
8
BLACK
6
CONTINUOUS
10
1.871498464566929
20
0.6646896456692913
11
1.8731896850393701
21
0.6653592125984252
0
LINE
8
BLACK
6
CONTINUOUS
10
1.8731896850393701
20
0.6653592125984252
11
1.8736316535433071
21
0.6655105118110236
0
LINE
8
BLACK
6
CONTINUOUS
10
1.8736316535433071
20
0.6655105118110236
11
1.8753778346456693
21
0.6660178346456693
0
LINE
8
BLACK
6
CONTINUOUS
10
1.8753778346456693
20
0.6660178346456693
11
1.8753778740157481
21
0.6660178346456693
0
LINE
8
BLACK
6
CONTINUOUS
10
1.8753778740157481
20
0.6660178346456693
11
1.8761046456692914
21
0.6664476771653544
0
LINE
8
BLACK
6
CONTINUOUS
10
1.8761046456692914
20
0.6664476771653544
11
1.8768035826771654
21
0.6667900787401575
0
LINE
8
BLACK
6
CONTINUOUS
10
1.8768035826771654
20
0.6667900787401575
11
1.877588779527559
21
0.6671009448818898
0
LINE
8
BLACK
6
CONTINUOUS
10
1.877588779527559
20
0.6671009448818898
11
1.8775890157480315
21
0.6671011023622047
0
LINE
8
BLACK
6
CONTINUOUS
10
1.8775890157480315
20
0.6671011023622047
11
1.8790599606299212
21
0.668169842519685
0
LINE
8
BLACK
6
CONTINUOUS
10
1.8790599606299212
20
0.668169842519685
11
1.8794506692913386
21
0.6684264960629921
0
LINE
8
BLACK
6
CONTINUOUS
10
1.8794506692913386
20
0.6684264960629921
11
1.881015905511811
21
0.6693521653543307
0
LINE
8
BLACK
6
CONTINUOUS
10
1.881015905511811
20
0.6693521653543307
11
1.8810160236220472
21
0.6693522440944881
0
LINE
8
BLACK
6
CONTINUOUS
10
1.8810160236220472
20
0.6693522440944881
11
1.8816131496062991
21
0.6699493700787401
0
LINE
8
BLACK
6
CONTINUOUS
10
1.8816131496062991
20
0.6699493700787401
11
1.8822049212598424
21
0.6704548031496063
0
LINE
8
BLACK
6
CONTINUOUS
10
1.8822049212598424
20
0.6704548031496063
11
1.882888031496063
21
0.6709511023622047
0
LINE
8
BLACK
6
CONTINUOUS
10
1.882888031496063
20
0.6709511023622047
11
1.884047283464567
21
0.6723524015748031
0
LINE
8
BLACK
6
CONTINUOUS
10
1.884047283464567
20
0.6723524015748031
11
1.8843618503937007
21
0.6726980708661418
0
LINE
8
BLACK
6
CONTINUOUS
10
1.8843618503937007
20
0.6726980708661418
11
1.9094431102362204
21
0.6977793307086614
0
LINE
8
BLACK
6
CONTINUOUS
10
1.9094431102362204
20
0.6977793307086614
11
1.911896338582677
21
0.699118937007874
0
LINE
8
BLACK
6
CONTINUOUS
10
1.911896338582677
20
0.699118937007874
11
1.9129507874015748
21
0.6992322834645669
0
LINE
8
BLACK
6
CONTINUOUS
10
1.9129507874015748
20
0.6992322834645669
11
1.9137593307086613
21
0.6992322834645669
0
LINE
8
BLACK
6
CONTINUOUS
10
1.9137593307086613
20
0.6992322834645669
11
1.9211137007874015
21
0.7007955118110236
0
LINE
8
BLACK
6
CONTINUOUS
10
1.9211137007874015
20
0.7007955118110236
11
1.9279823622047243
21
0.7038536220472441
0
LINE
8
BLACK
6
CONTINUOUS
10
1.9279823622047243
20
0.7038536220472441
11
1.9340651574803149
21
0.708273031496063
0
LINE
8
BLACK
6
CONTINUOUS
10
1.9340651574803149
20
0.708273031496063
11
1.9390958267716536
21
0.7138601574803149
0
LINE
8
BLACK
6
CONTINUOUS
10
1.9390958267716536
20
0.7138601574803149
11
1.9390961023622046
21
0.7138605511811024
0
LINE
8
BLACK
6
CONTINUOUS
10
1.9390961023622046
20
0.7138605511811024
11
1.9428553937007873
21
0.720371811023622
0
LINE
8
BLACK
6
CONTINUOUS
10
1.9428553937007873
20
0.720371811023622
11
1.9451788188976378
21
0.7275225196850393
0
LINE
8
BLACK
6
CONTINUOUS
10
1.9451788188976378
20
0.7275225196850393
11
1.9459647244094487
21
0.735
0
LINE
8
BLACK
6
CONTINUOUS
10
1.9459647244094487
20
0.735
11
1.9451788188976378
21
0.7424774803149606
0
LINE
8
BLACK
6
CONTINUOUS
10
1.9451788188976378
20
0.7424774803149606
11
1.9428553937007873
21
0.749628188976378
0
LINE
8
BLACK
6
CONTINUOUS
10
1.9428553937007873
20
0.749628188976378
11
1.9390960629921259
21
0.7561395275590551
0
LINE
8
BLACK
6
CONTINUOUS
10
1.9390960629921259
20
0.7561395275590551
11
1.9380975984251969
21
0.7572484251968504
0
LINE
8
BLACK
6
CONTINUOUS
10
1.9380975984251969
20
0.7572484251968504
11
1.9340651574803149
21
0.7617269291338582
0
LINE
8
BLACK
6
CONTINUOUS
10
1.9340651574803149
20
0.7617269291338582
11
1.9340651181102362
21
0.7617269291338582
0
LINE
8
BLACK
6
CONTINUOUS
10
1.9340651181102362
20
0.7617269291338582
11
1.9340650787401574
21
0.7617270078740157
0
LINE
8
BLACK
6
CONTINUOUS
10
1.9340650787401574
20
0.7617270078740157
11
1.9279823622047243
21
0.7661463779527559
0
LINE
8
BLACK
6
CONTINUOUS
10
1.9279823622047243
20
0.7661463779527559
11
1.9211137007874015
21
0.7692044881889764
0
LINE
8
BLACK
6
CONTINUOUS
10
1.9211137007874015
20
0.7692044881889764
11
1.9137593307086613
21
0.7707677165354331
0
LINE
8
BLACK
6
CONTINUOUS
10
1.9137593307086613
20
0.7707677165354331
11
1.9062406692913385
21
0.7707677165354331
0
LINE
8
BLACK
6
CONTINUOUS
10
1.9062406692913385
20
0.7707677165354331
11
1.8988862992125983
21
0.7692044881889764
0
LINE
8
BLACK
6
CONTINUOUS
10
1.8988862992125983
20
0.7692044881889764
11
1.8920176377952755
21
0.7661463779527559
0
LINE
8
BLACK
6
CONTINUOUS
10
1.8920176377952755
20
0.7661463779527559
11
1.8920175984251968
21
0.7661463385826771
0
LINE
8
BLACK
6
CONTINUOUS
10
1.8920175984251968
20
0.7661463385826771
11
1.888731653543307
21
0.7637589763779528
0
LINE
8
BLACK
6
CONTINUOUS
10
1.888731653543307
20
0.7637589763779528
11
1.8860990551181103
21
0.7628196456692913
0
LINE
8
BLACK
6
CONTINUOUS
10
1.8860990551181103
20
0.7628196456692913
11
1.8833765354330709
21
0.7634527559055118
0
LINE
8
BLACK
6
CONTINUOUS
10
1.8833765354330709
20
0.7634527559055118
11
1.8814285039370078
21
0.7654572440944881
0
LINE
8
BLACK
6
CONTINUOUS
10
1.8814285039370078
20
0.7654572440944881
11
1.8808734251968504
21
0.7681967322834645
0
LINE
8
BLACK
6
CONTINUOUS
10
1.8808734251968504
20
0.7681967322834645
11
1.8811679527559055
21
0.7695055905511811
0
LINE
8
BLACK
6
CONTINUOUS
10
1.8811679527559055
20
0.7695055905511811
11
1.8816137401574802
21
0.770700748031496
0
LINE
8
BLACK
6
CONTINUOUS
10
1.8816137401574802
20
0.770700748031496
11
1.8816137401574802
21
0.7707008661417323
0
LINE
8
BLACK
6
CONTINUOUS
10
1.8816137401574802
20
0.7707008661417323
11
1.8816137795275589
21
0.770700905511811
0
LINE
8
BLACK
6
CONTINUOUS
10
1.8816137795275589
20
0.770700905511811
11
1.8818700393700787
21
0.7730846456692914
0
LINE
8
BLACK
6
CONTINUOUS
10
1.8818700393700787
20
0.7730846456692914
11
1.8818700787401574
21
0.7730853149606299
0
LINE
8
BLACK
6
CONTINUOUS
10
1.8818700787401574
20
0.7730853149606299
11
1.8818700787401574
21
0.9269146456692913
0
LINE
8
BLACK
6
CONTINUOUS
10
1.8818700787401574
20
0.9269146456692913
11
1.8818700393700787
21
0.92691531496063
0
LINE
8
BLACK
6
CONTINUOUS
10
1.8818700393700787
20
0.92691531496063
11
1.8816137795275589
21
0.9292990551181102
0
LINE
8
BLACK
6
CONTINUOUS
10
1.8816137795275589
20
0.9292990551181102
11
1.8816137007874014
21
0.9292993700787401
0
LINE
8
BLACK
6
CONTINUOUS
10
1.8816137007874014
20
0.9292993700787401
11
1.8808262598425196
21
0.9314105118110236
0
LINE
8
BLACK
6
CONTINUOUS
10
1.8808262598425196
20
0.9314105118110236
11
1.8796019291338582
21
0.9346930708661417
0
LINE
8
BLACK
6
CONTINUOUS
10
1.8796019291338582
20
0.9346930708661417
11
1.8793738582677164
21
0.9349977165354331
0
LINE
8
BLACK
6
CONTINUOUS
10
1.8793738582677164
20
0.9349977165354331
11
1.8761520078740157
21
0.9393016141732283
0
LINE
8
BLACK
6
CONTINUOUS
10
1.8761520078740157
20
0.9393016141732283
11
1.8715435826771654
21
0.9427514566929134
0
LINE
8
BLACK
6
CONTINUOUS
10
1.8715435826771654
20
0.9427514566929134
11
1.8715435433070866
21
0.9427514566929134
0
LINE
8
BLACK
6
CONTINUOUS
10
1.8715435433070866
20
0.9427514566929134
11
1.8715434645669291
21
0.9427515354330709
0
LINE
8
BLACK
6
CONTINUOUS
10
1.8715434645669291
20
0.9427515354330709
11
1.8712736220472441
21
0.9428521653543307
0
LINE
8
BLACK
6
CONTINUOUS
10
1.8712736220472441
20
0.9428521653543307
11
1.8690360629921259
21
0.9445271653543307
0
LINE
8
BLACK
6
CONTINUOUS
10
1.8690360629921259
20
0.9445271653543307
11
1.868059251968504
21
0.947146062992126
0
LINE
8
BLACK
6
CONTINUOUS
10
1.868059251968504
20
0.947146062992126
11
1.8686533858267715
21
0.9498773622047244
0
LINE
8
BLACK
6
CONTINUOUS
10
1.8686533858267715
20
0.9498773622047244
11
1.870629842519685
21
0.9518538188976378
0
LINE
8
BLACK
6
CONTINUOUS
10
1.870629842519685
20
0.9518538188976378
11
1.8712733464566929
21
0.9521477165354331
0
LINE
8
BLACK
6
CONTINUOUS
10
1.8712733464566929
20
0.9521477165354331
11
1.8715434645669291
21
0.9522484645669291
0
LINE
8
BLACK
6
CONTINUOUS
10
1.8715434645669291
20
0.9522484645669291
11
1.8715435826771654
21
0.9522485039370079
0
LINE
8
BLACK
6
CONTINUOUS
10
1.8715435826771654
20
0.9522485039370079
11
1.8761520078740157
21
0.9556983464566929
0
LINE
8
BLACK
6
CONTINUOUS
10
1.8761520078740157
20
0.9556983464566929
11
1.8796018503937006
21
0.9603067716535433
0
LINE
8
BLACK
6
CONTINUOUS
10
1.8796018503937006
20
0.9603067716535433
11
1.8796019291338582
21
0.9603069685039369
0
LINE
8
BLACK
6
CONTINUOUS
10
1.8796019291338582
20
0.9603069685039369
11
1.8796261417322835
21
0.960371811023622
0
LINE
8
BLACK
6
CONTINUOUS
10
1.8796261417322835
20
0.960371811023622
11
1.8809273622047245
21
0.9638604724409449
0
LINE
8
BLACK
6
CONTINUOUS
10
1.8809273622047245
20
0.9638604724409449
11
1.8816137007874014
21
0.9657005905511811
0
LINE
8
BLACK
6
CONTINUOUS
10
1.8816137007874014
20
0.9657005905511811
11
1.8816137795275589
21
0.965700905511811
0
LINE
8
BLACK
6
CONTINUOUS
10
1.8816137795275589
20
0.965700905511811
11
1.8818700393700787
21
0.9680846456692913
0
LINE
8
BLACK
6
CONTINUOUS
10
1.8818700393700787
20
0.9680846456692913
11
1.8818700787401574
21
0.9680853149606299
0
LINE
8
BLACK
6
CONTINUOUS
10
1.8818700787401574
20
0.9680853149606299
11
1.8818700787401574
21
1.1219146456692912
0
LINE
8
BLACK
6
CONTINUOUS
10
1.8818700787401574
20
1.1219146456692912
11
1.8818700393700787
21
1.1219153149606298
0
LINE
8
BLACK
6
CONTINUOUS
10
1.8818700393700787
20
1.1219153149606298
11
1.8816137795275589
21
1.1242990551181102
0
LINE
8
BLACK
6
CONTINUOUS
10
1.8816137795275589
20
1.1242990551181102
11
1.8816137007874014
21
1.12429937007874
0
LINE
8
BLACK
6
CONTINUOUS
10
1.8816137007874014
20
1.12429937007874
11
1.8806277559055118
21
1.1269427559055119
0
LINE
8
BLACK
6
CONTINUOUS
10
1.8806277559055118
20
1.1269427559055119
11
1.8796019291338582
21
1.1296930708661417
0
LINE
8
BLACK
6
CONTINUOUS
10
1.8796019291338582
20
1.1296930708661417
11
1.8761520078740157
21
1.1343016141732283
0
LINE
8
BLACK
6
CONTINUOUS
10
1.8761520078740157
20
1.1343016141732283
11
1.8749592125984251
21
1.1351945275590551
0
LINE
8
BLACK
6
CONTINUOUS
10
1.8749592125984251
20
1.1351945275590551
11
1.8715435826771654
21
1.1377514566929134
0
LINE
8
BLACK
6
CONTINUOUS
10
1.8715435826771654
20
1.1377514566929134
11
1.8715435433070866
21
1.1377514566929134
0
LINE
8
BLACK
6
CONTINUOUS
10
1.8715435433070866
20
1.1377514566929134
11
1.8715434645669291
21
1.1377515354330709
0
LINE
8
BLACK
6
CONTINUOUS
10
1.8715434645669291
20
1.1377515354330709
11
1.8661496456692912
21
1.139763346456693
0
LINE
8
BLACK
6
CONTINUOUS
10
1.8661496456692912
20
1.139763346456693
11
1.8661495669291339
21
1.139763346456693
0
LINE
8
BLACK
6
CONTINUOUS
10
1.8661495669291339
20
1.139763346456693
11
1.8661494488188977
21
1.1397633858267717
0
LINE
8
BLACK
6
CONTINUOUS
10
1.8661494488188977
20
1.1397633858267717
11
1.8637657086614172
21
1.1400196456692913
0
LINE
8
BLACK
6
CONTINUOUS
10
1.8637657086614172
20
1.1400196456692913
11
1.8637655511811022
21
1.1400196456692913
0
LINE
8
BLACK
6
CONTINUOUS
10
1.8637655511811022
20
1.1400196456692913
11
1.8637652755905512
21
1.14001968503937
0
LINE
8
BLACK
6
CONTINUOUS
10
1.8637652755905512
20
1.14001968503937
11
1.7099355118110235
21
1.14001968503937
0
LINE
8
BLACK
6
CONTINUOUS
10
1.7099355118110235
20
1.14001968503937
11
1.7099352362204725
21
1.1400196456692913
0
LINE
8
BLACK
6
CONTINUOUS
10
1.7099352362204725
20
1.1400196456692913
11
1.7099350393700787
21
1.1400196456692913
0
LINE
8
BLACK
6
CONTINUOUS
10
1.7099350393700787
20
1.1400196456692913
11
1.7075512992125983
21
1.1397633858267717
0
LINE
8
BLACK
6
CONTINUOUS
10
1.7075512992125983
20
1.1397633858267717
11
1.7075509842519685
21
1.1397633070866142
0
LINE
8
BLACK
6
CONTINUOUS
10
1.7075509842519685
20
1.1397633070866142
11
1.705723779527559
21
1.1390817716535433
0
LINE
8
BLACK
6
CONTINUOUS
10
1.705723779527559
20
1.1390817716535433
11
1.7021573228346456
21
1.1377515354330709
0
LINE
8
BLACK
6
CONTINUOUS
10
1.7021573228346456
20
1.1377515354330709
11
1.7021572440944881
21
1.1377514960629922
0
LINE
8
BLACK
6
CONTINUOUS
10
1.7021572440944881
20
1.1377514960629922
11
1.7021571653543306
21
1.1377514566929134
0
LINE
8
BLACK
6
CONTINUOUS
10
1.7021571653543306
20
1.1377514566929134
11
1.6975487401574803
21
1.1343016141732283
0
LINE
8
BLACK
6
CONTINUOUS
10
1.6975487401574803
20
1.1343016141732283
11
1.6940989370078741
21
1.1296932283464567
0
LINE
8
BLACK
6
CONTINUOUS
10
1.6940989370078741
20
1.1296932283464567
11
1.6940989370078741
21
1.1296931889763779
0
LINE
8
BLACK
6
CONTINUOUS
10
1.6940989370078741
20
1.1296931889763779
11
1.6940988582677166
21
1.1296930708661417
0
LINE
8
BLACK
6
CONTINUOUS
10
1.6940988582677166
20
1.1296930708661417
11
1.6930729921259842
21
1.1269426377952756
0
LINE
8
BLACK
6
CONTINUOUS
10
1.6930729921259842
20
1.1269426377952756
11
1.6913979921259843
21
1.1247051574803149
0
LINE
8
BLACK
6
CONTINUOUS
10
1.6913979921259843
20
1.1247051574803149
11
1.6887790551181101
21
1.123728346456693
0
LINE
8
BLACK
6
CONTINUOUS
10
1.6887790551181101
20
1.123728346456693
11
1.6860477952755906
21
1.1243225196850393
0
LINE
8
BLACK
6
CONTINUOUS
10
1.6860477952755906
20
1.1243225196850393
11
1.6840713385826771
21
1.1262989763779527
0
LINE
8
BLACK
6
CONTINUOUS
10
1.6840713385826771
20
1.1262989763779527
11
1.6837775196850393
21
1.1269422834645668
0
LINE
8
BLACK
6
CONTINUOUS
10
1.6837775196850393
20
1.1269422834645668
11
1.6827515354330709
21
1.1296930708661417
0
LINE
8
BLACK
6
CONTINUOUS
10
1.6827515354330709
20
1.1296930708661417
11
1.6793016141732282
21
1.1343016141732283
0
LINE
8
BLACK
6
CONTINUOUS
10
1.6793016141732282
20
1.1343016141732283
11
1.6781088188976379
21
1.1351945275590551
0
LINE
8
BLACK
6
CONTINUOUS
10
1.6781088188976379
20
1.1351945275590551
11
1.6746931889763779
21
1.1377514566929134
0
LINE
8
BLACK
6
CONTINUOUS
10
1.6746931889763779
20
1.1377514566929134
11
1.6746931496062991
21
1.1377514566929134
0
LINE
8
BLACK
6
CONTINUOUS
10
1.6746931496062991
20
1.1377514566929134
11
1.6746930708661416
21
1.1377515354330709
0
LINE
8
BLACK
6
CONTINUOUS
10
1.6746930708661416
20
1.1377515354330709
11
1.6692992519685039
21
1.139763346456693
0
LINE
8
BLACK
6
CONTINUOUS
10
1.6692992519685039
20
1.139763346456693
11
1.6692991732283464
21
1.139763346456693
0
LINE
8
BLACK
6
CONTINUOUS
10
1.6692991732283464
20
1.139763346456693
11
1.6692990551181102
21
1.1397633858267717
0
LINE
8
BLACK
6
CONTINUOUS
10
1.6692990551181102
20
1.1397633858267717
11
1.6669153149606299
21
1.1400196456692913
0
LINE
8
BLACK
6
CONTINUOUS
10
1.6669153149606299
20
1.1400196456692913
11
1.6669151574803149
21
1.1400196456692913
0
LINE
8
BLACK
6
CONTINUOUS
10
1.6669151574803149
20
1.1400196456692913
11
1.6669148818897637
21
1.14001968503937
0
LINE
8
BLACK
6
CONTINUOUS
10
1.6669148818897637
20
1.14001968503937
11
1.5130851181102363
21
1.14001968503937
0
LINE
8
BLACK
6
CONTINUOUS
10
1.5130851181102363
20
1.14001968503937
11
1.513084842519685
21
1.1400196456692913
0
LINE
8
BLACK
6
CONTINUOUS
10
1.513084842519685
20
1.1400196456692913
11
1.5130846456692912
21
1.1400196456692913
0
LINE
8
BLACK
6
CONTINUOUS
10
1.5130846456692912
20
1.1400196456692913
11
1.510700905511811
21
1.1397633858267717
0
LINE
8
BLACK
6
CONTINUOUS
10
1.510700905511811
20
1.1397633858267717
11
1.510700590551181
21
1.1397633070866142
0
LINE
8
BLACK
6
CONTINUOUS
10
1.510700590551181
20
1.1397633070866142
11
1.5088733858267716
21
1.1390817716535433
0
LINE
8
BLACK
6
CONTINUOUS
10
1.5088733858267716
20
1.1390817716535433
11
1.5053069291338583
21
1.1377515354330709
0
LINE
8
BLACK
6
CONTINUOUS
10
1.5053069291338583
20
1.1377515354330709
11
1.5053068503937008
21
1.1377514960629922
0
LINE
8
BLACK
6
CONTINUOUS
10
1.5053068503937008
20
1.1377514960629922
11
1.5053067716535433
21
1.1377514566929134
0
LINE
8
BLACK
6
CONTINUOUS
10
1.5053067716535433
20
1.1377514566929134
11
1.500698346456693
21
1.1343016141732283
0
LINE
8
BLACK
6
CONTINUOUS
10
1.500698346456693
20
1.1343016141732283
11
1.4972485039370078
21
1.1296931889763779
0
LINE
8
BLACK
6
CONTINUOUS
10
1.4972485039370078
20
1.1296931889763779
11
1.4972484251968503
21
1.1296929921259842
0
LINE
8
BLACK
6
CONTINUOUS
10
1.4972484251968503
20
1.1296929921259842
11
1.495236653543307
21
1.12429937007874
0
LINE
8
BLACK
6
CONTINUOUS
10
1.495236653543307
20
1.12429937007874
11
1.4952365748031495
21
1.1242990551181102
0
LINE
8
BLACK
6
CONTINUOUS
10
1.4952365748031495
20
1.1242990551181102
11
1.49498031496063
21
1.1219153149606298
0
LINE
8
BLACK
6
CONTINUOUS
10
1.49498031496063
20
1.1219153149606298
11
1.49498031496063
21
0.9680846456692913
0
LINE
8
BLACK
6
CONTINUOUS
10
1.49498031496063
20
0.9680846456692913
11
1.4952365748031495
21
0.965700905511811
0
LINE
8
BLACK
6
CONTINUOUS
10
1.4952365748031495
20
0.965700905511811
11
1.495236653543307
21
0.9657005905511811
0
LINE
8
BLACK
6
CONTINUOUS
10
1.495236653543307
20
0.9657005905511811
11
1.4972484251968503
21
0.9603069685039369
0
LINE
8
BLACK
6
CONTINUOUS
10
1.4972484251968503
20
0.9603069685039369
11
1.4972485039370078
21
0.9603067716535433
0
LINE
8
BLACK
6
CONTINUOUS
10
1.4972485039370078
20
0.9603067716535433
11
1.500698346456693
21
0.9556983464566929
0
LINE
8
BLACK
6
CONTINUOUS
10
1.500698346456693
20
0.9556983464566929
11
1.5053067716535433
21
0.9522485039370079
0
LINE
8
BLACK
6
CONTINUOUS
10
1.5053067716535433
20
0.9522485039370079
11
1.5053068897637796
21
0.9522484645669291
0
LINE
8
BLACK
6
CONTINUOUS
10
1.5053068897637796
20
0.9522484645669291
11
1.5055767322834646
21
0.9521478346456693
0
LINE
8
BLACK
6
CONTINUOUS
10
1.5055767322834646
20
0.9521478346456693
11
1.5078143307086613
21
0.9504727165354331
0
LINE
8
BLACK
6
CONTINUOUS
10
1.5078143307086613
20
0.9504727165354331
11
1.5087911023622047
21
0.9478538188976378
0
LINE
8
BLACK
6
CONTINUOUS
10
1.5087911023622047
20
0.9478538188976378
11
1.5081969291338582
21
0.9451225590551181
0
LINE
8
BLACK
6
CONTINUOUS
10
1.5081969291338582
20
0.9451225590551181
11
1.5062204330708662
21
0.9431461417322834
0
LINE
8
BLACK
6
CONTINUOUS
10
1.5062204330708662
20
0.9431461417322834
11
1.5055767322834646
21
0.9428521653543307
0
LINE
8
BLACK
6
CONTINUOUS
10
1.5055767322834646
20
0.9428521653543307
11
1.5053069291338583
21
0.9427515354330709
0
LINE
8
BLACK
6
CONTINUOUS
10
1.5053069291338583
20
0.9427515354330709
11
1.5053068897637796
21
0.9427514960629921
0
LINE
8
BLACK
6
CONTINUOUS
10
1.5053068897637796
20
0.9427514960629921
11
1.5053067716535433
21
0.9427514566929134
0
LINE
8
BLACK
6
CONTINUOUS
10
1.5053067716535433
20
0.9427514566929134
11
1.500698346456693
21
0.9393016141732283
0
LINE
8
BLACK
6
CONTINUOUS
10
1.500698346456693
20
0.9393016141732283
11
1.4972485039370078
21
0.934693188976378
0
LINE
8
BLACK
6
CONTINUOUS
10
1.4972485039370078
20
0.934693188976378
11
1.4972484251968503
21
0.9346929921259842
0
LINE
8
BLACK
6
CONTINUOUS
10
1.4972484251968503
20
0.9346929921259842
11
1.495236653543307
21
0.9292993700787401
0
LINE
8
BLACK
6
CONTINUOUS
10
1.495236653543307
20
0.9292993700787401
11
1.4952365748031495
21
0.9292990551181102
0
LINE
8
BLACK
6
CONTINUOUS
10
1.4952365748031495
20
0.9292990551181102
11
1.49498031496063
21
0.92691531496063
0
LINE
8
BLACK
6
CONTINUOUS
10
1.49498031496063
20
0.92691531496063
11
1.49498031496063
21
0.7730846456692914
0
LINE
8
BLACK
6
CONTINUOUS
10
1.49498031496063
20
0.7730846456692914
11
1.4952365748031495
21
0.770700905511811
0
LINE
8
BLACK
6
CONTINUOUS
10
1.4952365748031495
20
0.770700905511811
11
1.495236653543307
21
0.7707005905511811
0
LINE
8
BLACK
6
CONTINUOUS
10
1.495236653543307
20
0.7707005905511811
11
1.4972484251968503
21
0.765306968503937
0
LINE
8
BLACK
6
CONTINUOUS
10
1.4972484251968503
20
0.765306968503937
11
1.4972485039370078
21
0.7653067716535433
0
LINE
8
BLACK
6
CONTINUOUS
10
1.4972485039370078
20
0.7653067716535433
11
1.500698346456693
21
0.7606983464566929
0
LINE
8
BLACK
6
CONTINUOUS
10
1.500698346456693
20
0.7606983464566929
11
1.5053067716535433
21
0.7572485039370078
0
LINE
8
BLACK
6
CONTINUOUS
10
1.5053067716535433
20
0.7572485039370078
11
1.5053069685039371
21
0.7572484251968504
0
LINE
8
BLACK
6
CONTINUOUS
10
1.5053069685039371
20
0.7572484251968504
11
1.510700590551181
21
0.755236653543307
0
LINE
8
BLACK
6
CONTINUOUS
10
1.510700590551181
20
0.755236653543307
11
1.510700905511811
21
0.7552365748031495
0
LINE
8
BLACK
6
CONTINUOUS
10
1.510700905511811
20
0.7552365748031495
11
1.5130846456692912
21
0.7549803149606299
0
LINE
8
BLACK
6
CONTINUOUS
10
1.5130846456692912
20
0.7549803149606299
11
1.5130851181102363
21
0.7549803149606299
0
LINE
8
BLACK
6
CONTINUOUS
10
1.5130851181102363
20
0.7549803149606299
11
1.6669153149606299
21
0.7549803149606299
0
LINE
8
BLACK
6
CONTINUOUS
10
1.6669153149606299
20
0.7549803149606299
11
1.6692990551181102
21
0.7552365748031495
0
LINE
8
BLACK
6
CONTINUOUS
10
1.6692990551181102
20
0.7552365748031495
11
1.6692993700787402
21
0.755236653543307
0
LINE
8
BLACK
6
CONTINUOUS
10
1.6692993700787402
20
0.755236653543307
11
1.6746929921259841
21
0.7572484251968504
0
LINE
8
BLACK
6
CONTINUOUS
10
1.6746929921259841
20
0.7572484251968504
11
1.6746931889763779
21
0.7572485039370078
0
LINE
8
BLACK
6
CONTINUOUS
10
1.6746931889763779
20
0.7572485039370078
11
1.6793016141732282
21
0.7606983464566929
0
LINE
8
BLACK
6
CONTINUOUS
10
1.6793016141732282
20
0.7606983464566929
11
1.6827514566929134
21
0.7653067716535433
0
LINE
8
BLACK
6
CONTINUOUS
10
1.6827514566929134
20
0.7653067716535433
11
1.6827515354330709
21
0.765306968503937
0
LINE
8
BLACK
6
CONTINUOUS
10
1.6827515354330709
20
0.765306968503937
11
1.6837773622047243
21
0.7680572047244094
0
LINE
8
BLACK
6
CONTINUOUS
10
1.6837773622047243
20
0.7680572047244094
11
1.6854524409448819
21
0.7702948425196851
0
LINE
8
BLACK
6
CONTINUOUS
10
1.6854524409448819
20
0.7702948425196851
11
1.6880713385826771
21
0.7712716141732283
0
LINE
8
BLACK
6
CONTINUOUS
10
1.6880713385826771
20
0.7712716141732283
11
1.6908025984251969
21
0.7706774409448819
0
LINE
8
BLACK
6
CONTINUOUS
10
1.6908025984251969
20
0.7706774409448819
11
1.6927790551181101
21
0.7687009842519685
0
LINE
8
BLACK
6
CONTINUOUS
10
1.6927790551181101
20
0.7687009842519685
11
1.6930730314960629
21
0.7680572047244094
0
LINE
8
BLACK
6
CONTINUOUS
10
1.6930730314960629
20
0.7680572047244094
11
1.6940988188976378
21
0.765306968503937
0
LINE
8
BLACK
6
CONTINUOUS
10
1.6940988188976378
20
0.765306968503937
11
1.6940988976377953
21
0.7653067716535433
0
LINE
8
BLACK
6
CONTINUOUS
10
1.6940988976377953
20
0.7653067716535433
11
1.6975487401574803
21
0.7606983464566929
0
LINE
8
BLACK
6
CONTINUOUS
10
1.6975487401574803
20
0.7606983464566929
11
1.7021571653543306
21
0.7572485039370078
0
LINE
8
BLACK
6
CONTINUOUS
10
1.7021571653543306
20
0.7572485039370078
11
1.7021573622047244
21
0.7572484251968504
0
LINE
8
BLACK
6
CONTINUOUS
10
1.7021573622047244
20
0.7572484251968504
11
1.7075509842519685
21
0.755236653543307
0
LINE
8
BLACK
6
CONTINUOUS
10
1.7075509842519685
20
0.755236653543307
11
1.7075512992125983
21
0.7552365748031495
0
LINE
8
BLACK
6
CONTINUOUS
10
1.7075512992125983
20
0.7552365748031495
11
1.7099350393700787
21
0.7549803149606299
0
LINE
8
BLACK
6
CONTINUOUS
10
1.7099350393700787
20
0.7549803149606299
11
1.7099355118110235
21
0.7549803149606299
0
LINE
8
BLACK
6
CONTINUOUS
10
1.7099355118110235
20
0.7549803149606299
11
1.8637657086614172
21
0.7549803149606299
0
LINE
8
BLACK
6
CONTINUOUS
10
1.8637657086614172
20
0.7549803149606299
11
1.8661494488188977
21
0.7552365748031495
0
LINE
8
BLACK
6
CONTINUOUS
10
1.8661494488188977
20
0.7552365748031495
11
1.8661497637795275
21
0.755236653543307
0
LINE
8
BLACK
6
CONTINUOUS
10
1.8661497637795275
20
0.755236653543307
11
1.8713594881889763
21
0.7571798425196851
0
LINE
8
BLACK
6
CONTINUOUS
10
1.8713594881889763
20
0.7571798425196851
11
1.8741474803149605
21
0.7573792913385826
0
LINE
8
BLACK
6
CONTINUOUS
10
1.8741474803149605
20
0.7573792913385826
11
1.8766007480314961
21
0.7560397244094488
0
LINE
8
BLACK
6
CONTINUOUS
10
1.8766007480314961
20
0.7560397244094488
11
1.87794031496063
21
0.7535864960629921
0
LINE
8
BLACK
6
CONTINUOUS
10
1.87794031496063
20
0.7535864960629921
11
1.8777409448818898
21
0.7507984645669291
0
LINE
8
BLACK
6
CONTINUOUS
10
1.8777409448818898
20
0.7507984645669291
11
1.8773891338582678
21
0.7500517716535433
0
LINE
8
BLACK
6
CONTINUOUS
10
1.8773891338582678
20
0.7500517716535433
11
1.8773706299212598
21
0.7500196850393701
0
LINE
8
BLACK
6
CONTINUOUS
10
1.8773706299212598
20
0.7500196850393701
11
1.8771446062992125
21
0.749628188976378
0
LINE
8
BLACK
6
CONTINUOUS
10
1.8771446062992125
20
0.749628188976378
11
1.8748211811023621
21
0.7424774803149606
0
LINE
8
BLACK
6
CONTINUOUS
10
1.8748211811023621
20
0.7424774803149606
11
1.8748211811023621
21
0.7424774409448819
0
LINE
8
BLACK
6
CONTINUOUS
10
1.8748211811023621
20
0.7424774409448819
11
1.8743009842519684
21
0.7375281102362204
0
LINE
8
BLACK
6
CONTINUOUS
10
1.8743009842519684
20
0.7375281102362204
11
1.8732374409448818
21
0.7349431889763779
0
LINE
8
BLACK
6
CONTINUOUS
10
1.8732374409448818
20
0.7349431889763779
11
1.8728751968503936
21
0.7345389763779527
0
LINE
8
BLACK
6
CONTINUOUS
10
1.8728751968503936
20
0.7345389763779527
11
1.8557143700787402
21
0.7173781496062992
0
LINE
8
BLACK
6
CONTINUOUS
10
1.8557143700787402
20
0.7173781496062992
11
1.8532611417322835
21
0.7160385433070866
0
LINE
8
BLACK
6
CONTINUOUS
10
1.8532611417322835
20
0.7160385433070866
11
1.8522066929133858
21
0.7159251968503937
0
LINE
8
BLACK
6
CONTINUOUS
10
1.8522066929133858
20
0.7159251968503937
11
1.3532383070866141
21
0.7159251968503937
0
LINE
8
BLACK
6
CONTINUOUS
10
1.3532383070866141
20
0.7159251968503937
11
1.3505563779527558
21
0.7167126771653544
0
LINE
8
BLACK
6
CONTINUOUS
10
1.3505563779527558
20
0.7167126771653544
11
1.3487259448818898
21
0.7188251181102362
0
LINE
8
BLACK
6
CONTINUOUS
10
1.3487259448818898
20
0.7188251181102362
11
1.3483281496062991
21
0.721591811023622
0
LINE
8
BLACK
6
CONTINUOUS
10
1.3483281496062991
20
0.721591811023622
11
1.3485203937007875
21
0.7224184645669292
0
LINE
8
BLACK
6
CONTINUOUS
10
1.3485203937007875
20
0.7224184645669292
11
1.3501788188976378
21
0.7275225196850393
0
LINE
8
BLACK
6
CONTINUOUS
10
1.3501788188976378
20
0.7275225196850393
11
1.3509647244094487
21
0.735
0
LINE
8
BLACK
6
CONTINUOUS
10
1.3509647244094487
20
0.735
11
1.3501788188976378
21
0.7424774803149606
0
LINE
8
BLACK
6
CONTINUOUS
10
1.3501788188976378
20
0.7424774803149606
11
1.3478553937007873
21
0.749628188976378
0
LINE
8
BLACK
6
CONTINUOUS
10
1.3478553937007873
20
0.749628188976378
11
1.3440960629921259
21
0.7561395275590551
0
LINE
8
BLACK
6
CONTINUOUS
10
1.3440960629921259
20
0.7561395275590551
11
1.34219937007874
21
0.7582459448818898
0
LINE
8
BLACK
6
CONTINUOUS
10
1.34219937007874
20
0.7582459448818898
11
1.3409900393700787
21
0.760765905511811
0
LINE
8
BLACK
6
CONTINUOUS
10
1.3409900393700787
20
0.760765905511811
11
1.3409251968503937
21
0.76156531496063
0
LINE
8
BLACK
6
CONTINUOUS
10
1.3409251968503937
20
0.76156531496063
11
1.3409251968503937
21
0.9072195275590551
0
LINE
8
BLACK
6
CONTINUOUS
10
1.3409251968503937
20
0.9072195275590551
11
1.3409957086614173
21
0.9078585433070866
0
LINE
8
BLACK
6
CONTINUOUS
10
1.3409957086614173
20
0.9078585433070866
11
1.340985905511811
21
0.9078594881889763
0
LINE
8
BLACK
6
CONTINUOUS
10
1.340985905511811
20
0.9078594881889763
11
1.3410152755905511
21
0.9081701968503937
0
LINE
8
BLACK
6
CONTINUOUS
10
1.3410152755905511
20
0.9081701968503937
11
1.3409276377952755
21
0.9109588976377953
0
LINE
8
BLACK
6
CONTINUOUS
10
1.3409276377952755
20
0.9109588976377953
11
1.3409251968503937
21
0.9111147244094489
0
LINE
8
BLACK
6
CONTINUOUS
10
1.3409251968503937
20
0.9111147244094489
11
1.3409251968503937
21
0.9122603149606299
0
LINE
8
BLACK
6
CONTINUOUS
10
1.3409251968503937
20
0.9122603149606299
11
1.3409251968503937
21
0.912260590551181
0
LINE
8
BLACK
6
CONTINUOUS
10
1.3409251968503937
20
0.912260590551181
11
1.3409032283464566
21
0.9124342125984252
0
LINE
8
BLACK
6
CONTINUOUS
10
1.3409032283464566
20
0.9124342125984252
11
1.3408666141732284
21
0.9128997637795275
0
LINE
8
BLACK
6
CONTINUOUS
10
1.3408666141732284
20
0.9128997637795275
11
1.3408384645669291
21
0.913795748031496
0
LINE
8
BLACK
6
CONTINUOUS
10
1.3408384645669291
20
0.913795748031496
11
1.340809527559055
21
0.9147172440944882
0
LINE
8
BLACK
6
CONTINUOUS
10
1.340809527559055
20
0.9147172440944882
11
1.3405740551181102
21
0.9155277559055118
0
LINE
8
BLACK
6
CONTINUOUS
10
1.3405740551181102
20
0.9155277559055118
11
1.3404161417322835
21
0.9162901181102362
0
LINE
8
BLACK
6
CONTINUOUS
10
1.3404161417322835
20
0.9162901181102362
11
1.3403103149606299
21
0.9171279921259843
0
LINE
8
BLACK
6
CONTINUOUS
10
1.3403103149606299
20
0.9171279921259843
11
1.3396405511811023
21
0.9188194488188977
0
LINE
8
BLACK
6
CONTINUOUS
10
1.3396405511811023
20
0.9188194488188977
11
1.33948937007874
21
0.9192611417322835
0
LINE
8
BLACK
6
CONTINUOUS
10
1.33948937007874
20
0.9192611417322835
11
1.3389820866141733
21
0.9210074015748031
0
LINE
8
BLACK
6
CONTINUOUS
10
1.3389820866141733
20
0.9210074015748031
11
1.3385522834645669
21
0.9217340551181102
0
LINE
8
BLACK
6
CONTINUOUS
10
1.3385522834645669
20
0.9217340551181102
11
1.3382098031496064
21
0.9224331102362204
0
LINE
8
BLACK
6
CONTINUOUS
10
1.3382098031496064
20
0.9224331102362204
11
1.3378990157480315
21
0.9232182283464567
0
LINE
8
BLACK
6
CONTINUOUS
10
1.3378990157480315
20
0.9232182283464567
11
1.3368297244094487
21
0.9246898818897638
0
LINE
8
BLACK
6
CONTINUOUS
10
1.3368297244094487
20
0.9246898818897638
11
1.3365734251968504
21
0.9250801181102362
0
LINE
8
BLACK
6
CONTINUOUS
10
1.3365734251968504
20
0.9250801181102362
11
1.335647716535433
21
0.9266454330708661
0
LINE
8
BLACK
6
CONTINUOUS
10
1.335647716535433
20
0.9266454330708661
11
1.3350507480314959
21
0.9272423622047243
0
LINE
8
BLACK
6
CONTINUOUS
10
1.3350507480314959
20
0.9272423622047243
11
1.3345453937007874
21
0.9278340157480315
0
LINE
8
BLACK
6
CONTINUOUS
10
1.3345453937007874
20
0.9278340157480315
11
1.3340488582677166
21
0.9285174803149606
0
LINE
8
BLACK
6
CONTINUOUS
10
1.3340488582677166
20
0.9285174803149606
11
1.3326465748031495
21
0.9296774409448819
0
LINE
8
BLACK
6
CONTINUOUS
10
1.3326465748031495
20
0.9296774409448819
11
1.3323022047244095
21
0.9299908661417322
0
LINE
8
BLACK
6
CONTINUOUS
10
1.3323022047244095
20
0.9299908661417322
11
1.33212468503937
21
0.9301683858267716
0
LINE
8
BLACK
6
CONTINUOUS
10
1.33212468503937
20
0.9301683858267716
11
1.3307851574803149
21
0.9326215354330708
0
LINE
8
BLACK
6
CONTINUOUS
10
1.3307851574803149
20
0.9326215354330708
11
1.3306989763779526
21
0.9331575196850393
0
LINE
8
BLACK
6
CONTINUOUS
10
1.3306989763779526
20
0.9331575196850393
11
1.3305375984251968
21
0.934693188976378
0
LINE
8
BLACK
6
CONTINUOUS
10
1.3305375984251968
20
0.934693188976378
11
1.3301788188976378
21
0.9381068897637795
0
LINE
8
BLACK
6
CONTINUOUS
10
1.3301788188976378
20
0.9381068897637795
11
1.3278553937007873
21
0.9452575984251969
0
LINE
8
BLACK
6
CONTINUOUS
10
1.3278553937007873
20
0.9452575984251969
11
1.3240960629921259
21
0.951768937007874
0
LINE
8
BLACK
6
CONTINUOUS
10
1.3240960629921259
20
0.951768937007874
11
1.3193725196850394
21
0.9570149212598424
0
LINE
8
BLACK
6
CONTINUOUS
10
1.3193725196850394
20
0.9570149212598424
11
1.3181632677165354
21
0.959534842519685
0
LINE
8
BLACK
6
CONTINUOUS
10
1.3181632677165354
20
0.959534842519685
11
1.3183411811023622
21
0.9618669685039369
0
LINE
8
BLACK
6
CONTINUOUS
10
1.3183411811023622
20
0.9618669685039369
11
1.3201788188976378
21
0.9675225196850393
0
LINE
8
BLACK
6
CONTINUOUS
10
1.3201788188976378
20
0.9675225196850393
11
1.3209647244094489
21
0.975
0
LINE
8
BLACK
6
CONTINUOUS
10
1.3209647244094489
20
0.975
11
1.3201788188976378
21
0.9824774803149606
0
LINE
8
BLACK
6
CONTINUOUS
10
1.3201788188976378
20
0.9824774803149606
11
1.3178553937007873
21
0.9896281889763779
0
LINE
8
BLACK
6
CONTINUOUS
10
1.3178553937007873
20
0.9896281889763779
11
1.3140960629921259
21
0.9961395275590551
0
LINE
8
BLACK
6
CONTINUOUS
10
1.3140960629921259
20
0.9961395275590551
11
1.3129078346456693
21
0.9974591732283464
0
LINE
8
BLACK
6
CONTINUOUS
10
1.3129078346456693
20
0.9974591732283464
11
1.3090651968503937
21
1.0017268897637794
0
LINE
8
BLACK
6
CONTINUOUS
10
1.3090651968503937
20
1.0017268897637794
11
1.3090651574803149
21
1.0017268897637794
0
LINE
8
BLACK
6
CONTINUOUS
10
1.3090651574803149
20
1.0017268897637794
11
1.3090650787401574
21
1.0017270078740157
0
LINE
8
BLACK
6
CONTINUOUS
10
1.3090650787401574
20
1.0017270078740157
11
1.3041423228346456
21
1.0053035826771652
0
LINE
8
BLACK
6
CONTINUOUS
10
1.3041423228346456
20
1.0053035826771652
11
1.3024355511811023
21
1.0075169685039369
0
LINE
8
BLACK
6
CONTINUOUS
10
1.3024355511811023
20
1.0075169685039369
11
1.3021963385826771
21
1.0103018503937007
0
LINE
8
BLACK
6
CONTINUOUS
10
1.3021963385826771
20
1.0103018503937007
11
1.303500748031496
21
1.0127739763779526
0
LINE
8
BLACK
6
CONTINUOUS
10
1.303500748031496
20
1.0127739763779526
11
1.3035505118110235
21
1.0128244094488188
0
LINE
8
BLACK
6
CONTINUOUS
10
1.3035505118110235
20
1.0128244094488188
11
1.4259205905511811
21
1.1351945275590551
0
LINE
8
BLACK
6
CONTINUOUS
10
1.4259205905511811
20
1.1351945275590551
11
1.4264225590551181
21
1.1355967322834646
0
LINE
8
BLACK
6
CONTINUOUS
10
1.4264225590551181
20
1.1355967322834646
11
1.4264162992125984
21
1.1356043307086614
0
LINE
8
BLACK
6
CONTINUOUS
10
1.4264162992125984
20
1.1356043307086614
11
1.4266566929133857
21
1.135803188976378
0
LINE
8
BLACK
6
CONTINUOUS
10
1.4266566929133857
20
1.135803188976378
11
1.4285676377952756
21
1.1378381496062993
0
LINE
8
BLACK
6
CONTINUOUS
10
1.4285676377952756
20
1.1378381496062993
11
1.4286748818897637
21
1.1379488188976377
0
LINE
8
BLACK
6
CONTINUOUS
10
1.4286748818897637
20
1.1379488188976377
11
1.4294852755905512
21
1.1387592125984252
0
LINE
8
BLACK
6
CONTINUOUS
10
1.4294852755905512
20
1.1387592125984252
11
1.4295922834645669
21
1.1388972047244095
0
LINE
8
BLACK
6
CONTINUOUS
10
1.4295922834645669
20
1.1388972047244095
11
1.4298955118110235
21
1.1392522047244094
0
LINE
8
BLACK
6
CONTINUOUS
10
1.4298955118110235
20
1.1392522047244094
11
1.4311405118110236
21
1.1405779921259842
0
LINE
8
BLACK
6
CONTINUOUS
10
1.4311405118110236
20
1.1405779921259842
11
1.4311405905511811
21
1.1405780708661417
0
LINE
8
BLACK
6
CONTINUOUS
10
1.4311405905511811
20
1.1405780708661417
11
1.4312665354330709
21
1.1408071653543306
0
LINE
8
BLACK
6
CONTINUOUS
10
1.4312665354330709
20
1.1408071653543306
11
1.4315473622047243
21
1.1413179921259842
0
LINE
8
BLACK
6
CONTINUOUS
10
1.4315473622047243
20
1.1413179921259842
11
1.4319747244094487
21
1.1419685433070865
0
LINE
8
BLACK
6
CONTINUOUS
10
1.4319747244094487
20
1.1419685433070865
11
1.4324923228346456
21
1.1426357874015747
0
LINE
8
BLACK
6
CONTINUOUS
10
1.4324923228346456
20
1.1426357874015747
11
1.4324923228346456
21
1.1426358267716534
0
LINE
8
BLACK
6
CONTINUOUS
10
1.4324923228346456
20
1.1426358267716534
11
1.4332146456692914
21
1.1443049999999999
0
LINE
8
BLACK
6
CONTINUOUS
10
1.4332146456692914
20
1.1443049999999999
11
1.4334202755905512
21
1.1447247244094487
0
LINE
8
BLACK
6
CONTINUOUS
10
1.4334202755905512
20
1.1447247244094487
11
1.4342961023622047
21
1.146317874015748
0
LINE
8
BLACK
6
CONTINUOUS
10
1.4342961023622047
20
1.146317874015748
11
1.4342961417322835
21
1.1463179527559055
0
LINE
8
BLACK
6
CONTINUOUS
10
1.4342961417322835
20
1.1463179527559055
11
1.434296220472441
21
1.1463181102362205
0
LINE
8
BLACK
6
CONTINUOUS
10
1.434296220472441
20
1.1463181102362205
11
1.4345062204724408
21
1.1471361023622046
0
LINE
8
BLACK
6
CONTINUOUS
10
1.4345062204724408
20
1.1471361023622046
11
1.4347581496062991
21
1.1478720078740157
0
LINE
8
BLACK
6
CONTINUOUS
10
1.4347581496062991
20
1.1478720078740157
11
1.4350936614173229
21
1.1486472440944882
0
LINE
8
BLACK
6
CONTINUOUS
10
1.4350936614173229
20
1.1486472440944882
11
1.4353781889763779
21
1.1504437401574803
0
LINE
8
BLACK
6
CONTINUOUS
10
1.4353781889763779
20
1.1504437401574803
11
1.4354726771653543
21
1.1509002755905511
0
LINE
8
BLACK
6
CONTINUOUS
10
1.4354726771653543
20
1.1509002755905511
11
1.4359251968503937
21
1.1526625590551181
0
LINE
8
BLACK
6
CONTINUOUS
10
1.4359251968503937
20
1.1526625590551181
11
1.4359251968503937
21
1.1535068503937007
0
LINE
8
BLACK
6
CONTINUOUS
10
1.4359251968503937
20
1.1535068503937007
11
1.4359862598425197
21
1.1542828346456693
0
LINE
8
BLACK
6
CONTINUOUS
10
1.4359862598425197
20
1.1542828346456693
11
1.4360866929133858
21
1.1549170472440944
0
LINE
8
BLACK
6
CONTINUOUS
10
1.4360866929133858
20
1.1549170472440944
11
1.4361183464566929
21
1.1551168503937008
0
LINE
8
BLACK
6
CONTINUOUS
10
1.4361183464566929
20
1.1551168503937008
11
1.4359471653543308
21
1.1569274015748032
0
LINE
8
BLACK
6
CONTINUOUS
10
1.4359471653543308
20
1.1569274015748032
11
1.4359251968503937
21
1.1573941732283464
0
LINE
8
BLACK
6
CONTINUOUS
10
1.4359251968503937
20
1.1573941732283464
11
1.4359251968503937
21
1.1934346456692912
0
LINE
8
BLACK
6
CONTINUOUS
10
1.4359251968503937
20
1.1934346456692912
11
1.4367126771653542
21
1.1961165748031495
0
LINE
8
BLACK
6
CONTINUOUS
10
1.4367126771653542
20
1.1961165748031495
11
1.4371993700787402
21
1.1967539370078739
0
LINE
8
BLACK
6
CONTINUOUS
10
1.4371993700787402
20
1.1967539370078739
11
1.4390958267716536
21
1.1988601574803148
0
LINE
8
BLACK
6
CONTINUOUS
10
1.4390958267716536
20
1.1988601574803148
11
1.4390961023622046
21
1.1988605511811024
0
LINE
8
BLACK
6
CONTINUOUS
10
1.4390961023622046
20
1.1988605511811024
11
1.4390961811023621
21
1.1988607086614174
0
LINE
8
BLACK
6
CONTINUOUS
10
1.4390961811023621
20
1.1988607086614174
11
1.4428553937007873
21
1.205371811023622
0
LINE
8
BLACK
6
CONTINUOUS
10
1.4428553937007873
20
1.205371811023622
11
1.4451788188976378
21
1.2125225196850393
0
LINE
8
BLACK
6
CONTINUOUS
10
1.4451788188976378
20
1.2125225196850393
11
1.4459647244094487
21
1.22
0
LINE
8
BLACK
6
CONTINUOUS
10
1.4459647244094487
20
1.22
11
1.4451788188976378
21
1.2274774803149606
0
LINE
8
BLACK
6
CONTINUOUS
10
1.4451788188976378
20
1.2274774803149606
11
1.4428553937007873
21
1.2346281889763779
0
LINE
8
BLACK
6
CONTINUOUS
10
1.4428553937007873
20
1.2346281889763779
11
1.4390960629921259
21
1.2411395275590551
0
LINE
8
BLACK
6
CONTINUOUS
10
1.4390960629921259
20
1.2411395275590551
11
1.4390955905511811
21
1.2411400393700787
0
LINE
8
BLACK
6
CONTINUOUS
10
1.4390955905511811
20
1.2411400393700787
11
1.4340651574803149
21
1.2467269291338583
0
LINE
8
BLACK
6
CONTINUOUS
10
1.4340651574803149
20
1.2467269291338583
11
1.4340651181102362
21
1.2467269291338583
0
LINE
8
BLACK
6
CONTINUOUS
10
1.4340651181102362
20
1.2467269291338583
11
1.4340650787401574
21
1.2467270078740158
0
LINE
8
BLACK
6
CONTINUOUS
10
1.4340650787401574
20
1.2467270078740158
11
1.4279823622047243
21
1.2511463779527559
0
LINE
8
BLACK
6
CONTINUOUS
10
1.4279823622047243
20
1.2511463779527559
11
1.4211137007874015
21
1.2542044881889765
0
LINE
8
BLACK
6
CONTINUOUS
10
1.4211137007874015
20
1.2542044881889765
11
1.4137593307086613
21
1.2557677165354331
0
LINE
8
BLACK
6
CONTINUOUS
10
1.4137593307086613
20
1.2557677165354331
11
1.4062406692913385
21
1.2557677165354331
0
LINE
8
BLACK
6
CONTINUOUS
10
1.4062406692913385
20
1.2557677165354331
11
1.3988862992125983
21
1.2542044881889765
0
LINE
8
BLACK
6
CONTINUOUS
10
1.3988862992125983
20
1.2542044881889765
11
1.3920176377952755
21
1.2511463779527559
0
LINE
8
BLACK
6
CONTINUOUS
10
1.3920176377952755
20
1.2511463779527559
11
1.3920175984251968
21
1.2511463385826771
0
LINE
8
BLACK
6
CONTINUOUS
10
1.3920175984251968
20
1.2511463385826771
11
1.3859348031496064
21
1.2467269291338583
0
LINE
8
BLACK
6
CONTINUOUS
10
1.3859348031496064
20
1.2467269291338583
11
1.3809041338582677
21
1.2411398031496064
0
LINE
8
BLACK
6
CONTINUOUS
10
1.3809041338582677
20
1.2411398031496064
11
1.3809039370078739
21
1.2411395275590551
0
LINE
8
BLACK
6
CONTINUOUS
10
1.3809039370078739
20
1.2411395275590551
11
1.3771446062992125
21
1.2346281889763779
0
LINE
8
BLACK
6
CONTINUOUS
10
1.3771446062992125
20
1.2346281889763779
11
1.3760049606299212
21
1.2311208661417323
0
LINE
8
BLACK
6
CONTINUOUS
10
1.3760049606299212
20
1.2311208661417323
11
1.3748211417322835
21
1.2274774409448819
0
LINE
8
BLACK
6
CONTINUOUS
10
1.3748211417322835
20
1.2274774409448819
11
1.3740352755905512
21
1.22
0
LINE
8
BLACK
6
CONTINUOUS
10
1.3740352755905512
20
1.22
11
1.3748211417322835
21
1.2125225196850393
0
LINE
8
BLACK
6
CONTINUOUS
10
1.3748211417322835
20
1.2125225196850393
11
1.3764442913385826
21
1.2075271259842519
0
LINE
8
BLACK
6
CONTINUOUS
10
1.3764442913385826
20
1.2075271259842519
11
1.3769707874015749
21
1.2059067322834645
0
LINE
8
BLACK
6
CONTINUOUS
10
1.3769707874015749
20
1.2059067322834645
11
1.3771446062992125
21
1.2053718503937008
0
LINE
8
BLACK
6
CONTINUOUS
10
1.3771446062992125
20
1.2053718503937008
11
1.3771447244094488
21
1.2053715748031495
0
LINE
8
BLACK
6
CONTINUOUS
10
1.3771447244094488
20
1.2053715748031495
11
1.3809038582677164
21
1.1988605511811024
0
LINE
8
BLACK
6
CONTINUOUS
10
1.3809038582677164
20
1.1988605511811024
11
1.3809041338582677
21
1.1988601574803148
0
LINE
8
BLACK
6
CONTINUOUS
10
1.3809041338582677
20
1.1988601574803148
11
1.3828006299212598
21
1.1967539370078739
0
LINE
8
BLACK
6
CONTINUOUS
10
1.3828006299212598
20
1.1967539370078739
11
1.38401
21
1.1942339763779528
0
LINE
8
BLACK
6
CONTINUOUS
10
1.38401
20
1.1942339763779528
11
1.3840748031496062
21
1.1934346456692912
0
LINE
8
BLACK
6
CONTINUOUS
10
1.3840748031496062
20
1.1934346456692912
11
1.3840748031496062
21
1.1687309448818897
0
LINE
8
BLACK
6
CONTINUOUS
10
1.3840748031496062
20
1.1687309448818897
11
1.3832873228346456
21
1.1660490157480314
0
LINE
8
BLACK
6
CONTINUOUS
10
1.3832873228346456
20
1.1660490157480314
11
1.3826218503937007
21
1.1652232677165355
0
LINE
8
BLACK
6
CONTINUOUS
10
1.3826218503937007
20
1.1652232677165355
11
1.2631325590551181
21
1.0457340157480315
0
LINE
8
BLACK
6
CONTINUOUS
10
1.2631325590551181
20
1.0457340157480315
11
1.2606794488188977
21
1.0443944881889764
0
LINE
8
BLACK
6
CONTINUOUS
10
1.2606794488188977
20
1.0443944881889764
11
1.2578914566929134
21
1.0445938976377953
0
LINE
8
BLACK
6
CONTINUOUS
10
1.2578914566929134
20
1.0445938976377953
11
1.2556538188976378
21
1.0462689763779527
0
LINE
8
BLACK
6
CONTINUOUS
10
1.2556538188976378
20
1.0462689763779527
11
1.2546770078740157
21
1.0488878740157479
0
LINE
8
BLACK
6
CONTINUOUS
10
1.2546770078740157
20
1.0488878740157479
11
1.2546643700787401
21
1.0492417716535434
0
LINE
8
BLACK
6
CONTINUOUS
10
1.2546643700787401
20
1.0492417716535434
11
1.2546643700787401
21
1.1259458661417323
0
LINE
8
BLACK
6
CONTINUOUS
10
1.2546643700787401
20
1.1259458661417323
11
1.2554518503937007
21
1.1286277952755905
0
LINE
8
BLACK
6
CONTINUOUS
10
1.2554518503937007
20
1.1286277952755905
11
1.2561173228346456
21
1.1294535433070867
0
LINE
8
BLACK
6
CONTINUOUS
10
1.2561173228346456
20
1.1294535433070867
11
1.3094431102362205
21
1.1827793307086614
0
LINE
8
BLACK
6
CONTINUOUS
10
1.3094431102362205
20
1.1827793307086614
11
1.3118963385826772
21
1.184118937007874
0
LINE
8
BLACK
6
CONTINUOUS
10
1.3118963385826772
20
1.184118937007874
11
1.3129507874015747
21
1.1842322834645669
0
LINE
8
BLACK
6
CONTINUOUS
10
1.3129507874015747
20
1.1842322834645669
11
1.3137593307086615
21
1.1842322834645669
0
LINE
8
BLACK
6
CONTINUOUS
10
1.3137593307086615
20
1.1842322834645669
11
1.3211137007874016
21
1.1857955118110235
0
LINE
8
BLACK
6
CONTINUOUS
10
1.3211137007874016
20
1.1857955118110235
11
1.3279823622047244
21
1.1888536220472441
0
LINE
8
BLACK
6
CONTINUOUS
10
1.3279823622047244
20
1.1888536220472441
11
1.3340651574803148
21
1.1932730314960629
0
LINE
8
BLACK
6
CONTINUOUS
10
1.3340651574803148
20
1.1932730314960629
11
1.3390958267716535
21
1.1988601574803148
0
LINE
8
BLACK
6
CONTINUOUS
10
1.3390958267716535
20
1.1988601574803148
11
1.3390961023622048
21
1.1988605511811024
0
LINE
8
BLACK
6
CONTINUOUS
10
1.3390961023622048
20
1.1988605511811024
11
1.3390961811023623
21
1.1988607086614174
0
LINE
8
BLACK
6
CONTINUOUS
10
1.3390961811023623
20
1.1988607086614174
11
1.3428553937007874
21
1.205371811023622
0
LINE
8
BLACK
6
CONTINUOUS
10
1.3428553937007874
20
1.205371811023622
11
1.3451788188976377
21
1.2125225196850393
0
LINE
8
BLACK
6
CONTINUOUS
10
1.3451788188976377
20
1.2125225196850393
11
1.3459647244094488
21
1.22
0
LINE
8
BLACK
6
CONTINUOUS
10
1.3459647244094488
20
1.22
11
1.3451788188976377
21
1.2274774803149606
0
LINE
8
BLACK
6
CONTINUOUS
10
1.3451788188976377
20
1.2274774803149606
11
1.3428553937007874
21
1.2346281889763779
0
LINE
8
BLACK
6
CONTINUOUS
10
1.3428553937007874
20
1.2346281889763779
11
1.339096062992126
21
1.2411395275590551
0
LINE
8
BLACK
6
CONTINUOUS
10
1.339096062992126
20
1.2411395275590551
11
1.339095590551181
21
1.2411400393700787
0
LINE
8
BLACK
6
CONTINUOUS
10
1.339095590551181
20
1.2411400393700787
11
1.3340651574803148
21
1.2467269291338583
0
LINE
8
BLACK
6
CONTINUOUS
10
1.3340651574803148
20
1.2467269291338583
11
1.3340651181102361
21
1.2467269291338583
0
LINE
8
BLACK
6
CONTINUOUS
10
1.3340651181102361
20
1.2467269291338583
11
1.3340650787401573
21
1.2467270078740158
0
LINE
8
BLACK
6
CONTINUOUS
10
1.3340650787401573
20
1.2467270078740158
11
1.3279823622047244
21
1.2511463779527559
0
LINE
8
BLACK
6
CONTINUOUS
10
1.3279823622047244
20
1.2511463779527559
11
1.3211137007874016
21
1.2542044881889765
0
LINE
8
BLACK
6
CONTINUOUS
10
1.3211137007874016
20
1.2542044881889765
11
1.3137593307086615
21
1.2557677165354331
0
LINE
8
BLACK
6
CONTINUOUS
10
1.3137593307086615
20
1.2557677165354331
11
1.3062406692913386
21
1.2557677165354331
0
LINE
8
BLACK
6
CONTINUOUS
10
1.3062406692913386
20
1.2557677165354331
11
1.2988862992125985
21
1.2542044881889765
0
LINE
8
BLACK
6
CONTINUOUS
10
1.2988862992125985
20
1.2542044881889765
11
1.2920176377952755
21
1.2511463779527559
0
LINE
8
BLACK
6
CONTINUOUS
10
1.2920176377952755
20
1.2511463779527559
11
1.2920175984251969
21
1.2511463385826771
0
LINE
8
BLACK
6
CONTINUOUS
10
1.2920175984251969
20
1.2511463385826771
11
1.2859348031496063
21
1.2467269291338583
0
LINE
8
BLACK
6
CONTINUOUS
10
1.2859348031496063
20
1.2467269291338583
11
1.2809041338582676
21
1.2411398031496064
0
LINE
8
BLACK
6
CONTINUOUS
10
1.2809041338582676
20
1.2411398031496064
11
1.2809039370078741
21
1.2411395275590551
0
LINE
8
BLACK
6
CONTINUOUS
10
1.2809039370078741
20
1.2411395275590551
11
1.2771446062992127
21
1.2346281889763779
0
LINE
8
BLACK
6
CONTINUOUS
10
1.2771446062992127
20
1.2346281889763779
11
1.2755544881889764
21
1.2297344488188977
0
LINE
8
BLACK
6
CONTINUOUS
10
1.2755544881889764
20
1.2297344488188977
11
1.2748212598425197
21
1.2274776771653544
0
LINE
8
BLACK
6
CONTINUOUS
10
1.2748212598425197
20
1.2274776771653544
11
1.2748211811023622
21
1.2274774803149606
0
LINE
8
BLACK
6
CONTINUOUS
10
1.2748211811023622
20
1.2274774803149606
11
1.2743009842519686
21
1.2225281102362204
0
LINE
8
BLACK
6
CONTINUOUS
10
1.2743009842519686
20
1.2225281102362204
11
1.2732374409448819
21
1.2199431889763779
0
LINE
8
BLACK
6
CONTINUOUS
10
1.2732374409448819
20
1.2199431889763779
11
1.2728751968503937
21
1.2195389763779527
0
LINE
8
BLACK
6
CONTINUOUS
10
1.2728751968503937
20
1.2195389763779527
11
1.2478437401574802
21
1.1945075196850394
0
LINE
8
BLACK
6
CONTINUOUS
10
1.2478437401574802
20
1.1945075196850394
11
1.2453905118110236
21
1.1931679133858268
0
LINE
8
BLACK
6
CONTINUOUS
10
1.2453905118110236
20
1.1931679133858268
11
1.2426025196850394
21
1.1933673228346457
0
LINE
8
BLACK
6
CONTINUOUS
10
1.2426025196850394
20
1.1933673228346457
11
1.2403648818897637
21
1.1950424015748031
0
LINE
8
BLACK
6
CONTINUOUS
10
1.2403648818897637
20
1.1950424015748031
11
1.2393880708661418
21
1.1976612992125983
0
LINE
8
BLACK
6
CONTINUOUS
10
1.2393880708661418
20
1.1976612992125983
11
1.2399822047244093
21
1.2003925590551181
0
LINE
8
BLACK
6
CONTINUOUS
10
1.2399822047244093
20
1.2003925590551181
11
1.2400400393700788
21
1.2004955118110237
0
LINE
8
BLACK
6
CONTINUOUS
10
1.2400400393700788
20
1.2004955118110237
11
1.2428553937007873
21
1.205371811023622
0
LINE
8
BLACK
6
CONTINUOUS
10
1.2428553937007873
20
1.205371811023622
11
1.2451788188976378
21
1.2125225196850393
0
LINE
8
BLACK
6
CONTINUOUS
10
1.2451788188976378
20
1.2125225196850393
11
1.2459647244094487
21
1.22
0
LINE
8
BLACK
6
CONTINUOUS
10
1.2459647244094487
20
1.22
11
1.2451788188976378
21
1.2274774803149606
0
LINE
8
BLACK
6
CONTINUOUS
10
1.2451788188976378
20
1.2274774803149606
11
1.2428553937007873
21
1.2346281889763779
0
LINE
8
BLACK
6
CONTINUOUS
10
1.2428553937007873
20
1.2346281889763779
11
1.2390960629921259
21
1.2411395275590551
0
LINE
8
BLACK
6
CONTINUOUS
10
1.2390960629921259
20
1.2411395275590551
11
1.2390955905511811
21
1.2411400393700787
0
LINE
8
BLACK
6
CONTINUOUS
10
1.2390955905511811
20
1.2411400393700787
11
1.234065157480315
21
1.2467269291338583
0
LINE
8
BLACK
6
CONTINUOUS
10
1.234065157480315
20
1.2467269291338583
11
1.2340651181102362
21
1.2467269291338583
0
LINE
8
BLACK
6
CONTINUOUS
10
1.2340651181102362
20
1.2467269291338583
11
1.2340650787401575
21
1.2467270078740158
0
LINE
8
BLACK
6
CONTINUOUS
10
1.2340650787401575
20
1.2467270078740158
11
1.2279823622047243
21
1.2511463779527559
0
LINE
8
BLACK
6
CONTINUOUS
10
1.2279823622047243
20
1.2511463779527559
11
1.2211137007874016
21
1.2542044881889765
0
LINE
8
BLACK
6
CONTINUOUS
10
1.2211137007874016
20
1.2542044881889765
11
1.2137593307086614
21
1.2557677165354331
0
LINE
8
BLACK
6
CONTINUOUS
10
1.2137593307086614
20
1.2557677165354331
11
1.2062406692913386
21
1.2557677165354331
0
LINE
8
BLACK
6
CONTINUOUS
10
1.2062406692913386
20
1.2557677165354331
11
1.1988862992125984
21
1.2542044881889765
0
LINE
8
BLACK
6
CONTINUOUS
10
1.1988862992125984
20
1.2542044881889765
11
1.1920176377952756
21
1.2511463779527559
0
LINE
8
BLACK
6
CONTINUOUS
10
1.1920176377952756
20
1.2511463779527559
11
1.1920175984251968
21
1.2511463385826771
0
LINE
8
BLACK
6
CONTINUOUS
10
1.1920175984251968
20
1.2511463385826771
11
1.1859348031496062
21
1.2467269291338583
0
LINE
8
BLACK
6
CONTINUOUS
10
1.1859348031496062
20
1.2467269291338583
11
1.1809041338582678
21
1.2411398031496064
0
LINE
8
BLACK
6
CONTINUOUS
10
1.1809041338582678
20
1.2411398031496064
11
1.180903937007874
21
1.2411395275590551
0
LINE
8
BLACK
6
CONTINUOUS
10
1.180903937007874
20
1.2411395275590551
11
1.1771446062992126
21
1.2346281889763779
0
LINE
8
BLACK
6
CONTINUOUS
10
1.1771446062992126
20
1.2346281889763779
11
1.1755544881889763
21
1.2297344488188977
0
LINE
8
BLACK
6
CONTINUOUS
10
1.1755544881889763
20
1.2297344488188977
11
1.1748212598425196
21
1.2274776771653544
0
LINE
8
BLACK
6
CONTINUOUS
10
1.1748212598425196
20
1.2274776771653544
11
1.1748211811023621
21
1.2274774803149606
0
LINE
8
BLACK
6
CONTINUOUS
10
1.1748211811023621
20
1.2274774803149606
11
1.1744970472440945
21
1.2243938188976378
0
LINE
8
BLACK
6
CONTINUOUS
10
1.1744970472440945
20
1.2243938188976378
11
1.1742801968503938
21
1.2223306692913385
0
LINE
8
BLACK
6
CONTINUOUS
10
1.1742801968503938
20
1.2223306692913385
11
1.1732720866141733
21
1.2198804724409449
0
LINE
8
BLACK
6
CONTINUOUS
10
1.1732720866141733
20
1.2198804724409449
11
1.1732948031496062
21
1.2198640157480314
0
LINE
8
BLACK
6
CONTINUOUS
10
1.1732948031496062
20
1.2198640157480314
11
1.1732268110236219
21
1.2197704330708661
0
LINE
8
BLACK
6
CONTINUOUS
10
1.1732268110236219
20
1.2197704330708661
11
1.1732166535433071
21
1.2197457480314959
0
LINE
8
BLACK
6
CONTINUOUS
10
1.1732166535433071
20
1.2197457480314959
11
1.1731688976377952
21
1.219690748031496
0
LINE
8
BLACK
6
CONTINUOUS
10
1.1731688976377952
20
1.219690748031496
11
1.1731111811023622
21
1.2196113385826772
0
LINE
8
BLACK
6
CONTINUOUS
10
1.1731111811023622
20
1.2196113385826772
11
1.1727045275590551
21
1.2188716141732283
0
LINE
8
BLACK
6
CONTINUOUS
10
1.1727045275590551
20
1.2188716141732283
11
1.1722773228346457
21
1.218221220472441
0
LINE
8
BLACK
6
CONTINUOUS
10
1.1722773228346457
20
1.218221220472441
11
1.1717596850393701
21
1.2175538582677166
0
LINE
8
BLACK
6
CONTINUOUS
10
1.1717596850393701
20
1.2175538582677166
11
1.1710372834645668
21
1.2158844881889763
0
LINE
8
BLACK
6
CONTINUOUS
10
1.1710372834645668
20
1.2158844881889763
11
1.1708317716535432
21
1.215465
0
LINE
8
BLACK
6
CONTINUOUS
10
1.1708317716535432
20
1.215465
11
1.1704727165354329
21
1.2148118897637794
0
LINE
8
BLACK
6
CONTINUOUS
10
1.1704727165354329
20
1.2148118897637794
11
1.1699557874015747
21
1.2138716141732284
0
LINE
8
BLACK
6
CONTINUOUS
10
1.1699557874015747
20
1.2138716141732284
11
1.1699557480314959
21
1.2138714960629922
0
LINE
8
BLACK
6
CONTINUOUS
10
1.1699557480314959
20
1.2138714960629922
11
1.1697458267716536
21
1.2130538976377951
0
LINE
8
BLACK
6
CONTINUOUS
10
1.1697458267716536
20
1.2130538976377951
11
1.1694937401574803
21
1.2123175590551181
0
LINE
8
BLACK
6
CONTINUOUS
10
1.1694937401574803
20
1.2123175590551181
11
1.1691582677165353
21
1.2115423228346456
0
LINE
8
BLACK
6
CONTINUOUS
10
1.1691582677165353
20
1.2115423228346456
11
1.1688738188976378
21
1.2097461811023622
0
LINE
8
BLACK
6
CONTINUOUS
10
1.1688738188976378
20
1.2097461811023622
11
1.1687790551181103
21
1.2092885826771653
0
LINE
8
BLACK
6
CONTINUOUS
10
1.1687790551181103
20
1.2092885826771653
11
1.168326811023622
21
1.2075270866141732
0
LINE
8
BLACK
6
CONTINUOUS
10
1.168326811023622
20
1.2075270866141732
11
1.168326811023622
21
1.2066827559055118
0
LINE
8
BLACK
6
CONTINUOUS
10
1.168326811023622
20
1.2066827559055118
11
1.168265748031496
21
1.2059067322834645
0
LINE
8
BLACK
6
CONTINUOUS
10
1.168265748031496
20
1.2059067322834645
11
1.1681336614173228
21
1.2050727559055119
0
LINE
8
BLACK
6
CONTINUOUS
10
1.1681336614173228
20
1.2050727559055119
11
1.1683048031496062
21
1.2032622047244095
0
LINE
8
BLACK
6
CONTINUOUS
10
1.1683048031496062
20
1.2032622047244095
11
1.168326811023622
21
1.2027953937007874
0
LINE
8
BLACK
6
CONTINUOUS
10
1.168326811023622
20
1.2027953937007874
11
1.168326811023622
21
1.043152401574803
0
LINE
8
BLACK
6
CONTINUOUS
10
1.168326811023622
20
1.043152401574803
11
1.1675393307086614
21
1.0404704724409448
0
LINE
8
BLACK
6
CONTINUOUS
10
1.1675393307086614
20
1.0404704724409448
11
1.1654268897637794
21
1.0386400393700788
0
LINE
8
BLACK
6
CONTINUOUS
10
1.1654268897637794
20
1.0386400393700788
11
1.1626601968503936
21
1.0382422440944881
0
LINE
8
BLACK
6
CONTINUOUS
10
1.1626601968503936
20
1.0382422440944881
11
1.1601176771653543
21
1.0394034251968505
0
LINE
8
BLACK
6
CONTINUOUS
10
1.1601176771653543
20
1.0394034251968505
11
1.159858503937008
21
1.0396447244094489
0
LINE
8
BLACK
6
CONTINUOUS
10
1.159858503937008
20
1.0396447244094489
11
1.1373781496062991
21
1.0621250787401575
0
LINE
8
BLACK
6
CONTINUOUS
10
1.1373781496062991
20
1.0621250787401575
11
1.1360385433070865
21
1.0645783070866142
0
LINE
8
BLACK
6
CONTINUOUS
10
1.1360385433070865
20
1.0645783070866142
11
1.1359251968503936
21
1.0656327559055119
0
LINE
8
BLACK
6
CONTINUOUS
10
1.1359251968503936
20
1.0656327559055119
11
1.1359251968503936
21
1.1934346456692912
0
LINE
8
BLACK
6
CONTINUOUS
10
1.1359251968503936
20
1.1934346456692912
11
1.1367126771653544
21
1.1961165748031495
0
LINE
8
BLACK
6
CONTINUOUS
10
1.1367126771653544
20
1.1961165748031495
11
1.1371993700787402
21
1.1967539370078739
0
LINE
8
BLACK
6
CONTINUOUS
10
1.1371993700787402
20
1.1967539370078739
11
1.1390958267716536
21
1.1988601574803148
0
LINE
8
BLACK
6
CONTINUOUS
10
1.1390958267716536
20
1.1988601574803148
11
1.1390961023622046
21
1.1988605511811024
0
LINE
8
BLACK
6
CONTINUOUS
10
1.1390961023622046
20
1.1988605511811024
11
1.1390961811023621
21
1.1988607086614174
0
LINE
8
BLACK
6
CONTINUOUS
10
1.1390961811023621
20
1.1988607086614174
11
1.1428553937007875
21
1.205371811023622
0
LINE
8
BLACK
6
CONTINUOUS
10
1.1428553937007875
20
1.205371811023622
11
1.1451788188976377
21
1.2125225196850393
0
LINE
8
BLACK
6
CONTINUOUS
10
1.1451788188976377
20
1.2125225196850393
11
1.1459647244094489
21
1.22
0
LINE
8
BLACK
6
CONTINUOUS
10
1.1459647244094489
20
1.22
11
1.1451788188976377
21
1.2274774803149606
0
LINE
8
BLACK
6
CONTINUOUS
10
1.1451788188976377
20
1.2274774803149606
11
1.1428553937007875
21
1.2346281889763779
0
LINE
8
BLACK
6
CONTINUOUS
10
1.1428553937007875
20
1.2346281889763779
11
1.1390960629921261
21
1.2411395275590551
0
LINE
8
BLACK
6
CONTINUOUS
10
1.1390960629921261
20
1.2411395275590551
11
1.139095590551181
21
1.2411400393700787
0
LINE
8
BLACK
6
CONTINUOUS
10
1.139095590551181
20
1.2411400393700787
11
1.1340651574803149
21
1.2467269291338583
0
LINE
8
BLACK
6
CONTINUOUS
10
1.1340651574803149
20
1.2467269291338583
11
1.1340651181102361
21
1.2467269291338583
0
LINE
8
BLACK
6
CONTINUOUS
10
1.1340651181102361
20
1.2467269291338583
11
1.1340650787401574
21
1.2467270078740158
0
LINE
8
BLACK
6
CONTINUOUS
10
1.1340650787401574
20
1.2467270078740158
11
1.1279823622047245
21
1.2511463779527559
0
LINE
8
BLACK
6
CONTINUOUS
10
1.1279823622047245
20
1.2511463779527559
11
1.1211137007874015
21
1.2542044881889765
0
LINE
8
BLACK
6
CONTINUOUS
10
1.1211137007874015
20
1.2542044881889765
11
1.1137593307086613
21
1.2557677165354331
0
LINE
8
BLACK
6
CONTINUOUS
10
1.1137593307086613
20
1.2557677165354331
11
1.1062406692913385
21
1.2557677165354331
0
LINE
8
BLACK
6
CONTINUOUS
10
1.1062406692913385
20
1.2557677165354331
11
1.0988862992125985
21
1.2542044881889765
0
LINE
8
BLACK
6
CONTINUOUS
10
1.0988862992125985
20
1.2542044881889765
11
1.0920176377952755
21
1.2511463779527559
0
LINE
8
BLACK
6
CONTINUOUS
10
1.0920176377952755
20
1.2511463779527559
11
1.0920175984251967
21
1.2511463385826771
0
LINE
8
BLACK
6
CONTINUOUS
10
1.0920175984251967
20
1.2511463385826771
11
1.0859348031496063
21
1.2467269291338583
0
LINE
8
BLACK
6
CONTINUOUS
10
1.0859348031496063
20
1.2467269291338583
11
1.0809041338582677
21
1.2411398031496064
0
LINE
8
BLACK
6
CONTINUOUS
10
1.0809041338582677
20
1.2411398031496064
11
1.0809039370078739
21
1.2411395275590551
0
LINE
8
BLACK
6
CONTINUOUS
10
1.0809039370078739
20
1.2411395275590551
11
1.0771446062992125
21
1.2346281889763779
0
LINE
8
BLACK
6
CONTINUOUS
10
1.0771446062992125
20
1.2346281889763779
11
1.0760049606299211
21
1.2311208661417323
0
LINE
8
BLACK
6
CONTINUOUS
10
1.0760049606299211
20
1.2311208661417323
11
1.0748211417322835
21
1.2274774409448819
0
LINE
8
BLACK
6
CONTINUOUS
10
1.0748211417322835
20
1.2274774409448819
11
1.0740352755905511
21
1.22
0
LINE
8
BLACK
6
CONTINUOUS
10
1.0740352755905511
20
1.22
11
1.0748211417322835
21
1.2125225196850393
0
LINE
8
BLACK
6
CONTINUOUS
10
1.0748211417322835
20
1.2125225196850393
11
1.0764442913385825
21
1.2075271259842519
0
LINE
8
BLACK
6
CONTINUOUS
10
1.0764442913385825
20
1.2075271259842519
11
1.0769707874015748
21
1.2059067322834645
0
LINE
8
BLACK
6
CONTINUOUS
10
1.0769707874015748
20
1.2059067322834645
11
1.0771446062992125
21
1.2053718503937008
0
LINE
8
BLACK
6
CONTINUOUS
10
1.0771446062992125
20
1.2053718503937008
11
1.0771447244094488
21
1.2053715748031495
0
LINE
8
BLACK
6
CONTINUOUS
10
1.0771447244094488
20
1.2053715748031495
11
1.0809038582677166
21
1.1988605511811024
0
LINE
8
BLACK
6
CONTINUOUS
10
1.0809038582677166
20
1.1988605511811024
11
1.0809041338582677
21
1.1988601574803148
0
LINE
8
BLACK
6
CONTINUOUS
10
1.0809041338582677
20
1.1988601574803148
11
1.0828006299212598
21
1.1967539370078739
0
LINE
8
BLACK
6
CONTINUOUS
10
1.0828006299212598
20
1.1967539370078739
11
1.0840099999999999
21
1.1942339763779528
0
LINE
8
BLACK
6
CONTINUOUS
10
1.0840099999999999
20
1.1942339763779528
11
1.0840748031496064
21
1.1934346456692912
0
LINE
8
BLACK
6
CONTINUOUS
10
1.0840748031496064
20
1.1934346456692912
11
1.0840748031496064
21
1.0995649606299212
0
LINE
8
BLACK
6
CONTINUOUS
10
1.0840748031496064
20
1.0995649606299212
11
1.0832873228346456
21
1.0968830314960629
0
LINE
8
BLACK
6
CONTINUOUS
10
1.0832873228346456
20
1.0968830314960629
11
1.0811748818897637
21
1.0950525984251969
0
LINE
8
BLACK
6
CONTINUOUS
10
1.0811748818897637
20
1.0950525984251969
11
1.0784081889763779
21
1.0946548031496062
0
LINE
8
BLACK
6
CONTINUOUS
10
1.0784081889763779
20
1.0946548031496062
11
1.0758656692913386
21
1.0958159842519686
0
LINE
8
BLACK
6
CONTINUOUS
10
1.0758656692913386
20
1.0958159842519686
11
1.0756064960629921
21
1.096057283464567
0
LINE
8
BLACK
6
CONTINUOUS
10
1.0756064960629921
20
1.096057283464567
11
1.0373781496062993
21
1.1342856299212598
0
LINE
8
BLACK
6
CONTINUOUS
10
1.0373781496062993
20
1.1342856299212598
11
1.0360385433070867
21
1.1367388582677165
0
LINE
8
BLACK
6
CONTINUOUS
10
1.0360385433070867
20
1.1367388582677165
11
1.0359251968503937
21
1.1377933070866142
0
LINE
8
BLACK
6
CONTINUOUS
10
1.0359251968503937
20
1.1377933070866142
11
1.0359251968503937
21
1.1934346456692912
0
LINE
8
BLACK
6
CONTINUOUS
10
1.0359251968503937
20
1.1934346456692912
11
1.0367126771653543
21
1.1961165748031495
0
LINE
8
BLACK
6
CONTINUOUS
10
1.0367126771653543
20
1.1961165748031495
11
1.0371993700787401
21
1.1967539370078739
0
LINE
8
BLACK
6
CONTINUOUS
10
1.0371993700787401
20
1.1967539370078739
11
1.0390958267716535
21
1.1988601574803148
0
LINE
8
BLACK
6
CONTINUOUS
10
1.0390958267716535
20
1.1988601574803148
11
1.0390961023622047
21
1.1988605511811024
0
LINE
8
BLACK
6
CONTINUOUS
10
1.0390961023622047
20
1.1988605511811024
11
1.0390961811023622
21
1.1988607086614174
0
LINE
8
BLACK
6
CONTINUOUS
10
1.0390961811023622
20
1.1988607086614174
11
1.0428553937007874
21
1.205371811023622
0
LINE
8
BLACK
6
CONTINUOUS
10
1.0428553937007874
20
1.205371811023622
11
1.0451788188976379
21
1.2125225196850393
0
LINE
8
BLACK
6
CONTINUOUS
10
1.0451788188976379
20
1.2125225196850393
11
1.0459647244094488
21
1.22
0
LINE
8
BLACK
6
CONTINUOUS
10
1.0459647244094488
20
1.22
11
1.0451788188976379
21
1.2274774803149606
0
LINE
8
BLACK
6
CONTINUOUS
10
1.0451788188976379
20
1.2274774803149606
11
1.0428553937007874
21
1.2346281889763779
0
LINE
8
BLACK
6
CONTINUOUS
10
1.0428553937007874
20
1.2346281889763779
11
1.039096062992126
21
1.2411395275590551
0
LINE
8
BLACK
6
CONTINUOUS
10
1.039096062992126
20
1.2411395275590551
11
1.0390955905511812
21
1.2411400393700787
0
LINE
8
BLACK
6
CONTINUOUS
10
1.0390955905511812
20
1.2411400393700787
11
1.034065157480315
21
1.2467269291338583
0
LINE
8
BLACK
6
CONTINUOUS
10
1.034065157480315
20
1.2467269291338583
11
1.0340651181102363
21
1.2467269291338583
0
LINE
8
BLACK
6
CONTINUOUS
10
1.0340651181102363
20
1.2467269291338583
11
1.0340650787401575
21
1.2467270078740158
0
LINE
8
BLACK
6
CONTINUOUS
10
1.0340650787401575
20
1.2467270078740158
11
1.0279823622047244
21
1.2511463779527559
0
LINE
8
BLACK
6
CONTINUOUS
10
1.0279823622047244
20
1.2511463779527559
11
1.0211137007874016
21
1.2542044881889765
0
LINE
8
BLACK
6
CONTINUOUS
10
1.0211137007874016
20
1.2542044881889765
11
1.0137593307086614
21
1.2557677165354331
0
LINE
8
BLACK
6
CONTINUOUS
10
1.0137593307086614
20
1.2557677165354331
11
1.0062406692913386
21
1.2557677165354331
0
LINE
8
BLACK
6
CONTINUOUS
10
1.0062406692913386
20
1.2557677165354331
11
0.9988862992125984
21
1.2542044881889765
0
LINE
8
BLACK
6
CONTINUOUS
10
0.9988862992125984
20
1.2542044881889765
11
0.9920176377952755
21
1.2511463779527559
0
LINE
8
BLACK
6
CONTINUOUS
10
0.9920176377952755
20
1.2511463779527559
11
0.9920175984251969
21
1.2511463385826771
0
LINE
8
BLACK
6
CONTINUOUS
10
0.9920175984251969
20
1.2511463385826771
11
0.9859348031496062
21
1.2467269291338583
0
LINE
8
BLACK
6
CONTINUOUS
10
0.9859348031496062
20
1.2467269291338583
11
0.9809041338582677
21
1.2411398031496064
0
LINE
8
BLACK
6
CONTINUOUS
10
0.9809041338582677
20
1.2411398031496064
11
0.980903937007874
21
1.2411395275590551
0
LINE
8
BLACK
6
CONTINUOUS
10
0.980903937007874
20
1.2411395275590551
11
0.9771446062992126
21
1.2346281889763779
0
LINE
8
BLACK
6
CONTINUOUS
10
0.9771446062992126
20
1.2346281889763779
11
0.9760049606299213
21
1.2311208661417323
0
LINE
8
BLACK
6
CONTINUOUS
10
0.9760049606299213
20
1.2311208661417323
11
0.9748211417322834
21
1.2274774409448819
0
LINE
8
BLACK
6
CONTINUOUS
10
0.9748211417322834
20
1.2274774409448819
11
0.9740352755905511
21
1.22
0
LINE
8
BLACK
6
CONTINUOUS
10
0.9740352755905511
20
1.22
11
0.9748211417322834
21
1.2125225196850393
0
LINE
8
BLACK
6
CONTINUOUS
10
0.9748211417322834
20
1.2125225196850393
11
0.9764442913385827
21
1.2075271259842519
0
LINE
8
BLACK
6
CONTINUOUS
10
0.9764442913385827
20
1.2075271259842519
11
0.9769707874015748
21
1.2059067322834645
0
LINE
8
BLACK
6
CONTINUOUS
10
0.9769707874015748
20
1.2059067322834645
11
0.9771446062992126
21
1.2053718503937008
0
LINE
8
BLACK
6
CONTINUOUS
10
0.9771446062992126
20
1.2053718503937008
11
0.9771447244094488
21
1.2053715748031495
0
LINE
8
BLACK
6
CONTINUOUS
10
0.9771447244094488
20
1.2053715748031495
11
0.9809038582677165
21
1.1988605511811024
0
LINE
8
BLACK
6
CONTINUOUS
10
0.9809038582677165
20
1.1988605511811024
11
0.9809041338582677
21
1.1988601574803148
0
LINE
8
BLACK
6
CONTINUOUS
10
0.9809041338582677
20
1.1988601574803148
11
0.9828006299212598
21
1.1967539370078739
0
LINE
8
BLACK
6
CONTINUOUS
10
0.9828006299212598
20
1.1967539370078739
11
0.9840099999999999
21
1.1942339763779528
0
LINE
8
BLACK
6
CONTINUOUS
10
0.9840099999999999
20
1.1942339763779528
11
0.9840748031496063
21
1.1934346456692912
0
LINE
8
BLACK
6
CONTINUOUS
10
0.9840748031496063
20
1.1934346456692912
11
0.9840748031496063
21
1.1284098818897637
0
LINE
8
BLACK
6
CONTINUOUS
10
0.9840748031496063
20
1.1284098818897637
11
0.9840042125984252
21
1.1277709448818898
0
LINE
8
BLACK
6
CONTINUOUS
10
0.9840042125984252
20
1.1277709448818898
11
0.984014094488189
21
1.1277700393700787
0
LINE
8
BLACK
6
CONTINUOUS
10
0.984014094488189
20
1.1277700393700787
11
0.9839846850393701
21
1.1274592519685038
0
LINE
8
BLACK
6
CONTINUOUS
10
0.9839846850393701
20
1.1274592519685038
11
0.9840723622047244
21
1.1246704330708661
0
LINE
8
BLACK
6
CONTINUOUS
10
0.9840723622047244
20
1.1246704330708661
11
0.9840748031496063
21
1.1245146062992126
0
LINE
8
BLACK
6
CONTINUOUS
10
0.9840748031496063
20
1.1245146062992126
11
0.9840748031496063
21
1.1233688582677166
0
LINE
8
BLACK
6
CONTINUOUS
10
0.9840748031496063
20
1.1233688582677166
11
0.9840966929133858
21
1.1231954724409448
0
LINE
8
BLACK
6
CONTINUOUS
10
0.9840966929133858
20
1.1231954724409448
11
0.9841333070866142
21
1.1227301181102363
0
LINE
8
BLACK
6
CONTINUOUS
10
0.9841333070866142
20
1.1227301181102363
11
0.9841904330708661
21
1.1209122834645668
0
LINE
8
BLACK
6
CONTINUOUS
10
0.9841904330708661
20
1.1209122834645668
11
0.9841904330708661
21
1.1209122047244093
0
LINE
8
BLACK
6
CONTINUOUS
10
0.9841904330708661
20
1.1209122047244093
11
0.9841904724409448
21
1.1209121653543306
0
LINE
8
BLACK
6
CONTINUOUS
10
0.9841904724409448
20
1.1209121653543306
11
0.9844260236220472
21
1.1201013385826772
0
LINE
8
BLACK
6
CONTINUOUS
10
0.9844260236220472
20
1.1201013385826772
11
0.984583779527559
21
1.1193394094488189
0
LINE
8
BLACK
6
CONTINUOUS
10
0.984583779527559
20
1.1193394094488189
11
0.9846896062992125
21
1.1185015748031495
0
LINE
8
BLACK
6
CONTINUOUS
10
0.9846896062992125
20
1.1185015748031495
11
0.98468968503937
21
1.1185013385826772
0
LINE
8
BLACK
6
CONTINUOUS
10
0.98468968503937
20
1.1185013385826772
11
0.9853592913385827
21
1.1168100000000001
0
LINE
8
BLACK
6
CONTINUOUS
10
0.9853592913385827
20
1.1168100000000001
11
0.9855105905511811
21
1.1163680708661416
0
LINE
8
BLACK
6
CONTINUOUS
10
0.9855105905511811
20
1.1163680708661416
11
0.9860177952755905
21
1.1146222834645669
0
LINE
8
BLACK
6
CONTINUOUS
10
0.9860177952755905
20
1.1146222834645669
11
0.9860179133858268
21
1.1146220078740157
0
LINE
8
BLACK
6
CONTINUOUS
10
0.9860179133858268
20
1.1146220078740157
11
0.9864477559055118
21
1.1138951574803149
0
LINE
8
BLACK
6
CONTINUOUS
10
0.9864477559055118
20
1.1138951574803149
11
0.9867899999999999
21
1.1131964960629921
0
LINE
8
BLACK
6
CONTINUOUS
10
0.9867899999999999
20
1.1131964960629921
11
0.9871008661417323
21
1.112411338582677
0
LINE
8
BLACK
6
CONTINUOUS
10
0.9871008661417323
20
1.112411338582677
11
0.9871009448818897
21
1.112411220472441
0
LINE
8
BLACK
6
CONTINUOUS
10
0.9871009448818897
20
1.112411220472441
11
0.9881699606299212
21
1.110939842519685
0
LINE
8
BLACK
6
CONTINUOUS
10
0.9881699606299212
20
1.110939842519685
11
0.9884264566929134
21
1.1105493307086614
0
LINE
8
BLACK
6
CONTINUOUS
10
0.9884264566929134
20
1.1105493307086614
11
0.9893522047244094
21
1.1089840157480315
0
LINE
8
BLACK
6
CONTINUOUS
10
0.9893522047244094
20
1.1089840157480315
11
0.9899494881889763
21
1.1083866929133859
0
LINE
8
BLACK
6
CONTINUOUS
10
0.9899494881889763
20
1.1083866929133859
11
0.9904547244094488
21
1.1077951181102361
0
LINE
8
BLACK
6
CONTINUOUS
10
0.9904547244094488
20
1.1077951181102361
11
0.990951062992126
21
1.107111968503937
0
LINE
8
BLACK
6
CONTINUOUS
10
0.990951062992126
20
1.107111968503937
11
0.9909511023622047
21
1.1071119291338583
0
LINE
8
BLACK
6
CONTINUOUS
10
0.9909511023622047
20
1.1071119291338583
11
0.9923526771653544
21
1.1059524015748032
0
LINE
8
BLACK
6
CONTINUOUS
10
0.9923526771653544
20
1.1059524015748032
11
0.992698188976378
21
1.1056379527559055
0
LINE
8
BLACK
6
CONTINUOUS
10
0.992698188976378
20
1.1056379527559055
11
1.0396513385826771
21
1.0586848425196851
0
LINE
8
BLACK
6
CONTINUOUS
10
1.0396513385826771
20
1.0586848425196851
11
1.0409909055118109
21
1.0562316141732284
0
LINE
8
BLACK
6
CONTINUOUS
10
1.0409909055118109
20
1.0562316141732284
11
1.0407915354330708
21
1.0534436220472441
0
LINE
8
BLACK
6
CONTINUOUS
10
1.0407915354330708
20
1.0534436220472441
11
1.0391164566929134
21
1.0512059842519685
0
LINE
8
BLACK
6
CONTINUOUS
10
1.0391164566929134
20
1.0512059842519685
11
1.036497559055118
21
1.0502291732283464
0
LINE
8
BLACK
6
CONTINUOUS
10
1.036497559055118
20
1.0502291732283464
11
1.0361436614173227
21
1.0502165354330708
0
LINE
8
BLACK
6
CONTINUOUS
10
1.0361436614173227
20
1.0502165354330708
11
0.9649606299212599
21
1.0502165354330708
0
LINE
8
BLACK
6
CONTINUOUS
10
0.9649606299212599
20
1.0502165354330708
11
0.9649602755905512
21
1.0502164960629921
0
LINE
8
BLACK
6
CONTINUOUS
10
0.9649602755905512
20
1.0502164960629921
11
0.9649602362204724
21
1.0502164960629921
0
LINE
8
BLACK
6
CONTINUOUS
10
0.9649602362204724
20
1.0502164960629921
11
0.9647163779527559
21
1.0501902755905512
0
LINE
8
BLACK
6
CONTINUOUS
10
0.9647163779527559
20
1.0501902755905512
11
0.9606634251968503
21
1.0497545669291339
0
LINE
8
BLACK
6
CONTINUOUS
10
0.9606634251968503
20
1.0497545669291339
11
0.9606630708661417
21
1.0497544881889764
0
LINE
8
BLACK
6
CONTINUOUS
10
0.9606630708661417
20
1.0497544881889764
11
0.9606629921259843
21
1.0497544881889764
0
LINE
8
BLACK
6
CONTINUOUS
10
0.9606629921259843
20
1.0497544881889764
11
0.9592387007874016
21
1.0494446456692914
0
LINE
8
BLACK
6
CONTINUOUS
10
0.9592387007874016
20
1.0494446456692914
11
0.9586027165354331
21
1.0493062992125983
0
LINE
8
BLACK
6
CONTINUOUS
10
0.9586027165354331
20
1.0493062992125983
11
0.9565383070866141
21
1.0486191732283465
0
LINE
8
BLACK
6
CONTINUOUS
10
0.9565383070866141
20
1.0486191732283465
11
0.9545017716535433
21
1.047941377952756
0
LINE
8
BLACK
6
CONTINUOUS
10
0.9545017716535433
20
1.047941377952756
11
0.9545016929133858
21
1.0479413385826772
0
LINE
8
BLACK
6
CONTINUOUS
10
0.9545016929133858
20
1.0479413385826772
11
0.9496609448818898
21
1.0448303937007875
0
LINE
8
BLACK
6
CONTINUOUS
10
0.9496609448818898
20
1.0448303937007875
11
0.9496608661417323
21
1.0448303149606299
0
LINE
8
BLACK
6
CONTINUOUS
10
0.9496608661417323
20
1.0448303149606299
11
0.9496607874015748
21
1.0448302755905512
0
LINE
8
BLACK
6
CONTINUOUS
10
0.9496607874015748
20
1.0448302755905512
11
0.9476496062992126
21
1.0430875590551181
0
LINE
8
BLACK
6
CONTINUOUS
10
0.9476496062992126
20
1.0430875590551181
11
0.9475620866141732
21
1.0430157480314961
0
LINE
8
BLACK
6
CONTINUOUS
10
0.9475620866141732
20
1.0430157480314961
11
0.9437802755905511
21
1.038651220472441
0
LINE
8
BLACK
6
CONTINUOUS
10
0.9437802755905511
20
1.038651220472441
11
0.9437801968503937
21
1.0386511023622047
0
LINE
8
BLACK
6
CONTINUOUS
10
0.9437801968503937
20
1.0386511023622047
11
0.9413898031496063
21
1.0334168897637794
0
LINE
8
BLACK
6
CONTINUOUS
10
0.9413898031496063
20
1.0334168897637794
11
0.940731968503937
21
1.0311764173228346
0
LINE
8
BLACK
6
CONTINUOUS
10
0.940731968503937
20
1.0311764173228346
11
0.9406023622047244
21
1.030735
0
LINE
8
BLACK
6
CONTINUOUS
10
0.9406023622047244
20
1.030735
11
0.9397834645669291
21
1.0250393700787401
0
LINE
8
BLACK
6
CONTINUOUS
10
0.9397834645669291
20
1.0250393700787401
11
0.9397834645669291
21
1.0250392125984251
0
LINE
8
BLACK
6
CONTINUOUS
10
0.9397834645669291
20
1.0250392125984251
11
0.9397834645669291
21
0.7949602362204724
0
LINE
8
BLACK
6
CONTINUOUS
10
0.9397834645669291
20
0.7949602362204724
11
0.9402454724409448
21
0.7906631496062992
0
LINE
8
BLACK
6
CONTINUOUS
10
0.5698211417322835
20
1.2125225196850393
11
0.5714442913385827
21
1.2075271259842519
0
LINE
8
BLACK
6
CONTINUOUS
10
0.5714442913385827
20
1.2075271259842519
11
0.5719707874015748
21
1.2059067322834645
0
LINE
8
BLACK
6
CONTINUOUS
10
0.5719707874015748
20
1.2059067322834645
11
0.5721446062992126
21
1.2053718503937008
0
LINE
8
BLACK
6
CONTINUOUS
10
0.5721446062992126
20
1.2053718503937008
11
0.5721447244094489
21
1.2053715748031495
0
LINE
8
BLACK
6
CONTINUOUS
10
0.5721447244094489
20
1.2053715748031495
11
0.5759038582677165
21
1.1988605511811024
0
LINE
8
BLACK
6
CONTINUOUS
10
0.5759038582677165
20
1.1988605511811024
11
0.5759041338582677
21
1.1988601574803148
0
LINE
8
BLACK
6
CONTINUOUS
10
0.5759041338582677
20
1.1988601574803148
11
0.5778006299212598
21
1.1967539370078739
0
LINE
8
BLACK
6
CONTINUOUS
10
0.5778006299212598
20
1.1967539370078739
11
0.57901
21
1.1942339763779528
0
LINE
8
BLACK
6
CONTINUOUS
10
0.57901
20
1.1942339763779528
11
0.5790748031496062
21
1.1934346456692912
0
LINE
8
BLACK
6
CONTINUOUS
10
0.5790748031496062
20
1.1934346456692912
11
0.5790748031496062
21
0.9984098818897638
0
LINE
8
BLACK
6
CONTINUOUS
10
0.5790748031496062
20
0.9984098818897638
11
0.5790042125984252
21
0.9977709448818898
0
LINE
8
BLACK
6
CONTINUOUS
10
0.5790042125984252
20
0.9977709448818898
11
0.579014094488189
21
0.9977700393700787
0
LINE
8
BLACK
6
CONTINUOUS
10
0.579014094488189
20
0.9977700393700787
11
0.5789846850393701
21
0.9974592519685039
0
LINE
8
BLACK
6
CONTINUOUS
10
0.5789846850393701
20
0.9974592519685039
11
0.5790723622047244
21
0.9946704330708661
0
LINE
8
BLACK
6
CONTINUOUS
10
0.5790723622047244
20
0.9946704330708661
11
0.5790748031496062
21
0.9945146062992126
0
LINE
8
BLACK
6
CONTINUOUS
10
0.5790748031496062
20
0.9945146062992126
11
0.5790748031496062
21
0.9933688582677165
0
LINE
8
BLACK
6
CONTINUOUS
10
0.5790748031496062
20
0.9933688582677165
11
0.5790966929133858
21
0.9931954724409449
0
LINE
8
BLACK
6
CONTINUOUS
10
0.5790966929133858
20
0.9931954724409449
11
0.5791333070866141
21
0.9927301181102361
0
LINE
8
BLACK
6
CONTINUOUS
10
0.5791333070866141
20
0.9927301181102361
11
0.5791904330708662
21
0.9909122834645669
0
LINE
8
BLACK
6
CONTINUOUS
10
0.5791904330708662
20
0.9909122834645669
11
0.5791904724409449
21
0.9909122047244094
0
LINE
8
BLACK
6
CONTINUOUS
10
0.5791904724409449
20
0.9909122047244094
11
0.5794260236220472
21
0.9901013385826771
0
LINE
8
BLACK
6
CONTINUOUS
10
0.5794260236220472
20
0.9901013385826771
11
0.579583779527559
21
0.9893394094488189
0
LINE
8
BLACK
6
CONTINUOUS
10
0.579583779527559
20
0.9893394094488189
11
0.5796896062992126
21
0.9885015748031496
0
LINE
8
BLACK
6
CONTINUOUS
10
0.5796896062992126
20
0.9885015748031496
11
0.57968968503937
21
0.9885013385826772
0
LINE
8
BLACK
6
CONTINUOUS
10
0.57968968503937
20
0.9885013385826772
11
0.5803592913385827
21
0.98681
0
LINE
8
BLACK
6
CONTINUOUS
10
0.5803592913385827
20
0.98681
11
0.580510590551181
21
0.9863680708661418
0
LINE
8
BLACK
6
CONTINUOUS
10
0.580510590551181
20
0.9863680708661418
11
0.5810177952755905
21
0.9846222834645669
0
LINE
8
BLACK
6
CONTINUOUS
10
0.5810177952755905
20
0.9846222834645669
11
0.5810179133858268
21
0.9846220078740158
0
LINE
8
BLACK
6
CONTINUOUS
10
0.5810179133858268
20
0.9846220078740158
11
0.5814477559055118
21
0.983895157480315
0
LINE
8
BLACK
6
CONTINUOUS
10
0.5814477559055118
20
0.983895157480315
11
0.58179
21
0.9831964960629921
0
LINE
8
BLACK
6
CONTINUOUS
10
0.58179
20
0.9831964960629921
11
0.5821008661417323
21
0.9824113385826772
0
LINE
8
BLACK
6
CONTINUOUS
10
0.5821008661417323
20
0.9824113385826772
11
0.5821009448818898
21
0.9824112204724409
0
LINE
8
BLACK
6
CONTINUOUS
10
0.5821009448818898
20
0.9824112204724409
11
0.5831699606299212
21
0.980939842519685
0
LINE
8
BLACK
6
CONTINUOUS
10
0.5831699606299212
20
0.980939842519685
11
0.5834264566929134
21
0.9805493307086613
0
LINE
8
BLACK
6
CONTINUOUS
10
0.5834264566929134
20
0.9805493307086613
11
0.5843522047244094
21
0.9789840157480315
0
LINE
8
BLACK
6
CONTINUOUS
10
0.5843522047244094
20
0.9789840157480315
11
0.5849494881889764
21
0.9783866929133858
0
LINE
8
BLACK
6
CONTINUOUS
10
0.5849494881889764
20
0.9783866929133858
11
0.5854547244094488
21
0.9777951181102362
0
LINE
8
BLACK
6
CONTINUOUS
10
0.5854547244094488
20
0.9777951181102362
11
0.585951062992126
21
0.977111968503937
0
LINE
8
BLACK
6
CONTINUOUS
10
0.585951062992126
20
0.977111968503937
11
0.5859511023622047
21
0.9771119291338582
0
LINE
8
BLACK
6
CONTINUOUS
10
0.5859511023622047
20
0.9771119291338582
11
0.5873526771653543
21
0.9759524015748031
0
LINE
8
BLACK
6
CONTINUOUS
10
0.5873526771653543
20
0.9759524015748031
11
0.5876981889763779
21
0.9756379527559055
0
LINE
8
BLACK
6
CONTINUOUS
10
0.5876981889763779
20
0.9756379527559055
11
0.6128751968503937
21
0.9504609448818897
0
LINE
8
BLACK
6
CONTINUOUS
10
0.6128751968503937
20
0.9504609448818897
11
0.6142148031496063
21
0.948007716535433
0
LINE
8
BLACK
6
CONTINUOUS
10
0.6142148031496063
20
0.948007716535433
11
0.6143009448818898
21
0.947471811023622
0
LINE
8
BLACK
6
CONTINUOUS
10
0.6143009448818898
20
0.947471811023622
11
0.6148211811023622
21
0.9425225196850393
0
LINE
8
BLACK
6
CONTINUOUS
10
0.6148211811023622
20
0.9425225196850393
11
0.6148211811023622
21
0.9425224015748032
0
LINE
8
BLACK
6
CONTINUOUS
10
0.6148211811023622
20
0.9425224015748032
11
0.6148212204724409
21
0.9425223622047244
0
LINE
8
BLACK
6
CONTINUOUS
10
0.6148212204724409
20
0.9425223622047244
11
0.6171446062992126
21
0.9353718503937007
0
LINE
8
BLACK
6
CONTINUOUS
10
0.6171446062992126
20
0.9353718503937007
11
0.6171447244094488
21
0.9353715748031496
0
LINE
8
BLACK
6
CONTINUOUS
10
0.6171447244094488
20
0.9353715748031496
11
0.6209038582677165
21
0.9288605511811023
0
LINE
8
BLACK
6
CONTINUOUS
10
0.6209038582677165
20
0.9288605511811023
11
0.6209041338582677
21
0.9288601574803149
0
LINE
8
BLACK
6
CONTINUOUS
10
0.6209041338582677
20
0.9288601574803149
11
0.6259348031496063
21
0.923273031496063
0
LINE
8
BLACK
6
CONTINUOUS
10
0.6259348031496063
20
0.923273031496063
11
0.6320175984251969
21
0.9188536220472441
0
LINE
8
BLACK
6
CONTINUOUS
10
0.6320175984251969
20
0.9188536220472441
11
0.6388862598425197
21
0.9157955118110236
0
LINE
8
BLACK
6
CONTINUOUS
10
0.6388862598425197
20
0.9157955118110236
11
0.6462406692913386
21
0.9142322834645669
0
LINE
8
BLACK
6
CONTINUOUS
10
0.6462406692913386
20
0.9142322834645669
11
0.6537593307086614
21
0.9142322834645669
0
LINE
8
BLACK
6
CONTINUOUS
10
0.6537593307086614
20
0.9142322834645669
11
0.6611137007874016
21
0.9157955118110236
0
LINE
8
BLACK
6
CONTINUOUS
10
0.6611137007874016
20
0.9157955118110236
11
0.6679823622047244
21
0.9188536220472441
0
LINE
8
BLACK
6
CONTINUOUS
10
0.6679823622047244
20
0.9188536220472441
11
0.6740651574803149
21
0.923273031496063
0
LINE
8
BLACK
6
CONTINUOUS
10
0.6740651574803149
20
0.923273031496063
11
0.6790958267716535
21
0.9288601574803149
0
LINE
8
BLACK
6
CONTINUOUS
10
0.6790958267716535
20
0.9288601574803149
11
0.679095905511811
21
0.9288602755905512
0
LINE
8
BLACK
6
CONTINUOUS
10
0.679095905511811
20
0.9288602755905512
11
0.679096062992126
21
0.9288604724409448
0
LINE
8
BLACK
6
CONTINUOUS
10
0.679096062992126
20
0.9288604724409448
11
0.6808373622047244
21
0.9318764960629921
0
LINE
8
BLACK
6
CONTINUOUS
10
0.6808373622047244
20
0.9318764960629921
11
0.6828603149606299
21
0.9338053543307087
0
LINE
8
BLACK
6
CONTINUOUS
10
0.6828603149606299
20
0.9338053543307087
11
0.6856049606299213
21
0.9343342913385827
0
LINE
8
BLACK
6
CONTINUOUS
10
0.6856049606299213
20
0.9343342913385827
11
0.6861642519685039
21
0.9342484645669291
0
LINE
8
BLACK
6
CONTINUOUS
10
0.6861642519685039
20
0.9342484645669291
11
0.6862403149606299
21
0.9342322834645669
0
LINE
8
BLACK
6
CONTINUOUS
10
0.6862403149606299
20
0.9342322834645669
11
0.6862406692913385
21
0.9342322834645669
0
LINE
8
BLACK
6
CONTINUOUS
10
0.6862406692913385
20
0.9342322834645669
11
0.6937593307086614
21
0.9342322834645669
0
LINE
8
BLACK
6
CONTINUOUS
10
0.6937593307086614
20
0.9342322834645669
11
0.7011137007874015
21
0.9357955118110236
0
LINE
8
BLACK
6
CONTINUOUS
10
0.7011137007874015
20
0.9357955118110236
11
0.7079823622047244
21
0.9388536220472441
0
LINE
8
BLACK
6
CONTINUOUS
10
0.7079823622047244
20
0.9388536220472441
11
0.714065157480315
21
0.943273031496063
0
LINE
8
BLACK
6
CONTINUOUS
10
0.714065157480315
20
0.943273031496063
11
0.7190958267716535
21
0.9488601574803149
0
LINE
8
BLACK
6
CONTINUOUS
10
0.7190958267716535
20
0.9488601574803149
11
0.7190961023622047
21
0.9488605511811024
0
LINE
8
BLACK
6
CONTINUOUS
10
0.7190961023622047
20
0.9488605511811024
11
0.7193029527559055
21
0.9492188188976378
0
LINE
8
BLACK
6
CONTINUOUS
10
0.7193029527559055
20
0.9492188188976378
11
0.7228553937007873
21
0.955371811023622
0
LINE
8
BLACK
6
CONTINUOUS
10
0.7228553937007873
20
0.955371811023622
11
0.7251788188976378
21
0.9625225196850393
0
LINE
8
BLACK
6
CONTINUOUS
10
0.7251788188976378
20
0.9625225196850393
11
0.7256830314960629
21
0.9673200393700787
0
LINE
8
BLACK
6
CONTINUOUS
10
0.7256830314960629
20
0.9673200393700787
11
0.7222595669291338
21
0.9707435433070866
0
LINE
8
BLACK
6
CONTINUOUS
10
0.7222595669291338
20
0.9707435433070866
11
0.720022716535433
21
0.9751335826771653
0
LINE
8
BLACK
6
CONTINUOUS
10
0.720022716535433
20
0.9751335826771653
11
0.719251968503937
21
0.98
0
LINE
8
BLACK
6
CONTINUOUS
10
0.719251968503937
20
0.98
11
0.720022716535433
21
0.9848664173228346
0
LINE
8
BLACK
6
CONTINUOUS
10
0.720022716535433
20
0.9848664173228346
11
0.7212861811023622
21
0.9873461023622047
0
LINE
8
BLACK
6
CONTINUOUS
10
0.7212861811023622
20
0.9873461023622047
11
0.7190960629921259
21
0.9911395275590551
0
LINE
8
BLACK
6
CONTINUOUS
10
0.7190960629921259
20
0.9911395275590551
11
0.7171993700787401
21
0.9932459448818898
0
LINE
8
BLACK
6
CONTINUOUS
10
0.7171993700787401
20
0.9932459448818898
11
0.7159900393700788
21
0.995765905511811
0
LINE
8
BLACK
6
CONTINUOUS
10
0.7159900393700788
20
0.995765905511811
11
0.7159251968503937
21
0.9965653149606299
0
LINE
8
BLACK
6
CONTINUOUS
10
0.7159251968503937
20
0.9965653149606299
11
0.7159251968503937
21
1.180675590551181
0
LINE
8
BLACK
6
CONTINUOUS
10
0.7159251968503937
20
1.180675590551181
11
0.7167126771653544
21
1.1833575196850394
0
LINE
8
BLACK
6
CONTINUOUS
10
0.7167126771653544
20
1.1833575196850394
11
0.7188251181102362
21
1.1851879527559055
0
LINE
8
BLACK
6
CONTINUOUS
10
0.7188251181102362
20
1.1851879527559055
11
0.7198544094488188
21
1.1855277952755905
0
LINE
8
BLACK
6
CONTINUOUS
10
0.7198544094488188
20
1.1855277952755905
11
0.7211135433070865
21
1.1857954330708662
0
LINE
8
BLACK
6
CONTINUOUS
10
0.7211135433070865
20
1.1857954330708662
11
0.7279823622047243
21
1.1888536220472441
0
LINE
8
BLACK
6
CONTINUOUS
10
0.7279823622047243
20
1.1888536220472441
11
0.734065157480315
21
1.1932730314960629
0
LINE
8
BLACK
6
CONTINUOUS
10
0.734065157480315
20
1.1932730314960629
11
0.7390958267716535
21
1.1988601574803148
0
LINE
8
BLACK
6
CONTINUOUS
10
0.7390958267716535
20
1.1988601574803148
11
0.7390961023622047
21
1.1988605511811024
0
LINE
8
BLACK
6
CONTINUOUS
10
0.7390961023622047
20
1.1988605511811024
11
0.7390961811023622
21
1.1988607086614174
0
LINE
8
BLACK
6
CONTINUOUS
10
0.7390961811023622
20
1.1988607086614174
11
0.7415423228346456
21
1.2030975196850393
0
LINE
8
BLACK
6
CONTINUOUS
10
0.7415423228346456
20
1.2030975196850393
11
0.7434643307086614
21
1.2049301574803148
0
LINE
8
BLACK
6
CONTINUOUS
10
0.7434643307086614
20
1.2049301574803148
11
0.7433883858267717
21
1.2069776771653542
0
LINE
8
BLACK
6
CONTINUOUS
10
0.7433883858267717
20
1.2069776771653542
11
0.7434787401574803
21
1.20729031496063
0
LINE
8
BLACK
6
CONTINUOUS
10
0.7434787401574803
20
1.20729031496063
11
0.7451788188976378
21
1.2125225196850393
0
LINE
8
BLACK
6
CONTINUOUS
10
0.7451788188976378
20
1.2125225196850393
11
0.7459647244094488
21
1.22
0
LINE
8
BLACK
6
CONTINUOUS
10
0.7459647244094488
20
1.22
11
0.7451788188976378
21
1.2274774803149606
0
LINE
8
BLACK
6
CONTINUOUS
10
0.7451788188976378
20
1.2274774803149606
11
0.7428553937007873
21
1.2346281889763779
0
LINE
8
BLACK
6
CONTINUOUS
10
0.7428553937007873
20
1.2346281889763779
11
0.7390960629921259
21
1.2411395275590551
0
LINE
8
BLACK
6
CONTINUOUS
10
0.7390960629921259
20
1.2411395275590551
11
0.7390955905511811
21
1.2411400393700787
0
LINE
8
BLACK
6
CONTINUOUS
10
0.7390955905511811
20
1.2411400393700787
11
0.734065157480315
21
1.2467269291338583
0
LINE
8
BLACK
6
CONTINUOUS
10
0.734065157480315
20
1.2467269291338583
11
0.7340651181102362
21
1.2467269291338583
0
LINE
8
BLACK
6
CONTINUOUS
10
0.7340651181102362
20
1.2467269291338583
11
0.7340650787401575
21
1.2467270078740158
0
LINE
8
BLACK
6
CONTINUOUS
10
0.7340650787401575
20
1.2467270078740158
11
0.7279823622047243
21
1.2511463779527559
0
LINE
8
BLACK
6
CONTINUOUS
10
0.7279823622047243
20
1.2511463779527559
11
0.7211137007874016
21
1.2542044881889765
0
LINE
8
BLACK
6
CONTINUOUS
10
0.7211137007874016
20
1.2542044881889765
11
0.7137593307086614
21
1.2557677165354331
0
LINE
8
BLACK
6
CONTINUOUS
10
0.7137593307086614
20
1.2557677165354331
11
0.7062406692913386
21
1.2557677165354331
0
LINE
8
BLACK
6
CONTINUOUS
10
0.7062406692913386
20
1.2557677165354331
11
0.6988862992125984
21
1.2542044881889765
0
LINE
8
BLACK
6
CONTINUOUS
10
0.6988862992125984
20
1.2542044881889765
11
0.6920176377952756
21
1.2511463779527559
0
LINE
8
BLACK
6
CONTINUOUS
10
0.6920176377952756
20
1.2511463779527559
11
0.6920175984251968
21
1.2511463385826771
0
LINE
8
BLACK
6
CONTINUOUS
10
0.6920175984251968
20
1.2511463385826771
11
0.6859348031496063
21
1.2467269291338583
0
LINE
8
BLACK
6
CONTINUOUS
10
0.6859348031496063
20
1.2467269291338583
11
0.6809041338582676
21
1.2411398031496064
0
LINE
8
BLACK
6
CONTINUOUS
10
0.6809041338582676
20
1.2411398031496064
11
0.680903937007874
21
1.2411395275590551
0
LINE
8
BLACK
6
CONTINUOUS
10
0.680903937007874
20
1.2411395275590551
11
0.6771446062992126
21
1.2346281889763779
0
LINE
8
BLACK
6
CONTINUOUS
10
0.6771446062992126
20
1.2346281889763779
11
0.6760049606299212
21
1.2311208661417323
0
LINE
8
BLACK
6
CONTINUOUS
10
0.6760049606299212
20
1.2311208661417323
11
0.6748211417322835
21
1.2274774409448819
0
LINE
8
BLACK
6
CONTINUOUS
10
0.6748211417322835
20
1.2274774409448819
11
0.674312874015748
21
1.2226414173228346
0
LINE
8
BLACK
6
CONTINUOUS
10
0.674312874015748
20
1.2226414173228346
11
0.6732493700787402
21
1.220056496062992
0
LINE
8
BLACK
6
CONTINUOUS
10
0.6732493700787402
20
1.220056496062992
11
0.6729955511811023
21
1.2197641732283464
0
LINE
8
BLACK
6
CONTINUOUS
10
0.6729955511811023
20
1.2197641732283464
11
0.6714327952755905
21
1.2181
0
LINE
8
BLACK
6
CONTINUOUS
10
0.6714327952755905
20
1.2181
11
0.6713255118110236
21
1.2179892913385826
0
LINE
8
BLACK
6
CONTINUOUS
10
0.6713255118110236
20
1.2179892913385826
11
0.6708901181102362
21
1.2175538976377953
0
LINE
8
BLACK
6
CONTINUOUS
10
0.6708901181102362
20
1.2175538976377953
11
0.6705147637795276
21
1.2171785433070865
0
LINE
8
BLACK
6
CONTINUOUS
10
0.6705147637795276
20
1.2171785433070865
11
0.6705144094488189
21
1.2171781496062992
0
LINE
8
BLACK
6
CONTINUOUS
10
0.6705144094488189
20
1.2171781496062992
11
0.6704075984251968
21
1.2170404330708662
0
LINE
8
BLACK
6
CONTINUOUS
10
0.6704075984251968
20
1.2170404330708662
11
0.6701041732283465
21
1.216685157480315
0
LINE
8
BLACK
6
CONTINUOUS
10
0.6701041732283465
20
1.216685157480315
11
0.6688593700787402
21
1.2153595669291339
0
LINE
8
BLACK
6
CONTINUOUS
10
0.6688593700787402
20
1.2153595669291339
11
0.6688593307086614
21
1.2153594881889764
0
LINE
8
BLACK
6
CONTINUOUS
10
0.6688593307086614
20
1.2153594881889764
11
0.6688591732283464
21
1.2153592519685039
0
LINE
8
BLACK
6
CONTINUOUS
10
0.6688591732283464
20
1.2153592519685039
11
0.6684525196850394
21
1.2146196062992125
0
LINE
8
BLACK
6
CONTINUOUS
10
0.6684525196850394
20
1.2146196062992125
11
0.6680253149606299
21
1.2139692125984252
0
LINE
8
BLACK
6
CONTINUOUS
10
0.6680253149606299
20
1.2139692125984252
11
0.6675076771653543
21
1.2133018503937008
0
LINE
8
BLACK
6
CONTINUOUS
10
0.6675076771653543
20
1.2133018503937008
11
0.6667852755905511
21
1.2116324803149605
0
LINE
8
BLACK
6
CONTINUOUS
10
0.6667852755905511
20
1.2116324803149605
11
0.6665796456692913
21
1.2112127559055117
0
LINE
8
BLACK
6
CONTINUOUS
10
0.6665796456692913
20
1.2112127559055117
11
0.665703779527559
21
1.2096196062992126
0
LINE
8
BLACK
6
CONTINUOUS
10
0.665703779527559
20
1.2096196062992126
11
0.6657037401574804
21
1.2096194881889764
0
LINE
8
BLACK
6
CONTINUOUS
10
0.6657037401574804
20
1.2096194881889764
11
0.6654938188976378
21
1.2088018897637796
0
LINE
8
BLACK
6
CONTINUOUS
10
0.6654938188976378
20
1.2088018897637796
11
0.6652417322834645
21
1.2080655511811023
0
LINE
8
BLACK
6
CONTINUOUS
10
0.6652417322834645
20
1.2080655511811023
11
0.6649062598425197
21
1.20729031496063
0
LINE
8
BLACK
6
CONTINUOUS
10
0.6649062598425197
20
1.20729031496063
11
0.6646218110236221
21
1.2054941732283464
0
LINE
8
BLACK
6
CONTINUOUS
10
0.6646218110236221
20
1.2054941732283464
11
0.6645270472440945
21
1.2050365748031495
0
LINE
8
BLACK
6
CONTINUOUS
10
0.6645270472440945
20
1.2050365748031495
11
0.6640748031496063
21
1.2032750787401574
0
LINE
8
BLACK
6
CONTINUOUS
10
0.6640748031496063
20
1.2032750787401574
11
0.6640748031496063
21
1.202430748031496
0
LINE
8
BLACK
6
CONTINUOUS
10
0.6640748031496063
20
1.202430748031496
11
0.6640137401574803
21
1.2016547244094489
0
LINE
8
BLACK
6
CONTINUOUS
10
0.6640137401574803
20
1.2016547244094489
11
0.6638816535433071
21
1.2008207480314961
0
LINE
8
BLACK
6
CONTINUOUS
10
0.6638816535433071
20
1.2008207480314961
11
0.6640527952755906
21
1.1990101968503937
0
LINE
8
BLACK
6
CONTINUOUS
10
0.6640527952755906
20
1.1990101968503937
11
0.6640748031496063
21
1.1985433858267716
0
LINE
8
BLACK
6
CONTINUOUS
10
0.6640748031496063
20
1.1985433858267716
11
0.6640748031496063
21
0.9965653149606299
0
LINE
8
BLACK
6
CONTINUOUS
10
0.6640748031496063
20
0.9965653149606299
11
0.6632873228346456
21
0.9938833858267716
0
LINE
8
BLACK
6
CONTINUOUS
10
0.6632873228346456
20
0.9938833858267716
11
0.6628007086614173
21
0.9932460629921259
0
LINE
8
BLACK
6
CONTINUOUS
10
0.6628007086614173
20
0.9932460629921259
11
0.6623361417322835
21
0.9927301181102361
0
LINE
8
BLACK
6
CONTINUOUS
10
0.6623361417322835
20
0.9927301181102361
11
0.660903937007874
21
0.9911395275590551
0
LINE
8
BLACK
6
CONTINUOUS
10
0.660903937007874
20
0.9911395275590551
11
0.6609038582677165
21
0.9911394094488188
0
LINE
8
BLACK
6
CONTINUOUS
10
0.6609038582677165
20
0.9911394094488188
11
0.6591625984251969
21
0.9881234645669291
0
LINE
8
BLACK
6
CONTINUOUS
10
0.6591625984251969
20
0.9881234645669291
11
0.6571396456692913
21
0.9861945669291339
0
LINE
8
BLACK
6
CONTINUOUS
10
0.6571396456692913
20
0.9861945669291339
11
0.6543949999999999
21
0.9856656299212598
0
LINE
8
BLACK
6
CONTINUOUS
10
0.6543949999999999
20
0.9856656299212598
11
0.6538355118110236
21
0.9857514960629921
0
LINE
8
BLACK
6
CONTINUOUS
10
0.6538355118110236
20
0.9857514960629921
11
0.6537593307086614
21
0.985767716535433
0
LINE
8
BLACK
6
CONTINUOUS
10
0.6537593307086614
20
0.985767716535433
11
0.6537591732283464
21
0.985767716535433
0
LINE
8
BLACK
6
CONTINUOUS
10
0.6537591732283464
20
0.985767716535433
11
0.6529507874015748
21
0.985767716535433
0
LINE
8
BLACK
6
CONTINUOUS
10
0.6529507874015748
20
0.985767716535433
11
0.6502688582677165
21
0.9865551968503937
0
LINE
8
BLACK
6
CONTINUOUS
10
0.6502688582677165
20
0.9865551968503937
11
0.6494431102362205
21
0.9872206692913386
0
LINE
8
BLACK
6
CONTINUOUS
10
0.6494431102362205
20
0.9872206692913386
11
0.6323781496062992
21
1.0042856299212599
0
LINE
8
BLACK
6
CONTINUOUS
10
0.6323781496062992
20
1.0042856299212599
11
0.6310385433070866
21
1.0067388582677166
0
LINE
8
BLACK
6
CONTINUOUS
10
0.6310385433070866
20
1.0067388582677166
11
0.6309251968503937
21
1.0077933070866141
0
LINE
8
BLACK
6
CONTINUOUS
10
0.6309251968503937
20
1.0077933070866141
11
0.6309251968503937
21
1.1934346456692912
0
LINE
8
BLACK
6
CONTINUOUS
10
0.6309251968503937
20
1.1934346456692912
11
0.6317126771653543
21
1.1961165748031495
0
LINE
8
BLACK
6
CONTINUOUS
10
0.6317126771653543
20
1.1961165748031495
11
0.6321993700787402
21
1.1967539370078739
0
LINE
8
BLACK
6
CONTINUOUS
10
0.6321993700787402
20
1.1967539370078739
11
0.6340958267716535
21
1.1988601574803148
0
LINE
8
BLACK
6
CONTINUOUS
10
0.6340958267716535
20
1.1988601574803148
11
0.6340961023622047
21
1.1988605511811024
0
LINE
8
BLACK
6
CONTINUOUS
10
0.6340961023622047
20
1.1988605511811024
11
0.6340961811023622
21
1.1988607086614174
0
LINE
8
BLACK
6
CONTINUOUS
10
0.6340961811023622
20
1.1988607086614174
11
0.6378553937007874
21
1.205371811023622
0
LINE
8
BLACK
6
CONTINUOUS
10
0.6378553937007874
20
1.205371811023622
11
0.6401788188976378
21
1.2125225196850393
0
LINE
8
BLACK
6
CONTINUOUS
10
0.6401788188976378
20
1.2125225196850393
11
0.6409647244094488
21
1.22
0
LINE
8
BLACK
6
CONTINUOUS
10
0.6409647244094488
20
1.22
11
0.6401788188976378
21
1.2274774803149606
0
LINE
8
BLACK
6
CONTINUOUS
10
0.6401788188976378
20
1.2274774803149606
11
0.6378553937007874
21
1.2346281889763779
0
LINE
8
BLACK
6
CONTINUOUS
10
0.6378553937007874
20
1.2346281889763779
11
0.634096062992126
21
1.2411395275590551
0
LINE
8
BLACK
6
CONTINUOUS
10
0.634096062992126
20
1.2411395275590551
11
0.6340955905511811
21
1.2411400393700787
0
LINE
8
BLACK
6
CONTINUOUS
10
0.6340955905511811
20
1.2411400393700787
11
0.629065157480315
21
1.2467269291338583
0
LINE
8
BLACK
6
CONTINUOUS
10
0.629065157480315
20
1.2467269291338583
11
0.6290651181102362
21
1.2467269291338583
0
LINE
8
BLACK
6
CONTINUOUS
10
0.6290651181102362
20
1.2467269291338583
11
0.6290650787401575
21
1.2467270078740158
0
LINE
8
BLACK
6
CONTINUOUS
10
0.6290650787401575
20
1.2467270078740158
11
0.6229823622047244
21
1.2511463779527559
0
LINE
8
BLACK
6
CONTINUOUS
10
0.6229823622047244
20
1.2511463779527559
11
0.6161137007874016
21
1.2542044881889765
0
LINE
8
BLACK
6
CONTINUOUS
10
0.6161137007874016
20
1.2542044881889765
11
0.6087593307086614
21
1.2557677165354331
0
LINE
8
BLACK
6
CONTINUOUS
10
0.6087593307086614
20
1.2557677165354331
11
0.6012406692913386
21
1.2557677165354331
0
LINE
8
BLACK
6
CONTINUOUS
10
0.6012406692913386
20
1.2557677165354331
11
0.5938862992125984
21
1.2542044881889765
0
LINE
8
BLACK
6
CONTINUOUS
10
0.5938862992125984
20
1.2542044881889765
11
0.5870176377952756
21
1.2511463779527559
0
LINE
8
BLACK
6
CONTINUOUS
10
0.5870176377952756
20
1.2511463779527559
11
0.5870175984251969
21
1.2511463385826771
0
LINE
8
BLACK
6
CONTINUOUS
10
0.5870175984251969
20
1.2511463385826771
11
0.5809348031496063
21
1.2467269291338583
0
LINE
8
BLACK
6
CONTINUOUS
10
0.5809348031496063
20
1.2467269291338583
11
0.5759041338582677
21
1.2411398031496064
0
LINE
8
BLACK
6
CONTINUOUS
10
0.5759041338582677
20
1.2411398031496064
11
0.575903937007874
21
1.2411395275590551
0
LINE
8
BLACK
6
CONTINUOUS
10
0.575903937007874
20
1.2411395275590551
11
0.5721446062992126
21
1.2346281889763779
0
LINE
8
BLACK
6
CONTINUOUS
10
0.5721446062992126
20
1.2346281889763779
11
0.5710049606299212
21
1.2311208661417323
0
LINE
8
BLACK
6
CONTINUOUS
10
0.5710049606299212
20
1.2311208661417323
11
0.5698211417322835
21
1.2274774409448819
0
LINE
8
BLACK
6
CONTINUOUS
10
0.5698211417322835
20
1.2274774409448819
11
0.5690352755905511
21
1.22
0
LINE
8
BLACK
6
CONTINUOUS
10
0.5690352755905511
20
1.22
11
0.5698211417322835
21
1.2125225196850393
0
LINE
8
BLACK
6
CONTINUOUS
10
0.7938862992125985
20
1.2542047244094487
11
0.7870176377952756
21
1.2511466141732284
0
LINE
8
BLACK
6
CONTINUOUS
10
0.7870176377952756
20
1.2511466141732284
11
0.7833464173228346
21
1.2484792913385827
0
LINE
8
BLACK
6
CONTINUOUS
10
0.7833464173228346
20
1.2484792913385827
11
0.7809348031496063
21
1.2467271653543306
0
LINE
8
BLACK
6
CONTINUOUS
10
0.7809348031496063
20
1.2467271653543306
11
0.7759041338582677
21
1.2411400393700787
0
LINE
8
BLACK
6
CONTINUOUS
10
0.7759041338582677
20
1.2411400393700787
11
0.7759038582677166
21
1.2411396456692914
0
LINE
8
BLACK
6
CONTINUOUS
10
0.7759038582677166
20
1.2411396456692914
11
0.7759037401574803
21
1.2411394094488188
0
LINE
8
BLACK
6
CONTINUOUS
10
0.7759037401574803
20
1.2411394094488188
11
0.7721446062992126
21
1.2346284251968505
0
LINE
8
BLACK
6
CONTINUOUS
10
0.7721446062992126
20
1.2346284251968505
11
0.7698211811023622
21
1.2274777165354331
0
LINE
8
BLACK
6
CONTINUOUS
10
0.7698211811023622
20
1.2274777165354331
11
0.7696812598425197
21
1.2261463779527559
0
LINE
8
BLACK
6
CONTINUOUS
10
0.7696812598425197
20
1.2261463779527559
11
0.7693009842519685
21
1.2225283464566929
0
LINE
8
BLACK
6
CONTINUOUS
10
0.7693009842519685
20
1.2225283464566929
11
0.7682374409448819
21
1.2199434251968504
0
LINE
8
BLACK
6
CONTINUOUS
10
0.7682374409448819
20
1.2199434251968504
11
0.7678751968503937
21
1.2195392125984252
0
LINE
8
BLACK
6
CONTINUOUS
10
0.7678751968503937
20
1.2195392125984252
11
0.7590793307086614
21
1.2107433464566928
0
LINE
8
BLACK
6
CONTINUOUS
10
0.7590793307086614
20
1.2107433464566928
11
0.7585775196850394
21
1.2103413385826771
0
LINE
8
BLACK
6
CONTINUOUS
10
0.7585775196850394
20
1.2103413385826771
11
0.7585838582677166
21
1.2103337401574803
0
LINE
8
BLACK
6
CONTINUOUS
10
0.7585838582677166
20
1.2103337401574803
11
0.7583433464566929
21
1.2101347637795274
0
LINE
8
BLACK
6
CONTINUOUS
10
0.7583433464566929
20
1.2101347637795274
11
0.756432874015748
21
1.20810031496063
0
LINE
8
BLACK
6
CONTINUOUS
10
0.756432874015748
20
1.20810031496063
11
0.7563255905511811
21
1.2079896062992126
0
LINE
8
BLACK
6
CONTINUOUS
10
0.7563255905511811
20
1.2079896062992126
11
0.7558631102362204
21
1.2075271259842519
0
LINE
8
BLACK
6
CONTINUOUS
10
0.7558631102362204
20
1.2075271259842519
11
0.7555147637795275
21
1.207178779527559
0
LINE
8
BLACK
6
CONTINUOUS
10
0.7555147637795275
20
1.207178779527559
11
0.7555144094488189
21
1.2071783858267717
0
LINE
8
BLACK
6
CONTINUOUS
10
0.7555144094488189
20
1.2071783858267717
11
0.7554075984251968
21
1.2070406692913385
0
LINE
8
BLACK
6
CONTINUOUS
10
0.7554075984251968
20
1.2070406692913385
11
0.7551041732283464
21
1.2066853937007873
0
LINE
8
BLACK
6
CONTINUOUS
10
0.7551041732283464
20
1.2066853937007873
11
0.7538593700787402
21
1.2053598031496062
0
LINE
8
BLACK
6
CONTINUOUS
10
0.7538593700787402
20
1.2053598031496062
11
0.7538593307086614
21
1.2053597244094487
0
LINE
8
BLACK
6
CONTINUOUS
10
0.7538593307086614
20
1.2053597244094487
11
0.7538591732283464
21
1.2053594881889764
0
LINE
8
BLACK
6
CONTINUOUS
10
0.7538591732283464
20
1.2053594881889764
11
0.7534525196850393
21
1.204619842519685
0
LINE
8
BLACK
6
CONTINUOUS
10
0.7534525196850393
20
1.204619842519685
11
0.7530253149606299
21
1.2039694488188977
0
LINE
8
BLACK
6
CONTINUOUS
10
0.7530253149606299
20
1.2039694488188977
11
0.752507716535433
21
1.203302125984252
0
LINE
8
BLACK
6
CONTINUOUS
10
0.752507716535433
20
1.203302125984252
11
0.7524663385826772
21
1.2032321653543308
0
LINE
8
BLACK
6
CONTINUOUS
10
0.7524663385826772
20
1.2032321653543308
11
0.7524196062992126
21
1.2031885433070866
0
LINE
8
BLACK
6
CONTINUOUS
10
0.7524196062992126
20
1.2031885433070866
11
0.7523164960629921
21
1.2030555905511811
0
LINE
8
BLACK
6
CONTINUOUS
10
0.7523164960629921
20
1.2030555905511811
11
0.7522949999999999
21
1.2030722047244093
0
LINE
8
BLACK
6
CONTINUOUS
10
0.7522949999999999
20
1.2030722047244093
11
0.7505634251968504
21
1.201455590551181
0
LINE
8
BLACK
6
CONTINUOUS
10
0.7505634251968504
20
1.201455590551181
11
0.7506590944881889
21
1.1994476771653544
0
LINE
8
BLACK
6
CONTINUOUS
10
0.7506590944881889
20
1.1994476771653544
11
0.7506431102362204
21
1.1993835826771653
0
LINE
8
BLACK
6
CONTINUOUS
10
0.7506431102362204
20
1.1993835826771653
11
0.7504938582677165
21
1.1988022440944881
0
LINE
8
BLACK
6
CONTINUOUS
10
0.7504938582677165
20
1.1988022440944881
11
0.7502417322834646
21
1.1980657874015748
0
LINE
8
BLACK
6
CONTINUOUS
10
0.7502417322834646
20
1.1980657874015748
11
0.7499062598425197
21
1.1972905511811023
0
LINE
8
BLACK
6
CONTINUOUS
10
0.7499062598425197
20
1.1972905511811023
11
0.749621811023622
21
1.1954944094488189
0
LINE
8
BLACK
6
CONTINUOUS
10
0.749621811023622
20
1.1954944094488189
11
0.7495270472440945
21
1.195036811023622
0
LINE
8
BLACK
6
CONTINUOUS
10
0.7495270472440945
20
1.195036811023622
11
0.7490748031496063
21
1.1932753149606299
0
LINE
8
BLACK
6
CONTINUOUS
10
0.7490748031496063
20
1.1932753149606299
11
0.7490748031496063
21
1.1924309842519685
0
LINE
8
BLACK
6
CONTINUOUS
10
0.7490748031496063
20
1.1924309842519685
11
0.7490137401574803
21
1.1916549606299212
0
LINE
8
BLACK
6
CONTINUOUS
10
0.7490137401574803
20
1.1916549606299212
11
0.748881653543307
21
1.1908209842519686
0
LINE
8
BLACK
6
CONTINUOUS
10
0.748881653543307
20
1.1908209842519686
11
0.7490527952755905
21
1.1890104330708662
0
LINE
8
BLACK
6
CONTINUOUS
10
0.7490527952755905
20
1.1890104330708662
11
0.7490748031496063
21
1.1885436220472441
0
LINE
8
BLACK
6
CONTINUOUS
10
0.7490748031496063
20
1.1885436220472441
11
0.7490748031496063
21
1.0115653149606298
0
LINE
8
BLACK
6
CONTINUOUS
10
0.7490748031496063
20
1.0115653149606298
11
0.7482873228346456
21
1.0088833858267716
0
LINE
8
BLACK
6
CONTINUOUS
10
0.7482873228346456
20
1.0088833858267716
11
0.7478006299212598
21
1.0082460236220472
0
LINE
8
BLACK
6
CONTINUOUS
10
0.7478006299212598
20
1.0082460236220472
11
0.747393031496063
21
1.0077933070866141
0
LINE
8
BLACK
6
CONTINUOUS
10
0.747393031496063
20
1.0077933070866141
11
0.7459039763779527
21
1.0061396062992125
0
LINE
8
BLACK
6
CONTINUOUS
10
0.7459039763779527
20
1.0061396062992125
11
0.7459039370078741
21
1.006139527559055
0
LINE
8
BLACK
6
CONTINUOUS
10
0.7459039370078741
20
1.006139527559055
11
0.7421446062992125
21
0.999628188976378
0
LINE
8
BLACK
6
CONTINUOUS
10
0.7421446062992125
20
0.999628188976378
11
0.7415707874015748
21
0.9978621259842519
0
LINE
8
BLACK
6
CONTINUOUS
10
0.7415707874015748
20
0.9978621259842519
11
0.7405244488188977
21
0.9946419685039369
0
LINE
8
BLACK
6
CONTINUOUS
10
0.7405244488188977
20
0.9946419685039369
11
0.7442564566929134
21
0.9927404330708661
0
LINE
8
BLACK
6
CONTINUOUS
10
0.7442564566929134
20
0.9927404330708661
11
0.7477404330708661
21
0.9892564566929134
0
LINE
8
BLACK
6
CONTINUOUS
10
0.7477404330708661
20
0.9892564566929134
11
0.7499772834645669
21
0.9848664173228346
0
LINE
8
BLACK
6
CONTINUOUS
10
0.7499772834645669
20
0.9848664173228346
11
0.750748031496063
21
0.98
0
LINE
8
BLACK
6
CONTINUOUS
10
0.750748031496063
20
0.98
11
0.7499772834645669
21
0.9751335826771653
0
LINE
8
BLACK
6
CONTINUOUS
10
0.7499772834645669
20
0.9751335826771653
11
0.7477404330708661
21
0.9707435433070866
0
LINE
8
BLACK
6
CONTINUOUS
10
0.7477404330708661
20
0.9707435433070866
11
0.7470678346456693
21
0.9700709448818897
0
LINE
8
BLACK
6
CONTINUOUS
10
0.7470678346456693
20
0.9700709448818897
11
0.7497958267716536
21
0.970503031496063
0
LINE
8
BLACK
6
CONTINUOUS
10
0.7497958267716536
20
0.970503031496063
11
0.7546622440944881
21
0.9697322834645669
0
LINE
8
BLACK
6
CONTINUOUS
10
0.7546622440944881
20
0.9697322834645669
11
0.7590522834645669
21
0.9674954330708662
0
LINE
8
BLACK
6
CONTINUOUS
10
0.7590522834645669
20
0.9674954330708662
11
0.7625362598425197
21
0.9640114566929133
0
LINE
8
BLACK
6
CONTINUOUS
10
0.7625362598425197
20
0.9640114566929133
11
0.7647731102362204
21
0.9596214173228346
0
LINE
8
BLACK
6
CONTINUOUS
10
0.7647731102362204
20
0.9596214173228346
11
0.7655438582677165
21
0.954755
0
LINE
8
BLACK
6
CONTINUOUS
10
0.7655438582677165
20
0.954755
11
0.764883188976378
21
0.9505835826771654
0
LINE
8
BLACK
6
CONTINUOUS
10
0.764883188976378
20
0.9505835826771654
11
0.7712406692913386
21
0.9492322834645669
0
LINE
8
BLACK
6
CONTINUOUS
10
0.7712406692913386
20
0.9492322834645669
11
0.7787593307086614
21
0.9492322834645669
0
LINE
8
BLACK
6
CONTINUOUS
10
0.7787593307086614
20
0.9492322834645669
11
0.7861137007874015
21
0.9507955118110236
0
LINE
8
BLACK
6
CONTINUOUS
10
0.7861137007874015
20
0.9507955118110236
11
0.7929823622047244
21
0.9538536220472441
0
LINE
8
BLACK
6
CONTINUOUS
10
0.7929823622047244
20
0.9538536220472441
11
0.7990650393700787
21
0.9582729527559055
0
LINE
8
BLACK
6
CONTINUOUS
10
0.7990650393700787
20
0.9582729527559055
11
0.7995996062992126
21
0.958866653543307
0
LINE
8
BLACK
6
CONTINUOUS
10
0.7995996062992126
20
0.958866653543307
11
0.8010853937007874
21
0.9605168110236221
0
LINE
8
BLACK
6
CONTINUOUS
10
0.8010853937007874
20
0.9605168110236221
11
0.8034651181102362
21
0.9619829133858268
0
LINE
8
BLACK
6
CONTINUOUS
10
0.8034651181102362
20
0.9619829133858268
11
0.8062597637795276
21
0.9619297244094488
0
LINE
8
BLACK
6
CONTINUOUS
10
0.8062597637795276
20
0.9619297244094488
11
0.8067894488188976
21
0.9617292519685039
0
LINE
8
BLACK
6
CONTINUOUS
10
0.8067894488188976
20
0.9617292519685039
11
0.8088861023622047
21
0.9607957874015748
0
LINE
8
BLACK
6
CONTINUOUS
10
0.8088861023622047
20
0.9607957874015748
11
0.8111859842519685
21
0.9603069291338583
0
LINE
8
BLACK
6
CONTINUOUS
10
0.8111859842519685
20
0.9603069291338583
11
0.8162406692913385
21
0.9592325196850393
0
LINE
8
BLACK
6
CONTINUOUS
10
0.8162406692913385
20
0.9592325196850393
11
0.8237593307086614
21
0.9592325196850393
0
LINE
8
BLACK
6
CONTINUOUS
10
0.8237593307086614
20
0.9592325196850393
11
0.8311137007874015
21
0.960795748031496
0
LINE
8
BLACK
6
CONTINUOUS
10
0.8311137007874015
20
0.960795748031496
11
0.8379823622047244
21
0.9638538582677165
0
LINE
8
BLACK
6
CONTINUOUS
10
0.8379823622047244
20
0.9638538582677165
11
0.844065157480315
21
0.9682732677165354
0
LINE
8
BLACK
6
CONTINUOUS
10
0.844065157480315
20
0.9682732677165354
11
0.8490958267716535
21
0.9738603937007874
0
LINE
8
BLACK
6
CONTINUOUS
10
0.8490958267716535
20
0.9738603937007874
11
0.8490961023622047
21
0.9738607874015748
0
LINE
8
BLACK
6
CONTINUOUS
10
0.8490961023622047
20
0.9738607874015748
11
0.8509731496062992
21
0.9771119291338582
0
LINE
8
BLACK
6
CONTINUOUS
10
0.8509731496062992
20
0.9771119291338582
11
0.8528553937007873
21
0.9803720472440944
0
LINE
8
BLACK
6
CONTINUOUS
10
0.8528553937007873
20
0.9803720472440944
11
0.8551788188976378
21
0.9875227559055118
0
LINE
8
BLACK
6
CONTINUOUS
10
0.8551788188976378
20
0.9875227559055118
11
0.8559647244094488
21
0.9950002362204724
0
LINE
8
BLACK
6
CONTINUOUS
10
0.8559647244094488
20
0.9950002362204724
11
0.8551788188976378
21
1.002477716535433
0
LINE
8
BLACK
6
CONTINUOUS
10
0.8551788188976378
20
1.002477716535433
11
0.8528553937007873
21
1.0096284251968504
0
LINE
8
BLACK
6
CONTINUOUS
10
0.8528553937007873
20
1.0096284251968504
11
0.8490960629921259
21
1.0161397637795275
0
LINE
8
BLACK
6
CONTINUOUS
10
0.8490960629921259
20
1.0161397637795275
11
0.8471993700787401
21
1.0182461811023622
0
LINE
8
BLACK
6
CONTINUOUS
10
0.8471993700787401
20
1.0182461811023622
11
0.8459900393700788
21
1.0207661417322835
0
LINE
8
BLACK
6
CONTINUOUS
10
0.8459900393700788
20
1.0207661417322835
11
0.8459251968503937
21
1.0215655511811024
0
LINE
8
BLACK
6
CONTINUOUS
10
0.8459251968503937
20
1.0215655511811024
11
0.8459251968503937
21
1.1172066929133857
0
LINE
8
BLACK
6
CONTINUOUS
10
0.8459251968503937
20
1.1172066929133857
11
0.8467126771653544
21
1.1198886220472442
0
LINE
8
BLACK
6
CONTINUOUS
10
0.8467126771653544
20
1.1198886220472442
11
0.8473781496062992
21
1.1207143700787401
0
LINE
8
BLACK
6
CONTINUOUS
10
0.8473781496062992
20
1.1207143700787401
11
0.9094431102362205
21
1.1827793307086614
0
LINE
8
BLACK
6
CONTINUOUS
10
0.9094431102362205
20
1.1827793307086614
11
0.9118963385826772
21
1.184118937007874
0
LINE
8
BLACK
6
CONTINUOUS
10
0.9118963385826772
20
1.184118937007874
11
0.9129507874015748
21
1.1842322834645669
0
LINE
8
BLACK
6
CONTINUOUS
10
0.9129507874015748
20
1.1842322834645669
11
0.9137593307086614
21
1.1842322834645669
0
LINE
8
BLACK
6
CONTINUOUS
10
0.9137593307086614
20
1.1842322834645669
11
0.9211137007874015
21
1.1857955118110235
0
LINE
8
BLACK
6
CONTINUOUS
10
0.9211137007874015
20
1.1857955118110235
11
0.9279823622047244
21
1.1888536220472441
0
LINE
8
BLACK
6
CONTINUOUS
10
0.9279823622047244
20
1.1888536220472441
11
0.9340651574803149
21
1.1932730314960629
0
LINE
8
BLACK
6
CONTINUOUS
10
0.9340651574803149
20
1.1932730314960629
11
0.9390958267716535
21
1.1988601574803148
0
LINE
8
BLACK
6
CONTINUOUS
10
0.9390958267716535
20
1.1988601574803148
11
0.9390961023622048
21
1.1988605511811024
0
LINE
8
BLACK
6
CONTINUOUS
10
0.9390961023622048
20
1.1988605511811024
11
0.9390961811023621
21
1.1988607086614174
0
LINE
8
BLACK
6
CONTINUOUS
10
0.9390961811023621
20
1.1988607086614174
11
0.9428553937007874
21
1.205371811023622
0
LINE
8
BLACK
6
CONTINUOUS
10
0.9428553937007874
20
1.205371811023622
11
0.9451788188976378
21
1.2125225196850393
0
LINE
8
BLACK
6
CONTINUOUS
10
0.9451788188976378
20
1.2125225196850393
11
0.9459647244094488
21
1.22
0
LINE
8
BLACK
6
CONTINUOUS
10
0.9459647244094488
20
1.22
11
0.9451788188976378
21
1.2274774803149606
0
LINE
8
BLACK
6
CONTINUOUS
10
0.9451788188976378
20
1.2274774803149606
11
0.9428553937007874
21
1.2346281889763779
0
LINE
8
BLACK
6
CONTINUOUS
10
0.9428553937007874
20
1.2346281889763779
11
0.939096062992126
21
1.2411395275590551
0
LINE
8
BLACK
6
CONTINUOUS
10
0.939096062992126
20
1.2411395275590551
11
0.9390955905511811
21
1.2411400393700787
0
LINE
8
BLACK
6
CONTINUOUS
10
0.9390955905511811
20
1.2411400393700787
11
0.9340651574803149
21
1.2467269291338583
0
LINE
8
BLACK
6
CONTINUOUS
10
0.9340651574803149
20
1.2467269291338583
11
0.9340651181102362
21
1.2467269291338583
0
LINE
8
BLACK
6
CONTINUOUS
10
0.9340651181102362
20
1.2467269291338583
11
0.9340650787401574
21
1.2467270078740158
0
LINE
8
BLACK
6
CONTINUOUS
10
0.9340650787401574
20
1.2467270078740158
11
0.9279823622047244
21
1.2511463779527559
0
LINE
8
BLACK
6
CONTINUOUS
10
0.9279823622047244
20
1.2511463779527559
11
0.9211137007874015
21
1.2542044881889765
0
LINE
8
BLACK
6
CONTINUOUS
10
0.9211137007874015
20
1.2542044881889765
11
0.9137593307086614
21
1.2557677165354331
0
LINE
8
BLACK
6
CONTINUOUS
10
0.9137593307086614
20
1.2557677165354331
11
0.9062406692913385
21
1.2557677165354331
0
LINE
8
BLACK
6
CONTINUOUS
10
0.9062406692913385
20
1.2557677165354331
11
0.8988862992125984
21
1.2542044881889765
0
LINE
8
BLACK
6
CONTINUOUS
10
0.8988862992125984
20
1.2542044881889765
11
0.8920176377952755
21
1.2511463779527559
0
LINE
8
BLACK
6
CONTINUOUS
10
0.8920176377952755
20
1.2511463779527559
11
0.8920175984251968
21
1.2511463385826771
0
LINE
8
BLACK
6
CONTINUOUS
10
0.8920175984251968
20
1.2511463385826771
11
0.8859348031496063
21
1.2467269291338583
0
LINE
8
BLACK
6
CONTINUOUS
10
0.8859348031496063
20
1.2467269291338583
11
0.8809041338582677
21
1.2411398031496064
0
LINE
8
BLACK
6
CONTINUOUS
10
0.8809041338582677
20
1.2411398031496064
11
0.8809039370078739
21
1.2411395275590551
0
LINE
8
BLACK
6
CONTINUOUS
10
0.8809039370078739
20
1.2411395275590551
11
0.8771446062992125
21
1.2346281889763779
0
LINE
8
BLACK
6
CONTINUOUS
10
0.8771446062992125
20
1.2346281889763779
11
0.8760049606299213
21
1.2311208661417323
0
LINE
8
BLACK
6
CONTINUOUS
10
0.8760049606299213
20
1.2311208661417323
11
0.8748211417322834
21
1.2274774409448819
0
LINE
8
BLACK
6
CONTINUOUS
10
0.8748211417322834
20
1.2274774409448819
11
0.8743009448818897
21
1.2225280314960629
0
LINE
8
BLACK
6
CONTINUOUS
10
0.8743009448818897
20
1.2225280314960629
11
0.8732374015748031
21
1.2199431102362204
0
LINE
8
BLACK
6
CONTINUOUS
10
0.8732374015748031
20
1.2199431102362204
11
0.8728752362204725
21
1.2195389763779527
0
LINE
8
BLACK
6
CONTINUOUS
10
0.8728752362204725
20
1.2195389763779527
11
0.8093933858267717
21
1.1560571653543308
0
LINE
8
BLACK
6
CONTINUOUS
10
0.8093933858267717
20
1.1560571653543308
11
0.8069402755905511
21
1.1547176377952755
0
LINE
8
BLACK
6
CONTINUOUS
10
0.8069402755905511
20
1.1547176377952755
11
0.8041522834645669
21
1.1549170472440944
0
LINE
8
BLACK
6
CONTINUOUS
10
0.8041522834645669
20
1.1549170472440944
11
0.8019146456692913
21
1.156592125984252
0
LINE
8
BLACK
6
CONTINUOUS
10
0.8019146456692913
20
1.156592125984252
11
0.8009378346456693
21
1.1592110236220472
0
LINE
8
BLACK
6
CONTINUOUS
10
0.8009378346456693
20
1.1592110236220472
11
0.8009251968503937
21
1.1595649212598425
0
LINE
8
BLACK
6
CONTINUOUS
10
0.8009251968503937
20
1.1595649212598425
11
0.8009251968503937
21
1.1772069291338583
0
LINE
8
BLACK
6
CONTINUOUS
10
0.8009251968503937
20
1.1772069291338583
11
0.8017126771653543
21
1.1798888582677165
0
LINE
8
BLACK
6
CONTINUOUS
10
0.8017126771653543
20
1.1798888582677165
11
0.8023781496062992
21
1.1807146062992127
0
LINE
8
BLACK
6
CONTINUOUS
10
0.8023781496062992
20
1.1807146062992127
11
0.8044431102362205
21
1.1827795669291339
0
LINE
8
BLACK
6
CONTINUOUS
10
0.8044431102362205
20
1.1827795669291339
11
0.8068963385826772
21
1.1841191732283465
0
LINE
8
BLACK
6
CONTINUOUS
10
0.8068963385826772
20
1.1841191732283465
11
0.8079507874015748
21
1.1842325196850394
0
LINE
8
BLACK
6
CONTINUOUS
10
0.8079507874015748
20
1.1842325196850394
11
0.8087593307086614
21
1.1842325196850394
0
LINE
8
BLACK
6
CONTINUOUS
10
0.8087593307086614
20
1.1842325196850394
11
0.8161137007874015
21
1.185795748031496
0
LINE
8
BLACK
6
CONTINUOUS
10
0.8161137007874015
20
1.185795748031496
11
0.8229823622047244
21
1.1888538582677166
0
LINE
8
BLACK
6
CONTINUOUS
10
0.8229823622047244
20
1.1888538582677166
11
0.829065157480315
21
1.1932732677165354
0
LINE
8
BLACK
6
CONTINUOUS
10
0.829065157480315
20
1.1932732677165354
11
0.8340958267716535
21
1.1988603937007873
0
LINE
8
BLACK
6
CONTINUOUS
10
0.8340958267716535
20
1.1988603937007873
11
0.8340961023622047
21
1.1988607874015749
0
LINE
8
BLACK
6
CONTINUOUS
10
0.8340961023622047
20
1.1988607874015749
11
0.835931811023622
21
1.2020403149606298
0
LINE
8
BLACK
6
CONTINUOUS
10
0.835931811023622
20
1.2020403149606298
11
0.8378553937007874
21
1.2053720472440945
0
LINE
8
BLACK
6
CONTINUOUS
10
0.8378553937007874
20
1.2053720472440945
11
0.8401788188976378
21
1.2125227559055118
0
LINE
8
BLACK
6
CONTINUOUS
10
0.8401788188976378
20
1.2125227559055118
11
0.8409647244094488
21
1.2200002362204725
0
LINE
8
BLACK
6
CONTINUOUS
10
0.8409647244094488
20
1.2200002362204725
11
0.8401788188976378
21
1.2274777165354331
0
LINE
8
BLACK
6
CONTINUOUS
10
0.8401788188976378
20
1.2274777165354331
11
0.8378553937007874
21
1.2346284251968505
0
LINE
8
BLACK
6
CONTINUOUS
10
0.8378553937007874
20
1.2346284251968505
11
0.834096062992126
21
1.2411397637795276
0
LINE
8
BLACK
6
CONTINUOUS
10
0.834096062992126
20
1.2411397637795276
11
0.8290652755905512
21
1.2467270078740158
0
LINE
8
BLACK
6
CONTINUOUS
10
0.8290652755905512
20
1.2467270078740158
11
0.829065157480315
21
1.2467271653543306
0
LINE
8
BLACK
6
CONTINUOUS
10
0.829065157480315
20
1.2467271653543306
11
0.8290651181102362
21
1.2467271653543306
0
LINE
8
BLACK
6
CONTINUOUS
10
0.8290651181102362
20
1.2467271653543306
11
0.8290650787401574
21
1.2467272440944881
0
LINE
8
BLACK
6
CONTINUOUS
10
0.8290650787401574
20
1.2467272440944881
11
0.8229823622047244
21
1.2511466141732284
0
LINE
8
BLACK
6
CONTINUOUS
10
0.8229823622047244
20
1.2511466141732284
11
0.8161137007874015
21
1.2542047244094487
0
LINE
8
BLACK
6
CONTINUOUS
10
0.8161137007874015
20
1.2542047244094487
11
0.8087593307086614
21
1.2557679527559056
0
LINE
8
BLACK
6
CONTINUOUS
10
0.8087593307086614
20
1.2557679527559056
11
0.8012406692913385
21
1.2557679527559056
0
LINE
8
BLACK
6
CONTINUOUS
10
0.8012406692913385
20
1.2557679527559056
11
0.7938862992125985
21
1.2542047244094487
0
LINE
8
BLACK
6
CONTINUOUS
10
0.5730848425196851
20
1.5050196456692913
11
0.5730846456692913
21
1.5050196456692913
0
LINE
8
BLACK
6
CONTINUOUS
10
0.5730846456692913
20
1.5050196456692913
11
0.570700905511811
21
1.5047633858267717
0
LINE
8
BLACK
6
CONTINUOUS
10
0.570700905511811
20
1.5047633858267717
11
0.5707005905511811
21
1.5047633070866142
0
LINE
8
BLACK
6
CONTINUOUS
10
0.5707005905511811
20
1.5047633070866142
11
0.567632874015748
21
1.5036190551181101
0
LINE
8
BLACK
6
CONTINUOUS
10
0.567632874015748
20
1.5036190551181101
11
0.5653069291338583
21
1.5027515354330709
0
LINE
8
BLACK
6
CONTINUOUS
10
0.5653069291338583
20
1.5027515354330709
11
0.5653068503937008
21
1.5027514960629922
0
LINE
8
BLACK
6
CONTINUOUS
10
0.5653068503937008
20
1.5027514960629922
11
0.5653067716535433
21
1.5027514566929134
0
LINE
8
BLACK
6
CONTINUOUS
10
0.5653067716535433
20
1.5027514566929134
11
0.5606983464566929
21
1.4993016141732283
0
LINE
8
BLACK
6
CONTINUOUS
10
0.5606983464566929
20
1.4993016141732283
11
0.5572485039370079
21
1.4946931889763779
0
LINE
8
BLACK
6
CONTINUOUS
10
0.5572485039370079
20
1.4946931889763779
11
0.5572484251968504
21
1.4946929921259842
0
LINE
8
BLACK
6
CONTINUOUS
10
0.5572484251968504
20
1.4946929921259842
11
0.5552366535433071
21
1.48929937007874
0
LINE
8
BLACK
6
CONTINUOUS
10
0.5552366535433071
20
1.48929937007874
11
0.5552365748031496
21
1.4892990551181102
0
LINE
8
BLACK
6
CONTINUOUS
10
0.5552365748031496
20
1.4892990551181102
11
0.5549803149606299
21
1.4869153149606298
0
LINE
8
BLACK
6
CONTINUOUS
10
0.5549803149606299
20
1.4869153149606298
11
0.5549803149606299
21
1.4230846456692914
0
LINE
8
BLACK
6
CONTINUOUS
10
0.5549803149606299
20
1.4230846456692914
11
0.5552365748031496
21
1.4207009055118109
0
LINE
8
BLACK
6
CONTINUOUS
10
0.5552365748031496
20
1.4207009055118109
11
0.5552366535433071
21
1.4207005905511811
0
LINE
8
BLACK
6
CONTINUOUS
10
0.5552366535433071
20
1.4207005905511811
11
0.5572484251968504
21
1.415306968503937
0
LINE
8
BLACK
6
CONTINUOUS
10
0.5572484251968504
20
1.415306968503937
11
0.5572485039370079
21
1.4153067716535432
0
LINE
8
BLACK
6
CONTINUOUS
10
0.5572485039370079
20
1.4153067716535432
11
0.5606983858267717
21
1.4106983464566929
0
LINE
8
BLACK
6
CONTINUOUS
10
0.5606983858267717
20
1.4106983464566929
11
0.5630056299212598
21
1.4089711417322834
0
LINE
8
BLACK
6
CONTINUOUS
10
0.5630056299212598
20
1.4089711417322834
11
0.5646806692913385
21
1.4067335039370079
0
LINE
8
BLACK
6
CONTINUOUS
10
0.5646806692913385
20
1.4067335039370079
11
0.5648800393700787
21
1.4039455118110236
0
LINE
8
BLACK
6
CONTINUOUS
10
0.5648800393700787
20
1.4039455118110236
11
0.5635404724409449
21
1.4014922834645669
0
LINE
8
BLACK
6
CONTINUOUS
10
0.5635404724409449
20
1.4014922834645669
11
0.5630056299212598
21
1.4010288582677164
0
LINE
8
BLACK
6
CONTINUOUS
10
0.5630056299212598
20
1.4010288582677164
11
0.5606983858267717
21
1.3993016141732284
0
LINE
8
BLACK
6
CONTINUOUS
10
0.5606983858267717
20
1.3993016141732284
11
0.5572485039370079
21
1.3946931889763778
0
LINE
8
BLACK
6
CONTINUOUS
10
0.5572485039370079
20
1.3946931889763778
11
0.5572484251968504
21
1.3946929921259843
0
LINE
8
BLACK
6
CONTINUOUS
10
0.5572484251968504
20
1.3946929921259843
11
0.5552366535433071
21
1.3892993700787402
0
LINE
8
BLACK
6
CONTINUOUS
10
0.5552366535433071
20
1.3892993700787402
11
0.5552365748031496
21
1.3892990551181101
0
LINE
8
BLACK
6
CONTINUOUS
10
0.5552365748031496
20
1.3892990551181101
11
0.5549803149606299
21
1.3869153149606299
0
LINE
8
BLACK
6
CONTINUOUS
10
0.5549803149606299
20
1.3869153149606299
11
0.5549803149606299
21
1.3230846456692913
0
LINE
8
BLACK
6
CONTINUOUS
10
0.5549803149606299
20
1.3230846456692913
11
0.5552365748031496
21
1.3207009055118111
0
LINE
8
BLACK
6
CONTINUOUS
10
0.5552365748031496
20
1.3207009055118111
11
0.5552366535433071
21
1.3207005905511811
0
LINE
8
BLACK
6
CONTINUOUS
10
0.5552366535433071
20
1.3207005905511811
11
0.5572484251968504
21
1.3153069685039369
0
LINE
8
BLACK
6
CONTINUOUS
10
0.5572484251968504
20
1.3153069685039369
11
0.5572485039370079
21
1.3153067716535434
0
LINE
8
BLACK
6
CONTINUOUS
10
0.5572485039370079
20
1.3153067716535434
11
0.5606983464566929
21
1.3106983464566928
0
LINE
8
BLACK
6
CONTINUOUS
10
0.5606983464566929
20
1.3106983464566928
11
0.5653067716535433
21
1.3072485039370079
0
LINE
8
BLACK
6
CONTINUOUS
10
0.5653067716535433
20
1.3072485039370079
11
0.565306968503937
21
1.3072484251968504
0
LINE
8
BLACK
6
CONTINUOUS
10
0.565306968503937
20
1.3072484251968504
11
0.5707005905511811
21
1.3052366535433071
0
LINE
8
BLACK
6
CONTINUOUS
10
0.5707005905511811
20
1.3052366535433071
11
0.570700905511811
21
1.3052365748031496
0
LINE
8
BLACK
6
CONTINUOUS
10
0.570700905511811
20
1.3052365748031496
11
0.5730846456692913
21
1.3049803149606298
0
LINE
8
BLACK
6
CONTINUOUS
10
0.5730846456692913
20
1.3049803149606298
11
0.5730851181102362
21
1.3049803149606298
0
LINE
8
BLACK
6
CONTINUOUS
10
0.5730851181102362
20
1.3049803149606298
11
0.6369153149606299
21
1.3049803149606298
0
LINE
8
BLACK
6
CONTINUOUS
10
0.6369153149606299
20
1.3049803149606298
11
0.6392990551181102
21
1.3052365748031496
0
LINE
8
BLACK
6
CONTINUOUS
10
0.6392990551181102
20
1.3052365748031496
11
0.6392993700787402
21
1.3052366535433071
0
LINE
8
BLACK
6
CONTINUOUS
10
0.6392993700787402
20
1.3052366535433071
11
0.6446929921259842
21
1.3072484251968504
0
LINE
8
BLACK
6
CONTINUOUS
10
0.6446929921259842
20
1.3072484251968504
11
0.644693188976378
21
1.3072485039370079
0
LINE
8
BLACK
6
CONTINUOUS
10
0.644693188976378
20
1.3072485039370079
11
0.6493016141732283
21
1.3106983464566928
0
LINE
8
BLACK
6
CONTINUOUS
10
0.6493016141732283
20
1.3106983464566928
11
0.6527514566929133
21
1.3153067716535434
0
LINE
8
BLACK
6
CONTINUOUS
10
0.6527514566929133
20
1.3153067716535434
11
0.6527514960629921
21
1.3153068897637794
0
LINE
8
BLACK
6
CONTINUOUS
10
0.6527514960629921
20
1.3153068897637794
11
0.6527515354330709
21
1.3153069291338582
0
LINE
8
BLACK
6
CONTINUOUS
10
0.6527515354330709
20
1.3153069291338582
11
0.6528521653543307
21
1.3155767322834646
0
LINE
8
BLACK
6
CONTINUOUS
10
0.6528521653543307
20
1.3155767322834646
11
0.6545272834645669
21
1.3178143307086614
0
LINE
8
BLACK
6
CONTINUOUS
10
0.6545272834645669
20
1.3178143307086614
11
0.6571461811023622
21
1.3187911023622048
0
LINE
8
BLACK
6
CONTINUOUS
10
0.6571461811023622
20
1.3187911023622048
11
0.6598774409448819
21
1.3181969291338582
0
LINE
8
BLACK
6
CONTINUOUS
10
0.6598774409448819
20
1.3181969291338582
11
0.6618538582677165
21
1.316220433070866
0
LINE
8
BLACK
6
CONTINUOUS
10
0.6618538582677165
20
1.316220433070866
11
0.6621478346456693
21
1.3155767322834646
0
LINE
8
BLACK
6
CONTINUOUS
10
0.6621478346456693
20
1.3155767322834646
11
0.6622484645669291
21
1.3153068897637794
0
LINE
8
BLACK
6
CONTINUOUS
10
0.6622484645669291
20
1.3153068897637794
11
0.6622485039370078
21
1.3153067716535434
0
LINE
8
BLACK
6
CONTINUOUS
10
0.6622485039370078
20
1.3153067716535434
11
0.6656983464566929
21
1.3106983464566928
0
LINE
8
BLACK
6
CONTINUOUS
10
0.6656983464566929
20
1.3106983464566928
11
0.6703067716535432
21
1.3072485039370079
0
LINE
8
BLACK
6
CONTINUOUS
10
0.6703067716535432
20
1.3072485039370079
11
0.670306968503937
21
1.3072484251968504
0
LINE
8
BLACK
6
CONTINUOUS
10
0.670306968503937
20
1.3072484251968504
11
0.675700590551181
21
1.3052366535433071
0
LINE
8
BLACK
6
CONTINUOUS
10
0.675700590551181
20
1.3052366535433071
11
0.6757009055118111
21
1.3052365748031496
0
LINE
8
BLACK
6
CONTINUOUS
10
0.6757009055118111
20
1.3052365748031496
11
0.6780846456692913
21
1.3049803149606298
0
LINE
8
BLACK
6
CONTINUOUS
10
0.6780846456692913
20
1.3049803149606298
11
0.6780851181102362
21
1.3049803149606298
0
LINE
8
BLACK
6
CONTINUOUS
10
0.6780851181102362
20
1.3049803149606298
11
0.7419153149606299
21
1.3049803149606298
0
LINE
8
BLACK
6
CONTINUOUS
10
0.7419153149606299
20
1.3049803149606298
11
0.7442990551181102
21
1.3052365748031496
0
LINE
8
BLACK
6
CONTINUOUS
10
0.7442990551181102
20
1.3052365748031496
11
0.7442993700787401
21
1.3052366535433071
0
LINE
8
BLACK
6
CONTINUOUS
10
0.7442993700787401
20
1.3052366535433071
11
0.7496929921259843
21
1.3072484251968504
0
LINE
8
BLACK
6
CONTINUOUS
10
0.7496929921259843
20
1.3072484251968504
11
0.7496931889763779
21
1.3072485039370079
0
LINE
8
BLACK
6
CONTINUOUS
10
0.7496931889763779
20
1.3072485039370079
11
0.7543016141732283
21
1.3106983858267716
0
LINE
8
BLACK
6
CONTINUOUS
10
0.7543016141732283
20
1.3106983858267716
11
0.7560288582677165
21
1.3130056299212598
0
LINE
8
BLACK
6
CONTINUOUS
10
0.7560288582677165
20
1.3130056299212598
11
0.7582664960629921
21
1.3146806692913386
0
LINE
8
BLACK
6
CONTINUOUS
10
0.7582664960629921
20
1.3146806692913386
11
0.7610544881889764
21
1.3148800393700788
0
LINE
8
BLACK
6
CONTINUOUS
10
0.7610544881889764
20
1.3148800393700788
11
0.763507716535433
21
1.313540472440945
0
LINE
8
BLACK
6
CONTINUOUS
10
0.763507716535433
20
1.313540472440945
11
0.7639711417322834
21
1.3130056299212598
0
LINE
8
BLACK
6
CONTINUOUS
10
0.7639711417322834
20
1.3130056299212598
11
0.7656983464566929
21
1.3106983858267716
0
LINE
8
BLACK
6
CONTINUOUS
10
0.7656983464566929
20
1.3106983858267716
11
0.7703067716535433
21
1.3072485039370079
0
LINE
8
BLACK
6
CONTINUOUS
10
0.7703067716535433
20
1.3072485039370079
11
0.770306968503937
21
1.3072484251968504
0
LINE
8
BLACK
6
CONTINUOUS
10
0.770306968503937
20
1.3072484251968504
11
0.7757005905511811
21
1.3052366535433071
0
LINE
8
BLACK
6
CONTINUOUS
10
0.7757005905511811
20
1.3052366535433071
11
0.775700905511811
21
1.3052365748031496
0
LINE
8
BLACK
6
CONTINUOUS
10
0.775700905511811
20
1.3052365748031496
11
0.7780846456692914
21
1.3049803149606298
0
LINE
8
BLACK
6
CONTINUOUS
10
0.7780846456692914
20
1.3049803149606298
11
0.7780851181102362
21
1.3049803149606298
0
LINE
8
BLACK
6
CONTINUOUS
10
0.7780851181102362
20
1.3049803149606298
11
0.8419153149606299
21
1.3049803149606298
0
LINE
8
BLACK
6
CONTINUOUS
10
0.8419153149606299
20
1.3049803149606298
11
0.8442990551181102
21
1.3052365748031496
0
LINE
8
BLACK
6
CONTINUOUS
10
0.8442990551181102
20
1.3052365748031496
11
0.8442993700787401
21
1.3052366535433071
0
LINE
8
BLACK
6
CONTINUOUS
10
0.8442993700787401
20
1.3052366535433071
11
0.8496929921259843
21
1.3072484251968504
0
LINE
8
BLACK
6
CONTINUOUS
10
0.8496929921259843
20
1.3072484251968504
11
0.8496931889763779
21
1.3072485039370079
0
LINE
8
BLACK
6
CONTINUOUS
10
0.8496931889763779
20
1.3072485039370079
11
0.8543016141732284
21
1.3106983858267716
0
LINE
8
BLACK
6
CONTINUOUS
10
0.8543016141732284
20
1.3106983858267716
11
0.8560288582677165
21
1.3130056299212598
0
LINE
8
BLACK
6
CONTINUOUS
10
0.8560288582677165
20
1.3130056299212598
11
0.8582664960629921
21
1.3146806692913386
0
LINE
8
BLACK
6
CONTINUOUS
10
0.8582664960629921
20
1.3146806692913386
11
0.8610544881889763
21
1.3148800393700788
0
LINE
8
BLACK
6
CONTINUOUS
10
0.8610544881889763
20
1.3148800393700788
11
0.863507716535433
21
1.313540472440945
0
LINE
8
BLACK
6
CONTINUOUS
10
0.863507716535433
20
1.313540472440945
11
0.8639711417322834
21
1.3130056299212598
0
LINE
8
BLACK
6
CONTINUOUS
10
0.8639711417322834
20
1.3130056299212598
11
0.8656983464566929
21
1.3106983858267716
0
LINE
8
BLACK
6
CONTINUOUS
10
0.8656983464566929
20
1.3106983858267716
11
0.8703067716535433
21
1.3072485039370079
0
LINE
8
BLACK
6
CONTINUOUS
10
0.8703067716535433
20
1.3072485039370079
11
0.870306968503937
21
1.3072484251968504
0
LINE
8
BLACK
6
CONTINUOUS
10
0.870306968503937
20
1.3072484251968504
11
0.8757005905511811
21
1.3052366535433071
0
LINE
8
BLACK
6
CONTINUOUS
10
0.8757005905511811
20
1.3052366535433071
11
0.875700905511811
21
1.3052365748031496
0
LINE
8
BLACK
6
CONTINUOUS
10
0.875700905511811
20
1.3052365748031496
11
0.8780846456692913
21
1.3049803149606298
0
LINE
8
BLACK
6
CONTINUOUS
10
0.8780846456692913
20
1.3049803149606298
11
0.8780851181102362
21
1.3049803149606298
0
LINE
8
BLACK
6
CONTINUOUS
10
0.8780851181102362
20
1.3049803149606298
11
0.9419153149606299
21
1.3049803149606298
0
LINE
8
BLACK
6
CONTINUOUS
10
0.9419153149606299
20
1.3049803149606298
11
0.9442990551181102
21
1.3052365748031496
0
LINE
8
BLACK
6
CONTINUOUS
10
0.9442990551181102
20
1.3052365748031496
11
0.9442993700787401
21
1.3052366535433071
0
LINE
8
BLACK
6
CONTINUOUS
10
0.9442993700787401
20
1.3052366535433071
11
0.9496929921259842
21
1.3072484251968504
0
LINE
8
BLACK
6
CONTINUOUS
10
0.9496929921259842
20
1.3072484251968504
11
0.9496931889763779
21
1.3072485039370079
0
LINE
8
BLACK
6
CONTINUOUS
10
0.9496931889763779
20
1.3072485039370079
11
0.9543016141732283
21
1.3106983858267716
0
LINE
8
BLACK
6
CONTINUOUS
10
0.9543016141732283
20
1.3106983858267716
11
0.9560288582677166
21
1.3130056299212598
0
LINE
8
BLACK
6
CONTINUOUS
10
0.9560288582677166
20
1.3130056299212598
11
0.9582664960629921
21
1.3146806692913386
0
LINE
8
BLACK
6
CONTINUOUS
10
0.9582664960629921
20
1.3146806692913386
11
0.9610544881889763
21
1.3148800393700788
0
LINE
8
BLACK
6
CONTINUOUS
10
0.9610544881889763
20
1.3148800393700788
11
0.9635077165354331
21
1.313540472440945
0
LINE
8
BLACK
6
CONTINUOUS
10
0.9635077165354331
20
1.313540472440945
11
0.9639711417322835
21
1.3130056299212598
0
LINE
8
BLACK
6
CONTINUOUS
10
0.9639711417322835
20
1.3130056299212598
11
0.9656983464566929
21
1.3106983858267716
0
LINE
8
BLACK
6
CONTINUOUS
10
0.9656983464566929
20
1.3106983858267716
11
0.9703067716535433
21
1.3072485039370079
0
LINE
8
BLACK
6
CONTINUOUS
10
0.9703067716535433
20
1.3072485039370079
11
0.9703069685039369
21
1.3072484251968504
0
LINE
8
BLACK
6
CONTINUOUS
10
0.9703069685039369
20
1.3072484251968504
11
0.9757005905511811
21
1.3052366535433071
0
LINE
8
BLACK
6
CONTINUOUS
10
0.9757005905511811
20
1.3052366535433071
11
0.975700905511811
21
1.3052365748031496
0
LINE
8
BLACK
6
CONTINUOUS
10
0.975700905511811
20
1.3052365748031496
11
0.9780846456692913
21
1.3049803149606298
0
LINE
8
BLACK
6
CONTINUOUS
10
0.9780846456692913
20
1.3049803149606298
11
0.9780851181102362
21
1.3049803149606298
0
LINE
8
BLACK
6
CONTINUOUS
10
0.9780851181102362
20
1.3049803149606298
11
1.0419153149606299
21
1.3049803149606298
0
LINE
8
BLACK
6
CONTINUOUS
10
1.0419153149606299
20
1.3049803149606298
11
1.0442990551181102
21
1.3052365748031496
0
LINE
8
BLACK
6
CONTINUOUS
10
1.0442990551181102
20
1.3052365748031496
11
1.0442993700787402
21
1.3052366535433071
0
LINE
8
BLACK
6
CONTINUOUS
10
1.0442993700787402
20
1.3052366535433071
11
1.0496929921259843
21
1.3072484251968504
0
LINE
8
BLACK
6
CONTINUOUS
10
1.0496929921259843
20
1.3072484251968504
11
1.0496931889763779
21
1.3072485039370079
0
LINE
8
BLACK
6
CONTINUOUS
10
1.0496931889763779
20
1.3072485039370079
11
1.0543016141732284
21
1.3106983858267716
0
LINE
8
BLACK
6
CONTINUOUS
10
1.0543016141732284
20
1.3106983858267716
11
1.0560288582677164
21
1.3130056299212598
0
LINE
8
BLACK
6
CONTINUOUS
10
1.0560288582677164
20
1.3130056299212598
11
1.0582664960629922
21
1.3146806692913386
0
LINE
8
BLACK
6
CONTINUOUS
10
1.0582664960629922
20
1.3146806692913386
11
1.0610544881889763
21
1.3148800393700788
0
LINE
8
BLACK
6
CONTINUOUS
10
1.0610544881889763
20
1.3148800393700788
11
1.063507716535433
21
1.313540472440945
0
LINE
8
BLACK
6
CONTINUOUS
10
1.063507716535433
20
1.313540472440945
11
1.0639711417322835
21
1.3130056299212598
0
LINE
8
BLACK
6
CONTINUOUS
10
1.0639711417322835
20
1.3130056299212598
11
1.0656983464566929
21
1.3106983858267716
0
LINE
8
BLACK
6
CONTINUOUS
10
1.0656983464566929
20
1.3106983858267716
11
1.0703067716535433
21
1.3072485039370079
0
LINE
8
BLACK
6
CONTINUOUS
10
1.0703067716535433
20
1.3072485039370079
11
1.070306968503937
21
1.3072484251968504
0
LINE
8
BLACK
6
CONTINUOUS
10
1.070306968503937
20
1.3072484251968504
11
1.0757005905511812
21
1.3052366535433071
0
LINE
8
BLACK
6
CONTINUOUS
10
1.0757005905511812
20
1.3052366535433071
11
1.075700905511811
21
1.3052365748031496
0
LINE
8
BLACK
6
CONTINUOUS
10
1.075700905511811
20
1.3052365748031496
11
1.0780846456692914
21
1.3049803149606298
0
LINE
8
BLACK
6
CONTINUOUS
10
1.0780846456692914
20
1.3049803149606298
11
1.0780851181102362
21
1.3049803149606298
0
LINE
8
BLACK
6
CONTINUOUS
10
1.0780851181102362
20
1.3049803149606298
11
1.1419153149606298
21
1.3049803149606298
0
LINE
8
BLACK
6
CONTINUOUS
10
1.1419153149606298
20
1.3049803149606298
11
1.1442990551181103
21
1.3052365748031496
0
LINE
8
BLACK
6
CONTINUOUS
10
1.1442990551181103
20
1.3052365748031496
11
1.1442993700787401
21
1.3052366535433071
0
LINE
8
BLACK
6
CONTINUOUS
10
1.1442993700787401
20
1.3052366535433071
11
1.1496929921259842
21
1.3072484251968504
0
LINE
8
BLACK
6
CONTINUOUS
10
1.1496929921259842
20
1.3072484251968504
11
1.149693188976378
21
1.3072485039370079
0
LINE
8
BLACK
6
CONTINUOUS
10
1.149693188976378
20
1.3072485039370079
11
1.1543016141732283
21
1.3106983858267716
0
LINE
8
BLACK
6
CONTINUOUS
10
1.1543016141732283
20
1.3106983858267716
11
1.1560288582677165
21
1.3130056299212598
0
LINE
8
BLACK
6
CONTINUOUS
10
1.1560288582677165
20
1.3130056299212598
11
1.158266496062992
21
1.3146806692913386
0
LINE
8
BLACK
6
CONTINUOUS
10
1.158266496062992
20
1.3146806692913386
11
1.1610544881889764
21
1.3148800393700788
0
LINE
8
BLACK
6
CONTINUOUS
10
1.1610544881889764
20
1.3148800393700788
11
1.1635077165354331
21
1.313540472440945
0
LINE
8
BLACK
6
CONTINUOUS
10
1.1635077165354331
20
1.313540472440945
11
1.1639711417322833
21
1.3130056299212598
0
LINE
8
BLACK
6
CONTINUOUS
10
1.1639711417322833
20
1.3130056299212598
11
1.1656983464566928
21
1.3106983858267716
0
LINE
8
BLACK
6
CONTINUOUS
10
1.1656983464566928
20
1.3106983858267716
11
1.1703067716535434
21
1.3072485039370079
0
LINE
8
BLACK
6
CONTINUOUS
10
1.1703067716535434
20
1.3072485039370079
11
1.1703069685039369
21
1.3072484251968504
0
LINE
8
BLACK
6
CONTINUOUS
10
1.1703069685039369
20
1.3072484251968504
11
1.175700590551181
21
1.3052366535433071
0
LINE
8
BLACK
6
CONTINUOUS
10
1.175700590551181
20
1.3052366535433071
11
1.1757009055118111
21
1.3052365748031496
0
LINE
8
BLACK
6
CONTINUOUS
10
1.1757009055118111
20
1.3052365748031496
11
1.1780846456692913
21
1.3049803149606298
0
LINE
8
BLACK
6
CONTINUOUS
10
1.1780846456692913
20
1.3049803149606298
11
1.1780851181102361
21
1.3049803149606298
0
LINE
8
BLACK
6
CONTINUOUS
10
1.1780851181102361
20
1.3049803149606298
11
1.2419153149606299
21
1.3049803149606298
0
LINE
8
BLACK
6
CONTINUOUS
10
1.2419153149606299
20
1.3049803149606298
11
1.2442990551181101
21
1.3052365748031496
0
LINE
8
BLACK
6
CONTINUOUS
10
1.2442990551181101
20
1.3052365748031496
11
1.2442993700787401
21
1.3052366535433071
0
LINE
8
BLACK
6
CONTINUOUS
10
1.2442993700787401
20
1.3052366535433071
11
1.2496929921259843
21
1.3072484251968504
0
LINE
8
BLACK
6
CONTINUOUS
10
1.2496929921259843
20
1.3072484251968504
11
1.2496931889763778
21
1.3072485039370079
0
LINE
8
BLACK
6
CONTINUOUS
10
1.2496931889763778
20
1.3072485039370079
11
1.2543016141732284
21
1.3106983858267716
0
LINE
8
BLACK
6
CONTINUOUS
10
1.2543016141732284
20
1.3106983858267716
11
1.2560288582677166
21
1.3130056299212598
0
LINE
8
BLACK
6
CONTINUOUS
10
1.2560288582677166
20
1.3130056299212598
11
1.2582664960629921
21
1.3146806692913386
0
LINE
8
BLACK
6
CONTINUOUS
10
1.2582664960629921
20
1.3146806692913386
11
1.2610544881889763
21
1.3148800393700788
0
LINE
8
BLACK
6
CONTINUOUS
10
1.2610544881889763
20
1.3148800393700788
11
1.2635077165354331
21
1.313540472440945
0
LINE
8
BLACK
6
CONTINUOUS
10
1.2635077165354331
20
1.313540472440945
11
1.2639711417322834
21
1.3130056299212598
0
LINE
8
BLACK
6
CONTINUOUS
10
1.2639711417322834
20
1.3130056299212598
11
1.2656983464566929
21
1.3106983858267716
0
LINE
8
BLACK
6
CONTINUOUS
10
1.2656983464566929
20
1.3106983858267716
11
1.2703067716535432
21
1.3072485039370079
0
LINE
8
BLACK
6
CONTINUOUS
10
1.2703067716535432
20
1.3072485039370079
11
1.270306968503937
21
1.3072484251968504
0
LINE
8
BLACK
6
CONTINUOUS
10
1.270306968503937
20
1.3072484251968504
11
1.2757005905511811
21
1.3052366535433071
0
LINE
8
BLACK
6
CONTINUOUS
10
1.2757005905511811
20
1.3052366535433071
11
1.2757009055118109
21
1.3052365748031496
0
LINE
8
BLACK
6
CONTINUOUS
10
1.2757009055118109
20
1.3052365748031496
11
1.2780846456692914
21
1.3049803149606298
0
LINE
8
BLACK
6
CONTINUOUS
10
1.2780846456692914
20
1.3049803149606298
11
1.2780851181102362
21
1.3049803149606298
0
LINE
8
BLACK
6
CONTINUOUS
10
1.2780851181102362
20
1.3049803149606298
11
1.34191531496063
21
1.3049803149606298
0
LINE
8
BLACK
6
CONTINUOUS
10
1.34191531496063
20
1.3049803149606298
11
1.3442990551181102
21
1.3052365748031496
0
LINE
8
BLACK
6
CONTINUOUS
10
1.3442990551181102
20
1.3052365748031496
11
1.3442993700787402
21
1.3052366535433071
0
LINE
8
BLACK
6
CONTINUOUS
10
1.3442993700787402
20
1.3052366535433071
11
1.3496929921259841
21
1.3072484251968504
0
LINE
8
BLACK
6
CONTINUOUS
10
1.3496929921259841
20
1.3072484251968504
11
1.3496931889763779
21
1.3072485039370079
0
LINE
8
BLACK
6
CONTINUOUS
10
1.3496931889763779
20
1.3072485039370079
11
1.3543016141732283
21
1.3106983858267716
0
LINE
8
BLACK
6
CONTINUOUS
10
1.3543016141732283
20
1.3106983858267716
11
1.3560288582677165
21
1.3130056299212598
0
LINE
8
BLACK
6
CONTINUOUS
10
1.3560288582677165
20
1.3130056299212598
11
1.358266496062992
21
1.3146806692913386
0
LINE
8
BLACK
6
CONTINUOUS
10
1.358266496062992
20
1.3146806692913386
11
1.3610544881889763
21
1.3148800393700788
0
LINE
8
BLACK
6
CONTINUOUS
10
1.3610544881889763
20
1.3148800393700788
11
1.363507716535433
21
1.313540472440945
0
LINE
8
BLACK
6
CONTINUOUS
10
1.363507716535433
20
1.313540472440945
11
1.3639711417322835
21
1.3130056299212598
0
LINE
8
BLACK
6
CONTINUOUS
10
1.3639711417322835
20
1.3130056299212598
11
1.365698346456693
21
1.3106983858267716
0
LINE
8
BLACK
6
CONTINUOUS
10
1.365698346456693
20
1.3106983858267716
11
1.3703067716535433
21
1.3072485039370079
0
LINE
8
BLACK
6
CONTINUOUS
10
1.3703067716535433
20
1.3072485039370079
11
1.3703069685039371
21
1.3072484251968504
0
LINE
8
BLACK
6
CONTINUOUS
10
1.3703069685039371
20
1.3072484251968504
11
1.375700590551181
21
1.3052366535433071
0
LINE
8
BLACK
6
CONTINUOUS
10
1.375700590551181
20
1.3052366535433071
11
1.375700905511811
21
1.3052365748031496
0
LINE
8
BLACK
6
CONTINUOUS
10
1.375700905511811
20
1.3052365748031496
11
1.3780846456692912
21
1.3049803149606298
0
LINE
8
BLACK
6
CONTINUOUS
10
1.3780846456692912
20
1.3049803149606298
11
1.3780851181102363
21
1.3049803149606298
0
LINE
8
BLACK
6
CONTINUOUS
10
1.3780851181102363
20
1.3049803149606298
11
1.4419153149606299
21
1.3049803149606298
0
LINE
8
BLACK
6
CONTINUOUS
10
1.4419153149606299
20
1.3049803149606298
11
1.4442990551181103
21
1.3052365748031496
0
LINE
8
BLACK
6
CONTINUOUS
10
1.4442990551181103
20
1.3052365748031496
11
1.4442993700787401
21
1.3052366535433071
0
LINE
8
BLACK
6
CONTINUOUS
10
1.4442993700787401
20
1.3052366535433071
11
1.4496929921259842
21
1.3072484251968504
0
LINE
8
BLACK
6
CONTINUOUS
10
1.4496929921259842
20
1.3072484251968504
11
1.449693188976378
21
1.3072485039370079
0
LINE
8
BLACK
6
CONTINUOUS
10
1.449693188976378
20
1.3072485039370079
11
1.4543016141732283
21
1.3106983464566928
0
LINE
8
BLACK
6
CONTINUOUS
10
1.4543016141732283
20
1.3106983464566928
11
1.4577514566929133
21
1.3153067716535434
0
LINE
8
BLACK
6
CONTINUOUS
10
1.4577514566929133
20
1.3153067716535434
11
1.4577515354330708
21
1.3153069685039369
0
LINE
8
BLACK
6
CONTINUOUS
10
1.4577515354330708
20
1.3153069685039369
11
1.4597633070866141
21
1.3207005905511811
0
LINE
8
BLACK
6
CONTINUOUS
10
1.4597633070866141
20
1.3207005905511811
11
1.4597633858267716
21
1.3207009055118111
0
LINE
8
BLACK
6
CONTINUOUS
10
1.4597633858267716
20
1.3207009055118111
11
1.4600196456692913
21
1.3230846456692913
0
LINE
8
BLACK
6
CONTINUOUS
10
1.4600196456692913
20
1.3230846456692913
11
1.4600196850393701
21
1.3230853149606299
0
LINE
8
BLACK
6
CONTINUOUS
10
1.4600196850393701
20
1.3230853149606299
11
1.4600196850393701
21
1.3869146456692913
0
LINE
8
BLACK
6
CONTINUOUS
10
1.4600196850393701
20
1.3869146456692913
11
1.4600196456692913
21
1.3869153149606299
0
LINE
8
BLACK
6
CONTINUOUS
10
1.4600196456692913
20
1.3869153149606299
11
1.4597633858267716
21
1.3892990551181101
0
LINE
8
BLACK
6
CONTINUOUS
10
1.4597633858267716
20
1.3892990551181101
11
1.4597633070866141
21
1.3892993700787402
0
LINE
8
BLACK
6
CONTINUOUS
10
1.4597633070866141
20
1.3892993700787402
11
1.4588294881889763
21
1.3918029921259842
0
LINE
8
BLACK
6
CONTINUOUS
10
1.4588294881889763
20
1.3918029921259842
11
1.4577515354330708
21
1.3946930708661418
0
LINE
8
BLACK
6
CONTINUOUS
10
1.4577515354330708
20
1.3946930708661418
11
1.4543016141732283
21
1.3993016141732284
0
LINE
8
BLACK
6
CONTINUOUS
10
1.4543016141732283
20
1.3993016141732284
11
1.4519943700787401
21
1.4010288188976379
0
LINE
8
BLACK
6
CONTINUOUS
10
1.4519943700787401
20
1.4010288188976379
11
1.4503192913385827
21
1.4032664566929134
0
LINE
8
BLACK
6
CONTINUOUS
10
1.4503192913385827
20
1.4032664566929134
11
1.4501199212598426
21
1.4060544881889763
0
LINE
8
BLACK
6
CONTINUOUS
10
1.4501199212598426
20
1.4060544881889763
11
1.4514594881889764
21
1.4085077165354329
0
LINE
8
BLACK
6
CONTINUOUS
10
1.4514594881889764
20
1.4085077165354329
11
1.4519943700787401
21
1.4089711811023622
0
LINE
8
BLACK
6
CONTINUOUS
10
1.4519943700787401
20
1.4089711811023622
11
1.4543016141732283
21
1.4106983464566929
0
LINE
8
BLACK
6
CONTINUOUS
10
1.4543016141732283
20
1.4106983464566929
11
1.4577514566929133
21
1.4153067716535432
0
LINE
8
BLACK
6
CONTINUOUS
10
1.4577514566929133
20
1.4153067716535432
11
1.4577515354330708
21
1.415306968503937
0
LINE
8
BLACK
6
CONTINUOUS
10
1.4577515354330708
20
1.415306968503937
11
1.4597633070866141
21
1.4207005905511811
0
LINE
8
BLACK
6
CONTINUOUS
10
1.4597633070866141
20
1.4207005905511811
11
1.4597633858267716
21
1.4207009055118109
0
LINE
8
BLACK
6
CONTINUOUS
10
1.4597633858267716
20
1.4207009055118109
11
1.4600196456692913
21
1.4230846456692914
0
LINE
8
BLACK
6
CONTINUOUS
10
1.4600196456692913
20
1.4230846456692914
11
1.4600196850393701
21
1.42308531496063
0
LINE
8
BLACK
6
CONTINUOUS
10
1.4600196850393701
20
1.42308531496063
11
1.4600196850393701
21
1.4869146456692912
0
LINE
8
BLACK
6
CONTINUOUS
10
1.4600196850393701
20
1.4869146456692912
11
1.4600196456692913
21
1.4869153149606298
0
LINE
8
BLACK
6
CONTINUOUS
10
1.4600196456692913
20
1.4869153149606298
11
1.4597633858267716
21
1.4892990551181102
0
LINE
8
BLACK
6
CONTINUOUS
10
1.4597633858267716
20
1.4892990551181102
11
1.4597633070866141
21
1.48929937007874
0
LINE
8
BLACK
6
CONTINUOUS
10
1.4597633070866141
20
1.48929937007874
11
1.4588294881889763
21
1.4918029921259843
0
LINE
8
BLACK
6
CONTINUOUS
10
1.4588294881889763
20
1.4918029921259843
11
1.4577515354330708
21
1.4946930708661417
0
LINE
8
BLACK
6
CONTINUOUS
10
1.4577515354330708
20
1.4946930708661417
11
1.4543016141732283
21
1.4993016141732283
0
LINE
8
BLACK
6
CONTINUOUS
10
1.4543016141732283
20
1.4993016141732283
11
1.4496930708661417
21
1.5027515354330709
0
LINE
8
BLACK
6
CONTINUOUS
10
1.4496930708661417
20
1.5027515354330709
11
1.4442992519685038
21
1.504763346456693
0
LINE
8
BLACK
6
CONTINUOUS
10
1.4442992519685038
20
1.504763346456693
11
1.4442991732283463
21
1.504763346456693
0
LINE
8
BLACK
6
CONTINUOUS
10
1.4442991732283463
20
1.504763346456693
11
1.4442990551181103
21
1.5047633858267717
0
LINE
8
BLACK
6
CONTINUOUS
10
1.4442990551181103
20
1.5047633858267717
11
1.4419153149606299
21
1.5050196456692913
0
LINE
8
BLACK
6
CONTINUOUS
10
1.4419153149606299
20
1.5050196456692913
11
1.4419151574803148
21
1.5050196456692913
0
LINE
8
BLACK
6
CONTINUOUS
10
1.4419151574803148
20
1.5050196456692913
11
1.4419148818897638
21
1.50501968503937
0
LINE
8
BLACK
6
CONTINUOUS
10
1.4419148818897638
20
1.50501968503937
11
1.3780851181102363
21
1.50501968503937
0
LINE
8
BLACK
6
CONTINUOUS
10
1.3780851181102363
20
1.50501968503937
11
1.378084842519685
21
1.5050196456692913
0
LINE
8
BLACK
6
CONTINUOUS
10
1.378084842519685
20
1.5050196456692913
11
1.3780846456692912
21
1.5050196456692913
0
LINE
8
BLACK
6
CONTINUOUS
10
1.3780846456692912
20
1.5050196456692913
11
1.375700905511811
21
1.5047633858267717
0
LINE
8
BLACK
6
CONTINUOUS
10
1.375700905511811
20
1.5047633858267717
11
1.375700590551181
21
1.5047633070866142
0
LINE
8
BLACK
6
CONTINUOUS
10
1.375700590551181
20
1.5047633070866142
11
1.3726328740157481
21
1.5036190551181101
0
LINE
8
BLACK
6
CONTINUOUS
10
1.3726328740157481
20
1.5036190551181101
11
1.3703069291338583
21
1.5027515354330709
0
LINE
8
BLACK
6
CONTINUOUS
10
1.3703069291338583
20
1.5027515354330709
11
1.3703068503937008
21
1.5027514960629922
0
LINE
8
BLACK
6
CONTINUOUS
10
1.3703068503937008
20
1.5027514960629922
11
1.3703067716535433
21
1.5027514566929134
0
LINE
8
BLACK
6
CONTINUOUS
10
1.3703067716535433
20
1.5027514566929134
11
1.365698346456693
21
1.4993016141732283
0
LINE
8
BLACK
6
CONTINUOUS
10
1.365698346456693
20
1.4993016141732283
11
1.3639711811023623
21
1.49699437007874
0
LINE
8
BLACK
6
CONTINUOUS
10
1.3639711811023623
20
1.49699437007874
11
1.3617335433070865
21
1.4953192913385827
0
LINE
8
BLACK
6
CONTINUOUS
10
1.3617335433070865
20
1.4953192913385827
11
1.3589455118110236
21
1.4951199212598425
0
LINE
8
BLACK
6
CONTINUOUS
10
1.3589455118110236
20
1.4951199212598425
11
1.356492283464567
21
1.4964594881889763
0
LINE
8
BLACK
6
CONTINUOUS
10
1.356492283464567
20
1.4964594881889763
11
1.3560288188976377
21
1.49699437007874
0
LINE
8
BLACK
6
CONTINUOUS
10
1.3560288188976377
20
1.49699437007874
11
1.3543016141732283
21
1.4993016141732283
0
LINE
8
BLACK
6
CONTINUOUS
10
1.3543016141732283
20
1.4993016141732283
11
1.3496931889763779
21
1.5027514566929134
0
LINE
8
BLACK
6
CONTINUOUS
10
1.3496931889763779
20
1.5027514566929134
11
1.3496931496062992
21
1.5027514566929134
0
LINE
8
BLACK
6
CONTINUOUS
10
1.3496931496062992
20
1.5027514566929134
11
1.3496930708661417
21
1.5027515354330709
0
LINE
8
BLACK
6
CONTINUOUS
10
1.3496930708661417
20
1.5027515354330709
11
1.344299251968504
21
1.504763346456693
0
LINE
8
BLACK
6
CONTINUOUS
10
1.344299251968504
20
1.504763346456693
11
1.3442991732283465
21
1.504763346456693
0
LINE
8
BLACK
6
CONTINUOUS
10
1.3442991732283465
20
1.504763346456693
11
1.3442990551181102
21
1.5047633858267717
0
LINE
8
BLACK
6
CONTINUOUS
10
1.3442990551181102
20
1.5047633858267717
11
1.34191531496063
21
1.5050196456692913
0
LINE
8
BLACK
6
CONTINUOUS
10
1.34191531496063
20
1.5050196456692913
11
1.341915157480315
21
1.5050196456692913
0
LINE
8
BLACK
6
CONTINUOUS
10
1.341915157480315
20
1.5050196456692913
11
1.3419148818897637
21
1.50501968503937
0
LINE
8
BLACK
6
CONTINUOUS
10
1.3419148818897637
20
1.50501968503937
11
1.2780851181102362
21
1.50501968503937
0
LINE
8
BLACK
6
CONTINUOUS
10
1.2780851181102362
20
1.50501968503937
11
1.2780848425196849
21
1.5050196456692913
0
LINE
8
BLACK
6
CONTINUOUS
10
1.2780848425196849
20
1.5050196456692913
11
1.2780846456692914
21
1.5050196456692913
0
LINE
8
BLACK
6
CONTINUOUS
10
1.2780846456692914
20
1.5050196456692913
11
1.2757009055118109
21
1.5047633858267717
0
LINE
8
BLACK
6
CONTINUOUS
10
1.2757009055118109
20
1.5047633858267717
11
1.2757005905511811
21
1.5047633070866142
0
LINE
8
BLACK
6
CONTINUOUS
10
1.2757005905511811
20
1.5047633070866142
11
1.272632874015748
21
1.5036190551181101
0
LINE
8
BLACK
6
CONTINUOUS
10
1.272632874015748
20
1.5036190551181101
11
1.2703069291338582
21
1.5027515354330709
0
LINE
8
BLACK
6
CONTINUOUS
10
1.2703069291338582
20
1.5027515354330709
11
1.2703068503937007
21
1.5027514960629922
0
LINE
8
BLACK
6
CONTINUOUS
10
1.2703068503937007
20
1.5027514960629922
11
1.2703067716535432
21
1.5027514566929134
0
LINE
8
BLACK
6
CONTINUOUS
10
1.2703067716535432
20
1.5027514566929134
11
1.2656983464566929
21
1.4993016141732283
0
LINE
8
BLACK
6
CONTINUOUS
10
1.2656983464566929
20
1.4993016141732283
11
1.2639711811023622
21
1.49699437007874
0
LINE
8
BLACK
6
CONTINUOUS
10
1.2639711811023622
20
1.49699437007874
11
1.2617335433070866
21
1.4953192913385827
0
LINE
8
BLACK
6
CONTINUOUS
10
1.2617335433070866
20
1.4953192913385827
11
1.2589455118110235
21
1.4951199212598425
0
LINE
8
BLACK
6
CONTINUOUS
10
1.2589455118110235
20
1.4951199212598425
11
1.2564922834645669
21
1.4964594881889763
0
LINE
8
BLACK
6
CONTINUOUS
10
1.2564922834645669
20
1.4964594881889763
11
1.2560288188976378
21
1.49699437007874
0
LINE
8
BLACK
6
CONTINUOUS
10
1.2560288188976378
20
1.49699437007874
11
1.2543016141732284
21
1.4993016141732283
0
LINE
8
BLACK
6
CONTINUOUS
10
1.2543016141732284
20
1.4993016141732283
11
1.2496931889763778
21
1.5027514566929134
0
LINE
8
BLACK
6
CONTINUOUS
10
1.2496931889763778
20
1.5027514566929134
11
1.2496931496062993
21
1.5027514566929134
0
LINE
8
BLACK
6
CONTINUOUS
10
1.2496931496062993
20
1.5027514566929134
11
1.2496930708661418
21
1.5027515354330709
0
LINE
8
BLACK
6
CONTINUOUS
10
1.2496930708661418
20
1.5027515354330709
11
1.2442992519685039
21
1.504763346456693
0
LINE
8
BLACK
6
CONTINUOUS
10
1.2442992519685039
20
1.504763346456693
11
1.2442991732283464
21
1.504763346456693
0
LINE
8
BLACK
6
CONTINUOUS
10
1.2442991732283464
20
1.504763346456693
11
1.2442990551181101
21
1.5047633858267717
0
LINE
8
BLACK
6
CONTINUOUS
10
1.2442990551181101
20
1.5047633858267717
11
1.2419153149606299
21
1.5050196456692913
0
LINE
8
BLACK
6
CONTINUOUS
10
1.2419153149606299
20
1.5050196456692913
11
1.2419151574803149
21
1.5050196456692913
0
LINE
8
BLACK
6
CONTINUOUS
10
1.2419151574803149
20
1.5050196456692913
11
1.2419148818897638
21
1.50501968503937
0
LINE
8
BLACK
6
CONTINUOUS
10
1.2419148818897638
20
1.50501968503937
11
1.1780851181102361
21
1.50501968503937
0
LINE
8
BLACK
6
CONTINUOUS
10
1.1780851181102361
20
1.50501968503937
11
1.178084842519685
21
1.5050196456692913
0
LINE
8
BLACK
6
CONTINUOUS
10
1.178084842519685
20
1.5050196456692913
11
1.1780846456692913
21
1.5050196456692913
0
LINE
8
BLACK
6
CONTINUOUS
10
1.1780846456692913
20
1.5050196456692913
11
1.1757009055118111
21
1.5047633858267717
0
LINE
8
BLACK
6
CONTINUOUS
10
1.1757009055118111
20
1.5047633858267717
11
1.175700590551181
21
1.5047633070866142
0
LINE
8
BLACK
6
CONTINUOUS
10
1.175700590551181
20
1.5047633070866142
11
1.1726328740157479
21
1.5036190551181101
0
LINE
8
BLACK
6
CONTINUOUS
10
1.1726328740157479
20
1.5036190551181101
11
1.1703069291338581
21
1.5027515354330709
0
LINE
8
BLACK
6
CONTINUOUS
10
1.1703069291338581
20
1.5027515354330709
11
1.1703068503937009
21
1.5027514960629922
0
LINE
8
BLACK
6
CONTINUOUS
10
1.1703068503937009
20
1.5027514960629922
11
1.1703067716535434
21
1.5027514566929134
0
LINE
8
BLACK
6
CONTINUOUS
10
1.1703067716535434
20
1.5027514566929134
11
1.1656983464566928
21
1.4993016141732283
0
LINE
8
BLACK
6
CONTINUOUS
10
1.1656983464566928
20
1.4993016141732283
11
1.1639711811023621
21
1.49699437007874
0
LINE
8
BLACK
6
CONTINUOUS
10
1.1639711811023621
20
1.49699437007874
11
1.1617335433070866
21
1.4953192913385827
0
LINE
8
BLACK
6
CONTINUOUS
10
1.1617335433070866
20
1.4953192913385827
11
1.1589455118110237
21
1.4951199212598425
0
LINE
8
BLACK
6
CONTINUOUS
10
1.1589455118110237
20
1.4951199212598425
11
1.156492283464567
21
1.4964594881889763
0
LINE
8
BLACK
6
CONTINUOUS
10
1.156492283464567
20
1.4964594881889763
11
1.1560288188976378
21
1.49699437007874
0
LINE
8
BLACK
6
CONTINUOUS
10
1.1560288188976378
20
1.49699437007874
11
1.1543016141732283
21
1.4993016141732283
0
LINE
8
BLACK
6
CONTINUOUS
10
1.1543016141732283
20
1.4993016141732283
11
1.149693188976378
21
1.5027514566929134
0
LINE
8
BLACK
6
CONTINUOUS
10
1.149693188976378
20
1.5027514566929134
11
1.1496931496062992
21
1.5027514566929134
0
LINE
8
BLACK
6
CONTINUOUS
10
1.1496931496062992
20
1.5027514566929134
11
1.1496930708661417
21
1.5027515354330709
0
LINE
8
BLACK
6
CONTINUOUS
10
1.1496930708661417
20
1.5027515354330709
11
1.144299251968504
21
1.504763346456693
0
LINE
8
BLACK
6
CONTINUOUS
10
1.144299251968504
20
1.504763346456693
11
1.1442991732283465
21
1.504763346456693
0
LINE
8
BLACK
6
CONTINUOUS
10
1.1442991732283465
20
1.504763346456693
11
1.1442990551181103
21
1.5047633858267717
0
LINE
8
BLACK
6
CONTINUOUS
10
1.1442990551181103
20
1.5047633858267717
11
1.1419153149606298
21
1.5050196456692913
0
LINE
8
BLACK
6
CONTINUOUS
10
1.1419153149606298
20
1.5050196456692913
11
1.141915157480315
21
1.5050196456692913
0
LINE
8
BLACK
6
CONTINUOUS
10
1.141915157480315
20
1.5050196456692913
11
1.1419148818897638
21
1.50501968503937
0
LINE
8
BLACK
6
CONTINUOUS
10
1.1419148818897638
20
1.50501968503937
11
1.0780851181102362
21
1.50501968503937
0
LINE
8
BLACK
6
CONTINUOUS
10
1.0780851181102362
20
1.50501968503937
11
1.0780848425196849
21
1.5050196456692913
0
LINE
8
BLACK
6
CONTINUOUS
10
1.0780848425196849
20
1.5050196456692913
11
1.0780846456692914
21
1.5050196456692913
0
LINE
8
BLACK
6
CONTINUOUS
10
1.0780846456692914
20
1.5050196456692913
11
1.075700905511811
21
1.5047633858267717
0
LINE
8
BLACK
6
CONTINUOUS
10
1.075700905511811
20
1.5047633858267717
11
1.0757005905511812
21
1.5047633070866142
0
LINE
8
BLACK
6
CONTINUOUS
10
1.0757005905511812
20
1.5047633070866142
11
1.072632874015748
21
1.5036190551181101
0
LINE
8
BLACK
6
CONTINUOUS
10
1.072632874015748
20
1.5036190551181101
11
1.0703069291338583
21
1.5027515354330709
0
LINE
8
BLACK
6
CONTINUOUS
10
1.0703069291338583
20
1.5027515354330709
11
1.0703068503937008
21
1.5027514960629922
0
LINE
8
BLACK
6
CONTINUOUS
10
1.0703068503937008
20
1.5027514960629922
11
1.0703067716535433
21
1.5027514566929134
0
LINE
8
BLACK
6
CONTINUOUS
10
1.0703067716535433
20
1.5027514566929134
11
1.0656983464566929
21
1.4993016141732283
0
LINE
8
BLACK
6
CONTINUOUS
10
1.0656983464566929
20
1.4993016141732283
11
1.0639711811023622
21
1.49699437007874
0
LINE
8
BLACK
6
CONTINUOUS
10
1.0639711811023622
20
1.49699437007874
11
1.0617335433070867
21
1.4953192913385827
0
LINE
8
BLACK
6
CONTINUOUS
10
1.0617335433070867
20
1.4953192913385827
11
1.0589455118110236
21
1.4951199212598425
0
LINE
8
BLACK
6
CONTINUOUS
10
1.0589455118110236
20
1.4951199212598425
11
1.0564922834645669
21
1.4964594881889763
0
LINE
8
BLACK
6
CONTINUOUS
10
1.0564922834645669
20
1.4964594881889763
11
1.0560288188976377
21
1.49699437007874
0
LINE
8
BLACK
6
CONTINUOUS
10
1.0560288188976377
20
1.49699437007874
11
1.0543016141732284
21
1.4993016141732283
0
LINE
8
BLACK
6
CONTINUOUS
10
1.0543016141732284
20
1.4993016141732283
11
1.0496931889763779
21
1.5027514566929134
0
LINE
8
BLACK
6
CONTINUOUS
10
1.0496931889763779
20
1.5027514566929134
11
1.0496931496062991
21
1.5027514566929134
0
LINE
8
BLACK
6
CONTINUOUS
10
1.0496931496062991
20
1.5027514566929134
11
1.0496930708661416
21
1.5027515354330709
0
LINE
8
BLACK
6
CONTINUOUS
10
1.0496930708661416
20
1.5027515354330709
11
1.0442992519685039
21
1.504763346456693
0
LINE
8
BLACK
6
CONTINUOUS
10
1.0442992519685039
20
1.504763346456693
11
1.0442991732283464
21
1.504763346456693
0
LINE
8
BLACK
6
CONTINUOUS
10
1.0442991732283464
20
1.504763346456693
11
1.0442990551181102
21
1.5047633858267717
0
LINE
8
BLACK
6
CONTINUOUS
10
1.0442990551181102
20
1.5047633858267717
11
1.0419153149606299
21
1.5050196456692913
0
LINE
8
BLACK
6
CONTINUOUS
10
1.0419153149606299
20
1.5050196456692913
11
1.0419151574803149
21
1.5050196456692913
0
LINE
8
BLACK
6
CONTINUOUS
10
1.0419151574803149
20
1.5050196456692913
11
1.0419148818897637
21
1.50501968503937
0
LINE
8
BLACK
6
CONTINUOUS
10
1.0419148818897637
20
1.50501968503937
11
0.9780851181102362
21
1.50501968503937
0
LINE
8
BLACK
6
CONTINUOUS
10
0.9780851181102362
20
1.50501968503937
11
0.978084842519685
21
1.5050196456692913
0
LINE
8
BLACK
6
CONTINUOUS
10
0.978084842519685
20
1.5050196456692913
11
0.9780846456692913
21
1.5050196456692913
0
LINE
8
BLACK
6
CONTINUOUS
10
0.9780846456692913
20
1.5050196456692913
11
0.975700905511811
21
1.5047633858267717
0
LINE
8
BLACK
6
CONTINUOUS
10
0.975700905511811
20
1.5047633858267717
11
0.9757005905511811
21
1.5047633070866142
0
LINE
8
BLACK
6
CONTINUOUS
10
0.9757005905511811
20
1.5047633070866142
11
0.9726328740157481
21
1.5036190551181101
0
LINE
8
BLACK
6
CONTINUOUS
10
0.9726328740157481
20
1.5036190551181101
11
0.9703069291338583
21
1.5027515354330709
0
LINE
8
BLACK
6
CONTINUOUS
10
0.9703069291338583
20
1.5027515354330709
11
0.9703068503937008
21
1.5027514960629922
0
LINE
8
BLACK
6
CONTINUOUS
10
0.9703068503937008
20
1.5027514960629922
11
0.9703067716535433
21
1.5027514566929134
0
LINE
8
BLACK
6
CONTINUOUS
10
0.9703067716535433
20
1.5027514566929134
11
0.9656983464566929
21
1.4993016141732283
0
LINE
8
BLACK
6
CONTINUOUS
10
0.9656983464566929
20
1.4993016141732283
11
0.9639711811023621
21
1.49699437007874
0
LINE
8
BLACK
6
CONTINUOUS
10
0.9639711811023621
20
1.49699437007874
11
0.9617335433070866
21
1.4953192913385827
0
LINE
8
BLACK
6
CONTINUOUS
10
0.9617335433070866
20
1.4953192913385827
11
0.9589455118110236
21
1.4951199212598425
0
LINE
8
BLACK
6
CONTINUOUS
10
0.9589455118110236
20
1.4951199212598425
11
0.9564922834645669
21
1.4964594881889763
0
LINE
8
BLACK
6
CONTINUOUS
10
0.9564922834645669
20
1.4964594881889763
11
0.9560288188976378
21
1.49699437007874
0
LINE
8
BLACK
6
CONTINUOUS
10
0.9560288188976378
20
1.49699437007874
11
0.9543016141732283
21
1.4993016141732283
0
LINE
8
BLACK
6
CONTINUOUS
10
0.9543016141732283
20
1.4993016141732283
11
0.9496931889763779
21
1.5027514566929134
0
LINE
8
BLACK
6
CONTINUOUS
10
0.9496931889763779
20
1.5027514566929134
11
0.9496931496062991
21
1.5027514566929134
0
LINE
8
BLACK
6
CONTINUOUS
10
0.9496931496062991
20
1.5027514566929134
11
0.9496930708661417
21
1.5027515354330709
0
LINE
8
BLACK
6
CONTINUOUS
10
0.9496930708661417
20
1.5027515354330709
11
0.9442992519685039
21
1.504763346456693
0
LINE
8
BLACK
6
CONTINUOUS
10
0.9442992519685039
20
1.504763346456693
11
0.9442991732283464
21
1.504763346456693
0
LINE
8
BLACK
6
CONTINUOUS
10
0.9442991732283464
20
1.504763346456693
11
0.9442990551181102
21
1.5047633858267717
0
LINE
8
BLACK
6
CONTINUOUS
10
0.9442990551181102
20
1.5047633858267717
11
0.9419153149606299
21
1.5050196456692913
0
LINE
8
BLACK
6
CONTINUOUS
10
0.9419153149606299
20
1.5050196456692913
11
0.941915157480315
21
1.5050196456692913
0
LINE
8
BLACK
6
CONTINUOUS
10
0.941915157480315
20
1.5050196456692913
11
0.9419148818897638
21
1.50501968503937
0
LINE
8
BLACK
6
CONTINUOUS
10
0.9419148818897638
20
1.50501968503937
11
0.8780851181102362
21
1.50501968503937
0
LINE
8
BLACK
6
CONTINUOUS
10
0.8780851181102362
20
1.50501968503937
11
0.878084842519685
21
1.5050196456692913
0
LINE
8
BLACK
6
CONTINUOUS
10
0.878084842519685
20
1.5050196456692913
11
0.8780846456692913
21
1.5050196456692913
0
LINE
8
BLACK
6
CONTINUOUS
10
0.8780846456692913
20
1.5050196456692913
11
0.875700905511811
21
1.5047633858267717
0
LINE
8
BLACK
6
CONTINUOUS
10
0.875700905511811
20
1.5047633858267717
11
0.8757005905511811
21
1.5047633070866142
0
LINE
8
BLACK
6
CONTINUOUS
10
0.8757005905511811
20
1.5047633070866142
11
0.872632874015748
21
1.5036190551181101
0
LINE
8
BLACK
6
CONTINUOUS
10
0.872632874015748
20
1.5036190551181101
11
0.8703069291338582
21
1.5027515354330709
0
LINE
8
BLACK
6
CONTINUOUS
10
0.8703069291338582
20
1.5027515354330709
11
0.8703068503937008
21
1.5027514960629922
0
LINE
8
BLACK
6
CONTINUOUS
10
0.8703068503937008
20
1.5027514960629922
11
0.8703067716535433
21
1.5027514566929134
0
LINE
8
BLACK
6
CONTINUOUS
10
0.8703067716535433
20
1.5027514566929134
11
0.8656983464566929
21
1.4993016141732283
0
LINE
8
BLACK
6
CONTINUOUS
10
0.8656983464566929
20
1.4993016141732283
11
0.8639711811023622
21
1.49699437007874
0
LINE
8
BLACK
6
CONTINUOUS
10
0.8639711811023622
20
1.49699437007874
11
0.8617335433070866
21
1.4953192913385827
0
LINE
8
BLACK
6
CONTINUOUS
10
0.8617335433070866
20
1.4953192913385827
11
0.8589455118110236
21
1.4951199212598425
0
LINE
8
BLACK
6
CONTINUOUS
10
0.8589455118110236
20
1.4951199212598425
11
0.856492283464567
21
1.4964594881889763
0
LINE
8
BLACK
6
CONTINUOUS
10
0.856492283464567
20
1.4964594881889763
11
0.8560288188976378
21
1.49699437007874
0
LINE
8
BLACK
6
CONTINUOUS
10
0.8560288188976378
20
1.49699437007874
11
0.8543016141732284
21
1.4993016141732283
0
LINE
8
BLACK
6
CONTINUOUS
10
0.8543016141732284
20
1.4993016141732283
11
0.8496931889763779
21
1.5027514566929134
0
LINE
8
BLACK
6
CONTINUOUS
10
0.8496931889763779
20
1.5027514566929134
11
0.8496931496062992
21
1.5027514566929134
0
LINE
8
BLACK
6
CONTINUOUS
10
0.8496931496062992
20
1.5027514566929134
11
0.8496930708661418
21
1.5027515354330709
0
LINE
8
BLACK
6
CONTINUOUS
10
0.8496930708661418
20
1.5027515354330709
11
0.844299251968504
21
1.504763346456693
0
LINE
8
BLACK
6
CONTINUOUS
10
0.844299251968504
20
1.504763346456693
11
0.8442991732283465
21
1.504763346456693
0
LINE
8
BLACK
6
CONTINUOUS
10
0.8442991732283465
20
1.504763346456693
11
0.8442990551181102
21
1.5047633858267717
0
LINE
8
BLACK
6
CONTINUOUS
10
0.8442990551181102
20
1.5047633858267717
11
0.8419153149606299
21
1.5050196456692913
0
LINE
8
BLACK
6
CONTINUOUS
10
0.8419153149606299
20
1.5050196456692913
11
0.841915157480315
21
1.5050196456692913
0
LINE
8
BLACK
6
CONTINUOUS
10
0.841915157480315
20
1.5050196456692913
11
0.8419148818897637
21
1.50501968503937
0
LINE
8
BLACK
6
CONTINUOUS
10
0.8419148818897637
20
1.50501968503937
11
0.7780851181102362
21
1.50501968503937
0
LINE
8
BLACK
6
CONTINUOUS
10
0.7780851181102362
20
1.50501968503937
11
0.778084842519685
21
1.5050196456692913
0
LINE
8
BLACK
6
CONTINUOUS
10
0.778084842519685
20
1.5050196456692913
11
0.7780846456692914
21
1.5050196456692913
0
LINE
8
BLACK
6
CONTINUOUS
10
0.7780846456692914
20
1.5050196456692913
11
0.775700905511811
21
1.5047633858267717
0
LINE
8
BLACK
6
CONTINUOUS
10
0.775700905511811
20
1.5047633858267717
11
0.7757005905511811
21
1.5047633070866142
0
LINE
8
BLACK
6
CONTINUOUS
10
0.7757005905511811
20
1.5047633070866142
11
0.772632874015748
21
1.5036190551181101
0
LINE
8
BLACK
6
CONTINUOUS
10
0.772632874015748
20
1.5036190551181101
11
0.7703069291338582
21
1.5027515354330709
0
LINE
8
BLACK
6
CONTINUOUS
10
0.7703069291338582
20
1.5027515354330709
11
0.7703068503937007
21
1.5027514960629922
0
LINE
8
BLACK
6
CONTINUOUS
10
0.7703068503937007
20
1.5027514960629922
11
0.7703067716535433
21
1.5027514566929134
0
LINE
8
BLACK
6
CONTINUOUS
10
0.7703067716535433
20
1.5027514566929134
11
0.7656983464566929
21
1.4993016141732283
0
LINE
8
BLACK
6
CONTINUOUS
10
0.7656983464566929
20
1.4993016141732283
11
0.7639711811023622
21
1.49699437007874
0
LINE
8
BLACK
6
CONTINUOUS
10
0.7639711811023622
20
1.49699437007874
11
0.7617335433070866
21
1.4953192913385827
0
LINE
8
BLACK
6
CONTINUOUS
10
0.7617335433070866
20
1.4953192913385827
11
0.7589455118110237
21
1.4951199212598425
0
LINE
8
BLACK
6
CONTINUOUS
10
0.7589455118110237
20
1.4951199212598425
11
0.7564922834645669
21
1.4964594881889763
0
LINE
8
BLACK
6
CONTINUOUS
10
0.7564922834645669
20
1.4964594881889763
11
0.7560288188976377
21
1.49699437007874
0
LINE
8
BLACK
6
CONTINUOUS
10
0.7560288188976377
20
1.49699437007874
11
0.7543016141732283
21
1.4993016141732283
0
LINE
8
BLACK
6
CONTINUOUS
10
0.7543016141732283
20
1.4993016141732283
11
0.7496931889763779
21
1.5027514566929134
0
LINE
8
BLACK
6
CONTINUOUS
10
0.7496931889763779
20
1.5027514566929134
11
0.7496931496062992
21
1.5027514566929134
0
LINE
8
BLACK
6
CONTINUOUS
10
0.7496931496062992
20
1.5027514566929134
11
0.7496930708661417
21
1.5027515354330709
0
LINE
8
BLACK
6
CONTINUOUS
10
0.7496930708661417
20
1.5027515354330709
11
0.7442992519685039
21
1.504763346456693
0
LINE
8
BLACK
6
CONTINUOUS
10
0.7442992519685039
20
1.504763346456693
11
0.7442991732283465
21
1.504763346456693
0
LINE
8
BLACK
6
CONTINUOUS
10
0.7442991732283465
20
1.504763346456693
11
0.7442990551181102
21
1.5047633858267717
0
LINE
8
BLACK
6
CONTINUOUS
10
0.7442990551181102
20
1.5047633858267717
11
0.7419153149606299
21
1.5050196456692913
0
LINE
8
BLACK
6
CONTINUOUS
10
0.7419153149606299
20
1.5050196456692913
11
0.7419151574803149
21
1.5050196456692913
0
LINE
8
BLACK
6
CONTINUOUS
10
0.7419151574803149
20
1.5050196456692913
11
0.7419148818897637
21
1.50501968503937
0
LINE
8
BLACK
6
CONTINUOUS
10
0.7419148818897637
20
1.50501968503937
11
0.6780851181102362
21
1.50501968503937
0
LINE
8
BLACK
6
CONTINUOUS
10
0.6780851181102362
20
1.50501968503937
11
0.678084842519685
21
1.5050196456692913
0
LINE
8
BLACK
6
CONTINUOUS
10
0.678084842519685
20
1.5050196456692913
11
0.6780846456692913
21
1.5050196456692913
0
LINE
8
BLACK
6
CONTINUOUS
10
0.6780846456692913
20
1.5050196456692913
11
0.6757009055118111
21
1.5047633858267717
0
LINE
8
BLACK
6
CONTINUOUS
10
0.6757009055118111
20
1.5047633858267717
11
0.675700590551181
21
1.5047633070866142
0
LINE
8
BLACK
6
CONTINUOUS
10
0.675700590551181
20
1.5047633070866142
11
0.672632874015748
21
1.5036190551181101
0
LINE
8
BLACK
6
CONTINUOUS
10
0.672632874015748
20
1.5036190551181101
11
0.6703069291338583
21
1.5027515354330709
0
LINE
8
BLACK
6
CONTINUOUS
10
0.6703069291338583
20
1.5027515354330709
11
0.6703068503937007
21
1.5027514960629922
0
LINE
8
BLACK
6
CONTINUOUS
10
0.6703068503937007
20
1.5027514960629922
11
0.6703067716535432
21
1.5027514566929134
0
LINE
8
BLACK
6
CONTINUOUS
10
0.6703067716535432
20
1.5027514566929134
11
0.6656983464566929
21
1.4993016141732283
0
LINE
8
BLACK
6
CONTINUOUS
10
0.6656983464566929
20
1.4993016141732283
11
0.6622485039370078
21
1.4946931889763779
0
LINE
8
BLACK
6
CONTINUOUS
10
0.6622485039370078
20
1.4946931889763779
11
0.6622484645669291
21
1.4946930708661417
0
LINE
8
BLACK
6
CONTINUOUS
10
0.6622484645669291
20
1.4946930708661417
11
0.6621477952755905
21
1.4944232283464567
0
LINE
8
BLACK
6
CONTINUOUS
10
0.6621477952755905
20
1.4944232283464567
11
0.6604728346456693
21
1.4921856692913384
0
LINE
8
BLACK
6
CONTINUOUS
10
0.6604728346456693
20
1.4921856692913384
11
0.657853937007874
21
1.4912088582677165
0
LINE
8
BLACK
6
CONTINUOUS
10
0.657853937007874
20
1.4912088582677165
11
0.6551226377952756
21
1.4918029921259843
0
LINE
8
BLACK
6
CONTINUOUS
10
0.6551226377952756
20
1.4918029921259843
11
0.6531461811023622
21
1.4937794488188976
0
LINE
8
BLACK
6
CONTINUOUS
10
0.6531461811023622
20
1.4937794488188976
11
0.6528522440944882
21
1.4944229527559054
0
LINE
8
BLACK
6
CONTINUOUS
10
0.6528522440944882
20
1.4944229527559054
11
0.6527515354330709
21
1.4946930708661417
0
LINE
8
BLACK
6
CONTINUOUS
10
0.6527515354330709
20
1.4946930708661417
11
0.6493016141732283
21
1.4993016141732283
0
LINE
8
BLACK
6
CONTINUOUS
10
0.6493016141732283
20
1.4993016141732283
11
0.6446930708661417
21
1.5027515354330709
0
LINE
8
BLACK
6
CONTINUOUS
10
0.6446930708661417
20
1.5027515354330709
11
0.6392992519685039
21
1.504763346456693
0
LINE
8
BLACK
6
CONTINUOUS
10
0.6392992519685039
20
1.504763346456693
11
0.6392991732283464
21
1.504763346456693
0
LINE
8
BLACK
6
CONTINUOUS
10
0.6392991732283464
20
1.504763346456693
11
0.6392990551181102
21
1.5047633858267717
0
LINE
8
BLACK
6
CONTINUOUS
10
0.6392990551181102
20
1.5047633858267717
11
0.6369153149606299
21
1.5050196456692913
0
LINE
8
BLACK
6
CONTINUOUS
10
0.6369153149606299
20
1.5050196456692913
11
0.6369151574803149
21
1.5050196456692913
0
LINE
8
BLACK
6
CONTINUOUS
10
0.6369151574803149
20
1.5050196456692913
11
0.6369148818897638
21
1.50501968503937
0
LINE
8
BLACK
6
CONTINUOUS
10
0.6369148818897638
20
1.50501968503937
11
0.5730851181102362
21
1.50501968503937
0
LINE
8
BLACK
6
CONTINUOUS
10
0.5730851181102362
20
1.50501968503937
11
0.5730848425196851
21
1.5050196456692913
0
CIRCLE
8
BLACK
10
0.2
20
0.2
40
0.0068897637795276
0
CIRCLE
8
BLACK
10
1.8
20
0.2
40
0.0068897637795276
0
CIRCLE
8
BLACK
10
1.8
20
1.3999999999999999
40
0.0068897637795276
0
CIRCLE
8
BLACK
10
0.2
20
1.3999999999999999
40
0.0068897637795276
0
CIRCLE
8
BLACK
10
1.21
20
1.355
40
0.0068897637795276
0
CIRCLE
8
BLACK
10
1.21
20
1.4550000000000001
40
0.0068897637795276
0
CIRCLE
8
BLACK
10
0.71
20
1.355
40
0.0068897637795276
0
CIRCLE
8
BLACK
10
0.71
20
1.4550000000000001
40
0.0068897637795276
0
CIRCLE
8
BLACK
10
0.91
20
1.355
40
0.0068897637795276
0
CIRCLE
8
BLACK
10
0.91
20
1.4550000000000001
40
0.0068897637795276
0
CIRCLE
8
BLACK
10
1.4099999999999999
20
1.355
40
0.0068897637795276
0
CIRCLE
8
BLACK
10
1.4099999999999999
20
1.4550000000000001
40
0.0068897637795276
0
CIRCLE
8
BLACK
10
1.1099999999999999
20
1.355
40
0.0068897637795276
0
CIRCLE
8
BLACK
10
1.1099999999999999
20
1.4550000000000001
40
0.0068897637795276
0
CIRCLE
8
BLACK
10
1.3100000000000001
20
1.355
40
0.0068897637795276
0
CIRCLE
8
BLACK
10
1.3100000000000001
20
1.4550000000000001
40
0.0068897637795276
0
CIRCLE
8
BLACK
10
1.01
20
1.355
40
0.0068897637795276
0
CIRCLE
8
BLACK
10
1.01
20
1.4550000000000001
40
0.0068897637795276
0
CIRCLE
8
BLACK
10
0.605
20
1.355
40
0.0068897637795276
0
CIRCLE
8
BLACK
10
0.605
20
1.4550000000000001
40
0.0068897637795276
0
CIRCLE
8
BLACK
10
0.8099999999999999
20
1.355
40
0.0068897637795276
0
CIRCLE
8
BLACK
10
0.8099999999999999
20
1.4550000000000001
40
0.0068897637795276
0
CIRCLE
8
BLACK
10
0.125
20
0.45
40
0.0068897637795276
0
CIRCLE
8
BLACK
10
0.125
20
0.5499999999999999
40
0.0068897637795276
0
CIRCLE
8
BLACK
10
0.91
20
0.2331496062992126
40
0.0068897637795276
0
CIRCLE
8
BLACK
10
0.91
20
0.43
40
0.0068897637795276
0
CIRCLE
8
BLACK
10
0.71
20
0.2331496062992126
40
0.0068897637795276
0
CIRCLE
8
BLACK
10
0.71
20
0.43
40
0.0068897637795276
0
CIRCLE
8
BLACK
10
0.2081496062992126
20
0.85
40
0.0068897637795276
0
CIRCLE
8
BLACK
10
0.405
20
0.85
40
0.0068897637795276
0
CIRCLE
8
BLACK
10
0.2081496062992126
20
1.0449999999999999
40
0.0068897637795276
0
CIRCLE
8
BLACK
10
0.405
20
1.0449999999999999
40
0.0068897637795276
0
CIRCLE
8
BLACK
10
1.7868503937007874
20
1.0449999999999999
40
0.0068897637795276
0
CIRCLE
8
BLACK
10
1.5899999999999999
20
1.0449999999999999
40
0.0068897637795276
0
CIRCLE
8
BLACK
10
1.7868503937007874
20
0.85
40
0.0068897637795276
0
CIRCLE
8
BLACK
10
1.5899999999999999
20
0.85
40
0.0068897637795276
0
CIRCLE
8
BLACK
10
0.515
20
0.2331496062992126
40
0.0068897637795276
0
CIRCLE
8
BLACK
10
0.515
20
0.43
40
0.0068897637795276
0
CIRCLE
8
BLACK
10
1.1099999999999999
20
0.2331496062992126
40
0.0068897637795276
0
CIRCLE
8
BLACK
10
1.1099999999999999
20
0.43
40
0.0068897637795276
0
CIRCLE
8
BLACK
10
1.3100000000000001
20
0.2331496062992126
40
0.0068897637795276
0
CIRCLE
8
BLACK
10
1.3100000000000001
20
0.43
40
0.0068897637795276
0
CIRCLE
8
BLACK
10
1.51
20
0.2331496062992126
40
0.0068897637795276
0
CIRCLE
8
BLACK
10
1.51
20
0.43
40
0.0068897637795276
0
CIRCLE
8
BLACK
10
0.9813779527559054
20
0.8909448818897637
40
0.0068897637795276
0
CIRCLE
8
BLACK
10
1.0286220472440946
20
0.8909448818897637
40
0.0068897637795276
0
CIRCLE
8
BLACK
10
0.9813779527559054
20
0.9303149606299213
40
0.0068897637795276
0
CIRCLE
8
BLACK
10
1.0286220472440946
20
0.9303149606299213
40
0.0068897637795276
0
CIRCLE
8
BLACK
10
0.9813779527559054
20
0.9696850393700788
40
0.0068897637795276
0
CIRCLE
8
BLACK
10
1.0286220472440946
20
0.9696850393700788
40
0.0068897637795276
0
CIRCLE
8
BLACK
10
0.9813779527559054
20
1.0090551181102363
40
0.0068897637795276
0
CIRCLE
8
BLACK
10
1.0286220472440946
20
1.0090551181102363
40
0.0068897637795276
0
CIRCLE
8
BLACK
10
1.6199999999999999
20
0.46
40
0.0078740157480315
0
CIRCLE
8
BLACK
10
0.44
20
0.5499999999999999
40
0.0078740157480315
0
CIRCLE
8
BLACK
10
1.6199999999999999
20
0.36
40
0.0078740157480315
0
CIRCLE
8
BLACK
10
0.54
20
0.5499999999999999
40
0.0078740157480315
0
CIRCLE
8
BLACK
10
0.67
20
0.5499999999999999
40
0.0078740157480315
0
CIRCLE
8
BLACK
10
1.48
20
1.3400000000000001
40
0.0078740157480315
0
CIRCLE
8
BLACK
10
0.95
20
1.1299999999999999
40
0.0078740157480315
0
CIRCLE
8
BLACK
10
0.36
20
1.3100000000000001
40
0.0078740157480315
0
CIRCLE
8
BLACK
10
0.765
20
0.5499999999999999
40
0.0078740157480315
0
CIRCLE
8
BLACK
10
0.41
20
0.39
40
0.0078740157480315
0
CIRCLE
8
BLACK
10
1.4099999999999999
20
0.5499999999999999
40
0.0078740157480315
0
CIRCLE
8
BLACK
10
1.3100000000000001
20
0.5499999999999999
40
0.0078740157480315
0
CIRCLE
8
BLACK
10
1.5
20
0.5499999999999999
40
0.0078740157480315
0
CIRCLE
8
BLACK
10
0.49
20
0.5499999999999999
40
0.0078740157480315
0
CIRCLE
8
BLACK
10
0.36
20
1.51
40
0.0078740157480315
0
CIRCLE
8
BLACK
10
0.41
20
0.44
40
0.0078740157480315
0
CIRCLE
8
BLACK
10
0.625
20
0.5499999212598425
40
0.0078740157480315
0
CIRCLE
8
BLACK
10
1.5899999999999999
20
0.5499999999999999
40
0.0078740157480315
0
CIRCLE
8
BLACK
10
0.9
20
1.1299999999999999
40
0.0078740157480315
0
CIRCLE
8
BLACK
10
1.1499999999999999
20
0.75
40
0.0078740157480315
0
CIRCLE
8
BLACK
10
0.46
20
1.51
40
0.0078740157480315
0
CIRCLE
8
BLACK
10
1.6199999999999999
20
0.41
40
0.0078740157480315
0
CIRCLE
8
BLACK
10
0.7497958267716536
20
0.954755
40
0.0078740157480315
0
CIRCLE
8
BLACK
10
0.39
20
0.5
40
0.0078740157480315
0
CIRCLE
8
BLACK
10
1.6299999999999999
20
0.51
40
0.0078740157480315
0
CIRCLE
8
BLACK
10
0.36
20
1.4099999999999999
40
0.0078740157480315
0
CIRCLE
8
BLACK
10
1.48
20
1.3799999999999999
40
0.0078740157480315
0
CIRCLE
8
BLACK
10
1.48
20
1.4199999999999999
40
0.0078740157480315
0
CIRCLE
8
BLACK
10
1.48
20
1.21
40
0.0078740157480315
0
CIRCLE
8
BLACK
10
1.3599999999999999
20
0.5499999999999999
40
0.0078740157480315
0
CIRCLE
8
BLACK
10
1.48
20
1.26
40
0.0078740157480315
0
CIRCLE
8
BLACK
10
1.1099999999999999
20
0.5499999999999999
40
0.0078740157480315
0
CIRCLE
8
BLACK
10
0.36
20
1.26
40
0.0078740157480315
0
CIRCLE
8
BLACK
10
1.48
20
1.3
40
0.0078740157480315
0
CIRCLE
8
BLACK
10
1.21
20
0.5499999999999999
40
0.0078740157480315
0
CIRCLE
8
BLACK
10
0.36
20
1.46
40
0.0078740157480315
0
CIRCLE
8
BLACK
10
1.46
20
0.5499999999999999
40
0.0078740157480315
0
CIRCLE
8
BLACK
10
0.58
20
0.5499997637795275
40
0.0078740157480315
0
CIRCLE
8
BLACK
10
1.26
20
0.5499999999999999
40
0.0078740157480315
0
CIRCLE
8
BLACK
10
1.54
20
0.5499999999999999
40
0.0078740157480315
0
CIRCLE
8
BLACK
10
0.41
20
1.51
40
0.0078740157480315
0
CIRCLE
8
BLACK
10
0.36
20
1.3599999999999999
40
0.0078740157480315
0
CIRCLE
8
BLACK
10
0.715
20
0.5499999999999999
40
0.0078740157480315
0
CIRCLE
8
BLACK
10
0.97
20
1.0800000000000001
40
0.0078740157480315
0
CIRCLE
8
BLACK
10
0.41
20
0.33
40
0.0078740157480315
0
CIRCLE
8
BLACK
10
0.9299999999999999
20
1.0800000000000001
40
0.0078740157480315
0
CIRCLE
8
BLACK
10
1.1599999999999999
20
0.5499999999999999
40
0.0078740157480315
0
CIRCLE
8
BLACK
10
0.735
20
0.98
40
0.0078740157480315
0
CIRCLE
8
BLACK
10
0.52
20
0.6749999999999999
40
0.0078740157480315
0
CIRCLE
8
BLACK
10
1.02
20
0.85
40
0.0078740157480315
0
CIRCLE
8
BLACK
10
0.98
20
0.8099999999999999
40
0.0078740157480315
0
CIRCLE
8
BLACK
10
1.01
20
0.6899999999999999
40
0.0078740157480315
0
CIRCLE
8
BLACK
10
1.9099999999999999
20
0.735
40
0.0078740157480315
0
CIRCLE
8
BLACK
10
0.35
20
1.1950000000000001
40
0.0078740157480315
0
CIRCLE
8
BLACK
10
0.98
20
0.85
40
0.0078740157480315
0
CIRCLE
8
BLACK
10
1.21
20
1.22
40
0.0078740157480315
0
CIRCLE
8
BLACK
10
1.3149999999999999
20
0.735
40
0.0078740157480315
0
CIRCLE
8
BLACK
10
1.2949999999999999
20
0.9306294094488189
40
0.0078740157480315
0
CIRCLE
8
BLACK
10
0.6899999999999999
20
0.97
40
0.0078740157480315
0
CIRCLE
8
BLACK
10
0.71
20
1.22
40
0.0078740157480315
0
CIRCLE
8
BLACK
10
0.91
20
1.22
40
0.0078740157480315
0
CIRCLE
8
BLACK
10
0.82
20
0.9950002362204724
40
0.0078740157480315
0
CIRCLE
8
BLACK
10
1.4099999999999999
20
1.22
40
0.0078740157480315
0
CIRCLE
8
BLACK
10
1.2582671259842519
20
1.0042048031496063
40
0.0078740157480315
0
CIRCLE
8
BLACK
10
1.1099999999999999
20
1.22
40
0.0078740157480315
0
CIRCLE
8
BLACK
10
1.2549999999999999
20
0.9149999212598425
40
0.0078740157480315
0
CIRCLE
8
BLACK
10
1.3100000000000001
20
1.22
40
0.0078740157480315
0
CIRCLE
8
BLACK
10
1.2849999999999999
20
0.975
40
0.0078740157480315
0
CIRCLE
8
BLACK
10
1.01
20
1.22
40
0.0078740157480315
0
CIRCLE
8
BLACK
10
1.212095590551181
20
0.8909448818897637
40
0.0078740157480315
0
CIRCLE
8
BLACK
10
0.65
20
0.95
40
0.0078740157480315
0
CIRCLE
8
BLACK
10
0.605
20
1.22
40
0.0078740157480315
0
CIRCLE
8
BLACK
10
0.775
20
0.985
40
0.0078740157480315
0
CIRCLE
8
BLACK
10
0.8049999999999999
20
1.2200002362204725
40
0.0078740157480315
  0
ENDSEC
  0
EOF
