  0
SECTION
  2
HEADER
  9
$ANGBASE
  50
0.0
  9
$ANGDIR
  70
1
  9
$MEASUREMENT
  70
0
  0
ENDSEC
  0
SECTION
  2
TABLES
  0
TABLE
  2
LTYPE
  70
4
  0
LTYPE
  5
40F
  2
CONTINUOUS
  70
0
  3
Solid line
  72
65
  73
0
  40
0.0
  0
LTYPE
  5
410
  2
DASHDOT
 70
0
  3
Dash Dot ____ _ ____ _
 72
65
 73
4
 40
2.0
 49
1.25
 49
-0.25
 49
0.25
 49
-0.25
  0
LTYPE
  5
411
  2
DASHED
 70
0
  3
Dashed __ __ __ __ __
 72
65
 73
2
 40
0.75
 49
0.5
 49
-0.25
  0
LTYPE
  5
43B
  2
DOTTED
 70
0
  3
Dotted .  .  .  .
 72
65
 73
2
 40
0.2
 49
0.0
 49
-0.2
  0
ENDTAB
  0
TABLE
  2
STYLE
  70
4
  0
STYLE
  2
KICAD
  70
0
  40
0
  41
1
  42
1
  50
0
  71
0
  3
isocp.shx
  0
STYLE
  2
KICADB
  70
0
  40
0
  41
1
  42
1
  50
0
  71
0
  3
isocp.shx
  0
STYLE
  2
KICADI
  70
0
  40
0
  41
1
  42
1
  50
15
  71
0
  3
isocp.shx
  0
STYLE
  2
KICADBI
  70
0
  40
0
  41
1
  42
1
  50
15
  71
0
  3
isocp.shx
  0
ENDTAB
  0
TABLE
  2
LAYER
  70
1
  0
LAYER
  2
BLACK
  70
0
  62
7
  6
CONTINUOUS
  0
ENDTAB
  0
ENDSEC
  0
SECTION
  2
ENTITIES
0
LINE
8
BLACK
6
CONTINUOUS
10
1.5044773228346455
20
0.1388154724409449
11
1.5046718503937007
21
0.1388544094488189
0
LINE
8
BLACK
6
CONTINUOUS
10
1.5046718503937007
20
0.1388544094488189
11
1.5059662598425196
21
0.1384165354330709
0
LINE
8
BLACK
6
CONTINUOUS
10
1.5059662598425196
20
0.1384165354330709
11
1.5072857086614173
21
0.1380629921259842
0
LINE
8
BLACK
6
CONTINUOUS
10
1.5072857086614173
20
0.1380629921259842
11
1.5074259055118109
21
0.1379227559055118
0
LINE
8
BLACK
6
CONTINUOUS
10
1.5074259055118109
20
0.1379227559055118
11
1.507613937007874
21
0.1378591732283465
0
LINE
8
BLACK
6
CONTINUOUS
10
1.507613937007874
20
0.1378591732283465
11
1.5085159842519684
21
0.1368326771653543
0
LINE
8
BLACK
6
CONTINUOUS
10
1.5085159842519684
20
0.1368326771653543
11
1.5094818503937009
21
0.1358668503937008
0
LINE
8
BLACK
6
CONTINUOUS
10
1.5094818503937009
20
0.1358668503937008
11
1.5095331889763779
21
0.1356751968503937
0
LINE
8
BLACK
6
CONTINUOUS
10
1.5095331889763779
20
0.1356751968503937
11
1.5096641732283465
21
0.1355261811023622
0
LINE
8
BLACK
6
CONTINUOUS
10
1.5096641732283465
20
0.1355261811023622
11
1.5099320866141732
21
0.1341864173228347
0
LINE
8
BLACK
6
CONTINUOUS
10
1.5099320866141732
20
0.1341864173228347
11
1.5102857086614172
21
0.1328668503937008
0
LINE
8
BLACK
6
CONTINUOUS
10
1.5102857086614172
20
0.1328668503937008
11
1.5102857086614172
21
0.0788668503937008
0
LINE
8
BLACK
6
CONTINUOUS
10
1.5102857086614172
20
0.0788668503937008
11
1.5214285433070867
21
0.0788668503937008
0
LINE
8
BLACK
6
CONTINUOUS
10
1.5214285433070867
20
0.0788668503937008
11
1.5244285433070865
21
0.0780629921259842
0
LINE
8
BLACK
6
CONTINUOUS
10
1.5244285433070865
20
0.0780629921259842
11
1.5266246850393701
21
0.0758668503937008
0
LINE
8
BLACK
6
CONTINUOUS
10
1.5266246850393701
20
0.0758668503937008
11
1.5274285433070867
21
0.0728668503937008
0
LINE
8
BLACK
6
CONTINUOUS
10
1.5274285433070867
20
0.0728668503937008
11
1.5266246850393701
21
0.0698668503937008
0
LINE
8
BLACK
6
CONTINUOUS
10
1.5266246850393701
20
0.0698668503937008
11
1.5244285433070865
21
0.0676707086614173
0
LINE
8
BLACK
6
CONTINUOUS
10
1.5244285433070865
20
0.0676707086614173
11
1.5214285433070867
21
0.0668668503937008
0
LINE
8
BLACK
6
CONTINUOUS
10
1.5214285433070867
20
0.0668668503937008
11
1.5042857086614172
21
0.0668668503937008
0
LINE
8
BLACK
6
CONTINUOUS
10
1.5042857086614172
20
0.0668668503937008
11
1.4871428346456692
21
0.0668668503937008
0
LINE
8
BLACK
6
CONTINUOUS
10
1.4871428346456692
20
0.0668668503937008
11
1.4841428346456693
21
0.0676707086614173
0
LINE
8
BLACK
6
CONTINUOUS
10
1.4841428346456693
20
0.0676707086614173
11
1.4819466929133858
21
0.0698668503937008
0
LINE
8
BLACK
6
CONTINUOUS
10
1.4819466929133858
20
0.0698668503937008
11
1.4811428346456692
21
0.0728668503937008
0
LINE
8
BLACK
6
CONTINUOUS
10
1.4811428346456692
20
0.0728668503937008
11
1.4819466929133858
21
0.0758668503937008
0
LINE
8
BLACK
6
CONTINUOUS
10
1.4819466929133858
20
0.0758668503937008
11
1.4841428346456693
21
0.0780629921259842
0
LINE
8
BLACK
6
CONTINUOUS
10
1.4841428346456693
20
0.0780629921259842
11
1.4871428346456692
21
0.0788668503937008
0
LINE
8
BLACK
6
CONTINUOUS
10
1.4871428346456692
20
0.0788668503937008
11
1.4982857086614172
21
0.0788668503937008
0
LINE
8
BLACK
6
CONTINUOUS
10
1.4982857086614172
20
0.0788668503937008
11
1.4982857086614172
21
0.1155244488188976
0
LINE
8
BLACK
6
CONTINUOUS
10
1.4982857086614172
20
0.1155244488188976
11
1.4970997637795276
21
0.1143385039370079
0
LINE
8
BLACK
6
CONTINUOUS
10
1.4970997637795276
20
0.1143385039370079
11
1.496263188976378
21
0.1138555118110236
0
LINE
8
BLACK
6
CONTINUOUS
10
1.496263188976378
20
0.1138555118110236
11
1.4955403937007874
21
0.1132145669291339
0
LINE
8
BLACK
6
CONTINUOUS
10
1.4955403937007874
20
0.1132145669291339
11
1.4898261023622046
21
0.1103574409448819
0
LINE
8
BLACK
6
CONTINUOUS
10
1.4898261023622046
20
0.1103574409448819
11
1.4867833070866141
21
0.1097348031496063
0
LINE
8
BLACK
6
CONTINUOUS
10
1.4867833070866141
20
0.1097348031496063
11
1.4838368897637795
21
0.110716968503937
0
LINE
8
BLACK
6
CONTINUOUS
10
1.4838368897637795
20
0.110716968503937
11
1.4817762598425197
21
0.1130407480314961
0
LINE
8
BLACK
6
CONTINUOUS
10
1.4817762598425197
20
0.1130407480314961
11
1.4811536220472441
21
0.1160835433070866
0
LINE
8
BLACK
6
CONTINUOUS
10
1.4811536220472441
20
0.1160835433070866
11
1.4821357874015748
21
0.1190299606299213
0
LINE
8
BLACK
6
CONTINUOUS
10
1.4821357874015748
20
0.1190299606299213
11
1.4844595669291338
21
0.1210905905511811
0
LINE
8
BLACK
6
CONTINUOUS
10
1.4844595669291338
20
0.1210905905511811
11
1.4893029921259842
21
0.1235122834645669
0
LINE
8
BLACK
6
CONTINUOUS
10
1.4893029921259842
20
0.1235122834645669
11
1.4939087007874015
21
0.1281179921259842
0
LINE
8
BLACK
6
CONTINUOUS
10
1.4939087007874015
20
0.1281179921259842
11
1.4992934251968504
21
0.1361950787401575
0
LINE
8
BLACK
6
CONTINUOUS
10
1.4992934251968504
20
0.1361950787401575
11
1.5003196850393701
21
0.137096968503937
0
LINE
8
BLACK
6
CONTINUOUS
10
1.5003196850393701
20
0.137096968503937
11
1.5012857086614173
21
0.1380629921259842
0
LINE
8
BLACK
6
CONTINUOUS
10
1.5012857086614173
20
0.1380629921259842
11
1.5014773228346456
21
0.1381143307086614
0
LINE
8
BLACK
6
CONTINUOUS
10
1.5014773228346456
20
0.1381143307086614
11
1.5016263779527559
21
0.1382453149606299
0
LINE
8
BLACK
6
CONTINUOUS
10
1.5016263779527559
20
0.1382453149606299
11
1.5029661023622047
21
0.1385132283464567
0
LINE
8
BLACK
6
CONTINUOUS
10
1.5029661023622047
20
0.1385132283464567
11
1.5042857086614172
21
0.1388668503937008
0
LINE
8
BLACK
6
CONTINUOUS
10
1.5042857086614172
20
0.1388668503937008
11
1.5044773228346455
21
0.1388154724409449
0
LINE
8
BLACK
6
CONTINUOUS
10
1.5684749606299213
20
0.1385098818897638
11
1.5698261417322834
21
0.1382334251968504
0
LINE
8
BLACK
6
CONTINUOUS
10
1.5698261417322834
20
0.1382334251968504
11
1.575540433070866
21
0.1353762992125984
0
LINE
8
BLACK
6
CONTINUOUS
10
1.575540433070866
20
0.1353762992125984
11
1.5762632283464566
21
0.1347353149606299
0
LINE
8
BLACK
6
CONTINUOUS
10
1.5762632283464566
20
0.1347353149606299
11
1.5770998425196849
21
0.1342523228346457
0
LINE
8
BLACK
6
CONTINUOUS
10
1.5770998425196849
20
0.1342523228346457
11
1.579956968503937
21
0.131395157480315
0
LINE
8
BLACK
6
CONTINUOUS
10
1.579956968503937
20
0.131395157480315
11
1.5804399212598426
21
0.1305585826771654
0
LINE
8
BLACK
6
CONTINUOUS
10
1.5804399212598426
20
0.1305585826771654
11
1.5810808661417322
21
0.1298358267716535
0
LINE
8
BLACK
6
CONTINUOUS
10
1.5810808661417322
20
0.1298358267716535
11
1.5839379921259842
21
0.1241215354330709
0
LINE
8
BLACK
6
CONTINUOUS
10
1.5839379921259842
20
0.1241215354330709
11
1.5842144488188976
21
0.1227703543307087
0
LINE
8
BLACK
6
CONTINUOUS
10
1.5842144488188976
20
0.1227703543307087
11
1.5845714173228347
21
0.1214382677165354
0
LINE
8
BLACK
6
CONTINUOUS
10
1.5845714173228347
20
0.1214382677165354
11
1.5845714173228347
21
0.0985811417322835
0
LINE
8
BLACK
6
CONTINUOUS
10
1.5845714173228347
20
0.0985811417322835
11
1.5843798031496064
21
0.0978661023622047
0
LINE
8
BLACK
6
CONTINUOUS
10
1.5843798031496064
20
0.0978661023622047
11
1.584392283464567
21
0.0971259448818898
0
LINE
8
BLACK
6
CONTINUOUS
10
1.584392283464567
20
0.0971259448818898
11
1.5815351574803149
21
0.0856973622047244
0
LINE
8
BLACK
6
CONTINUOUS
10
1.5815351574803149
20
0.0856973622047244
11
1.5810360236220473
21
0.0847982677165354
0
LINE
8
BLACK
6
CONTINUOUS
10
1.5810360236220473
20
0.0847982677165354
11
1.5807065748031495
21
0.0838243700787402
0
LINE
8
BLACK
6
CONTINUOUS
10
1.5807065748031495
20
0.0838243700787402
11
1.5749922834645669
21
0.0752529527559055
0
LINE
8
BLACK
6
CONTINUOUS
10
1.5749922834645669
20
0.0752529527559055
11
1.5745422440944881
21
0.0748574409448819
0
LINE
8
BLACK
6
CONTINUOUS
10
1.5745422440944881
20
0.0748574409448819
11
1.5742426377952756
21
0.0743385039370079
0
LINE
8
BLACK
6
CONTINUOUS
10
1.5742426377952756
20
0.0743385039370079
11
1.5713855118110236
21
0.0714813779527559
0
LINE
8
BLACK
6
CONTINUOUS
10
1.5713855118110236
20
0.0714813779527559
11
1.5705489763779528
21
0.0709983858267716
0
LINE
8
BLACK
6
CONTINUOUS
10
1.5705489763779528
20
0.0709983858267716
11
1.5698261811023622
21
0.0703574409448819
0
LINE
8
BLACK
6
CONTINUOUS
10
1.5698261811023622
20
0.0703574409448819
11
1.5641118897637796
21
0.0675002755905512
0
LINE
8
BLACK
6
CONTINUOUS
10
1.5641118897637796
20
0.0675002755905512
11
1.5627605511811022
21
0.0672237401574803
0
LINE
8
BLACK
6
CONTINUOUS
10
1.5627605511811022
20
0.0672237401574803
11
1.5614285826771652
21
0.0668668503937008
0
LINE
8
BLACK
6
CONTINUOUS
10
1.5614285826771652
20
0.0668668503937008
11
1.55
21
0.0668668503937008
0
LINE
8
BLACK
6
CONTINUOUS
10
1.55
20
0.0668668503937008
11
1.5469999999999999
21
0.0676707086614173
0
LINE
8
BLACK
6
CONTINUOUS
10
1.5469999999999999
20
0.0676707086614173
11
1.5448038582677166
21
0.0698668503937008
0
LINE
8
BLACK
6
CONTINUOUS
10
1.5448038582677166
20
0.0698668503937008
11
1.544
21
0.0728668503937008
0
LINE
8
BLACK
6
CONTINUOUS
10
1.544
20
0.0728668503937008
11
1.5448038582677166
21
0.0758668503937008
0
LINE
8
BLACK
6
CONTINUOUS
10
1.5448038582677166
20
0.0758668503937008
11
1.5469999999999999
21
0.0780629921259842
0
LINE
8
BLACK
6
CONTINUOUS
10
1.5469999999999999
20
0.0780629921259842
11
1.55
21
0.0788668503937008
0
LINE
8
BLACK
6
CONTINUOUS
10
1.55
20
0.0788668503937008
11
1.5600121259842519
21
0.0788668503937008
0
LINE
8
BLACK
6
CONTINUOUS
10
1.5600121259842519
20
0.0788668503937008
11
1.5635887401574802
21
0.080655157480315
0
LINE
8
BLACK
6
CONTINUOUS
10
1.5635887401574802
20
0.080655157480315
11
1.5653372834645669
21
0.0824037007874016
0
LINE
8
BLACK
6
CONTINUOUS
10
1.5653372834645669
20
0.0824037007874016
11
1.5701454724409449
21
0.0896159842519685
0
LINE
8
BLACK
6
CONTINUOUS
10
1.5701454724409449
20
0.0896159842519685
11
1.5704029133858268
21
0.0906458267716535
0
LINE
8
BLACK
6
CONTINUOUS
10
1.5704029133858268
20
0.0906458267716535
11
1.5698261417322834
21
0.0903574409448819
0
LINE
8
BLACK
6
CONTINUOUS
10
1.5698261417322834
20
0.0903574409448819
11
1.5684749606299213
21
0.0900809448818898
0
LINE
8
BLACK
6
CONTINUOUS
10
1.5684749606299213
20
0.0900809448818898
11
1.567142874015748
21
0.0897240157480315
0
LINE
8
BLACK
6
CONTINUOUS
10
1.567142874015748
20
0.0897240157480315
11
1.5557142913385826
21
0.0897240157480315
0
LINE
8
BLACK
6
CONTINUOUS
10
1.5557142913385826
20
0.0897240157480315
11
1.5543821653543306
21
0.0900809448818898
0
LINE
8
BLACK
6
CONTINUOUS
10
1.5543821653543306
20
0.0900809448818898
11
1.5530310236220473
21
0.0903574409448819
0
LINE
8
BLACK
6
CONTINUOUS
10
1.5530310236220473
20
0.0903574409448819
11
1.5473167322834644
21
0.0932145669291339
0
LINE
8
BLACK
6
CONTINUOUS
10
1.5473167322834644
20
0.0932145669291339
11
1.5465939370078741
21
0.0938554724409449
0
LINE
8
BLACK
6
CONTINUOUS
10
1.5465939370078741
20
0.0938554724409449
11
1.5457573622047245
21
0.0943385039370079
0
LINE
8
BLACK
6
CONTINUOUS
10
1.5457573622047245
20
0.0943385039370079
11
1.5429002362204725
21
0.0971956299212598
0
LINE
8
BLACK
6
CONTINUOUS
10
1.5429002362204725
20
0.0971956299212598
11
1.5424172440944881
21
0.098032125984252
0
LINE
8
BLACK
6
CONTINUOUS
10
1.5424172440944881
20
0.098032125984252
11
1.5417762992125983
21
0.0987549606299213
0
LINE
8
BLACK
6
CONTINUOUS
10
1.5417762992125983
20
0.0987549606299213
11
1.5389191338582677
21
0.1044692519685039
0
LINE
8
BLACK
6
CONTINUOUS
10
1.5389191338582677
20
0.1044692519685039
11
1.5386425984251968
21
0.1058205511811024
0
LINE
8
BLACK
6
CONTINUOUS
10
1.5386425984251968
20
0.1058205511811024
11
1.5382857086614172
21
0.1071525590551181
0
LINE
8
BLACK
6
CONTINUOUS
10
1.5382857086614172
20
0.1071525590551181
11
1.5382857086614172
21
0.1214382677165354
0
LINE
8
BLACK
6
CONTINUOUS
10
1.5382857086614172
20
0.1214382677165354
11
1.5386425984251968
21
0.1227702362204724
0
LINE
8
BLACK
6
CONTINUOUS
10
1.5386425984251968
20
0.1227702362204724
11
1.5389191338582677
21
0.1241215748031496
0
LINE
8
BLACK
6
CONTINUOUS
10
1.5389191338582677
20
0.1241215748031496
11
1.5417762992125983
21
0.1298358661417323
0
LINE
8
BLACK
6
CONTINUOUS
10
1.5417762992125983
20
0.1298358661417323
11
1.5424172440944881
21
0.1305586614173228
0
LINE
8
BLACK
6
CONTINUOUS
10
1.5424172440944881
20
0.1305586614173228
11
1.5429001968503937
21
0.131395157480315
0
LINE
8
BLACK
6
CONTINUOUS
10
1.5429001968503937
20
0.131395157480315
11
1.5457573228346457
21
0.1342523622047244
0
LINE
8
BLACK
6
CONTINUOUS
10
1.5457573228346457
20
0.1342523622047244
11
1.5465940157480316
21
0.1347353937007874
0
LINE
8
BLACK
6
CONTINUOUS
10
1.5465940157480316
20
0.1347353937007874
11
1.5473167322834644
21
0.1353762992125984
0
LINE
8
BLACK
6
CONTINUOUS
10
1.5473167322834644
20
0.1353762992125984
11
1.5530310236220473
21
0.1382334251968504
0
LINE
8
BLACK
6
CONTINUOUS
10
1.5530310236220473
20
0.1382334251968504
11
1.5543821653543306
21
0.1385098818897638
0
LINE
8
BLACK
6
CONTINUOUS
10
1.5543821653543306
20
0.1385098818897638
11
1.5557142913385826
21
0.1388668503937008
0
LINE
8
BLACK
6
CONTINUOUS
10
1.5557142913385826
20
0.1388668503937008
11
1.567142874015748
21
0.1388668503937008
0
LINE
8
BLACK
6
CONTINUOUS
10
1.567142874015748
20
0.1388668503937008
11
1.5684749606299213
21
0.1385098818897638
0
LINE
8
BLACK
6
CONTINUOUS
10
1.5535541338582677
20
0.1250785826771653
11
1.5520740551181103
21
0.1235984645669291
0
LINE
8
BLACK
6
CONTINUOUS
10
1.5520740551181103
20
0.1235984645669291
11
1.5502857086614172
21
0.1200217716535433
0
LINE
8
BLACK
6
CONTINUOUS
10
1.5502857086614172
20
0.1200217716535433
11
1.5502857086614172
21
0.1085690157480315
0
LINE
8
BLACK
6
CONTINUOUS
10
1.5502857086614172
20
0.1085690157480315
11
1.5520740157480315
21
0.1049923622047244
0
LINE
8
BLACK
6
CONTINUOUS
10
1.5520740157480315
20
0.1049923622047244
11
1.5535540944881889
21
0.1035122834645669
0
LINE
8
BLACK
6
CONTINUOUS
10
1.5535540944881889
20
0.1035122834645669
11
1.5571307086614172
21
0.1017240157480315
0
LINE
8
BLACK
6
CONTINUOUS
10
1.5571307086614172
20
0.1017240157480315
11
1.5657264566929134
21
0.1017240157480315
0
LINE
8
BLACK
6
CONTINUOUS
10
1.5657264566929134
20
0.1017240157480315
11
1.569303031496063
21
0.1035122834645669
0
LINE
8
BLACK
6
CONTINUOUS
10
1.569303031496063
20
0.1035122834645669
11
1.5707831102362204
21
0.1049923622047244
0
LINE
8
BLACK
6
CONTINUOUS
10
1.5707831102362204
20
0.1049923622047244
11
1.5725714173228347
21
0.108568937007874
0
LINE
8
BLACK
6
CONTINUOUS
10
1.5725714173228347
20
0.108568937007874
11
1.5725714173228347
21
0.1200218503937008
0
LINE
8
BLACK
6
CONTINUOUS
10
1.5725714173228347
20
0.1200218503937008
11
1.5707831496062992
21
0.1235983858267717
0
LINE
8
BLACK
6
CONTINUOUS
10
1.5707831496062992
20
0.1235983858267717
11
1.5693029921259842
21
0.1250785826771653
0
LINE
8
BLACK
6
CONTINUOUS
10
1.5693029921259842
20
0.1250785826771653
11
1.5657264566929134
21
0.1268668503937008
0
LINE
8
BLACK
6
CONTINUOUS
10
1.5657264566929134
20
0.1268668503937008
11
1.5571307086614172
21
0.1268668503937008
0
LINE
8
BLACK
6
CONTINUOUS
10
1.5571307086614172
20
0.1268668503937008
11
1.5535541338582677
21
0.1250785826771653
0
LINE
8
BLACK
6
CONTINUOUS
10
1.585
20
0.1581496062992126
11
1.4350000000000001
21
0.1581496062992126
0
LINE
8
BLACK
6
CONTINUOUS
10
1.4350000000000001
20
0.1581496062992126
11
1.4350000000000001
21
0.3081496062992126
0
LINE
8
BLACK
6
CONTINUOUS
10
1.4350000000000001
20
0.3081496062992126
11
1.585
21
0.3081496062992126
0
LINE
8
BLACK
6
CONTINUOUS
10
1.585
20
0.3081496062992126
11
1.585
21
0.1581496062992126
0
LINE
8
BLACK
6
CONTINUOUS
10
1.3044773228346456
20
0.1388154724409449
11
1.3046718503937007
21
0.1388544094488189
0
LINE
8
BLACK
6
CONTINUOUS
10
1.3046718503937007
20
0.1388544094488189
11
1.3059662598425197
21
0.1384165354330709
0
LINE
8
BLACK
6
CONTINUOUS
10
1.3059662598425197
20
0.1384165354330709
11
1.3072857086614174
21
0.1380629921259842
0
LINE
8
BLACK
6
CONTINUOUS
10
1.3072857086614174
20
0.1380629921259842
11
1.3074259055118109
21
0.1379227559055118
0
LINE
8
BLACK
6
CONTINUOUS
10
1.3074259055118109
20
0.1379227559055118
11
1.3076139370078741
21
0.1378591732283465
0
LINE
8
BLACK
6
CONTINUOUS
10
1.3076139370078741
20
0.1378591732283465
11
1.3085159842519685
21
0.1368326771653543
0
LINE
8
BLACK
6
CONTINUOUS
10
1.3085159842519685
20
0.1368326771653543
11
1.3094818503937007
21
0.1358668503937008
0
LINE
8
BLACK
6
CONTINUOUS
10
1.3094818503937007
20
0.1358668503937008
11
1.3095331889763779
21
0.1356751968503937
0
LINE
8
BLACK
6
CONTINUOUS
10
1.3095331889763779
20
0.1356751968503937
11
1.3096641732283465
21
0.1355261811023622
0
LINE
8
BLACK
6
CONTINUOUS
10
1.3096641732283465
20
0.1355261811023622
11
1.3099320866141733
21
0.1341864173228347
0
LINE
8
BLACK
6
CONTINUOUS
10
1.3099320866141733
20
0.1341864173228347
11
1.3102857086614172
21
0.1328668503937008
0
LINE
8
BLACK
6
CONTINUOUS
10
1.3102857086614172
20
0.1328668503937008
11
1.3102857086614172
21
0.0788668503937008
0
LINE
8
BLACK
6
CONTINUOUS
10
1.3102857086614172
20
0.0788668503937008
11
1.3214285433070865
21
0.0788668503937008
0
LINE
8
BLACK
6
CONTINUOUS
10
1.3214285433070865
20
0.0788668503937008
11
1.3244285433070866
21
0.0780629921259842
0
LINE
8
BLACK
6
CONTINUOUS
10
1.3244285433070866
20
0.0780629921259842
11
1.3266246850393701
21
0.0758668503937008
0
LINE
8
BLACK
6
CONTINUOUS
10
1.3266246850393701
20
0.0758668503937008
11
1.3274285433070865
21
0.0728668503937008
0
LINE
8
BLACK
6
CONTINUOUS
10
1.3274285433070865
20
0.0728668503937008
11
1.3266246850393701
21
0.0698668503937008
0
LINE
8
BLACK
6
CONTINUOUS
10
1.3266246850393701
20
0.0698668503937008
11
1.3244285433070866
21
0.0676707086614173
0
LINE
8
BLACK
6
CONTINUOUS
10
1.3244285433070866
20
0.0676707086614173
11
1.3214285433070865
21
0.0668668503937008
0
LINE
8
BLACK
6
CONTINUOUS
10
1.3214285433070865
20
0.0668668503937008
11
1.3042857086614172
21
0.0668668503937008
0
LINE
8
BLACK
6
CONTINUOUS
10
1.3042857086614172
20
0.0668668503937008
11
1.2871428346456693
21
0.0668668503937008
0
LINE
8
BLACK
6
CONTINUOUS
10
1.2871428346456693
20
0.0668668503937008
11
1.2841428346456694
21
0.0676707086614173
0
LINE
8
BLACK
6
CONTINUOUS
10
1.2841428346456694
20
0.0676707086614173
11
1.2819466929133858
21
0.0698668503937008
0
LINE
8
BLACK
6
CONTINUOUS
10
1.2819466929133858
20
0.0698668503937008
11
1.2811428346456692
21
0.0728668503937008
0
LINE
8
BLACK
6
CONTINUOUS
10
1.2811428346456692
20
0.0728668503937008
11
1.2819466929133858
21
0.0758668503937008
0
LINE
8
BLACK
6
CONTINUOUS
10
1.2819466929133858
20
0.0758668503937008
11
1.2841428346456694
21
0.0780629921259842
0
LINE
8
BLACK
6
CONTINUOUS
10
1.2841428346456694
20
0.0780629921259842
11
1.2871428346456693
21
0.0788668503937008
0
LINE
8
BLACK
6
CONTINUOUS
10
1.2871428346456693
20
0.0788668503937008
11
1.2982857086614172
21
0.0788668503937008
0
LINE
8
BLACK
6
CONTINUOUS
10
1.2982857086614172
20
0.0788668503937008
11
1.2982857086614172
21
0.1155244488188976
0
LINE
8
BLACK
6
CONTINUOUS
10
1.2982857086614172
20
0.1155244488188976
11
1.2970997637795276
21
0.1143385039370079
0
LINE
8
BLACK
6
CONTINUOUS
10
1.2970997637795276
20
0.1143385039370079
11
1.2962631889763778
21
0.1138555118110236
0
LINE
8
BLACK
6
CONTINUOUS
10
1.2962631889763778
20
0.1138555118110236
11
1.2955403937007874
21
0.1132145669291339
0
LINE
8
BLACK
6
CONTINUOUS
10
1.2955403937007874
20
0.1132145669291339
11
1.2898261023622046
21
0.1103574409448819
0
LINE
8
BLACK
6
CONTINUOUS
10
1.2898261023622046
20
0.1103574409448819
11
1.2867833070866141
21
0.1097348031496063
0
LINE
8
BLACK
6
CONTINUOUS
10
1.2867833070866141
20
0.1097348031496063
11
1.2838368897637795
21
0.110716968503937
0
LINE
8
BLACK
6
CONTINUOUS
10
1.2838368897637795
20
0.110716968503937
11
1.2817762598425197
21
0.1130407480314961
0
LINE
8
BLACK
6
CONTINUOUS
10
1.2817762598425197
20
0.1130407480314961
11
1.2811536220472441
21
0.1160835433070866
0
LINE
8
BLACK
6
CONTINUOUS
10
1.2811536220472441
20
0.1160835433070866
11
1.2821357874015749
21
0.1190299606299213
0
LINE
8
BLACK
6
CONTINUOUS
10
1.2821357874015749
20
0.1190299606299213
11
1.2844595669291339
21
0.1210905905511811
0
LINE
8
BLACK
6
CONTINUOUS
10
1.2844595669291339
20
0.1210905905511811
11
1.2893029921259842
21
0.1235122834645669
0
LINE
8
BLACK
6
CONTINUOUS
10
1.2893029921259842
20
0.1235122834645669
11
1.2939087007874015
21
0.1281179921259842
0
LINE
8
BLACK
6
CONTINUOUS
10
1.2939087007874015
20
0.1281179921259842
11
1.2992934251968504
21
0.1361950787401575
0
LINE
8
BLACK
6
CONTINUOUS
10
1.2992934251968504
20
0.1361950787401575
11
1.3003196850393701
21
0.137096968503937
0
LINE
8
BLACK
6
CONTINUOUS
10
1.3003196850393701
20
0.137096968503937
11
1.3012857086614174
21
0.1380629921259842
0
LINE
8
BLACK
6
CONTINUOUS
10
1.3012857086614174
20
0.1380629921259842
11
1.3014773228346457
21
0.1381143307086614
0
LINE
8
BLACK
6
CONTINUOUS
10
1.3014773228346457
20
0.1381143307086614
11
1.3016263779527559
21
0.1382453149606299
0
LINE
8
BLACK
6
CONTINUOUS
10
1.3016263779527559
20
0.1382453149606299
11
1.3029661023622048
21
0.1385132283464567
0
LINE
8
BLACK
6
CONTINUOUS
10
1.3029661023622048
20
0.1385132283464567
11
1.3042857086614172
21
0.1388668503937008
0
LINE
8
BLACK
6
CONTINUOUS
10
1.3042857086614172
20
0.1388668503937008
11
1.3044773228346456
21
0.1388154724409449
0
LINE
8
BLACK
6
CONTINUOUS
10
1.3684749606299211
20
0.1385098818897638
11
1.3698261417322835
21
0.1382334251968504
0
LINE
8
BLACK
6
CONTINUOUS
10
1.3698261417322835
20
0.1382334251968504
11
1.375540433070866
21
0.1353762992125984
0
LINE
8
BLACK
6
CONTINUOUS
10
1.375540433070866
20
0.1353762992125984
11
1.3762632283464566
21
0.1347353149606299
0
LINE
8
BLACK
6
CONTINUOUS
10
1.3762632283464566
20
0.1347353149606299
11
1.377099842519685
21
0.1342523228346457
0
LINE
8
BLACK
6
CONTINUOUS
10
1.377099842519685
20
0.1342523228346457
11
1.379956968503937
21
0.131395157480315
0
LINE
8
BLACK
6
CONTINUOUS
10
1.379956968503937
20
0.131395157480315
11
1.3804399212598424
21
0.1305585826771654
0
LINE
8
BLACK
6
CONTINUOUS
10
1.3804399212598424
20
0.1305585826771654
11
1.3810808661417322
21
0.1298358267716535
0
LINE
8
BLACK
6
CONTINUOUS
10
1.3810808661417322
20
0.1298358267716535
11
1.3839379921259842
21
0.1241215354330709
0
LINE
8
BLACK
6
CONTINUOUS
10
1.3839379921259842
20
0.1241215354330709
11
1.3842144488188977
21
0.1227703543307087
0
LINE
8
BLACK
6
CONTINUOUS
10
1.3842144488188977
20
0.1227703543307087
11
1.3845714173228345
21
0.1214382677165354
0
LINE
8
BLACK
6
CONTINUOUS
10
1.3845714173228345
20
0.1214382677165354
11
1.3845714173228345
21
0.1185811417322835
0
LINE
8
BLACK
6
CONTINUOUS
10
1.3845714173228345
20
0.1185811417322835
11
1.3842144488188977
21
0.1172490157480315
0
LINE
8
BLACK
6
CONTINUOUS
10
1.3842144488188977
20
0.1172490157480315
11
1.3839379921259842
21
0.115897874015748
0
LINE
8
BLACK
6
CONTINUOUS
10
1.3839379921259842
20
0.115897874015748
11
1.3810808661417322
21
0.1101835826771654
0
LINE
8
BLACK
6
CONTINUOUS
10
1.3810808661417322
20
0.1101835826771654
11
1.3804399212598424
21
0.1094607874015748
0
LINE
8
BLACK
6
CONTINUOUS
10
1.3804399212598424
20
0.1094607874015748
11
1.3799569291338583
21
0.1086242125984252
0
LINE
8
BLACK
6
CONTINUOUS
10
1.3799569291338583
20
0.1086242125984252
11
1.3784852755905512
21
0.1071525590551181
0
LINE
8
BLACK
6
CONTINUOUS
10
1.3784852755905512
20
0.1071525590551181
11
1.379956968503937
21
0.1056808661417323
0
LINE
8
BLACK
6
CONTINUOUS
10
1.379956968503937
20
0.1056808661417323
11
1.3804399212598424
21
0.1048442913385827
0
LINE
8
BLACK
6
CONTINUOUS
10
1.3804399212598424
20
0.1048442913385827
11
1.3810808661417322
21
0.1041215354330709
0
LINE
8
BLACK
6
CONTINUOUS
10
1.3810808661417322
20
0.1041215354330709
11
1.3839379921259842
21
0.0984072834645669
0
LINE
8
BLACK
6
CONTINUOUS
10
1.3839379921259842
20
0.0984072834645669
11
1.3842144881889764
21
0.0970560236220472
0
LINE
8
BLACK
6
CONTINUOUS
10
1.3842144881889764
20
0.0970560236220472
11
1.3845714173228345
21
0.0957240157480315
0
LINE
8
BLACK
6
CONTINUOUS
10
1.3845714173228345
20
0.0957240157480315
11
1.3845714173228345
21
0.0842954330708661
0
LINE
8
BLACK
6
CONTINUOUS
10
1.3845714173228345
20
0.0842954330708661
11
1.3842144488188977
21
0.0829633070866142
0
LINE
8
BLACK
6
CONTINUOUS
10
1.3842144488188977
20
0.0829633070866142
11
1.3839379921259842
21
0.0816121653543307
0
LINE
8
BLACK
6
CONTINUOUS
10
1.3839379921259842
20
0.0816121653543307
11
1.3810808661417322
21
0.075897874015748
0
LINE
8
BLACK
6
CONTINUOUS
10
1.3810808661417322
20
0.075897874015748
11
1.3804399212598424
21
0.0751750787401575
0
LINE
8
BLACK
6
CONTINUOUS
10
1.3804399212598424
20
0.0751750787401575
11
1.3799569291338583
21
0.0743385039370079
0
LINE
8
BLACK
6
CONTINUOUS
10
1.3799569291338583
20
0.0743385039370079
11
1.3770998031496062
21
0.0714813779527559
0
LINE
8
BLACK
6
CONTINUOUS
10
1.3770998031496062
20
0.0714813779527559
11
1.3762632677165354
21
0.0709983858267716
0
LINE
8
BLACK
6
CONTINUOUS
10
1.3762632677165354
20
0.0709983858267716
11
1.3755404724409448
21
0.0703574409448819
0
LINE
8
BLACK
6
CONTINUOUS
10
1.3755404724409448
20
0.0703574409448819
11
1.3698261811023622
21
0.0675002755905512
0
LINE
8
BLACK
6
CONTINUOUS
10
1.3698261811023622
20
0.0675002755905512
11
1.3684748425196851
21
0.0672237401574803
0
LINE
8
BLACK
6
CONTINUOUS
10
1.3684748425196851
20
0.0672237401574803
11
1.3671428740157481
21
0.0668668503937008
0
LINE
8
BLACK
6
CONTINUOUS
10
1.3671428740157481
20
0.0668668503937008
11
1.3557142913385827
21
0.0668668503937008
0
LINE
8
BLACK
6
CONTINUOUS
10
1.3557142913385827
20
0.0668668503937008
11
1.3543822834645669
21
0.0672237401574803
0
LINE
8
BLACK
6
CONTINUOUS
10
1.3543822834645669
20
0.0672237401574803
11
1.3530309842519685
21
0.0675002755905512
0
LINE
8
BLACK
6
CONTINUOUS
10
1.3530309842519685
20
0.0675002755905512
11
1.3473166929133857
21
0.0703574409448819
0
LINE
8
BLACK
6
CONTINUOUS
10
1.3473166929133857
20
0.0703574409448819
11
1.3465938582677166
21
0.0709983858267716
0
LINE
8
BLACK
6
CONTINUOUS
10
1.3465938582677166
20
0.0709983858267716
11
1.3457573622047243
21
0.0714813779527559
0
LINE
8
BLACK
6
CONTINUOUS
10
1.3457573622047243
20
0.0714813779527559
11
1.3429002362204725
21
0.0743385039370079
0
LINE
8
BLACK
6
CONTINUOUS
10
1.3429002362204725
20
0.0743385039370079
11
1.3424172440944881
21
0.075175
0
LINE
8
BLACK
6
CONTINUOUS
10
1.3424172440944881
20
0.075175
11
1.3417762992125983
21
0.0758978346456693
0
LINE
8
BLACK
6
CONTINUOUS
10
1.3417762992125983
20
0.0758978346456693
11
1.3389191338582678
21
0.081612125984252
0
LINE
8
BLACK
6
CONTINUOUS
10
1.3389191338582678
20
0.081612125984252
11
1.3386425984251968
21
0.0829634251968504
0
LINE
8
BLACK
6
CONTINUOUS
10
1.3386425984251968
20
0.0829634251968504
11
1.3382857086614173
21
0.0842954330708661
0
LINE
8
BLACK
6
CONTINUOUS
10
1.3382857086614173
20
0.0842954330708661
11
1.3382857086614173
21
0.0957240157480315
0
LINE
8
BLACK
6
CONTINUOUS
10
1.3382857086614173
20
0.0957240157480315
11
1.3386426771653543
21
0.0970562598425197
0
LINE
8
BLACK
6
CONTINUOUS
10
1.3386426771653543
20
0.0970562598425197
11
1.3389191732283465
21
0.0984073228346457
0
LINE
8
BLACK
6
CONTINUOUS
10
1.3389191732283465
20
0.0984073228346457
11
1.3417763385826771
21
0.1041215748031496
0
LINE
8
BLACK
6
CONTINUOUS
10
1.3417763385826771
20
0.1041215748031496
11
1.3424172047244094
21
0.1048442519685039
0
LINE
8
BLACK
6
CONTINUOUS
10
1.3424172047244094
20
0.1048442519685039
11
1.3429001968503937
21
0.1056808661417323
0
LINE
8
BLACK
6
CONTINUOUS
10
1.3429001968503937
20
0.1056808661417323
11
1.3443718503937008
21
0.1071525590551181
0
LINE
8
BLACK
6
CONTINUOUS
10
1.3443718503937008
20
0.1071525590551181
11
1.3429002362204725
21
0.1086242125984252
0
LINE
8
BLACK
6
CONTINUOUS
10
1.3429002362204725
20
0.1086242125984252
11
1.3424172440944881
21
0.1094607086614173
0
LINE
8
BLACK
6
CONTINUOUS
10
1.3424172440944881
20
0.1094607086614173
11
1.3417762992125983
21
0.1101835433070866
0
LINE
8
BLACK
6
CONTINUOUS
10
1.3417762992125983
20
0.1101835433070866
11
1.3389191338582678
21
0.1158978346456693
0
LINE
8
BLACK
6
CONTINUOUS
10
1.3389191338582678
20
0.1158978346456693
11
1.3386425984251968
21
0.1172491338582677
0
LINE
8
BLACK
6
CONTINUOUS
10
1.3386425984251968
20
0.1172491338582677
11
1.3382857086614173
21
0.1185811417322835
0
LINE
8
BLACK
6
CONTINUOUS
10
1.3382857086614173
20
0.1185811417322835
11
1.3382857086614173
21
0.1214382677165354
0
LINE
8
BLACK
6
CONTINUOUS
10
1.3382857086614173
20
0.1214382677165354
11
1.3386425984251968
21
0.1227702362204724
0
LINE
8
BLACK
6
CONTINUOUS
10
1.3386425984251968
20
0.1227702362204724
11
1.3389191338582678
21
0.1241215748031496
0
LINE
8
BLACK
6
CONTINUOUS
10
1.3389191338582678
20
0.1241215748031496
11
1.3417762992125983
21
0.1298358661417323
0
LINE
8
BLACK
6
CONTINUOUS
10
1.3417762992125983
20
0.1298358661417323
11
1.3424172440944881
21
0.1305586614173228
0
LINE
8
BLACK
6
CONTINUOUS
10
1.3424172440944881
20
0.1305586614173228
11
1.3429001968503937
21
0.131395157480315
0
LINE
8
BLACK
6
CONTINUOUS
10
1.3429001968503937
20
0.131395157480315
11
1.3457573228346456
21
0.1342523622047244
0
LINE
8
BLACK
6
CONTINUOUS
10
1.3457573228346456
20
0.1342523622047244
11
1.3465940157480314
21
0.1347353937007874
0
LINE
8
BLACK
6
CONTINUOUS
10
1.3465940157480314
20
0.1347353937007874
11
1.3473167322834645
21
0.1353762992125984
0
LINE
8
BLACK
6
CONTINUOUS
10
1.3473167322834645
20
0.1353762992125984
11
1.3530310236220473
21
0.1382334251968504
0
LINE
8
BLACK
6
CONTINUOUS
10
1.3530310236220473
20
0.1382334251968504
11
1.3543821653543306
21
0.1385098818897638
0
LINE
8
BLACK
6
CONTINUOUS
10
1.3543821653543306
20
0.1385098818897638
11
1.3557142913385827
21
0.1388668503937008
0
LINE
8
BLACK
6
CONTINUOUS
10
1.3557142913385827
20
0.1388668503937008
11
1.3671428740157481
21
0.1388668503937008
0
LINE
8
BLACK
6
CONTINUOUS
10
1.3671428740157481
20
0.1388668503937008
11
1.3684749606299211
21
0.1385098818897638
0
LINE
8
BLACK
6
CONTINUOUS
10
1.3535541338582677
20
0.0993642913385827
11
1.352073937007874
21
0.097884094488189
0
LINE
8
BLACK
6
CONTINUOUS
10
1.352073937007874
20
0.097884094488189
11
1.3502857086614173
21
0.0943075984251968
0
LINE
8
BLACK
6
CONTINUOUS
10
1.3502857086614173
20
0.0943075984251968
11
1.3502857086614173
21
0.0857118897637795
0
LINE
8
BLACK
6
CONTINUOUS
10
1.3502857086614173
20
0.0857118897637795
11
1.3520740157480315
21
0.0821352362204724
0
LINE
8
BLACK
6
CONTINUOUS
10
1.3520740157480315
20
0.0821352362204724
11
1.353554094488189
21
0.080655157480315
0
LINE
8
BLACK
6
CONTINUOUS
10
1.353554094488189
20
0.080655157480315
11
1.357130748031496
21
0.0788668503937008
0
LINE
8
BLACK
6
CONTINUOUS
10
1.357130748031496
20
0.0788668503937008
11
1.3657264173228345
21
0.0788668503937008
0
LINE
8
BLACK
6
CONTINUOUS
10
1.3657264173228345
20
0.0788668503937008
11
1.369303031496063
21
0.080655157480315
0
LINE
8
BLACK
6
CONTINUOUS
10
1.369303031496063
20
0.080655157480315
11
1.3707831102362205
21
0.0821352362204724
0
LINE
8
BLACK
6
CONTINUOUS
10
1.3707831102362205
20
0.0821352362204724
11
1.3725714173228347
21
0.085711811023622
0
LINE
8
BLACK
6
CONTINUOUS
10
1.3725714173228347
20
0.085711811023622
11
1.3725714173228347
21
0.0943075590551181
0
LINE
8
BLACK
6
CONTINUOUS
10
1.3725714173228347
20
0.0943075590551181
11
1.3707831496062992
21
0.097884094488189
0
LINE
8
BLACK
6
CONTINUOUS
10
1.3707831496062992
20
0.097884094488189
11
1.3693029921259843
21
0.0993642913385827
0
LINE
8
BLACK
6
CONTINUOUS
10
1.3693029921259843
20
0.0993642913385827
11
1.3657264566929133
21
0.1011525590551181
0
LINE
8
BLACK
6
CONTINUOUS
10
1.3657264566929133
20
0.1011525590551181
11
1.3571307086614173
21
0.1011525590551181
0
LINE
8
BLACK
6
CONTINUOUS
10
1.3571307086614173
20
0.1011525590551181
11
1.3535541338582677
21
0.0993642913385827
0
LINE
8
BLACK
6
CONTINUOUS
10
1.3535541338582677
20
0.1250785826771653
11
1.3520740551181103
21
0.1235984645669291
0
LINE
8
BLACK
6
CONTINUOUS
10
1.3520740551181103
20
0.1235984645669291
11
1.3502857086614173
21
0.1200217716535433
0
LINE
8
BLACK
6
CONTINUOUS
10
1.3502857086614173
20
0.1200217716535433
11
1.3502857086614173
21
0.1199975984251968
0
LINE
8
BLACK
6
CONTINUOUS
10
1.3502857086614173
20
0.1199975984251968
11
1.3520740157480315
21
0.1164209448818898
0
LINE
8
BLACK
6
CONTINUOUS
10
1.3520740157480315
20
0.1164209448818898
11
1.353554094488189
21
0.1149408661417323
0
LINE
8
BLACK
6
CONTINUOUS
10
1.353554094488189
20
0.1149408661417323
11
1.357130748031496
21
0.1131525590551181
0
LINE
8
BLACK
6
CONTINUOUS
10
1.357130748031496
20
0.1131525590551181
11
1.3657264173228345
21
0.1131525590551181
0
LINE
8
BLACK
6
CONTINUOUS
10
1.3657264173228345
20
0.1131525590551181
11
1.369303031496063
21
0.1149408661417323
0
LINE
8
BLACK
6
CONTINUOUS
10
1.369303031496063
20
0.1149408661417323
11
1.3707831102362205
21
0.1164209448818898
0
LINE
8
BLACK
6
CONTINUOUS
10
1.3707831102362205
20
0.1164209448818898
11
1.3725714173228347
21
0.1199975196850394
0
LINE
8
BLACK
6
CONTINUOUS
10
1.3725714173228347
20
0.1199975196850394
11
1.3725714173228347
21
0.1200218503937008
0
LINE
8
BLACK
6
CONTINUOUS
10
1.3725714173228347
20
0.1200218503937008
11
1.3707831496062992
21
0.1235983858267717
0
LINE
8
BLACK
6
CONTINUOUS
10
1.3707831496062992
20
0.1235983858267717
11
1.3693029921259843
21
0.1250785826771653
0
LINE
8
BLACK
6
CONTINUOUS
10
1.3693029921259843
20
0.1250785826771653
11
1.3657264566929133
21
0.1268668503937008
0
LINE
8
BLACK
6
CONTINUOUS
10
1.3657264566929133
20
0.1268668503937008
11
1.3571307086614173
21
0.1268668503937008
0
LINE
8
BLACK
6
CONTINUOUS
10
1.3571307086614173
20
0.1268668503937008
11
1.3535541338582677
21
0.1250785826771653
0
LINE
8
BLACK
6
CONTINUOUS
10
1.385
20
0.1581496062992126
11
1.2349999999999999
21
0.1581496062992126
0
LINE
8
BLACK
6
CONTINUOUS
10
1.2349999999999999
20
0.1581496062992126
11
1.2349999999999999
21
0.3081496062992126
0
LINE
8
BLACK
6
CONTINUOUS
10
1.2349999999999999
20
0.3081496062992126
11
1.385
21
0.3081496062992126
0
LINE
8
BLACK
6
CONTINUOUS
10
1.385
20
0.3081496062992126
11
1.385
21
0.1581496062992126
0
LINE
8
BLACK
6
CONTINUOUS
10
1.1044773228346456
20
0.1388154724409449
11
1.1046718503937007
21
0.1388544094488189
0
LINE
8
BLACK
6
CONTINUOUS
10
1.1046718503937007
20
0.1388544094488189
11
1.1059662598425197
21
0.1384165354330709
0
LINE
8
BLACK
6
CONTINUOUS
10
1.1059662598425197
20
0.1384165354330709
11
1.1072857086614174
21
0.1380629921259842
0
LINE
8
BLACK
6
CONTINUOUS
10
1.1072857086614174
20
0.1380629921259842
11
1.107425905511811
21
0.1379227559055118
0
LINE
8
BLACK
6
CONTINUOUS
10
1.107425905511811
20
0.1379227559055118
11
1.1076139370078739
21
0.1378591732283465
0
LINE
8
BLACK
6
CONTINUOUS
10
1.1076139370078739
20
0.1378591732283465
11
1.1085159842519685
21
0.1368326771653543
0
LINE
8
BLACK
6
CONTINUOUS
10
1.1085159842519685
20
0.1368326771653543
11
1.1094818503937007
21
0.1358668503937008
0
LINE
8
BLACK
6
CONTINUOUS
10
1.1094818503937007
20
0.1358668503937008
11
1.109533188976378
21
0.1356751968503937
0
LINE
8
BLACK
6
CONTINUOUS
10
1.109533188976378
20
0.1356751968503937
11
1.1096641732283465
21
0.1355261811023622
0
LINE
8
BLACK
6
CONTINUOUS
10
1.1096641732283465
20
0.1355261811023622
11
1.1099320866141733
21
0.1341864173228347
0
LINE
8
BLACK
6
CONTINUOUS
10
1.1099320866141733
20
0.1341864173228347
11
1.1102857086614173
21
0.1328668503937008
0
LINE
8
BLACK
6
CONTINUOUS
10
1.1102857086614173
20
0.1328668503937008
11
1.1102857086614173
21
0.0788668503937008
0
LINE
8
BLACK
6
CONTINUOUS
10
1.1102857086614173
20
0.0788668503937008
11
1.1214285433070865
21
0.0788668503937008
0
LINE
8
BLACK
6
CONTINUOUS
10
1.1214285433070865
20
0.0788668503937008
11
1.1244285433070866
21
0.0780629921259842
0
LINE
8
BLACK
6
CONTINUOUS
10
1.1244285433070866
20
0.0780629921259842
11
1.12662468503937
21
0.0758668503937008
0
LINE
8
BLACK
6
CONTINUOUS
10
1.12662468503937
20
0.0758668503937008
11
1.1274285433070865
21
0.0728668503937008
0
LINE
8
BLACK
6
CONTINUOUS
10
1.1274285433070865
20
0.0728668503937008
11
1.12662468503937
21
0.0698668503937008
0
LINE
8
BLACK
6
CONTINUOUS
10
1.12662468503937
20
0.0698668503937008
11
1.1244285433070866
21
0.0676707086614173
0
LINE
8
BLACK
6
CONTINUOUS
10
1.1244285433070866
20
0.0676707086614173
11
1.1214285433070865
21
0.0668668503937008
0
LINE
8
BLACK
6
CONTINUOUS
10
1.1214285433070865
20
0.0668668503937008
11
1.1042857086614173
21
0.0668668503937008
0
LINE
8
BLACK
6
CONTINUOUS
10
1.1042857086614173
20
0.0668668503937008
11
1.0871428346456693
21
0.0668668503937008
0
LINE
8
BLACK
6
CONTINUOUS
10
1.0871428346456693
20
0.0668668503937008
11
1.0841428346456692
21
0.0676707086614173
0
LINE
8
BLACK
6
CONTINUOUS
10
1.0841428346456692
20
0.0676707086614173
11
1.0819466929133859
21
0.0698668503937008
0
LINE
8
BLACK
6
CONTINUOUS
10
1.0819466929133859
20
0.0698668503937008
11
1.0811428346456693
21
0.0728668503937008
0
LINE
8
BLACK
6
CONTINUOUS
10
1.0811428346456693
20
0.0728668503937008
11
1.0819466929133859
21
0.0758668503937008
0
LINE
8
BLACK
6
CONTINUOUS
10
1.0819466929133859
20
0.0758668503937008
11
1.0841428346456692
21
0.0780629921259842
0
LINE
8
BLACK
6
CONTINUOUS
10
1.0841428346456692
20
0.0780629921259842
11
1.0871428346456693
21
0.0788668503937008
0
LINE
8
BLACK
6
CONTINUOUS
10
1.0871428346456693
20
0.0788668503937008
11
1.0982857086614173
21
0.0788668503937008
0
LINE
8
BLACK
6
CONTINUOUS
10
1.0982857086614173
20
0.0788668503937008
11
1.0982857086614173
21
0.1155244488188976
0
LINE
8
BLACK
6
CONTINUOUS
10
1.0982857086614173
20
0.1155244488188976
11
1.0970997637795274
21
0.1143385039370079
0
LINE
8
BLACK
6
CONTINUOUS
10
1.0970997637795274
20
0.1143385039370079
11
1.0962631889763779
21
0.1138555118110236
0
LINE
8
BLACK
6
CONTINUOUS
10
1.0962631889763779
20
0.1138555118110236
11
1.0955403937007875
21
0.1132145669291339
0
LINE
8
BLACK
6
CONTINUOUS
10
1.0955403937007875
20
0.1132145669291339
11
1.0898261023622047
21
0.1103574409448819
0
LINE
8
BLACK
6
CONTINUOUS
10
1.0898261023622047
20
0.1103574409448819
11
1.0867833070866142
21
0.1097348031496063
0
LINE
8
BLACK
6
CONTINUOUS
10
1.0867833070866142
20
0.1097348031496063
11
1.0838368897637796
21
0.110716968503937
0
LINE
8
BLACK
6
CONTINUOUS
10
1.0838368897637796
20
0.110716968503937
11
1.0817762598425196
21
0.1130407480314961
0
LINE
8
BLACK
6
CONTINUOUS
10
1.0817762598425196
20
0.1130407480314961
11
1.081153622047244
21
0.1160835433070866
0
LINE
8
BLACK
6
CONTINUOUS
10
1.081153622047244
20
0.1160835433070866
11
1.0821357874015747
21
0.1190299606299213
0
LINE
8
BLACK
6
CONTINUOUS
10
1.0821357874015747
20
0.1190299606299213
11
1.0844595669291339
21
0.1210905905511811
0
LINE
8
BLACK
6
CONTINUOUS
10
1.0844595669291339
20
0.1210905905511811
11
1.0893029921259842
21
0.1235122834645669
0
LINE
8
BLACK
6
CONTINUOUS
10
1.0893029921259842
20
0.1235122834645669
11
1.0939087007874015
21
0.1281179921259842
0
LINE
8
BLACK
6
CONTINUOUS
10
1.0939087007874015
20
0.1281179921259842
11
1.0992934251968505
21
0.1361950787401575
0
LINE
8
BLACK
6
CONTINUOUS
10
1.0992934251968505
20
0.1361950787401575
11
1.1003196850393699
21
0.137096968503937
0
LINE
8
BLACK
6
CONTINUOUS
10
1.1003196850393699
20
0.137096968503937
11
1.1012857086614174
21
0.1380629921259842
0
LINE
8
BLACK
6
CONTINUOUS
10
1.1012857086614174
20
0.1380629921259842
11
1.1014773228346457
21
0.1381143307086614
0
LINE
8
BLACK
6
CONTINUOUS
10
1.1014773228346457
20
0.1381143307086614
11
1.101626377952756
21
0.1382453149606299
0
LINE
8
BLACK
6
CONTINUOUS
10
1.101626377952756
20
0.1382453149606299
11
1.1029661023622046
21
0.1385132283464567
0
LINE
8
BLACK
6
CONTINUOUS
10
1.1029661023622046
20
0.1385132283464567
11
1.1042857086614173
21
0.1388668503937008
0
LINE
8
BLACK
6
CONTINUOUS
10
1.1042857086614173
20
0.1388668503937008
11
1.1044773228346456
21
0.1388154724409449
0
LINE
8
BLACK
6
CONTINUOUS
10
1.1850000000000001
20
0.1581496062992126
11
1.0349999999999999
21
0.1581496062992126
0
LINE
8
BLACK
6
CONTINUOUS
10
1.0349999999999999
20
0.1581496062992126
11
1.0349999999999999
21
0.3081496062992126
0
LINE
8
BLACK
6
CONTINUOUS
10
1.0349999999999999
20
0.3081496062992126
11
1.1850000000000001
21
0.3081496062992126
0
LINE
8
BLACK
6
CONTINUOUS
10
1.1850000000000001
20
0.3081496062992126
11
1.1850000000000001
21
0.1581496062992126
0
LINE
8
BLACK
6
CONTINUOUS
10
0.8929999606299213
20
0.1380629921259842
11
0.8951961023622047
21
0.1358668503937008
0
LINE
8
BLACK
6
CONTINUOUS
10
0.8951961023622047
20
0.1358668503937008
11
0.8959999606299213
21
0.1328668503937008
0
LINE
8
BLACK
6
CONTINUOUS
10
0.8959999606299213
20
0.1328668503937008
11
0.8959999606299213
21
0.0900097244094488
0
LINE
8
BLACK
6
CONTINUOUS
10
0.8959999606299213
20
0.0900097244094488
11
0.8957499606299213
21
0.0890766929133858
0
LINE
8
BLACK
6
CONTINUOUS
10
0.8957499606299213
20
0.0890766929133858
11
0.8956920866141732
21
0.0881124015748031
0
LINE
8
BLACK
6
CONTINUOUS
10
0.8956920866141732
20
0.0881124015748031
11
0.8928349212598425
21
0.079540905511811
0
LINE
8
BLACK
6
CONTINUOUS
10
0.8928349212598425
20
0.079540905511811
11
0.8920749212598424
21
0.0783898031496063
0
LINE
8
BLACK
6
CONTINUOUS
10
0.8920749212598424
20
0.0783898031496063
11
0.8913854330708662
21
0.0771955905511811
0
LINE
8
BLACK
6
CONTINUOUS
10
0.8913854330708662
20
0.0771955905511811
11
0.8856711811023622
21
0.0714813779527559
0
LINE
8
BLACK
6
CONTINUOUS
10
0.8856711811023622
20
0.0714813779527559
11
0.8844768503937007
21
0.0707918503937008
0
LINE
8
BLACK
6
CONTINUOUS
10
0.8844768503937007
20
0.0707918503937008
11
0.8833259448818898
21
0.0700319291338583
0
LINE
8
BLACK
6
CONTINUOUS
10
0.8833259448818898
20
0.0700319291338583
11
0.8747545275590551
21
0.0671747637795276
0
LINE
8
BLACK
6
CONTINUOUS
10
0.8747545275590551
20
0.0671747637795276
11
0.8737901968503937
21
0.0671168503937008
0
LINE
8
BLACK
6
CONTINUOUS
10
0.8737901968503937
20
0.0671168503937008
11
0.8728571259842519
21
0.0668668503937008
0
LINE
8
BLACK
6
CONTINUOUS
10
0.8728571259842519
20
0.0668668503937008
11
0.8671428346456693
21
0.0668668503937008
0
LINE
8
BLACK
6
CONTINUOUS
10
0.8671428346456693
20
0.0668668503937008
11
0.8641428346456693
21
0.0676707086614173
0
LINE
8
BLACK
6
CONTINUOUS
10
0.8641428346456693
20
0.0676707086614173
11
0.8619466929133858
21
0.0698668503937008
0
LINE
8
BLACK
6
CONTINUOUS
10
0.8619466929133858
20
0.0698668503937008
11
0.8611428346456693
21
0.0728668503937008
0
LINE
8
BLACK
6
CONTINUOUS
10
0.8611428346456693
20
0.0728668503937008
11
0.8619466929133858
21
0.0758668503937008
0
LINE
8
BLACK
6
CONTINUOUS
10
0.8619466929133858
20
0.0758668503937008
11
0.8641428346456693
21
0.0780629921259842
0
LINE
8
BLACK
6
CONTINUOUS
10
0.8641428346456693
20
0.0780629921259842
11
0.8671428346456693
21
0.0788668503937008
0
LINE
8
BLACK
6
CONTINUOUS
10
0.8671428346456693
20
0.0788668503937008
11
0.8718834645669291
21
0.0788668503937008
0
LINE
8
BLACK
6
CONTINUOUS
10
0.8718834645669291
20
0.0788668503937008
11
0.8781874409448819
21
0.0809681889763779
0
LINE
8
BLACK
6
CONTINUOUS
10
0.8781874409448819
20
0.0809681889763779
11
0.8818986220472441
21
0.0846793700787402
0
LINE
8
BLACK
6
CONTINUOUS
10
0.8818986220472441
20
0.0846793700787402
11
0.8839999606299213
21
0.0909833070866142
0
LINE
8
BLACK
6
CONTINUOUS
10
0.8839999606299213
20
0.0909833070866142
11
0.8839999606299213
21
0.1328668503937008
0
LINE
8
BLACK
6
CONTINUOUS
10
0.8839999606299213
20
0.1328668503937008
11
0.8848038188976378
21
0.1358668503937008
0
LINE
8
BLACK
6
CONTINUOUS
10
0.8848038188976378
20
0.1358668503937008
11
0.8869999606299213
21
0.1380629921259842
0
LINE
8
BLACK
6
CONTINUOUS
10
0.8869999606299213
20
0.1380629921259842
11
0.8899999606299213
21
0.1388668503937008
0
LINE
8
BLACK
6
CONTINUOUS
10
0.8899999606299213
20
0.1388668503937008
11
0.8929999606299213
21
0.1380629921259842
0
LINE
8
BLACK
6
CONTINUOUS
10
0.9330487401574803
20
0.1388154724409449
11
0.9332432677165354
21
0.1388544094488189
0
LINE
8
BLACK
6
CONTINUOUS
10
0.9332432677165354
20
0.1388544094488189
11
0.9345376771653543
21
0.1384165354330709
0
LINE
8
BLACK
6
CONTINUOUS
10
0.9345376771653543
20
0.1384165354330709
11
0.935857125984252
21
0.1380629921259842
0
LINE
8
BLACK
6
CONTINUOUS
10
0.935857125984252
20
0.1380629921259842
11
0.9359973228346457
21
0.1379227559055118
0
LINE
8
BLACK
6
CONTINUOUS
10
0.9359973228346457
20
0.1379227559055118
11
0.9361853543307086
21
0.1378591732283465
0
LINE
8
BLACK
6
CONTINUOUS
10
0.9361853543307086
20
0.1378591732283465
11
0.9370874015748031
21
0.1368326771653543
0
LINE
8
BLACK
6
CONTINUOUS
10
0.9370874015748031
20
0.1368326771653543
11
0.9380532677165354
21
0.1358668503937008
0
LINE
8
BLACK
6
CONTINUOUS
10
0.9380532677165354
20
0.1358668503937008
11
0.9381046062992126
21
0.1356751968503937
0
LINE
8
BLACK
6
CONTINUOUS
10
0.9381046062992126
20
0.1356751968503937
11
0.9382355905511811
21
0.1355261811023622
0
LINE
8
BLACK
6
CONTINUOUS
10
0.9382355905511811
20
0.1355261811023622
11
0.9385035039370079
21
0.1341864173228347
0
LINE
8
BLACK
6
CONTINUOUS
10
0.9385035039370079
20
0.1341864173228347
11
0.938857125984252
21
0.1328668503937008
0
LINE
8
BLACK
6
CONTINUOUS
10
0.938857125984252
20
0.1328668503937008
11
0.938857125984252
21
0.0788668503937008
0
LINE
8
BLACK
6
CONTINUOUS
10
0.938857125984252
20
0.0788668503937008
11
0.9499999606299212
21
0.0788668503937008
0
LINE
8
BLACK
6
CONTINUOUS
10
0.9499999606299212
20
0.0788668503937008
11
0.9529999606299212
21
0.0780629921259842
0
LINE
8
BLACK
6
CONTINUOUS
10
0.9529999606299212
20
0.0780629921259842
11
0.9551961023622048
21
0.0758668503937008
0
LINE
8
BLACK
6
CONTINUOUS
10
0.9551961023622048
20
0.0758668503937008
11
0.9559999606299212
21
0.0728668503937008
0
LINE
8
BLACK
6
CONTINUOUS
10
0.9559999606299212
20
0.0728668503937008
11
0.9551961023622048
21
0.0698668503937008
0
LINE
8
BLACK
6
CONTINUOUS
10
0.9551961023622048
20
0.0698668503937008
11
0.9529999606299212
21
0.0676707086614173
0
LINE
8
BLACK
6
CONTINUOUS
10
0.9529999606299212
20
0.0676707086614173
11
0.9499999606299212
21
0.0668668503937008
0
LINE
8
BLACK
6
CONTINUOUS
10
0.9499999606299212
20
0.0668668503937008
11
0.932857125984252
21
0.0668668503937008
0
LINE
8
BLACK
6
CONTINUOUS
10
0.932857125984252
20
0.0668668503937008
11
0.9157142519685039
21
0.0668668503937008
0
LINE
8
BLACK
6
CONTINUOUS
10
0.9157142519685039
20
0.0668668503937008
11
0.9127142519685039
21
0.0676707086614173
0
LINE
8
BLACK
6
CONTINUOUS
10
0.9127142519685039
20
0.0676707086614173
11
0.9105181102362204
21
0.0698668503937008
0
LINE
8
BLACK
6
CONTINUOUS
10
0.9105181102362204
20
0.0698668503937008
11
0.9097142519685039
21
0.0728668503937008
0
LINE
8
BLACK
6
CONTINUOUS
10
0.9097142519685039
20
0.0728668503937008
11
0.9105181102362204
21
0.0758668503937008
0
LINE
8
BLACK
6
CONTINUOUS
10
0.9105181102362204
20
0.0758668503937008
11
0.9127142519685039
21
0.0780629921259842
0
LINE
8
BLACK
6
CONTINUOUS
10
0.9127142519685039
20
0.0780629921259842
11
0.9157142519685039
21
0.0788668503937008
0
LINE
8
BLACK
6
CONTINUOUS
10
0.9157142519685039
20
0.0788668503937008
11
0.926857125984252
21
0.0788668503937008
0
LINE
8
BLACK
6
CONTINUOUS
10
0.926857125984252
20
0.0788668503937008
11
0.926857125984252
21
0.1155244488188976
0
LINE
8
BLACK
6
CONTINUOUS
10
0.926857125984252
20
0.1155244488188976
11
0.9256711811023621
21
0.1143385039370079
0
LINE
8
BLACK
6
CONTINUOUS
10
0.9256711811023621
20
0.1143385039370079
11
0.9248346062992125
21
0.1138555118110236
0
LINE
8
BLACK
6
CONTINUOUS
10
0.9248346062992125
20
0.1138555118110236
11
0.9241118110236221
21
0.1132145669291339
0
LINE
8
BLACK
6
CONTINUOUS
10
0.9241118110236221
20
0.1132145669291339
11
0.9183975196850394
21
0.1103574409448819
0
LINE
8
BLACK
6
CONTINUOUS
10
0.9183975196850394
20
0.1103574409448819
11
0.9153547244094488
21
0.1097348031496063
0
LINE
8
BLACK
6
CONTINUOUS
10
0.9153547244094488
20
0.1097348031496063
11
0.9124083070866141
21
0.110716968503937
0
LINE
8
BLACK
6
CONTINUOUS
10
0.9124083070866141
20
0.110716968503937
11
0.9103476771653544
21
0.1130407480314961
0
LINE
8
BLACK
6
CONTINUOUS
10
0.9103476771653544
20
0.1130407480314961
11
0.9097250393700788
21
0.1160835433070866
0
LINE
8
BLACK
6
CONTINUOUS
10
0.9097250393700788
20
0.1160835433070866
11
0.9107072047244095
21
0.1190299606299213
0
LINE
8
BLACK
6
CONTINUOUS
10
0.9107072047244095
20
0.1190299606299213
11
0.9130309842519685
21
0.1210905905511811
0
LINE
8
BLACK
6
CONTINUOUS
10
0.9130309842519685
20
0.1210905905511811
11
0.9178744094488189
21
0.1235122834645669
0
LINE
8
BLACK
6
CONTINUOUS
10
0.9178744094488189
20
0.1235122834645669
11
0.9224801181102362
21
0.1281179921259842
0
LINE
8
BLACK
6
CONTINUOUS
10
0.9224801181102362
20
0.1281179921259842
11
0.927864842519685
21
0.1361950787401575
0
LINE
8
BLACK
6
CONTINUOUS
10
0.927864842519685
20
0.1361950787401575
11
0.9288911023622047
21
0.137096968503937
0
LINE
8
BLACK
6
CONTINUOUS
10
0.9288911023622047
20
0.137096968503937
11
0.929857125984252
21
0.1380629921259842
0
LINE
8
BLACK
6
CONTINUOUS
10
0.929857125984252
20
0.1380629921259842
11
0.9300487401574803
21
0.1381143307086614
0
LINE
8
BLACK
6
CONTINUOUS
10
0.9300487401574803
20
0.1381143307086614
11
0.9301977952755905
21
0.1382453149606299
0
LINE
8
BLACK
6
CONTINUOUS
10
0.9301977952755905
20
0.1382453149606299
11
0.9315375196850394
21
0.1385132283464567
0
LINE
8
BLACK
6
CONTINUOUS
10
0.9315375196850394
20
0.1385132283464567
11
0.932857125984252
21
0.1388668503937008
0
LINE
8
BLACK
6
CONTINUOUS
10
0.932857125984252
20
0.1388668503937008
11
0.9330487401574803
21
0.1388154724409449
0
LINE
8
BLACK
6
CONTINUOUS
10
0.985
20
0.1581496062992126
11
0.835
21
0.1581496062992126
0
LINE
8
BLACK
6
CONTINUOUS
10
0.835
20
0.1581496062992126
11
0.835
21
0.3081496062992126
0
LINE
8
BLACK
6
CONTINUOUS
10
0.835
20
0.3081496062992126
11
0.985
21
0.3081496062992126
0
LINE
8
BLACK
6
CONTINUOUS
10
0.985
20
0.3081496062992126
11
0.985
21
0.1581496062992126
0
LINE
8
BLACK
6
CONTINUOUS
10
0.6929999606299212
20
0.1380629921259842
11
0.6951961023622047
21
0.1358668503937008
0
LINE
8
BLACK
6
CONTINUOUS
10
0.6951961023622047
20
0.1358668503937008
11
0.6959999606299212
21
0.1328668503937008
0
LINE
8
BLACK
6
CONTINUOUS
10
0.6959999606299212
20
0.1328668503937008
11
0.6959999606299212
21
0.0900097244094488
0
LINE
8
BLACK
6
CONTINUOUS
10
0.6959999606299212
20
0.0900097244094488
11
0.6957499606299212
21
0.0890766929133858
0
LINE
8
BLACK
6
CONTINUOUS
10
0.6957499606299212
20
0.0890766929133858
11
0.6956920866141733
21
0.0881124015748031
0
LINE
8
BLACK
6
CONTINUOUS
10
0.6956920866141733
20
0.0881124015748031
11
0.6928349212598425
21
0.079540905511811
0
LINE
8
BLACK
6
CONTINUOUS
10
0.6928349212598425
20
0.079540905511811
11
0.6920749212598425
21
0.0783898031496063
0
LINE
8
BLACK
6
CONTINUOUS
10
0.6920749212598425
20
0.0783898031496063
11
0.6913854330708661
21
0.0771955905511811
0
LINE
8
BLACK
6
CONTINUOUS
10
0.6913854330708661
20
0.0771955905511811
11
0.6856711811023621
21
0.0714813779527559
0
LINE
8
BLACK
6
CONTINUOUS
10
0.6856711811023621
20
0.0714813779527559
11
0.6844768503937008
21
0.0707918503937008
0
LINE
8
BLACK
6
CONTINUOUS
10
0.6844768503937008
20
0.0707918503937008
11
0.6833259448818898
21
0.0700319291338583
0
LINE
8
BLACK
6
CONTINUOUS
10
0.6833259448818898
20
0.0700319291338583
11
0.6747545275590551
21
0.0671747637795276
0
LINE
8
BLACK
6
CONTINUOUS
10
0.6747545275590551
20
0.0671747637795276
11
0.6737901968503937
21
0.0671168503937008
0
LINE
8
BLACK
6
CONTINUOUS
10
0.6737901968503937
20
0.0671168503937008
11
0.672857125984252
21
0.0668668503937008
0
LINE
8
BLACK
6
CONTINUOUS
10
0.672857125984252
20
0.0668668503937008
11
0.6671428346456693
21
0.0668668503937008
0
LINE
8
BLACK
6
CONTINUOUS
10
0.6671428346456693
20
0.0668668503937008
11
0.6641428346456693
21
0.0676707086614173
0
LINE
8
BLACK
6
CONTINUOUS
10
0.6641428346456693
20
0.0676707086614173
11
0.6619466929133858
21
0.0698668503937008
0
LINE
8
BLACK
6
CONTINUOUS
10
0.6619466929133858
20
0.0698668503937008
11
0.6611428346456693
21
0.0728668503937008
0
LINE
8
BLACK
6
CONTINUOUS
10
0.6611428346456693
20
0.0728668503937008
11
0.6619466929133858
21
0.0758668503937008
0
LINE
8
BLACK
6
CONTINUOUS
10
0.6619466929133858
20
0.0758668503937008
11
0.6641428346456693
21
0.0780629921259842
0
LINE
8
BLACK
6
CONTINUOUS
10
0.6641428346456693
20
0.0780629921259842
11
0.6671428346456693
21
0.0788668503937008
0
LINE
8
BLACK
6
CONTINUOUS
10
0.6671428346456693
20
0.0788668503937008
11
0.6718834645669292
21
0.0788668503937008
0
LINE
8
BLACK
6
CONTINUOUS
10
0.6718834645669292
20
0.0788668503937008
11
0.6781874409448819
21
0.0809681889763779
0
LINE
8
BLACK
6
CONTINUOUS
10
0.6781874409448819
20
0.0809681889763779
11
0.6818986220472441
21
0.0846793700787402
0
LINE
8
BLACK
6
CONTINUOUS
10
0.6818986220472441
20
0.0846793700787402
11
0.6839999606299213
21
0.0909833070866142
0
LINE
8
BLACK
6
CONTINUOUS
10
0.6839999606299213
20
0.0909833070866142
11
0.6839999606299213
21
0.1328668503937008
0
LINE
8
BLACK
6
CONTINUOUS
10
0.6839999606299213
20
0.1328668503937008
11
0.6848038188976378
21
0.1358668503937008
0
LINE
8
BLACK
6
CONTINUOUS
10
0.6848038188976378
20
0.1358668503937008
11
0.6869999606299212
21
0.1380629921259842
0
LINE
8
BLACK
6
CONTINUOUS
10
0.6869999606299212
20
0.1380629921259842
11
0.6899999606299212
21
0.1388668503937008
0
LINE
8
BLACK
6
CONTINUOUS
10
0.6899999606299212
20
0.1388668503937008
11
0.6929999606299212
21
0.1380629921259842
0
LINE
8
BLACK
6
CONTINUOUS
10
0.7399035039370079
20
0.1385098818897638
11
0.7412546850393701
21
0.1382334251968504
0
LINE
8
BLACK
6
CONTINUOUS
10
0.7412546850393701
20
0.1382334251968504
11
0.7469689763779528
21
0.1353762992125984
0
LINE
8
BLACK
6
CONTINUOUS
10
0.7469689763779528
20
0.1353762992125984
11
0.7476917716535433
21
0.1347353149606299
0
LINE
8
BLACK
6
CONTINUOUS
10
0.7476917716535433
20
0.1347353149606299
11
0.7485283858267716
21
0.1342523228346457
0
LINE
8
BLACK
6
CONTINUOUS
10
0.7485283858267716
20
0.1342523228346457
11
0.7513855118110236
21
0.131395157480315
0
LINE
8
BLACK
6
CONTINUOUS
10
0.7513855118110236
20
0.131395157480315
11
0.7518684645669291
21
0.1305585826771654
0
LINE
8
BLACK
6
CONTINUOUS
10
0.7518684645669291
20
0.1305585826771654
11
0.7525094094488188
21
0.1298358267716535
0
LINE
8
BLACK
6
CONTINUOUS
10
0.7525094094488188
20
0.1298358267716535
11
0.7553665354330709
21
0.1241215354330709
0
LINE
8
BLACK
6
CONTINUOUS
10
0.7553665354330709
20
0.1241215354330709
11
0.7556429921259842
21
0.1227703543307087
0
LINE
8
BLACK
6
CONTINUOUS
10
0.7556429921259842
20
0.1227703543307087
11
0.7559999606299213
21
0.1214382677165354
0
LINE
8
BLACK
6
CONTINUOUS
10
0.7559999606299213
20
0.1214382677165354
11
0.7559999606299213
21
0.1157240157480315
0
LINE
8
BLACK
6
CONTINUOUS
10
0.7559999606299213
20
0.1157240157480315
11
0.7557499606299213
21
0.1147909842519685
0
LINE
8
BLACK
6
CONTINUOUS
10
0.7557499606299213
20
0.1147909842519685
11
0.7556920866141732
21
0.1138266929133858
0
LINE
8
BLACK
6
CONTINUOUS
10
0.7556920866141732
20
0.1138266929133858
11
0.7528349212598425
21
0.1052551968503937
0
LINE
8
BLACK
6
CONTINUOUS
10
0.7528349212598425
20
0.1052551968503937
11
0.7520750393700787
21
0.1041042913385827
0
LINE
8
BLACK
6
CONTINUOUS
10
0.7520750393700787
20
0.1041042913385827
11
0.7513854724409449
21
0.1029099212598425
0
LINE
8
BLACK
6
CONTINUOUS
10
0.7513854724409449
20
0.1029099212598425
11
0.7273424015748031
21
0.0788668503937008
0
LINE
8
BLACK
6
CONTINUOUS
10
0.7273424015748031
20
0.0788668503937008
11
0.7499999606299212
21
0.0788668503937008
0
LINE
8
BLACK
6
CONTINUOUS
10
0.7499999606299212
20
0.0788668503937008
11
0.7529999606299213
21
0.0780629921259842
0
LINE
8
BLACK
6
CONTINUOUS
10
0.7529999606299213
20
0.0780629921259842
11
0.7551961023622047
21
0.0758668503937008
0
LINE
8
BLACK
6
CONTINUOUS
10
0.7551961023622047
20
0.0758668503937008
11
0.7559999606299213
21
0.0728668503937008
0
LINE
8
BLACK
6
CONTINUOUS
10
0.7559999606299213
20
0.0728668503937008
11
0.7551961023622047
21
0.0698668503937008
0
LINE
8
BLACK
6
CONTINUOUS
10
0.7551961023622047
20
0.0698668503937008
11
0.7529999606299213
21
0.0676707086614173
0
LINE
8
BLACK
6
CONTINUOUS
10
0.7529999606299213
20
0.0676707086614173
11
0.7499999606299212
21
0.0668668503937008
0
LINE
8
BLACK
6
CONTINUOUS
10
0.7499999606299212
20
0.0668668503937008
11
0.712857125984252
21
0.0668668503937008
0
LINE
8
BLACK
6
CONTINUOUS
10
0.712857125984252
20
0.0668668503937008
11
0.7120941338582677
21
0.0670712992125984
0
LINE
8
BLACK
6
CONTINUOUS
10
0.7120941338582677
20
0.0670712992125984
11
0.7113042125984251
21
0.0670712992125984
0
LINE
8
BLACK
6
CONTINUOUS
10
0.7113042125984251
20
0.0670712992125984
11
0.7106200787401574
21
0.0674662598425197
0
LINE
8
BLACK
6
CONTINUOUS
10
0.7106200787401574
20
0.0674662598425197
11
0.709857125984252
21
0.0676707086614173
0
LINE
8
BLACK
6
CONTINUOUS
10
0.709857125984252
20
0.0676707086614173
11
0.7092985826771654
21
0.0682292125984252
0
LINE
8
BLACK
6
CONTINUOUS
10
0.7092985826771654
20
0.0682292125984252
11
0.7086144881889763
21
0.0686242125984252
0
LINE
8
BLACK
6
CONTINUOUS
10
0.7086144881889763
20
0.0686242125984252
11
0.7082194881889764
21
0.0693083070866142
0
LINE
8
BLACK
6
CONTINUOUS
10
0.7082194881889764
20
0.0693083070866142
11
0.7076609842519684
21
0.0698668503937008
0
LINE
8
BLACK
6
CONTINUOUS
10
0.7076609842519684
20
0.0698668503937008
11
0.7074565354330709
21
0.0706298031496063
0
LINE
8
BLACK
6
CONTINUOUS
10
0.7074565354330709
20
0.0706298031496063
11
0.7070615748031496
21
0.071313937007874
0
LINE
8
BLACK
6
CONTINUOUS
10
0.7070615748031496
20
0.071313937007874
11
0.7070615748031496
21
0.0721038188976378
0
LINE
8
BLACK
6
CONTINUOUS
10
0.7070615748031496
20
0.0721038188976378
11
0.706857125984252
21
0.0728668503937008
0
LINE
8
BLACK
6
CONTINUOUS
10
0.706857125984252
20
0.0728668503937008
11
0.7070615748031496
21
0.073629842519685
0
LINE
8
BLACK
6
CONTINUOUS
10
0.7070615748031496
20
0.073629842519685
11
0.7070615748031496
21
0.0744197637795276
0
LINE
8
BLACK
6
CONTINUOUS
10
0.7070615748031496
20
0.0744197637795276
11
0.7074565354330709
21
0.0751038582677165
0
LINE
8
BLACK
6
CONTINUOUS
10
0.7074565354330709
20
0.0751038582677165
11
0.7076609842519684
21
0.0758668503937008
0
LINE
8
BLACK
6
CONTINUOUS
10
0.7076609842519684
20
0.0758668503937008
11
0.7082194881889764
21
0.0764253543307087
0
LINE
8
BLACK
6
CONTINUOUS
10
0.7082194881889764
20
0.0764253543307087
11
0.7086144881889763
21
0.0771094881889764
0
LINE
8
BLACK
6
CONTINUOUS
10
0.7086144881889763
20
0.0771094881889764
11
0.7418986220472441
21
0.1103936220472441
0
LINE
8
BLACK
6
CONTINUOUS
10
0.7418986220472441
20
0.1103936220472441
11
0.7439999606299212
21
0.1166975984251968
0
LINE
8
BLACK
6
CONTINUOUS
10
0.7439999606299212
20
0.1166975984251968
11
0.7439999606299212
21
0.1200218503937008
0
LINE
8
BLACK
6
CONTINUOUS
10
0.7439999606299212
20
0.1200218503937008
11
0.7422116929133858
21
0.1235983858267717
0
LINE
8
BLACK
6
CONTINUOUS
10
0.7422116929133858
20
0.1235983858267717
11
0.7407315354330708
21
0.1250785826771653
0
LINE
8
BLACK
6
CONTINUOUS
10
0.7407315354330708
20
0.1250785826771653
11
0.737155
21
0.1268668503937008
0
LINE
8
BLACK
6
CONTINUOUS
10
0.737155
20
0.1268668503937008
11
0.725702125984252
21
0.1268668503937008
0
LINE
8
BLACK
6
CONTINUOUS
10
0.725702125984252
20
0.1268668503937008
11
0.7221255118110236
21
0.1250785433070866
0
LINE
8
BLACK
6
CONTINUOUS
10
0.7221255118110236
20
0.1250785433070866
11
0.7199568897637795
21
0.1229099212598425
0
LINE
8
BLACK
6
CONTINUOUS
10
0.7199568897637795
20
0.1229099212598425
11
0.7172671653543307
21
0.1213570078740158
0
LINE
8
BLACK
6
CONTINUOUS
10
0.7172671653543307
20
0.1213570078740158
11
0.7141613385826772
21
0.1213570078740158
0
LINE
8
BLACK
6
CONTINUOUS
10
0.7141613385826772
20
0.1213570078740158
11
0.7114716141732284
21
0.1229099212598425
0
LINE
8
BLACK
6
CONTINUOUS
10
0.7114716141732284
20
0.1229099212598425
11
0.7099187007874016
21
0.1255996456692913
0
LINE
8
BLACK
6
CONTINUOUS
10
0.7099187007874016
20
0.1255996456692913
11
0.7099187007874016
21
0.1287054724409449
0
LINE
8
BLACK
6
CONTINUOUS
10
0.7099187007874016
20
0.1287054724409449
11
0.7114716141732284
21
0.1313951968503937
0
LINE
8
BLACK
6
CONTINUOUS
10
0.7114716141732284
20
0.1313951968503937
11
0.714328779527559
21
0.1342523622047244
0
LINE
8
BLACK
6
CONTINUOUS
10
0.714328779527559
20
0.1342523622047244
11
0.7151653543307086
21
0.1347353543307087
0
LINE
8
BLACK
6
CONTINUOUS
10
0.7151653543307086
20
0.1347353543307087
11
0.7158881496062992
21
0.1353762992125984
0
LINE
8
BLACK
6
CONTINUOUS
10
0.7158881496062992
20
0.1353762992125984
11
0.7216024409448819
21
0.1382334251968504
0
LINE
8
BLACK
6
CONTINUOUS
10
0.7216024409448819
20
0.1382334251968504
11
0.7229535826771654
21
0.1385098818897638
0
LINE
8
BLACK
6
CONTINUOUS
10
0.7229535826771654
20
0.1385098818897638
11
0.7242857086614173
21
0.1388668503937008
0
LINE
8
BLACK
6
CONTINUOUS
10
0.7242857086614173
20
0.1388668503937008
11
0.7385714173228346
21
0.1388668503937008
0
LINE
8
BLACK
6
CONTINUOUS
10
0.7385714173228346
20
0.1388668503937008
11
0.7399035039370079
21
0.1385098818897638
0
LINE
8
BLACK
6
CONTINUOUS
10
0.785
20
0.1581496062992126
11
0.635
21
0.1581496062992126
0
LINE
8
BLACK
6
CONTINUOUS
10
0.635
20
0.1581496062992126
11
0.635
21
0.3081496062992126
0
LINE
8
BLACK
6
CONTINUOUS
10
0.635
20
0.3081496062992126
11
0.785
21
0.3081496062992126
0
LINE
8
BLACK
6
CONTINUOUS
10
0.785
20
0.3081496062992126
11
0.785
21
0.1581496062992126
0
LINE
8
BLACK
6
CONTINUOUS
10
0.5094773228346456
20
0.1388154724409449
11
0.5096718503937008
21
0.1388544094488189
0
LINE
8
BLACK
6
CONTINUOUS
10
0.5096718503937008
20
0.1388544094488189
11
0.5109662598425196
21
0.1384165354330709
0
LINE
8
BLACK
6
CONTINUOUS
10
0.5109662598425196
20
0.1384165354330709
11
0.5122857086614173
21
0.1380629921259842
0
LINE
8
BLACK
6
CONTINUOUS
10
0.5122857086614173
20
0.1380629921259842
11
0.512425905511811
21
0.1379227559055118
0
LINE
8
BLACK
6
CONTINUOUS
10
0.512425905511811
20
0.1379227559055118
11
0.5126139370078741
21
0.1378591732283465
0
LINE
8
BLACK
6
CONTINUOUS
10
0.5126139370078741
20
0.1378591732283465
11
0.5135159842519685
21
0.1368326771653543
0
LINE
8
BLACK
6
CONTINUOUS
10
0.5135159842519685
20
0.1368326771653543
11
0.5144818503937008
21
0.1358668503937008
0
LINE
8
BLACK
6
CONTINUOUS
10
0.5144818503937008
20
0.1358668503937008
11
0.5145331889763779
21
0.1356751968503937
0
LINE
8
BLACK
6
CONTINUOUS
10
0.5145331889763779
20
0.1356751968503937
11
0.5146641732283465
21
0.1355261811023622
0
LINE
8
BLACK
6
CONTINUOUS
10
0.5146641732283465
20
0.1355261811023622
11
0.5149320866141732
21
0.1341864173228347
0
LINE
8
BLACK
6
CONTINUOUS
10
0.5149320866141732
20
0.1341864173228347
11
0.5152857086614173
21
0.1328668503937008
0
LINE
8
BLACK
6
CONTINUOUS
10
0.5152857086614173
20
0.1328668503937008
11
0.5152857086614173
21
0.0788668503937008
0
LINE
8
BLACK
6
CONTINUOUS
10
0.5152857086614173
20
0.0788668503937008
11
0.5264285433070865
21
0.0788668503937008
0
LINE
8
BLACK
6
CONTINUOUS
10
0.5264285433070865
20
0.0788668503937008
11
0.5294285433070866
21
0.0780629921259842
0
LINE
8
BLACK
6
CONTINUOUS
10
0.5294285433070866
20
0.0780629921259842
11
0.5316246850393701
21
0.0758668503937008
0
LINE
8
BLACK
6
CONTINUOUS
10
0.5316246850393701
20
0.0758668503937008
11
0.5324285433070866
21
0.0728668503937008
0
LINE
8
BLACK
6
CONTINUOUS
10
0.5324285433070866
20
0.0728668503937008
11
0.5316246850393701
21
0.0698668503937008
0
LINE
8
BLACK
6
CONTINUOUS
10
0.5316246850393701
20
0.0698668503937008
11
0.5294285433070866
21
0.0676707086614173
0
LINE
8
BLACK
6
CONTINUOUS
10
0.5294285433070866
20
0.0676707086614173
11
0.5264285433070865
21
0.0668668503937008
0
LINE
8
BLACK
6
CONTINUOUS
10
0.5264285433070865
20
0.0668668503937008
11
0.5092857086614173
21
0.0668668503937008
0
LINE
8
BLACK
6
CONTINUOUS
10
0.5092857086614173
20
0.0668668503937008
11
0.4921428346456693
21
0.0668668503937008
0
LINE
8
BLACK
6
CONTINUOUS
10
0.4921428346456693
20
0.0668668503937008
11
0.4891428346456693
21
0.0676707086614173
0
LINE
8
BLACK
6
CONTINUOUS
10
0.4891428346456693
20
0.0676707086614173
11
0.4869466929133858
21
0.0698668503937008
0
LINE
8
BLACK
6
CONTINUOUS
10
0.4869466929133858
20
0.0698668503937008
11
0.4861428346456693
21
0.0728668503937008
0
LINE
8
BLACK
6
CONTINUOUS
10
0.4861428346456693
20
0.0728668503937008
11
0.4869466929133858
21
0.0758668503937008
0
LINE
8
BLACK
6
CONTINUOUS
10
0.4869466929133858
20
0.0758668503937008
11
0.4891428346456693
21
0.0780629921259842
0
LINE
8
BLACK
6
CONTINUOUS
10
0.4891428346456693
20
0.0780629921259842
11
0.4921428346456693
21
0.0788668503937008
0
LINE
8
BLACK
6
CONTINUOUS
10
0.4921428346456693
20
0.0788668503937008
11
0.5032857086614173
21
0.0788668503937008
0
LINE
8
BLACK
6
CONTINUOUS
10
0.5032857086614173
20
0.0788668503937008
11
0.5032857086614173
21
0.1155244488188976
0
LINE
8
BLACK
6
CONTINUOUS
10
0.5032857086614173
20
0.1155244488188976
11
0.5020997637795276
21
0.1143385039370079
0
LINE
8
BLACK
6
CONTINUOUS
10
0.5020997637795276
20
0.1143385039370079
11
0.5012631889763779
21
0.1138555118110236
0
LINE
8
BLACK
6
CONTINUOUS
10
0.5012631889763779
20
0.1138555118110236
11
0.5005403937007874
21
0.1132145669291339
0
LINE
8
BLACK
6
CONTINUOUS
10
0.5005403937007874
20
0.1132145669291339
11
0.4948261023622047
21
0.1103574409448819
0
LINE
8
BLACK
6
CONTINUOUS
10
0.4948261023622047
20
0.1103574409448819
11
0.4917833070866142
21
0.1097348031496063
0
LINE
8
BLACK
6
CONTINUOUS
10
0.4917833070866142
20
0.1097348031496063
11
0.4888368897637795
21
0.110716968503937
0
LINE
8
BLACK
6
CONTINUOUS
10
0.4888368897637795
20
0.110716968503937
11
0.4867762598425197
21
0.1130407480314961
0
LINE
8
BLACK
6
CONTINUOUS
10
0.4867762598425197
20
0.1130407480314961
11
0.4861536220472441
21
0.1160835433070866
0
LINE
8
BLACK
6
CONTINUOUS
10
0.4861536220472441
20
0.1160835433070866
11
0.4871357874015748
21
0.1190299606299213
0
LINE
8
BLACK
6
CONTINUOUS
10
0.4871357874015748
20
0.1190299606299213
11
0.4894595669291338
21
0.1210905905511811
0
LINE
8
BLACK
6
CONTINUOUS
10
0.4894595669291338
20
0.1210905905511811
11
0.4943029921259842
21
0.1235122834645669
0
LINE
8
BLACK
6
CONTINUOUS
10
0.4943029921259842
20
0.1235122834645669
11
0.4989087007874016
21
0.1281179921259842
0
LINE
8
BLACK
6
CONTINUOUS
10
0.4989087007874016
20
0.1281179921259842
11
0.5042934251968504
21
0.1361950787401575
0
LINE
8
BLACK
6
CONTINUOUS
10
0.5042934251968504
20
0.1361950787401575
11
0.5053196850393701
21
0.137096968503937
0
LINE
8
BLACK
6
CONTINUOUS
10
0.5053196850393701
20
0.137096968503937
11
0.5062857086614173
21
0.1380629921259842
0
LINE
8
BLACK
6
CONTINUOUS
10
0.5062857086614173
20
0.1380629921259842
11
0.5064773228346456
21
0.1381143307086614
0
LINE
8
BLACK
6
CONTINUOUS
10
0.5064773228346456
20
0.1381143307086614
11
0.5066263779527559
21
0.1382453149606299
0
LINE
8
BLACK
6
CONTINUOUS
10
0.5066263779527559
20
0.1382453149606299
11
0.5079661023622047
21
0.1385132283464567
0
LINE
8
BLACK
6
CONTINUOUS
10
0.5079661023622047
20
0.1385132283464567
11
0.5092857086614173
21
0.1388668503937008
0
LINE
8
BLACK
6
CONTINUOUS
10
0.5092857086614173
20
0.1388668503937008
11
0.5094773228346456
21
0.1388154724409449
0
LINE
8
BLACK
6
CONTINUOUS
10
0.5808571653543307
20
0.1380629921259842
11
0.5830533070866142
21
0.1358668503937008
0
LINE
8
BLACK
6
CONTINUOUS
10
0.5830533070866142
20
0.1358668503937008
11
0.5838571653543307
21
0.1328668503937008
0
LINE
8
BLACK
6
CONTINUOUS
10
0.5838571653543307
20
0.1328668503937008
11
0.5830533070866142
21
0.1298668503937008
0
LINE
8
BLACK
6
CONTINUOUS
10
0.5830533070866142
20
0.1298668503937008
11
0.5808571653543307
21
0.1276707086614173
0
LINE
8
BLACK
6
CONTINUOUS
10
0.5808571653543307
20
0.1276707086614173
11
0.5778571653543307
21
0.1268668503937008
0
LINE
8
BLACK
6
CONTINUOUS
10
0.5778571653543307
20
0.1268668503937008
11
0.5678449999999999
21
0.1268668503937008
0
LINE
8
BLACK
6
CONTINUOUS
10
0.5678449999999999
20
0.1268668503937008
11
0.5642684251968504
21
0.1250785826771653
0
LINE
8
BLACK
6
CONTINUOUS
10
0.5642684251968504
20
0.1250785826771653
11
0.562519842519685
21
0.1233299606299213
0
LINE
8
BLACK
6
CONTINUOUS
10
0.562519842519685
20
0.1233299606299213
11
0.5577116929133858
21
0.1161177559055118
0
LINE
8
BLACK
6
CONTINUOUS
10
0.5577116929133858
20
0.1161177559055118
11
0.5574542125984252
21
0.1150879133858268
0
LINE
8
BLACK
6
CONTINUOUS
10
0.5574542125984252
20
0.1150879133858268
11
0.5580309842519685
21
0.1153762992125984
0
LINE
8
BLACK
6
CONTINUOUS
10
0.5580309842519685
20
0.1153762992125984
11
0.5593822834645669
21
0.1156527952755906
0
LINE
8
BLACK
6
CONTINUOUS
10
0.5593822834645669
20
0.1156527952755906
11
0.5607142913385826
21
0.1160097244094488
0
LINE
8
BLACK
6
CONTINUOUS
10
0.5607142913385826
20
0.1160097244094488
11
0.572142874015748
21
0.1160097244094488
0
LINE
8
BLACK
6
CONTINUOUS
10
0.572142874015748
20
0.1160097244094488
11
0.5734748425196851
21
0.1156527952755906
0
LINE
8
BLACK
6
CONTINUOUS
10
0.5734748425196851
20
0.1156527952755906
11
0.5748261811023622
21
0.1153762992125984
0
LINE
8
BLACK
6
CONTINUOUS
10
0.5748261811023622
20
0.1153762992125984
11
0.5805404724409449
21
0.1125191338582677
0
LINE
8
BLACK
6
CONTINUOUS
10
0.5805404724409449
20
0.1125191338582677
11
0.5812632677165355
21
0.1118781496062992
0
LINE
8
BLACK
6
CONTINUOUS
10
0.5812632677165355
20
0.1118781496062992
11
0.5820998031496063
21
0.1113951968503937
0
LINE
8
BLACK
6
CONTINUOUS
10
0.5820998031496063
20
0.1113951968503937
11
0.5849569291338582
21
0.1085380708661417
0
LINE
8
BLACK
6
CONTINUOUS
10
0.5849569291338582
20
0.1085380708661417
11
0.5854399212598425
21
0.1077014566929134
0
LINE
8
BLACK
6
CONTINUOUS
10
0.5854399212598425
20
0.1077014566929134
11
0.5860808661417323
21
0.1069787007874016
0
LINE
8
BLACK
6
CONTINUOUS
10
0.5860808661417323
20
0.1069787007874016
11
0.5889379921259842
21
0.1012644094488189
0
LINE
8
BLACK
6
CONTINUOUS
10
0.5889379921259842
20
0.1012644094488189
11
0.5892144488188976
21
0.0999132283464567
0
LINE
8
BLACK
6
CONTINUOUS
10
0.5892144488188976
20
0.0999132283464567
11
0.5895714173228346
21
0.0985811417322835
0
LINE
8
BLACK
6
CONTINUOUS
10
0.5895714173228346
20
0.0985811417322835
11
0.5895714173228346
21
0.0842954330708661
0
LINE
8
BLACK
6
CONTINUOUS
10
0.5895714173228346
20
0.0842954330708661
11
0.5892144488188976
21
0.0829633070866142
0
LINE
8
BLACK
6
CONTINUOUS
10
0.5892144488188976
20
0.0829633070866142
11
0.5889379921259842
21
0.0816121653543307
0
LINE
8
BLACK
6
CONTINUOUS
10
0.5889379921259842
20
0.0816121653543307
11
0.5860808661417323
21
0.075897874015748
0
LINE
8
BLACK
6
CONTINUOUS
10
0.5860808661417323
20
0.075897874015748
11
0.5854399212598425
21
0.0751750787401575
0
LINE
8
BLACK
6
CONTINUOUS
10
0.5854399212598425
20
0.0751750787401575
11
0.5849569291338582
21
0.0743385039370079
0
LINE
8
BLACK
6
CONTINUOUS
10
0.5849569291338582
20
0.0743385039370079
11
0.5820998031496063
21
0.0714813779527559
0
LINE
8
BLACK
6
CONTINUOUS
10
0.5820998031496063
20
0.0714813779527559
11
0.5812632677165355
21
0.0709983858267716
0
LINE
8
BLACK
6
CONTINUOUS
10
0.5812632677165355
20
0.0709983858267716
11
0.5805404724409449
21
0.0703574409448819
0
LINE
8
BLACK
6
CONTINUOUS
10
0.5805404724409449
20
0.0703574409448819
11
0.5748261811023622
21
0.0675002755905512
0
LINE
8
BLACK
6
CONTINUOUS
10
0.5748261811023622
20
0.0675002755905512
11
0.5734748425196851
21
0.0672237401574803
0
LINE
8
BLACK
6
CONTINUOUS
10
0.5734748425196851
20
0.0672237401574803
11
0.572142874015748
21
0.0668668503937008
0
LINE
8
BLACK
6
CONTINUOUS
10
0.572142874015748
20
0.0668668503937008
11
0.5607142913385826
21
0.0668668503937008
0
LINE
8
BLACK
6
CONTINUOUS
10
0.5607142913385826
20
0.0668668503937008
11
0.5593822834645669
21
0.0672237401574803
0
LINE
8
BLACK
6
CONTINUOUS
10
0.5593822834645669
20
0.0672237401574803
11
0.5580309842519685
21
0.0675002755905512
0
LINE
8
BLACK
6
CONTINUOUS
10
0.5580309842519685
20
0.0675002755905512
11
0.5523166929133858
21
0.0703574409448819
0
LINE
8
BLACK
6
CONTINUOUS
10
0.5523166929133858
20
0.0703574409448819
11
0.5515938582677166
21
0.0709983858267716
0
LINE
8
BLACK
6
CONTINUOUS
10
0.5515938582677166
20
0.0709983858267716
11
0.5507573622047244
21
0.0714813779527559
0
LINE
8
BLACK
6
CONTINUOUS
10
0.5507573622047244
20
0.0714813779527559
11
0.5479002362204725
21
0.0743385039370079
0
LINE
8
BLACK
6
CONTINUOUS
10
0.5479002362204725
20
0.0743385039370079
11
0.5474172440944882
21
0.075175
0
LINE
8
BLACK
6
CONTINUOUS
10
0.5474172440944882
20
0.075175
11
0.5467762992125984
21
0.0758978346456693
0
LINE
8
BLACK
6
CONTINUOUS
10
0.5467762992125984
20
0.0758978346456693
11
0.5439191338582677
21
0.081612125984252
0
LINE
8
BLACK
6
CONTINUOUS
10
0.5439191338582677
20
0.081612125984252
11
0.5436425984251968
21
0.0829634251968504
0
LINE
8
BLACK
6
CONTINUOUS
10
0.5436425984251968
20
0.0829634251968504
11
0.5432857086614173
21
0.0842954330708661
0
LINE
8
BLACK
6
CONTINUOUS
10
0.5432857086614173
20
0.0842954330708661
11
0.5432857086614173
21
0.1071525590551181
0
LINE
8
BLACK
6
CONTINUOUS
10
0.5432857086614173
20
0.1071525590551181
11
0.5434772834645669
21
0.1078675590551181
0
LINE
8
BLACK
6
CONTINUOUS
10
0.5434772834645669
20
0.1078675590551181
11
0.5434648425196851
21
0.1086077952755905
0
LINE
8
BLACK
6
CONTINUOUS
10
0.5434648425196851
20
0.1086077952755905
11
0.5463220078740157
21
0.1200363779527559
0
LINE
8
BLACK
6
CONTINUOUS
10
0.5463220078740157
20
0.1200363779527559
11
0.5468211023622047
21
0.1209354330708661
0
LINE
8
BLACK
6
CONTINUOUS
10
0.5468211023622047
20
0.1209354330708661
11
0.5471505905511811
21
0.1219093307086614
0
LINE
8
BLACK
6
CONTINUOUS
10
0.5471505905511811
20
0.1219093307086614
11
0.5528648818897638
21
0.1304807874015748
0
LINE
8
BLACK
6
CONTINUOUS
10
0.5528648818897638
20
0.1304807874015748
11
0.5533149212598425
21
0.1308762992125984
0
LINE
8
BLACK
6
CONTINUOUS
10
0.5533149212598425
20
0.1308762992125984
11
0.5536144881889764
21
0.131395157480315
0
LINE
8
BLACK
6
CONTINUOUS
10
0.5536144881889764
20
0.131395157480315
11
0.5564716141732283
21
0.1342523622047244
0
LINE
8
BLACK
6
CONTINUOUS
10
0.5564716141732283
20
0.1342523622047244
11
0.5573083070866142
21
0.1347353937007874
0
LINE
8
BLACK
6
CONTINUOUS
10
0.5573083070866142
20
0.1347353937007874
11
0.5580310236220473
21
0.1353762992125984
0
LINE
8
BLACK
6
CONTINUOUS
10
0.5580310236220473
20
0.1353762992125984
11
0.56374531496063
21
0.1382334251968504
0
LINE
8
BLACK
6
CONTINUOUS
10
0.56374531496063
20
0.1382334251968504
11
0.5650964566929134
21
0.1385098818897638
0
LINE
8
BLACK
6
CONTINUOUS
10
0.5650964566929134
20
0.1385098818897638
11
0.5664285826771653
21
0.1388668503937008
0
LINE
8
BLACK
6
CONTINUOUS
10
0.5664285826771653
20
0.1388668503937008
11
0.5778571653543307
21
0.1388668503937008
0
LINE
8
BLACK
6
CONTINUOUS
10
0.5778571653543307
20
0.1388668503937008
11
0.5808571653543307
21
0.1380629921259842
0
LINE
8
BLACK
6
CONTINUOUS
10
0.5585540944881889
20
0.1022213779527559
11
0.5570740157480315
21
0.1007412992125984
0
LINE
8
BLACK
6
CONTINUOUS
10
0.5570740157480315
20
0.1007412992125984
11
0.5552857086614174
21
0.0971646456692913
0
LINE
8
BLACK
6
CONTINUOUS
10
0.5552857086614174
20
0.0971646456692913
11
0.5552857086614174
21
0.0857118897637795
0
LINE
8
BLACK
6
CONTINUOUS
10
0.5552857086614174
20
0.0857118897637795
11
0.5570740157480315
21
0.0821352362204724
0
LINE
8
BLACK
6
CONTINUOUS
10
0.5570740157480315
20
0.0821352362204724
11
0.5585540944881889
21
0.080655157480315
0
LINE
8
BLACK
6
CONTINUOUS
10
0.5585540944881889
20
0.080655157480315
11
0.5621307480314961
21
0.0788668503937008
0
LINE
8
BLACK
6
CONTINUOUS
10
0.5621307480314961
20
0.0788668503937008
11
0.5707264173228346
21
0.0788668503937008
0
LINE
8
BLACK
6
CONTINUOUS
10
0.5707264173228346
20
0.0788668503937008
11
0.574303031496063
21
0.080655157480315
0
LINE
8
BLACK
6
CONTINUOUS
10
0.574303031496063
20
0.080655157480315
11
0.5757831102362204
21
0.0821352362204724
0
LINE
8
BLACK
6
CONTINUOUS
10
0.5757831102362204
20
0.0821352362204724
11
0.5775714173228347
21
0.085711811023622
0
LINE
8
BLACK
6
CONTINUOUS
10
0.5775714173228347
20
0.085711811023622
11
0.5775714173228347
21
0.0971647244094488
0
LINE
8
BLACK
6
CONTINUOUS
10
0.5775714173228347
20
0.0971647244094488
11
0.5757831102362204
21
0.1007412992125984
0
LINE
8
BLACK
6
CONTINUOUS
10
0.5757831102362204
20
0.1007412992125984
11
0.574303031496063
21
0.1022213779527559
0
LINE
8
BLACK
6
CONTINUOUS
10
0.574303031496063
20
0.1022213779527559
11
0.5707264173228346
21
0.1040097244094488
0
LINE
8
BLACK
6
CONTINUOUS
10
0.5707264173228346
20
0.1040097244094488
11
0.5621307480314961
21
0.1040097244094488
0
LINE
8
BLACK
6
CONTINUOUS
10
0.5621307480314961
20
0.1040097244094488
11
0.5585540944881889
21
0.1022213779527559
0
LINE
8
BLACK
6
CONTINUOUS
10
0.59
20
0.1581496062992126
11
0.44
21
0.1581496062992126
0
LINE
8
BLACK
6
CONTINUOUS
10
0.44
20
0.1581496062992126
11
0.44
21
0.3081496062992126
0
LINE
8
BLACK
6
CONTINUOUS
10
0.44
20
0.3081496062992126
11
0.59
21
0.3081496062992126
0
LINE
8
BLACK
6
CONTINUOUS
10
0.59
20
0.3081496062992126
11
0.59
21
0.1581496062992126
0
LINE
8
BLACK
6
CONTINUOUS
10
0.4366433464566929
20
0.6297355118110236
11
0.4367725984251968
21
0.6297583070866142
0
LINE
8
BLACK
6
CONTINUOUS
10
0.4367725984251968
20
0.6297583070866142
11
0.4368861811023622
21
0.6296926771653543
0
LINE
8
BLACK
6
CONTINUOUS
10
0.4368861811023622
20
0.6296926771653543
11
0.4372697637795275
21
0.6296250787401575
0
LINE
8
BLACK
6
CONTINUOUS
10
0.4372697637795275
20
0.6296250787401575
11
0.4378574409448819
21
0.6291319291338583
0
LINE
8
BLACK
6
CONTINUOUS
10
0.4378574409448819
20
0.6291319291338583
11
0.4385217716535433
21
0.6287483858267716
0
LINE
8
BLACK
6
CONTINUOUS
10
0.4385217716535433
20
0.6287483858267716
11
0.438612874015748
21
0.628498031496063
0
LINE
8
BLACK
6
CONTINUOUS
10
0.438612874015748
20
0.628498031496063
11
0.4388170078740157
21
0.6283267716535433
0
LINE
8
BLACK
6
CONTINUOUS
10
0.4388170078740157
20
0.6283267716535433
11
0.4389502362204724
21
0.6275711811023622
0
LINE
8
BLACK
6
CONTINUOUS
10
0.4389502362204724
20
0.6275711811023622
11
0.4392125984251968
21
0.6268503937007874
0
LINE
8
BLACK
6
CONTINUOUS
10
0.4392125984251968
20
0.6268503937007874
11
0.4392125984251968
21
0.5904330708661417
0
LINE
8
BLACK
6
CONTINUOUS
10
0.4392125984251968
20
0.5904330708661417
11
0.5907874015748031
21
0.5904330708661417
0
LINE
8
BLACK
6
CONTINUOUS
10
0.5907874015748031
20
0.5904330708661417
11
0.5907874015748031
21
0.6268503937007874
0
LINE
8
BLACK
6
CONTINUOUS
10
0.5907874015748031
20
0.6268503937007874
11
0.590855
21
0.6272338976377952
0
LINE
8
BLACK
6
CONTINUOUS
10
0.590855
20
0.6272338976377952
11
0.5908322440944882
21
0.6273631496062992
0
LINE
8
BLACK
6
CONTINUOUS
10
0.5908322440944882
20
0.6273631496062992
11
0.5908978346456693
21
0.6274767322834646
0
LINE
8
BLACK
6
CONTINUOUS
10
0.5908978346456693
20
0.6274767322834646
11
0.5909654724409449
21
0.6278603149606299
0
LINE
8
BLACK
6
CONTINUOUS
10
0.5909654724409449
20
0.6278603149606299
11
0.5914585826771653
21
0.6284479921259842
0
LINE
8
BLACK
6
CONTINUOUS
10
0.5914585826771653
20
0.6284479921259842
11
0.5918421653543307
21
0.6291123228346457
0
LINE
8
BLACK
6
CONTINUOUS
10
0.5918421653543307
20
0.6291123228346457
11
0.5920924803149606
21
0.6292034251968504
0
LINE
8
BLACK
6
CONTINUOUS
10
0.5920924803149606
20
0.6292034251968504
11
0.592263779527559
21
0.6294075590551181
0
LINE
8
BLACK
6
CONTINUOUS
10
0.592263779527559
20
0.6294075590551181
11
0.5930193307086614
21
0.6295407874015748
0
LINE
8
BLACK
6
CONTINUOUS
10
0.5930193307086614
20
0.6295407874015748
11
0.5937401574803149
21
0.6298031496062992
0
LINE
8
BLACK
6
CONTINUOUS
10
0.5937401574803149
20
0.6298031496062992
11
0.6134251968503937
21
0.6298031496062992
0
LINE
8
BLACK
6
CONTINUOUS
10
0.6134251968503937
20
0.6298031496062992
11
0.631259842519685
21
0.6298031496062992
0
LINE
8
BLACK
6
CONTINUOUS
10
0.631259842519685
20
0.6298031496062992
11
0.6316433464566928
21
0.6297355118110236
0
LINE
8
BLACK
6
CONTINUOUS
10
0.6316433464566928
20
0.6297355118110236
11
0.6317725984251968
21
0.6297583070866142
0
LINE
8
BLACK
6
CONTINUOUS
10
0.6317725984251968
20
0.6297583070866142
11
0.6318861811023622
21
0.6296926771653543
0
LINE
8
BLACK
6
CONTINUOUS
10
0.6318861811023622
20
0.6296926771653543
11
0.6322697637795276
21
0.6296250787401575
0
LINE
8
BLACK
6
CONTINUOUS
10
0.6322697637795276
20
0.6296250787401575
11
0.6328574409448818
21
0.6291319291338583
0
LINE
8
BLACK
6
CONTINUOUS
10
0.6328574409448818
20
0.6291319291338583
11
0.6335217716535433
21
0.6287483858267716
0
LINE
8
BLACK
6
CONTINUOUS
10
0.6335217716535433
20
0.6287483858267716
11
0.6336128740157481
21
0.628498031496063
0
LINE
8
BLACK
6
CONTINUOUS
10
0.6336128740157481
20
0.628498031496063
11
0.6338170078740157
21
0.6283267716535433
0
LINE
8
BLACK
6
CONTINUOUS
10
0.6338170078740157
20
0.6283267716535433
11
0.6339502362204724
21
0.6275711811023622
0
LINE
8
BLACK
6
CONTINUOUS
10
0.6339502362204724
20
0.6275711811023622
11
0.6342125984251968
21
0.6268503937007874
0
LINE
8
BLACK
6
CONTINUOUS
10
0.6342125984251968
20
0.6268503937007874
11
0.6342125984251968
21
0.5904330708661417
0
LINE
8
BLACK
6
CONTINUOUS
10
0.6342125984251968
20
0.5904330708661417
11
0.7857874015748031
21
0.5904330708661417
0
LINE
8
BLACK
6
CONTINUOUS
10
0.7857874015748031
20
0.5904330708661417
11
0.7857874015748031
21
0.6268503937007874
0
LINE
8
BLACK
6
CONTINUOUS
10
0.7857874015748031
20
0.6268503937007874
11
0.785855
21
0.6272338976377952
0
LINE
8
BLACK
6
CONTINUOUS
10
0.785855
20
0.6272338976377952
11
0.7858322440944882
21
0.6273631496062992
0
LINE
8
BLACK
6
CONTINUOUS
10
0.7858322440944882
20
0.6273631496062992
11
0.7858978346456693
21
0.6274767322834646
0
LINE
8
BLACK
6
CONTINUOUS
10
0.7858978346456693
20
0.6274767322834646
11
0.7859654724409448
21
0.6278603149606299
0
LINE
8
BLACK
6
CONTINUOUS
10
0.7859654724409448
20
0.6278603149606299
11
0.7864585826771653
21
0.6284479921259842
0
LINE
8
BLACK
6
CONTINUOUS
10
0.7864585826771653
20
0.6284479921259842
11
0.7868421653543307
21
0.6291123228346457
0
LINE
8
BLACK
6
CONTINUOUS
10
0.7868421653543307
20
0.6291123228346457
11
0.7870924803149606
21
0.6292034251968504
0
LINE
8
BLACK
6
CONTINUOUS
10
0.7870924803149606
20
0.6292034251968504
11
0.787263779527559
21
0.6294075590551181
0
LINE
8
BLACK
6
CONTINUOUS
10
0.787263779527559
20
0.6294075590551181
11
0.7880193307086614
21
0.6295407874015748
0
LINE
8
BLACK
6
CONTINUOUS
10
0.7880193307086614
20
0.6295407874015748
11
0.7887401574803149
21
0.6298031496062992
0
LINE
8
BLACK
6
CONTINUOUS
10
0.7887401574803149
20
0.6298031496062992
11
0.8084251968503937
21
0.6298031496062992
0
LINE
8
BLACK
6
CONTINUOUS
10
0.8084251968503937
20
0.6298031496062992
11
0.8088087007874015
21
0.6297355118110236
0
LINE
8
BLACK
6
CONTINUOUS
10
0.8088087007874015
20
0.6297355118110236
11
0.8089379527559055
21
0.6297583070866142
0
LINE
8
BLACK
6
CONTINUOUS
10
0.8089379527559055
20
0.6297583070866142
11
0.8090515354330708
21
0.6296926771653543
0
LINE
8
BLACK
6
CONTINUOUS
10
0.8090515354330708
20
0.6296926771653543
11
0.8094351181102362
21
0.6296250787401575
0
LINE
8
BLACK
6
CONTINUOUS
10
0.8094351181102362
20
0.6296250787401575
11
0.8099314566929133
21
0.6292085826771653
0
LINE
8
BLACK
6
CONTINUOUS
10
0.8099314566929133
20
0.6292085826771653
11
0.8100984251968504
21
0.6294075590551181
0
LINE
8
BLACK
6
CONTINUOUS
10
0.8100984251968504
20
0.6294075590551181
11
0.8108539763779528
21
0.6295407874015748
0
LINE
8
BLACK
6
CONTINUOUS
10
0.8108539763779528
20
0.6295407874015748
11
0.8115748031496063
21
0.6298031496062992
0
LINE
8
BLACK
6
CONTINUOUS
10
0.8115748031496063
20
0.6298031496062992
11
0.831259842519685
21
0.6298031496062992
0
LINE
8
BLACK
6
CONTINUOUS
10
0.831259842519685
20
0.6298031496062992
11
0.8316433464566929
21
0.6297355118110236
0
LINE
8
BLACK
6
CONTINUOUS
10
0.8316433464566929
20
0.6297355118110236
11
0.8317725984251968
21
0.6297583070866142
0
LINE
8
BLACK
6
CONTINUOUS
10
0.8317725984251968
20
0.6297583070866142
11
0.8318861811023622
21
0.6296926771653543
0
LINE
8
BLACK
6
CONTINUOUS
10
0.8318861811023622
20
0.6296926771653543
11
0.8322697637795275
21
0.6296250787401575
0
LINE
8
BLACK
6
CONTINUOUS
10
0.8322697637795275
20
0.6296250787401575
11
0.8328574409448819
21
0.6291319291338583
0
LINE
8
BLACK
6
CONTINUOUS
10
0.8328574409448819
20
0.6291319291338583
11
0.8335217716535432
21
0.6287483858267716
0
LINE
8
BLACK
6
CONTINUOUS
10
0.8335217716535432
20
0.6287483858267716
11
0.833612874015748
21
0.628498031496063
0
LINE
8
BLACK
6
CONTINUOUS
10
0.833612874015748
20
0.628498031496063
11
0.8338170078740157
21
0.6283267716535433
0
LINE
8
BLACK
6
CONTINUOUS
10
0.8338170078740157
20
0.6283267716535433
11
0.8339502362204724
21
0.6275711811023622
0
LINE
8
BLACK
6
CONTINUOUS
10
0.8339502362204724
20
0.6275711811023622
11
0.8342125984251968
21
0.6268503937007874
0
LINE
8
BLACK
6
CONTINUOUS
10
0.8342125984251968
20
0.6268503937007874
11
0.8342125984251968
21
0.5904330708661417
0
LINE
8
BLACK
6
CONTINUOUS
10
0.8342125984251968
20
0.5904330708661417
11
0.9857874015748032
21
0.5904330708661417
0
LINE
8
BLACK
6
CONTINUOUS
10
0.9857874015748032
20
0.5904330708661417
11
0.9857874015748032
21
0.6268503937007874
0
LINE
8
BLACK
6
CONTINUOUS
10
0.9857874015748032
20
0.6268503937007874
11
0.9858549999999999
21
0.6272338976377952
0
LINE
8
BLACK
6
CONTINUOUS
10
0.9858549999999999
20
0.6272338976377952
11
0.9858322440944882
21
0.6273631496062992
0
LINE
8
BLACK
6
CONTINUOUS
10
0.9858322440944882
20
0.6273631496062992
11
0.9858978346456693
21
0.6274767322834646
0
LINE
8
BLACK
6
CONTINUOUS
10
0.9858978346456693
20
0.6274767322834646
11
0.9859654724409449
21
0.6278603149606299
0
LINE
8
BLACK
6
CONTINUOUS
10
0.9859654724409449
20
0.6278603149606299
11
0.9864585826771654
21
0.6284479921259842
0
LINE
8
BLACK
6
CONTINUOUS
10
0.9864585826771654
20
0.6284479921259842
11
0.9868421653543307
21
0.6291123228346457
0
LINE
8
BLACK
6
CONTINUOUS
10
0.9868421653543307
20
0.6291123228346457
11
0.9870924803149606
21
0.6292034251968504
0
LINE
8
BLACK
6
CONTINUOUS
10
0.9870924803149606
20
0.6292034251968504
11
0.9872637795275591
21
0.6294075590551181
0
LINE
8
BLACK
6
CONTINUOUS
10
0.9872637795275591
20
0.6294075590551181
11
0.9880193307086614
21
0.6295407874015748
0
LINE
8
BLACK
6
CONTINUOUS
10
0.9880193307086614
20
0.6295407874015748
11
0.988740157480315
21
0.6298031496062992
0
LINE
8
BLACK
6
CONTINUOUS
10
0.988740157480315
20
0.6298031496062992
11
1.0084251968503937
21
0.6298031496062992
0
LINE
8
BLACK
6
CONTINUOUS
10
1.0084251968503937
20
0.6298031496062992
11
1.0088087007874016
21
0.6297355118110236
0
LINE
8
BLACK
6
CONTINUOUS
10
1.0088087007874016
20
0.6297355118110236
11
1.0089379527559055
21
0.6297583070866142
0
LINE
8
BLACK
6
CONTINUOUS
10
1.0089379527559055
20
0.6297583070866142
11
1.0090515354330709
21
0.6296926771653543
0
LINE
8
BLACK
6
CONTINUOUS
10
1.0090515354330709
20
0.6296926771653543
11
1.0094351181102361
21
0.6296250787401575
0
LINE
8
BLACK
6
CONTINUOUS
10
1.0094351181102361
20
0.6296250787401575
11
1.0099314566929134
21
0.6292085826771653
0
LINE
8
BLACK
6
CONTINUOUS
10
1.0099314566929134
20
0.6292085826771653
11
1.0100984251968503
21
0.6294075590551181
0
LINE
8
BLACK
6
CONTINUOUS
10
1.0100984251968503
20
0.6294075590551181
11
1.0108539763779527
21
0.6295407874015748
0
LINE
8
BLACK
6
CONTINUOUS
10
1.0108539763779527
20
0.6295407874015748
11
1.0115748031496063
21
0.6298031496062992
0
LINE
8
BLACK
6
CONTINUOUS
10
1.0115748031496063
20
0.6298031496062992
11
1.0312598425196851
21
0.6298031496062992
0
LINE
8
BLACK
6
CONTINUOUS
10
1.0312598425196851
20
0.6298031496062992
11
1.031643346456693
21
0.6297355118110236
0
LINE
8
BLACK
6
CONTINUOUS
10
1.031643346456693
20
0.6297355118110236
11
1.0317725984251969
21
0.6297583070866142
0
LINE
8
BLACK
6
CONTINUOUS
10
1.0317725984251969
20
0.6297583070866142
11
1.0318861811023621
21
0.6296926771653543
0
LINE
8
BLACK
6
CONTINUOUS
10
1.0318861811023621
20
0.6296926771653543
11
1.0322697637795275
21
0.6296250787401575
0
LINE
8
BLACK
6
CONTINUOUS
10
1.0322697637795275
20
0.6296250787401575
11
1.0328574409448819
21
0.6291319291338583
0
LINE
8
BLACK
6
CONTINUOUS
10
1.0328574409448819
20
0.6291319291338583
11
1.0335217716535432
21
0.6287483858267716
0
LINE
8
BLACK
6
CONTINUOUS
10
1.0335217716535432
20
0.6287483858267716
11
1.033612874015748
21
0.628498031496063
0
LINE
8
BLACK
6
CONTINUOUS
10
1.033612874015748
20
0.628498031496063
11
1.0338170078740156
21
0.6283267716535433
0
LINE
8
BLACK
6
CONTINUOUS
10
1.0338170078740156
20
0.6283267716535433
11
1.0339502362204724
21
0.6275711811023622
0
LINE
8
BLACK
6
CONTINUOUS
10
1.0339502362204724
20
0.6275711811023622
11
1.0342125984251969
21
0.6268503937007874
0
LINE
8
BLACK
6
CONTINUOUS
10
1.0342125984251969
20
0.6268503937007874
11
1.0342125984251969
21
0.5904330708661417
0
LINE
8
BLACK
6
CONTINUOUS
10
1.0342125984251969
20
0.5904330708661417
11
1.1857874015748031
21
0.5904330708661417
0
LINE
8
BLACK
6
CONTINUOUS
10
1.1857874015748031
20
0.5904330708661417
11
1.1857874015748031
21
0.6268503937007874
0
LINE
8
BLACK
6
CONTINUOUS
10
1.1857874015748031
20
0.6268503937007874
11
1.1858549999999999
21
0.6272338976377952
0
LINE
8
BLACK
6
CONTINUOUS
10
1.1858549999999999
20
0.6272338976377952
11
1.1858322440944882
21
0.6273631496062992
0
LINE
8
BLACK
6
CONTINUOUS
10
1.1858322440944882
20
0.6273631496062992
11
1.1858978346456692
21
0.6274767322834646
0
LINE
8
BLACK
6
CONTINUOUS
10
1.1858978346456692
20
0.6274767322834646
11
1.1859654724409447
21
0.6278603149606299
0
LINE
8
BLACK
6
CONTINUOUS
10
1.1859654724409447
20
0.6278603149606299
11
1.1864585826771654
21
0.6284479921259842
0
LINE
8
BLACK
6
CONTINUOUS
10
1.1864585826771654
20
0.6284479921259842
11
1.1868421653543306
21
0.6291123228346457
0
LINE
8
BLACK
6
CONTINUOUS
10
1.1868421653543306
20
0.6291123228346457
11
1.1870924803149605
21
0.6292034251968504
0
LINE
8
BLACK
6
CONTINUOUS
10
1.1870924803149605
20
0.6292034251968504
11
1.1872637795275591
21
0.6294075590551181
0
LINE
8
BLACK
6
CONTINUOUS
10
1.1872637795275591
20
0.6294075590551181
11
1.1880193307086613
21
0.6295407874015748
0
LINE
8
BLACK
6
CONTINUOUS
10
1.1880193307086613
20
0.6295407874015748
11
1.1887401574803149
21
0.6298031496062992
0
LINE
8
BLACK
6
CONTINUOUS
10
1.1887401574803149
20
0.6298031496062992
11
1.2084251968503936
21
0.6298031496062992
0
LINE
8
BLACK
6
CONTINUOUS
10
1.2084251968503936
20
0.6298031496062992
11
1.2088087007874015
21
0.6297355118110236
0
LINE
8
BLACK
6
CONTINUOUS
10
1.2088087007874015
20
0.6297355118110236
11
1.2089379527559054
21
0.6297583070866142
0
LINE
8
BLACK
6
CONTINUOUS
10
1.2089379527559054
20
0.6297583070866142
11
1.2090515354330709
21
0.6296926771653543
0
LINE
8
BLACK
6
CONTINUOUS
10
1.2090515354330709
20
0.6296926771653543
11
1.2094351181102363
21
0.6296250787401575
0
LINE
8
BLACK
6
CONTINUOUS
10
1.2094351181102363
20
0.6296250787401575
11
1.2099314566929134
21
0.6292085826771653
0
LINE
8
BLACK
6
CONTINUOUS
10
1.2099314566929134
20
0.6292085826771653
11
1.2100984251968503
21
0.6294075590551181
0
LINE
8
BLACK
6
CONTINUOUS
10
1.2100984251968503
20
0.6294075590551181
11
1.2108539763779527
21
0.6295407874015748
0
LINE
8
BLACK
6
CONTINUOUS
10
1.2108539763779527
20
0.6295407874015748
11
1.2115748031496063
21
0.6298031496062992
0
LINE
8
BLACK
6
CONTINUOUS
10
1.2115748031496063
20
0.6298031496062992
11
1.231259842519685
21
0.6298031496062992
0
LINE
8
BLACK
6
CONTINUOUS
10
1.231259842519685
20
0.6298031496062992
11
1.2316433464566929
21
0.6297355118110236
0
LINE
8
BLACK
6
CONTINUOUS
10
1.2316433464566929
20
0.6297355118110236
11
1.2317725984251968
21
0.6297583070866142
0
LINE
8
BLACK
6
CONTINUOUS
10
1.2317725984251968
20
0.6297583070866142
11
1.2318861811023623
21
0.6296926771653543
0
LINE
8
BLACK
6
CONTINUOUS
10
1.2318861811023623
20
0.6296926771653543
11
1.2322697637795275
21
0.6296250787401575
0
LINE
8
BLACK
6
CONTINUOUS
10
1.2322697637795275
20
0.6296250787401575
11
1.2328574409448818
21
0.6291319291338583
0
LINE
8
BLACK
6
CONTINUOUS
10
1.2328574409448818
20
0.6291319291338583
11
1.2335217716535434
21
0.6287483858267716
0
LINE
8
BLACK
6
CONTINUOUS
10
1.2335217716535434
20
0.6287483858267716
11
1.2336128740157479
21
0.628498031496063
0
LINE
8
BLACK
6
CONTINUOUS
10
1.2336128740157479
20
0.628498031496063
11
1.2338170078740158
21
0.6283267716535433
0
LINE
8
BLACK
6
CONTINUOUS
10
1.2338170078740158
20
0.6283267716535433
11
1.2339502362204724
21
0.6275711811023622
0
LINE
8
BLACK
6
CONTINUOUS
10
1.2339502362204724
20
0.6275711811023622
11
1.2342125984251968
21
0.6268503937007874
0
LINE
8
BLACK
6
CONTINUOUS
10
1.2342125984251968
20
0.6268503937007874
11
1.2342125984251968
21
0.5904330708661417
0
LINE
8
BLACK
6
CONTINUOUS
10
1.2342125984251968
20
0.5904330708661417
11
1.3857874015748031
21
0.5904330708661417
0
LINE
8
BLACK
6
CONTINUOUS
10
1.3857874015748031
20
0.5904330708661417
11
1.3857874015748031
21
0.6268503937007874
0
LINE
8
BLACK
6
CONTINUOUS
10
1.3857874015748031
20
0.6268503937007874
11
1.3858550000000001
21
0.6272338976377952
0
LINE
8
BLACK
6
CONTINUOUS
10
1.3858550000000001
20
0.6272338976377952
11
1.3858322440944881
21
0.6273631496062992
0
LINE
8
BLACK
6
CONTINUOUS
10
1.3858322440944881
20
0.6273631496062992
11
1.3858978346456692
21
0.6274767322834646
0
LINE
8
BLACK
6
CONTINUOUS
10
1.3858978346456692
20
0.6274767322834646
11
1.3859654724409449
21
0.6278603149606299
0
LINE
8
BLACK
6
CONTINUOUS
10
1.3859654724409449
20
0.6278603149606299
11
1.3864585826771654
21
0.6284479921259842
0
LINE
8
BLACK
6
CONTINUOUS
10
1.3864585826771654
20
0.6284479921259842
11
1.3868421653543306
21
0.6291123228346457
0
LINE
8
BLACK
6
CONTINUOUS
10
1.3868421653543306
20
0.6291123228346457
11
1.3870924803149607
21
0.6292034251968504
0
LINE
8
BLACK
6
CONTINUOUS
10
1.3870924803149607
20
0.6292034251968504
11
1.3872637795275591
21
0.6294075590551181
0
LINE
8
BLACK
6
CONTINUOUS
10
1.3872637795275591
20
0.6294075590551181
11
1.3880193307086615
21
0.6295407874015748
0
LINE
8
BLACK
6
CONTINUOUS
10
1.3880193307086615
20
0.6295407874015748
11
1.3887401574803149
21
0.6298031496062992
0
LINE
8
BLACK
6
CONTINUOUS
10
1.3887401574803149
20
0.6298031496062992
11
1.4084251968503936
21
0.6298031496062992
0
LINE
8
BLACK
6
CONTINUOUS
10
1.4084251968503936
20
0.6298031496062992
11
1.4088087007874015
21
0.6297355118110236
0
LINE
8
BLACK
6
CONTINUOUS
10
1.4088087007874015
20
0.6297355118110236
11
1.4089379527559054
21
0.6297583070866142
0
LINE
8
BLACK
6
CONTINUOUS
10
1.4089379527559054
20
0.6297583070866142
11
1.4090515354330708
21
0.6296926771653543
0
LINE
8
BLACK
6
CONTINUOUS
10
1.4090515354330708
20
0.6296926771653543
11
1.4094351181102363
21
0.6296250787401575
0
LINE
8
BLACK
6
CONTINUOUS
10
1.4094351181102363
20
0.6296250787401575
11
1.4099314566929133
21
0.6292085826771653
0
LINE
8
BLACK
6
CONTINUOUS
10
1.4099314566929133
20
0.6292085826771653
11
1.4100984251968505
21
0.6294075590551181
0
LINE
8
BLACK
6
CONTINUOUS
10
1.4100984251968505
20
0.6294075590551181
11
1.4108539763779526
21
0.6295407874015748
0
LINE
8
BLACK
6
CONTINUOUS
10
1.4108539763779526
20
0.6295407874015748
11
1.4115748031496063
21
0.6298031496062992
0
LINE
8
BLACK
6
CONTINUOUS
10
1.4115748031496063
20
0.6298031496062992
11
1.431259842519685
21
0.6298031496062992
0
LINE
8
BLACK
6
CONTINUOUS
10
1.431259842519685
20
0.6298031496062992
11
1.4316433464566929
21
0.6297355118110236
0
LINE
8
BLACK
6
CONTINUOUS
10
1.4316433464566929
20
0.6297355118110236
11
1.4317725984251968
21
0.6297583070866142
0
LINE
8
BLACK
6
CONTINUOUS
10
1.4317725984251968
20
0.6297583070866142
11
1.4318861811023622
21
0.6296926771653543
0
LINE
8
BLACK
6
CONTINUOUS
10
1.4318861811023622
20
0.6296926771653543
11
1.4322697637795274
21
0.6296250787401575
0
LINE
8
BLACK
6
CONTINUOUS
10
1.4322697637795274
20
0.6296250787401575
11
1.4328574409448818
21
0.6291319291338583
0
LINE
8
BLACK
6
CONTINUOUS
10
1.4328574409448818
20
0.6291319291338583
11
1.4335217716535433
21
0.6287483858267716
0
LINE
8
BLACK
6
CONTINUOUS
10
1.4335217716535433
20
0.6287483858267716
11
1.4336128740157481
21
0.628498031496063
0
LINE
8
BLACK
6
CONTINUOUS
10
1.4336128740157481
20
0.628498031496063
11
1.4338170078740158
21
0.6283267716535433
0
LINE
8
BLACK
6
CONTINUOUS
10
1.4338170078740158
20
0.6283267716535433
11
1.4339502362204724
21
0.6275711811023622
0
LINE
8
BLACK
6
CONTINUOUS
10
1.4339502362204724
20
0.6275711811023622
11
1.4342125984251968
21
0.6268503937007874
0
LINE
8
BLACK
6
CONTINUOUS
10
1.4342125984251968
20
0.6268503937007874
11
1.4342125984251968
21
0.5904330708661417
0
LINE
8
BLACK
6
CONTINUOUS
10
1.4342125984251968
20
0.5904330708661417
11
1.585787401574803
21
0.5904330708661417
0
LINE
8
BLACK
6
CONTINUOUS
10
1.585787401574803
20
0.5904330708661417
11
1.585787401574803
21
0.6268503937007874
0
LINE
8
BLACK
6
CONTINUOUS
10
1.585787401574803
20
0.6268503937007874
11
1.585855
21
0.6272338976377952
0
LINE
8
BLACK
6
CONTINUOUS
10
1.585855
20
0.6272338976377952
11
1.5858322440944881
21
0.6273631496062992
0
LINE
8
BLACK
6
CONTINUOUS
10
1.5858322440944881
20
0.6273631496062992
11
1.5858978346456694
21
0.6274767322834646
0
LINE
8
BLACK
6
CONTINUOUS
10
1.5858978346456694
20
0.6274767322834646
11
1.5859654724409449
21
0.6278603149606299
0
LINE
8
BLACK
6
CONTINUOUS
10
1.5859654724409449
20
0.6278603149606299
11
1.5864585826771653
21
0.6284479921259842
0
LINE
8
BLACK
6
CONTINUOUS
10
1.5864585826771653
20
0.6284479921259842
11
1.5868421653543308
21
0.6291123228346457
0
LINE
8
BLACK
6
CONTINUOUS
10
1.5868421653543308
20
0.6291123228346457
11
1.5870924803149606
21
0.6292034251968504
0
LINE
8
BLACK
6
CONTINUOUS
10
1.5870924803149606
20
0.6292034251968504
11
1.587263779527559
21
0.6294075590551181
0
LINE
8
BLACK
6
CONTINUOUS
10
1.587263779527559
20
0.6294075590551181
11
1.5880193307086614
21
0.6295407874015748
0
LINE
8
BLACK
6
CONTINUOUS
10
1.5880193307086614
20
0.6295407874015748
11
1.5887401574803148
21
0.6298031496062992
0
LINE
8
BLACK
6
CONTINUOUS
10
1.5887401574803148
20
0.6298031496062992
11
1.6084251968503938
21
0.6298031496062992
0
LINE
8
BLACK
6
CONTINUOUS
10
1.6084251968503938
20
0.6298031496062992
11
1.6088087007874015
21
0.6297355118110236
0
LINE
8
BLACK
6
CONTINUOUS
10
1.6088087007874015
20
0.6297355118110236
11
1.6089379527559056
21
0.6297583070866142
0
LINE
8
BLACK
6
CONTINUOUS
10
1.6089379527559056
20
0.6297583070866142
11
1.6090515354330708
21
0.6296926771653543
0
LINE
8
BLACK
6
CONTINUOUS
10
1.6090515354330708
20
0.6296926771653543
11
1.6094351181102362
21
0.6296250787401575
0
LINE
8
BLACK
6
CONTINUOUS
10
1.6094351181102362
20
0.6296250787401575
11
1.6100227952755906
21
0.6291319291338583
0
LINE
8
BLACK
6
CONTINUOUS
10
1.6100227952755906
20
0.6291319291338583
11
1.6106871259842519
21
0.6287483858267716
0
LINE
8
BLACK
6
CONTINUOUS
10
1.6106871259842519
20
0.6287483858267716
11
1.6107782283464567
21
0.628498031496063
0
LINE
8
BLACK
6
CONTINUOUS
10
1.6107782283464567
20
0.628498031496063
11
1.6109823622047243
21
0.6283267716535433
0
LINE
8
BLACK
6
CONTINUOUS
10
1.6109823622047243
20
0.6283267716535433
11
1.6111155905511811
21
0.6275711811023622
0
LINE
8
BLACK
6
CONTINUOUS
10
1.6111155905511811
20
0.6275711811023622
11
1.6113779527559056
21
0.6268503937007874
0
LINE
8
BLACK
6
CONTINUOUS
10
1.6113779527559056
20
0.6268503937007874
11
1.6113779527559056
21
0.3906299212598425
0
LINE
8
BLACK
6
CONTINUOUS
10
1.6113779527559056
20
0.3906299212598425
11
1.6113779527559056
21
0.0362992125984252
0
LINE
8
BLACK
6
CONTINUOUS
10
1.6113779527559056
20
0.0362992125984252
11
1.6113122834645668
21
0.035926811023622
0
LINE
8
BLACK
6
CONTINUOUS
10
1.6113122834645668
20
0.035926811023622
11
1.6113370472440944
21
0.0357864566929134
0
LINE
8
BLACK
6
CONTINUOUS
10
1.6113370472440944
20
0.0357864566929134
11
1.611265748031496
21
0.0356629921259842
0
LINE
8
BLACK
6
CONTINUOUS
10
1.611265748031496
20
0.0356629921259842
11
1.6111998818897637
21
0.0352892913385827
0
LINE
8
BLACK
6
CONTINUOUS
10
1.6111998818897637
20
0.0352892913385827
11
1.6107193700787401
21
0.0347166141732283
0
LINE
8
BLACK
6
CONTINUOUS
10
1.6107193700787401
20
0.0347166141732283
11
1.610327125984252
21
0.0340372834645669
0
LINE
8
BLACK
6
CONTINUOUS
10
1.610327125984252
20
0.0340372834645669
11
1.6100711023622047
21
0.033944094488189
0
LINE
8
BLACK
6
CONTINUOUS
10
1.6100711023622047
20
0.033944094488189
11
1.6099015748031495
21
0.0337420472440945
0
LINE
8
BLACK
6
CONTINUOUS
10
1.6099015748031495
20
0.0337420472440945
11
1.609153622047244
21
0.033610157480315
0
LINE
8
BLACK
6
CONTINUOUS
10
1.609153622047244
20
0.033610157480315
11
1.6084291338582677
21
0.0333464566929134
0
LINE
8
BLACK
6
CONTINUOUS
10
1.6084291338582677
20
0.0333464566929134
11
1.4115708661417323
21
0.0333464566929134
0
LINE
8
BLACK
6
CONTINUOUS
10
1.4115708661417323
20
0.0333464566929134
11
1.4111892913385826
21
0.0334137007874016
0
LINE
8
BLACK
6
CONTINUOUS
10
1.4111892913385826
20
0.0334137007874016
11
1.4110620472440945
21
0.0333912992125984
0
LINE
8
BLACK
6
CONTINUOUS
10
1.4110620472440945
20
0.0333912992125984
11
1.4109501574803149
21
0.0334558661417323
0
LINE
8
BLACK
6
CONTINUOUS
10
1.4109501574803149
20
0.0334558661417323
11
1.4105609448818897
21
0.0335245275590551
0
LINE
8
BLACK
6
CONTINUOUS
10
1.4105609448818897
20
0.0335245275590551
11
1.4100668897637796
21
0.0339390551181102
0
LINE
8
BLACK
6
CONTINUOUS
10
1.4100668897637796
20
0.0339390551181102
11
1.4099015748031496
21
0.0337420472440945
0
LINE
8
BLACK
6
CONTINUOUS
10
1.4099015748031496
20
0.0337420472440945
11
1.409153622047244
21
0.033610157480315
0
LINE
8
BLACK
6
CONTINUOUS
10
1.409153622047244
20
0.033610157480315
11
1.4084291338582677
21
0.0333464566929134
0
LINE
8
BLACK
6
CONTINUOUS
10
1.4084291338582677
20
0.0333464566929134
11
1.2115708661417322
21
0.0333464566929134
0
LINE
8
BLACK
6
CONTINUOUS
10
1.2115708661417322
20
0.0333464566929134
11
1.2111892913385827
21
0.0334137007874016
0
LINE
8
BLACK
6
CONTINUOUS
10
1.2111892913385827
20
0.0334137007874016
11
1.2110620472440945
21
0.0333912992125984
0
LINE
8
BLACK
6
CONTINUOUS
10
1.2110620472440945
20
0.0333912992125984
11
1.210950157480315
21
0.0334558661417323
0
LINE
8
BLACK
6
CONTINUOUS
10
1.210950157480315
20
0.0334558661417323
11
1.2105609448818897
21
0.0335245275590551
0
LINE
8
BLACK
6
CONTINUOUS
10
1.2105609448818897
20
0.0335245275590551
11
1.2100668897637794
21
0.0339390551181102
0
LINE
8
BLACK
6
CONTINUOUS
10
1.2100668897637794
20
0.0339390551181102
11
1.2099015748031496
21
0.0337420472440945
0
LINE
8
BLACK
6
CONTINUOUS
10
1.2099015748031496
20
0.0337420472440945
11
1.2091536220472441
21
0.033610157480315
0
LINE
8
BLACK
6
CONTINUOUS
10
1.2091536220472441
20
0.033610157480315
11
1.2084291338582678
21
0.0333464566929134
0
LINE
8
BLACK
6
CONTINUOUS
10
1.2084291338582678
20
0.0333464566929134
11
1.0115708661417322
21
0.0333464566929134
0
LINE
8
BLACK
6
CONTINUOUS
10
1.0115708661417322
20
0.0333464566929134
11
1.0111892913385827
21
0.0334137007874016
0
LINE
8
BLACK
6
CONTINUOUS
10
1.0111892913385827
20
0.0334137007874016
11
1.0110620472440945
21
0.0333912992125984
0
LINE
8
BLACK
6
CONTINUOUS
10
1.0110620472440945
20
0.0333912992125984
11
1.010950157480315
21
0.0334558661417323
0
LINE
8
BLACK
6
CONTINUOUS
10
1.010950157480315
20
0.0334558661417323
11
1.0105609448818897
21
0.0335245275590551
0
LINE
8
BLACK
6
CONTINUOUS
10
1.0105609448818897
20
0.0335245275590551
11
1.0100668897637795
21
0.0339390551181102
0
LINE
8
BLACK
6
CONTINUOUS
10
1.0100668897637795
20
0.0339390551181102
11
1.0099015748031497
21
0.0337420472440945
0
LINE
8
BLACK
6
CONTINUOUS
10
1.0099015748031497
20
0.0337420472440945
11
1.0091536220472441
21
0.033610157480315
0
LINE
8
BLACK
6
CONTINUOUS
10
1.0091536220472441
20
0.033610157480315
11
1.0084291338582676
21
0.0333464566929134
0
LINE
8
BLACK
6
CONTINUOUS
10
1.0084291338582676
20
0.0333464566929134
11
0.8115708661417322
21
0.0333464566929134
0
LINE
8
BLACK
6
CONTINUOUS
10
0.8115708661417322
20
0.0333464566929134
11
0.8111892913385826
21
0.0334137007874016
0
LINE
8
BLACK
6
CONTINUOUS
10
0.8111892913385826
20
0.0334137007874016
11
0.8110620472440945
21
0.0333912992125984
0
LINE
8
BLACK
6
CONTINUOUS
10
0.8110620472440945
20
0.0333912992125984
11
0.810950157480315
21
0.0334558661417323
0
LINE
8
BLACK
6
CONTINUOUS
10
0.810950157480315
20
0.0334558661417323
11
0.8105609448818898
21
0.0335245275590551
0
LINE
8
BLACK
6
CONTINUOUS
10
0.8105609448818898
20
0.0335245275590551
11
0.8100668897637795
21
0.0339390551181102
0
LINE
8
BLACK
6
CONTINUOUS
10
0.8100668897637795
20
0.0339390551181102
11
0.8099015748031496
21
0.0337420472440945
0
LINE
8
BLACK
6
CONTINUOUS
10
0.8099015748031496
20
0.0337420472440945
11
0.8091536220472441
21
0.033610157480315
0
LINE
8
BLACK
6
CONTINUOUS
10
0.8091536220472441
20
0.033610157480315
11
0.8084291338582676
21
0.0333464566929134
0
LINE
8
BLACK
6
CONTINUOUS
10
0.8084291338582676
20
0.0333464566929134
11
0.6115708661417323
21
0.0333464566929134
0
LINE
8
BLACK
6
CONTINUOUS
10
0.6115708661417323
20
0.0333464566929134
11
0.4165708661417323
21
0.0333464566929134
0
LINE
8
BLACK
6
CONTINUOUS
10
0.4165708661417323
20
0.0333464566929134
11
0.4161892913385827
21
0.0334137007874016
0
LINE
8
BLACK
6
CONTINUOUS
10
0.4161892913385827
20
0.0334137007874016
11
0.4160620472440945
21
0.0333912992125984
0
LINE
8
BLACK
6
CONTINUOUS
10
0.4160620472440945
20
0.0333912992125984
11
0.4159501574803149
21
0.0334558661417323
0
LINE
8
BLACK
6
CONTINUOUS
10
0.4159501574803149
20
0.0334558661417323
11
0.4155609448818898
21
0.0335245275590551
0
LINE
8
BLACK
6
CONTINUOUS
10
0.4155609448818898
20
0.0335245275590551
11
0.4149645669291339
21
0.0340249212598425
0
LINE
8
BLACK
6
CONTINUOUS
10
0.4149645669291339
20
0.0340249212598425
11
0.414312874015748
21
0.0344012204724409
0
LINE
8
BLACK
6
CONTINUOUS
10
0.414312874015748
20
0.0344012204724409
11
0.4142234645669291
21
0.0346467716535433
0
LINE
8
BLACK
6
CONTINUOUS
10
0.4142234645669291
20
0.0346467716535433
11
0.4140137007874016
21
0.0348228346456693
0
LINE
8
BLACK
6
CONTINUOUS
10
0.4140137007874016
20
0.0348228346456693
11
0.4138767322834646
21
0.0355993700787402
0
LINE
8
BLACK
6
CONTINUOUS
10
0.4138767322834646
20
0.0355993700787402
11
0.4136220472440945
21
0.0362992125984252
0
LINE
8
BLACK
6
CONTINUOUS
10
0.4136220472440945
20
0.0362992125984252
11
0.4136220472440945
21
0.3906299212598425
0
LINE
8
BLACK
6
CONTINUOUS
10
0.4136220472440945
20
0.3906299212598425
11
0.4136220472440945
21
0.6268503937007874
0
LINE
8
BLACK
6
CONTINUOUS
10
0.4136220472440945
20
0.6268503937007874
11
0.4136896456692913
21
0.6272338976377952
0
LINE
8
BLACK
6
CONTINUOUS
10
0.4136896456692913
20
0.6272338976377952
11
0.4136668897637795
21
0.6273631496062992
0
LINE
8
BLACK
6
CONTINUOUS
10
0.4136668897637795
20
0.6273631496062992
11
0.4137324803149606
21
0.6274767322834646
0
LINE
8
BLACK
6
CONTINUOUS
10
0.4137324803149606
20
0.6274767322834646
11
0.4138001181102362
21
0.6278603149606299
0
LINE
8
BLACK
6
CONTINUOUS
10
0.4138001181102362
20
0.6278603149606299
11
0.4142932283464567
21
0.6284479921259842
0
LINE
8
BLACK
6
CONTINUOUS
10
0.4142932283464567
20
0.6284479921259842
11
0.414676811023622
21
0.6291123228346457
0
LINE
8
BLACK
6
CONTINUOUS
10
0.414676811023622
20
0.6291123228346457
11
0.414927125984252
21
0.6292034251968504
0
LINE
8
BLACK
6
CONTINUOUS
10
0.414927125984252
20
0.6292034251968504
11
0.4150984251968504
21
0.6294075590551181
0
LINE
8
BLACK
6
CONTINUOUS
10
0.4150984251968504
20
0.6294075590551181
11
0.4158539763779527
21
0.6295407874015748
0
LINE
8
BLACK
6
CONTINUOUS
10
0.4158539763779527
20
0.6295407874015748
11
0.4165748031496063
21
0.6298031496062992
0
LINE
8
BLACK
6
CONTINUOUS
10
0.4165748031496063
20
0.6298031496062992
11
0.436259842519685
21
0.6298031496062992
0
LINE
8
BLACK
6
CONTINUOUS
10
0.436259842519685
20
0.6298031496062992
11
0.4366433464566929
21
0.6297355118110236
0
LINE
8
BLACK
6
CONTINUOUS
10
1.585
20
0.3876771653543307
11
1.585
21
0.3738937007874016
0
LINE
8
BLACK
6
CONTINUOUS
10
1.585
20
0.3738937007874016
11
1.5887401574803148
21
0.3738937007874016
0
LINE
8
BLACK
6
CONTINUOUS
10
1.5887401574803148
20
0.3738937007874016
11
1.5891236614173228
21
0.373826062992126
0
LINE
8
BLACK
6
CONTINUOUS
10
1.5891236614173228
20
0.373826062992126
11
1.5892529133858266
21
0.3738488582677165
0
LINE
8
BLACK
6
CONTINUOUS
10
1.5892529133858266
20
0.3738488582677165
11
1.5893664960629921
21
0.3737832283464567
0
LINE
8
BLACK
6
CONTINUOUS
10
1.5893664960629921
20
0.3737832283464567
11
1.5897500787401575
21
0.3737156299212598
0
LINE
8
BLACK
6
CONTINUOUS
10
1.5897500787401575
20
0.3737156299212598
11
1.5903377559055119
21
0.3732224803149606
0
LINE
8
BLACK
6
CONTINUOUS
10
1.5903377559055119
20
0.3732224803149606
11
1.5910020866141732
21
0.372838937007874
0
LINE
8
BLACK
6
CONTINUOUS
10
1.5910020866141732
20
0.372838937007874
11
1.591093188976378
21
0.3725885826771653
0
LINE
8
BLACK
6
CONTINUOUS
10
1.591093188976378
20
0.3725885826771653
11
1.5912973228346456
21
0.3724173228346457
0
LINE
8
BLACK
6
CONTINUOUS
10
1.5912973228346456
20
0.3724173228346457
11
1.5914305511811022
21
0.3716617322834646
0
LINE
8
BLACK
6
CONTINUOUS
10
1.5914305511811022
20
0.3716617322834646
11
1.5916929133858266
21
0.3709409448818898
0
LINE
8
BLACK
6
CONTINUOUS
10
1.5916929133858266
20
0.3709409448818898
11
1.5916929133858266
21
0.0559803149606299
0
LINE
8
BLACK
6
CONTINUOUS
10
1.5916929133858266
20
0.0559803149606299
11
1.5916252755905511
21
0.0555967716535433
0
LINE
8
BLACK
6
CONTINUOUS
10
1.5916252755905511
20
0.0555967716535433
11
1.5916480708661418
21
0.0554675590551181
0
LINE
8
BLACK
6
CONTINUOUS
10
1.5916480708661418
20
0.0554675590551181
11
1.5915824409448818
21
0.055353937007874
0
LINE
8
BLACK
6
CONTINUOUS
10
1.5915824409448818
20
0.055353937007874
11
1.591514842519685
21
0.0549703937007874
0
LINE
8
BLACK
6
CONTINUOUS
10
1.591514842519685
20
0.0549703937007874
11
1.5910216929133858
21
0.0543826771653543
0
LINE
8
BLACK
6
CONTINUOUS
10
1.5910216929133858
20
0.0543826771653543
11
1.5906381496062991
21
0.0537183858267717
0
LINE
8
BLACK
6
CONTINUOUS
10
1.5906381496062991
20
0.0537183858267717
11
1.5903877952755905
21
0.0536272440944882
0
LINE
8
BLACK
6
CONTINUOUS
10
1.5903877952755905
20
0.0536272440944882
11
1.5902165354330708
21
0.0534231496062992
0
LINE
8
BLACK
6
CONTINUOUS
10
1.5902165354330708
20
0.0534231496062992
11
1.5894609448818897
21
0.0532898818897638
0
LINE
8
BLACK
6
CONTINUOUS
10
1.5894609448818897
20
0.0532898818897638
11
1.5887401574803148
21
0.0530275590551181
0
LINE
8
BLACK
6
CONTINUOUS
10
1.5887401574803148
20
0.0530275590551181
11
1.431259842519685
21
0.0530275590551181
0
LINE
8
BLACK
6
CONTINUOUS
10
1.431259842519685
20
0.0530275590551181
11
1.4308762992125983
21
0.053095157480315
0
LINE
8
BLACK
6
CONTINUOUS
10
1.4308762992125983
20
0.053095157480315
11
1.4307470866141732
21
0.0530724015748031
0
LINE
8
BLACK
6
CONTINUOUS
10
1.4307470866141732
20
0.0530724015748031
11
1.4306334645669292
21
0.0531379921259843
0
LINE
8
BLACK
6
CONTINUOUS
10
1.4306334645669292
20
0.0531379921259843
11
1.4302499212598425
21
0.0532056299212598
0
LINE
8
BLACK
6
CONTINUOUS
10
1.4302499212598425
20
0.0532056299212598
11
1.4296622047244094
21
0.0536987401574803
0
LINE
8
BLACK
6
CONTINUOUS
10
1.4296622047244094
20
0.0536987401574803
11
1.4289979133858268
21
0.0540823228346457
0
LINE
8
BLACK
6
CONTINUOUS
10
1.4289979133858268
20
0.0540823228346457
11
1.4289067716535433
21
0.0543326377952756
0
LINE
8
BLACK
6
CONTINUOUS
10
1.4289067716535433
20
0.0543326377952756
11
1.4287026771653544
21
0.054503937007874
0
LINE
8
BLACK
6
CONTINUOUS
10
1.4287026771653544
20
0.054503937007874
11
1.4285694094488188
21
0.0552594881889764
0
LINE
8
BLACK
6
CONTINUOUS
10
1.4285694094488188
20
0.0552594881889764
11
1.4283070866141732
21
0.0559803149606299
0
LINE
8
BLACK
6
CONTINUOUS
10
1.4283070866141732
20
0.0559803149606299
11
1.4283070866141732
21
0.3709409448818898
0
LINE
8
BLACK
6
CONTINUOUS
10
1.4283070866141732
20
0.3709409448818898
11
1.4283746850393702
21
0.3713244488188976
0
LINE
8
BLACK
6
CONTINUOUS
10
1.4283746850393702
20
0.3713244488188976
11
1.4283519291338582
21
0.3714537007874016
0
LINE
8
BLACK
6
CONTINUOUS
10
1.4283519291338582
20
0.3714537007874016
11
1.4284175196850393
21
0.3715672834645669
0
LINE
8
BLACK
6
CONTINUOUS
10
1.4284175196850393
20
0.3715672834645669
11
1.428485157480315
21
0.3719508661417323
0
LINE
8
BLACK
6
CONTINUOUS
10
1.428485157480315
20
0.3719508661417323
11
1.4289782677165355
21
0.3725385433070866
0
LINE
8
BLACK
6
CONTINUOUS
10
1.4289782677165355
20
0.3725385433070866
11
1.4293618503937007
21
0.373202874015748
0
LINE
8
BLACK
6
CONTINUOUS
10
1.4293618503937007
20
0.373202874015748
11
1.4296121653543308
21
0.3732939763779528
0
LINE
8
BLACK
6
CONTINUOUS
10
1.4296121653543308
20
0.3732939763779528
11
1.4297834645669292
21
0.3734981102362205
0
LINE
8
BLACK
6
CONTINUOUS
10
1.4297834645669292
20
0.3734981102362205
11
1.4305390157480316
21
0.3736313385826772
0
LINE
8
BLACK
6
CONTINUOUS
10
1.4305390157480316
20
0.3736313385826772
11
1.431259842519685
21
0.3738937007874016
0
LINE
8
BLACK
6
CONTINUOUS
10
1.431259842519685
20
0.3738937007874016
11
1.4350000000000001
21
0.3738937007874016
0
LINE
8
BLACK
6
CONTINUOUS
10
1.4350000000000001
20
0.3738937007874016
11
1.4350000000000001
21
0.3876771653543307
0
LINE
8
BLACK
6
CONTINUOUS
10
1.4350000000000001
20
0.3876771653543307
11
1.4145275590551181
21
0.3876771653543307
0
LINE
8
BLACK
6
CONTINUOUS
10
1.4145275590551181
20
0.3876771653543307
11
1.4145275590551181
21
0.039251968503937
0
LINE
8
BLACK
6
CONTINUOUS
10
1.4145275590551181
20
0.039251968503937
11
1.605472440944882
21
0.039251968503937
0
LINE
8
BLACK
6
CONTINUOUS
10
1.605472440944882
20
0.039251968503937
11
1.605472440944882
21
0.3876771653543307
0
LINE
8
BLACK
6
CONTINUOUS
10
1.605472440944882
20
0.3876771653543307
11
1.585
21
0.3876771653543307
0
LINE
8
BLACK
6
CONTINUOUS
10
1.385
20
0.3876771653543307
11
1.385
21
0.3738937007874016
0
LINE
8
BLACK
6
CONTINUOUS
10
1.385
20
0.3738937007874016
11
1.3887401574803149
21
0.3738937007874016
0
LINE
8
BLACK
6
CONTINUOUS
10
1.3887401574803149
20
0.3738937007874016
11
1.3891236614173228
21
0.373826062992126
0
LINE
8
BLACK
6
CONTINUOUS
10
1.3891236614173228
20
0.373826062992126
11
1.3892529133858267
21
0.3738488582677165
0
LINE
8
BLACK
6
CONTINUOUS
10
1.3892529133858267
20
0.3738488582677165
11
1.3893664960629921
21
0.3737832283464567
0
LINE
8
BLACK
6
CONTINUOUS
10
1.3893664960629921
20
0.3737832283464567
11
1.3897500787401575
21
0.3737156299212598
0
LINE
8
BLACK
6
CONTINUOUS
10
1.3897500787401575
20
0.3737156299212598
11
1.3903377559055117
21
0.3732224803149606
0
LINE
8
BLACK
6
CONTINUOUS
10
1.3903377559055117
20
0.3732224803149606
11
1.3910020866141732
21
0.372838937007874
0
LINE
8
BLACK
6
CONTINUOUS
10
1.3910020866141732
20
0.372838937007874
11
1.391093188976378
21
0.3725885826771653
0
LINE
8
BLACK
6
CONTINUOUS
10
1.391093188976378
20
0.3725885826771653
11
1.3912973228346457
21
0.3724173228346457
0
LINE
8
BLACK
6
CONTINUOUS
10
1.3912973228346457
20
0.3724173228346457
11
1.3914305511811023
21
0.3716617322834646
0
LINE
8
BLACK
6
CONTINUOUS
10
1.3914305511811023
20
0.3716617322834646
11
1.3916929133858267
21
0.3709409448818898
0
LINE
8
BLACK
6
CONTINUOUS
10
1.3916929133858267
20
0.3709409448818898
11
1.3916929133858267
21
0.0559803149606299
0
LINE
8
BLACK
6
CONTINUOUS
10
1.3916929133858267
20
0.0559803149606299
11
1.3916252755905512
21
0.0555967716535433
0
LINE
8
BLACK
6
CONTINUOUS
10
1.3916252755905512
20
0.0555967716535433
11
1.3916480708661416
21
0.0554675590551181
0
LINE
8
BLACK
6
CONTINUOUS
10
1.3916480708661416
20
0.0554675590551181
11
1.3915824409448818
21
0.055353937007874
0
LINE
8
BLACK
6
CONTINUOUS
10
1.3915824409448818
20
0.055353937007874
11
1.391514842519685
21
0.0549703937007874
0
LINE
8
BLACK
6
CONTINUOUS
10
1.391514842519685
20
0.0549703937007874
11
1.3910216929133858
21
0.0543826771653543
0
LINE
8
BLACK
6
CONTINUOUS
10
1.3910216929133858
20
0.0543826771653543
11
1.3906381496062992
21
0.0537183858267717
0
LINE
8
BLACK
6
CONTINUOUS
10
1.3906381496062992
20
0.0537183858267717
11
1.3903877952755905
21
0.0536272440944882
0
LINE
8
BLACK
6
CONTINUOUS
10
1.3903877952755905
20
0.0536272440944882
11
1.3902165354330709
21
0.0534231496062992
0
LINE
8
BLACK
6
CONTINUOUS
10
1.3902165354330709
20
0.0534231496062992
11
1.3894609448818898
21
0.0532898818897638
0
LINE
8
BLACK
6
CONTINUOUS
10
1.3894609448818898
20
0.0532898818897638
11
1.3887401574803149
21
0.0530275590551181
0
LINE
8
BLACK
6
CONTINUOUS
10
1.3887401574803149
20
0.0530275590551181
11
1.231259842519685
21
0.0530275590551181
0
LINE
8
BLACK
6
CONTINUOUS
10
1.231259842519685
20
0.0530275590551181
11
1.2308762992125983
21
0.053095157480315
0
LINE
8
BLACK
6
CONTINUOUS
10
1.2308762992125983
20
0.053095157480315
11
1.2307470866141732
21
0.0530724015748031
0
LINE
8
BLACK
6
CONTINUOUS
10
1.2307470866141732
20
0.0530724015748031
11
1.230633464566929
21
0.0531379921259843
0
LINE
8
BLACK
6
CONTINUOUS
10
1.230633464566929
20
0.0531379921259843
11
1.2302499212598426
21
0.0532056299212598
0
LINE
8
BLACK
6
CONTINUOUS
10
1.2302499212598426
20
0.0532056299212598
11
1.2296622047244095
21
0.0536987401574803
0
LINE
8
BLACK
6
CONTINUOUS
10
1.2296622047244095
20
0.0536987401574803
11
1.2289979133858266
21
0.0540823228346457
0
LINE
8
BLACK
6
CONTINUOUS
10
1.2289979133858266
20
0.0540823228346457
11
1.2289067716535433
21
0.0543326377952756
0
LINE
8
BLACK
6
CONTINUOUS
10
1.2289067716535433
20
0.0543326377952756
11
1.2287026771653542
21
0.054503937007874
0
LINE
8
BLACK
6
CONTINUOUS
10
1.2287026771653542
20
0.054503937007874
11
1.2285694094488189
21
0.0552594881889764
0
LINE
8
BLACK
6
CONTINUOUS
10
1.2285694094488189
20
0.0552594881889764
11
1.2283070866141732
21
0.0559803149606299
0
LINE
8
BLACK
6
CONTINUOUS
10
1.2283070866141732
20
0.0559803149606299
11
1.2283070866141732
21
0.3709409448818898
0
LINE
8
BLACK
6
CONTINUOUS
10
1.2283070866141732
20
0.3709409448818898
11
1.22837468503937
21
0.3713244488188976
0
LINE
8
BLACK
6
CONTINUOUS
10
1.22837468503937
20
0.3713244488188976
11
1.2283519291338583
21
0.3714537007874016
0
LINE
8
BLACK
6
CONTINUOUS
10
1.2283519291338583
20
0.3714537007874016
11
1.2284175196850393
21
0.3715672834645669
0
LINE
8
BLACK
6
CONTINUOUS
10
1.2284175196850393
20
0.3715672834645669
11
1.2284851574803148
21
0.3719508661417323
0
LINE
8
BLACK
6
CONTINUOUS
10
1.2284851574803148
20
0.3719508661417323
11
1.2289782677165355
21
0.3725385433070866
0
LINE
8
BLACK
6
CONTINUOUS
10
1.2289782677165355
20
0.3725385433070866
11
1.2293618503937007
21
0.373202874015748
0
LINE
8
BLACK
6
CONTINUOUS
10
1.2293618503937007
20
0.373202874015748
11
1.2296121653543306
21
0.3732939763779528
0
LINE
8
BLACK
6
CONTINUOUS
10
1.2296121653543306
20
0.3732939763779528
11
1.229783464566929
21
0.3734981102362205
0
LINE
8
BLACK
6
CONTINUOUS
10
1.229783464566929
20
0.3734981102362205
11
1.2305390157480314
21
0.3736313385826772
0
LINE
8
BLACK
6
CONTINUOUS
10
1.2305390157480314
20
0.3736313385826772
11
1.231259842519685
21
0.3738937007874016
0
LINE
8
BLACK
6
CONTINUOUS
10
1.231259842519685
20
0.3738937007874016
11
1.2349999999999999
21
0.3738937007874016
0
LINE
8
BLACK
6
CONTINUOUS
10
1.2349999999999999
20
0.3738937007874016
11
1.2349999999999999
21
0.3876771653543307
0
LINE
8
BLACK
6
CONTINUOUS
10
1.2349999999999999
20
0.3876771653543307
11
1.2145275590551181
21
0.3876771653543307
0
LINE
8
BLACK
6
CONTINUOUS
10
1.2145275590551181
20
0.3876771653543307
11
1.2145275590551181
21
0.039251968503937
0
LINE
8
BLACK
6
CONTINUOUS
10
1.2145275590551181
20
0.039251968503937
11
1.4054724409448818
21
0.039251968503937
0
LINE
8
BLACK
6
CONTINUOUS
10
1.4054724409448818
20
0.039251968503937
11
1.4054724409448818
21
0.3876771653543307
0
LINE
8
BLACK
6
CONTINUOUS
10
1.4054724409448818
20
0.3876771653543307
11
1.385
21
0.3876771653543307
0
LINE
8
BLACK
6
CONTINUOUS
10
1.1850000000000001
20
0.3876771653543307
11
1.1850000000000001
21
0.3738937007874016
0
LINE
8
BLACK
6
CONTINUOUS
10
1.1850000000000001
20
0.3738937007874016
11
1.1887401574803149
21
0.3738937007874016
0
LINE
8
BLACK
6
CONTINUOUS
10
1.1887401574803149
20
0.3738937007874016
11
1.1891236614173228
21
0.373826062992126
0
LINE
8
BLACK
6
CONTINUOUS
10
1.1891236614173228
20
0.373826062992126
11
1.1892529133858267
21
0.3738488582677165
0
LINE
8
BLACK
6
CONTINUOUS
10
1.1892529133858267
20
0.3738488582677165
11
1.1893664960629922
21
0.3737832283464567
0
LINE
8
BLACK
6
CONTINUOUS
10
1.1893664960629922
20
0.3737832283464567
11
1.1897500787401574
21
0.3737156299212598
0
LINE
8
BLACK
6
CONTINUOUS
10
1.1897500787401574
20
0.3737156299212598
11
1.1903377559055117
21
0.3732224803149606
0
LINE
8
BLACK
6
CONTINUOUS
10
1.1903377559055117
20
0.3732224803149606
11
1.1910020866141733
21
0.372838937007874
0
LINE
8
BLACK
6
CONTINUOUS
10
1.1910020866141733
20
0.372838937007874
11
1.1910931889763778
21
0.3725885826771653
0
LINE
8
BLACK
6
CONTINUOUS
10
1.1910931889763778
20
0.3725885826771653
11
1.1912973228346457
21
0.3724173228346457
0
LINE
8
BLACK
6
CONTINUOUS
10
1.1912973228346457
20
0.3724173228346457
11
1.1914305511811023
21
0.3716617322834646
0
LINE
8
BLACK
6
CONTINUOUS
10
1.1914305511811023
20
0.3716617322834646
11
1.1916929133858267
21
0.3709409448818898
0
LINE
8
BLACK
6
CONTINUOUS
10
1.1916929133858267
20
0.3709409448818898
11
1.1916929133858267
21
0.0559803149606299
0
LINE
8
BLACK
6
CONTINUOUS
10
1.1916929133858267
20
0.0559803149606299
11
1.1916252755905512
21
0.0555967716535433
0
LINE
8
BLACK
6
CONTINUOUS
10
1.1916252755905512
20
0.0555967716535433
11
1.1916480708661417
21
0.0554675590551181
0
LINE
8
BLACK
6
CONTINUOUS
10
1.1916480708661417
20
0.0554675590551181
11
1.1915824409448819
21
0.055353937007874
0
LINE
8
BLACK
6
CONTINUOUS
10
1.1915824409448819
20
0.055353937007874
11
1.1915148425196851
21
0.0549703937007874
0
LINE
8
BLACK
6
CONTINUOUS
10
1.1915148425196851
20
0.0549703937007874
11
1.1910216929133859
21
0.0543826771653543
0
LINE
8
BLACK
6
CONTINUOUS
10
1.1910216929133859
20
0.0543826771653543
11
1.1906381496062992
21
0.0537183858267717
0
LINE
8
BLACK
6
CONTINUOUS
10
1.1906381496062992
20
0.0537183858267717
11
1.1903877952755906
21
0.0536272440944882
0
LINE
8
BLACK
6
CONTINUOUS
10
1.1903877952755906
20
0.0536272440944882
11
1.1902165354330709
21
0.0534231496062992
0
LINE
8
BLACK
6
CONTINUOUS
10
1.1902165354330709
20
0.0534231496062992
11
1.1894609448818898
21
0.0532898818897638
0
LINE
8
BLACK
6
CONTINUOUS
10
1.1894609448818898
20
0.0532898818897638
11
1.1887401574803149
21
0.0530275590551181
0
LINE
8
BLACK
6
CONTINUOUS
10
1.1887401574803149
20
0.0530275590551181
11
1.0312598425196851
21
0.0530275590551181
0
LINE
8
BLACK
6
CONTINUOUS
10
1.0312598425196851
20
0.0530275590551181
11
1.0308762992125984
21
0.053095157480315
0
LINE
8
BLACK
6
CONTINUOUS
10
1.0308762992125984
20
0.053095157480315
11
1.0307470866141732
21
0.0530724015748031
0
LINE
8
BLACK
6
CONTINUOUS
10
1.0307470866141732
20
0.0530724015748031
11
1.0306334645669291
21
0.0531379921259843
0
LINE
8
BLACK
6
CONTINUOUS
10
1.0306334645669291
20
0.0531379921259843
11
1.0302499212598426
21
0.0532056299212598
0
LINE
8
BLACK
6
CONTINUOUS
10
1.0302499212598426
20
0.0532056299212598
11
1.0296622047244095
21
0.0536987401574803
0
LINE
8
BLACK
6
CONTINUOUS
10
1.0296622047244095
20
0.0536987401574803
11
1.0289979133858267
21
0.0540823228346457
0
LINE
8
BLACK
6
CONTINUOUS
10
1.0289979133858267
20
0.0540823228346457
11
1.0289067716535434
21
0.0543326377952756
0
LINE
8
BLACK
6
CONTINUOUS
10
1.0289067716535434
20
0.0543326377952756
11
1.0287026771653542
21
0.054503937007874
0
LINE
8
BLACK
6
CONTINUOUS
10
1.0287026771653542
20
0.054503937007874
11
1.0285694094488189
21
0.0552594881889764
0
LINE
8
BLACK
6
CONTINUOUS
10
1.0285694094488189
20
0.0552594881889764
11
1.0283070866141732
21
0.0559803149606299
0
LINE
8
BLACK
6
CONTINUOUS
10
1.0283070866141732
20
0.0559803149606299
11
1.0283070866141732
21
0.3709409448818898
0
LINE
8
BLACK
6
CONTINUOUS
10
1.0283070866141732
20
0.3709409448818898
11
1.02837468503937
21
0.3713244488188976
0
LINE
8
BLACK
6
CONTINUOUS
10
1.02837468503937
20
0.3713244488188976
11
1.0283519291338583
21
0.3714537007874016
0
LINE
8
BLACK
6
CONTINUOUS
10
1.0283519291338583
20
0.3714537007874016
11
1.0284175196850394
21
0.3715672834645669
0
LINE
8
BLACK
6
CONTINUOUS
10
1.0284175196850394
20
0.3715672834645669
11
1.0284851574803149
21
0.3719508661417323
0
LINE
8
BLACK
6
CONTINUOUS
10
1.0284851574803149
20
0.3719508661417323
11
1.0289782677165353
21
0.3725385433070866
0
LINE
8
BLACK
6
CONTINUOUS
10
1.0289782677165353
20
0.3725385433070866
11
1.0293618503937008
21
0.373202874015748
0
LINE
8
BLACK
6
CONTINUOUS
10
1.0293618503937008
20
0.373202874015748
11
1.0296121653543306
21
0.3732939763779528
0
LINE
8
BLACK
6
CONTINUOUS
10
1.0296121653543306
20
0.3732939763779528
11
1.029783464566929
21
0.3734981102362205
0
LINE
8
BLACK
6
CONTINUOUS
10
1.029783464566929
20
0.3734981102362205
11
1.0305390157480314
21
0.3736313385826772
0
LINE
8
BLACK
6
CONTINUOUS
10
1.0305390157480314
20
0.3736313385826772
11
1.0312598425196851
21
0.3738937007874016
0
LINE
8
BLACK
6
CONTINUOUS
10
1.0312598425196851
20
0.3738937007874016
11
1.0349999999999999
21
0.3738937007874016
0
LINE
8
BLACK
6
CONTINUOUS
10
1.0349999999999999
20
0.3738937007874016
11
1.0349999999999999
21
0.3876771653543307
0
LINE
8
BLACK
6
CONTINUOUS
10
1.0349999999999999
20
0.3876771653543307
11
1.0145275590551182
21
0.3876771653543307
0
LINE
8
BLACK
6
CONTINUOUS
10
1.0145275590551182
20
0.3876771653543307
11
1.0145275590551182
21
0.039251968503937
0
LINE
8
BLACK
6
CONTINUOUS
10
1.0145275590551182
20
0.039251968503937
11
1.2054724409448818
21
0.039251968503937
0
LINE
8
BLACK
6
CONTINUOUS
10
1.2054724409448818
20
0.039251968503937
11
1.2054724409448818
21
0.3876771653543307
0
LINE
8
BLACK
6
CONTINUOUS
10
1.2054724409448818
20
0.3876771653543307
11
1.1850000000000001
21
0.3876771653543307
0
LINE
8
BLACK
6
CONTINUOUS
10
0.985
20
0.3876771653543307
11
0.985
21
0.3738937007874016
0
LINE
8
BLACK
6
CONTINUOUS
10
0.985
20
0.3738937007874016
11
0.988740157480315
21
0.3738937007874016
0
LINE
8
BLACK
6
CONTINUOUS
10
0.988740157480315
20
0.3738937007874016
11
0.9891236614173228
21
0.373826062992126
0
LINE
8
BLACK
6
CONTINUOUS
10
0.9891236614173228
20
0.373826062992126
11
0.9892529133858268
21
0.3738488582677165
0
LINE
8
BLACK
6
CONTINUOUS
10
0.9892529133858268
20
0.3738488582677165
11
0.9893664960629921
21
0.3737832283464567
0
LINE
8
BLACK
6
CONTINUOUS
10
0.9893664960629921
20
0.3737832283464567
11
0.9897500787401574
21
0.3737156299212598
0
LINE
8
BLACK
6
CONTINUOUS
10
0.9897500787401574
20
0.3737156299212598
11
0.9903377559055118
21
0.3732224803149606
0
LINE
8
BLACK
6
CONTINUOUS
10
0.9903377559055118
20
0.3732224803149606
11
0.9910020866141732
21
0.372838937007874
0
LINE
8
BLACK
6
CONTINUOUS
10
0.9910020866141732
20
0.372838937007874
11
0.9910931889763779
21
0.3725885826771653
0
LINE
8
BLACK
6
CONTINUOUS
10
0.9910931889763779
20
0.3725885826771653
11
0.9912973228346457
21
0.3724173228346457
0
LINE
8
BLACK
6
CONTINUOUS
10
0.9912973228346457
20
0.3724173228346457
11
0.9914305511811023
21
0.3716617322834646
0
LINE
8
BLACK
6
CONTINUOUS
10
0.9914305511811023
20
0.3716617322834646
11
0.9916929133858268
21
0.3709409448818898
0
LINE
8
BLACK
6
CONTINUOUS
10
0.9916929133858268
20
0.3709409448818898
11
0.9916929133858268
21
0.0559803149606299
0
LINE
8
BLACK
6
CONTINUOUS
10
0.9916929133858268
20
0.0559803149606299
11
0.9916252755905511
21
0.0555967716535433
0
LINE
8
BLACK
6
CONTINUOUS
10
0.9916252755905511
20
0.0555967716535433
11
0.9916480708661417
21
0.0554675590551181
0
LINE
8
BLACK
6
CONTINUOUS
10
0.9916480708661417
20
0.0554675590551181
11
0.9915824409448819
21
0.055353937007874
0
LINE
8
BLACK
6
CONTINUOUS
10
0.9915824409448819
20
0.055353937007874
11
0.991514842519685
21
0.0549703937007874
0
LINE
8
BLACK
6
CONTINUOUS
10
0.991514842519685
20
0.0549703937007874
11
0.9910216929133858
21
0.0543826771653543
0
LINE
8
BLACK
6
CONTINUOUS
10
0.9910216929133858
20
0.0543826771653543
11
0.9906381496062991
21
0.0537183858267717
0
LINE
8
BLACK
6
CONTINUOUS
10
0.9906381496062991
20
0.0537183858267717
11
0.9903877952755905
21
0.0536272440944882
0
LINE
8
BLACK
6
CONTINUOUS
10
0.9903877952755905
20
0.0536272440944882
11
0.9902165354330709
21
0.0534231496062992
0
LINE
8
BLACK
6
CONTINUOUS
10
0.9902165354330709
20
0.0534231496062992
11
0.9894609448818897
21
0.0532898818897638
0
LINE
8
BLACK
6
CONTINUOUS
10
0.9894609448818897
20
0.0532898818897638
11
0.988740157480315
21
0.0530275590551181
0
LINE
8
BLACK
6
CONTINUOUS
10
0.988740157480315
20
0.0530275590551181
11
0.831259842519685
21
0.0530275590551181
0
LINE
8
BLACK
6
CONTINUOUS
10
0.831259842519685
20
0.0530275590551181
11
0.8308762992125984
21
0.053095157480315
0
LINE
8
BLACK
6
CONTINUOUS
10
0.8308762992125984
20
0.053095157480315
11
0.8307470866141732
21
0.0530724015748031
0
LINE
8
BLACK
6
CONTINUOUS
10
0.8307470866141732
20
0.0530724015748031
11
0.8306334645669291
21
0.0531379921259843
0
LINE
8
BLACK
6
CONTINUOUS
10
0.8306334645669291
20
0.0531379921259843
11
0.8302499212598425
21
0.0532056299212598
0
LINE
8
BLACK
6
CONTINUOUS
10
0.8302499212598425
20
0.0532056299212598
11
0.8296622047244094
21
0.0536987401574803
0
LINE
8
BLACK
6
CONTINUOUS
10
0.8296622047244094
20
0.0536987401574803
11
0.8289979133858267
21
0.0540823228346457
0
LINE
8
BLACK
6
CONTINUOUS
10
0.8289979133858267
20
0.0540823228346457
11
0.8289067716535433
21
0.0543326377952756
0
LINE
8
BLACK
6
CONTINUOUS
10
0.8289067716535433
20
0.0543326377952756
11
0.8287026771653543
21
0.054503937007874
0
LINE
8
BLACK
6
CONTINUOUS
10
0.8287026771653543
20
0.054503937007874
11
0.8285694094488188
21
0.0552594881889764
0
LINE
8
BLACK
6
CONTINUOUS
10
0.8285694094488188
20
0.0552594881889764
11
0.8283070866141732
21
0.0559803149606299
0
LINE
8
BLACK
6
CONTINUOUS
10
0.8283070866141732
20
0.0559803149606299
11
0.8283070866141732
21
0.3709409448818898
0
LINE
8
BLACK
6
CONTINUOUS
10
0.8283070866141732
20
0.3709409448818898
11
0.8283746850393701
21
0.3713244488188976
0
LINE
8
BLACK
6
CONTINUOUS
10
0.8283746850393701
20
0.3713244488188976
11
0.8283519291338582
21
0.3714537007874016
0
LINE
8
BLACK
6
CONTINUOUS
10
0.8283519291338582
20
0.3714537007874016
11
0.8284175196850394
21
0.3715672834645669
0
LINE
8
BLACK
6
CONTINUOUS
10
0.8284175196850394
20
0.3715672834645669
11
0.8284851574803149
21
0.3719508661417323
0
LINE
8
BLACK
6
CONTINUOUS
10
0.8284851574803149
20
0.3719508661417323
11
0.8289782677165354
21
0.3725385433070866
0
LINE
8
BLACK
6
CONTINUOUS
10
0.8289782677165354
20
0.3725385433070866
11
0.8293618503937008
21
0.373202874015748
0
LINE
8
BLACK
6
CONTINUOUS
10
0.8293618503937008
20
0.373202874015748
11
0.8296121653543307
21
0.3732939763779528
0
LINE
8
BLACK
6
CONTINUOUS
10
0.8296121653543307
20
0.3732939763779528
11
0.8297834645669291
21
0.3734981102362205
0
LINE
8
BLACK
6
CONTINUOUS
10
0.8297834645669291
20
0.3734981102362205
11
0.8305390157480315
21
0.3736313385826772
0
LINE
8
BLACK
6
CONTINUOUS
10
0.8305390157480315
20
0.3736313385826772
11
0.831259842519685
21
0.3738937007874016
0
LINE
8
BLACK
6
CONTINUOUS
10
0.831259842519685
20
0.3738937007874016
11
0.835
21
0.3738937007874016
0
LINE
8
BLACK
6
CONTINUOUS
10
0.835
20
0.3738937007874016
11
0.835
21
0.3876771653543307
0
LINE
8
BLACK
6
CONTINUOUS
10
0.835
20
0.3876771653543307
11
0.8145275590551181
21
0.3876771653543307
0
LINE
8
BLACK
6
CONTINUOUS
10
0.8145275590551181
20
0.3876771653543307
11
0.8145275590551181
21
0.039251968503937
0
LINE
8
BLACK
6
CONTINUOUS
10
0.8145275590551181
20
0.039251968503937
11
1.0054724409448819
21
0.039251968503937
0
LINE
8
BLACK
6
CONTINUOUS
10
1.0054724409448819
20
0.039251968503937
11
1.0054724409448819
21
0.3876771653543307
0
LINE
8
BLACK
6
CONTINUOUS
10
1.0054724409448819
20
0.3876771653543307
11
0.985
21
0.3876771653543307
0
LINE
8
BLACK
6
CONTINUOUS
10
0.785
20
0.3876771653543307
11
0.785
21
0.3738937007874016
0
LINE
8
BLACK
6
CONTINUOUS
10
0.785
20
0.3738937007874016
11
0.7887401574803149
21
0.3738937007874016
0
LINE
8
BLACK
6
CONTINUOUS
10
0.7887401574803149
20
0.3738937007874016
11
0.7891236614173228
21
0.373826062992126
0
LINE
8
BLACK
6
CONTINUOUS
10
0.7891236614173228
20
0.373826062992126
11
0.7892529133858267
21
0.3738488582677165
0
LINE
8
BLACK
6
CONTINUOUS
10
0.7892529133858267
20
0.3738488582677165
11
0.7893664960629921
21
0.3737832283464567
0
LINE
8
BLACK
6
CONTINUOUS
10
0.7893664960629921
20
0.3737832283464567
11
0.7897500787401575
21
0.3737156299212598
0
LINE
8
BLACK
6
CONTINUOUS
10
0.7897500787401575
20
0.3737156299212598
11
0.7903377559055118
21
0.3732224803149606
0
LINE
8
BLACK
6
CONTINUOUS
10
0.7903377559055118
20
0.3732224803149606
11
0.7910020866141733
21
0.372838937007874
0
LINE
8
BLACK
6
CONTINUOUS
10
0.7910020866141733
20
0.372838937007874
11
0.7910931889763779
21
0.3725885826771653
0
LINE
8
BLACK
6
CONTINUOUS
10
0.7910931889763779
20
0.3725885826771653
11
0.7912973228346456
21
0.3724173228346457
0
LINE
8
BLACK
6
CONTINUOUS
10
0.7912973228346456
20
0.3724173228346457
11
0.7914305511811024
21
0.3716617322834646
0
LINE
8
BLACK
6
CONTINUOUS
10
0.7914305511811024
20
0.3716617322834646
11
0.7916929133858267
21
0.3709409448818898
0
LINE
8
BLACK
6
CONTINUOUS
10
0.7916929133858267
20
0.3709409448818898
11
0.7916929133858267
21
0.0559803149606299
0
LINE
8
BLACK
6
CONTINUOUS
10
0.7916929133858267
20
0.0559803149606299
11
0.7916252755905512
21
0.0555967716535433
0
LINE
8
BLACK
6
CONTINUOUS
10
0.7916252755905512
20
0.0555967716535433
11
0.7916480708661418
21
0.0554675590551181
0
LINE
8
BLACK
6
CONTINUOUS
10
0.7916480708661418
20
0.0554675590551181
11
0.7915824409448818
21
0.055353937007874
0
LINE
8
BLACK
6
CONTINUOUS
10
0.7915824409448818
20
0.055353937007874
11
0.7915148425196851
21
0.0549703937007874
0
LINE
8
BLACK
6
CONTINUOUS
10
0.7915148425196851
20
0.0549703937007874
11
0.7910216929133858
21
0.0543826771653543
0
LINE
8
BLACK
6
CONTINUOUS
10
0.7910216929133858
20
0.0543826771653543
11
0.7906381496062992
21
0.0537183858267717
0
LINE
8
BLACK
6
CONTINUOUS
10
0.7906381496062992
20
0.0537183858267717
11
0.7903877952755906
21
0.0536272440944882
0
LINE
8
BLACK
6
CONTINUOUS
10
0.7903877952755906
20
0.0536272440944882
11
0.7902165354330708
21
0.0534231496062992
0
LINE
8
BLACK
6
CONTINUOUS
10
0.7902165354330708
20
0.0534231496062992
11
0.7894609448818898
21
0.0532898818897638
0
LINE
8
BLACK
6
CONTINUOUS
10
0.7894609448818898
20
0.0532898818897638
11
0.7887401574803149
21
0.0530275590551181
0
LINE
8
BLACK
6
CONTINUOUS
10
0.7887401574803149
20
0.0530275590551181
11
0.631259842519685
21
0.0530275590551181
0
LINE
8
BLACK
6
CONTINUOUS
10
0.631259842519685
20
0.0530275590551181
11
0.6308762992125984
21
0.053095157480315
0
LINE
8
BLACK
6
CONTINUOUS
10
0.6308762992125984
20
0.053095157480315
11
0.6307470866141732
21
0.0530724015748031
0
LINE
8
BLACK
6
CONTINUOUS
10
0.6307470866141732
20
0.0530724015748031
11
0.6306334645669291
21
0.0531379921259843
0
LINE
8
BLACK
6
CONTINUOUS
10
0.6306334645669291
20
0.0531379921259843
11
0.6302499212598425
21
0.0532056299212598
0
LINE
8
BLACK
6
CONTINUOUS
10
0.6302499212598425
20
0.0532056299212598
11
0.6296622047244095
21
0.0536987401574803
0
LINE
8
BLACK
6
CONTINUOUS
10
0.6296622047244095
20
0.0536987401574803
11
0.6289979133858268
21
0.0540823228346457
0
LINE
8
BLACK
6
CONTINUOUS
10
0.6289979133858268
20
0.0540823228346457
11
0.6289067716535433
21
0.0543326377952756
0
LINE
8
BLACK
6
CONTINUOUS
10
0.6289067716535433
20
0.0543326377952756
11
0.6287026771653543
21
0.054503937007874
0
LINE
8
BLACK
6
CONTINUOUS
10
0.6287026771653543
20
0.054503937007874
11
0.6285694094488189
21
0.0552594881889764
0
LINE
8
BLACK
6
CONTINUOUS
10
0.6285694094488189
20
0.0552594881889764
11
0.6283070866141732
21
0.0559803149606299
0
LINE
8
BLACK
6
CONTINUOUS
10
0.6283070866141732
20
0.0559803149606299
11
0.6283070866141732
21
0.3709409448818898
0
LINE
8
BLACK
6
CONTINUOUS
10
0.6283070866141732
20
0.3709409448818898
11
0.6283746850393701
21
0.3713244488188976
0
LINE
8
BLACK
6
CONTINUOUS
10
0.6283746850393701
20
0.3713244488188976
11
0.6283519291338583
21
0.3714537007874016
0
LINE
8
BLACK
6
CONTINUOUS
10
0.6283519291338583
20
0.3714537007874016
11
0.6284175196850393
21
0.3715672834645669
0
LINE
8
BLACK
6
CONTINUOUS
10
0.6284175196850393
20
0.3715672834645669
11
0.628485157480315
21
0.3719508661417323
0
LINE
8
BLACK
6
CONTINUOUS
10
0.628485157480315
20
0.3719508661417323
11
0.6289782677165354
21
0.3725385433070866
0
LINE
8
BLACK
6
CONTINUOUS
10
0.6289782677165354
20
0.3725385433070866
11
0.6293618503937007
21
0.373202874015748
0
LINE
8
BLACK
6
CONTINUOUS
10
0.6293618503937007
20
0.373202874015748
11
0.6296121653543307
21
0.3732939763779528
0
LINE
8
BLACK
6
CONTINUOUS
10
0.6296121653543307
20
0.3732939763779528
11
0.6297834645669291
21
0.3734981102362205
0
LINE
8
BLACK
6
CONTINUOUS
10
0.6297834645669291
20
0.3734981102362205
11
0.6305390157480315
21
0.3736313385826772
0
LINE
8
BLACK
6
CONTINUOUS
10
0.6305390157480315
20
0.3736313385826772
11
0.631259842519685
21
0.3738937007874016
0
LINE
8
BLACK
6
CONTINUOUS
10
0.631259842519685
20
0.3738937007874016
11
0.635
21
0.3738937007874016
0
LINE
8
BLACK
6
CONTINUOUS
10
0.635
20
0.3738937007874016
11
0.635
21
0.3876771653543307
0
LINE
8
BLACK
6
CONTINUOUS
10
0.635
20
0.3876771653543307
11
0.6163779527559055
21
0.3876771653543307
0
LINE
8
BLACK
6
CONTINUOUS
10
0.6163779527559055
20
0.3876771653543307
11
0.6163779527559055
21
0.039251968503937
0
LINE
8
BLACK
6
CONTINUOUS
10
0.6163779527559055
20
0.039251968503937
11
0.8054724409448819
21
0.039251968503937
0
LINE
8
BLACK
6
CONTINUOUS
10
0.8054724409448819
20
0.039251968503937
11
0.8054724409448819
21
0.3876771653543307
0
LINE
8
BLACK
6
CONTINUOUS
10
0.8054724409448819
20
0.3876771653543307
11
0.785
21
0.3876771653543307
0
LINE
8
BLACK
6
CONTINUOUS
10
0.59
20
0.3876771653543307
11
0.59
21
0.3738937007874016
0
LINE
8
BLACK
6
CONTINUOUS
10
0.59
20
0.3738937007874016
11
0.5937401574803149
21
0.3738937007874016
0
LINE
8
BLACK
6
CONTINUOUS
10
0.5937401574803149
20
0.3738937007874016
11
0.5941236614173229
21
0.373826062992126
0
LINE
8
BLACK
6
CONTINUOUS
10
0.5941236614173229
20
0.373826062992126
11
0.5942529133858268
21
0.3738488582677165
0
LINE
8
BLACK
6
CONTINUOUS
10
0.5942529133858268
20
0.3738488582677165
11
0.5943664960629921
21
0.3737832283464567
0
LINE
8
BLACK
6
CONTINUOUS
10
0.5943664960629921
20
0.3737832283464567
11
0.5947500787401575
21
0.3737156299212598
0
LINE
8
BLACK
6
CONTINUOUS
10
0.5947500787401575
20
0.3737156299212598
11
0.5953377559055117
21
0.3732224803149606
0
LINE
8
BLACK
6
CONTINUOUS
10
0.5953377559055117
20
0.3732224803149606
11
0.5960020866141732
21
0.372838937007874
0
LINE
8
BLACK
6
CONTINUOUS
10
0.5960020866141732
20
0.372838937007874
11
0.596093188976378
21
0.3725885826771653
0
LINE
8
BLACK
6
CONTINUOUS
10
0.596093188976378
20
0.3725885826771653
11
0.5962973228346456
21
0.3724173228346457
0
LINE
8
BLACK
6
CONTINUOUS
10
0.5962973228346456
20
0.3724173228346457
11
0.5964305511811023
21
0.3716617322834646
0
LINE
8
BLACK
6
CONTINUOUS
10
0.5964305511811023
20
0.3716617322834646
11
0.5966929133858268
21
0.3709409448818898
0
LINE
8
BLACK
6
CONTINUOUS
10
0.5966929133858268
20
0.3709409448818898
11
0.5966929133858268
21
0.0559803149606299
0
LINE
8
BLACK
6
CONTINUOUS
10
0.5966929133858268
20
0.0559803149606299
11
0.5966252755905511
21
0.0555967716535433
0
LINE
8
BLACK
6
CONTINUOUS
10
0.5966252755905511
20
0.0555967716535433
11
0.5966480708661417
21
0.0554675590551181
0
LINE
8
BLACK
6
CONTINUOUS
10
0.5966480708661417
20
0.0554675590551181
11
0.5965824409448819
21
0.055353937007874
0
LINE
8
BLACK
6
CONTINUOUS
10
0.5965824409448819
20
0.055353937007874
11
0.596514842519685
21
0.0549703937007874
0
LINE
8
BLACK
6
CONTINUOUS
10
0.596514842519685
20
0.0549703937007874
11
0.5960216929133858
21
0.0543826771653543
0
LINE
8
BLACK
6
CONTINUOUS
10
0.5960216929133858
20
0.0543826771653543
11
0.5956381496062992
21
0.0537183858267717
0
LINE
8
BLACK
6
CONTINUOUS
10
0.5956381496062992
20
0.0537183858267717
11
0.5953877952755905
21
0.0536272440944882
0
LINE
8
BLACK
6
CONTINUOUS
10
0.5953877952755905
20
0.0536272440944882
11
0.5952165354330708
21
0.0534231496062992
0
LINE
8
BLACK
6
CONTINUOUS
10
0.5952165354330708
20
0.0534231496062992
11
0.5944609448818897
21
0.0532898818897638
0
LINE
8
BLACK
6
CONTINUOUS
10
0.5944609448818897
20
0.0532898818897638
11
0.5937401574803149
21
0.0530275590551181
0
LINE
8
BLACK
6
CONTINUOUS
10
0.5937401574803149
20
0.0530275590551181
11
0.436259842519685
21
0.0530275590551181
0
LINE
8
BLACK
6
CONTINUOUS
10
0.436259842519685
20
0.0530275590551181
11
0.4358762992125984
21
0.053095157480315
0
LINE
8
BLACK
6
CONTINUOUS
10
0.4358762992125984
20
0.053095157480315
11
0.4357470866141732
21
0.0530724015748031
0
LINE
8
BLACK
6
CONTINUOUS
10
0.4357470866141732
20
0.0530724015748031
11
0.4356334645669291
21
0.0531379921259843
0
LINE
8
BLACK
6
CONTINUOUS
10
0.4356334645669291
20
0.0531379921259843
11
0.4352499212598425
21
0.0532056299212598
0
LINE
8
BLACK
6
CONTINUOUS
10
0.4352499212598425
20
0.0532056299212598
11
0.4346622047244094
21
0.0536987401574803
0
LINE
8
BLACK
6
CONTINUOUS
10
0.4346622047244094
20
0.0536987401574803
11
0.4339979133858268
21
0.0540823228346457
0
LINE
8
BLACK
6
CONTINUOUS
10
0.4339979133858268
20
0.0540823228346457
11
0.4339067716535433
21
0.0543326377952756
0
LINE
8
BLACK
6
CONTINUOUS
10
0.4339067716535433
20
0.0543326377952756
11
0.4337026771653543
21
0.054503937007874
0
LINE
8
BLACK
6
CONTINUOUS
10
0.4337026771653543
20
0.054503937007874
11
0.4335694094488189
21
0.0552594881889764
0
LINE
8
BLACK
6
CONTINUOUS
10
0.4335694094488189
20
0.0552594881889764
11
0.4333070866141732
21
0.0559803149606299
0
LINE
8
BLACK
6
CONTINUOUS
10
0.4333070866141732
20
0.0559803149606299
11
0.4333070866141732
21
0.3709409448818898
0
LINE
8
BLACK
6
CONTINUOUS
10
0.4333070866141732
20
0.3709409448818898
11
0.43337468503937
21
0.3713244488188976
0
LINE
8
BLACK
6
CONTINUOUS
10
0.43337468503937
20
0.3713244488188976
11
0.4333519291338583
21
0.3714537007874016
0
LINE
8
BLACK
6
CONTINUOUS
10
0.4333519291338583
20
0.3714537007874016
11
0.4334175196850394
21
0.3715672834645669
0
LINE
8
BLACK
6
CONTINUOUS
10
0.4334175196850394
20
0.3715672834645669
11
0.433485157480315
21
0.3719508661417323
0
LINE
8
BLACK
6
CONTINUOUS
10
0.433485157480315
20
0.3719508661417323
11
0.4339782677165354
21
0.3725385433070866
0
LINE
8
BLACK
6
CONTINUOUS
10
0.4339782677165354
20
0.3725385433070866
11
0.4343618503937008
21
0.373202874015748
0
LINE
8
BLACK
6
CONTINUOUS
10
0.4343618503937008
20
0.373202874015748
11
0.4346121653543307
21
0.3732939763779528
0
LINE
8
BLACK
6
CONTINUOUS
10
0.4346121653543307
20
0.3732939763779528
11
0.4347834645669291
21
0.3734981102362205
0
LINE
8
BLACK
6
CONTINUOUS
10
0.4347834645669291
20
0.3734981102362205
11
0.4355390157480315
21
0.3736313385826772
0
LINE
8
BLACK
6
CONTINUOUS
10
0.4355390157480315
20
0.3736313385826772
11
0.436259842519685
21
0.3738937007874016
0
LINE
8
BLACK
6
CONTINUOUS
10
0.436259842519685
20
0.3738937007874016
11
0.44
21
0.3738937007874016
0
LINE
8
BLACK
6
CONTINUOUS
10
0.44
20
0.3738937007874016
11
0.44
21
0.3876771653543307
0
LINE
8
BLACK
6
CONTINUOUS
10
0.44
20
0.3876771653543307
11
0.4195275590551181
21
0.3876771653543307
0
LINE
8
BLACK
6
CONTINUOUS
10
0.4195275590551181
20
0.3876771653543307
11
0.4195275590551181
21
0.039251968503937
0
LINE
8
BLACK
6
CONTINUOUS
10
0.4195275590551181
20
0.039251968503937
11
0.6086220472440945
21
0.039251968503937
0
LINE
8
BLACK
6
CONTINUOUS
10
0.6086220472440945
20
0.039251968503937
11
0.6086220472440945
21
0.3876771653543307
0
LINE
8
BLACK
6
CONTINUOUS
10
0.6086220472440945
20
0.3876771653543307
11
0.59
21
0.3876771653543307
0
LINE
8
BLACK
6
CONTINUOUS
10
1.585
20
0.3679881889763779
11
1.585
21
0.355
0
LINE
8
BLACK
6
CONTINUOUS
10
1.585
20
0.355
11
1.4350000000000001
21
0.355
0
LINE
8
BLACK
6
CONTINUOUS
10
1.4350000000000001
20
0.355
11
1.4350000000000001
21
0.3679881889763779
0
LINE
8
BLACK
6
CONTINUOUS
10
1.4350000000000001
20
0.3679881889763779
11
1.4342125984251968
21
0.3679881889763779
0
LINE
8
BLACK
6
CONTINUOUS
10
1.4342125984251968
20
0.3679881889763779
11
1.4342125984251968
21
0.0767041732283465
0
LINE
8
BLACK
6
CONTINUOUS
10
1.4342125984251968
20
0.0767041732283465
11
1.4355714173228347
21
0.0780629921259842
0
LINE
8
BLACK
6
CONTINUOUS
10
1.4355714173228347
20
0.0780629921259842
11
1.4385714173228346
21
0.0788668503937008
0
LINE
8
BLACK
6
CONTINUOUS
10
1.4385714173228346
20
0.0788668503937008
11
1.4433120472440946
21
0.0788668503937008
0
LINE
8
BLACK
6
CONTINUOUS
10
1.4433120472440946
20
0.0788668503937008
11
1.4496160236220472
21
0.0809681889763779
0
LINE
8
BLACK
6
CONTINUOUS
10
1.4496160236220472
20
0.0809681889763779
11
1.4533272047244095
21
0.0846793700787402
0
LINE
8
BLACK
6
CONTINUOUS
10
1.4533272047244095
20
0.0846793700787402
11
1.4554285433070866
21
0.0909833070866142
0
LINE
8
BLACK
6
CONTINUOUS
10
1.4554285433070866
20
0.0909833070866142
11
1.4554285433070866
21
0.1328668503937008
0
LINE
8
BLACK
6
CONTINUOUS
10
1.4554285433070866
20
0.1328668503937008
11
1.4562324015748032
21
0.1358668503937008
0
LINE
8
BLACK
6
CONTINUOUS
10
1.4562324015748032
20
0.1358668503937008
11
1.4584285433070865
21
0.1380629921259842
0
LINE
8
BLACK
6
CONTINUOUS
10
1.4584285433070865
20
0.1380629921259842
11
1.4614285433070866
21
0.1388668503937008
0
LINE
8
BLACK
6
CONTINUOUS
10
1.4614285433070866
20
0.1388668503937008
11
1.4644285433070865
21
0.1380629921259842
0
LINE
8
BLACK
6
CONTINUOUS
10
1.4644285433070865
20
0.1380629921259842
11
1.46662468503937
21
0.1358668503937008
0
LINE
8
BLACK
6
CONTINUOUS
10
1.46662468503937
20
0.1358668503937008
11
1.4674285433070866
21
0.1328668503937008
0
LINE
8
BLACK
6
CONTINUOUS
10
1.4674285433070866
20
0.1328668503937008
11
1.4674285433070866
21
0.0900097244094488
0
LINE
8
BLACK
6
CONTINUOUS
10
1.4674285433070866
20
0.0900097244094488
11
1.4671785433070865
21
0.0890766929133858
0
LINE
8
BLACK
6
CONTINUOUS
10
1.4671785433070865
20
0.0890766929133858
11
1.4671206692913386
21
0.0881124015748031
0
LINE
8
BLACK
6
CONTINUOUS
10
1.4671206692913386
20
0.0881124015748031
11
1.4642635039370078
21
0.079540905511811
0
LINE
8
BLACK
6
CONTINUOUS
10
1.4642635039370078
20
0.079540905511811
11
1.4635035039370079
21
0.0783898031496063
0
LINE
8
BLACK
6
CONTINUOUS
10
1.4635035039370079
20
0.0783898031496063
11
1.4628140157480314
21
0.0771955905511811
0
LINE
8
BLACK
6
CONTINUOUS
10
1.4628140157480314
20
0.0771955905511811
11
1.4570997637795275
21
0.0714813779527559
0
LINE
8
BLACK
6
CONTINUOUS
10
1.4570997637795275
20
0.0714813779527559
11
1.4559054330708661
21
0.0707918503937008
0
LINE
8
BLACK
6
CONTINUOUS
10
1.4559054330708661
20
0.0707918503937008
11
1.454754527559055
21
0.0700319291338583
0
LINE
8
BLACK
6
CONTINUOUS
10
1.454754527559055
20
0.0700319291338583
11
1.4461831102362204
21
0.0671747637795276
0
LINE
8
BLACK
6
CONTINUOUS
10
1.4461831102362204
20
0.0671747637795276
11
1.4452187795275591
21
0.0671168503937008
0
LINE
8
BLACK
6
CONTINUOUS
10
1.4452187795275591
20
0.0671168503937008
11
1.4442857086614174
21
0.0668668503937008
0
LINE
8
BLACK
6
CONTINUOUS
10
1.4442857086614174
20
0.0668668503937008
11
1.4385714173228346
21
0.0668668503937008
0
LINE
8
BLACK
6
CONTINUOUS
10
1.4385714173228346
20
0.0668668503937008
11
1.4355714173228347
21
0.0676707086614173
0
LINE
8
BLACK
6
CONTINUOUS
10
1.4355714173228347
20
0.0676707086614173
11
1.4342125984251968
21
0.0690295275590551
0
LINE
8
BLACK
6
CONTINUOUS
10
1.4342125984251968
20
0.0690295275590551
11
1.4342125984251968
21
0.0589330708661417
0
LINE
8
BLACK
6
CONTINUOUS
10
1.4342125984251968
20
0.0589330708661417
11
1.585787401574803
21
0.0589330708661417
0
LINE
8
BLACK
6
CONTINUOUS
10
1.585787401574803
20
0.0589330708661417
11
1.585787401574803
21
0.3679881889763779
0
LINE
8
BLACK
6
CONTINUOUS
10
1.585787401574803
20
0.3679881889763779
11
1.585
21
0.3679881889763779
0
LINE
8
BLACK
6
CONTINUOUS
10
1.385
20
0.3679881889763779
11
1.385
21
0.355
0
LINE
8
BLACK
6
CONTINUOUS
10
1.385
20
0.355
11
1.2349999999999999
21
0.355
0
LINE
8
BLACK
6
CONTINUOUS
10
1.2349999999999999
20
0.355
11
1.2349999999999999
21
0.3679881889763779
0
LINE
8
BLACK
6
CONTINUOUS
10
1.2349999999999999
20
0.3679881889763779
11
1.2342125984251968
21
0.3679881889763779
0
LINE
8
BLACK
6
CONTINUOUS
10
1.2342125984251968
20
0.3679881889763779
11
1.2342125984251968
21
0.0767041732283465
0
LINE
8
BLACK
6
CONTINUOUS
10
1.2342125984251968
20
0.0767041732283465
11
1.2355714173228347
21
0.0780629921259842
0
LINE
8
BLACK
6
CONTINUOUS
10
1.2355714173228347
20
0.0780629921259842
11
1.2385714173228346
21
0.0788668503937008
0
LINE
8
BLACK
6
CONTINUOUS
10
1.2385714173228346
20
0.0788668503937008
11
1.2433120472440944
21
0.0788668503937008
0
LINE
8
BLACK
6
CONTINUOUS
10
1.2433120472440944
20
0.0788668503937008
11
1.2496160236220473
21
0.0809681889763779
0
LINE
8
BLACK
6
CONTINUOUS
10
1.2496160236220473
20
0.0809681889763779
11
1.2533272047244095
21
0.0846793700787402
0
LINE
8
BLACK
6
CONTINUOUS
10
1.2533272047244095
20
0.0846793700787402
11
1.2554285433070866
21
0.0909833070866142
0
LINE
8
BLACK
6
CONTINUOUS
10
1.2554285433070866
20
0.0909833070866142
11
1.2554285433070866
21
0.1328668503937008
0
LINE
8
BLACK
6
CONTINUOUS
10
1.2554285433070866
20
0.1328668503937008
11
1.2562324015748032
21
0.1358668503937008
0
LINE
8
BLACK
6
CONTINUOUS
10
1.2562324015748032
20
0.1358668503937008
11
1.2584285433070865
21
0.1380629921259842
0
LINE
8
BLACK
6
CONTINUOUS
10
1.2584285433070865
20
0.1380629921259842
11
1.2614285433070866
21
0.1388668503937008
0
LINE
8
BLACK
6
CONTINUOUS
10
1.2614285433070866
20
0.1388668503937008
11
1.2644285433070865
21
0.1380629921259842
0
LINE
8
BLACK
6
CONTINUOUS
10
1.2644285433070865
20
0.1380629921259842
11
1.2666246850393701
21
0.1358668503937008
0
LINE
8
BLACK
6
CONTINUOUS
10
1.2666246850393701
20
0.1358668503937008
11
1.2674285433070867
21
0.1328668503937008
0
LINE
8
BLACK
6
CONTINUOUS
10
1.2674285433070867
20
0.1328668503937008
11
1.2674285433070867
21
0.0900097244094488
0
LINE
8
BLACK
6
CONTINUOUS
10
1.2674285433070867
20
0.0900097244094488
11
1.2671785433070866
21
0.0890766929133858
0
LINE
8
BLACK
6
CONTINUOUS
10
1.2671785433070866
20
0.0890766929133858
11
1.2671206692913386
21
0.0881124015748031
0
LINE
8
BLACK
6
CONTINUOUS
10
1.2671206692913386
20
0.0881124015748031
11
1.2642635039370078
21
0.079540905511811
0
LINE
8
BLACK
6
CONTINUOUS
10
1.2642635039370078
20
0.079540905511811
11
1.2635035039370079
21
0.0783898031496063
0
LINE
8
BLACK
6
CONTINUOUS
10
1.2635035039370079
20
0.0783898031496063
11
1.2628140157480314
21
0.0771955905511811
0
LINE
8
BLACK
6
CONTINUOUS
10
1.2628140157480314
20
0.0771955905511811
11
1.2570997637795276
21
0.0714813779527559
0
LINE
8
BLACK
6
CONTINUOUS
10
1.2570997637795276
20
0.0714813779527559
11
1.2559054330708661
21
0.0707918503937008
0
LINE
8
BLACK
6
CONTINUOUS
10
1.2559054330708661
20
0.0707918503937008
11
1.254754527559055
21
0.0700319291338583
0
LINE
8
BLACK
6
CONTINUOUS
10
1.254754527559055
20
0.0700319291338583
11
1.2461831102362204
21
0.0671747637795276
0
LINE
8
BLACK
6
CONTINUOUS
10
1.2461831102362204
20
0.0671747637795276
11
1.2452187795275591
21
0.0671168503937008
0
LINE
8
BLACK
6
CONTINUOUS
10
1.2452187795275591
20
0.0671168503937008
11
1.2442857086614172
21
0.0668668503937008
0
LINE
8
BLACK
6
CONTINUOUS
10
1.2442857086614172
20
0.0668668503937008
11
1.2385714173228346
21
0.0668668503937008
0
LINE
8
BLACK
6
CONTINUOUS
10
1.2385714173228346
20
0.0668668503937008
11
1.2355714173228347
21
0.0676707086614173
0
LINE
8
BLACK
6
CONTINUOUS
10
1.2355714173228347
20
0.0676707086614173
11
1.2342125984251968
21
0.0690295275590551
0
LINE
8
BLACK
6
CONTINUOUS
10
1.2342125984251968
20
0.0690295275590551
11
1.2342125984251968
21
0.0589330708661417
0
LINE
8
BLACK
6
CONTINUOUS
10
1.2342125984251968
20
0.0589330708661417
11
1.3857874015748031
21
0.0589330708661417
0
LINE
8
BLACK
6
CONTINUOUS
10
1.3857874015748031
20
0.0589330708661417
11
1.3857874015748031
21
0.3679881889763779
0
LINE
8
BLACK
6
CONTINUOUS
10
1.3857874015748031
20
0.3679881889763779
11
1.385
21
0.3679881889763779
0
LINE
8
BLACK
6
CONTINUOUS
10
1.1850000000000001
20
0.3679881889763779
11
1.1850000000000001
21
0.355
0
LINE
8
BLACK
6
CONTINUOUS
10
1.1850000000000001
20
0.355
11
1.0349999999999999
21
0.355
0
LINE
8
BLACK
6
CONTINUOUS
10
1.0349999999999999
20
0.355
11
1.0349999999999999
21
0.3679881889763779
0
LINE
8
BLACK
6
CONTINUOUS
10
1.0349999999999999
20
0.3679881889763779
11
1.0342125984251969
21
0.3679881889763779
0
LINE
8
BLACK
6
CONTINUOUS
10
1.0342125984251969
20
0.3679881889763779
11
1.0342125984251969
21
0.0767041732283465
0
LINE
8
BLACK
6
CONTINUOUS
10
1.0342125984251969
20
0.0767041732283465
11
1.0355714173228345
21
0.0780629921259842
0
LINE
8
BLACK
6
CONTINUOUS
10
1.0355714173228345
20
0.0780629921259842
11
1.0385714173228346
21
0.0788668503937008
0
LINE
8
BLACK
6
CONTINUOUS
10
1.0385714173228346
20
0.0788668503937008
11
1.0433120472440944
21
0.0788668503937008
0
LINE
8
BLACK
6
CONTINUOUS
10
1.0433120472440944
20
0.0788668503937008
11
1.0496160236220473
21
0.0809681889763779
0
LINE
8
BLACK
6
CONTINUOUS
10
1.0496160236220473
20
0.0809681889763779
11
1.0533272047244093
21
0.0846793700787402
0
LINE
8
BLACK
6
CONTINUOUS
10
1.0533272047244093
20
0.0846793700787402
11
1.0554285433070867
21
0.0909833070866142
0
LINE
8
BLACK
6
CONTINUOUS
10
1.0554285433070867
20
0.0909833070866142
11
1.0554285433070867
21
0.1328668503937008
0
LINE
8
BLACK
6
CONTINUOUS
10
1.0554285433070867
20
0.1328668503937008
11
1.056232401574803
21
0.1358668503937008
0
LINE
8
BLACK
6
CONTINUOUS
10
1.056232401574803
20
0.1358668503937008
11
1.0584285433070866
21
0.1380629921259842
0
LINE
8
BLACK
6
CONTINUOUS
10
1.0584285433070866
20
0.1380629921259842
11
1.0614285433070867
21
0.1388668503937008
0
LINE
8
BLACK
6
CONTINUOUS
10
1.0614285433070867
20
0.1388668503937008
11
1.0644285433070866
21
0.1380629921259842
0
LINE
8
BLACK
6
CONTINUOUS
10
1.0644285433070866
20
0.1380629921259842
11
1.0666246850393701
21
0.1358668503937008
0
LINE
8
BLACK
6
CONTINUOUS
10
1.0666246850393701
20
0.1358668503937008
11
1.0674285433070867
21
0.1328668503937008
0
LINE
8
BLACK
6
CONTINUOUS
10
1.0674285433070867
20
0.1328668503937008
11
1.0674285433070867
21
0.0900097244094488
0
LINE
8
BLACK
6
CONTINUOUS
10
1.0674285433070867
20
0.0900097244094488
11
1.0671785433070866
21
0.0890766929133858
0
LINE
8
BLACK
6
CONTINUOUS
10
1.0671785433070866
20
0.0890766929133858
11
1.0671206692913386
21
0.0881124015748031
0
LINE
8
BLACK
6
CONTINUOUS
10
1.0671206692913386
20
0.0881124015748031
11
1.0642635039370079
21
0.079540905511811
0
LINE
8
BLACK
6
CONTINUOUS
10
1.0642635039370079
20
0.079540905511811
11
1.0635035039370078
21
0.0783898031496063
0
LINE
8
BLACK
6
CONTINUOUS
10
1.0635035039370078
20
0.0783898031496063
11
1.0628140157480315
21
0.0771955905511811
0
LINE
8
BLACK
6
CONTINUOUS
10
1.0628140157480315
20
0.0771955905511811
11
1.0570997637795276
21
0.0714813779527559
0
LINE
8
BLACK
6
CONTINUOUS
10
1.0570997637795276
20
0.0714813779527559
11
1.0559054330708662
21
0.0707918503937008
0
LINE
8
BLACK
6
CONTINUOUS
10
1.0559054330708662
20
0.0707918503937008
11
1.0547545275590551
21
0.0700319291338583
0
LINE
8
BLACK
6
CONTINUOUS
10
1.0547545275590551
20
0.0700319291338583
11
1.0461831102362205
21
0.0671747637795276
0
LINE
8
BLACK
6
CONTINUOUS
10
1.0461831102362205
20
0.0671747637795276
11
1.0452187795275589
21
0.0671168503937008
0
LINE
8
BLACK
6
CONTINUOUS
10
1.0452187795275589
20
0.0671168503937008
11
1.0442857086614172
21
0.0668668503937008
0
LINE
8
BLACK
6
CONTINUOUS
10
1.0442857086614172
20
0.0668668503937008
11
1.0385714173228346
21
0.0668668503937008
0
LINE
8
BLACK
6
CONTINUOUS
10
1.0385714173228346
20
0.0668668503937008
11
1.0355714173228345
21
0.0676707086614173
0
LINE
8
BLACK
6
CONTINUOUS
10
1.0355714173228345
20
0.0676707086614173
11
1.0342125984251969
21
0.0690295275590551
0
LINE
8
BLACK
6
CONTINUOUS
10
1.0342125984251969
20
0.0690295275590551
11
1.0342125984251969
21
0.0589330708661417
0
LINE
8
BLACK
6
CONTINUOUS
10
1.0342125984251969
20
0.0589330708661417
11
1.1857874015748031
21
0.0589330708661417
0
LINE
8
BLACK
6
CONTINUOUS
10
1.1857874015748031
20
0.0589330708661417
11
1.1857874015748031
21
0.1278058661417323
0
LINE
8
BLACK
6
CONTINUOUS
10
1.1857874015748031
20
0.1278058661417323
11
1.1612291732283464
21
0.0705033464566929
0
LINE
8
BLACK
6
CONTINUOUS
10
1.1612291732283464
20
0.0705033464566929
11
1.1593085433070867
21
0.0680625590551181
0
LINE
8
BLACK
6
CONTINUOUS
10
1.1593085433070867
20
0.0680625590551181
11
1.1564248818897638
21
0.066909094488189
0
LINE
8
BLACK
6
CONTINUOUS
10
1.1564248818897638
20
0.066909094488189
11
1.1533507874015747
21
0.067351968503937
0
LINE
8
BLACK
6
CONTINUOUS
10
1.1533507874015747
20
0.067351968503937
11
1.1509099999999999
21
0.0692725984251969
0
LINE
8
BLACK
6
CONTINUOUS
10
1.1509099999999999
20
0.0692725984251969
11
1.1497565354330708
21
0.0721562598425197
0
LINE
8
BLACK
6
CONTINUOUS
10
1.1497565354330708
20
0.0721562598425197
11
1.1501994094488188
21
0.0752303543307087
0
LINE
8
BLACK
6
CONTINUOUS
10
1.1501994094488188
20
0.0752303543307087
11
1.1723293307086613
21
0.1268668503937008
0
LINE
8
BLACK
6
CONTINUOUS
10
1.1723293307086613
20
0.1268668503937008
11
1.1414285826771653
21
0.1268668503937008
0
LINE
8
BLACK
6
CONTINUOUS
10
1.1414285826771653
20
0.1268668503937008
11
1.1384285826771654
21
0.1276707086614173
0
LINE
8
BLACK
6
CONTINUOUS
10
1.1384285826771654
20
0.1276707086614173
11
1.1362324409448818
21
0.1298668503937008
0
LINE
8
BLACK
6
CONTINUOUS
10
1.1362324409448818
20
0.1298668503937008
11
1.1354285826771653
21
0.1328668503937008
0
LINE
8
BLACK
6
CONTINUOUS
10
1.1354285826771653
20
0.1328668503937008
11
1.1362324409448818
21
0.1358668503937008
0
LINE
8
BLACK
6
CONTINUOUS
10
1.1362324409448818
20
0.1358668503937008
11
1.1384285826771654
21
0.1380629921259842
0
LINE
8
BLACK
6
CONTINUOUS
10
1.1384285826771654
20
0.1380629921259842
11
1.1414285826771653
21
0.1388668503937008
0
LINE
8
BLACK
6
CONTINUOUS
10
1.1414285826771653
20
0.1388668503937008
11
1.1814285826771653
21
0.1388668503937008
0
LINE
8
BLACK
6
CONTINUOUS
10
1.1814285826771653
20
0.1388668503937008
11
1.1825957480314961
21
0.138554094488189
0
LINE
8
BLACK
6
CONTINUOUS
10
1.1825957480314961
20
0.138554094488189
11
1.1837920866141731
21
0.1383817322834646
0
LINE
8
BLACK
6
CONTINUOUS
10
1.1837920866141731
20
0.1383817322834646
11
1.1840776377952755
21
0.1381570078740157
0
LINE
8
BLACK
6
CONTINUOUS
10
1.1840776377952755
20
0.1381570078740157
11
1.1844285826771652
21
0.1380629921259842
0
LINE
8
BLACK
6
CONTINUOUS
10
1.1844285826771652
20
0.1380629921259842
11
1.1852831102362205
21
0.1372084251968504
0
LINE
8
BLACK
6
CONTINUOUS
10
1.1852831102362205
20
0.1372084251968504
11
1.1857874015748031
21
0.1368116141732283
0
LINE
8
BLACK
6
CONTINUOUS
10
1.1857874015748031
20
0.1368116141732283
11
1.1857874015748031
21
0.3679881889763779
0
LINE
8
BLACK
6
CONTINUOUS
10
1.1857874015748031
20
0.3679881889763779
11
1.1850000000000001
21
0.3679881889763779
0
LINE
8
BLACK
6
CONTINUOUS
10
0.985
20
0.3679881889763779
11
0.985
21
0.355
0
LINE
8
BLACK
6
CONTINUOUS
10
0.985
20
0.355
11
0.835
21
0.355
0
LINE
8
BLACK
6
CONTINUOUS
10
0.835
20
0.355
11
0.835
21
0.3679881889763779
0
LINE
8
BLACK
6
CONTINUOUS
10
0.835
20
0.3679881889763779
11
0.8342125984251968
21
0.3679881889763779
0
LINE
8
BLACK
6
CONTINUOUS
10
0.8342125984251968
20
0.3679881889763779
11
0.8342125984251968
21
0.0589330708661417
0
LINE
8
BLACK
6
CONTINUOUS
10
0.8342125984251968
20
0.0589330708661417
11
0.9857874015748032
21
0.0589330708661417
0
LINE
8
BLACK
6
CONTINUOUS
10
0.9857874015748032
20
0.0589330708661417
11
0.9857874015748032
21
0.3679881889763779
0
LINE
8
BLACK
6
CONTINUOUS
10
0.9857874015748032
20
0.3679881889763779
11
0.985
21
0.3679881889763779
0
LINE
8
BLACK
6
CONTINUOUS
10
0.785
20
0.3679881889763779
11
0.785
21
0.355
0
LINE
8
BLACK
6
CONTINUOUS
10
0.785
20
0.355
11
0.635
21
0.355
0
LINE
8
BLACK
6
CONTINUOUS
10
0.635
20
0.355
11
0.635
21
0.3679881889763779
0
LINE
8
BLACK
6
CONTINUOUS
10
0.635
20
0.3679881889763779
11
0.6342125984251968
21
0.3679881889763779
0
LINE
8
BLACK
6
CONTINUOUS
10
0.6342125984251968
20
0.3679881889763779
11
0.6342125984251968
21
0.0589330708661417
0
LINE
8
BLACK
6
CONTINUOUS
10
0.6342125984251968
20
0.0589330708661417
11
0.7857874015748031
21
0.0589330708661417
0
LINE
8
BLACK
6
CONTINUOUS
10
0.7857874015748031
20
0.0589330708661417
11
0.7857874015748031
21
0.3679881889763779
0
LINE
8
BLACK
6
CONTINUOUS
10
0.7857874015748031
20
0.3679881889763779
11
0.785
21
0.3679881889763779
0
LINE
8
BLACK
6
CONTINUOUS
10
0.59
20
0.3679881889763779
11
0.59
21
0.355
0
LINE
8
BLACK
6
CONTINUOUS
10
0.59
20
0.355
11
0.44
21
0.355
0
LINE
8
BLACK
6
CONTINUOUS
10
0.44
20
0.355
11
0.44
21
0.3679881889763779
0
LINE
8
BLACK
6
CONTINUOUS
10
0.44
20
0.3679881889763779
11
0.4392125984251968
21
0.3679881889763779
0
LINE
8
BLACK
6
CONTINUOUS
10
0.4392125984251968
20
0.3679881889763779
11
0.4392125984251968
21
0.0767041732283465
0
LINE
8
BLACK
6
CONTINUOUS
10
0.4392125984251968
20
0.0767041732283465
11
0.4405714173228346
21
0.0780629921259842
0
LINE
8
BLACK
6
CONTINUOUS
10
0.4405714173228346
20
0.0780629921259842
11
0.4435714173228346
21
0.0788668503937008
0
LINE
8
BLACK
6
CONTINUOUS
10
0.4435714173228346
20
0.0788668503937008
11
0.4483120472440945
21
0.0788668503937008
0
LINE
8
BLACK
6
CONTINUOUS
10
0.4483120472440945
20
0.0788668503937008
11
0.4546160236220472
21
0.0809681889763779
0
LINE
8
BLACK
6
CONTINUOUS
10
0.4546160236220472
20
0.0809681889763779
11
0.4583272047244095
21
0.0846793700787402
0
LINE
8
BLACK
6
CONTINUOUS
10
0.4583272047244095
20
0.0846793700787402
11
0.4604285433070866
21
0.0909833070866142
0
LINE
8
BLACK
6
CONTINUOUS
10
0.4604285433070866
20
0.0909833070866142
11
0.4604285433070866
21
0.1328668503937008
0
LINE
8
BLACK
6
CONTINUOUS
10
0.4604285433070866
20
0.1328668503937008
11
0.4612324015748032
21
0.1358668503937008
0
LINE
8
BLACK
6
CONTINUOUS
10
0.4612324015748032
20
0.1358668503937008
11
0.4634285433070866
21
0.1380629921259842
0
LINE
8
BLACK
6
CONTINUOUS
10
0.4634285433070866
20
0.1380629921259842
11
0.4664285433070866
21
0.1388668503937008
0
LINE
8
BLACK
6
CONTINUOUS
10
0.4664285433070866
20
0.1388668503937008
11
0.4694285433070866
21
0.1380629921259842
0
LINE
8
BLACK
6
CONTINUOUS
10
0.4694285433070866
20
0.1380629921259842
11
0.4716246850393701
21
0.1358668503937008
0
LINE
8
BLACK
6
CONTINUOUS
10
0.4716246850393701
20
0.1358668503937008
11
0.4724285433070866
21
0.1328668503937008
0
LINE
8
BLACK
6
CONTINUOUS
10
0.4724285433070866
20
0.1328668503937008
11
0.4724285433070866
21
0.0900097244094488
0
LINE
8
BLACK
6
CONTINUOUS
10
0.4724285433070866
20
0.0900097244094488
11
0.4721785433070866
21
0.0890766929133858
0
LINE
8
BLACK
6
CONTINUOUS
10
0.4721785433070866
20
0.0890766929133858
11
0.4721206692913386
21
0.0881124015748031
0
LINE
8
BLACK
6
CONTINUOUS
10
0.4721206692913386
20
0.0881124015748031
11
0.4692635039370079
21
0.079540905511811
0
LINE
8
BLACK
6
CONTINUOUS
10
0.4692635039370079
20
0.079540905511811
11
0.4685035039370078
21
0.0783898031496063
0
LINE
8
BLACK
6
CONTINUOUS
10
0.4685035039370078
20
0.0783898031496063
11
0.4678140157480315
21
0.0771955905511811
0
LINE
8
BLACK
6
CONTINUOUS
10
0.4678140157480315
20
0.0771955905511811
11
0.4620997637795276
21
0.0714813779527559
0
LINE
8
BLACK
6
CONTINUOUS
10
0.4620997637795276
20
0.0714813779527559
11
0.4609054330708661
21
0.0707918503937008
0
LINE
8
BLACK
6
CONTINUOUS
10
0.4609054330708661
20
0.0707918503937008
11
0.4597545275590551
21
0.0700319291338583
0
LINE
8
BLACK
6
CONTINUOUS
10
0.4597545275590551
20
0.0700319291338583
11
0.4511831102362205
21
0.0671747637795276
0
LINE
8
BLACK
6
CONTINUOUS
10
0.4511831102362205
20
0.0671747637795276
11
0.4502187795275591
21
0.0671168503937008
0
LINE
8
BLACK
6
CONTINUOUS
10
0.4502187795275591
20
0.0671168503937008
11
0.4492857086614173
21
0.0668668503937008
0
LINE
8
BLACK
6
CONTINUOUS
10
0.4492857086614173
20
0.0668668503937008
11
0.4435714173228346
21
0.0668668503937008
0
LINE
8
BLACK
6
CONTINUOUS
10
0.4435714173228346
20
0.0668668503937008
11
0.4405714173228346
21
0.0676707086614173
0
LINE
8
BLACK
6
CONTINUOUS
10
0.4405714173228346
20
0.0676707086614173
11
0.4392125984251968
21
0.0690295275590551
0
LINE
8
BLACK
6
CONTINUOUS
10
0.4392125984251968
20
0.0690295275590551
11
0.4392125984251968
21
0.0589330708661417
0
LINE
8
BLACK
6
CONTINUOUS
10
0.4392125984251968
20
0.0589330708661417
11
0.5907874015748031
21
0.0589330708661417
0
LINE
8
BLACK
6
CONTINUOUS
10
0.5907874015748031
20
0.0589330708661417
11
0.5907874015748031
21
0.3679881889763779
0
LINE
8
BLACK
6
CONTINUOUS
10
0.5907874015748031
20
0.3679881889763779
11
0.59
21
0.3679881889763779
0
LINE
8
BLACK
6
CONTINUOUS
10
1.4145275590551181
20
0.6238976377952756
11
1.4145275590551181
21
0.3935826771653543
0
LINE
8
BLACK
6
CONTINUOUS
10
1.4145275590551181
20
0.3935826771653543
11
1.4350000000000001
21
0.3935826771653543
0
LINE
8
BLACK
6
CONTINUOUS
10
1.4350000000000001
20
0.3935826771653543
11
1.4350000000000001
21
0.505
0
LINE
8
BLACK
6
CONTINUOUS
10
1.4350000000000001
20
0.505
11
1.4479921259842519
21
0.505
0
LINE
8
BLACK
6
CONTINUOUS
10
1.4479921259842519
20
0.505
11
1.4479921259842519
21
0.5845275590551181
0
LINE
8
BLACK
6
CONTINUOUS
10
1.4479921259842519
20
0.5845275590551181
11
1.431259842519685
21
0.5845275590551181
0
LINE
8
BLACK
6
CONTINUOUS
10
1.431259842519685
20
0.5845275590551181
11
1.4308762992125983
21
0.584595157480315
0
LINE
8
BLACK
6
CONTINUOUS
10
1.4308762992125983
20
0.584595157480315
11
1.4307470866141732
21
0.5845724015748032
0
LINE
8
BLACK
6
CONTINUOUS
10
1.4307470866141732
20
0.5845724015748032
11
1.4306334645669292
21
0.5846379921259842
0
LINE
8
BLACK
6
CONTINUOUS
10
1.4306334645669292
20
0.5846379921259842
11
1.4302499212598425
21
0.5847056299212599
0
LINE
8
BLACK
6
CONTINUOUS
10
1.4302499212598425
20
0.5847056299212599
11
1.4296622047244094
21
0.5851987401574803
0
LINE
8
BLACK
6
CONTINUOUS
10
1.4296622047244094
20
0.5851987401574803
11
1.4289979133858268
21
0.5855823228346456
0
LINE
8
BLACK
6
CONTINUOUS
10
1.4289979133858268
20
0.5855823228346456
11
1.4289067716535433
21
0.5858326377952756
0
LINE
8
BLACK
6
CONTINUOUS
10
1.4289067716535433
20
0.5858326377952756
11
1.4287026771653544
21
0.586003937007874
0
LINE
8
BLACK
6
CONTINUOUS
10
1.4287026771653544
20
0.586003937007874
11
1.4285694094488188
21
0.5867594881889764
0
LINE
8
BLACK
6
CONTINUOUS
10
1.4285694094488188
20
0.5867594881889764
11
1.4283070866141732
21
0.5874803149606299
0
LINE
8
BLACK
6
CONTINUOUS
10
1.4283070866141732
20
0.5874803149606299
11
1.4283070866141732
21
0.6238976377952756
0
LINE
8
BLACK
6
CONTINUOUS
10
1.4283070866141732
20
0.6238976377952756
11
1.4145275590551181
21
0.6238976377952756
0
LINE
8
BLACK
6
CONTINUOUS
10
1.5916929133858266
20
0.6238976377952756
11
1.5916929133858266
21
0.5874803149606299
0
LINE
8
BLACK
6
CONTINUOUS
10
1.5916929133858266
20
0.5874803149606299
11
1.5916252755905511
21
0.5870967716535433
0
LINE
8
BLACK
6
CONTINUOUS
10
1.5916252755905511
20
0.5870967716535433
11
1.5916480708661418
21
0.5869675590551181
0
LINE
8
BLACK
6
CONTINUOUS
10
1.5916480708661418
20
0.5869675590551181
11
1.5915824409448818
21
0.586853937007874
0
LINE
8
BLACK
6
CONTINUOUS
10
1.5915824409448818
20
0.586853937007874
11
1.591514842519685
21
0.5864703937007874
0
LINE
8
BLACK
6
CONTINUOUS
10
1.591514842519685
20
0.5864703937007874
11
1.5910216929133858
21
0.5858826771653544
0
LINE
8
BLACK
6
CONTINUOUS
10
1.5910216929133858
20
0.5858826771653544
11
1.5906381496062991
21
0.5852183858267717
0
LINE
8
BLACK
6
CONTINUOUS
10
1.5906381496062991
20
0.5852183858267717
11
1.5903877952755905
21
0.5851272440944881
0
LINE
8
BLACK
6
CONTINUOUS
10
1.5903877952755905
20
0.5851272440944881
11
1.5902165354330708
21
0.5849231496062992
0
LINE
8
BLACK
6
CONTINUOUS
10
1.5902165354330708
20
0.5849231496062992
11
1.5894609448818897
21
0.5847898818897638
0
LINE
8
BLACK
6
CONTINUOUS
10
1.5894609448818897
20
0.5847898818897638
11
1.5887401574803148
21
0.5845275590551181
0
LINE
8
BLACK
6
CONTINUOUS
10
1.5887401574803148
20
0.5845275590551181
11
1.5720078740157479
21
0.5845275590551181
0
LINE
8
BLACK
6
CONTINUOUS
10
1.5720078740157479
20
0.5845275590551181
11
1.5720078740157479
21
0.505
0
LINE
8
BLACK
6
CONTINUOUS
10
1.5720078740157479
20
0.505
11
1.585
21
0.505
0
LINE
8
BLACK
6
CONTINUOUS
10
1.585
20
0.505
11
1.585
21
0.3935826771653543
0
LINE
8
BLACK
6
CONTINUOUS
10
1.585
20
0.3935826771653543
11
1.605472440944882
21
0.3935826771653543
0
LINE
8
BLACK
6
CONTINUOUS
10
1.605472440944882
20
0.3935826771653543
11
1.605472440944882
21
0.6238976377952756
0
LINE
8
BLACK
6
CONTINUOUS
10
1.605472440944882
20
0.6238976377952756
11
1.5916929133858266
21
0.6238976377952756
0
LINE
8
BLACK
6
CONTINUOUS
10
1.2145275590551181
20
0.6238976377952756
11
1.2145275590551181
21
0.3935826771653543
0
LINE
8
BLACK
6
CONTINUOUS
10
1.2145275590551181
20
0.3935826771653543
11
1.2349999999999999
21
0.3935826771653543
0
LINE
8
BLACK
6
CONTINUOUS
10
1.2349999999999999
20
0.3935826771653543
11
1.2349999999999999
21
0.505
0
LINE
8
BLACK
6
CONTINUOUS
10
1.2349999999999999
20
0.505
11
1.2479921259842519
21
0.505
0
LINE
8
BLACK
6
CONTINUOUS
10
1.2479921259842519
20
0.505
11
1.2479921259842519
21
0.5845275590551181
0
LINE
8
BLACK
6
CONTINUOUS
10
1.2479921259842519
20
0.5845275590551181
11
1.231259842519685
21
0.5845275590551181
0
LINE
8
BLACK
6
CONTINUOUS
10
1.231259842519685
20
0.5845275590551181
11
1.2308762992125983
21
0.584595157480315
0
LINE
8
BLACK
6
CONTINUOUS
10
1.2308762992125983
20
0.584595157480315
11
1.2307470866141732
21
0.5845724015748032
0
LINE
8
BLACK
6
CONTINUOUS
10
1.2307470866141732
20
0.5845724015748032
11
1.230633464566929
21
0.5846379921259842
0
LINE
8
BLACK
6
CONTINUOUS
10
1.230633464566929
20
0.5846379921259842
11
1.2302499212598426
21
0.5847056299212599
0
LINE
8
BLACK
6
CONTINUOUS
10
1.2302499212598426
20
0.5847056299212599
11
1.2296622047244095
21
0.5851987401574803
0
LINE
8
BLACK
6
CONTINUOUS
10
1.2296622047244095
20
0.5851987401574803
11
1.2289979133858266
21
0.5855823228346456
0
LINE
8
BLACK
6
CONTINUOUS
10
1.2289979133858266
20
0.5855823228346456
11
1.2289067716535433
21
0.5858326377952756
0
LINE
8
BLACK
6
CONTINUOUS
10
1.2289067716535433
20
0.5858326377952756
11
1.2287026771653542
21
0.586003937007874
0
LINE
8
BLACK
6
CONTINUOUS
10
1.2287026771653542
20
0.586003937007874
11
1.2285694094488189
21
0.5867594881889764
0
LINE
8
BLACK
6
CONTINUOUS
10
1.2285694094488189
20
0.5867594881889764
11
1.2283070866141732
21
0.5874803149606299
0
LINE
8
BLACK
6
CONTINUOUS
10
1.2283070866141732
20
0.5874803149606299
11
1.2283070866141732
21
0.6238976377952756
0
LINE
8
BLACK
6
CONTINUOUS
10
1.2283070866141732
20
0.6238976377952756
11
1.2145275590551181
21
0.6238976377952756
0
LINE
8
BLACK
6
CONTINUOUS
10
1.3916929133858267
20
0.6238976377952756
11
1.3916929133858267
21
0.5874803149606299
0
LINE
8
BLACK
6
CONTINUOUS
10
1.3916929133858267
20
0.5874803149606299
11
1.3916252755905512
21
0.5870967716535433
0
LINE
8
BLACK
6
CONTINUOUS
10
1.3916252755905512
20
0.5870967716535433
11
1.3916480708661416
21
0.5869675590551181
0
LINE
8
BLACK
6
CONTINUOUS
10
1.3916480708661416
20
0.5869675590551181
11
1.3915824409448818
21
0.586853937007874
0
LINE
8
BLACK
6
CONTINUOUS
10
1.3915824409448818
20
0.586853937007874
11
1.391514842519685
21
0.5864703937007874
0
LINE
8
BLACK
6
CONTINUOUS
10
1.391514842519685
20
0.5864703937007874
11
1.3910216929133858
21
0.5858826771653544
0
LINE
8
BLACK
6
CONTINUOUS
10
1.3910216929133858
20
0.5858826771653544
11
1.3906381496062992
21
0.5852183858267717
0
LINE
8
BLACK
6
CONTINUOUS
10
1.3906381496062992
20
0.5852183858267717
11
1.3903877952755905
21
0.5851272440944881
0
LINE
8
BLACK
6
CONTINUOUS
10
1.3903877952755905
20
0.5851272440944881
11
1.3902165354330709
21
0.5849231496062992
0
LINE
8
BLACK
6
CONTINUOUS
10
1.3902165354330709
20
0.5849231496062992
11
1.3894609448818898
21
0.5847898818897638
0
LINE
8
BLACK
6
CONTINUOUS
10
1.3894609448818898
20
0.5847898818897638
11
1.3887401574803149
21
0.5845275590551181
0
LINE
8
BLACK
6
CONTINUOUS
10
1.3887401574803149
20
0.5845275590551181
11
1.372007874015748
21
0.5845275590551181
0
LINE
8
BLACK
6
CONTINUOUS
10
1.372007874015748
20
0.5845275590551181
11
1.372007874015748
21
0.505
0
LINE
8
BLACK
6
CONTINUOUS
10
1.372007874015748
20
0.505
11
1.385
21
0.505
0
LINE
8
BLACK
6
CONTINUOUS
10
1.385
20
0.505
11
1.385
21
0.3935826771653543
0
LINE
8
BLACK
6
CONTINUOUS
10
1.385
20
0.3935826771653543
11
1.4054724409448818
21
0.3935826771653543
0
LINE
8
BLACK
6
CONTINUOUS
10
1.4054724409448818
20
0.3935826771653543
11
1.4054724409448818
21
0.6238976377952756
0
LINE
8
BLACK
6
CONTINUOUS
10
1.4054724409448818
20
0.6238976377952756
11
1.3916929133858267
21
0.6238976377952756
0
LINE
8
BLACK
6
CONTINUOUS
10
1.0145275590551182
20
0.6238976377952756
11
1.0145275590551182
21
0.3935826771653543
0
LINE
8
BLACK
6
CONTINUOUS
10
1.0145275590551182
20
0.3935826771653543
11
1.0349999999999999
21
0.3935826771653543
0
LINE
8
BLACK
6
CONTINUOUS
10
1.0349999999999999
20
0.3935826771653543
11
1.0349999999999999
21
0.505
0
LINE
8
BLACK
6
CONTINUOUS
10
1.0349999999999999
20
0.505
11
1.047992125984252
21
0.505
0
LINE
8
BLACK
6
CONTINUOUS
10
1.047992125984252
20
0.505
11
1.047992125984252
21
0.5845275590551181
0
LINE
8
BLACK
6
CONTINUOUS
10
1.047992125984252
20
0.5845275590551181
11
1.0312598425196851
21
0.5845275590551181
0
LINE
8
BLACK
6
CONTINUOUS
10
1.0312598425196851
20
0.5845275590551181
11
1.0308762992125984
21
0.584595157480315
0
LINE
8
BLACK
6
CONTINUOUS
10
1.0308762992125984
20
0.584595157480315
11
1.0307470866141732
21
0.5845724015748032
0
LINE
8
BLACK
6
CONTINUOUS
10
1.0307470866141732
20
0.5845724015748032
11
1.0306334645669291
21
0.5846379921259842
0
LINE
8
BLACK
6
CONTINUOUS
10
1.0306334645669291
20
0.5846379921259842
11
1.0302499212598426
21
0.5847056299212599
0
LINE
8
BLACK
6
CONTINUOUS
10
1.0302499212598426
20
0.5847056299212599
11
1.0296622047244095
21
0.5851987401574803
0
LINE
8
BLACK
6
CONTINUOUS
10
1.0296622047244095
20
0.5851987401574803
11
1.0289979133858267
21
0.5855823228346456
0
LINE
8
BLACK
6
CONTINUOUS
10
1.0289979133858267
20
0.5855823228346456
11
1.0289067716535434
21
0.5858326377952756
0
LINE
8
BLACK
6
CONTINUOUS
10
1.0289067716535434
20
0.5858326377952756
11
1.0287026771653542
21
0.586003937007874
0
LINE
8
BLACK
6
CONTINUOUS
10
1.0287026771653542
20
0.586003937007874
11
1.0285694094488189
21
0.5867594881889764
0
LINE
8
BLACK
6
CONTINUOUS
10
1.0285694094488189
20
0.5867594881889764
11
1.0283070866141732
21
0.5874803149606299
0
LINE
8
BLACK
6
CONTINUOUS
10
1.0283070866141732
20
0.5874803149606299
11
1.0283070866141732
21
0.6238976377952756
0
LINE
8
BLACK
6
CONTINUOUS
10
1.0283070866141732
20
0.6238976377952756
11
1.0145275590551182
21
0.6238976377952756
0
LINE
8
BLACK
6
CONTINUOUS
10
1.1916929133858267
20
0.6238976377952756
11
1.1916929133858267
21
0.5874803149606299
0
LINE
8
BLACK
6
CONTINUOUS
10
1.1916929133858267
20
0.5874803149606299
11
1.1916252755905512
21
0.5870967716535433
0
LINE
8
BLACK
6
CONTINUOUS
10
1.1916252755905512
20
0.5870967716535433
11
1.1916480708661417
21
0.5869675590551181
0
LINE
8
BLACK
6
CONTINUOUS
10
1.1916480708661417
20
0.5869675590551181
11
1.1915824409448819
21
0.586853937007874
0
LINE
8
BLACK
6
CONTINUOUS
10
1.1915824409448819
20
0.586853937007874
11
1.1915148425196851
21
0.5864703937007874
0
LINE
8
BLACK
6
CONTINUOUS
10
1.1915148425196851
20
0.5864703937007874
11
1.1910216929133859
21
0.5858826771653544
0
LINE
8
BLACK
6
CONTINUOUS
10
1.1910216929133859
20
0.5858826771653544
11
1.1906381496062992
21
0.5852183858267717
0
LINE
8
BLACK
6
CONTINUOUS
10
1.1906381496062992
20
0.5852183858267717
11
1.1903877952755906
21
0.5851272440944881
0
LINE
8
BLACK
6
CONTINUOUS
10
1.1903877952755906
20
0.5851272440944881
11
1.1902165354330709
21
0.5849231496062992
0
LINE
8
BLACK
6
CONTINUOUS
10
1.1902165354330709
20
0.5849231496062992
11
1.1894609448818898
21
0.5847898818897638
0
LINE
8
BLACK
6
CONTINUOUS
10
1.1894609448818898
20
0.5847898818897638
11
1.1887401574803149
21
0.5845275590551181
0
LINE
8
BLACK
6
CONTINUOUS
10
1.1887401574803149
20
0.5845275590551181
11
1.172007874015748
21
0.5845275590551181
0
LINE
8
BLACK
6
CONTINUOUS
10
1.172007874015748
20
0.5845275590551181
11
1.172007874015748
21
0.505
0
LINE
8
BLACK
6
CONTINUOUS
10
1.172007874015748
20
0.505
11
1.1850000000000001
21
0.505
0
LINE
8
BLACK
6
CONTINUOUS
10
1.1850000000000001
20
0.505
11
1.1850000000000001
21
0.3935826771653543
0
LINE
8
BLACK
6
CONTINUOUS
10
1.1850000000000001
20
0.3935826771653543
11
1.2054724409448818
21
0.3935826771653543
0
LINE
8
BLACK
6
CONTINUOUS
10
1.2054724409448818
20
0.3935826771653543
11
1.2054724409448818
21
0.6238976377952756
0
LINE
8
BLACK
6
CONTINUOUS
10
1.2054724409448818
20
0.6238976377952756
11
1.1916929133858267
21
0.6238976377952756
0
LINE
8
BLACK
6
CONTINUOUS
10
0.8145275590551181
20
0.6238976377952756
11
0.8145275590551181
21
0.3935826771653543
0
LINE
8
BLACK
6
CONTINUOUS
10
0.8145275590551181
20
0.3935826771653543
11
0.835
21
0.3935826771653543
0
LINE
8
BLACK
6
CONTINUOUS
10
0.835
20
0.3935826771653543
11
0.835
21
0.505
0
LINE
8
BLACK
6
CONTINUOUS
10
0.835
20
0.505
11
0.847992125984252
21
0.505
0
LINE
8
BLACK
6
CONTINUOUS
10
0.847992125984252
20
0.505
11
0.847992125984252
21
0.5845275590551181
0
LINE
8
BLACK
6
CONTINUOUS
10
0.847992125984252
20
0.5845275590551181
11
0.831259842519685
21
0.5845275590551181
0
LINE
8
BLACK
6
CONTINUOUS
10
0.831259842519685
20
0.5845275590551181
11
0.8308762992125984
21
0.584595157480315
0
LINE
8
BLACK
6
CONTINUOUS
10
0.8308762992125984
20
0.584595157480315
11
0.8307470866141732
21
0.5845724015748032
0
LINE
8
BLACK
6
CONTINUOUS
10
0.8307470866141732
20
0.5845724015748032
11
0.8306334645669291
21
0.5846379921259842
0
LINE
8
BLACK
6
CONTINUOUS
10
0.8306334645669291
20
0.5846379921259842
11
0.8302499212598425
21
0.5847056299212599
0
LINE
8
BLACK
6
CONTINUOUS
10
0.8302499212598425
20
0.5847056299212599
11
0.8296622047244094
21
0.5851987401574803
0
LINE
8
BLACK
6
CONTINUOUS
10
0.8296622047244094
20
0.5851987401574803
11
0.8289979133858267
21
0.5855823228346456
0
LINE
8
BLACK
6
CONTINUOUS
10
0.8289979133858267
20
0.5855823228346456
11
0.8289067716535433
21
0.5858326377952756
0
LINE
8
BLACK
6
CONTINUOUS
10
0.8289067716535433
20
0.5858326377952756
11
0.8287026771653543
21
0.586003937007874
0
LINE
8
BLACK
6
CONTINUOUS
10
0.8287026771653543
20
0.586003937007874
11
0.8285694094488188
21
0.5867594881889764
0
LINE
8
BLACK
6
CONTINUOUS
10
0.8285694094488188
20
0.5867594881889764
11
0.8283070866141732
21
0.5874803149606299
0
LINE
8
BLACK
6
CONTINUOUS
10
0.8283070866141732
20
0.5874803149606299
11
0.8283070866141732
21
0.6238976377952756
0
LINE
8
BLACK
6
CONTINUOUS
10
0.8283070866141732
20
0.6238976377952756
11
0.8145275590551181
21
0.6238976377952756
0
LINE
8
BLACK
6
CONTINUOUS
10
0.9916929133858268
20
0.6238976377952756
11
0.9916929133858268
21
0.5874803149606299
0
LINE
8
BLACK
6
CONTINUOUS
10
0.9916929133858268
20
0.5874803149606299
11
0.9916252755905511
21
0.5870967716535433
0
LINE
8
BLACK
6
CONTINUOUS
10
0.9916252755905511
20
0.5870967716535433
11
0.9916480708661417
21
0.5869675590551181
0
LINE
8
BLACK
6
CONTINUOUS
10
0.9916480708661417
20
0.5869675590551181
11
0.9915824409448819
21
0.586853937007874
0
LINE
8
BLACK
6
CONTINUOUS
10
0.9915824409448819
20
0.586853937007874
11
0.991514842519685
21
0.5864703937007874
0
LINE
8
BLACK
6
CONTINUOUS
10
0.991514842519685
20
0.5864703937007874
11
0.9910216929133858
21
0.5858826771653544
0
LINE
8
BLACK
6
CONTINUOUS
10
0.9910216929133858
20
0.5858826771653544
11
0.9906381496062991
21
0.5852183858267717
0
LINE
8
BLACK
6
CONTINUOUS
10
0.9906381496062991
20
0.5852183858267717
11
0.9903877952755905
21
0.5851272440944881
0
LINE
8
BLACK
6
CONTINUOUS
10
0.9903877952755905
20
0.5851272440944881
11
0.9902165354330709
21
0.5849231496062992
0
LINE
8
BLACK
6
CONTINUOUS
10
0.9902165354330709
20
0.5849231496062992
11
0.9894609448818897
21
0.5847898818897638
0
LINE
8
BLACK
6
CONTINUOUS
10
0.9894609448818897
20
0.5847898818897638
11
0.988740157480315
21
0.5845275590551181
0
LINE
8
BLACK
6
CONTINUOUS
10
0.988740157480315
20
0.5845275590551181
11
0.9720078740157481
21
0.5845275590551181
0
LINE
8
BLACK
6
CONTINUOUS
10
0.9720078740157481
20
0.5845275590551181
11
0.9720078740157481
21
0.505
0
LINE
8
BLACK
6
CONTINUOUS
10
0.9720078740157481
20
0.505
11
0.985
21
0.505
0
LINE
8
BLACK
6
CONTINUOUS
10
0.985
20
0.505
11
0.985
21
0.3935826771653543
0
LINE
8
BLACK
6
CONTINUOUS
10
0.985
20
0.3935826771653543
11
1.0054724409448819
21
0.3935826771653543
0
LINE
8
BLACK
6
CONTINUOUS
10
1.0054724409448819
20
0.3935826771653543
11
1.0054724409448819
21
0.6238976377952756
0
LINE
8
BLACK
6
CONTINUOUS
10
1.0054724409448819
20
0.6238976377952756
11
0.9916929133858268
21
0.6238976377952756
0
LINE
8
BLACK
6
CONTINUOUS
10
0.6163779527559055
20
0.6238976377952756
11
0.6163779527559055
21
0.3935826771653543
0
LINE
8
BLACK
6
CONTINUOUS
10
0.6163779527559055
20
0.3935826771653543
11
0.635
21
0.3935826771653543
0
LINE
8
BLACK
6
CONTINUOUS
10
0.635
20
0.3935826771653543
11
0.635
21
0.505
0
LINE
8
BLACK
6
CONTINUOUS
10
0.635
20
0.505
11
0.6479921259842519
21
0.505
0
LINE
8
BLACK
6
CONTINUOUS
10
0.6479921259842519
20
0.505
11
0.6479921259842519
21
0.5845275590551181
0
LINE
8
BLACK
6
CONTINUOUS
10
0.6479921259842519
20
0.5845275590551181
11
0.631259842519685
21
0.5845275590551181
0
LINE
8
BLACK
6
CONTINUOUS
10
0.631259842519685
20
0.5845275590551181
11
0.6308762992125984
21
0.584595157480315
0
LINE
8
BLACK
6
CONTINUOUS
10
0.6308762992125984
20
0.584595157480315
11
0.6307470866141732
21
0.5845724015748032
0
LINE
8
BLACK
6
CONTINUOUS
10
0.6307470866141732
20
0.5845724015748032
11
0.6306334645669291
21
0.5846379921259842
0
LINE
8
BLACK
6
CONTINUOUS
10
0.6306334645669291
20
0.5846379921259842
11
0.6302499212598425
21
0.5847056299212599
0
LINE
8
BLACK
6
CONTINUOUS
10
0.6302499212598425
20
0.5847056299212599
11
0.6296622047244095
21
0.5851987401574803
0
LINE
8
BLACK
6
CONTINUOUS
10
0.6296622047244095
20
0.5851987401574803
11
0.6289979133858268
21
0.5855823228346456
0
LINE
8
BLACK
6
CONTINUOUS
10
0.6289979133858268
20
0.5855823228346456
11
0.6289067716535433
21
0.5858326377952756
0
LINE
8
BLACK
6
CONTINUOUS
10
0.6289067716535433
20
0.5858326377952756
11
0.6287026771653543
21
0.586003937007874
0
LINE
8
BLACK
6
CONTINUOUS
10
0.6287026771653543
20
0.586003937007874
11
0.6285694094488189
21
0.5867594881889764
0
LINE
8
BLACK
6
CONTINUOUS
10
0.6285694094488189
20
0.5867594881889764
11
0.6283070866141732
21
0.5874803149606299
0
LINE
8
BLACK
6
CONTINUOUS
10
0.6283070866141732
20
0.5874803149606299
11
0.6283070866141732
21
0.6238976377952756
0
LINE
8
BLACK
6
CONTINUOUS
10
0.6283070866141732
20
0.6238976377952756
11
0.6163779527559055
21
0.6238976377952756
0
LINE
8
BLACK
6
CONTINUOUS
10
0.7916929133858267
20
0.6238976377952756
11
0.7916929133858267
21
0.5874803149606299
0
LINE
8
BLACK
6
CONTINUOUS
10
0.7916929133858267
20
0.5874803149606299
11
0.7916252755905512
21
0.5870967716535433
0
LINE
8
BLACK
6
CONTINUOUS
10
0.7916252755905512
20
0.5870967716535433
11
0.7916480708661418
21
0.5869675590551181
0
LINE
8
BLACK
6
CONTINUOUS
10
0.7916480708661418
20
0.5869675590551181
11
0.7915824409448818
21
0.586853937007874
0
LINE
8
BLACK
6
CONTINUOUS
10
0.7915824409448818
20
0.586853937007874
11
0.7915148425196851
21
0.5864703937007874
0
LINE
8
BLACK
6
CONTINUOUS
10
0.7915148425196851
20
0.5864703937007874
11
0.7910216929133858
21
0.5858826771653544
0
LINE
8
BLACK
6
CONTINUOUS
10
0.7910216929133858
20
0.5858826771653544
11
0.7906381496062992
21
0.5852183858267717
0
LINE
8
BLACK
6
CONTINUOUS
10
0.7906381496062992
20
0.5852183858267717
11
0.7903877952755906
21
0.5851272440944881
0
LINE
8
BLACK
6
CONTINUOUS
10
0.7903877952755906
20
0.5851272440944881
11
0.7902165354330708
21
0.5849231496062992
0
LINE
8
BLACK
6
CONTINUOUS
10
0.7902165354330708
20
0.5849231496062992
11
0.7894609448818898
21
0.5847898818897638
0
LINE
8
BLACK
6
CONTINUOUS
10
0.7894609448818898
20
0.5847898818897638
11
0.7887401574803149
21
0.5845275590551181
0
LINE
8
BLACK
6
CONTINUOUS
10
0.7887401574803149
20
0.5845275590551181
11
0.772007874015748
21
0.5845275590551181
0
LINE
8
BLACK
6
CONTINUOUS
10
0.772007874015748
20
0.5845275590551181
11
0.772007874015748
21
0.505
0
LINE
8
BLACK
6
CONTINUOUS
10
0.772007874015748
20
0.505
11
0.785
21
0.505
0
LINE
8
BLACK
6
CONTINUOUS
10
0.785
20
0.505
11
0.785
21
0.3935826771653543
0
LINE
8
BLACK
6
CONTINUOUS
10
0.785
20
0.3935826771653543
11
0.8054724409448819
21
0.3935826771653543
0
LINE
8
BLACK
6
CONTINUOUS
10
0.8054724409448819
20
0.3935826771653543
11
0.8054724409448819
21
0.6238976377952756
0
LINE
8
BLACK
6
CONTINUOUS
10
0.8054724409448819
20
0.6238976377952756
11
0.7916929133858267
21
0.6238976377952756
0
LINE
8
BLACK
6
CONTINUOUS
10
0.4195275590551181
20
0.6238976377952756
11
0.4195275590551181
21
0.3935826771653543
0
LINE
8
BLACK
6
CONTINUOUS
10
0.4195275590551181
20
0.3935826771653543
11
0.44
21
0.3935826771653543
0
LINE
8
BLACK
6
CONTINUOUS
10
0.44
20
0.3935826771653543
11
0.44
21
0.505
0
LINE
8
BLACK
6
CONTINUOUS
10
0.44
20
0.505
11
0.452992125984252
21
0.505
0
LINE
8
BLACK
6
CONTINUOUS
10
0.452992125984252
20
0.505
11
0.452992125984252
21
0.5845275590551181
0
LINE
8
BLACK
6
CONTINUOUS
10
0.452992125984252
20
0.5845275590551181
11
0.436259842519685
21
0.5845275590551181
0
LINE
8
BLACK
6
CONTINUOUS
10
0.436259842519685
20
0.5845275590551181
11
0.4358762992125984
21
0.584595157480315
0
LINE
8
BLACK
6
CONTINUOUS
10
0.4358762992125984
20
0.584595157480315
11
0.4357470866141732
21
0.5845724015748032
0
LINE
8
BLACK
6
CONTINUOUS
10
0.4357470866141732
20
0.5845724015748032
11
0.4356334645669291
21
0.5846379921259842
0
LINE
8
BLACK
6
CONTINUOUS
10
0.4356334645669291
20
0.5846379921259842
11
0.4352499212598425
21
0.5847056299212599
0
LINE
8
BLACK
6
CONTINUOUS
10
0.4352499212598425
20
0.5847056299212599
11
0.4346622047244094
21
0.5851987401574803
0
LINE
8
BLACK
6
CONTINUOUS
10
0.4346622047244094
20
0.5851987401574803
11
0.4339979133858268
21
0.5855823228346456
0
LINE
8
BLACK
6
CONTINUOUS
10
0.4339979133858268
20
0.5855823228346456
11
0.4339067716535433
21
0.5858326377952756
0
LINE
8
BLACK
6
CONTINUOUS
10
0.4339067716535433
20
0.5858326377952756
11
0.4337026771653543
21
0.586003937007874
0
LINE
8
BLACK
6
CONTINUOUS
10
0.4337026771653543
20
0.586003937007874
11
0.4335694094488189
21
0.5867594881889764
0
LINE
8
BLACK
6
CONTINUOUS
10
0.4335694094488189
20
0.5867594881889764
11
0.4333070866141732
21
0.5874803149606299
0
LINE
8
BLACK
6
CONTINUOUS
10
0.4333070866141732
20
0.5874803149606299
11
0.4333070866141732
21
0.6238976377952756
0
LINE
8
BLACK
6
CONTINUOUS
10
0.4333070866141732
20
0.6238976377952756
11
0.4195275590551181
21
0.6238976377952756
0
LINE
8
BLACK
6
CONTINUOUS
10
0.5966929133858268
20
0.6238976377952756
11
0.5966929133858268
21
0.5874803149606299
0
LINE
8
BLACK
6
CONTINUOUS
10
0.5966929133858268
20
0.5874803149606299
11
0.5966252755905511
21
0.5870967716535433
0
LINE
8
BLACK
6
CONTINUOUS
10
0.5966252755905511
20
0.5870967716535433
11
0.5966480708661417
21
0.5869675590551181
0
LINE
8
BLACK
6
CONTINUOUS
10
0.5966480708661417
20
0.5869675590551181
11
0.5965824409448819
21
0.586853937007874
0
LINE
8
BLACK
6
CONTINUOUS
10
0.5965824409448819
20
0.586853937007874
11
0.596514842519685
21
0.5864703937007874
0
LINE
8
BLACK
6
CONTINUOUS
10
0.596514842519685
20
0.5864703937007874
11
0.5960216929133858
21
0.5858826771653544
0
LINE
8
BLACK
6
CONTINUOUS
10
0.5960216929133858
20
0.5858826771653544
11
0.5956381496062992
21
0.5852183858267717
0
LINE
8
BLACK
6
CONTINUOUS
10
0.5956381496062992
20
0.5852183858267717
11
0.5953877952755905
21
0.5851272440944881
0
LINE
8
BLACK
6
CONTINUOUS
10
0.5953877952755905
20
0.5851272440944881
11
0.5952165354330708
21
0.5849231496062992
0
LINE
8
BLACK
6
CONTINUOUS
10
0.5952165354330708
20
0.5849231496062992
11
0.5944609448818897
21
0.5847898818897638
0
LINE
8
BLACK
6
CONTINUOUS
10
0.5944609448818897
20
0.5847898818897638
11
0.5937401574803149
21
0.5845275590551181
0
LINE
8
BLACK
6
CONTINUOUS
10
0.5937401574803149
20
0.5845275590551181
11
0.577007874015748
21
0.5845275590551181
0
LINE
8
BLACK
6
CONTINUOUS
10
0.577007874015748
20
0.5845275590551181
11
0.577007874015748
21
0.505
0
LINE
8
BLACK
6
CONTINUOUS
10
0.577007874015748
20
0.505
11
0.59
21
0.505
0
LINE
8
BLACK
6
CONTINUOUS
10
0.59
20
0.505
11
0.59
21
0.3935826771653543
0
LINE
8
BLACK
6
CONTINUOUS
10
0.59
20
0.3935826771653543
11
0.6086220472440945
21
0.3935826771653543
0
LINE
8
BLACK
6
CONTINUOUS
10
0.6086220472440945
20
0.3935826771653543
11
0.6086220472440945
21
0.6238976377952756
0
LINE
8
BLACK
6
CONTINUOUS
10
0.6086220472440945
20
0.6238976377952756
11
0.5966929133858268
21
0.6238976377952756
0
LINE
8
BLACK
6
CONTINUOUS
10
1.4538976377952755
20
0.5845275590551181
11
1.4538976377952755
21
0.505
0
LINE
8
BLACK
6
CONTINUOUS
10
1.4538976377952755
20
0.505
11
1.5661023622047243
21
0.505
0
LINE
8
BLACK
6
CONTINUOUS
10
1.5661023622047243
20
0.505
11
1.5661023622047243
21
0.5845275590551181
0
LINE
8
BLACK
6
CONTINUOUS
10
1.5661023622047243
20
0.5845275590551181
11
1.4538976377952755
21
0.5845275590551181
0
LINE
8
BLACK
6
CONTINUOUS
10
1.2538976377952755
20
0.5845275590551181
11
1.2538976377952755
21
0.505
0
LINE
8
BLACK
6
CONTINUOUS
10
1.2538976377952755
20
0.505
11
1.3661023622047244
21
0.505
0
LINE
8
BLACK
6
CONTINUOUS
10
1.3661023622047244
20
0.505
11
1.3661023622047244
21
0.5845275590551181
0
LINE
8
BLACK
6
CONTINUOUS
10
1.3661023622047244
20
0.5845275590551181
11
1.2538976377952755
21
0.5845275590551181
0
LINE
8
BLACK
6
CONTINUOUS
10
1.0538976377952756
20
0.5845275590551181
11
1.0538976377952756
21
0.505
0
LINE
8
BLACK
6
CONTINUOUS
10
1.0538976377952756
20
0.505
11
1.1661023622047244
21
0.505
0
LINE
8
BLACK
6
CONTINUOUS
10
1.1661023622047244
20
0.505
11
1.1661023622047244
21
0.5845275590551181
0
LINE
8
BLACK
6
CONTINUOUS
10
1.1661023622047244
20
0.5845275590551181
11
1.0538976377952756
21
0.5845275590551181
0
LINE
8
BLACK
6
CONTINUOUS
10
0.8538976377952756
20
0.5845275590551181
11
0.8538976377952756
21
0.505
0
LINE
8
BLACK
6
CONTINUOUS
10
0.8538976377952756
20
0.505
11
0.9661023622047243
21
0.505
0
LINE
8
BLACK
6
CONTINUOUS
10
0.9661023622047243
20
0.505
11
0.9661023622047243
21
0.5845275590551181
0
LINE
8
BLACK
6
CONTINUOUS
10
0.9661023622047243
20
0.5845275590551181
11
0.8538976377952756
21
0.5845275590551181
0
LINE
8
BLACK
6
CONTINUOUS
10
0.6538976377952755
20
0.5845275590551181
11
0.6538976377952755
21
0.505
0
LINE
8
BLACK
6
CONTINUOUS
10
0.6538976377952755
20
0.505
11
0.7661023622047244
21
0.505
0
LINE
8
BLACK
6
CONTINUOUS
10
0.7661023622047244
20
0.505
11
0.7661023622047244
21
0.5845275590551181
0
LINE
8
BLACK
6
CONTINUOUS
10
0.7661023622047244
20
0.5845275590551181
11
0.6538976377952755
21
0.5845275590551181
0
LINE
8
BLACK
6
CONTINUOUS
10
0.4588976377952756
20
0.5845275590551181
11
0.4588976377952756
21
0.505
0
LINE
8
BLACK
6
CONTINUOUS
10
0.4588976377952756
20
0.505
11
0.5711023622047244
21
0.505
0
LINE
8
BLACK
6
CONTINUOUS
10
0.5711023622047244
20
0.505
11
0.5711023622047244
21
0.5845275590551181
0
LINE
8
BLACK
6
CONTINUOUS
10
0.5711023622047244
20
0.5845275590551181
11
0.4588976377952756
21
0.5845275590551181
0
LINE
8
BLACK
6
CONTINUOUS
10
1.9357779921259841
20
0.3794176377952756
11
1.9365064960629921
21
0.3794299212598425
0
LINE
8
BLACK
6
CONTINUOUS
10
1.9365064960629921
20
0.3794299212598425
11
1.9500048031496062
21
0.3760553543307086
0
LINE
8
BLACK
6
CONTINUOUS
10
1.9500048031496062
20
0.3760553543307086
11
1.9500496062992125
21
0.3760304724409449
0
LINE
8
BLACK
6
CONTINUOUS
10
1.9500496062992125
20
0.3760304724409449
11
1.9501009842519685
21
0.3760304724409449
0
LINE
8
BLACK
6
CONTINUOUS
10
1.9501009842519685
20
0.3760304724409449
11
1.951383779527559
21
0.3752898031496063
0
LINE
8
BLACK
6
CONTINUOUS
10
1.951383779527559
20
0.3752898031496063
11
1.9526775196850392
21
0.3745716535433071
0
LINE
8
BLACK
6
CONTINUOUS
10
1.9526775196850392
20
0.3745716535433071
11
1.9527038976377953
21
0.3745276377952756
0
LINE
8
BLACK
6
CONTINUOUS
10
1.9527038976377953
20
0.3745276377952756
11
1.9527483464566928
21
0.3745020078740157
0
LINE
8
BLACK
6
CONTINUOUS
10
1.9527483464566928
20
0.3745020078740157
11
1.9594975196850393
21
0.367752874015748
0
LINE
8
BLACK
6
CONTINUOUS
10
1.9594975196850393
20
0.367752874015748
11
1.959972874015748
21
0.3669294488188976
0
LINE
8
BLACK
6
CONTINUOUS
10
1.959972874015748
20
0.3669294488188976
11
1.9606037401574803
21
0.3662180708661417
0
LINE
8
BLACK
6
CONTINUOUS
10
1.9606037401574803
20
0.3662180708661417
11
1.9639783070866141
21
0.3594688976377953
0
LINE
8
BLACK
6
CONTINUOUS
10
1.9639783070866141
20
0.3594688976377953
11
1.9642504330708661
21
0.358138937007874
0
LINE
8
BLACK
6
CONTINUOUS
10
1.9642504330708661
20
0.358138937007874
11
1.9646017716535433
21
0.356827874015748
0
LINE
8
BLACK
6
CONTINUOUS
10
1.9646017716535433
20
0.356827874015748
11
1.9646017716535433
21
0.3433295669291339
0
LINE
8
BLACK
6
CONTINUOUS
10
1.9646017716535433
20
0.3433295669291339
11
1.9642504330708661
21
0.3420184645669291
0
LINE
8
BLACK
6
CONTINUOUS
10
1.9642504330708661
20
0.3420184645669291
11
1.9639783070866141
21
0.3406885433070866
0
LINE
8
BLACK
6
CONTINUOUS
10
1.9639783070866141
20
0.3406885433070866
11
1.9606037401574803
21
0.3339393700787401
0
LINE
8
BLACK
6
CONTINUOUS
10
1.9606037401574803
20
0.3339393700787401
11
1.959972874015748
21
0.3332279527559055
0
LINE
8
BLACK
6
CONTINUOUS
10
1.959972874015748
20
0.3332279527559055
11
1.9594975196850393
21
0.3324045669291338
0
LINE
8
BLACK
6
CONTINUOUS
10
1.9594975196850393
20
0.3324045669291338
11
1.9527483464566928
21
0.3256554330708661
0
LINE
8
BLACK
6
CONTINUOUS
10
1.9527483464566928
20
0.3256554330708661
11
1.9527038976377953
21
0.3256297637795276
0
LINE
8
BLACK
6
CONTINUOUS
10
1.9527038976377953
20
0.3256297637795276
11
1.9526775196850392
21
0.3255857874015748
0
LINE
8
BLACK
6
CONTINUOUS
10
1.9526775196850392
20
0.3255857874015748
11
1.9513833070866142
21
0.3248673228346456
0
LINE
8
BLACK
6
CONTINUOUS
10
1.9513833070866142
20
0.3248673228346456
11
1.9501009842519685
21
0.324126968503937
0
LINE
8
BLACK
6
CONTINUOUS
10
1.9501009842519685
20
0.324126968503937
11
1.9500496456692913
21
0.324126968503937
0
LINE
8
BLACK
6
CONTINUOUS
10
1.9500496456692913
20
0.324126968503937
11
1.950004842519685
21
0.3241020866141732
0
LINE
8
BLACK
6
CONTINUOUS
10
1.950004842519685
20
0.3241020866141732
11
1.9365065354330708
21
0.3207274803149606
0
LINE
8
BLACK
6
CONTINUOUS
10
1.9365065354330708
20
0.3207274803149606
11
1.9357779921259841
21
0.3207397244094488
0
LINE
8
BLACK
6
CONTINUOUS
10
1.9357779921259841
20
0.3207397244094488
11
1.935074212598425
21
0.3205511417322834
0
LINE
8
BLACK
6
CONTINUOUS
10
1.935074212598425
20
0.3205511417322834
11
1.9114521653543306
21
0.3205511417322834
0
LINE
8
BLACK
6
CONTINUOUS
10
1.9114521653543306
20
0.3205511417322834
11
1.9107483464566928
21
0.3207397244094488
0
LINE
8
BLACK
6
CONTINUOUS
10
1.9107483464566928
20
0.3207397244094488
11
1.910019842519685
21
0.3207274803149606
0
LINE
8
BLACK
6
CONTINUOUS
10
1.910019842519685
20
0.3207274803149606
11
1.8965215354330709
21
0.3241020866141732
0
LINE
8
BLACK
6
CONTINUOUS
10
1.8965215354330709
20
0.3241020866141732
11
1.8964767322834646
21
0.324126968503937
0
LINE
8
BLACK
6
CONTINUOUS
10
1.8964767322834646
20
0.324126968503937
11
1.8964253937007873
21
0.324126968503937
0
LINE
8
BLACK
6
CONTINUOUS
10
1.8964253937007873
20
0.324126968503937
11
1.8951430314960629
21
0.3248673228346456
0
LINE
8
BLACK
6
CONTINUOUS
10
1.8951430314960629
20
0.3248673228346456
11
1.8938488582677164
21
0.3255857874015748
0
LINE
8
BLACK
6
CONTINUOUS
10
1.8938488582677164
20
0.3255857874015748
11
1.8938224409448818
21
0.3256297637795276
0
LINE
8
BLACK
6
CONTINUOUS
10
1.8938224409448818
20
0.3256297637795276
11
1.8937780314960631
21
0.3256554330708661
0
LINE
8
BLACK
6
CONTINUOUS
10
1.8937780314960631
20
0.3256554330708661
11
1.8870288976377951
21
0.3324045669291338
0
LINE
8
BLACK
6
CONTINUOUS
10
1.8870288976377951
20
0.3324045669291338
11
1.8865535039370078
21
0.3332279133858267
0
LINE
8
BLACK
6
CONTINUOUS
10
1.8865535039370078
20
0.3332279133858267
11
1.8859226771653543
21
0.3339393307086614
0
LINE
8
BLACK
6
CONTINUOUS
10
1.8859226771653543
20
0.3339393307086614
11
1.8825480708661417
21
0.3406885433070866
0
LINE
8
BLACK
6
CONTINUOUS
10
1.8825480708661417
20
0.3406885433070866
11
1.882275905511811
21
0.3420184645669291
0
LINE
8
BLACK
6
CONTINUOUS
10
1.882275905511811
20
0.3420184645669291
11
1.8819246062992125
21
0.3433295669291339
0
LINE
8
BLACK
6
CONTINUOUS
10
1.8819246062992125
20
0.3433295669291339
11
1.8819246062992125
21
0.356827874015748
0
LINE
8
BLACK
6
CONTINUOUS
10
1.8819246062992125
20
0.356827874015748
11
1.882275905511811
21
0.358138937007874
0
LINE
8
BLACK
6
CONTINUOUS
10
1.882275905511811
20
0.358138937007874
11
1.8825480708661417
21
0.3594688976377953
0
LINE
8
BLACK
6
CONTINUOUS
10
1.8825480708661417
20
0.3594688976377953
11
1.8859226771653543
21
0.3662181102362205
0
LINE
8
BLACK
6
CONTINUOUS
10
1.8859226771653543
20
0.3662181102362205
11
1.8865535039370078
21
0.3669294881889764
0
LINE
8
BLACK
6
CONTINUOUS
10
1.8865535039370078
20
0.3669294881889764
11
1.8870288976377951
21
0.367752874015748
0
LINE
8
BLACK
6
CONTINUOUS
10
1.8870288976377951
20
0.367752874015748
11
1.8937780314960631
21
0.3745020078740157
0
LINE
8
BLACK
6
CONTINUOUS
10
1.8937780314960631
20
0.3745020078740157
11
1.8938224409448818
21
0.3745276377952756
0
LINE
8
BLACK
6
CONTINUOUS
10
1.8938224409448818
20
0.3745276377952756
11
1.8938488582677164
21
0.3745716535433071
0
LINE
8
BLACK
6
CONTINUOUS
10
1.8938488582677164
20
0.3745716535433071
11
1.8951425590551181
21
0.3752898031496063
0
LINE
8
BLACK
6
CONTINUOUS
10
1.8951425590551181
20
0.3752898031496063
11
1.8964253937007873
21
0.3760304724409449
0
LINE
8
BLACK
6
CONTINUOUS
10
1.8964253937007873
20
0.3760304724409449
11
1.8964767716535433
21
0.3760304724409449
0
LINE
8
BLACK
6
CONTINUOUS
10
1.8964767716535433
20
0.3760304724409449
11
1.8965215748031496
21
0.3760553543307086
0
LINE
8
BLACK
6
CONTINUOUS
10
1.8965215748031496
20
0.3760553543307086
11
1.9100198818897638
21
0.3794299212598425
0
LINE
8
BLACK
6
CONTINUOUS
10
1.9100198818897638
20
0.3794299212598425
11
1.9107483464566928
21
0.3794176377952756
0
LINE
8
BLACK
6
CONTINUOUS
10
1.9107483464566928
20
0.3794176377952756
11
1.9114521653543306
21
0.3796062598425197
0
LINE
8
BLACK
6
CONTINUOUS
10
1.9114521653543306
20
0.3796062598425197
11
1.935074212598425
21
0.3796062598425197
0
LINE
8
BLACK
6
CONTINUOUS
10
1.935074212598425
20
0.3796062598425197
11
1.9357779921259841
21
0.3794176377952756
0
LINE
8
BLACK
6
CONTINUOUS
10
1.9009730314960629
20
0.3649937007874016
11
1.8960581496062991
21
0.3600788188976378
0
LINE
8
BLACK
6
CONTINUOUS
10
1.8960581496062991
20
0.3600788188976378
11
1.8937356299212598
21
0.3554337401574803
0
LINE
8
BLACK
6
CONTINUOUS
10
1.8937356299212598
20
0.3554337401574803
11
1.8937356299212598
21
0.3447236614173228
0
LINE
8
BLACK
6
CONTINUOUS
10
1.8937356299212598
20
0.3447236614173228
11
1.8960581496062991
21
0.3400785826771653
0
LINE
8
BLACK
6
CONTINUOUS
10
1.8960581496062991
20
0.3400785826771653
11
1.9009730314960629
21
0.3351637007874015
0
LINE
8
BLACK
6
CONTINUOUS
10
1.9009730314960629
20
0.3351637007874015
11
1.9121791338582677
21
0.3323621653543307
0
LINE
8
BLACK
6
CONTINUOUS
10
1.9121791338582677
20
0.3323621653543307
11
1.9343472440944882
21
0.3323621653543307
0
LINE
8
BLACK
6
CONTINUOUS
10
1.9343472440944882
20
0.3323621653543307
11
1.9455533070866142
21
0.3351637007874015
0
LINE
8
BLACK
6
CONTINUOUS
10
1.9455533070866142
20
0.3351637007874015
11
1.950468188976378
21
0.3400785826771653
0
LINE
8
BLACK
6
CONTINUOUS
10
1.950468188976378
20
0.3400785826771653
11
1.9527907480314961
21
0.3447236220472441
0
LINE
8
BLACK
6
CONTINUOUS
10
1.9527907480314961
20
0.3447236220472441
11
1.9527907480314961
21
0.3554337795275591
0
LINE
8
BLACK
6
CONTINUOUS
10
1.9527907480314961
20
0.3554337795275591
11
1.950468188976378
21
0.3600788188976378
0
LINE
8
BLACK
6
CONTINUOUS
10
1.950468188976378
20
0.3600788188976378
11
1.9455533070866142
21
0.3649937007874016
0
LINE
8
BLACK
6
CONTINUOUS
10
1.9455533070866142
20
0.3649937007874016
11
1.934347283464567
21
0.3677952362204724
0
LINE
8
BLACK
6
CONTINUOUS
10
1.934347283464567
20
0.3677952362204724
11
1.9121790944881889
21
0.3677952362204724
0
LINE
8
BLACK
6
CONTINUOUS
10
1.9121790944881889
20
0.3677952362204724
11
1.9009730314960629
21
0.3649937007874016
0
LINE
8
BLACK
6
CONTINUOUS
10
1.8416490157480314
20
0.4174990157480315
11
1.843810590551181
21
0.4153374409448819
0
LINE
8
BLACK
6
CONTINUOUS
10
1.843810590551181
20
0.4153374409448819
11
1.8446017716535432
21
0.4123846850393701
0
LINE
8
BLACK
6
CONTINUOUS
10
1.8446017716535432
20
0.4123846850393701
11
1.8446017716535432
21
0.3651405905511811
0
LINE
8
BLACK
6
CONTINUOUS
10
1.8446017716535432
20
0.3651405905511811
11
1.8442938188976377
21
0.3639914173228346
0
LINE
8
BLACK
6
CONTINUOUS
10
1.8442938188976377
20
0.3639914173228346
11
1.8441242519685039
21
0.3628142913385827
0
LINE
8
BLACK
6
CONTINUOUS
10
1.8441242519685039
20
0.3628142913385827
11
1.8439031496062992
21
0.3625333070866142
0
LINE
8
BLACK
6
CONTINUOUS
10
1.8439031496062992
20
0.3625333070866142
11
1.843810590551181
21
0.3621878346456693
0
LINE
8
BLACK
6
CONTINUOUS
10
1.843810590551181
20
0.3621878346456693
11
1.8429692913385827
21
0.3613465354330709
0
LINE
8
BLACK
6
CONTINUOUS
10
1.8429692913385827
20
0.3613465354330709
11
1.8422338976377952
21
0.360411968503937
0
LINE
8
BLACK
6
CONTINUOUS
10
1.8422338976377952
20
0.360411968503937
11
1.8419019291338583
21
0.3602791732283465
0
LINE
8
BLACK
6
CONTINUOUS
10
1.8419019291338583
20
0.3602791732283465
11
1.8416490157480314
21
0.3600262598425197
0
LINE
8
BLACK
6
CONTINUOUS
10
1.8416490157480314
20
0.3600262598425197
11
1.840499842519685
21
0.3597183070866142
0
LINE
8
BLACK
6
CONTINUOUS
10
1.840499842519685
20
0.3597183070866142
11
1.8393956299212597
21
0.3592766535433071
0
LINE
8
BLACK
6
CONTINUOUS
10
1.8393956299212597
20
0.3592766535433071
11
1.8390416929133857
21
0.3593276377952756
0
LINE
8
BLACK
6
CONTINUOUS
10
1.8390416929133857
20
0.3593276377952756
11
1.8386962598425196
21
0.3592350787401575
0
LINE
8
BLACK
6
CONTINUOUS
10
1.8386962598425196
20
0.3592350787401575
11
1.8375472440944882
21
0.3595429133858268
0
LINE
8
BLACK
6
CONTINUOUS
10
1.8375472440944882
20
0.3595429133858268
11
1.8363699606299213
21
0.3597125590551181
0
LINE
8
BLACK
6
CONTINUOUS
10
1.8363699606299213
20
0.3597125590551181
11
1.7655038188976377
21
0.3900837401574803
0
LINE
8
BLACK
6
CONTINUOUS
10
1.7655038188976377
20
0.3900837401574803
11
1.7631014566929133
21
0.391974094488189
0
LINE
8
BLACK
6
CONTINUOUS
10
1.7631014566929133
20
0.391974094488189
11
1.7619661417322834
21
0.3948124015748031
0
LINE
8
BLACK
6
CONTINUOUS
10
1.7619661417322834
20
0.3948124015748031
11
1.7624020866141732
21
0.3978380708661417
0
LINE
8
BLACK
6
CONTINUOUS
10
1.7624020866141732
20
0.3978380708661417
11
1.7642924409448819
21
0.4002404330708662
0
LINE
8
BLACK
6
CONTINUOUS
10
1.7642924409448819
20
0.4002404330708662
11
1.7671307480314959
21
0.4013757480314961
0
LINE
8
BLACK
6
CONTINUOUS
10
1.7671307480314959
20
0.4013757480314961
11
1.7701564173228346
21
0.4009398031496063
0
LINE
8
BLACK
6
CONTINUOUS
10
1.7701564173228346
20
0.4009398031496063
11
1.832790748031496
21
0.3740964960629921
0
LINE
8
BLACK
6
CONTINUOUS
10
1.832790748031496
20
0.3740964960629921
11
1.832790748031496
21
0.4123846850393701
0
LINE
8
BLACK
6
CONTINUOUS
10
1.832790748031496
20
0.4123846850393701
11
1.8335819291338582
21
0.4153374409448819
0
LINE
8
BLACK
6
CONTINUOUS
10
1.8335819291338582
20
0.4153374409448819
11
1.8357435039370078
21
0.4174990157480315
0
LINE
8
BLACK
6
CONTINUOUS
10
1.8357435039370078
20
0.4174990157480315
11
1.8386962598425196
21
0.4182901968503937
0
LINE
8
BLACK
6
CONTINUOUS
10
1.8386962598425196
20
0.4182901968503937
11
1.8416490157480314
21
0.4174990157480315
0
LINE
8
BLACK
6
CONTINUOUS
10
0.155
20
0.42
11
0.095
21
0.42
0
LINE
8
BLACK
6
CONTINUOUS
10
0.095
20
0.42
11
0.095
21
0.48
0
LINE
8
BLACK
6
CONTINUOUS
10
0.095
20
0.48
11
0.155
21
0.48
0
LINE
8
BLACK
6
CONTINUOUS
10
0.155
20
0.48
11
0.155
21
0.42
0
LINE
8
BLACK
6
CONTINUOUS
10
0.155
20
0.52
11
0.095
21
0.52
0
LINE
8
BLACK
6
CONTINUOUS
10
0.095
20
0.52
11
0.095
21
0.58
0
LINE
8
BLACK
6
CONTINUOUS
10
0.095
20
0.58
11
0.155
21
0.58
0
LINE
8
BLACK
6
CONTINUOUS
10
0.155
20
0.58
11
0.155
21
0.52
0
LINE
8
BLACK
6
CONTINUOUS
10
0.1753835039370079
20
0.6028851181102363
11
0.1755127559055118
21
0.6029079133858267
0
LINE
8
BLACK
6
CONTINUOUS
10
0.1755127559055118
20
0.6029079133858267
11
0.1756263385826771
21
0.6028422834645669
0
LINE
8
BLACK
6
CONTINUOUS
10
0.1756263385826771
20
0.6028422834645669
11
0.1760099212598425
21
0.60277468503937
0
LINE
8
BLACK
6
CONTINUOUS
10
0.1760099212598425
20
0.60277468503937
11
0.1765975984251968
21
0.6022815354330708
0
LINE
8
BLACK
6
CONTINUOUS
10
0.1765975984251968
20
0.6022815354330708
11
0.1772619291338583
21
0.6018979921259843
0
LINE
8
BLACK
6
CONTINUOUS
10
0.1772619291338583
20
0.6018979921259843
11
0.177353031496063
21
0.6016476377952755
0
LINE
8
BLACK
6
CONTINUOUS
10
0.177353031496063
20
0.6016476377952755
11
0.1775571653543307
21
0.6014763779527559
0
LINE
8
BLACK
6
CONTINUOUS
10
0.1775571653543307
20
0.6014763779527559
11
0.1776903937007874
21
0.6007207874015748
0
LINE
8
BLACK
6
CONTINUOUS
10
0.1776903937007874
20
0.6007207874015748
11
0.1779527559055118
21
0.6
0
LINE
8
BLACK
6
CONTINUOUS
10
0.1779527559055118
20
0.6
11
0.1779527559055118
21
0.4
0
LINE
8
BLACK
6
CONTINUOUS
10
0.1779527559055118
20
0.4
11
0.1778851181102362
21
0.3996164566929134
0
LINE
8
BLACK
6
CONTINUOUS
10
0.1778851181102362
20
0.3996164566929134
11
0.1779079133858268
21
0.3994872440944882
0
LINE
8
BLACK
6
CONTINUOUS
10
0.1779079133858268
20
0.3994872440944882
11
0.1778422834645669
21
0.3993736220472441
0
LINE
8
BLACK
6
CONTINUOUS
10
0.1778422834645669
20
0.3993736220472441
11
0.1777746850393701
21
0.3989900787401575
0
LINE
8
BLACK
6
CONTINUOUS
10
0.1777746850393701
20
0.3989900787401575
11
0.1772815354330709
21
0.3984023622047244
0
LINE
8
BLACK
6
CONTINUOUS
10
0.1772815354330709
20
0.3984023622047244
11
0.1768979921259843
21
0.3977380708661417
0
LINE
8
BLACK
6
CONTINUOUS
10
0.1768979921259843
20
0.3977380708661417
11
0.1766476377952756
21
0.3976469291338582
0
LINE
8
BLACK
6
CONTINUOUS
10
0.1766476377952756
20
0.3976469291338582
11
0.1764763779527559
21
0.3974428346456693
0
LINE
8
BLACK
6
CONTINUOUS
10
0.1764763779527559
20
0.3974428346456693
11
0.1757207874015748
21
0.3973095669291338
0
LINE
8
BLACK
6
CONTINUOUS
10
0.1757207874015748
20
0.3973095669291338
11
0.175
21
0.3970472440944882
0
LINE
8
BLACK
6
CONTINUOUS
10
0.175
20
0.3970472440944882
11
0.075
21
0.3970472440944882
0
LINE
8
BLACK
6
CONTINUOUS
10
0.075
20
0.3970472440944882
11
0.0746164566929134
21
0.397114842519685
0
LINE
8
BLACK
6
CONTINUOUS
10
0.0746164566929134
20
0.397114842519685
11
0.0744872440944882
21
0.3970920866141732
0
LINE
8
BLACK
6
CONTINUOUS
10
0.0744872440944882
20
0.3970920866141732
11
0.0743736220472441
21
0.3971576771653543
0
LINE
8
BLACK
6
CONTINUOUS
10
0.0743736220472441
20
0.3971576771653543
11
0.0739900787401575
21
0.3972253149606299
0
LINE
8
BLACK
6
CONTINUOUS
10
0.0739900787401575
20
0.3972253149606299
11
0.0734023622047244
21
0.3977184251968504
0
LINE
8
BLACK
6
CONTINUOUS
10
0.0734023622047244
20
0.3977184251968504
11
0.0727380708661417
21
0.3981020078740157
0
LINE
8
BLACK
6
CONTINUOUS
10
0.0727380708661417
20
0.3981020078740157
11
0.0726469291338583
21
0.3983523228346457
0
LINE
8
BLACK
6
CONTINUOUS
10
0.0726469291338583
20
0.3983523228346457
11
0.0724428346456693
21
0.3985236220472441
0
LINE
8
BLACK
6
CONTINUOUS
10
0.0724428346456693
20
0.3985236220472441
11
0.0723095669291339
21
0.3992791732283464
0
LINE
8
BLACK
6
CONTINUOUS
10
0.0723095669291339
20
0.3992791732283464
11
0.0720472440944882
21
0.4
0
LINE
8
BLACK
6
CONTINUOUS
10
0.0720472440944882
20
0.4
11
0.0720472440944882
21
0.6
0
LINE
8
BLACK
6
CONTINUOUS
10
0.0720472440944882
20
0.6
11
0.072114842519685
21
0.6003835039370079
0
LINE
8
BLACK
6
CONTINUOUS
10
0.072114842519685
20
0.6003835039370079
11
0.0720920866141732
21
0.6005127559055118
0
LINE
8
BLACK
6
CONTINUOUS
10
0.0720920866141732
20
0.6005127559055118
11
0.0721576771653543
21
0.6006263385826771
0
LINE
8
BLACK
6
CONTINUOUS
10
0.0721576771653543
20
0.6006263385826771
11
0.0722253149606299
21
0.6010099212598425
0
LINE
8
BLACK
6
CONTINUOUS
10
0.0722253149606299
20
0.6010099212598425
11
0.0727184251968504
21
0.6015975984251969
0
LINE
8
BLACK
6
CONTINUOUS
10
0.0727184251968504
20
0.6015975984251969
11
0.0731020078740157
21
0.6022619291338582
0
LINE
8
BLACK
6
CONTINUOUS
10
0.0731020078740157
20
0.6022619291338582
11
0.0733523228346457
21
0.602353031496063
0
LINE
8
BLACK
6
CONTINUOUS
10
0.0733523228346457
20
0.602353031496063
11
0.0735236220472441
21
0.6025571653543307
0
LINE
8
BLACK
6
CONTINUOUS
10
0.0735236220472441
20
0.6025571653543307
11
0.0742791732283465
21
0.6026903937007874
0
LINE
8
BLACK
6
CONTINUOUS
10
0.0742791732283465
20
0.6026903937007874
11
0.075
21
0.6029527559055118
0
LINE
8
BLACK
6
CONTINUOUS
10
0.075
20
0.6029527559055118
11
0.175
21
0.6029527559055118
0
LINE
8
BLACK
6
CONTINUOUS
10
0.175
20
0.6029527559055118
11
0.1753835039370079
21
0.6028851181102363
0
LINE
8
BLACK
6
CONTINUOUS
10
0.0779527559055118
20
0.5970472440944882
11
0.0779527559055118
21
0.4029527559055118
0
LINE
8
BLACK
6
CONTINUOUS
10
0.0779527559055118
20
0.4029527559055118
11
0.1720472440944882
21
0.4029527559055118
0
LINE
8
BLACK
6
CONTINUOUS
10
0.1720472440944882
20
0.4029527559055118
11
0.1720472440944882
21
0.5970472440944882
0
LINE
8
BLACK
6
CONTINUOUS
10
0.1720472440944882
20
0.5970472440944882
11
0.0779527559055118
21
0.5970472440944882
0
LINE
8
BLACK
6
CONTINUOUS
10
1.9616490157480315
20
0.4496812204724409
11
1.9638105905511811
21
0.4475196456692913
0
LINE
8
BLACK
6
CONTINUOUS
10
1.9638105905511811
20
0.4475196456692913
11
1.9646017716535433
21
0.4445668897637795
0
LINE
8
BLACK
6
CONTINUOUS
10
1.9646017716535433
20
0.4445668897637795
11
1.9638105905511811
21
0.4416141338582677
0
LINE
8
BLACK
6
CONTINUOUS
10
1.9638105905511811
20
0.4416141338582677
11
1.9616490157480315
21
0.4394525590551181
0
LINE
8
BLACK
6
CONTINUOUS
10
1.9616490157480315
20
0.4394525590551181
11
1.9586962598425197
21
0.4386613779527559
0
LINE
8
BLACK
6
CONTINUOUS
10
1.9586962598425197
20
0.4386613779527559
11
1.9308559842519684
21
0.4386613779527559
0
LINE
8
BLACK
6
CONTINUOUS
10
1.9308559842519684
20
0.4386613779527559
11
1.9308559842519684
21
0.4099774803149606
0
LINE
8
BLACK
6
CONTINUOUS
10
1.9308559842519684
20
0.4099774803149606
11
1.9586962598425197
21
0.4099774803149606
0
LINE
8
BLACK
6
CONTINUOUS
10
1.9586962598425197
20
0.4099774803149606
11
1.9616490157480315
21
0.4091862992125984
0
LINE
8
BLACK
6
CONTINUOUS
10
1.9616490157480315
20
0.4091862992125984
11
1.9638105905511811
21
0.4070247244094488
0
LINE
8
BLACK
6
CONTINUOUS
10
1.9638105905511811
20
0.4070247244094488
11
1.9646017716535433
21
0.404071968503937
0
LINE
8
BLACK
6
CONTINUOUS
10
1.9646017716535433
20
0.404071968503937
11
1.9638105905511811
21
0.4011192125984252
0
LINE
8
BLACK
6
CONTINUOUS
10
1.9638105905511811
20
0.4011192125984252
11
1.9616490157480315
21
0.3989576377952756
0
LINE
8
BLACK
6
CONTINUOUS
10
1.9616490157480315
20
0.3989576377952756
11
1.9586962598425197
21
0.3981664566929134
0
LINE
8
BLACK
6
CONTINUOUS
10
1.9586962598425197
20
0.3981664566929134
11
1.9249504724409447
21
0.3981664566929134
0
LINE
8
BLACK
6
CONTINUOUS
10
1.9249504724409447
20
0.3981664566929134
11
1.8878301181102362
21
0.3981664566929134
0
LINE
8
BLACK
6
CONTINUOUS
10
1.8878301181102362
20
0.3981664566929134
11
1.8848773622047243
21
0.3989576377952756
0
LINE
8
BLACK
6
CONTINUOUS
10
1.8848773622047243
20
0.3989576377952756
11
1.8827157874015747
21
0.4011192125984252
0
LINE
8
BLACK
6
CONTINUOUS
10
1.8827157874015747
20
0.4011192125984252
11
1.8819246062992125
21
0.404071968503937
0
LINE
8
BLACK
6
CONTINUOUS
10
1.8819246062992125
20
0.404071968503937
11
1.8827157874015747
21
0.4070247244094488
0
LINE
8
BLACK
6
CONTINUOUS
10
1.8827157874015747
20
0.4070247244094488
11
1.8848773622047243
21
0.4091862992125984
0
LINE
8
BLACK
6
CONTINUOUS
10
1.8848773622047243
20
0.4091862992125984
11
1.8878301181102362
21
0.4099774803149606
0
LINE
8
BLACK
6
CONTINUOUS
10
1.8878301181102362
20
0.4099774803149606
11
1.9190449606299211
21
0.4099774803149606
0
LINE
8
BLACK
6
CONTINUOUS
10
1.9190449606299211
20
0.4099774803149606
11
1.9190449606299211
21
0.4386613779527559
0
LINE
8
BLACK
6
CONTINUOUS
10
1.9190449606299211
20
0.4386613779527559
11
1.8878301181102362
21
0.4386613779527559
0
LINE
8
BLACK
6
CONTINUOUS
10
1.8878301181102362
20
0.4386613779527559
11
1.8848773622047243
21
0.4394525590551181
0
LINE
8
BLACK
6
CONTINUOUS
10
1.8848773622047243
20
0.4394525590551181
11
1.8827157874015747
21
0.4416141338582677
0
LINE
8
BLACK
6
CONTINUOUS
10
1.8827157874015747
20
0.4416141338582677
11
1.8819246062992125
21
0.4445668897637795
0
LINE
8
BLACK
6
CONTINUOUS
10
1.8819246062992125
20
0.4445668897637795
11
1.8827157874015747
21
0.4475196456692913
0
LINE
8
BLACK
6
CONTINUOUS
10
1.8827157874015747
20
0.4475196456692913
11
1.8848773622047243
21
0.4496812204724409
0
LINE
8
BLACK
6
CONTINUOUS
10
1.8848773622047243
20
0.4496812204724409
11
1.8878301181102362
21
0.4504724015748031
0
LINE
8
BLACK
6
CONTINUOUS
10
1.8878301181102362
20
0.4504724015748031
11
1.9586962598425197
21
0.4504724015748031
0
LINE
8
BLACK
6
CONTINUOUS
10
1.9586962598425197
20
0.4504724015748031
11
1.9616490157480315
21
0.4496812204724409
0
LINE
8
BLACK
6
CONTINUOUS
10
0.2653020078740158
20
0.4651199212598425
11
0.2674635826771654
21
0.4629583464566929
0
LINE
8
BLACK
6
CONTINUOUS
10
0.2674635826771654
20
0.4629583464566929
11
0.2682547637795276
21
0.4600055905511811
0
LINE
8
BLACK
6
CONTINUOUS
10
0.2682547637795276
20
0.4600055905511811
11
0.2682547637795276
21
0.445944842519685
0
LINE
8
BLACK
6
CONTINUOUS
10
0.2682547637795276
20
0.445944842519685
11
0.2680086614173228
21
0.4450263779527559
0
LINE
8
BLACK
6
CONTINUOUS
10
0.2680086614173228
20
0.4450263779527559
11
0.2679516929133858
21
0.4440773228346457
0
LINE
8
BLACK
6
CONTINUOUS
10
0.2679516929133858
20
0.4440773228346457
11
0.2651395275590551
21
0.435640905511811
0
LINE
8
BLACK
6
CONTINUOUS
10
0.2651395275590551
20
0.435640905511811
11
0.2643916141732283
21
0.4345081102362204
0
LINE
8
BLACK
6
CONTINUOUS
10
0.2643916141732283
20
0.4345081102362204
11
0.2637129133858268
21
0.4333325590551181
0
LINE
8
BLACK
6
CONTINUOUS
10
0.2637129133858268
20
0.4333325590551181
11
0.2580886220472441
21
0.4277082677165354
0
LINE
8
BLACK
6
CONTINUOUS
10
0.2580886220472441
20
0.4277082677165354
11
0.257265157480315
21
0.4272328346456693
0
LINE
8
BLACK
6
CONTINUOUS
10
0.257265157480315
20
0.4272328346456693
11
0.2565538188976378
21
0.4266020472440945
0
LINE
8
BLACK
6
CONTINUOUS
10
0.2565538188976378
20
0.4266020472440945
11
0.2509295275590551
21
0.4237898818897638
0
LINE
8
BLACK
6
CONTINUOUS
10
0.2509295275590551
20
0.4237898818897638
11
0.250290748031496
21
0.4236591338582677
0
LINE
8
BLACK
6
CONTINUOUS
10
0.250290748031496
20
0.4236591338582677
11
0.2497207874015748
21
0.4233427559055118
0
LINE
8
BLACK
6
CONTINUOUS
10
0.2497207874015748
20
0.4233427559055118
11
0.2384722047244094
21
0.4205306299212598
0
LINE
8
BLACK
6
CONTINUOUS
10
0.2384722047244094
20
0.4205306299212598
11
0.2377437401574803
21
0.420542874015748
0
LINE
8
BLACK
6
CONTINUOUS
10
0.2377437401574803
20
0.420542874015748
11
0.2370399212598425
21
0.4203542913385827
0
LINE
8
BLACK
6
CONTINUOUS
10
0.2370399212598425
20
0.4203542913385827
11
0.2286034645669291
21
0.4203542913385827
0
LINE
8
BLACK
6
CONTINUOUS
10
0.2286034645669291
20
0.4203542913385827
11
0.2278996062992126
21
0.420542874015748
0
LINE
8
BLACK
6
CONTINUOUS
10
0.2278996062992126
20
0.420542874015748
11
0.2271711811023622
21
0.4205306299212598
0
LINE
8
BLACK
6
CONTINUOUS
10
0.2271711811023622
20
0.4205306299212598
11
0.2159225984251968
21
0.4233427559055118
0
LINE
8
BLACK
6
CONTINUOUS
10
0.2159225984251968
20
0.4233427559055118
11
0.2153526377952756
21
0.4236591338582677
0
LINE
8
BLACK
6
CONTINUOUS
10
0.2153526377952756
20
0.4236591338582677
11
0.2147138188976378
21
0.4237898818897638
0
LINE
8
BLACK
6
CONTINUOUS
10
0.2147138188976378
20
0.4237898818897638
11
0.2090895669291339
21
0.4266020472440945
0
LINE
8
BLACK
6
CONTINUOUS
10
0.2090895669291339
20
0.4266020472440945
11
0.2083781889763779
21
0.4272328346456693
0
LINE
8
BLACK
6
CONTINUOUS
10
0.2083781889763779
20
0.4272328346456693
11
0.2075547637795276
21
0.4277082677165354
0
LINE
8
BLACK
6
CONTINUOUS
10
0.2075547637795276
20
0.4277082677165354
11
0.2019304724409449
21
0.4333325590551181
0
LINE
8
BLACK
6
CONTINUOUS
10
0.2019304724409449
20
0.4333325590551181
11
0.2012518110236221
21
0.4345079921259842
0
LINE
8
BLACK
6
CONTINUOUS
10
0.2012518110236221
20
0.4345079921259842
11
0.2005038188976378
21
0.435640905511811
0
LINE
8
BLACK
6
CONTINUOUS
10
0.2005038188976378
20
0.435640905511811
11
0.1976916929133858
21
0.4440773622047244
0
LINE
8
BLACK
6
CONTINUOUS
10
0.1976916929133858
20
0.4440773622047244
11
0.1976346850393701
21
0.4450263779527559
0
LINE
8
BLACK
6
CONTINUOUS
10
0.1976346850393701
20
0.4450263779527559
11
0.1973886220472441
21
0.445944842519685
0
LINE
8
BLACK
6
CONTINUOUS
10
0.1973886220472441
20
0.445944842519685
11
0.1973886220472441
21
0.4600055905511811
0
LINE
8
BLACK
6
CONTINUOUS
10
0.1973886220472441
20
0.4600055905511811
11
0.1981798031496063
21
0.4629583464566929
0
LINE
8
BLACK
6
CONTINUOUS
10
0.1981798031496063
20
0.4629583464566929
11
0.2003413779527559
21
0.4651199212598425
0
LINE
8
BLACK
6
CONTINUOUS
10
0.2003413779527559
20
0.4651199212598425
11
0.2032941338582677
21
0.4659111023622047
0
LINE
8
BLACK
6
CONTINUOUS
10
0.2032941338582677
20
0.4659111023622047
11
0.2623492519685039
21
0.4659111023622047
0
LINE
8
BLACK
6
CONTINUOUS
10
0.2623492519685039
20
0.4659111023622047
11
0.2653020078740158
21
0.4651199212598425
0
LINE
8
BLACK
6
CONTINUOUS
10
0.2091996456692913
20
0.4469031102362205
11
0.211267874015748
21
0.4406984251968504
0
LINE
8
BLACK
6
CONTINUOUS
10
0.211267874015748
20
0.4406984251968504
11
0.2152287795275591
21
0.4367375196850394
0
LINE
8
BLACK
6
CONTINUOUS
10
0.2152287795275591
20
0.4367375196850394
11
0.2194161417322835
21
0.4346438582677165
0
LINE
8
BLACK
6
CONTINUOUS
10
0.2194161417322835
20
0.4346438582677165
11
0.2293303937007874
21
0.4321653149606299
0
LINE
8
BLACK
6
CONTINUOUS
10
0.2293303937007874
20
0.4321653149606299
11
0.2363129921259843
21
0.4321653149606299
0
LINE
8
BLACK
6
CONTINUOUS
10
0.2363129921259843
20
0.4321653149606299
11
0.2462272047244095
21
0.4346438188976378
0
LINE
8
BLACK
6
CONTINUOUS
10
0.2462272047244095
20
0.4346438188976378
11
0.2504146062992126
21
0.4367375590551181
0
LINE
8
BLACK
6
CONTINUOUS
10
0.2504146062992126
20
0.4367375590551181
11
0.2543754724409449
21
0.4406984251968504
0
LINE
8
BLACK
6
CONTINUOUS
10
0.2543754724409449
20
0.4406984251968504
11
0.2564437401574803
21
0.4469031889763779
0
LINE
8
BLACK
6
CONTINUOUS
10
0.2564437401574803
20
0.4469031889763779
11
0.2564437401574803
21
0.4541000787401575
0
LINE
8
BLACK
6
CONTINUOUS
10
0.2564437401574803
20
0.4541000787401575
11
0.2091996456692913
21
0.4541000787401575
0
LINE
8
BLACK
6
CONTINUOUS
10
0.2091996456692913
20
0.4541000787401575
11
0.2091996456692913
21
0.4469031102362205
0
LINE
8
BLACK
6
CONTINUOUS
10
1.7707828740157481
20
0.4816159842519685
11
1.7729444488188977
21
0.4794544094488189
0
LINE
8
BLACK
6
CONTINUOUS
10
1.7729444488188977
20
0.4794544094488189
11
1.7737356299212599
21
0.4765016535433071
0
LINE
8
BLACK
6
CONTINUOUS
10
1.7737356299212599
20
0.4765016535433071
11
1.7737356299212599
21
0.4621597244094488
0
LINE
8
BLACK
6
CONTINUOUS
10
1.7737356299212599
20
0.4621597244094488
11
1.8210644881889764
21
0.4621597244094488
0
LINE
8
BLACK
6
CONTINUOUS
10
1.8210644881889764
20
0.4621597244094488
11
1.817647559055118
21
0.4655766929133858
0
LINE
8
BLACK
6
CONTINUOUS
10
1.817647559055118
20
0.4655766929133858
11
1.8171721653543307
21
0.4664000787401575
0
LINE
8
BLACK
6
CONTINUOUS
10
1.8171721653543307
20
0.4664000787401575
11
1.8165413385826772
21
0.4671114960629921
0
LINE
8
BLACK
6
CONTINUOUS
10
1.8165413385826772
20
0.4671114960629921
11
1.8131667716535433
21
0.4738606299212598
0
LINE
8
BLACK
6
CONTINUOUS
10
1.8131667716535433
20
0.4738606299212598
11
1.8125538976377953
21
0.4768554724409449
0
LINE
8
BLACK
6
CONTINUOUS
10
1.8125538976377953
20
0.4768554724409449
11
1.8135205905511811
21
0.4797555511811024
0
LINE
8
BLACK
6
CONTINUOUS
10
1.8135205905511811
20
0.4797555511811024
11
1.8158077952755904
21
0.4817837007874016
0
LINE
8
BLACK
6
CONTINUOUS
10
1.8158077952755904
20
0.4817837007874016
11
1.8188026377952755
21
0.4823965748031496
0
LINE
8
BLACK
6
CONTINUOUS
10
1.8188026377952755
20
0.4823965748031496
11
1.8217027165354329
21
0.4814298818897638
0
LINE
8
BLACK
6
CONTINUOUS
10
1.8217027165354329
20
0.4814298818897638
11
1.8237308661417322
21
0.4791426771653543
0
LINE
8
BLACK
6
CONTINUOUS
10
1.8237308661417322
20
0.4791426771653543
11
1.8266768503937008
21
0.4732506692913386
0
LINE
8
BLACK
6
CONTINUOUS
10
1.8266768503937008
20
0.4732506692913386
11
1.8323348031496063
21
0.4675926771653543
0
LINE
8
BLACK
6
CONTINUOUS
10
1.8323348031496063
20
0.4675926771653543
11
1.8419720472440944
21
0.4611679133858267
0
LINE
8
BLACK
6
CONTINUOUS
10
1.8419720472440944
20
0.4611679133858267
11
1.8428596456692914
21
0.460157874015748
0
LINE
8
BLACK
6
CONTINUOUS
10
1.8428596456692914
20
0.460157874015748
11
1.843810590551181
21
0.459206968503937
0
LINE
8
BLACK
6
CONTINUOUS
10
1.843810590551181
20
0.459206968503937
11
1.8438611023622047
21
0.4590183070866142
0
LINE
8
BLACK
6
CONTINUOUS
10
1.8438611023622047
20
0.4590183070866142
11
1.84399
21
0.4588716929133858
0
LINE
8
BLACK
6
CONTINUOUS
10
1.84399
20
0.4588716929133858
11
1.8442536614173228
21
0.4575532677165354
0
LINE
8
BLACK
6
CONTINUOUS
10
1.8442536614173228
20
0.4575532677165354
11
1.8446017716535432
21
0.4562542125984252
0
LINE
8
BLACK
6
CONTINUOUS
10
1.8446017716535432
20
0.4562542125984252
11
1.8445512204724408
21
0.4560655905511811
0
LINE
8
BLACK
6
CONTINUOUS
10
1.8445512204724408
20
0.4560655905511811
11
1.8445895275590551
21
0.4558741338582677
0
LINE
8
BLACK
6
CONTINUOUS
10
1.8445895275590551
20
0.4558741338582677
11
1.8441585826771654
21
0.4546002755905512
0
LINE
8
BLACK
6
CONTINUOUS
10
1.8441585826771654
20
0.4546002755905512
11
1.843810590551181
21
0.4533014566929134
0
LINE
8
BLACK
6
CONTINUOUS
10
1.843810590551181
20
0.4533014566929134
11
1.8436725196850394
21
0.4531633858267716
0
LINE
8
BLACK
6
CONTINUOUS
10
1.8436725196850394
20
0.4531633858267716
11
1.8436099606299212
21
0.4529784251968504
0
LINE
8
BLACK
6
CONTINUOUS
10
1.8436099606299212
20
0.4529784251968504
11
1.8425999212598425
21
0.4520907874015748
0
LINE
8
BLACK
6
CONTINUOUS
10
1.8425999212598425
20
0.4520907874015748
11
1.8416490157480314
21
0.4511398818897638
0
LINE
8
BLACK
6
CONTINUOUS
10
1.8416490157480314
20
0.4511398818897638
11
1.8414603543307086
21
0.4510893307086614
0
LINE
8
BLACK
6
CONTINUOUS
10
1.8414603543307086
20
0.4510893307086614
11
1.8413137401574802
21
0.4509604724409449
0
LINE
8
BLACK
6
CONTINUOUS
10
1.8413137401574802
20
0.4509604724409449
11
1.8399953149606298
21
0.4506967716535433
0
LINE
8
BLACK
6
CONTINUOUS
10
1.8399953149606298
20
0.4506967716535433
11
1.8386962598425196
21
0.4503487007874016
0
LINE
8
BLACK
6
CONTINUOUS
10
1.8386962598425196
20
0.4503487007874016
11
1.7737356299212599
21
0.4503487007874016
0
LINE
8
BLACK
6
CONTINUOUS
10
1.7737356299212599
20
0.4503487007874016
11
1.7737356299212599
21
0.4360067322834645
0
LINE
8
BLACK
6
CONTINUOUS
10
1.7737356299212599
20
0.4360067322834645
11
1.7729444488188977
21
0.4330539763779527
0
LINE
8
BLACK
6
CONTINUOUS
10
1.7729444488188977
20
0.4330539763779527
11
1.7707828740157481
21
0.4308924015748031
0
LINE
8
BLACK
6
CONTINUOUS
10
1.7707828740157481
20
0.4308924015748031
11
1.7678301181102363
21
0.4301012204724409
0
LINE
8
BLACK
6
CONTINUOUS
10
1.7678301181102363
20
0.4301012204724409
11
1.7648773622047245
21
0.4308924015748031
0
LINE
8
BLACK
6
CONTINUOUS
10
1.7648773622047245
20
0.4308924015748031
11
1.7627157874015749
21
0.4330539763779527
0
LINE
8
BLACK
6
CONTINUOUS
10
1.7627157874015749
20
0.4330539763779527
11
1.7619246062992127
21
0.4360067322834645
0
LINE
8
BLACK
6
CONTINUOUS
10
1.7619246062992127
20
0.4360067322834645
11
1.7619246062992127
21
0.4765016535433071
0
LINE
8
BLACK
6
CONTINUOUS
10
1.7619246062992127
20
0.4765016535433071
11
1.7627157874015749
21
0.4794544094488189
0
LINE
8
BLACK
6
CONTINUOUS
10
1.7627157874015749
20
0.4794544094488189
11
1.7648773622047245
21
0.4816159842519685
0
LINE
8
BLACK
6
CONTINUOUS
10
1.7648773622047245
20
0.4816159842519685
11
1.7678301181102363
21
0.4824071653543307
0
LINE
8
BLACK
6
CONTINUOUS
10
1.7678301181102363
20
0.4824071653543307
11
1.7707828740157481
21
0.4816159842519685
0
LINE
8
BLACK
6
CONTINUOUS
10
1.9290288582677164
20
0.5245244881889763
11
1.9297573622047244
21
0.5245367716535433
0
LINE
8
BLACK
6
CONTINUOUS
10
1.9297573622047244
20
0.5245367716535433
11
1.9432556692913385
21
0.5211622047244094
0
LINE
8
BLACK
6
CONTINUOUS
10
1.9432556692913385
20
0.5211622047244094
11
1.9438256299212597
21
0.5208457874015748
0
LINE
8
BLACK
6
CONTINUOUS
10
1.9438256299212597
20
0.5208457874015748
11
1.9444644094488188
21
0.5207150787401574
0
LINE
8
BLACK
6
CONTINUOUS
10
1.9444644094488188
20
0.5207150787401574
11
1.9512135433070865
21
0.5173405118110236
0
LINE
8
BLACK
6
CONTINUOUS
10
1.9512135433070865
20
0.5173405118110236
11
1.9519249212598424
21
0.5167096456692913
0
LINE
8
BLACK
6
CONTINUOUS
10
1.9519249212598424
20
0.5167096456692913
11
1.9527483464566928
21
0.5162342913385827
0
LINE
8
BLACK
6
CONTINUOUS
10
1.9527483464566928
20
0.5162342913385827
11
1.9594975196850393
21
0.5094851181102362
0
LINE
8
BLACK
6
CONTINUOUS
10
1.9594975196850393
20
0.5094851181102362
11
1.9601761417322834
21
0.5083096456692914
0
LINE
8
BLACK
6
CONTINUOUS
10
1.9601761417322834
20
0.5083096456692914
11
1.9609241732283464
21
0.5071767716535432
0
LINE
8
BLACK
6
CONTINUOUS
10
1.9609241732283464
20
0.5071767716535432
11
1.9642987007874015
21
0.497053031496063
0
LINE
8
BLACK
6
CONTINUOUS
10
1.9642987007874015
20
0.497053031496063
11
1.9643556692913386
21
0.4961039763779527
0
LINE
8
BLACK
6
CONTINUOUS
10
1.9643556692913386
20
0.4961039763779527
11
1.9646017716535433
21
0.4951855511811024
0
LINE
8
BLACK
6
CONTINUOUS
10
1.9646017716535433
20
0.4951855511811024
11
1.9646017716535433
21
0.4884364173228347
0
LINE
8
BLACK
6
CONTINUOUS
10
1.9646017716535433
20
0.4884364173228347
11
1.9643556692913386
21
0.4875179527559055
0
LINE
8
BLACK
6
CONTINUOUS
10
1.9643556692913386
20
0.4875179527559055
11
1.9642987007874015
21
0.486568937007874
0
LINE
8
BLACK
6
CONTINUOUS
10
1.9642987007874015
20
0.486568937007874
11
1.9609241732283464
21
0.4764451968503937
0
LINE
8
BLACK
6
CONTINUOUS
10
1.9609241732283464
20
0.4764451968503937
11
1.9601761417322834
21
0.4753122834645669
0
LINE
8
BLACK
6
CONTINUOUS
10
1.9601761417322834
20
0.4753122834645669
11
1.9594975196850393
21
0.4741368503937008
0
LINE
8
BLACK
6
CONTINUOUS
10
1.9594975196850393
20
0.4741368503937008
11
1.9561229527559054
21
0.4707622834645669
0
LINE
8
BLACK
6
CONTINUOUS
10
1.9561229527559054
20
0.4707622834645669
11
1.9534755905511811
21
0.4692338188976378
0
LINE
8
BLACK
6
CONTINUOUS
10
1.9534755905511811
20
0.4692338188976378
11
1.9504186614173229
21
0.4692338188976378
0
LINE
8
BLACK
6
CONTINUOUS
10
1.9504186614173229
20
0.4692338188976378
11
1.9477712992125984
21
0.4707622834645669
0
LINE
8
BLACK
6
CONTINUOUS
10
1.9477712992125984
20
0.4707622834645669
11
1.9462428346456693
21
0.4734096456692913
0
LINE
8
BLACK
6
CONTINUOUS
10
1.9462428346456693
20
0.4734096456692913
11
1.9462428346456693
21
0.4764665748031496
0
LINE
8
BLACK
6
CONTINUOUS
10
1.9462428346456693
20
0.4764665748031496
11
1.9477712992125984
21
0.479113937007874
0
LINE
8
BLACK
6
CONTINUOUS
10
1.9477712992125984
20
0.479113937007874
11
1.9501600393700786
21
0.4815026771653543
0
LINE
8
BLACK
6
CONTINUOUS
10
1.9501600393700786
20
0.4815026771653543
11
1.9527907480314961
21
0.4893947637795276
0
LINE
8
BLACK
6
CONTINUOUS
10
1.9527907480314961
20
0.4893947637795276
11
1.9527907480314961
21
0.4942271653543307
0
LINE
8
BLACK
6
CONTINUOUS
10
1.9527907480314961
20
0.4942271653543307
11
1.9501600393700786
21
0.5021192519685039
0
LINE
8
BLACK
6
CONTINUOUS
10
1.9501600393700786
20
0.5021192519685039
11
1.9450743307086613
21
0.507205
0
LINE
8
BLACK
6
CONTINUOUS
10
1.9450743307086613
20
0.507205
11
1.9397621259842519
21
0.509861062992126
0
LINE
8
BLACK
6
CONTINUOUS
10
1.9397621259842519
20
0.509861062992126
11
1.9275981496062993
21
0.5129020866141732
0
LINE
8
BLACK
6
CONTINUOUS
10
1.9275981496062993
20
0.5129020866141732
11
1.9189282677165354
21
0.5129020866141732
0
LINE
8
BLACK
6
CONTINUOUS
10
1.9189282677165354
20
0.5129020866141732
11
1.906764251968504
21
0.509861062992126
0
LINE
8
BLACK
6
CONTINUOUS
10
1.906764251968504
20
0.509861062992126
11
1.9014520472440943
21
0.5072049606299213
0
LINE
8
BLACK
6
CONTINUOUS
10
1.9014520472440943
20
0.5072049606299213
11
1.8963662598425197
21
0.5021192125984252
0
LINE
8
BLACK
6
CONTINUOUS
10
1.8963662598425197
20
0.5021192125984252
11
1.8937356299212598
21
0.4942272440944882
0
LINE
8
BLACK
6
CONTINUOUS
10
1.8937356299212598
20
0.4942272440944882
11
1.8937356299212598
21
0.4893946850393701
0
LINE
8
BLACK
6
CONTINUOUS
10
1.8937356299212598
20
0.4893946850393701
11
1.8963662598425197
21
0.4815027559055118
0
LINE
8
BLACK
6
CONTINUOUS
10
1.8963662598425197
20
0.4815027559055118
11
1.8987551181102362
21
0.479113937007874
0
LINE
8
BLACK
6
CONTINUOUS
10
1.8987551181102362
20
0.479113937007874
11
1.9002835826771654
21
0.4764665748031496
0
LINE
8
BLACK
6
CONTINUOUS
10
1.9002835826771654
20
0.4764665748031496
11
1.9002835826771654
21
0.4734096456692913
0
LINE
8
BLACK
6
CONTINUOUS
10
1.9002835826771654
20
0.4734096456692913
11
1.8987551181102362
21
0.4707622834645669
0
LINE
8
BLACK
6
CONTINUOUS
10
1.8987551181102362
20
0.4707622834645669
11
1.8961077559055117
21
0.4692338188976378
0
LINE
8
BLACK
6
CONTINUOUS
10
1.8961077559055117
20
0.4692338188976378
11
1.8930508267716535
21
0.4692338188976378
0
LINE
8
BLACK
6
CONTINUOUS
10
1.8930508267716535
20
0.4692338188976378
11
1.890403464566929
21
0.4707622834645669
0
LINE
8
BLACK
6
CONTINUOUS
10
1.890403464566929
20
0.4707622834645669
11
1.8870288976377951
21
0.4741368503937008
0
LINE
8
BLACK
6
CONTINUOUS
10
1.8870288976377951
20
0.4741368503937008
11
1.8863501181102362
21
0.4753124409448819
0
LINE
8
BLACK
6
CONTINUOUS
10
1.8863501181102362
20
0.4753124409448819
11
1.8856022834645669
21
0.476445157480315
0
LINE
8
BLACK
6
CONTINUOUS
10
1.8856022834645669
20
0.476445157480315
11
1.8822276771653543
21
0.486568937007874
0
LINE
8
BLACK
6
CONTINUOUS
10
1.8822276771653543
20
0.486568937007874
11
1.8821706692913385
21
0.4875179527559055
0
LINE
8
BLACK
6
CONTINUOUS
10
1.8821706692913385
20
0.4875179527559055
11
1.8819246062992125
21
0.4884364173228347
0
LINE
8
BLACK
6
CONTINUOUS
10
1.8819246062992125
20
0.4884364173228347
11
1.8819246062992125
21
0.4951855511811024
0
LINE
8
BLACK
6
CONTINUOUS
10
1.8819246062992125
20
0.4951855511811024
11
1.8821706692913385
21
0.4961039763779527
0
LINE
8
BLACK
6
CONTINUOUS
10
1.8821706692913385
20
0.4961039763779527
11
1.8822276771653543
21
0.497053031496063
0
LINE
8
BLACK
6
CONTINUOUS
10
1.8822276771653543
20
0.497053031496063
11
1.8856022834645669
21
0.507176811023622
0
LINE
8
BLACK
6
CONTINUOUS
10
1.8856022834645669
20
0.507176811023622
11
1.8863501181102362
21
0.5083094881889764
0
LINE
8
BLACK
6
CONTINUOUS
10
1.8863501181102362
20
0.5083094881889764
11
1.8870288976377951
21
0.5094851181102362
0
LINE
8
BLACK
6
CONTINUOUS
10
1.8870288976377951
20
0.5094851181102362
11
1.8937780314960631
21
0.5162342913385827
0
LINE
8
BLACK
6
CONTINUOUS
10
1.8937780314960631
20
0.5162342913385827
11
1.8946014173228347
21
0.5167096456692913
0
LINE
8
BLACK
6
CONTINUOUS
10
1.8946014173228347
20
0.5167096456692913
11
1.8953128346456694
21
0.5173405118110236
0
LINE
8
BLACK
6
CONTINUOUS
10
1.8953128346456694
20
0.5173405118110236
11
1.9020620078740158
21
0.5207150787401574
0
LINE
8
BLACK
6
CONTINUOUS
10
1.9020620078740158
20
0.5207150787401574
11
1.9027007480314959
21
0.5208457874015748
0
LINE
8
BLACK
6
CONTINUOUS
10
1.9027007480314959
20
0.5208457874015748
11
1.9032707480314961
21
0.5211622047244094
0
LINE
8
BLACK
6
CONTINUOUS
10
1.9032707480314961
20
0.5211622047244094
11
1.9167690551181102
21
0.5245367716535433
0
LINE
8
BLACK
6
CONTINUOUS
10
1.9167690551181102
20
0.5245367716535433
11
1.9174975196850392
21
0.5245244881889763
0
LINE
8
BLACK
6
CONTINUOUS
10
1.9174975196850392
20
0.5245244881889763
11
1.9182013385826771
21
0.5247131102362205
0
LINE
8
BLACK
6
CONTINUOUS
10
1.9182013385826771
20
0.5247131102362205
11
1.9283250787401574
21
0.5247131102362205
0
LINE
8
BLACK
6
CONTINUOUS
10
1.9283250787401574
20
0.5247131102362205
11
1.9290288582677164
21
0.5245244881889763
0
LINE
8
BLACK
6
CONTINUOUS
10
0.2623623228346457
20
0.527774842519685
11
0.2623755511811023
21
0.5277783464566929
0
LINE
8
BLACK
6
CONTINUOUS
10
0.2623755511811023
20
0.5277783464566929
11
0.2638413385826772
21
0.5273785433070866
0
LINE
8
BLACK
6
CONTINUOUS
10
0.2638413385826772
20
0.5273785433070866
11
0.2653020078740158
21
0.5269872047244094
0
LINE
8
BLACK
6
CONTINUOUS
10
0.2653020078740158
20
0.5269872047244094
11
0.2653115748031496
21
0.5269775984251969
0
LINE
8
BLACK
6
CONTINUOUS
10
0.2653115748031496
20
0.5269775984251969
11
0.2653247637795276
21
0.5269740157480315
0
LINE
8
BLACK
6
CONTINUOUS
10
0.2653247637795276
20
0.5269740157480315
11
0.266394094488189
21
0.5258950787401575
0
LINE
8
BLACK
6
CONTINUOUS
10
0.266394094488189
20
0.5258950787401575
11
0.2674635826771654
21
0.5248256299212598
0
LINE
8
BLACK
6
CONTINUOUS
10
0.2674635826771654
20
0.5248256299212598
11
0.2674670866141732
21
0.5248124803149606
0
LINE
8
BLACK
6
CONTINUOUS
10
0.2674670866141732
20
0.5248124803149606
11
0.2674766929133858
21
0.5248028346456692
0
LINE
8
BLACK
6
CONTINUOUS
10
0.2674766929133858
20
0.5248028346456692
11
0.2678633858267717
21
0.5233334645669291
0
LINE
8
BLACK
6
CONTINUOUS
10
0.2678633858267717
20
0.5233334645669291
11
0.2682547637795276
21
0.521872874015748
0
LINE
8
BLACK
6
CONTINUOUS
10
0.2682547637795276
20
0.521872874015748
11
0.2682512204724409
21
0.5218597637795276
0
LINE
8
BLACK
6
CONTINUOUS
10
0.2682512204724409
20
0.5218597637795276
11
0.2682547244094488
21
0.5218465748031496
0
LINE
8
BLACK
6
CONTINUOUS
10
0.2682547244094488
20
0.5218465748031496
11
0.2678549212598425
21
0.520380748031496
0
LINE
8
BLACK
6
CONTINUOUS
10
0.2678549212598425
20
0.520380748031496
11
0.2674635826771654
21
0.5189201181102362
0
LINE
8
BLACK
6
CONTINUOUS
10
0.2674635826771654
20
0.5189201181102362
11
0.2674539763779528
21
0.5189105118110237
0
LINE
8
BLACK
6
CONTINUOUS
10
0.2674539763779528
20
0.5189105118110237
11
0.2674503937007874
21
0.5188973622047244
0
LINE
8
BLACK
6
CONTINUOUS
10
0.2674503937007874
20
0.5188973622047244
11
0.2663736614173228
21
0.5178301968503937
0
LINE
8
BLACK
6
CONTINUOUS
10
0.2663736614173228
20
0.5178301968503937
11
0.2653020078740158
21
0.5167585433070866
0
LINE
8
BLACK
6
CONTINUOUS
10
0.2653020078740158
20
0.5167585433070866
11
0.2652888188976378
21
0.516755
0
LINE
8
BLACK
6
CONTINUOUS
10
0.2652888188976378
20
0.516755
11
0.2652792125984252
21
0.5167454724409448
0
LINE
8
BLACK
6
CONTINUOUS
10
0.2652792125984252
20
0.5167454724409448
11
0.2255316929133858
21
0.4940325984251968
0
LINE
8
BLACK
6
CONTINUOUS
10
0.2255316929133858
20
0.4940325984251968
11
0.2623492519685039
21
0.4940325984251968
0
LINE
8
BLACK
6
CONTINUOUS
10
0.2623492519685039
20
0.4940325984251968
11
0.2653020078740158
21
0.4932414173228346
0
LINE
8
BLACK
6
CONTINUOUS
10
0.2653020078740158
20
0.4932414173228346
11
0.2674635826771654
21
0.491079842519685
0
LINE
8
BLACK
6
CONTINUOUS
10
0.2674635826771654
20
0.491079842519685
11
0.2682547637795276
21
0.4881270866141732
0
LINE
8
BLACK
6
CONTINUOUS
10
0.2682547637795276
20
0.4881270866141732
11
0.2674635826771654
21
0.4851743307086614
0
LINE
8
BLACK
6
CONTINUOUS
10
0.2674635826771654
20
0.4851743307086614
11
0.2653020078740158
21
0.4830127559055118
0
LINE
8
BLACK
6
CONTINUOUS
10
0.2653020078740158
20
0.4830127559055118
11
0.2623492519685039
21
0.4822215748031496
0
LINE
8
BLACK
6
CONTINUOUS
10
0.2623492519685039
20
0.4822215748031496
11
0.2032941338582677
21
0.4822215748031496
0
LINE
8
BLACK
6
CONTINUOUS
10
0.2032941338582677
20
0.4822215748031496
11
0.2032810236220473
21
0.4822250787401575
0
LINE
8
BLACK
6
CONTINUOUS
10
0.2032810236220473
20
0.4822250787401575
11
0.2032678346456693
21
0.4822216141732283
0
LINE
8
BLACK
6
CONTINUOUS
10
0.2032678346456693
20
0.4822216141732283
11
0.2018020078740158
21
0.4826213779527559
0
LINE
8
BLACK
6
CONTINUOUS
10
0.2018020078740158
20
0.4826213779527559
11
0.2003413779527559
21
0.4830127559055118
0
LINE
8
BLACK
6
CONTINUOUS
10
0.2003413779527559
20
0.4830127559055118
11
0.2003317716535433
21
0.4830223228346456
0
LINE
8
BLACK
6
CONTINUOUS
10
0.2003317716535433
20
0.4830223228346456
11
0.2003186220472441
21
0.4830259448818898
0
LINE
8
BLACK
6
CONTINUOUS
10
0.2003186220472441
20
0.4830259448818898
11
0.1992514566929134
21
0.4841026377952756
0
LINE
8
BLACK
6
CONTINUOUS
10
0.1992514566929134
20
0.4841026377952756
11
0.1981798031496063
21
0.4851743307086614
0
LINE
8
BLACK
6
CONTINUOUS
10
0.1981798031496063
20
0.4851743307086614
11
0.1981762598425197
21
0.4851874803149606
0
LINE
8
BLACK
6
CONTINUOUS
10
0.1981762598425197
20
0.4851874803149606
11
0.1981667322834646
21
0.485197125984252
0
LINE
8
BLACK
6
CONTINUOUS
10
0.1981667322834646
20
0.485197125984252
11
0.1977811023622047
21
0.4866622834645669
0
LINE
8
BLACK
6
CONTINUOUS
10
0.1977811023622047
20
0.4866622834645669
11
0.1973886220472441
21
0.4881270866141732
0
LINE
8
BLACK
6
CONTINUOUS
10
0.1973886220472441
20
0.4881270866141732
11
0.197392125984252
21
0.488140157480315
0
LINE
8
BLACK
6
CONTINUOUS
10
0.197392125984252
20
0.488140157480315
11
0.1973886614173228
21
0.4881533858267716
0
LINE
8
BLACK
6
CONTINUOUS
10
0.1973886614173228
20
0.4881533858267716
11
0.1977884251968504
21
0.4896191732283465
0
LINE
8
BLACK
6
CONTINUOUS
10
0.1977884251968504
20
0.4896191732283465
11
0.1981798031496063
21
0.491079842519685
0
LINE
8
BLACK
6
CONTINUOUS
10
0.1981798031496063
20
0.491079842519685
11
0.1981893700787402
21
0.4910894094488189
0
LINE
8
BLACK
6
CONTINUOUS
10
0.1981893700787402
20
0.4910894094488189
11
0.1981929921259842
21
0.4911025984251968
0
LINE
8
BLACK
6
CONTINUOUS
10
0.1981929921259842
20
0.4911025984251968
11
0.1992696850393701
21
0.4921697244094488
0
LINE
8
BLACK
6
CONTINUOUS
10
0.1992696850393701
20
0.4921697244094488
11
0.2003413779527559
21
0.4932414173228346
0
LINE
8
BLACK
6
CONTINUOUS
10
0.2003413779527559
20
0.4932414173228346
11
0.2003545275590551
21
0.4932449212598425
0
LINE
8
BLACK
6
CONTINUOUS
10
0.2003545275590551
20
0.4932449212598425
11
0.2003641732283465
21
0.4932544881889764
0
LINE
8
BLACK
6
CONTINUOUS
10
0.2003641732283465
20
0.4932544881889764
11
0.2401116535433071
21
0.5159673622047244
0
LINE
8
BLACK
6
CONTINUOUS
10
0.2401116535433071
20
0.5159673622047244
11
0.2032941338582677
21
0.5159673622047244
0
LINE
8
BLACK
6
CONTINUOUS
10
0.2032941338582677
20
0.5159673622047244
11
0.2003413779527559
21
0.5167585433070866
0
LINE
8
BLACK
6
CONTINUOUS
10
0.2003413779527559
20
0.5167585433070866
11
0.1981798031496063
21
0.5189201181102362
0
LINE
8
BLACK
6
CONTINUOUS
10
0.1981798031496063
20
0.5189201181102362
11
0.1973886220472441
21
0.521872874015748
0
LINE
8
BLACK
6
CONTINUOUS
10
0.1973886220472441
20
0.521872874015748
11
0.1981798031496063
21
0.5248256299212598
0
LINE
8
BLACK
6
CONTINUOUS
10
0.1981798031496063
20
0.5248256299212598
11
0.2003413779527559
21
0.5269872047244094
0
LINE
8
BLACK
6
CONTINUOUS
10
0.2003413779527559
20
0.5269872047244094
11
0.2032941338582677
21
0.5277783858267716
0
LINE
8
BLACK
6
CONTINUOUS
10
0.2032941338582677
20
0.5277783858267716
11
0.2623492519685039
21
0.5277783858267716
0
LINE
8
BLACK
6
CONTINUOUS
10
0.2623492519685039
20
0.5277783858267716
11
0.2623623228346457
21
0.527774842519685
0
LINE
8
BLACK
6
CONTINUOUS
10
1.8124034251968504
20
0.5497101181102362
11
1.8131319291338581
21
0.5497224015748031
0
LINE
8
BLACK
6
CONTINUOUS
10
1.8131319291338581
20
0.5497224015748031
11
1.8266302362204725
21
0.5463478346456693
0
LINE
8
BLACK
6
CONTINUOUS
10
1.8266302362204725
20
0.5463478346456693
11
1.8272001968503937
21
0.5460314173228347
0
LINE
8
BLACK
6
CONTINUOUS
10
1.8272001968503937
20
0.5460314173228347
11
1.8278389763779528
21
0.5459007086614173
0
LINE
8
BLACK
6
CONTINUOUS
10
1.8278389763779528
20
0.5459007086614173
11
1.8345881496062992
21
0.5425261417322834
0
LINE
8
BLACK
6
CONTINUOUS
10
1.8345881496062992
20
0.5425261417322834
11
1.8352994881889764
21
0.5418953149606299
0
LINE
8
BLACK
6
CONTINUOUS
10
1.8352994881889764
20
0.5418953149606299
11
1.8361229527559055
21
0.5414199212598425
0
LINE
8
BLACK
6
CONTINUOUS
10
1.8361229527559055
20
0.5414199212598425
11
1.8394975196850394
21
0.5380453543307087
0
LINE
8
BLACK
6
CONTINUOUS
10
1.8394975196850394
20
0.5380453543307087
11
1.8399728740157479
21
0.5372219291338582
0
LINE
8
BLACK
6
CONTINUOUS
10
1.8399728740157479
20
0.5372219291338582
11
1.8406037401574802
21
0.5365105511811024
0
LINE
8
BLACK
6
CONTINUOUS
10
1.8406037401574802
20
0.5365105511811024
11
1.843978307086614
21
0.5297613779527559
0
LINE
8
BLACK
6
CONTINUOUS
10
1.843978307086614
20
0.5297613779527559
11
1.844250433070866
21
0.5284314173228346
0
LINE
8
BLACK
6
CONTINUOUS
10
1.844250433070866
20
0.5284314173228346
11
1.8446017716535432
21
0.5271203543307087
0
LINE
8
BLACK
6
CONTINUOUS
10
1.8446017716535432
20
0.5271203543307087
11
1.8446017716535432
21
0.5203711811023622
0
LINE
8
BLACK
6
CONTINUOUS
10
1.8446017716535432
20
0.5203711811023622
11
1.844250433070866
21
0.5190600787401575
0
LINE
8
BLACK
6
CONTINUOUS
10
1.844250433070866
20
0.5190600787401575
11
1.843978307086614
21
0.5177301574803149
0
LINE
8
BLACK
6
CONTINUOUS
10
1.843978307086614
20
0.5177301574803149
11
1.8406037401574802
21
0.5109810236220472
0
LINE
8
BLACK
6
CONTINUOUS
10
1.8406037401574802
20
0.5109810236220472
11
1.8399728740157479
21
0.5102696062992126
0
LINE
8
BLACK
6
CONTINUOUS
10
1.8399728740157479
20
0.5102696062992126
11
1.8394975196850394
21
0.5094462204724409
0
LINE
8
BLACK
6
CONTINUOUS
10
1.8394975196850394
20
0.5094462204724409
11
1.8361229527559055
21
0.5060716535433071
0
LINE
8
BLACK
6
CONTINUOUS
10
1.8361229527559055
20
0.5060716535433071
11
1.8352995669291339
21
0.5055962598425197
0
LINE
8
BLACK
6
CONTINUOUS
10
1.8352995669291339
20
0.5055962598425197
11
1.834588188976378
21
0.5049654330708662
0
LINE
8
BLACK
6
CONTINUOUS
10
1.834588188976378
20
0.5049654330708662
11
1.8278389763779528
21
0.5015908267716536
0
LINE
8
BLACK
6
CONTINUOUS
10
1.8278389763779528
20
0.5015908267716536
11
1.8272001968503937
21
0.5014600787401575
0
LINE
8
BLACK
6
CONTINUOUS
10
1.8272001968503937
20
0.5014600787401575
11
1.8266302362204725
21
0.5011437007874016
0
LINE
8
BLACK
6
CONTINUOUS
10
1.8266302362204725
20
0.5011437007874016
11
1.8131319291338581
21
0.4977691338582677
0
LINE
8
BLACK
6
CONTINUOUS
10
1.8131319291338581
20
0.4977691338582677
11
1.8124034251968504
21
0.4977813779527559
0
LINE
8
BLACK
6
CONTINUOUS
10
1.8124034251968504
20
0.4977813779527559
11
1.8116996456692913
21
0.4975927952755905
0
LINE
8
BLACK
6
CONTINUOUS
10
1.8116996456692913
20
0.4975927952755905
11
1.7948267716535433
21
0.4975927952755905
0
LINE
8
BLACK
6
CONTINUOUS
10
1.7948267716535433
20
0.4975927952755905
11
1.7941229527559055
21
0.4977813779527559
0
LINE
8
BLACK
6
CONTINUOUS
10
1.7941229527559055
20
0.4977813779527559
11
1.7933944881889763
21
0.4977691338582677
0
LINE
8
BLACK
6
CONTINUOUS
10
1.7933944881889763
20
0.4977691338582677
11
1.7798961417322834
21
0.5011437007874016
0
LINE
8
BLACK
6
CONTINUOUS
10
1.7798961417322834
20
0.5011437007874016
11
1.7793261417322834
21
0.5014600787401575
0
LINE
8
BLACK
6
CONTINUOUS
10
1.7793261417322834
20
0.5014600787401575
11
1.7786874015748031
21
0.5015908267716536
0
LINE
8
BLACK
6
CONTINUOUS
10
1.7786874015748031
20
0.5015908267716536
11
1.7719382283464566
21
0.5049654330708662
0
LINE
8
BLACK
6
CONTINUOUS
10
1.7719382283464566
20
0.5049654330708662
11
1.771226811023622
21
0.5055962598425197
0
LINE
8
BLACK
6
CONTINUOUS
10
1.771226811023622
20
0.5055962598425197
11
1.7704034645669291
21
0.5060716535433071
0
LINE
8
BLACK
6
CONTINUOUS
10
1.7704034645669291
20
0.5060716535433071
11
1.7670288976377952
21
0.5094462204724409
0
LINE
8
BLACK
6
CONTINUOUS
10
1.7670288976377952
20
0.5094462204724409
11
1.7665535039370079
21
0.5102695669291338
0
LINE
8
BLACK
6
CONTINUOUS
10
1.7665535039370079
20
0.5102695669291338
11
1.7659226771653542
21
0.5109809842519685
0
LINE
8
BLACK
6
CONTINUOUS
10
1.7659226771653542
20
0.5109809842519685
11
1.7625480708661416
21
0.5177301181102362
0
LINE
8
BLACK
6
CONTINUOUS
10
1.7625480708661416
20
0.5177301181102362
11
1.7622758661417322
21
0.5190601181102362
0
LINE
8
BLACK
6
CONTINUOUS
10
1.7622758661417322
20
0.5190601181102362
11
1.7619246062992127
21
0.5203711811023622
0
LINE
8
BLACK
6
CONTINUOUS
10
1.7619246062992127
20
0.5203711811023622
11
1.7619246062992127
21
0.5271203543307087
0
LINE
8
BLACK
6
CONTINUOUS
10
1.7619246062992127
20
0.5271203543307087
11
1.7622759055118109
21
0.5284314173228346
0
LINE
8
BLACK
6
CONTINUOUS
10
1.7622759055118109
20
0.5284314173228346
11
1.7625480708661416
21
0.5297613779527559
0
LINE
8
BLACK
6
CONTINUOUS
10
1.7625480708661416
20
0.5297613779527559
11
1.7659226771653542
21
0.5365105905511811
0
LINE
8
BLACK
6
CONTINUOUS
10
1.7659226771653542
20
0.5365105905511811
11
1.7665535039370079
21
0.537221968503937
0
LINE
8
BLACK
6
CONTINUOUS
10
1.7665535039370079
20
0.537221968503937
11
1.7670288976377952
21
0.5380453543307087
0
LINE
8
BLACK
6
CONTINUOUS
10
1.7670288976377952
20
0.5380453543307087
11
1.7704034645669291
21
0.5414199212598425
0
LINE
8
BLACK
6
CONTINUOUS
10
1.7704034645669291
20
0.5414199212598425
11
1.7712268503937008
21
0.5418952755905512
0
LINE
8
BLACK
6
CONTINUOUS
10
1.7712268503937008
20
0.5418952755905512
11
1.7719382677165354
21
0.5425261417322834
0
LINE
8
BLACK
6
CONTINUOUS
10
1.7719382677165354
20
0.5425261417322834
11
1.7786874015748031
21
0.5459007086614173
0
LINE
8
BLACK
6
CONTINUOUS
10
1.7786874015748031
20
0.5459007086614173
11
1.7793261417322834
21
0.5460314173228347
0
LINE
8
BLACK
6
CONTINUOUS
10
1.7793261417322834
20
0.5460314173228347
11
1.7798961417322834
21
0.5463478346456693
0
LINE
8
BLACK
6
CONTINUOUS
10
1.7798961417322834
20
0.5463478346456693
11
1.7933944881889763
21
0.5497224015748031
0
LINE
8
BLACK
6
CONTINUOUS
10
1.7933944881889763
20
0.5497224015748031
11
1.7941229527559055
21
0.5497101181102362
0
LINE
8
BLACK
6
CONTINUOUS
10
1.7941229527559055
20
0.5497101181102362
11
1.7948267716535433
21
0.5498987401574803
0
LINE
8
BLACK
6
CONTINUOUS
10
1.7948267716535433
20
0.5498987401574803
11
1.8116996456692913
21
0.5498987401574803
0
LINE
8
BLACK
6
CONTINUOUS
10
1.8116996456692913
20
0.5498987401574803
11
1.8124034251968504
21
0.5497101181102362
0
LINE
8
BLACK
6
CONTINUOUS
10
1.7833896456692913
20
0.5350466929133858
11
1.7780774803149606
21
0.5323906299212599
0
LINE
8
BLACK
6
CONTINUOUS
10
1.7780774803149606
20
0.5323906299212599
11
1.7760581496062993
21
0.5303712992125984
0
LINE
8
BLACK
6
CONTINUOUS
10
1.7760581496062993
20
0.5303712992125984
11
1.7737356299212599
21
0.5257262204724409
0
LINE
8
BLACK
6
CONTINUOUS
10
1.7737356299212599
20
0.5257262204724409
11
1.7737356299212599
21
0.5217653149606299
0
LINE
8
BLACK
6
CONTINUOUS
10
1.7737356299212599
20
0.5217653149606299
11
1.7760581496062993
21
0.5171202362204724
0
LINE
8
BLACK
6
CONTINUOUS
10
1.7760581496062993
20
0.5171202362204724
11
1.7780774409448818
21
0.5151009448818897
0
LINE
8
BLACK
6
CONTINUOUS
10
1.7780774409448818
20
0.5151009448818897
11
1.7833897637795275
21
0.5124447637795275
0
LINE
8
BLACK
6
CONTINUOUS
10
1.7833897637795275
20
0.5124447637795275
11
1.7955537007874016
21
0.5094038188976378
0
LINE
8
BLACK
6
CONTINUOUS
10
1.7955537007874016
20
0.5094038188976378
11
1.810972716535433
21
0.5094038188976378
0
LINE
8
BLACK
6
CONTINUOUS
10
1.810972716535433
20
0.5094038188976378
11
1.8231366535433071
21
0.5124447637795275
0
LINE
8
BLACK
6
CONTINUOUS
10
1.8231366535433071
20
0.5124447637795275
11
1.8284488976377953
21
0.515100905511811
0
LINE
8
BLACK
6
CONTINUOUS
10
1.8284488976377953
20
0.515100905511811
11
1.8304682283464566
21
0.5171202362204724
0
LINE
8
BLACK
6
CONTINUOUS
10
1.8304682283464566
20
0.5171202362204724
11
1.832790748031496
21
0.5217652755905512
0
LINE
8
BLACK
6
CONTINUOUS
10
1.832790748031496
20
0.5217652755905512
11
1.832790748031496
21
0.5257262598425196
0
LINE
8
BLACK
6
CONTINUOUS
10
1.832790748031496
20
0.5257262598425196
11
1.8304681889763779
21
0.5303713385826772
0
LINE
8
BLACK
6
CONTINUOUS
10
1.8304681889763779
20
0.5303713385826772
11
1.828448937007874
21
0.5323905905511811
0
LINE
8
BLACK
6
CONTINUOUS
10
1.828448937007874
20
0.5323905905511811
11
1.8231366929133859
21
0.5350466929133858
0
LINE
8
BLACK
6
CONTINUOUS
10
1.8231366929133859
20
0.5350466929133858
11
1.810972716535433
21
0.5380877165354331
0
LINE
8
BLACK
6
CONTINUOUS
10
1.810972716535433
20
0.5380877165354331
11
1.7955537007874016
21
0.5380877165354331
0
LINE
8
BLACK
6
CONTINUOUS
10
1.7955537007874016
20
0.5380877165354331
11
1.7833896456692913
21
0.5350466929133858
0
LINE
8
BLACK
6
CONTINUOUS
10
1.8896975984251969
20
0.5919016141732283
11
1.960563779527559
21
0.5682795669291338
0
LINE
8
BLACK
6
CONTINUOUS
10
1.960563779527559
20
0.5682795669291338
11
1.961553464566929
21
0.5676261023622047
0
LINE
8
BLACK
6
CONTINUOUS
10
1.961553464566929
20
0.5676261023622047
11
1.9626144094488189
21
0.5670956692913386
0
LINE
8
BLACK
6
CONTINUOUS
10
1.9626144094488189
20
0.5670956692913386
11
1.9628133858267716
21
0.566794251968504
0
LINE
8
BLACK
6
CONTINUOUS
10
1.9628133858267716
20
0.566794251968504
11
1.9631148031496062
21
0.5665952755905511
0
LINE
8
BLACK
6
CONTINUOUS
10
1.9631148031496062
20
0.5665952755905511
11
1.9636452362204724
21
0.5655343700787402
0
LINE
8
BLACK
6
CONTINUOUS
10
1.9636452362204724
20
0.5655343700787402
11
1.9642987401574803
21
0.5645446062992125
0
LINE
8
BLACK
6
CONTINUOUS
10
1.9642987401574803
20
0.5645446062992125
11
1.9643203543307086
21
0.5641840551181102
0
LINE
8
BLACK
6
CONTINUOUS
10
1.9643203543307086
20
0.5641840551181102
11
1.9644818897637795
21
0.563861062992126
0
LINE
8
BLACK
6
CONTINUOUS
10
1.9644818897637795
20
0.563861062992126
11
1.9644108267716536
21
0.5626771259842519
0
LINE
8
BLACK
6
CONTINUOUS
10
1.9644108267716536
20
0.5626771259842519
11
1.9644818897637795
21
0.5614931889763779
0
LINE
8
BLACK
6
CONTINUOUS
10
1.9644818897637795
20
0.5614931889763779
11
1.9643203543307086
21
0.561170157480315
0
LINE
8
BLACK
6
CONTINUOUS
10
1.9643203543307086
20
0.561170157480315
11
1.9642987401574803
21
0.5608096456692914
0
LINE
8
BLACK
6
CONTINUOUS
10
1.9642987401574803
20
0.5608096456692914
11
1.9636452362204724
21
0.559819842519685
0
LINE
8
BLACK
6
CONTINUOUS
10
1.9636452362204724
20
0.559819842519685
11
1.9631148031496062
21
0.5587589763779528
0
LINE
8
BLACK
6
CONTINUOUS
10
1.9631148031496062
20
0.5587589763779528
11
1.9628133858267716
21
0.5585599606299212
0
LINE
8
BLACK
6
CONTINUOUS
10
1.9628133858267716
20
0.5585599606299212
11
1.9626144094488189
21
0.5582585826771653
0
LINE
8
BLACK
6
CONTINUOUS
10
1.9626144094488189
20
0.5582585826771653
11
1.961553464566929
21
0.5577281102362205
0
LINE
8
BLACK
6
CONTINUOUS
10
1.961553464566929
20
0.5577281102362205
11
1.960563779527559
21
0.5570746850393701
0
LINE
8
BLACK
6
CONTINUOUS
10
1.960563779527559
20
0.5570746850393701
11
1.8896975984251969
21
0.5334526377952756
0
LINE
8
BLACK
6
CONTINUOUS
10
1.8896975984251969
20
0.5334526377952756
11
1.8866461811023623
21
0.5332694488188976
0
LINE
8
BLACK
6
CONTINUOUS
10
1.8866461811023623
20
0.5332694488188976
11
1.8839119685039369
21
0.5346365748031496
0
LINE
8
BLACK
6
CONTINUOUS
10
1.8839119685039369
20
0.5346365748031496
11
1.8822276771653543
21
0.5371875984251968
0
LINE
8
BLACK
6
CONTINUOUS
10
1.8822276771653543
20
0.5371875984251968
11
1.8820444881889764
21
0.5402390157480315
0
LINE
8
BLACK
6
CONTINUOUS
10
1.8820444881889764
20
0.5402390157480315
11
1.8834116141732282
21
0.5429732283464567
0
LINE
8
BLACK
6
CONTINUOUS
10
1.8834116141732282
20
0.5429732283464567
11
1.8859626377952756
21
0.5446575196850394
0
LINE
8
BLACK
6
CONTINUOUS
10
1.8859626377952756
20
0.5446575196850394
11
1.9021720866141731
21
0.5500606692913386
0
LINE
8
BLACK
6
CONTINUOUS
10
1.9021720866141731
20
0.5500606692913386
11
1.9021720866141731
21
0.5752935433070866
0
LINE
8
BLACK
6
CONTINUOUS
10
1.9021720866141731
20
0.5752935433070866
11
1.8859626377952756
21
0.5806967322834645
0
LINE
8
BLACK
6
CONTINUOUS
10
1.8859626377952756
20
0.5806967322834645
11
1.8834116141732282
21
0.5823810236220472
0
LINE
8
BLACK
6
CONTINUOUS
10
1.8834116141732282
20
0.5823810236220472
11
1.8820444881889764
21
0.5851152362204725
0
LINE
8
BLACK
6
CONTINUOUS
10
1.8820444881889764
20
0.5851152362204725
11
1.8822276771653543
21
0.5881666535433071
0
LINE
8
BLACK
6
CONTINUOUS
10
1.8822276771653543
20
0.5881666535433071
11
1.8839119685039369
21
0.5907176771653543
0
LINE
8
BLACK
6
CONTINUOUS
10
1.8839119685039369
20
0.5907176771653543
11
1.8866461811023623
21
0.5920848031496063
0
LINE
8
BLACK
6
CONTINUOUS
10
1.8866461811023623
20
0.5920848031496063
11
1.8896975984251969
21
0.5919016141732283
0
LINE
8
BLACK
6
CONTINUOUS
10
1.9139831102362204
20
0.5539976771653543
11
1.9400213385826772
21
0.5626771259842519
0
LINE
8
BLACK
6
CONTINUOUS
10
1.9400213385826772
20
0.5626771259842519
11
1.9139831102362204
21
0.5713565354330709
0
LINE
8
BLACK
6
CONTINUOUS
10
1.9139831102362204
20
0.5713565354330709
11
1.9139831102362204
21
0.5539976771653543
0
LINE
8
BLACK
6
CONTINUOUS
10
0.2377437401574803
20
0.5894570078740158
11
0.2384722047244094
21
0.5894692913385826
0
LINE
8
BLACK
6
CONTINUOUS
10
0.2384722047244094
20
0.5894692913385826
11
0.2497207874015748
21
0.5866571653543307
0
LINE
8
BLACK
6
CONTINUOUS
10
0.2497207874015748
20
0.5866571653543307
11
0.250290748031496
21
0.5863407480314961
0
LINE
8
BLACK
6
CONTINUOUS
10
0.250290748031496
20
0.5863407480314961
11
0.2509295275590551
21
0.5862100393700788
0
LINE
8
BLACK
6
CONTINUOUS
10
0.2509295275590551
20
0.5862100393700788
11
0.2565538188976378
21
0.5833978740157481
0
LINE
8
BLACK
6
CONTINUOUS
10
0.2565538188976378
20
0.5833978740157481
11
0.257265157480315
21
0.5827670472440944
0
LINE
8
BLACK
6
CONTINUOUS
10
0.257265157480315
20
0.5827670472440944
11
0.2580886220472441
21
0.582291653543307
0
LINE
8
BLACK
6
CONTINUOUS
10
0.2580886220472441
20
0.582291653543307
11
0.2637129133858268
21
0.5766673622047244
0
LINE
8
BLACK
6
CONTINUOUS
10
0.2637129133858268
20
0.5766673622047244
11
0.2643916141732283
21
0.5754917716535433
0
LINE
8
BLACK
6
CONTINUOUS
10
0.2643916141732283
20
0.5754917716535433
11
0.2651395275590551
21
0.5743590157480315
0
LINE
8
BLACK
6
CONTINUOUS
10
0.2651395275590551
20
0.5743590157480315
11
0.2679516929133858
21
0.5659225984251969
0
LINE
8
BLACK
6
CONTINUOUS
10
0.2679516929133858
20
0.5659225984251969
11
0.2680086614173228
21
0.5649735039370078
0
LINE
8
BLACK
6
CONTINUOUS
10
0.2680086614173228
20
0.5649735039370078
11
0.2682547637795276
21
0.5640550787401575
0
LINE
8
BLACK
6
CONTINUOUS
10
0.2682547637795276
20
0.5640550787401575
11
0.2682547637795276
21
0.5556186614173229
0
LINE
8
BLACK
6
CONTINUOUS
10
0.2682547637795276
20
0.5556186614173229
11
0.2679034251968504
21
0.5543075590551181
0
LINE
8
BLACK
6
CONTINUOUS
10
0.2679034251968504
20
0.5543075590551181
11
0.2676312992125984
21
0.5529776377952755
0
LINE
8
BLACK
6
CONTINUOUS
10
0.2676312992125984
20
0.5529776377952755
11
0.2648191338582677
21
0.5473533070866141
0
LINE
8
BLACK
6
CONTINUOUS
10
0.2648191338582677
20
0.5473533070866141
11
0.2627909842519685
21
0.5450661023622048
0
LINE
8
BLACK
6
CONTINUOUS
10
0.2627909842519685
20
0.5450661023622048
11
0.259890905511811
21
0.5440994094488188
0
LINE
8
BLACK
6
CONTINUOUS
10
0.259890905511811
20
0.5440994094488188
11
0.256896062992126
21
0.5447122834645669
0
LINE
8
BLACK
6
CONTINUOUS
10
0.256896062992126
20
0.5447122834645669
11
0.2546088582677165
21
0.5467404330708662
0
LINE
8
BLACK
6
CONTINUOUS
10
0.2546088582677165
20
0.5467404330708662
11
0.2536421653543307
21
0.5496405118110236
0
LINE
8
BLACK
6
CONTINUOUS
10
0.2536421653543307
20
0.5496405118110236
11
0.2542550393700788
21
0.5526353543307087
0
LINE
8
BLACK
6
CONTINUOUS
10
0.2542550393700788
20
0.5526353543307087
11
0.2564437401574803
21
0.5570127559055118
0
LINE
8
BLACK
6
CONTINUOUS
10
0.2564437401574803
20
0.5570127559055118
11
0.2564437401574803
21
0.5630966929133858
0
LINE
8
BLACK
6
CONTINUOUS
10
0.2564437401574803
20
0.5630966929133858
11
0.2543754724409449
21
0.5693014566929133
0
LINE
8
BLACK
6
CONTINUOUS
10
0.2543754724409449
20
0.5693014566929133
11
0.2504146062992126
21
0.5732623228346456
0
LINE
8
BLACK
6
CONTINUOUS
10
0.2504146062992126
20
0.5732623228346456
11
0.2462272047244095
21
0.5753560629921259
0
LINE
8
BLACK
6
CONTINUOUS
10
0.2462272047244095
20
0.5753560629921259
11
0.2363129921259843
21
0.5778346062992126
0
LINE
8
BLACK
6
CONTINUOUS
10
0.2363129921259843
20
0.5778346062992126
11
0.2293303937007874
21
0.5778346062992126
0
LINE
8
BLACK
6
CONTINUOUS
10
0.2293303937007874
20
0.5778346062992126
11
0.2194161417322835
21
0.5753560236220472
0
LINE
8
BLACK
6
CONTINUOUS
10
0.2194161417322835
20
0.5753560236220472
11
0.2152287795275591
21
0.5732623622047244
0
LINE
8
BLACK
6
CONTINUOUS
10
0.2152287795275591
20
0.5732623622047244
11
0.211267874015748
21
0.5693014566929133
0
LINE
8
BLACK
6
CONTINUOUS
10
0.211267874015748
20
0.5693014566929133
11
0.2091996456692913
21
0.5630967716535433
0
LINE
8
BLACK
6
CONTINUOUS
10
0.2091996456692913
20
0.5630967716535433
11
0.2091996456692913
21
0.5593890551181102
0
LINE
8
BLACK
6
CONTINUOUS
10
0.2091996456692913
20
0.5593890551181102
11
0.211267874015748
21
0.5531843700787401
0
LINE
8
BLACK
6
CONTINUOUS
10
0.211267874015748
20
0.5531843700787401
11
0.2113645669291339
21
0.5530877165354331
0
LINE
8
BLACK
6
CONTINUOUS
10
0.2113645669291339
20
0.5530877165354331
11
0.2226979527559055
21
0.5530877165354331
0
LINE
8
BLACK
6
CONTINUOUS
10
0.2226979527559055
20
0.5530877165354331
11
0.2226979527559055
21
0.5584307874015748
0
LINE
8
BLACK
6
CONTINUOUS
10
0.2226979527559055
20
0.5584307874015748
11
0.2234891338582677
21
0.5613835433070866
0
LINE
8
BLACK
6
CONTINUOUS
10
0.2234891338582677
20
0.5613835433070866
11
0.2256507086614173
21
0.5635451181102362
0
LINE
8
BLACK
6
CONTINUOUS
10
0.2256507086614173
20
0.5635451181102362
11
0.2286034645669291
21
0.5643362992125984
0
LINE
8
BLACK
6
CONTINUOUS
10
0.2286034645669291
20
0.5643362992125984
11
0.2315562204724409
21
0.5635451181102362
0
LINE
8
BLACK
6
CONTINUOUS
10
0.2315562204724409
20
0.5635451181102362
11
0.2337177952755906
21
0.5613835433070866
0
LINE
8
BLACK
6
CONTINUOUS
10
0.2337177952755906
20
0.5613835433070866
11
0.2345089763779528
21
0.5584307874015748
0
LINE
8
BLACK
6
CONTINUOUS
10
0.2345089763779528
20
0.5584307874015748
11
0.2345089763779528
21
0.5471822047244095
0
LINE
8
BLACK
6
CONTINUOUS
10
0.2345089763779528
20
0.5471822047244095
11
0.2337177952755906
21
0.5442294488188977
0
LINE
8
BLACK
6
CONTINUOUS
10
0.2337177952755906
20
0.5442294488188977
11
0.2315562204724409
21
0.5420678740157481
0
LINE
8
BLACK
6
CONTINUOUS
10
0.2315562204724409
20
0.5420678740157481
11
0.2286034645669291
21
0.5412766929133858
0
LINE
8
BLACK
6
CONTINUOUS
10
0.2286034645669291
20
0.5412766929133858
11
0.2089184251968504
21
0.5412766929133858
0
LINE
8
BLACK
6
CONTINUOUS
10
0.2089184251968504
20
0.5412766929133858
11
0.2081674409448819
21
0.5414779133858267
0
LINE
8
BLACK
6
CONTINUOUS
10
0.2081674409448819
20
0.5414779133858267
11
0.2073899606299213
21
0.5414779133858267
0
LINE
8
BLACK
6
CONTINUOUS
10
0.2073899606299213
20
0.5414779133858267
11
0.2067166141732283
21
0.5418666141732283
0
LINE
8
BLACK
6
CONTINUOUS
10
0.2067166141732283
20
0.5418666141732283
11
0.2059656692913386
21
0.5420678740157481
0
LINE
8
BLACK
6
CONTINUOUS
10
0.2059656692913386
20
0.5420678740157481
11
0.2054158661417323
21
0.5426176377952756
0
LINE
8
BLACK
6
CONTINUOUS
10
0.2054158661417323
20
0.5426176377952756
11
0.2047425984251968
21
0.5430063779527559
0
LINE
8
BLACK
6
CONTINUOUS
10
0.2047425984251968
20
0.5430063779527559
11
0.2019304724409449
21
0.5458185039370078
0
LINE
8
BLACK
6
CONTINUOUS
10
0.2019304724409449
20
0.5458185039370078
11
0.2012518110236221
21
0.546993937007874
0
LINE
8
BLACK
6
CONTINUOUS
10
0.2012518110236221
20
0.546993937007874
11
0.2005038188976378
21
0.5481268503937008
0
LINE
8
BLACK
6
CONTINUOUS
10
0.2005038188976378
20
0.5481268503937008
11
0.1976916929133858
21
0.5565633070866142
0
LINE
8
BLACK
6
CONTINUOUS
10
0.1976916929133858
20
0.5565633070866142
11
0.1976346850393701
21
0.5575123228346457
0
LINE
8
BLACK
6
CONTINUOUS
10
0.1976346850393701
20
0.5575123228346457
11
0.1973886220472441
21
0.5584307874015748
0
LINE
8
BLACK
6
CONTINUOUS
10
0.1973886220472441
20
0.5584307874015748
11
0.1973886220472441
21
0.5640550787401575
0
LINE
8
BLACK
6
CONTINUOUS
10
0.1973886220472441
20
0.5640550787401575
11
0.1976346850393701
21
0.5649735039370078
0
LINE
8
BLACK
6
CONTINUOUS
10
0.1976346850393701
20
0.5649735039370078
11
0.1976916929133858
21
0.5659225590551181
0
LINE
8
BLACK
6
CONTINUOUS
10
0.1976916929133858
20
0.5659225590551181
11
0.2005038188976378
21
0.5743590157480315
0
LINE
8
BLACK
6
CONTINUOUS
10
0.2005038188976378
20
0.5743590157480315
11
0.2012518110236221
21
0.5754918897637795
0
LINE
8
BLACK
6
CONTINUOUS
10
0.2012518110236221
20
0.5754918897637795
11
0.2019304724409449
21
0.5766673622047244
0
LINE
8
BLACK
6
CONTINUOUS
10
0.2019304724409449
20
0.5766673622047244
11
0.2075547637795276
21
0.582291653543307
0
LINE
8
BLACK
6
CONTINUOUS
10
0.2075547637795276
20
0.582291653543307
11
0.2083781889763779
21
0.5827670472440944
0
LINE
8
BLACK
6
CONTINUOUS
10
0.2083781889763779
20
0.5827670472440944
11
0.2090895669291339
21
0.5833978740157481
0
LINE
8
BLACK
6
CONTINUOUS
10
0.2090895669291339
20
0.5833978740157481
11
0.2147138188976378
21
0.5862100393700788
0
LINE
8
BLACK
6
CONTINUOUS
10
0.2147138188976378
20
0.5862100393700788
11
0.2153526377952756
21
0.5863407480314961
0
LINE
8
BLACK
6
CONTINUOUS
10
0.2153526377952756
20
0.5863407480314961
11
0.2159225984251968
21
0.5866571653543307
0
LINE
8
BLACK
6
CONTINUOUS
10
0.2159225984251968
20
0.5866571653543307
11
0.2271711811023622
21
0.5894692913385826
0
LINE
8
BLACK
6
CONTINUOUS
10
0.2271711811023622
20
0.5894692913385826
11
0.2278996062992126
21
0.5894570078740158
0
LINE
8
BLACK
6
CONTINUOUS
10
0.2278996062992126
20
0.5894570078740158
11
0.2286034645669291
21
0.5896456299212598
0
LINE
8
BLACK
6
CONTINUOUS
10
0.2286034645669291
20
0.5896456299212598
11
0.2370399212598425
21
0.5896456299212598
0
LINE
8
BLACK
6
CONTINUOUS
10
0.2370399212598425
20
0.5896456299212598
11
0.2377437401574803
21
0.5894570078740158
0
LINE
8
BLACK
6
CONTINUOUS
10
1.7685811023622047
20
0.6205637007874015
11
1.7693585826771654
21
0.6205637007874015
0
LINE
8
BLACK
6
CONTINUOUS
10
1.7693585826771654
20
0.6205637007874015
11
1.7700318897637795
21
0.6201749606299213
0
LINE
8
BLACK
6
CONTINUOUS
10
1.7700318897637795
20
0.6201749606299213
11
1.7707828740157481
21
0.6199737401574803
0
LINE
8
BLACK
6
CONTINUOUS
10
1.7707828740157481
20
0.6199737401574803
11
1.7713326377952756
21
0.619423937007874
0
LINE
8
BLACK
6
CONTINUOUS
10
1.7713326377952756
20
0.619423937007874
11
1.7720059448818897
21
0.6190352362204724
0
LINE
8
BLACK
6
CONTINUOUS
10
1.7720059448818897
20
0.6190352362204724
11
1.8115150787401575
21
0.5795260629921259
0
LINE
8
BLACK
6
CONTINUOUS
10
1.8115150787401575
20
0.5795260629921259
11
1.8194072047244094
21
0.5768953937007874
0
LINE
8
BLACK
6
CONTINUOUS
10
1.8194072047244094
20
0.5768953937007874
11
1.8238038582677165
21
0.5768953937007874
0
LINE
8
BLACK
6
CONTINUOUS
10
1.8238038582677165
20
0.5768953937007874
11
1.8284488976377953
21
0.579217874015748
0
LINE
8
BLACK
6
CONTINUOUS
10
1.8284488976377953
20
0.579217874015748
11
1.8304681889763779
21
0.5812372047244094
0
LINE
8
BLACK
6
CONTINUOUS
10
1.8304681889763779
20
0.5812372047244094
11
1.832790748031496
21
0.5858822834645669
0
LINE
8
BLACK
6
CONTINUOUS
10
1.832790748031496
20
0.5858822834645669
11
1.832790748031496
21
0.5999670078740157
0
LINE
8
BLACK
6
CONTINUOUS
10
1.832790748031496
20
0.5999670078740157
11
1.8304682283464566
21
0.6046120472440945
0
LINE
8
BLACK
6
CONTINUOUS
10
1.8304682283464566
20
0.6046120472440945
11
1.8277712992125983
21
0.6073089763779528
0
LINE
8
BLACK
6
CONTINUOUS
10
1.8277712992125983
20
0.6073089763779528
11
1.8262428346456692
21
0.6099563385826772
0
LINE
8
BLACK
6
CONTINUOUS
10
1.8262428346456692
20
0.6099563385826772
11
1.8262428346456692
21
0.6130132677165354
0
LINE
8
BLACK
6
CONTINUOUS
10
1.8262428346456692
20
0.6130132677165354
11
1.8277712992125983
21
0.6156606299212598
0
LINE
8
BLACK
6
CONTINUOUS
10
1.8277712992125983
20
0.6156606299212598
11
1.8304186614173228
21
0.6171890944881889
0
LINE
8
BLACK
6
CONTINUOUS
10
1.8304186614173228
20
0.6171890944881889
11
1.833475590551181
21
0.6171890944881889
0
LINE
8
BLACK
6
CONTINUOUS
10
1.833475590551181
20
0.6171890944881889
11
1.8361229527559055
21
0.6156606299212598
0
LINE
8
BLACK
6
CONTINUOUS
10
1.8361229527559055
20
0.6156606299212598
11
1.8394975196850394
21
0.612286062992126
0
LINE
8
BLACK
6
CONTINUOUS
10
1.8394975196850394
20
0.612286062992126
11
1.8399728740157479
21
0.6114626377952755
0
LINE
8
BLACK
6
CONTINUOUS
10
1.8399728740157479
20
0.6114626377952755
11
1.8406037401574802
21
0.6107512598425197
0
LINE
8
BLACK
6
CONTINUOUS
10
1.8406037401574802
20
0.6107512598425197
11
1.843978307086614
21
0.604002125984252
0
LINE
8
BLACK
6
CONTINUOUS
10
1.843978307086614
20
0.604002125984252
11
1.844250433070866
21
0.6026721653543307
0
LINE
8
BLACK
6
CONTINUOUS
10
1.844250433070866
20
0.6026721653543307
11
1.8446017716535432
21
0.6013611023622047
0
LINE
8
BLACK
6
CONTINUOUS
10
1.8446017716535432
20
0.6013611023622047
11
1.8446017716535432
21
0.5844881889763779
0
LINE
8
BLACK
6
CONTINUOUS
10
1.8446017716535432
20
0.5844881889763779
11
1.844250433070866
21
0.5831770866141732
0
LINE
8
BLACK
6
CONTINUOUS
10
1.844250433070866
20
0.5831770866141732
11
1.843978307086614
21
0.5818471653543307
0
LINE
8
BLACK
6
CONTINUOUS
10
1.843978307086614
20
0.5818471653543307
11
1.8406037401574802
21
0.575098031496063
0
LINE
8
BLACK
6
CONTINUOUS
10
1.8406037401574802
20
0.575098031496063
11
1.8399729527559054
21
0.5743866535433071
0
LINE
8
BLACK
6
CONTINUOUS
10
1.8399729527559054
20
0.5743866535433071
11
1.8394975590551181
21
0.5735632677165354
0
LINE
8
BLACK
6
CONTINUOUS
10
1.8394975590551181
20
0.5735632677165354
11
1.8361229921259843
21
0.5701886614173228
0
LINE
8
BLACK
6
CONTINUOUS
10
1.8361229921259843
20
0.5701886614173228
11
1.8352995275590551
21
0.5697131889763779
0
LINE
8
BLACK
6
CONTINUOUS
10
1.8352995275590551
20
0.5697131889763779
11
1.8345881496062992
21
0.5690824015748032
0
LINE
8
BLACK
6
CONTINUOUS
10
1.8345881496062992
20
0.5690824015748032
11
1.8278389763779528
21
0.5657078346456693
0
LINE
8
BLACK
6
CONTINUOUS
10
1.8278389763779528
20
0.5657078346456693
11
1.826509094488189
21
0.5654356692913386
0
LINE
8
BLACK
6
CONTINUOUS
10
1.826509094488189
20
0.5654356692913386
11
1.8251979527559055
21
0.5650843700787401
0
LINE
8
BLACK
6
CONTINUOUS
10
1.8251979527559055
20
0.5650843700787401
11
1.8184488188976378
21
0.5650843700787401
0
LINE
8
BLACK
6
CONTINUOUS
10
1.8184488188976378
20
0.5650843700787401
11
1.8175303543307086
21
0.5653304330708662
0
LINE
8
BLACK
6
CONTINUOUS
10
1.8175303543307086
20
0.5653304330708662
11
1.8165813385826772
21
0.5653874409448819
0
LINE
8
BLACK
6
CONTINUOUS
10
1.8165813385826772
20
0.5653874409448819
11
1.8064575984251967
21
0.568761968503937
0
LINE
8
BLACK
6
CONTINUOUS
10
1.8064575984251967
20
0.568761968503937
11
1.80532468503937
21
0.5695099606299212
0
LINE
8
BLACK
6
CONTINUOUS
10
1.80532468503937
20
0.5695099606299212
11
1.8041492519685038
21
0.5701886220472441
0
LINE
8
BLACK
6
CONTINUOUS
10
1.8041492519685038
20
0.5701886220472441
11
1.7737356299212599
21
0.6006022440944881
0
LINE
8
BLACK
6
CONTINUOUS
10
1.7737356299212599
20
0.6006022440944881
11
1.7737356299212599
21
0.5709898818897637
0
LINE
8
BLACK
6
CONTINUOUS
10
1.7737356299212599
20
0.5709898818897637
11
1.7729444488188977
21
0.5680371259842519
0
LINE
8
BLACK
6
CONTINUOUS
10
1.7729444488188977
20
0.5680371259842519
11
1.7707828740157481
21
0.5658755511811023
0
LINE
8
BLACK
6
CONTINUOUS
10
1.7707828740157481
20
0.5658755511811023
11
1.7678301181102363
21
0.5650843700787401
0
LINE
8
BLACK
6
CONTINUOUS
10
1.7678301181102363
20
0.5650843700787401
11
1.7648773622047245
21
0.5658755511811023
0
LINE
8
BLACK
6
CONTINUOUS
10
1.7648773622047245
20
0.5658755511811023
11
1.7627157874015749
21
0.5680371259842519
0
LINE
8
BLACK
6
CONTINUOUS
10
1.7627157874015749
20
0.5680371259842519
11
1.7619246062992127
21
0.5709898818897637
0
LINE
8
BLACK
6
CONTINUOUS
10
1.7619246062992127
20
0.5709898818897637
11
1.7619246062992127
21
0.6148594094488189
0
LINE
8
BLACK
6
CONTINUOUS
10
1.7619246062992127
20
0.6148594094488189
11
1.7621258267716535
21
0.6156103543307087
0
LINE
8
BLACK
6
CONTINUOUS
10
1.7621258267716535
20
0.6156103543307087
11
1.7621258267716535
21
0.616387874015748
0
LINE
8
BLACK
6
CONTINUOUS
10
1.7621258267716535
20
0.616387874015748
11
1.762514527559055
21
0.6170611811023622
0
LINE
8
BLACK
6
CONTINUOUS
10
1.762514527559055
20
0.6170611811023622
11
1.7627157874015749
21
0.6178121653543307
0
LINE
8
BLACK
6
CONTINUOUS
10
1.7627157874015749
20
0.6178121653543307
11
1.7632655511811024
21
0.6183619291338582
0
LINE
8
BLACK
6
CONTINUOUS
10
1.7632655511811024
20
0.6183619291338582
11
1.7636542913385826
21
0.6190352362204724
0
LINE
8
BLACK
6
CONTINUOUS
10
1.7636542913385826
20
0.6190352362204724
11
1.7643275590551182
21
0.619423937007874
0
LINE
8
BLACK
6
CONTINUOUS
10
1.7643275590551182
20
0.619423937007874
11
1.7648773622047245
21
0.6199737401574803
0
LINE
8
BLACK
6
CONTINUOUS
10
1.7648773622047245
20
0.6199737401574803
11
1.7656283070866141
21
0.6201749606299213
0
LINE
8
BLACK
6
CONTINUOUS
10
1.7656283070866141
20
0.6201749606299213
11
1.7663016535433071
21
0.6205637007874015
0
LINE
8
BLACK
6
CONTINUOUS
10
1.7663016535433071
20
0.6205637007874015
11
1.7670791338582676
21
0.6205637007874015
0
LINE
8
BLACK
6
CONTINUOUS
10
1.7670791338582676
20
0.6205637007874015
11
1.7678301181102363
21
0.6207649212598425
0
LINE
8
BLACK
6
CONTINUOUS
10
1.7678301181102363
20
0.6207649212598425
11
1.7685811023622047
21
0.6205637007874015
0
LINE
8
BLACK
6
CONTINUOUS
10
1.890782874015748
20
0.6420322047244095
11
1.8929444488188976
21
0.6398706299212599
0
LINE
8
BLACK
6
CONTINUOUS
10
1.8929444488188976
20
0.6398706299212599
11
1.8937356299212598
21
0.6369178740157481
0
LINE
8
BLACK
6
CONTINUOUS
10
1.8937356299212598
20
0.6369178740157481
11
1.8937356299212598
21
0.631126968503937
0
LINE
8
BLACK
6
CONTINUOUS
10
1.8937356299212598
20
0.631126968503937
11
1.8963662598425197
21
0.6232350393700787
0
LINE
8
BLACK
6
CONTINUOUS
10
1.8963662598425197
20
0.6232350393700787
11
1.901143937007874
21
0.6184573622047244
0
LINE
8
BLACK
6
CONTINUOUS
10
1.901143937007874
20
0.6184573622047244
11
1.9090359055118109
21
0.6158267322834645
0
LINE
8
BLACK
6
CONTINUOUS
10
1.9090359055118109
20
0.6158267322834645
11
1.9586962598425197
21
0.6158267322834645
0
LINE
8
BLACK
6
CONTINUOUS
10
1.9586962598425197
20
0.6158267322834645
11
1.9616490157480315
21
0.6150355511811023
0
LINE
8
BLACK
6
CONTINUOUS
10
1.9616490157480315
20
0.6150355511811023
11
1.9638105905511811
21
0.6128739763779527
0
LINE
8
BLACK
6
CONTINUOUS
10
1.9638105905511811
20
0.6128739763779527
11
1.9646017716535433
21
0.6099212204724409
0
LINE
8
BLACK
6
CONTINUOUS
10
1.9646017716535433
20
0.6099212204724409
11
1.9638105905511811
21
0.6069684645669291
0
LINE
8
BLACK
6
CONTINUOUS
10
1.9638105905511811
20
0.6069684645669291
11
1.9616490157480315
21
0.6048068897637795
0
LINE
8
BLACK
6
CONTINUOUS
10
1.9616490157480315
20
0.6048068897637795
11
1.9586962598425197
21
0.6040157086614173
0
LINE
8
BLACK
6
CONTINUOUS
10
1.9586962598425197
20
0.6040157086614173
11
1.9080775984251968
21
0.6040157086614173
0
LINE
8
BLACK
6
CONTINUOUS
10
1.9080775984251968
20
0.6040157086614173
11
1.9071591338582676
21
0.6042617716535433
0
LINE
8
BLACK
6
CONTINUOUS
10
1.9071591338582676
20
0.6042617716535433
11
1.9062101181102362
21
0.6043187795275591
0
LINE
8
BLACK
6
CONTINUOUS
10
1.9062101181102362
20
0.6043187795275591
11
1.8960863779527559
21
0.6076933858267717
0
LINE
8
BLACK
6
CONTINUOUS
10
1.8960863779527559
20
0.6076933858267717
11
1.8949537795275591
21
0.6084411417322835
0
LINE
8
BLACK
6
CONTINUOUS
10
1.8949537795275591
20
0.6084411417322835
11
1.8937780314960631
21
0.60912
0
LINE
8
BLACK
6
CONTINUOUS
10
1.8937780314960631
20
0.60912
11
1.8870288976377951
21
0.6158691338582677
0
LINE
8
BLACK
6
CONTINUOUS
10
1.8870288976377951
20
0.6158691338582677
11
1.8863501181102362
21
0.6170447244094488
0
LINE
8
BLACK
6
CONTINUOUS
10
1.8863501181102362
20
0.6170447244094488
11
1.8856022834645669
21
0.6181774409448819
0
LINE
8
BLACK
6
CONTINUOUS
10
1.8856022834645669
20
0.6181774409448819
11
1.8822276771653543
21
0.628301220472441
0
LINE
8
BLACK
6
CONTINUOUS
10
1.8822276771653543
20
0.628301220472441
11
1.8821706692913385
21
0.6292502362204724
0
LINE
8
BLACK
6
CONTINUOUS
10
1.8821706692913385
20
0.6292502362204724
11
1.8819246062992125
21
0.6301687007874016
0
LINE
8
BLACK
6
CONTINUOUS
10
1.8819246062992125
20
0.6301687007874016
11
1.8819246062992125
21
0.6369178740157481
0
LINE
8
BLACK
6
CONTINUOUS
10
1.8819246062992125
20
0.6369178740157481
11
1.8827157874015747
21
0.6398706299212599
0
LINE
8
BLACK
6
CONTINUOUS
10
1.8827157874015747
20
0.6398706299212599
11
1.8848773622047243
21
0.6420322047244095
0
LINE
8
BLACK
6
CONTINUOUS
10
1.8848773622047243
20
0.6420322047244095
11
1.8878301181102362
21
0.6428233858267717
0
LINE
8
BLACK
6
CONTINUOUS
10
1.8878301181102362
20
0.6428233858267717
11
1.890782874015748
21
0.6420322047244095
0
LINE
8
BLACK
6
CONTINUOUS
10
0.4606924015748031
20
0.7079034251968503
11
0.4620223622047244
21
0.7076312992125984
0
LINE
8
BLACK
6
CONTINUOUS
10
0.4620223622047244
20
0.7076312992125984
11
0.4676466535433071
21
0.7048191338582677
0
LINE
8
BLACK
6
CONTINUOUS
10
0.4676466535433071
20
0.7048191338582677
11
0.4699338582677165
21
0.7027909448818898
0
LINE
8
BLACK
6
CONTINUOUS
10
0.4699338582677165
20
0.7027909448818898
11
0.4709005511811024
21
0.699890905511811
0
LINE
8
BLACK
6
CONTINUOUS
10
0.4709005511811024
20
0.699890905511811
11
0.4702876771653543
21
0.6968960629921259
0
LINE
8
BLACK
6
CONTINUOUS
10
0.4702876771653543
20
0.6968960629921259
11
0.4682594881889764
21
0.6946088582677166
0
LINE
8
BLACK
6
CONTINUOUS
10
0.4682594881889764
20
0.6946088582677166
11
0.4653594488188976
21
0.6936421653543307
0
LINE
8
BLACK
6
CONTINUOUS
10
0.4653594488188976
20
0.6936421653543307
11
0.4623645669291339
21
0.6942550393700787
0
LINE
8
BLACK
6
CONTINUOUS
10
0.4623645669291339
20
0.6942550393700787
11
0.4579872440944882
21
0.6964437401574803
0
LINE
8
BLACK
6
CONTINUOUS
10
0.4579872440944882
20
0.6964437401574803
11
0.4519032677165354
21
0.6964437401574803
0
LINE
8
BLACK
6
CONTINUOUS
10
0.4519032677165354
20
0.6964437401574803
11
0.4456984645669291
21
0.6943754724409449
0
LINE
8
BLACK
6
CONTINUOUS
10
0.4456984645669291
20
0.6943754724409449
11
0.4417375984251968
21
0.6904146062992126
0
LINE
8
BLACK
6
CONTINUOUS
10
0.4417375984251968
20
0.6904146062992126
11
0.4396438582677165
21
0.6862272047244095
0
LINE
8
BLACK
6
CONTINUOUS
10
0.4396438582677165
20
0.6862272047244095
11
0.4371653543307086
21
0.6763129921259843
0
LINE
8
BLACK
6
CONTINUOUS
10
0.4371653543307086
20
0.6763129921259843
11
0.4371653543307086
21
0.6693303543307086
0
LINE
8
BLACK
6
CONTINUOUS
10
0.4371653543307086
20
0.6693303543307086
11
0.4396438582677165
21
0.6594161417322835
0
LINE
8
BLACK
6
CONTINUOUS
10
0.4396438582677165
20
0.6594161417322835
11
0.4417375984251968
21
0.6552287401574803
0
LINE
8
BLACK
6
CONTINUOUS
10
0.4417375984251968
20
0.6552287401574803
11
0.4456984645669291
21
0.651267874015748
0
LINE
8
BLACK
6
CONTINUOUS
10
0.4456984645669291
20
0.651267874015748
11
0.4519032677165354
21
0.6491996456692913
0
LINE
8
BLACK
6
CONTINUOUS
10
0.4519032677165354
20
0.6491996456692913
11
0.455610905511811
21
0.6491996456692913
0
LINE
8
BLACK
6
CONTINUOUS
10
0.455610905511811
20
0.6491996456692913
11
0.4618155511811023
21
0.651267874015748
0
LINE
8
BLACK
6
CONTINUOUS
10
0.4618155511811023
20
0.651267874015748
11
0.4619122440944882
21
0.6513645669291338
0
LINE
8
BLACK
6
CONTINUOUS
10
0.4619122440944882
20
0.6513645669291338
11
0.4619122440944882
21
0.6626979527559055
0
LINE
8
BLACK
6
CONTINUOUS
10
0.4619122440944882
20
0.6626979527559055
11
0.4565691732283464
21
0.6626979527559055
0
LINE
8
BLACK
6
CONTINUOUS
10
0.4565691732283464
20
0.6626979527559055
11
0.4536164173228346
21
0.6634891338582677
0
LINE
8
BLACK
6
CONTINUOUS
10
0.4536164173228346
20
0.6634891338582677
11
0.451454842519685
21
0.6656507086614173
0
LINE
8
BLACK
6
CONTINUOUS
10
0.451454842519685
20
0.6656507086614173
11
0.4506636614173228
21
0.6686034645669291
0
LINE
8
BLACK
6
CONTINUOUS
10
0.4506636614173228
20
0.6686034645669291
11
0.451454842519685
21
0.6715562204724409
0
LINE
8
BLACK
6
CONTINUOUS
10
0.451454842519685
20
0.6715562204724409
11
0.4536164173228346
21
0.6737177952755905
0
LINE
8
BLACK
6
CONTINUOUS
10
0.4536164173228346
20
0.6737177952755905
11
0.4565691732283464
21
0.6745089763779527
0
LINE
8
BLACK
6
CONTINUOUS
10
0.4565691732283464
20
0.6745089763779527
11
0.4678177559055118
21
0.6745089763779527
0
LINE
8
BLACK
6
CONTINUOUS
10
0.4678177559055118
20
0.6745089763779527
11
0.4707705118110236
21
0.6737177952755905
0
LINE
8
BLACK
6
CONTINUOUS
10
0.4707705118110236
20
0.6737177952755905
11
0.4729320866141732
21
0.6715562204724409
0
LINE
8
BLACK
6
CONTINUOUS
10
0.4729320866141732
20
0.6715562204724409
11
0.4737232677165354
21
0.6686034645669291
0
LINE
8
BLACK
6
CONTINUOUS
10
0.4737232677165354
20
0.6686034645669291
11
0.4737232677165354
21
0.6489184251968504
0
LINE
8
BLACK
6
CONTINUOUS
10
0.4737232677165354
20
0.6489184251968504
11
0.4735220472440945
21
0.6481674409448819
0
LINE
8
BLACK
6
CONTINUOUS
10
0.4735220472440945
20
0.6481674409448819
11
0.4735220472440945
21
0.6473899606299213
0
LINE
8
BLACK
6
CONTINUOUS
10
0.4735220472440945
20
0.6473899606299213
11
0.4731333070866142
21
0.6467166141732283
0
LINE
8
BLACK
6
CONTINUOUS
10
0.4731333070866142
20
0.6467166141732283
11
0.4729320866141732
21
0.6459656692913386
0
LINE
8
BLACK
6
CONTINUOUS
10
0.4729320866141732
20
0.6459656692913386
11
0.4723822834645669
21
0.6454158661417323
0
LINE
8
BLACK
6
CONTINUOUS
10
0.4723822834645669
20
0.6454158661417323
11
0.4719935826771653
21
0.6447425984251969
0
LINE
8
BLACK
6
CONTINUOUS
10
0.4719935826771653
20
0.6447425984251969
11
0.4691814566929134
21
0.6419304724409449
0
LINE
8
BLACK
6
CONTINUOUS
10
0.4691814566929134
20
0.6419304724409449
11
0.4680059842519685
21
0.6412518110236221
0
LINE
8
BLACK
6
CONTINUOUS
10
0.4680059842519685
20
0.6412518110236221
11
0.4668731102362205
21
0.6405038188976377
0
LINE
8
BLACK
6
CONTINUOUS
10
0.4668731102362205
20
0.6405038188976377
11
0.4584366535433071
21
0.6376916929133858
0
LINE
8
BLACK
6
CONTINUOUS
10
0.4584366535433071
20
0.6376916929133858
11
0.4574875984251968
21
0.63763468503937
0
LINE
8
BLACK
6
CONTINUOUS
10
0.4574875984251968
20
0.63763468503937
11
0.4565691732283464
21
0.6373886220472441
0
LINE
8
BLACK
6
CONTINUOUS
10
0.4565691732283464
20
0.6373886220472441
11
0.4509448818897638
21
0.6373886220472441
0
LINE
8
BLACK
6
CONTINUOUS
10
0.4509448818897638
20
0.6373886220472441
11
0.4500264173228347
21
0.63763468503937
0
LINE
8
BLACK
6
CONTINUOUS
10
0.4500264173228347
20
0.63763468503937
11
0.4490773622047244
21
0.6376916929133858
0
LINE
8
BLACK
6
CONTINUOUS
10
0.4490773622047244
20
0.6376916929133858
11
0.4406409448818898
21
0.6405038582677165
0
LINE
8
BLACK
6
CONTINUOUS
10
0.4406409448818898
20
0.6405038582677165
11
0.4395081496062992
21
0.6412517322834645
0
LINE
8
BLACK
6
CONTINUOUS
10
0.4395081496062992
20
0.6412517322834645
11
0.4383325984251968
21
0.6419304724409449
0
LINE
8
BLACK
6
CONTINUOUS
10
0.4383325984251968
20
0.6419304724409449
11
0.4327083070866142
21
0.6475547637795276
0
LINE
8
BLACK
6
CONTINUOUS
10
0.4327083070866142
20
0.6475547637795276
11
0.432232874015748
21
0.6483781889763779
0
LINE
8
BLACK
6
CONTINUOUS
10
0.432232874015748
20
0.6483781889763779
11
0.4316020866141732
21
0.6490895669291339
0
LINE
8
BLACK
6
CONTINUOUS
10
0.4316020866141732
20
0.6490895669291339
11
0.4287899212598425
21
0.6547138582677166
0
LINE
8
BLACK
6
CONTINUOUS
10
0.4287899212598425
20
0.6547138582677166
11
0.4286591732283465
21
0.6553525984251969
0
LINE
8
BLACK
6
CONTINUOUS
10
0.4286591732283465
20
0.6553525984251969
11
0.4283427952755905
21
0.6559225984251968
0
LINE
8
BLACK
6
CONTINUOUS
10
0.4283427952755905
20
0.6559225984251968
11
0.4255306692913386
21
0.6671711811023622
0
LINE
8
BLACK
6
CONTINUOUS
10
0.4255306692913386
20
0.6671711811023622
11
0.4255429133858268
21
0.6678996062992126
0
LINE
8
BLACK
6
CONTINUOUS
10
0.4255429133858268
20
0.6678996062992126
11
0.4253543307086614
21
0.6686034645669291
0
LINE
8
BLACK
6
CONTINUOUS
10
0.4253543307086614
20
0.6686034645669291
11
0.4253543307086614
21
0.6770399212598425
0
LINE
8
BLACK
6
CONTINUOUS
10
0.4253543307086614
20
0.6770399212598425
11
0.4255429133858268
21
0.6777437401574803
0
LINE
8
BLACK
6
CONTINUOUS
10
0.4255429133858268
20
0.6777437401574803
11
0.4255306692913386
21
0.6784722047244094
0
LINE
8
BLACK
6
CONTINUOUS
10
0.4255306692913386
20
0.6784722047244094
11
0.4283427952755905
21
0.6897207874015748
0
LINE
8
BLACK
6
CONTINUOUS
10
0.4283427952755905
20
0.6897207874015748
11
0.4286591732283465
21
0.690290748031496
0
LINE
8
BLACK
6
CONTINUOUS
10
0.4286591732283465
20
0.690290748031496
11
0.4287899212598425
21
0.6909295275590551
0
LINE
8
BLACK
6
CONTINUOUS
10
0.4287899212598425
20
0.6909295275590551
11
0.4316020866141732
21
0.6965538188976378
0
LINE
8
BLACK
6
CONTINUOUS
10
0.4316020866141732
20
0.6965538188976378
11
0.432232874015748
21
0.6972651574803149
0
LINE
8
BLACK
6
CONTINUOUS
10
0.432232874015748
20
0.6972651574803149
11
0.4327083070866142
21
0.6980886220472441
0
LINE
8
BLACK
6
CONTINUOUS
10
0.4327083070866142
20
0.6980886220472441
11
0.4383325984251968
21
0.7037129133858268
0
LINE
8
BLACK
6
CONTINUOUS
10
0.4383325984251968
20
0.7037129133858268
11
0.4395081496062992
21
0.7043916141732284
0
LINE
8
BLACK
6
CONTINUOUS
10
0.4395081496062992
20
0.7043916141732284
11
0.4406409448818898
21
0.7051395275590551
0
LINE
8
BLACK
6
CONTINUOUS
10
0.4406409448818898
20
0.7051395275590551
11
0.4490773622047244
21
0.7079516929133858
0
LINE
8
BLACK
6
CONTINUOUS
10
0.4490773622047244
20
0.7079516929133858
11
0.4500264173228347
21
0.7080086614173228
0
LINE
8
BLACK
6
CONTINUOUS
10
0.4500264173228347
20
0.7080086614173228
11
0.4509448818897638
21
0.7082547637795276
0
LINE
8
BLACK
6
CONTINUOUS
10
0.4509448818897638
20
0.7082547637795276
11
0.4593813385826772
21
0.7082547637795276
0
LINE
8
BLACK
6
CONTINUOUS
10
0.4593813385826772
20
0.7082547637795276
11
0.4606924015748031
21
0.7079034251968503
0
LINE
8
BLACK
6
CONTINUOUS
10
0.5298256299212598
20
0.7074635826771654
11
0.5319872047244094
21
0.7053020078740158
0
LINE
8
BLACK
6
CONTINUOUS
10
0.5319872047244094
20
0.7053020078740158
11
0.5327783858267716
21
0.702349251968504
0
LINE
8
BLACK
6
CONTINUOUS
10
0.5327783858267716
20
0.702349251968504
11
0.5327783858267716
21
0.6432941338582677
0
LINE
8
BLACK
6
CONTINUOUS
10
0.5327783858267716
20
0.6432941338582677
11
0.532774842519685
21
0.6432810236220472
0
LINE
8
BLACK
6
CONTINUOUS
10
0.532774842519685
20
0.6432810236220472
11
0.5327783464566929
21
0.6432678346456693
0
LINE
8
BLACK
6
CONTINUOUS
10
0.5327783464566929
20
0.6432678346456693
11
0.5323785433070866
21
0.6418020078740158
0
LINE
8
BLACK
6
CONTINUOUS
10
0.5323785433070866
20
0.6418020078740158
11
0.5319872047244094
21
0.6403413779527559
0
LINE
8
BLACK
6
CONTINUOUS
10
0.5319872047244094
20
0.6403413779527559
11
0.5319775984251969
21
0.6403317716535433
0
LINE
8
BLACK
6
CONTINUOUS
10
0.5319775984251969
20
0.6403317716535433
11
0.5319740157480315
21
0.6403186220472441
0
LINE
8
BLACK
6
CONTINUOUS
10
0.5319740157480315
20
0.6403186220472441
11
0.5308950787401575
21
0.6392492519685039
0
LINE
8
BLACK
6
CONTINUOUS
10
0.5308950787401575
20
0.6392492519685039
11
0.5298256299212598
21
0.6381798031496063
0
LINE
8
BLACK
6
CONTINUOUS
10
0.5298256299212598
20
0.6381798031496063
11
0.5298124803149606
21
0.6381762598425197
0
LINE
8
BLACK
6
CONTINUOUS
10
0.5298124803149606
20
0.6381762598425197
11
0.5298028346456692
21
0.6381666929133858
0
LINE
8
BLACK
6
CONTINUOUS
10
0.5298028346456692
20
0.6381666929133858
11
0.5283334645669291
21
0.6377799606299213
0
LINE
8
BLACK
6
CONTINUOUS
10
0.5283334645669291
20
0.6377799606299213
11
0.526872874015748
21
0.6373886220472441
0
LINE
8
BLACK
6
CONTINUOUS
10
0.526872874015748
20
0.6373886220472441
11
0.5268597637795276
21
0.637392125984252
0
LINE
8
BLACK
6
CONTINUOUS
10
0.5268597637795276
20
0.637392125984252
11
0.5268465748031496
21
0.6373886614173229
0
LINE
8
BLACK
6
CONTINUOUS
10
0.5268465748031496
20
0.6373886614173229
11
0.525380748031496
21
0.6377884251968504
0
LINE
8
BLACK
6
CONTINUOUS
10
0.525380748031496
20
0.6377884251968504
11
0.5239201181102362
21
0.6381798031496063
0
LINE
8
BLACK
6
CONTINUOUS
10
0.5239201181102362
20
0.6381798031496063
11
0.5239105118110237
21
0.6381893700787401
0
LINE
8
BLACK
6
CONTINUOUS
10
0.5239105118110237
20
0.6381893700787401
11
0.5238973622047244
21
0.6381929921259842
0
LINE
8
BLACK
6
CONTINUOUS
10
0.5238973622047244
20
0.6381929921259842
11
0.5228301968503937
21
0.6392696850393701
0
LINE
8
BLACK
6
CONTINUOUS
10
0.5228301968503937
20
0.6392696850393701
11
0.5217585433070866
21
0.6403413779527559
0
LINE
8
BLACK
6
CONTINUOUS
10
0.5217585433070866
20
0.6403413779527559
11
0.521755
21
0.6403545275590551
0
LINE
8
BLACK
6
CONTINUOUS
10
0.521755
20
0.6403545275590551
11
0.5217454724409448
21
0.6403641732283465
0
LINE
8
BLACK
6
CONTINUOUS
10
0.5217454724409448
20
0.6403641732283465
11
0.4990325984251968
21
0.6801116929133858
0
LINE
8
BLACK
6
CONTINUOUS
10
0.4990325984251968
20
0.6801116929133858
11
0.4990325984251968
21
0.6432941338582677
0
LINE
8
BLACK
6
CONTINUOUS
10
0.4990325984251968
20
0.6432941338582677
11
0.4982414173228346
21
0.6403413779527559
0
LINE
8
BLACK
6
CONTINUOUS
10
0.4982414173228346
20
0.6403413779527559
11
0.496079842519685
21
0.6381798031496063
0
LINE
8
BLACK
6
CONTINUOUS
10
0.496079842519685
20
0.6381798031496063
11
0.4931270866141732
21
0.6373886220472441
0
LINE
8
BLACK
6
CONTINUOUS
10
0.4931270866141732
20
0.6373886220472441
11
0.4901743307086614
21
0.6381798031496063
0
LINE
8
BLACK
6
CONTINUOUS
10
0.4901743307086614
20
0.6381798031496063
11
0.4880127559055118
21
0.6403413779527559
0
LINE
8
BLACK
6
CONTINUOUS
10
0.4880127559055118
20
0.6403413779527559
11
0.4872215748031496
21
0.6432941338582677
0
LINE
8
BLACK
6
CONTINUOUS
10
0.4872215748031496
20
0.6432941338582677
11
0.4872215748031496
21
0.702349251968504
0
LINE
8
BLACK
6
CONTINUOUS
10
0.4872215748031496
20
0.702349251968504
11
0.4872250787401575
21
0.7023623228346456
0
LINE
8
BLACK
6
CONTINUOUS
10
0.4872250787401575
20
0.7023623228346456
11
0.4872216141732283
21
0.7023755511811024
0
LINE
8
BLACK
6
CONTINUOUS
10
0.4872216141732283
20
0.7023755511811024
11
0.4876213779527559
21
0.7038413385826772
0
LINE
8
BLACK
6
CONTINUOUS
10
0.4876213779527559
20
0.7038413385826772
11
0.4880127559055118
21
0.7053020078740158
0
LINE
8
BLACK
6
CONTINUOUS
10
0.4880127559055118
20
0.7053020078740158
11
0.4880223228346456
21
0.7053115748031495
0
LINE
8
BLACK
6
CONTINUOUS
10
0.4880223228346456
20
0.7053115748031495
11
0.4880259448818898
21
0.7053247637795276
0
LINE
8
BLACK
6
CONTINUOUS
10
0.4880259448818898
20
0.7053247637795276
11
0.4891026377952756
21
0.7063918897637795
0
LINE
8
BLACK
6
CONTINUOUS
10
0.4891026377952756
20
0.7063918897637795
11
0.4901743307086614
21
0.7074635826771654
0
LINE
8
BLACK
6
CONTINUOUS
10
0.4901743307086614
20
0.7074635826771654
11
0.4901874803149606
21
0.7074670866141732
0
LINE
8
BLACK
6
CONTINUOUS
10
0.4901874803149606
20
0.7074670866141732
11
0.490197125984252
21
0.707476653543307
0
LINE
8
BLACK
6
CONTINUOUS
10
0.490197125984252
20
0.707476653543307
11
0.4916622834645669
21
0.7078622440944882
0
LINE
8
BLACK
6
CONTINUOUS
10
0.4916622834645669
20
0.7078622440944882
11
0.4931270866141732
21
0.7082547637795276
0
LINE
8
BLACK
6
CONTINUOUS
10
0.4931270866141732
20
0.7082547637795276
11
0.4931401574803149
21
0.7082512204724409
0
LINE
8
BLACK
6
CONTINUOUS
10
0.4931401574803149
20
0.7082512204724409
11
0.4931533858267717
21
0.7082547244094488
0
LINE
8
BLACK
6
CONTINUOUS
10
0.4931533858267717
20
0.7082547244094488
11
0.4946191732283464
21
0.7078549212598425
0
LINE
8
BLACK
6
CONTINUOUS
10
0.4946191732283464
20
0.7078549212598425
11
0.496079842519685
21
0.7074635826771654
0
LINE
8
BLACK
6
CONTINUOUS
10
0.496079842519685
20
0.7074635826771654
11
0.4960894094488189
21
0.7074539763779527
0
LINE
8
BLACK
6
CONTINUOUS
10
0.4960894094488189
20
0.7074539763779527
11
0.4961025984251968
21
0.7074503937007874
0
LINE
8
BLACK
6
CONTINUOUS
10
0.4961025984251968
20
0.7074503937007874
11
0.4971697244094488
21
0.7063736614173228
0
LINE
8
BLACK
6
CONTINUOUS
10
0.4971697244094488
20
0.7063736614173228
11
0.4982414173228346
21
0.7053020078740158
0
LINE
8
BLACK
6
CONTINUOUS
10
0.4982414173228346
20
0.7053020078740158
11
0.4982449212598425
21
0.7052888188976377
0
LINE
8
BLACK
6
CONTINUOUS
10
0.4982449212598425
20
0.7052888188976377
11
0.4982544881889764
21
0.7052792125984252
0
LINE
8
BLACK
6
CONTINUOUS
10
0.4982544881889764
20
0.7052792125984252
11
0.5209673622047244
21
0.6655317322834645
0
LINE
8
BLACK
6
CONTINUOUS
10
0.5209673622047244
20
0.6655317322834645
11
0.5209673622047244
21
0.702349251968504
0
LINE
8
BLACK
6
CONTINUOUS
10
0.5209673622047244
20
0.702349251968504
11
0.5217585433070866
21
0.7053020078740158
0
LINE
8
BLACK
6
CONTINUOUS
10
0.5217585433070866
20
0.7053020078740158
11
0.5239201181102362
21
0.7074635826771654
0
LINE
8
BLACK
6
CONTINUOUS
10
0.5239201181102362
20
0.7074635826771654
11
0.526872874015748
21
0.7082547637795276
0
LINE
8
BLACK
6
CONTINUOUS
10
0.526872874015748
20
0.7082547637795276
11
0.5298256299212598
21
0.7074635826771654
0
LINE
8
BLACK
6
CONTINUOUS
10
0.5699735433070866
20
0.7080086614173228
11
0.5709225984251969
21
0.7079516929133858
0
LINE
8
BLACK
6
CONTINUOUS
10
0.5709225984251969
20
0.7079516929133858
11
0.5793590551181103
21
0.7051395669291338
0
LINE
8
BLACK
6
CONTINUOUS
10
0.5793590551181103
20
0.7051395669291338
11
0.5804919291338583
21
0.7043915354330709
0
LINE
8
BLACK
6
CONTINUOUS
10
0.5804919291338583
20
0.7043915354330709
11
0.5816674015748031
21
0.7037129133858268
0
LINE
8
BLACK
6
CONTINUOUS
10
0.5816674015748031
20
0.7037129133858268
11
0.5872916929133858
21
0.6980886220472441
0
LINE
8
BLACK
6
CONTINUOUS
10
0.5872916929133858
20
0.6980886220472441
11
0.5877670866141732
21
0.6972651574803149
0
LINE
8
BLACK
6
CONTINUOUS
10
0.5877670866141732
20
0.6972651574803149
11
0.5883979133858268
21
0.6965538188976378
0
LINE
8
BLACK
6
CONTINUOUS
10
0.5883979133858268
20
0.6965538188976378
11
0.5912100787401575
21
0.6909295669291339
0
LINE
8
BLACK
6
CONTINUOUS
10
0.5912100787401575
20
0.6909295669291339
11
0.5913407874015748
21
0.6902907086614173
0
LINE
8
BLACK
6
CONTINUOUS
10
0.5913407874015748
20
0.6902907086614173
11
0.5916572047244094
21
0.6897207874015748
0
LINE
8
BLACK
6
CONTINUOUS
10
0.5916572047244094
20
0.6897207874015748
11
0.5944693307086614
21
0.6784722047244094
0
LINE
8
BLACK
6
CONTINUOUS
10
0.5944693307086614
20
0.6784722047244094
11
0.5944570472440944
21
0.6777437401574803
0
LINE
8
BLACK
6
CONTINUOUS
10
0.5944570472440944
20
0.6777437401574803
11
0.5946456692913386
21
0.6770399212598425
0
LINE
8
BLACK
6
CONTINUOUS
10
0.5946456692913386
20
0.6770399212598425
11
0.5946456692913386
21
0.6686034645669291
0
LINE
8
BLACK
6
CONTINUOUS
10
0.5946456692913386
20
0.6686034645669291
11
0.5944570472440944
21
0.6678996062992126
0
LINE
8
BLACK
6
CONTINUOUS
10
0.5944570472440944
20
0.6678996062992126
11
0.5944693307086614
21
0.6671711811023622
0
LINE
8
BLACK
6
CONTINUOUS
10
0.5944693307086614
20
0.6671711811023622
11
0.5916572047244094
21
0.6559225984251968
0
LINE
8
BLACK
6
CONTINUOUS
10
0.5916572047244094
20
0.6559225984251968
11
0.5913407874015748
21
0.6553526377952755
0
LINE
8
BLACK
6
CONTINUOUS
10
0.5913407874015748
20
0.6553526377952755
11
0.5912100787401575
21
0.6547138188976378
0
LINE
8
BLACK
6
CONTINUOUS
10
0.5912100787401575
20
0.6547138188976378
11
0.5883979133858268
21
0.6490895669291339
0
LINE
8
BLACK
6
CONTINUOUS
10
0.5883979133858268
20
0.6490895669291339
11
0.5877670866141732
21
0.6483781889763779
0
LINE
8
BLACK
6
CONTINUOUS
10
0.5877670866141732
20
0.6483781889763779
11
0.5872916929133858
21
0.6475547637795276
0
LINE
8
BLACK
6
CONTINUOUS
10
0.5872916929133858
20
0.6475547637795276
11
0.5816674015748031
21
0.6419304724409449
0
LINE
8
BLACK
6
CONTINUOUS
10
0.5816674015748031
20
0.6419304724409449
11
0.5804919291338583
21
0.6412518110236221
0
LINE
8
BLACK
6
CONTINUOUS
10
0.5804919291338583
20
0.6412518110236221
11
0.5793590551181103
21
0.6405038188976377
0
LINE
8
BLACK
6
CONTINUOUS
10
0.5793590551181103
20
0.6405038188976377
11
0.5709225984251969
21
0.6376916929133858
0
LINE
8
BLACK
6
CONTINUOUS
10
0.5709225984251969
20
0.6376916929133858
11
0.5699735433070866
21
0.63763468503937
0
LINE
8
BLACK
6
CONTINUOUS
10
0.5699735433070866
20
0.63763468503937
11
0.5690551181102362
21
0.6373886220472441
0
LINE
8
BLACK
6
CONTINUOUS
10
0.5690551181102362
20
0.6373886220472441
11
0.5549943700787402
21
0.6373886220472441
0
LINE
8
BLACK
6
CONTINUOUS
10
0.5549943700787402
20
0.6373886220472441
11
0.5520416141732283
21
0.6381798031496063
0
LINE
8
BLACK
6
CONTINUOUS
10
0.5520416141732283
20
0.6381798031496063
11
0.5498800393700787
21
0.6403413779527559
0
LINE
8
BLACK
6
CONTINUOUS
10
0.5498800393700787
20
0.6403413779527559
11
0.5490888582677165
21
0.6432941338582677
0
LINE
8
BLACK
6
CONTINUOUS
10
0.5490888582677165
20
0.6432941338582677
11
0.5490888582677165
21
0.702349251968504
0
LINE
8
BLACK
6
CONTINUOUS
10
0.5490888582677165
20
0.702349251968504
11
0.5498800393700787
21
0.7053020078740158
0
LINE
8
BLACK
6
CONTINUOUS
10
0.5498800393700787
20
0.7053020078740158
11
0.5520416141732283
21
0.7074635826771654
0
LINE
8
BLACK
6
CONTINUOUS
10
0.5520416141732283
20
0.7074635826771654
11
0.5549943700787402
21
0.7082547637795276
0
LINE
8
BLACK
6
CONTINUOUS
10
0.5549943700787402
20
0.7082547637795276
11
0.5690551181102362
21
0.7082547637795276
0
LINE
8
BLACK
6
CONTINUOUS
10
0.5690551181102362
20
0.7082547637795276
11
0.5699735433070866
21
0.7080086614173228
0
LINE
8
BLACK
6
CONTINUOUS
10
0.5608998818897638
20
0.6491996456692913
11
0.5680968503937007
21
0.6491996456692913
0
LINE
8
BLACK
6
CONTINUOUS
10
0.5680968503937007
20
0.6491996456692913
11
0.5743014960629921
21
0.651267874015748
0
LINE
8
BLACK
6
CONTINUOUS
10
0.5743014960629921
20
0.651267874015748
11
0.5782624015748031
21
0.6552287795275591
0
LINE
8
BLACK
6
CONTINUOUS
10
0.5782624015748031
20
0.6552287795275591
11
0.5803560629921259
21
0.6594161417322835
0
LINE
8
BLACK
6
CONTINUOUS
10
0.5803560629921259
20
0.6594161417322835
11
0.5828346456692913
21
0.6693303543307086
0
LINE
8
BLACK
6
CONTINUOUS
10
0.5828346456692913
20
0.6693303543307086
11
0.5828346456692913
21
0.6763129921259843
0
LINE
8
BLACK
6
CONTINUOUS
10
0.5828346456692913
20
0.6763129921259843
11
0.5803560629921259
21
0.6862272047244095
0
LINE
8
BLACK
6
CONTINUOUS
10
0.5803560629921259
20
0.6862272047244095
11
0.5782624015748031
21
0.6904145669291338
0
LINE
8
BLACK
6
CONTINUOUS
10
0.5782624015748031
20
0.6904145669291338
11
0.5743014960629921
21
0.6943754724409449
0
LINE
8
BLACK
6
CONTINUOUS
10
0.5743014960629921
20
0.6943754724409449
11
0.5680968503937007
21
0.6964437401574803
0
LINE
8
BLACK
6
CONTINUOUS
10
0.5680968503937007
20
0.6964437401574803
11
0.5608998818897638
21
0.6964437401574803
0
LINE
8
BLACK
6
CONTINUOUS
10
0.5608998818897638
20
0.6964437401574803
11
0.5608998818897638
21
0.6491996456692913
0
LINE
8
BLACK
6
CONTINUOUS
10
0.6606924015748031
20
0.7079034251968503
11
0.6620223622047244
21
0.7076312992125984
0
LINE
8
BLACK
6
CONTINUOUS
10
0.6620223622047244
20
0.7076312992125984
11
0.6676466535433071
21
0.7048191338582677
0
LINE
8
BLACK
6
CONTINUOUS
10
0.6676466535433071
20
0.7048191338582677
11
0.6699338582677166
21
0.7027909448818898
0
LINE
8
BLACK
6
CONTINUOUS
10
0.6699338582677166
20
0.7027909448818898
11
0.6709005511811024
21
0.699890905511811
0
LINE
8
BLACK
6
CONTINUOUS
10
0.6709005511811024
20
0.699890905511811
11
0.6702876771653543
21
0.6968960629921259
0
LINE
8
BLACK
6
CONTINUOUS
10
0.6702876771653543
20
0.6968960629921259
11
0.6682594881889764
21
0.6946088582677166
0
LINE
8
BLACK
6
CONTINUOUS
10
0.6682594881889764
20
0.6946088582677166
11
0.6653594488188976
21
0.6936421653543307
0
LINE
8
BLACK
6
CONTINUOUS
10
0.6653594488188976
20
0.6936421653543307
11
0.6623645669291338
21
0.6942550393700787
0
LINE
8
BLACK
6
CONTINUOUS
10
0.6623645669291338
20
0.6942550393700787
11
0.6579872440944882
21
0.6964437401574803
0
LINE
8
BLACK
6
CONTINUOUS
10
0.6579872440944882
20
0.6964437401574803
11
0.6519032677165354
21
0.6964437401574803
0
LINE
8
BLACK
6
CONTINUOUS
10
0.6519032677165354
20
0.6964437401574803
11
0.6456984645669291
21
0.6943754724409449
0
LINE
8
BLACK
6
CONTINUOUS
10
0.6456984645669291
20
0.6943754724409449
11
0.6417375984251968
21
0.6904146062992126
0
LINE
8
BLACK
6
CONTINUOUS
10
0.6417375984251968
20
0.6904146062992126
11
0.6396438582677165
21
0.6862272047244095
0
LINE
8
BLACK
6
CONTINUOUS
10
0.6396438582677165
20
0.6862272047244095
11
0.6371653543307086
21
0.6763129921259843
0
LINE
8
BLACK
6
CONTINUOUS
10
0.6371653543307086
20
0.6763129921259843
11
0.6371653543307086
21
0.6693303543307086
0
LINE
8
BLACK
6
CONTINUOUS
10
0.6371653543307086
20
0.6693303543307086
11
0.6396438582677165
21
0.6594161417322835
0
LINE
8
BLACK
6
CONTINUOUS
10
0.6396438582677165
20
0.6594161417322835
11
0.6417375984251968
21
0.6552287401574803
0
LINE
8
BLACK
6
CONTINUOUS
10
0.6417375984251968
20
0.6552287401574803
11
0.6456984645669291
21
0.651267874015748
0
LINE
8
BLACK
6
CONTINUOUS
10
0.6456984645669291
20
0.651267874015748
11
0.6519032677165354
21
0.6491996456692913
0
LINE
8
BLACK
6
CONTINUOUS
10
0.6519032677165354
20
0.6491996456692913
11
0.655610905511811
21
0.6491996456692913
0
LINE
8
BLACK
6
CONTINUOUS
10
0.655610905511811
20
0.6491996456692913
11
0.6618155511811024
21
0.651267874015748
0
LINE
8
BLACK
6
CONTINUOUS
10
0.6618155511811024
20
0.651267874015748
11
0.6619122440944881
21
0.6513645669291338
0
LINE
8
BLACK
6
CONTINUOUS
10
0.6619122440944881
20
0.6513645669291338
11
0.6619122440944881
21
0.6626979527559055
0
LINE
8
BLACK
6
CONTINUOUS
10
0.6619122440944881
20
0.6626979527559055
11
0.6565691732283464
21
0.6626979527559055
0
LINE
8
BLACK
6
CONTINUOUS
10
0.6565691732283464
20
0.6626979527559055
11
0.6536164173228346
21
0.6634891338582677
0
LINE
8
BLACK
6
CONTINUOUS
10
0.6536164173228346
20
0.6634891338582677
11
0.651454842519685
21
0.6656507086614173
0
LINE
8
BLACK
6
CONTINUOUS
10
0.651454842519685
20
0.6656507086614173
11
0.6506636614173228
21
0.6686034645669291
0
LINE
8
BLACK
6
CONTINUOUS
10
0.6506636614173228
20
0.6686034645669291
11
0.651454842519685
21
0.6715562204724409
0
LINE
8
BLACK
6
CONTINUOUS
10
0.651454842519685
20
0.6715562204724409
11
0.6536164173228346
21
0.6737177952755905
0
LINE
8
BLACK
6
CONTINUOUS
10
0.6536164173228346
20
0.6737177952755905
11
0.6565691732283464
21
0.6745089763779527
0
LINE
8
BLACK
6
CONTINUOUS
10
0.6565691732283464
20
0.6745089763779527
11
0.6678177559055118
21
0.6745089763779527
0
LINE
8
BLACK
6
CONTINUOUS
10
0.6678177559055118
20
0.6745089763779527
11
0.6707705118110237
21
0.6737177952755905
0
LINE
8
BLACK
6
CONTINUOUS
10
0.6707705118110237
20
0.6737177952755905
11
0.6729320866141733
21
0.6715562204724409
0
LINE
8
BLACK
6
CONTINUOUS
10
0.6729320866141733
20
0.6715562204724409
11
0.6737232677165355
21
0.6686034645669291
0
LINE
8
BLACK
6
CONTINUOUS
10
0.6737232677165355
20
0.6686034645669291
11
0.6737232677165355
21
0.6489184251968504
0
LINE
8
BLACK
6
CONTINUOUS
10
0.6737232677165355
20
0.6489184251968504
11
0.6735220472440945
21
0.6481674409448819
0
LINE
8
BLACK
6
CONTINUOUS
10
0.6735220472440945
20
0.6481674409448819
11
0.6735220472440945
21
0.6473899606299213
0
LINE
8
BLACK
6
CONTINUOUS
10
0.6735220472440945
20
0.6473899606299213
11
0.6731333070866141
21
0.6467166141732283
0
LINE
8
BLACK
6
CONTINUOUS
10
0.6731333070866141
20
0.6467166141732283
11
0.6729320866141733
21
0.6459656692913386
0
LINE
8
BLACK
6
CONTINUOUS
10
0.6729320866141733
20
0.6459656692913386
11
0.672382283464567
21
0.6454158661417323
0
LINE
8
BLACK
6
CONTINUOUS
10
0.672382283464567
20
0.6454158661417323
11
0.6719935826771654
21
0.6447425984251969
0
LINE
8
BLACK
6
CONTINUOUS
10
0.6719935826771654
20
0.6447425984251969
11
0.6691814566929134
21
0.6419304724409449
0
LINE
8
BLACK
6
CONTINUOUS
10
0.6691814566929134
20
0.6419304724409449
11
0.6680059842519684
21
0.6412518110236221
0
LINE
8
BLACK
6
CONTINUOUS
10
0.6680059842519684
20
0.6412518110236221
11
0.6668731102362204
21
0.6405038188976377
0
LINE
8
BLACK
6
CONTINUOUS
10
0.6668731102362204
20
0.6405038188976377
11
0.658436653543307
21
0.6376916929133858
0
LINE
8
BLACK
6
CONTINUOUS
10
0.658436653543307
20
0.6376916929133858
11
0.6574875984251969
21
0.63763468503937
0
LINE
8
BLACK
6
CONTINUOUS
10
0.6574875984251969
20
0.63763468503937
11
0.6565691732283464
21
0.6373886220472441
0
LINE
8
BLACK
6
CONTINUOUS
10
0.6565691732283464
20
0.6373886220472441
11
0.6509448818897637
21
0.6373886220472441
0
LINE
8
BLACK
6
CONTINUOUS
10
0.6509448818897637
20
0.6373886220472441
11
0.6500264173228346
21
0.63763468503937
0
LINE
8
BLACK
6
CONTINUOUS
10
0.6500264173228346
20
0.63763468503937
11
0.6490773622047243
21
0.6376916929133858
0
LINE
8
BLACK
6
CONTINUOUS
10
0.6490773622047243
20
0.6376916929133858
11
0.6406409448818897
21
0.6405038582677165
0
LINE
8
BLACK
6
CONTINUOUS
10
0.6406409448818897
20
0.6405038582677165
11
0.6395081496062992
21
0.6412517322834645
0
LINE
8
BLACK
6
CONTINUOUS
10
0.6395081496062992
20
0.6412517322834645
11
0.6383325984251969
21
0.6419304724409449
0
LINE
8
BLACK
6
CONTINUOUS
10
0.6383325984251969
20
0.6419304724409449
11
0.6327083070866142
21
0.6475547637795276
0
LINE
8
BLACK
6
CONTINUOUS
10
0.6327083070866142
20
0.6475547637795276
11
0.632232874015748
21
0.6483781889763779
0
LINE
8
BLACK
6
CONTINUOUS
10
0.632232874015748
20
0.6483781889763779
11
0.6316020866141732
21
0.6490895669291339
0
LINE
8
BLACK
6
CONTINUOUS
10
0.6316020866141732
20
0.6490895669291339
11
0.6287899212598425
21
0.6547138582677166
0
LINE
8
BLACK
6
CONTINUOUS
10
0.6287899212598425
20
0.6547138582677166
11
0.6286591732283464
21
0.6553525984251969
0
LINE
8
BLACK
6
CONTINUOUS
10
0.6286591732283464
20
0.6553525984251969
11
0.6283427952755906
21
0.6559225984251968
0
LINE
8
BLACK
6
CONTINUOUS
10
0.6283427952755906
20
0.6559225984251968
11
0.6255306692913386
21
0.6671711811023622
0
LINE
8
BLACK
6
CONTINUOUS
10
0.6255306692913386
20
0.6671711811023622
11
0.6255429133858268
21
0.6678996062992126
0
LINE
8
BLACK
6
CONTINUOUS
10
0.6255429133858268
20
0.6678996062992126
11
0.6253543307086614
21
0.6686034645669291
0
LINE
8
BLACK
6
CONTINUOUS
10
0.6253543307086614
20
0.6686034645669291
11
0.6253543307086614
21
0.6770399212598425
0
LINE
8
BLACK
6
CONTINUOUS
10
0.6253543307086614
20
0.6770399212598425
11
0.6255429133858268
21
0.6777437401574803
0
LINE
8
BLACK
6
CONTINUOUS
10
0.6255429133858268
20
0.6777437401574803
11
0.6255306692913386
21
0.6784722047244094
0
LINE
8
BLACK
6
CONTINUOUS
10
0.6255306692913386
20
0.6784722047244094
11
0.6283427952755906
21
0.6897207874015748
0
LINE
8
BLACK
6
CONTINUOUS
10
0.6283427952755906
20
0.6897207874015748
11
0.6286591732283464
21
0.690290748031496
0
LINE
8
BLACK
6
CONTINUOUS
10
0.6286591732283464
20
0.690290748031496
11
0.6287899212598425
21
0.6909295275590551
0
LINE
8
BLACK
6
CONTINUOUS
10
0.6287899212598425
20
0.6909295275590551
11
0.6316020866141732
21
0.6965538188976378
0
LINE
8
BLACK
6
CONTINUOUS
10
0.6316020866141732
20
0.6965538188976378
11
0.632232874015748
21
0.6972651574803149
0
LINE
8
BLACK
6
CONTINUOUS
10
0.632232874015748
20
0.6972651574803149
11
0.6327083070866142
21
0.6980886220472441
0
LINE
8
BLACK
6
CONTINUOUS
10
0.6327083070866142
20
0.6980886220472441
11
0.6383325984251969
21
0.7037129133858268
0
LINE
8
BLACK
6
CONTINUOUS
10
0.6383325984251969
20
0.7037129133858268
11
0.6395081496062992
21
0.7043916141732284
0
LINE
8
BLACK
6
CONTINUOUS
10
0.6395081496062992
20
0.7043916141732284
11
0.6406409448818897
21
0.7051395275590551
0
LINE
8
BLACK
6
CONTINUOUS
10
0.6406409448818897
20
0.7051395275590551
11
0.6490773622047243
21
0.7079516929133858
0
LINE
8
BLACK
6
CONTINUOUS
10
0.6490773622047243
20
0.7079516929133858
11
0.6500264173228346
21
0.7080086614173228
0
LINE
8
BLACK
6
CONTINUOUS
10
0.6500264173228346
20
0.7080086614173228
11
0.6509448818897637
21
0.7082547637795276
0
LINE
8
BLACK
6
CONTINUOUS
10
0.6509448818897637
20
0.7082547637795276
11
0.6593813385826771
21
0.7082547637795276
0
LINE
8
BLACK
6
CONTINUOUS
10
0.6593813385826771
20
0.7082547637795276
11
0.6606924015748031
21
0.7079034251968503
0
LINE
8
BLACK
6
CONTINUOUS
10
0.7298256299212599
20
0.7074635826771654
11
0.7319872047244095
21
0.7053020078740158
0
LINE
8
BLACK
6
CONTINUOUS
10
0.7319872047244095
20
0.7053020078740158
11
0.7327783858267717
21
0.702349251968504
0
LINE
8
BLACK
6
CONTINUOUS
10
0.7327783858267717
20
0.702349251968504
11
0.7327783858267717
21
0.6432941338582677
0
LINE
8
BLACK
6
CONTINUOUS
10
0.7327783858267717
20
0.6432941338582677
11
0.7327748425196851
21
0.6432810236220472
0
LINE
8
BLACK
6
CONTINUOUS
10
0.7327748425196851
20
0.6432810236220472
11
0.7327783464566929
21
0.6432678346456693
0
LINE
8
BLACK
6
CONTINUOUS
10
0.7327783464566929
20
0.6432678346456693
11
0.7323785433070866
21
0.6418020078740158
0
LINE
8
BLACK
6
CONTINUOUS
10
0.7323785433070866
20
0.6418020078740158
11
0.7319872047244095
21
0.6403413779527559
0
LINE
8
BLACK
6
CONTINUOUS
10
0.7319872047244095
20
0.6403413779527559
11
0.7319775984251968
21
0.6403317716535433
0
LINE
8
BLACK
6
CONTINUOUS
10
0.7319775984251968
20
0.6403317716535433
11
0.7319740157480314
21
0.6403186220472441
0
LINE
8
BLACK
6
CONTINUOUS
10
0.7319740157480314
20
0.6403186220472441
11
0.7308950787401575
21
0.6392492519685039
0
LINE
8
BLACK
6
CONTINUOUS
10
0.7308950787401575
20
0.6392492519685039
11
0.7298256299212599
21
0.6381798031496063
0
LINE
8
BLACK
6
CONTINUOUS
10
0.7298256299212599
20
0.6381798031496063
11
0.7298124803149606
21
0.6381762598425197
0
LINE
8
BLACK
6
CONTINUOUS
10
0.7298124803149606
20
0.6381762598425197
11
0.7298028346456693
21
0.6381666929133858
0
LINE
8
BLACK
6
CONTINUOUS
10
0.7298028346456693
20
0.6381666929133858
11
0.7283334645669292
21
0.6377799606299213
0
LINE
8
BLACK
6
CONTINUOUS
10
0.7283334645669292
20
0.6377799606299213
11
0.726872874015748
21
0.6373886220472441
0
LINE
8
BLACK
6
CONTINUOUS
10
0.726872874015748
20
0.6373886220472441
11
0.7268597637795275
21
0.637392125984252
0
LINE
8
BLACK
6
CONTINUOUS
10
0.7268597637795275
20
0.637392125984252
11
0.7268465748031496
21
0.6373886614173229
0
LINE
8
BLACK
6
CONTINUOUS
10
0.7268465748031496
20
0.6373886614173229
11
0.725380748031496
21
0.6377884251968504
0
LINE
8
BLACK
6
CONTINUOUS
10
0.725380748031496
20
0.6377884251968504
11
0.7239201181102362
21
0.6381798031496063
0
LINE
8
BLACK
6
CONTINUOUS
10
0.7239201181102362
20
0.6381798031496063
11
0.7239105118110236
21
0.6381893700787401
0
LINE
8
BLACK
6
CONTINUOUS
10
0.7239105118110236
20
0.6381893700787401
11
0.7238973622047244
21
0.6381929921259842
0
LINE
8
BLACK
6
CONTINUOUS
10
0.7238973622047244
20
0.6381929921259842
11
0.7228301968503937
21
0.6392696850393701
0
LINE
8
BLACK
6
CONTINUOUS
10
0.7228301968503937
20
0.6392696850393701
11
0.7217585433070866
21
0.6403413779527559
0
LINE
8
BLACK
6
CONTINUOUS
10
0.7217585433070866
20
0.6403413779527559
11
0.721755
21
0.6403545275590551
0
LINE
8
BLACK
6
CONTINUOUS
10
0.721755
20
0.6403545275590551
11
0.7217454724409449
21
0.6403641732283465
0
LINE
8
BLACK
6
CONTINUOUS
10
0.7217454724409449
20
0.6403641732283465
11
0.6990325984251968
21
0.6801116929133858
0
LINE
8
BLACK
6
CONTINUOUS
10
0.6990325984251968
20
0.6801116929133858
11
0.6990325984251968
21
0.6432941338582677
0
LINE
8
BLACK
6
CONTINUOUS
10
0.6990325984251968
20
0.6432941338582677
11
0.6982414173228346
21
0.6403413779527559
0
LINE
8
BLACK
6
CONTINUOUS
10
0.6982414173228346
20
0.6403413779527559
11
0.696079842519685
21
0.6381798031496063
0
LINE
8
BLACK
6
CONTINUOUS
10
0.696079842519685
20
0.6381798031496063
11
0.6931270866141732
21
0.6373886220472441
0
LINE
8
BLACK
6
CONTINUOUS
10
0.6931270866141732
20
0.6373886220472441
11
0.6901743307086614
21
0.6381798031496063
0
LINE
8
BLACK
6
CONTINUOUS
10
0.6901743307086614
20
0.6381798031496063
11
0.6880127559055118
21
0.6403413779527559
0
LINE
8
BLACK
6
CONTINUOUS
10
0.6880127559055118
20
0.6403413779527559
11
0.6872215748031496
21
0.6432941338582677
0
LINE
8
BLACK
6
CONTINUOUS
10
0.6872215748031496
20
0.6432941338582677
11
0.6872215748031496
21
0.702349251968504
0
LINE
8
BLACK
6
CONTINUOUS
10
0.6872215748031496
20
0.702349251968504
11
0.6872250787401575
21
0.7023623228346456
0
LINE
8
BLACK
6
CONTINUOUS
10
0.6872250787401575
20
0.7023623228346456
11
0.6872216141732284
21
0.7023755511811024
0
LINE
8
BLACK
6
CONTINUOUS
10
0.6872216141732284
20
0.7023755511811024
11
0.6876213779527559
21
0.7038413385826772
0
LINE
8
BLACK
6
CONTINUOUS
10
0.6876213779527559
20
0.7038413385826772
11
0.6880127559055118
21
0.7053020078740158
0
LINE
8
BLACK
6
CONTINUOUS
10
0.6880127559055118
20
0.7053020078740158
11
0.6880223228346457
21
0.7053115748031495
0
LINE
8
BLACK
6
CONTINUOUS
10
0.6880223228346457
20
0.7053115748031495
11
0.6880259448818897
21
0.7053247637795276
0
LINE
8
BLACK
6
CONTINUOUS
10
0.6880259448818897
20
0.7053247637795276
11
0.6891026377952756
21
0.7063918897637795
0
LINE
8
BLACK
6
CONTINUOUS
10
0.6891026377952756
20
0.7063918897637795
11
0.6901743307086614
21
0.7074635826771654
0
LINE
8
BLACK
6
CONTINUOUS
10
0.6901743307086614
20
0.7074635826771654
11
0.6901874803149606
21
0.7074670866141732
0
LINE
8
BLACK
6
CONTINUOUS
10
0.6901874803149606
20
0.7074670866141732
11
0.690197125984252
21
0.707476653543307
0
LINE
8
BLACK
6
CONTINUOUS
10
0.690197125984252
20
0.707476653543307
11
0.6916622834645669
21
0.7078622440944882
0
LINE
8
BLACK
6
CONTINUOUS
10
0.6916622834645669
20
0.7078622440944882
11
0.6931270866141732
21
0.7082547637795276
0
LINE
8
BLACK
6
CONTINUOUS
10
0.6931270866141732
20
0.7082547637795276
11
0.693140157480315
21
0.7082512204724409
0
LINE
8
BLACK
6
CONTINUOUS
10
0.693140157480315
20
0.7082512204724409
11
0.6931533858267717
21
0.7082547244094488
0
LINE
8
BLACK
6
CONTINUOUS
10
0.6931533858267717
20
0.7082547244094488
11
0.6946191732283464
21
0.7078549212598425
0
LINE
8
BLACK
6
CONTINUOUS
10
0.6946191732283464
20
0.7078549212598425
11
0.696079842519685
21
0.7074635826771654
0
LINE
8
BLACK
6
CONTINUOUS
10
0.696079842519685
20
0.7074635826771654
11
0.6960894094488189
21
0.7074539763779527
0
LINE
8
BLACK
6
CONTINUOUS
10
0.6960894094488189
20
0.7074539763779527
11
0.6961025984251968
21
0.7074503937007874
0
LINE
8
BLACK
6
CONTINUOUS
10
0.6961025984251968
20
0.7074503937007874
11
0.6971697244094488
21
0.7063736614173228
0
LINE
8
BLACK
6
CONTINUOUS
10
0.6971697244094488
20
0.7063736614173228
11
0.6982414173228346
21
0.7053020078740158
0
LINE
8
BLACK
6
CONTINUOUS
10
0.6982414173228346
20
0.7053020078740158
11
0.6982449212598425
21
0.7052888188976377
0
LINE
8
BLACK
6
CONTINUOUS
10
0.6982449212598425
20
0.7052888188976377
11
0.6982544881889764
21
0.7052792125984252
0
LINE
8
BLACK
6
CONTINUOUS
10
0.6982544881889764
20
0.7052792125984252
11
0.7209673622047243
21
0.6655317322834645
0
LINE
8
BLACK
6
CONTINUOUS
10
0.7209673622047243
20
0.6655317322834645
11
0.7209673622047243
21
0.702349251968504
0
LINE
8
BLACK
6
CONTINUOUS
10
0.7209673622047243
20
0.702349251968504
11
0.7217585433070866
21
0.7053020078740158
0
LINE
8
BLACK
6
CONTINUOUS
10
0.7217585433070866
20
0.7053020078740158
11
0.7239201181102362
21
0.7074635826771654
0
LINE
8
BLACK
6
CONTINUOUS
10
0.7239201181102362
20
0.7074635826771654
11
0.726872874015748
21
0.7082547637795276
0
LINE
8
BLACK
6
CONTINUOUS
10
0.726872874015748
20
0.7082547637795276
11
0.7298256299212599
21
0.7074635826771654
0
LINE
8
BLACK
6
CONTINUOUS
10
0.7699735433070866
20
0.7080086614173228
11
0.7709225984251968
21
0.7079516929133858
0
LINE
8
BLACK
6
CONTINUOUS
10
0.7709225984251968
20
0.7079516929133858
11
0.7793590551181102
21
0.7051395669291338
0
LINE
8
BLACK
6
CONTINUOUS
10
0.7793590551181102
20
0.7051395669291338
11
0.7804919291338582
21
0.7043915354330709
0
LINE
8
BLACK
6
CONTINUOUS
10
0.7804919291338582
20
0.7043915354330709
11
0.7816674015748031
21
0.7037129133858268
0
LINE
8
BLACK
6
CONTINUOUS
10
0.7816674015748031
20
0.7037129133858268
11
0.7872916929133859
21
0.6980886220472441
0
LINE
8
BLACK
6
CONTINUOUS
10
0.7872916929133859
20
0.6980886220472441
11
0.7877670866141732
21
0.6972651574803149
0
LINE
8
BLACK
6
CONTINUOUS
10
0.7877670866141732
20
0.6972651574803149
11
0.7883979133858268
21
0.6965538188976378
0
LINE
8
BLACK
6
CONTINUOUS
10
0.7883979133858268
20
0.6965538188976378
11
0.7912100787401575
21
0.6909295669291339
0
LINE
8
BLACK
6
CONTINUOUS
10
0.7912100787401575
20
0.6909295669291339
11
0.7913407874015748
21
0.6902907086614173
0
LINE
8
BLACK
6
CONTINUOUS
10
0.7913407874015748
20
0.6902907086614173
11
0.7916572047244095
21
0.6897207874015748
0
LINE
8
BLACK
6
CONTINUOUS
10
0.7916572047244095
20
0.6897207874015748
11
0.7944693307086614
21
0.6784722047244094
0
LINE
8
BLACK
6
CONTINUOUS
10
0.7944693307086614
20
0.6784722047244094
11
0.7944570472440945
21
0.6777437401574803
0
LINE
8
BLACK
6
CONTINUOUS
10
0.7944570472440945
20
0.6777437401574803
11
0.7946456692913386
21
0.6770399212598425
0
LINE
8
BLACK
6
CONTINUOUS
10
0.7946456692913386
20
0.6770399212598425
11
0.7946456692913386
21
0.6686034645669291
0
LINE
8
BLACK
6
CONTINUOUS
10
0.7946456692913386
20
0.6686034645669291
11
0.7944570472440945
21
0.6678996062992126
0
LINE
8
BLACK
6
CONTINUOUS
10
0.7944570472440945
20
0.6678996062992126
11
0.7944693307086614
21
0.6671711811023622
0
LINE
8
BLACK
6
CONTINUOUS
10
0.7944693307086614
20
0.6671711811023622
11
0.7916572047244095
21
0.6559225984251968
0
LINE
8
BLACK
6
CONTINUOUS
10
0.7916572047244095
20
0.6559225984251968
11
0.7913407874015748
21
0.6553526377952755
0
LINE
8
BLACK
6
CONTINUOUS
10
0.7913407874015748
20
0.6553526377952755
11
0.7912100787401575
21
0.6547138188976378
0
LINE
8
BLACK
6
CONTINUOUS
10
0.7912100787401575
20
0.6547138188976378
11
0.7883979133858268
21
0.6490895669291339
0
LINE
8
BLACK
6
CONTINUOUS
10
0.7883979133858268
20
0.6490895669291339
11
0.7877670866141732
21
0.6483781889763779
0
LINE
8
BLACK
6
CONTINUOUS
10
0.7877670866141732
20
0.6483781889763779
11
0.7872916929133859
21
0.6475547637795276
0
LINE
8
BLACK
6
CONTINUOUS
10
0.7872916929133859
20
0.6475547637795276
11
0.7816674015748031
21
0.6419304724409449
0
LINE
8
BLACK
6
CONTINUOUS
10
0.7816674015748031
20
0.6419304724409449
11
0.7804919291338582
21
0.6412518110236221
0
LINE
8
BLACK
6
CONTINUOUS
10
0.7804919291338582
20
0.6412518110236221
11
0.7793590551181102
21
0.6405038188976377
0
LINE
8
BLACK
6
CONTINUOUS
10
0.7793590551181102
20
0.6405038188976377
11
0.7709225984251968
21
0.6376916929133858
0
LINE
8
BLACK
6
CONTINUOUS
10
0.7709225984251968
20
0.6376916929133858
11
0.7699735433070866
21
0.63763468503937
0
LINE
8
BLACK
6
CONTINUOUS
10
0.7699735433070866
20
0.63763468503937
11
0.7690551181102362
21
0.6373886220472441
0
LINE
8
BLACK
6
CONTINUOUS
10
0.7690551181102362
20
0.6373886220472441
11
0.7549943700787402
21
0.6373886220472441
0
LINE
8
BLACK
6
CONTINUOUS
10
0.7549943700787402
20
0.6373886220472441
11
0.7520416141732283
21
0.6381798031496063
0
LINE
8
BLACK
6
CONTINUOUS
10
0.7520416141732283
20
0.6381798031496063
11
0.7498800393700787
21
0.6403413779527559
0
LINE
8
BLACK
6
CONTINUOUS
10
0.7498800393700787
20
0.6403413779527559
11
0.7490888582677165
21
0.6432941338582677
0
LINE
8
BLACK
6
CONTINUOUS
10
0.7490888582677165
20
0.6432941338582677
11
0.7490888582677165
21
0.702349251968504
0
LINE
8
BLACK
6
CONTINUOUS
10
0.7490888582677165
20
0.702349251968504
11
0.7498800393700787
21
0.7053020078740158
0
LINE
8
BLACK
6
CONTINUOUS
10
0.7498800393700787
20
0.7053020078740158
11
0.7520416141732283
21
0.7074635826771654
0
LINE
8
BLACK
6
CONTINUOUS
10
0.7520416141732283
20
0.7074635826771654
11
0.7549943700787402
21
0.7082547637795276
0
LINE
8
BLACK
6
CONTINUOUS
10
0.7549943700787402
20
0.7082547637795276
11
0.7690551181102362
21
0.7082547637795276
0
LINE
8
BLACK
6
CONTINUOUS
10
0.7690551181102362
20
0.7082547637795276
11
0.7699735433070866
21
0.7080086614173228
0
LINE
8
BLACK
6
CONTINUOUS
10
0.7608998818897638
20
0.6491996456692913
11
0.7680968503937008
21
0.6491996456692913
0
LINE
8
BLACK
6
CONTINUOUS
10
0.7680968503937008
20
0.6491996456692913
11
0.7743014960629921
21
0.651267874015748
0
LINE
8
BLACK
6
CONTINUOUS
10
0.7743014960629921
20
0.651267874015748
11
0.7782624015748031
21
0.6552287795275591
0
LINE
8
BLACK
6
CONTINUOUS
10
0.7782624015748031
20
0.6552287795275591
11
0.780356062992126
21
0.6594161417322835
0
LINE
8
BLACK
6
CONTINUOUS
10
0.780356062992126
20
0.6594161417322835
11
0.7828346456692913
21
0.6693303543307086
0
LINE
8
BLACK
6
CONTINUOUS
10
0.7828346456692913
20
0.6693303543307086
11
0.7828346456692913
21
0.6763129921259843
0
LINE
8
BLACK
6
CONTINUOUS
10
0.7828346456692913
20
0.6763129921259843
11
0.780356062992126
21
0.6862272047244095
0
LINE
8
BLACK
6
CONTINUOUS
10
0.780356062992126
20
0.6862272047244095
11
0.7782624015748031
21
0.6904145669291338
0
LINE
8
BLACK
6
CONTINUOUS
10
0.7782624015748031
20
0.6904145669291338
11
0.7743014960629921
21
0.6943754724409449
0
LINE
8
BLACK
6
CONTINUOUS
10
0.7743014960629921
20
0.6943754724409449
11
0.7680968503937008
21
0.6964437401574803
0
LINE
8
BLACK
6
CONTINUOUS
10
0.7680968503937008
20
0.6964437401574803
11
0.7608998818897638
21
0.6964437401574803
0
LINE
8
BLACK
6
CONTINUOUS
10
0.7608998818897638
20
0.6964437401574803
11
0.7608998818897638
21
0.6491996456692913
0
LINE
8
BLACK
6
CONTINUOUS
10
0.9158653937007873
20
0.7080086614173228
11
0.9168144488188976
21
0.7079516929133858
0
LINE
8
BLACK
6
CONTINUOUS
10
0.9168144488188976
20
0.7079516929133858
11
0.925250905511811
21
0.7051395669291338
0
LINE
8
BLACK
6
CONTINUOUS
10
0.925250905511811
20
0.7051395669291338
11
0.926383779527559
21
0.7043915354330709
0
LINE
8
BLACK
6
CONTINUOUS
10
0.926383779527559
20
0.7043915354330709
11
0.9275592519685039
21
0.7037129133858268
0
LINE
8
BLACK
6
CONTINUOUS
10
0.9275592519685039
20
0.7037129133858268
11
0.9303713779527559
21
0.7009007874015748
0
LINE
8
BLACK
6
CONTINUOUS
10
0.9303713779527559
20
0.7009007874015748
11
0.9318998425196851
21
0.6982534251968504
0
LINE
8
BLACK
6
CONTINUOUS
10
0.9318998425196851
20
0.6982534251968504
11
0.9318998425196851
21
0.6951964960629922
0
LINE
8
BLACK
6
CONTINUOUS
10
0.9318998425196851
20
0.6951964960629922
11
0.9303713779527559
21
0.6925491338582677
0
LINE
8
BLACK
6
CONTINUOUS
10
0.9303713779527559
20
0.6925491338582677
11
0.9277240157480314
21
0.6910206692913385
0
LINE
8
BLACK
6
CONTINUOUS
10
0.9277240157480314
20
0.6910206692913385
11
0.9246670866141732
21
0.6910206692913385
0
LINE
8
BLACK
6
CONTINUOUS
10
0.9246670866141732
20
0.6910206692913385
11
0.9220197244094488
21
0.6925491338582677
0
LINE
8
BLACK
6
CONTINUOUS
10
0.9220197244094488
20
0.6925491338582677
11
0.9201933464566929
21
0.6943754724409449
0
LINE
8
BLACK
6
CONTINUOUS
10
0.9201933464566929
20
0.6943754724409449
11
0.9139887007874016
21
0.6964437401574803
0
LINE
8
BLACK
6
CONTINUOUS
10
0.9139887007874016
20
0.6964437401574803
11
0.910281062992126
21
0.6964437401574803
0
LINE
8
BLACK
6
CONTINUOUS
10
0.910281062992126
20
0.6964437401574803
11
0.9040762598425197
21
0.6943754724409449
0
LINE
8
BLACK
6
CONTINUOUS
10
0.9040762598425197
20
0.6943754724409449
11
0.9001153937007874
21
0.6904146062992126
0
LINE
8
BLACK
6
CONTINUOUS
10
0.9001153937007874
20
0.6904146062992126
11
0.8980216535433071
21
0.6862272047244095
0
LINE
8
BLACK
6
CONTINUOUS
10
0.8980216535433071
20
0.6862272047244095
11
0.8955431496062992
21
0.6763129921259843
0
LINE
8
BLACK
6
CONTINUOUS
10
0.8955431496062992
20
0.6763129921259843
11
0.8955431496062992
21
0.6693303543307086
0
LINE
8
BLACK
6
CONTINUOUS
10
0.8955431496062992
20
0.6693303543307086
11
0.8980216535433071
21
0.6594161417322835
0
LINE
8
BLACK
6
CONTINUOUS
10
0.8980216535433071
20
0.6594161417322835
11
0.9001153937007874
21
0.6552287401574803
0
LINE
8
BLACK
6
CONTINUOUS
10
0.9001153937007874
20
0.6552287401574803
11
0.9040762598425197
21
0.651267874015748
0
LINE
8
BLACK
6
CONTINUOUS
10
0.9040762598425197
20
0.651267874015748
11
0.910281062992126
21
0.6491996456692913
0
LINE
8
BLACK
6
CONTINUOUS
10
0.910281062992126
20
0.6491996456692913
11
0.9139887007874016
21
0.6491996456692913
0
LINE
8
BLACK
6
CONTINUOUS
10
0.9139887007874016
20
0.6491996456692913
11
0.9201933464566929
21
0.651267874015748
0
LINE
8
BLACK
6
CONTINUOUS
10
0.9201933464566929
20
0.651267874015748
11
0.9220197244094488
21
0.6530942519685039
0
LINE
8
BLACK
6
CONTINUOUS
10
0.9220197244094488
20
0.6530942519685039
11
0.9246670866141732
21
0.654622716535433
0
LINE
8
BLACK
6
CONTINUOUS
10
0.9246670866141732
20
0.654622716535433
11
0.9277240157480314
21
0.654622716535433
0
LINE
8
BLACK
6
CONTINUOUS
10
0.9277240157480314
20
0.654622716535433
11
0.9303713779527559
21
0.6530942519685039
0
LINE
8
BLACK
6
CONTINUOUS
10
0.9303713779527559
20
0.6530942519685039
11
0.9318998425196851
21
0.6504468897637795
0
LINE
8
BLACK
6
CONTINUOUS
10
0.9318998425196851
20
0.6504468897637795
11
0.9318998425196851
21
0.6473899606299213
0
LINE
8
BLACK
6
CONTINUOUS
10
0.9318998425196851
20
0.6473899606299213
11
0.9303713779527559
21
0.6447425984251969
0
LINE
8
BLACK
6
CONTINUOUS
10
0.9303713779527559
20
0.6447425984251969
11
0.9275592519685039
21
0.6419304724409449
0
LINE
8
BLACK
6
CONTINUOUS
10
0.9275592519685039
20
0.6419304724409449
11
0.926383779527559
21
0.6412518110236221
0
LINE
8
BLACK
6
CONTINUOUS
10
0.926383779527559
20
0.6412518110236221
11
0.925250905511811
21
0.6405038188976377
0
LINE
8
BLACK
6
CONTINUOUS
10
0.925250905511811
20
0.6405038188976377
11
0.9168144488188976
21
0.6376916929133858
0
LINE
8
BLACK
6
CONTINUOUS
10
0.9168144488188976
20
0.6376916929133858
11
0.9158653937007873
21
0.63763468503937
0
LINE
8
BLACK
6
CONTINUOUS
10
0.9158653937007873
20
0.63763468503937
11
0.914946968503937
21
0.6373886220472441
0
LINE
8
BLACK
6
CONTINUOUS
10
0.914946968503937
20
0.6373886220472441
11
0.9093226771653543
21
0.6373886220472441
0
LINE
8
BLACK
6
CONTINUOUS
10
0.9093226771653543
20
0.6373886220472441
11
0.9084042125984252
21
0.63763468503937
0
LINE
8
BLACK
6
CONTINUOUS
10
0.9084042125984252
20
0.63763468503937
11
0.9074551574803149
21
0.6376916929133858
0
LINE
8
BLACK
6
CONTINUOUS
10
0.9074551574803149
20
0.6376916929133858
11
0.8990187401574803
21
0.6405038582677165
0
LINE
8
BLACK
6
CONTINUOUS
10
0.8990187401574803
20
0.6405038582677165
11
0.8978859448818898
21
0.6412517322834645
0
LINE
8
BLACK
6
CONTINUOUS
10
0.8978859448818898
20
0.6412517322834645
11
0.8967103937007874
21
0.6419304724409449
0
LINE
8
BLACK
6
CONTINUOUS
10
0.8967103937007874
20
0.6419304724409449
11
0.8910861023622048
21
0.6475547637795276
0
LINE
8
BLACK
6
CONTINUOUS
10
0.8910861023622048
20
0.6475547637795276
11
0.8906106692913386
21
0.6483781889763779
0
LINE
8
BLACK
6
CONTINUOUS
10
0.8906106692913386
20
0.6483781889763779
11
0.8899798818897637
21
0.6490895669291339
0
LINE
8
BLACK
6
CONTINUOUS
10
0.8899798818897637
20
0.6490895669291339
11
0.887167716535433
21
0.6547138582677166
0
LINE
8
BLACK
6
CONTINUOUS
10
0.887167716535433
20
0.6547138582677166
11
0.887036968503937
21
0.6553525984251969
0
LINE
8
BLACK
6
CONTINUOUS
10
0.887036968503937
20
0.6553525984251969
11
0.8867205905511811
21
0.6559225984251968
0
LINE
8
BLACK
6
CONTINUOUS
10
0.8867205905511811
20
0.6559225984251968
11
0.8839084645669291
21
0.6671711811023622
0
LINE
8
BLACK
6
CONTINUOUS
10
0.8839084645669291
20
0.6671711811023622
11
0.8839207086614173
21
0.6678996062992126
0
LINE
8
BLACK
6
CONTINUOUS
10
0.8839207086614173
20
0.6678996062992126
11
0.883732125984252
21
0.6686034645669291
0
LINE
8
BLACK
6
CONTINUOUS
10
0.883732125984252
20
0.6686034645669291
11
0.883732125984252
21
0.6770399212598425
0
LINE
8
BLACK
6
CONTINUOUS
10
0.883732125984252
20
0.6770399212598425
11
0.8839207086614173
21
0.6777437401574803
0
LINE
8
BLACK
6
CONTINUOUS
10
0.8839207086614173
20
0.6777437401574803
11
0.8839084645669291
21
0.6784722047244094
0
LINE
8
BLACK
6
CONTINUOUS
10
0.8839084645669291
20
0.6784722047244094
11
0.8867205905511811
21
0.6897207874015748
0
LINE
8
BLACK
6
CONTINUOUS
10
0.8867205905511811
20
0.6897207874015748
11
0.887036968503937
21
0.690290748031496
0
LINE
8
BLACK
6
CONTINUOUS
10
0.887036968503937
20
0.690290748031496
11
0.887167716535433
21
0.6909295275590551
0
LINE
8
BLACK
6
CONTINUOUS
10
0.887167716535433
20
0.6909295275590551
11
0.8899798818897637
21
0.6965538188976378
0
LINE
8
BLACK
6
CONTINUOUS
10
0.8899798818897637
20
0.6965538188976378
11
0.8906106692913386
21
0.6972651574803149
0
LINE
8
BLACK
6
CONTINUOUS
10
0.8906106692913386
20
0.6972651574803149
11
0.8910861023622048
21
0.6980886220472441
0
LINE
8
BLACK
6
CONTINUOUS
10
0.8910861023622048
20
0.6980886220472441
11
0.8967103937007874
21
0.7037129133858268
0
LINE
8
BLACK
6
CONTINUOUS
10
0.8967103937007874
20
0.7037129133858268
11
0.8978859448818898
21
0.7043916141732284
0
LINE
8
BLACK
6
CONTINUOUS
10
0.8978859448818898
20
0.7043916141732284
11
0.8990187401574803
21
0.7051395275590551
0
LINE
8
BLACK
6
CONTINUOUS
10
0.8990187401574803
20
0.7051395275590551
11
0.9074551574803149
21
0.7079516929133858
0
LINE
8
BLACK
6
CONTINUOUS
10
0.9074551574803149
20
0.7079516929133858
11
0.9084042125984252
21
0.7080086614173228
0
LINE
8
BLACK
6
CONTINUOUS
10
0.9084042125984252
20
0.7080086614173228
11
0.9093226771653543
21
0.7082547637795276
0
LINE
8
BLACK
6
CONTINUOUS
10
0.9093226771653543
20
0.7082547637795276
11
0.914946968503937
21
0.7082547637795276
0
LINE
8
BLACK
6
CONTINUOUS
10
0.914946968503937
20
0.7082547637795276
11
0.9158653937007873
21
0.7080086614173228
0
LINE
8
BLACK
6
CONTINUOUS
10
0.9749205118110236
20
0.7080086614173228
11
0.9758695669291338
21
0.7079516929133858
0
LINE
8
BLACK
6
CONTINUOUS
10
0.9758695669291338
20
0.7079516929133858
11
0.9843060236220472
21
0.7051395669291338
0
LINE
8
BLACK
6
CONTINUOUS
10
0.9843060236220472
20
0.7051395669291338
11
0.9854388976377952
21
0.7043915354330709
0
LINE
8
BLACK
6
CONTINUOUS
10
0.9854388976377952
20
0.7043915354330709
11
0.9866143700787401
21
0.7037129133858268
0
LINE
8
BLACK
6
CONTINUOUS
10
0.9866143700787401
20
0.7037129133858268
11
0.9894264960629922
21
0.7009007874015748
0
LINE
8
BLACK
6
CONTINUOUS
10
0.9894264960629922
20
0.7009007874015748
11
0.9909549606299213
21
0.6982534251968504
0
LINE
8
BLACK
6
CONTINUOUS
10
0.9909549606299213
20
0.6982534251968504
11
0.9909549606299213
21
0.6951964960629922
0
LINE
8
BLACK
6
CONTINUOUS
10
0.9909549606299213
20
0.6951964960629922
11
0.9894264960629922
21
0.6925491338582677
0
LINE
8
BLACK
6
CONTINUOUS
10
0.9894264960629922
20
0.6925491338582677
11
0.9867791338582677
21
0.6910206692913385
0
LINE
8
BLACK
6
CONTINUOUS
10
0.9867791338582677
20
0.6910206692913385
11
0.9837222047244094
21
0.6910206692913385
0
LINE
8
BLACK
6
CONTINUOUS
10
0.9837222047244094
20
0.6910206692913385
11
0.981074842519685
21
0.6925491338582677
0
LINE
8
BLACK
6
CONTINUOUS
10
0.981074842519685
20
0.6925491338582677
11
0.9792484645669292
21
0.6943754724409449
0
LINE
8
BLACK
6
CONTINUOUS
10
0.9792484645669292
20
0.6943754724409449
11
0.9730438188976378
21
0.6964437401574803
0
LINE
8
BLACK
6
CONTINUOUS
10
0.9730438188976378
20
0.6964437401574803
11
0.9693361811023622
21
0.6964437401574803
0
LINE
8
BLACK
6
CONTINUOUS
10
0.9693361811023622
20
0.6964437401574803
11
0.9631313779527558
21
0.6943754724409449
0
LINE
8
BLACK
6
CONTINUOUS
10
0.9631313779527558
20
0.6943754724409449
11
0.9591705118110236
21
0.6904146062992126
0
LINE
8
BLACK
6
CONTINUOUS
10
0.9591705118110236
20
0.6904146062992126
11
0.9570767716535433
21
0.6862272047244095
0
LINE
8
BLACK
6
CONTINUOUS
10
0.9570767716535433
20
0.6862272047244095
11
0.9545982677165354
21
0.6763129921259843
0
LINE
8
BLACK
6
CONTINUOUS
10
0.9545982677165354
20
0.6763129921259843
11
0.9545982677165354
21
0.6693303543307086
0
LINE
8
BLACK
6
CONTINUOUS
10
0.9545982677165354
20
0.6693303543307086
11
0.9570767716535433
21
0.6594161417322835
0
LINE
8
BLACK
6
CONTINUOUS
10
0.9570767716535433
20
0.6594161417322835
11
0.9591705118110236
21
0.6552287401574803
0
LINE
8
BLACK
6
CONTINUOUS
10
0.9591705118110236
20
0.6552287401574803
11
0.9631313779527558
21
0.651267874015748
0
LINE
8
BLACK
6
CONTINUOUS
10
0.9631313779527558
20
0.651267874015748
11
0.9693361811023622
21
0.6491996456692913
0
LINE
8
BLACK
6
CONTINUOUS
10
0.9693361811023622
20
0.6491996456692913
11
0.9730438188976378
21
0.6491996456692913
0
LINE
8
BLACK
6
CONTINUOUS
10
0.9730438188976378
20
0.6491996456692913
11
0.9792484645669292
21
0.651267874015748
0
LINE
8
BLACK
6
CONTINUOUS
10
0.9792484645669292
20
0.651267874015748
11
0.981074842519685
21
0.6530942519685039
0
LINE
8
BLACK
6
CONTINUOUS
10
0.981074842519685
20
0.6530942519685039
11
0.9837222047244094
21
0.654622716535433
0
LINE
8
BLACK
6
CONTINUOUS
10
0.9837222047244094
20
0.654622716535433
11
0.9867791338582677
21
0.654622716535433
0
LINE
8
BLACK
6
CONTINUOUS
10
0.9867791338582677
20
0.654622716535433
11
0.9894264960629922
21
0.6530942519685039
0
LINE
8
BLACK
6
CONTINUOUS
10
0.9894264960629922
20
0.6530942519685039
11
0.9909549606299213
21
0.6504468897637795
0
LINE
8
BLACK
6
CONTINUOUS
10
0.9909549606299213
20
0.6504468897637795
11
0.9909549606299213
21
0.6473899606299213
0
LINE
8
BLACK
6
CONTINUOUS
10
0.9909549606299213
20
0.6473899606299213
11
0.9894264960629922
21
0.6447425984251969
0
LINE
8
BLACK
6
CONTINUOUS
10
0.9894264960629922
20
0.6447425984251969
11
0.9866143700787401
21
0.6419304724409449
0
LINE
8
BLACK
6
CONTINUOUS
10
0.9866143700787401
20
0.6419304724409449
11
0.9854388976377952
21
0.6412518110236221
0
LINE
8
BLACK
6
CONTINUOUS
10
0.9854388976377952
20
0.6412518110236221
11
0.9843060236220472
21
0.6405038188976377
0
LINE
8
BLACK
6
CONTINUOUS
10
0.9843060236220472
20
0.6405038188976377
11
0.9758695669291338
21
0.6376916929133858
0
LINE
8
BLACK
6
CONTINUOUS
10
0.9758695669291338
20
0.6376916929133858
11
0.9749205118110236
21
0.63763468503937
0
LINE
8
BLACK
6
CONTINUOUS
10
0.9749205118110236
20
0.63763468503937
11
0.9740020866141732
21
0.6373886220472441
0
LINE
8
BLACK
6
CONTINUOUS
10
0.9740020866141732
20
0.6373886220472441
11
0.9683777952755905
21
0.6373886220472441
0
LINE
8
BLACK
6
CONTINUOUS
10
0.9683777952755905
20
0.6373886220472441
11
0.9674593307086614
21
0.63763468503937
0
LINE
8
BLACK
6
CONTINUOUS
10
0.9674593307086614
20
0.63763468503937
11
0.9665102755905511
21
0.6376916929133858
0
LINE
8
BLACK
6
CONTINUOUS
10
0.9665102755905511
20
0.6376916929133858
11
0.9580738582677165
21
0.6405038582677165
0
LINE
8
BLACK
6
CONTINUOUS
10
0.9580738582677165
20
0.6405038582677165
11
0.956941062992126
21
0.6412517322834645
0
LINE
8
BLACK
6
CONTINUOUS
10
0.956941062992126
20
0.6412517322834645
11
0.9557655118110236
21
0.6419304724409449
0
LINE
8
BLACK
6
CONTINUOUS
10
0.9557655118110236
20
0.6419304724409449
11
0.9501412204724409
21
0.6475547637795276
0
LINE
8
BLACK
6
CONTINUOUS
10
0.9501412204724409
20
0.6475547637795276
11
0.9496657874015748
21
0.6483781889763779
0
LINE
8
BLACK
6
CONTINUOUS
10
0.9496657874015748
20
0.6483781889763779
11
0.949035
21
0.6490895669291339
0
LINE
8
BLACK
6
CONTINUOUS
10
0.949035
20
0.6490895669291339
11
0.9462228346456693
21
0.6547138582677166
0
LINE
8
BLACK
6
CONTINUOUS
10
0.9462228346456693
20
0.6547138582677166
11
0.9460920866141732
21
0.6553525984251969
0
LINE
8
BLACK
6
CONTINUOUS
10
0.9460920866141732
20
0.6553525984251969
11
0.9457757086614172
21
0.6559225984251968
0
LINE
8
BLACK
6
CONTINUOUS
10
0.9457757086614172
20
0.6559225984251968
11
0.9429635826771653
21
0.6671711811023622
0
LINE
8
BLACK
6
CONTINUOUS
10
0.9429635826771653
20
0.6671711811023622
11
0.9429758267716535
21
0.6678996062992126
0
LINE
8
BLACK
6
CONTINUOUS
10
0.9429758267716535
20
0.6678996062992126
11
0.9427872440944882
21
0.6686034645669291
0
LINE
8
BLACK
6
CONTINUOUS
10
0.9427872440944882
20
0.6686034645669291
11
0.9427872440944882
21
0.6770399212598425
0
LINE
8
BLACK
6
CONTINUOUS
10
0.9427872440944882
20
0.6770399212598425
11
0.9429758267716535
21
0.6777437401574803
0
LINE
8
BLACK
6
CONTINUOUS
10
0.9429758267716535
20
0.6777437401574803
11
0.9429635826771653
21
0.6784722047244094
0
LINE
8
BLACK
6
CONTINUOUS
10
0.9429635826771653
20
0.6784722047244094
11
0.9457757086614172
21
0.6897207874015748
0
LINE
8
BLACK
6
CONTINUOUS
10
0.9457757086614172
20
0.6897207874015748
11
0.9460920866141732
21
0.690290748031496
0
LINE
8
BLACK
6
CONTINUOUS
10
0.9460920866141732
20
0.690290748031496
11
0.9462228346456693
21
0.6909295275590551
0
LINE
8
BLACK
6
CONTINUOUS
10
0.9462228346456693
20
0.6909295275590551
11
0.949035
21
0.6965538188976378
0
LINE
8
BLACK
6
CONTINUOUS
10
0.949035
20
0.6965538188976378
11
0.9496657874015748
21
0.6972651574803149
0
LINE
8
BLACK
6
CONTINUOUS
10
0.9496657874015748
20
0.6972651574803149
11
0.9501412204724409
21
0.6980886220472441
0
LINE
8
BLACK
6
CONTINUOUS
10
0.9501412204724409
20
0.6980886220472441
11
0.9557655118110236
21
0.7037129133858268
0
LINE
8
BLACK
6
CONTINUOUS
10
0.9557655118110236
20
0.7037129133858268
11
0.956941062992126
21
0.7043916141732284
0
LINE
8
BLACK
6
CONTINUOUS
10
0.956941062992126
20
0.7043916141732284
11
0.9580738582677165
21
0.7051395275590551
0
LINE
8
BLACK
6
CONTINUOUS
10
0.9580738582677165
20
0.7051395275590551
11
0.9665102755905511
21
0.7079516929133858
0
LINE
8
BLACK
6
CONTINUOUS
10
0.9665102755905511
20
0.7079516929133858
11
0.9674593307086614
21
0.7080086614173228
0
LINE
8
BLACK
6
CONTINUOUS
10
0.9674593307086614
20
0.7080086614173228
11
0.9683777952755905
21
0.7082547637795276
0
LINE
8
BLACK
6
CONTINUOUS
10
0.9683777952755905
20
0.7082547637795276
11
0.9740020866141732
21
0.7082547637795276
0
LINE
8
BLACK
6
CONTINUOUS
10
0.9740020866141732
20
0.7082547637795276
11
0.9749205118110236
21
0.7080086614173228
0
LINE
8
BLACK
6
CONTINUOUS
10
1.0606924015748032
20
0.7079034251968503
11
1.0620223622047245
21
0.7076312992125984
0
LINE
8
BLACK
6
CONTINUOUS
10
1.0620223622047245
20
0.7076312992125984
11
1.0676466535433071
21
0.7048191338582677
0
LINE
8
BLACK
6
CONTINUOUS
10
1.0676466535433071
20
0.7048191338582677
11
1.0699338582677165
21
0.7027909448818898
0
LINE
8
BLACK
6
CONTINUOUS
10
1.0699338582677165
20
0.7027909448818898
11
1.0709005511811023
21
0.699890905511811
0
LINE
8
BLACK
6
CONTINUOUS
10
1.0709005511811023
20
0.699890905511811
11
1.0702876771653542
21
0.6968960629921259
0
LINE
8
BLACK
6
CONTINUOUS
10
1.0702876771653542
20
0.6968960629921259
11
1.0682594881889764
21
0.6946088582677166
0
LINE
8
BLACK
6
CONTINUOUS
10
1.0682594881889764
20
0.6946088582677166
11
1.0653594488188975
21
0.6936421653543307
0
LINE
8
BLACK
6
CONTINUOUS
10
1.0653594488188975
20
0.6936421653543307
11
1.0623645669291337
21
0.6942550393700787
0
LINE
8
BLACK
6
CONTINUOUS
10
1.0623645669291337
20
0.6942550393700787
11
1.0579872440944882
21
0.6964437401574803
0
LINE
8
BLACK
6
CONTINUOUS
10
1.0579872440944882
20
0.6964437401574803
11
1.0519032677165354
21
0.6964437401574803
0
LINE
8
BLACK
6
CONTINUOUS
10
1.0519032677165354
20
0.6964437401574803
11
1.0456984645669292
21
0.6943754724409449
0
LINE
8
BLACK
6
CONTINUOUS
10
1.0456984645669292
20
0.6943754724409449
11
1.0417375984251969
21
0.6904146062992126
0
LINE
8
BLACK
6
CONTINUOUS
10
1.0417375984251969
20
0.6904146062992126
11
1.0396438582677165
21
0.6862272047244095
0
LINE
8
BLACK
6
CONTINUOUS
10
1.0396438582677165
20
0.6862272047244095
11
1.0371653543307087
21
0.6763129921259843
0
LINE
8
BLACK
6
CONTINUOUS
10
1.0371653543307087
20
0.6763129921259843
11
1.0371653543307087
21
0.6693303543307086
0
LINE
8
BLACK
6
CONTINUOUS
10
1.0371653543307087
20
0.6693303543307086
11
1.0396438582677165
21
0.6594161417322835
0
LINE
8
BLACK
6
CONTINUOUS
10
1.0396438582677165
20
0.6594161417322835
11
1.0417375984251969
21
0.6552287401574803
0
LINE
8
BLACK
6
CONTINUOUS
10
1.0417375984251969
20
0.6552287401574803
11
1.0456984645669292
21
0.651267874015748
0
LINE
8
BLACK
6
CONTINUOUS
10
1.0456984645669292
20
0.651267874015748
11
1.0519032677165354
21
0.6491996456692913
0
LINE
8
BLACK
6
CONTINUOUS
10
1.0519032677165354
20
0.6491996456692913
11
1.055610905511811
21
0.6491996456692913
0
LINE
8
BLACK
6
CONTINUOUS
10
1.055610905511811
20
0.6491996456692913
11
1.0618155511811023
21
0.651267874015748
0
LINE
8
BLACK
6
CONTINUOUS
10
1.0618155511811023
20
0.651267874015748
11
1.0619122440944881
21
0.6513645669291338
0
LINE
8
BLACK
6
CONTINUOUS
10
1.0619122440944881
20
0.6513645669291338
11
1.0619122440944881
21
0.6626979527559055
0
LINE
8
BLACK
6
CONTINUOUS
10
1.0619122440944881
20
0.6626979527559055
11
1.0565691732283464
21
0.6626979527559055
0
LINE
8
BLACK
6
CONTINUOUS
10
1.0565691732283464
20
0.6626979527559055
11
1.0536164173228346
21
0.6634891338582677
0
LINE
8
BLACK
6
CONTINUOUS
10
1.0536164173228346
20
0.6634891338582677
11
1.051454842519685
21
0.6656507086614173
0
LINE
8
BLACK
6
CONTINUOUS
10
1.051454842519685
20
0.6656507086614173
11
1.0506636614173228
21
0.6686034645669291
0
LINE
8
BLACK
6
CONTINUOUS
10
1.0506636614173228
20
0.6686034645669291
11
1.051454842519685
21
0.6715562204724409
0
LINE
8
BLACK
6
CONTINUOUS
10
1.051454842519685
20
0.6715562204724409
11
1.0536164173228346
21
0.6737177952755905
0
LINE
8
BLACK
6
CONTINUOUS
10
1.0536164173228346
20
0.6737177952755905
11
1.0565691732283464
21
0.6745089763779527
0
LINE
8
BLACK
6
CONTINUOUS
10
1.0565691732283464
20
0.6745089763779527
11
1.0678177559055118
21
0.6745089763779527
0
LINE
8
BLACK
6
CONTINUOUS
10
1.0678177559055118
20
0.6745089763779527
11
1.0707705118110236
21
0.6737177952755905
0
LINE
8
BLACK
6
CONTINUOUS
10
1.0707705118110236
20
0.6737177952755905
11
1.0729320866141732
21
0.6715562204724409
0
LINE
8
BLACK
6
CONTINUOUS
10
1.0729320866141732
20
0.6715562204724409
11
1.0737232677165354
21
0.6686034645669291
0
LINE
8
BLACK
6
CONTINUOUS
10
1.0737232677165354
20
0.6686034645669291
11
1.0737232677165354
21
0.6489184251968504
0
LINE
8
BLACK
6
CONTINUOUS
10
1.0737232677165354
20
0.6489184251968504
11
1.0735220472440945
21
0.6481674409448819
0
LINE
8
BLACK
6
CONTINUOUS
10
1.0735220472440945
20
0.6481674409448819
11
1.0735220472440945
21
0.6473899606299213
0
LINE
8
BLACK
6
CONTINUOUS
10
1.0735220472440945
20
0.6473899606299213
11
1.0731333070866143
21
0.6467166141732283
0
LINE
8
BLACK
6
CONTINUOUS
10
1.0731333070866143
20
0.6467166141732283
11
1.0729320866141732
21
0.6459656692913386
0
LINE
8
BLACK
6
CONTINUOUS
10
1.0729320866141732
20
0.6459656692913386
11
1.0723822834645669
21
0.6454158661417323
0
LINE
8
BLACK
6
CONTINUOUS
10
1.0723822834645669
20
0.6454158661417323
11
1.0719935826771654
21
0.6447425984251969
0
LINE
8
BLACK
6
CONTINUOUS
10
1.0719935826771654
20
0.6447425984251969
11
1.0691814566929134
21
0.6419304724409449
0
LINE
8
BLACK
6
CONTINUOUS
10
1.0691814566929134
20
0.6419304724409449
11
1.0680059842519685
21
0.6412518110236221
0
LINE
8
BLACK
6
CONTINUOUS
10
1.0680059842519685
20
0.6412518110236221
11
1.0668731102362206
21
0.6405038188976377
0
LINE
8
BLACK
6
CONTINUOUS
10
1.0668731102362206
20
0.6405038188976377
11
1.058436653543307
21
0.6376916929133858
0
LINE
8
BLACK
6
CONTINUOUS
10
1.058436653543307
20
0.6376916929133858
11
1.0574875984251968
21
0.63763468503937
0
LINE
8
BLACK
6
CONTINUOUS
10
1.0574875984251968
20
0.63763468503937
11
1.0565691732283464
21
0.6373886220472441
0
LINE
8
BLACK
6
CONTINUOUS
10
1.0565691732283464
20
0.6373886220472441
11
1.0509448818897638
21
0.6373886220472441
0
LINE
8
BLACK
6
CONTINUOUS
10
1.0509448818897638
20
0.6373886220472441
11
1.0500264173228346
21
0.63763468503937
0
LINE
8
BLACK
6
CONTINUOUS
10
1.0500264173228346
20
0.63763468503937
11
1.0490773622047245
21
0.6376916929133858
0
LINE
8
BLACK
6
CONTINUOUS
10
1.0490773622047245
20
0.6376916929133858
11
1.0406409448818899
21
0.6405038582677165
0
LINE
8
BLACK
6
CONTINUOUS
10
1.0406409448818899
20
0.6405038582677165
11
1.0395081496062992
21
0.6412517322834645
0
LINE
8
BLACK
6
CONTINUOUS
10
1.0395081496062992
20
0.6412517322834645
11
1.0383325984251968
21
0.6419304724409449
0
LINE
8
BLACK
6
CONTINUOUS
10
1.0383325984251968
20
0.6419304724409449
11
1.0327083070866141
21
0.6475547637795276
0
LINE
8
BLACK
6
CONTINUOUS
10
1.0327083070866141
20
0.6475547637795276
11
1.032232874015748
21
0.6483781889763779
0
LINE
8
BLACK
6
CONTINUOUS
10
1.032232874015748
20
0.6483781889763779
11
1.0316020866141733
21
0.6490895669291339
0
LINE
8
BLACK
6
CONTINUOUS
10
1.0316020866141733
20
0.6490895669291339
11
1.0287899212598426
21
0.6547138582677166
0
LINE
8
BLACK
6
CONTINUOUS
10
1.0287899212598426
20
0.6547138582677166
11
1.0286591732283463
21
0.6553525984251969
0
LINE
8
BLACK
6
CONTINUOUS
10
1.0286591732283463
20
0.6553525984251969
11
1.0283427952755906
21
0.6559225984251968
0
LINE
8
BLACK
6
CONTINUOUS
10
1.0283427952755906
20
0.6559225984251968
11
1.0255306692913386
21
0.6671711811023622
0
LINE
8
BLACK
6
CONTINUOUS
10
1.0255306692913386
20
0.6671711811023622
11
1.0255429133858267
21
0.6678996062992126
0
LINE
8
BLACK
6
CONTINUOUS
10
1.0255429133858267
20
0.6678996062992126
11
1.0253543307086614
21
0.6686034645669291
0
LINE
8
BLACK
6
CONTINUOUS
10
1.0253543307086614
20
0.6686034645669291
11
1.0253543307086614
21
0.6770399212598425
0
LINE
8
BLACK
6
CONTINUOUS
10
1.0253543307086614
20
0.6770399212598425
11
1.0255429133858267
21
0.6777437401574803
0
LINE
8
BLACK
6
CONTINUOUS
10
1.0255429133858267
20
0.6777437401574803
11
1.0255306692913386
21
0.6784722047244094
0
LINE
8
BLACK
6
CONTINUOUS
10
1.0255306692913386
20
0.6784722047244094
11
1.0283427952755906
21
0.6897207874015748
0
LINE
8
BLACK
6
CONTINUOUS
10
1.0283427952755906
20
0.6897207874015748
11
1.0286591732283463
21
0.690290748031496
0
LINE
8
BLACK
6
CONTINUOUS
10
1.0286591732283463
20
0.690290748031496
11
1.0287899212598426
21
0.6909295275590551
0
LINE
8
BLACK
6
CONTINUOUS
10
1.0287899212598426
20
0.6909295275590551
11
1.0316020866141733
21
0.6965538188976378
0
LINE
8
BLACK
6
CONTINUOUS
10
1.0316020866141733
20
0.6965538188976378
11
1.032232874015748
21
0.6972651574803149
0
LINE
8
BLACK
6
CONTINUOUS
10
1.032232874015748
20
0.6972651574803149
11
1.0327083070866141
21
0.6980886220472441
0
LINE
8
BLACK
6
CONTINUOUS
10
1.0327083070866141
20
0.6980886220472441
11
1.0383325984251968
21
0.7037129133858268
0
LINE
8
BLACK
6
CONTINUOUS
10
1.0383325984251968
20
0.7037129133858268
11
1.0395081496062992
21
0.7043916141732284
0
LINE
8
BLACK
6
CONTINUOUS
10
1.0395081496062992
20
0.7043916141732284
11
1.0406409448818899
21
0.7051395275590551
0
LINE
8
BLACK
6
CONTINUOUS
10
1.0406409448818899
20
0.7051395275590551
11
1.0490773622047245
21
0.7079516929133858
0
LINE
8
BLACK
6
CONTINUOUS
10
1.0490773622047245
20
0.7079516929133858
11
1.0500264173228346
21
0.7080086614173228
0
LINE
8
BLACK
6
CONTINUOUS
10
1.0500264173228346
20
0.7080086614173228
11
1.0509448818897638
21
0.7082547637795276
0
LINE
8
BLACK
6
CONTINUOUS
10
1.0509448818897638
20
0.7082547637795276
11
1.0593813385826771
21
0.7082547637795276
0
LINE
8
BLACK
6
CONTINUOUS
10
1.0593813385826771
20
0.7082547637795276
11
1.0606924015748032
21
0.7079034251968503
0
LINE
8
BLACK
6
CONTINUOUS
10
1.1298256299212599
20
0.7074635826771654
11
1.1319872047244095
21
0.7053020078740158
0
LINE
8
BLACK
6
CONTINUOUS
10
1.1319872047244095
20
0.7053020078740158
11
1.1327783858267717
21
0.702349251968504
0
LINE
8
BLACK
6
CONTINUOUS
10
1.1327783858267717
20
0.702349251968504
11
1.1327783858267717
21
0.6432941338582677
0
LINE
8
BLACK
6
CONTINUOUS
10
1.1327783858267717
20
0.6432941338582677
11
1.1327748425196851
21
0.6432810236220472
0
LINE
8
BLACK
6
CONTINUOUS
10
1.1327748425196851
20
0.6432810236220472
11
1.132778346456693
21
0.6432678346456693
0
LINE
8
BLACK
6
CONTINUOUS
10
1.132778346456693
20
0.6432678346456693
11
1.1323785433070865
21
0.6418020078740158
0
LINE
8
BLACK
6
CONTINUOUS
10
1.1323785433070865
20
0.6418020078740158
11
1.1319872047244095
21
0.6403413779527559
0
LINE
8
BLACK
6
CONTINUOUS
10
1.1319872047244095
20
0.6403413779527559
11
1.1319775984251967
21
0.6403317716535433
0
LINE
8
BLACK
6
CONTINUOUS
10
1.1319775984251967
20
0.6403317716535433
11
1.1319740157480316
21
0.6403186220472441
0
LINE
8
BLACK
6
CONTINUOUS
10
1.1319740157480316
20
0.6403186220472441
11
1.1308950787401575
21
0.6392492519685039
0
LINE
8
BLACK
6
CONTINUOUS
10
1.1308950787401575
20
0.6392492519685039
11
1.1298256299212599
21
0.6381798031496063
0
LINE
8
BLACK
6
CONTINUOUS
10
1.1298256299212599
20
0.6381798031496063
11
1.1298124803149605
21
0.6381762598425197
0
LINE
8
BLACK
6
CONTINUOUS
10
1.1298124803149605
20
0.6381762598425197
11
1.1298028346456692
21
0.6381666929133858
0
LINE
8
BLACK
6
CONTINUOUS
10
1.1298028346456692
20
0.6381666929133858
11
1.1283334645669292
21
0.6377799606299213
0
LINE
8
BLACK
6
CONTINUOUS
10
1.1283334645669292
20
0.6377799606299213
11
1.1268728740157481
21
0.6373886220472441
0
LINE
8
BLACK
6
CONTINUOUS
10
1.1268728740157481
20
0.6373886220472441
11
1.1268597637795275
21
0.637392125984252
0
LINE
8
BLACK
6
CONTINUOUS
10
1.1268597637795275
20
0.637392125984252
11
1.1268465748031495
21
0.6373886614173229
0
LINE
8
BLACK
6
CONTINUOUS
10
1.1268465748031495
20
0.6373886614173229
11
1.1253807480314961
21
0.6377884251968504
0
LINE
8
BLACK
6
CONTINUOUS
10
1.1253807480314961
20
0.6377884251968504
11
1.1239201181102363
21
0.6381798031496063
0
LINE
8
BLACK
6
CONTINUOUS
10
1.1239201181102363
20
0.6381798031496063
11
1.1239105118110235
21
0.6381893700787401
0
LINE
8
BLACK
6
CONTINUOUS
10
1.1239105118110235
20
0.6381893700787401
11
1.1238973622047244
21
0.6381929921259842
0
LINE
8
BLACK
6
CONTINUOUS
10
1.1238973622047244
20
0.6381929921259842
11
1.1228301968503938
21
0.6392696850393701
0
LINE
8
BLACK
6
CONTINUOUS
10
1.1228301968503938
20
0.6392696850393701
11
1.1217585433070867
21
0.6403413779527559
0
LINE
8
BLACK
6
CONTINUOUS
10
1.1217585433070867
20
0.6403413779527559
11
1.1217550000000001
21
0.6403545275590551
0
LINE
8
BLACK
6
CONTINUOUS
10
1.1217550000000001
20
0.6403545275590551
11
1.1217454724409448
21
0.6403641732283465
0
LINE
8
BLACK
6
CONTINUOUS
10
1.1217454724409448
20
0.6403641732283465
11
1.0990325984251967
21
0.6801116929133858
0
LINE
8
BLACK
6
CONTINUOUS
10
1.0990325984251967
20
0.6801116929133858
11
1.0990325984251967
21
0.6432941338582677
0
LINE
8
BLACK
6
CONTINUOUS
10
1.0990325984251967
20
0.6432941338582677
11
1.0982414173228345
21
0.6403413779527559
0
LINE
8
BLACK
6
CONTINUOUS
10
1.0982414173228345
20
0.6403413779527559
11
1.0960798425196849
21
0.6381798031496063
0
LINE
8
BLACK
6
CONTINUOUS
10
1.0960798425196849
20
0.6381798031496063
11
1.0931270866141731
21
0.6373886220472441
0
LINE
8
BLACK
6
CONTINUOUS
10
1.0931270866141731
20
0.6373886220472441
11
1.0901743307086613
21
0.6381798031496063
0
LINE
8
BLACK
6
CONTINUOUS
10
1.0901743307086613
20
0.6381798031496063
11
1.0880127559055117
21
0.6403413779527559
0
LINE
8
BLACK
6
CONTINUOUS
10
1.0880127559055117
20
0.6403413779527559
11
1.0872215748031495
21
0.6432941338582677
0
LINE
8
BLACK
6
CONTINUOUS
10
1.0872215748031495
20
0.6432941338582677
11
1.0872215748031495
21
0.702349251968504
0
LINE
8
BLACK
6
CONTINUOUS
10
1.0872215748031495
20
0.702349251968504
11
1.0872250787401574
21
0.7023623228346456
0
LINE
8
BLACK
6
CONTINUOUS
10
1.0872250787401574
20
0.7023623228346456
11
1.0872216141732283
21
0.7023755511811024
0
LINE
8
BLACK
6
CONTINUOUS
10
1.0872216141732283
20
0.7023755511811024
11
1.0876213779527559
21
0.7038413385826772
0
LINE
8
BLACK
6
CONTINUOUS
10
1.0876213779527559
20
0.7038413385826772
11
1.0880127559055117
21
0.7053020078740158
0
LINE
8
BLACK
6
CONTINUOUS
10
1.0880127559055117
20
0.7053020078740158
11
1.0880223228346457
21
0.7053115748031495
0
LINE
8
BLACK
6
CONTINUOUS
10
1.0880223228346457
20
0.7053115748031495
11
1.0880259448818896
21
0.7053247637795276
0
LINE
8
BLACK
6
CONTINUOUS
10
1.0880259448818896
20
0.7053247637795276
11
1.0891026377952755
21
0.7063918897637795
0
LINE
8
BLACK
6
CONTINUOUS
10
1.0891026377952755
20
0.7063918897637795
11
1.0901743307086613
21
0.7074635826771654
0
LINE
8
BLACK
6
CONTINUOUS
10
1.0901743307086613
20
0.7074635826771654
11
1.0901874803149607
21
0.7074670866141732
0
LINE
8
BLACK
6
CONTINUOUS
10
1.0901874803149607
20
0.7074670866141732
11
1.090197125984252
21
0.707476653543307
0
LINE
8
BLACK
6
CONTINUOUS
10
1.090197125984252
20
0.707476653543307
11
1.0916622834645668
21
0.7078622440944882
0
LINE
8
BLACK
6
CONTINUOUS
10
1.0916622834645668
20
0.7078622440944882
11
1.0931270866141731
21
0.7082547637795276
0
LINE
8
BLACK
6
CONTINUOUS
10
1.0931270866141731
20
0.7082547637795276
11
1.093140157480315
21
0.7082512204724409
0
LINE
8
BLACK
6
CONTINUOUS
10
1.093140157480315
20
0.7082512204724409
11
1.0931533858267717
21
0.7082547244094488
0
LINE
8
BLACK
6
CONTINUOUS
10
1.0931533858267717
20
0.7082547244094488
11
1.0946191732283463
21
0.7078549212598425
0
LINE
8
BLACK
6
CONTINUOUS
10
1.0946191732283463
20
0.7078549212598425
11
1.0960798425196849
21
0.7074635826771654
0
LINE
8
BLACK
6
CONTINUOUS
10
1.0960798425196849
20
0.7074635826771654
11
1.0960894094488189
21
0.7074539763779527
0
LINE
8
BLACK
6
CONTINUOUS
10
1.0960894094488189
20
0.7074539763779527
11
1.0961025984251969
21
0.7074503937007874
0
LINE
8
BLACK
6
CONTINUOUS
10
1.0961025984251969
20
0.7074503937007874
11
1.0971697244094487
21
0.7063736614173228
0
LINE
8
BLACK
6
CONTINUOUS
10
1.0971697244094487
20
0.7063736614173228
11
1.0982414173228345
21
0.7053020078740158
0
LINE
8
BLACK
6
CONTINUOUS
10
1.0982414173228345
20
0.7053020078740158
11
1.0982449212598424
21
0.7052888188976377
0
LINE
8
BLACK
6
CONTINUOUS
10
1.0982449212598424
20
0.7052888188976377
11
1.0982544881889764
21
0.7052792125984252
0
LINE
8
BLACK
6
CONTINUOUS
10
1.0982544881889764
20
0.7052792125984252
11
1.1209673622047245
21
0.6655317322834645
0
LINE
8
BLACK
6
CONTINUOUS
10
1.1209673622047245
20
0.6655317322834645
11
1.1209673622047245
21
0.702349251968504
0
LINE
8
BLACK
6
CONTINUOUS
10
1.1209673622047245
20
0.702349251968504
11
1.1217585433070867
21
0.7053020078740158
0
LINE
8
BLACK
6
CONTINUOUS
10
1.1217585433070867
20
0.7053020078740158
11
1.1239201181102363
21
0.7074635826771654
0
LINE
8
BLACK
6
CONTINUOUS
10
1.1239201181102363
20
0.7074635826771654
11
1.1268728740157481
21
0.7082547637795276
0
LINE
8
BLACK
6
CONTINUOUS
10
1.1268728740157481
20
0.7082547637795276
11
1.1298256299212599
21
0.7074635826771654
0
LINE
8
BLACK
6
CONTINUOUS
10
1.1699735433070866
20
0.7080086614173228
11
1.1709225984251967
21
0.7079516929133858
0
LINE
8
BLACK
6
CONTINUOUS
10
1.1709225984251967
20
0.7079516929133858
11
1.1793590551181101
21
0.7051395669291338
0
LINE
8
BLACK
6
CONTINUOUS
10
1.1793590551181101
20
0.7051395669291338
11
1.1804919291338583
21
0.7043915354330709
0
LINE
8
BLACK
6
CONTINUOUS
10
1.1804919291338583
20
0.7043915354330709
11
1.1816674015748032
21
0.7037129133858268
0
LINE
8
BLACK
6
CONTINUOUS
10
1.1816674015748032
20
0.7037129133858268
11
1.1872916929133859
21
0.6980886220472441
0
LINE
8
BLACK
6
CONTINUOUS
10
1.1872916929133859
20
0.6980886220472441
11
1.1877670866141732
21
0.6972651574803149
0
LINE
8
BLACK
6
CONTINUOUS
10
1.1877670866141732
20
0.6972651574803149
11
1.1883979133858267
21
0.6965538188976378
0
LINE
8
BLACK
6
CONTINUOUS
10
1.1883979133858267
20
0.6965538188976378
11
1.1912100787401574
21
0.6909295669291339
0
LINE
8
BLACK
6
CONTINUOUS
10
1.1912100787401574
20
0.6909295669291339
11
1.1913407874015747
21
0.6902907086614173
0
LINE
8
BLACK
6
CONTINUOUS
10
1.1913407874015747
20
0.6902907086614173
11
1.1916572047244094
21
0.6897207874015748
0
LINE
8
BLACK
6
CONTINUOUS
10
1.1916572047244094
20
0.6897207874015748
11
1.1944693307086613
21
0.6784722047244094
0
LINE
8
BLACK
6
CONTINUOUS
10
1.1944693307086613
20
0.6784722047244094
11
1.1944570472440945
21
0.6777437401574803
0
LINE
8
BLACK
6
CONTINUOUS
10
1.1944570472440945
20
0.6777437401574803
11
1.1946456692913385
21
0.6770399212598425
0
LINE
8
BLACK
6
CONTINUOUS
10
1.1946456692913385
20
0.6770399212598425
11
1.1946456692913385
21
0.6686034645669291
0
LINE
8
BLACK
6
CONTINUOUS
10
1.1946456692913385
20
0.6686034645669291
11
1.1944570472440945
21
0.6678996062992126
0
LINE
8
BLACK
6
CONTINUOUS
10
1.1944570472440945
20
0.6678996062992126
11
1.1944693307086613
21
0.6671711811023622
0
LINE
8
BLACK
6
CONTINUOUS
10
1.1944693307086613
20
0.6671711811023622
11
1.1916572047244094
21
0.6559225984251968
0
LINE
8
BLACK
6
CONTINUOUS
10
1.1916572047244094
20
0.6559225984251968
11
1.1913407874015747
21
0.6553526377952755
0
LINE
8
BLACK
6
CONTINUOUS
10
1.1913407874015747
20
0.6553526377952755
11
1.1912100787401574
21
0.6547138188976378
0
LINE
8
BLACK
6
CONTINUOUS
10
1.1912100787401574
20
0.6547138188976378
11
1.1883979133858267
21
0.6490895669291339
0
LINE
8
BLACK
6
CONTINUOUS
10
1.1883979133858267
20
0.6490895669291339
11
1.1877670866141732
21
0.6483781889763779
0
LINE
8
BLACK
6
CONTINUOUS
10
1.1877670866141732
20
0.6483781889763779
11
1.1872916929133859
21
0.6475547637795276
0
LINE
8
BLACK
6
CONTINUOUS
10
1.1872916929133859
20
0.6475547637795276
11
1.1816674015748032
21
0.6419304724409449
0
LINE
8
BLACK
6
CONTINUOUS
10
1.1816674015748032
20
0.6419304724409449
11
1.1804919291338583
21
0.6412518110236221
0
LINE
8
BLACK
6
CONTINUOUS
10
1.1804919291338583
20
0.6412518110236221
11
1.1793590551181101
21
0.6405038188976377
0
LINE
8
BLACK
6
CONTINUOUS
10
1.1793590551181101
20
0.6405038188976377
11
1.1709225984251967
21
0.6376916929133858
0
LINE
8
BLACK
6
CONTINUOUS
10
1.1709225984251967
20
0.6376916929133858
11
1.1699735433070866
21
0.63763468503937
0
LINE
8
BLACK
6
CONTINUOUS
10
1.1699735433070866
20
0.63763468503937
11
1.1690551181102362
21
0.6373886220472441
0
LINE
8
BLACK
6
CONTINUOUS
10
1.1690551181102362
20
0.6373886220472441
11
1.1549943700787402
21
0.6373886220472441
0
LINE
8
BLACK
6
CONTINUOUS
10
1.1549943700787402
20
0.6373886220472441
11
1.1520416141732284
21
0.6381798031496063
0
LINE
8
BLACK
6
CONTINUOUS
10
1.1520416141732284
20
0.6381798031496063
11
1.1498800393700788
21
0.6403413779527559
0
LINE
8
BLACK
6
CONTINUOUS
10
1.1498800393700788
20
0.6403413779527559
11
1.1490888582677166
21
0.6432941338582677
0
LINE
8
BLACK
6
CONTINUOUS
10
1.1490888582677166
20
0.6432941338582677
11
1.1490888582677166
21
0.702349251968504
0
LINE
8
BLACK
6
CONTINUOUS
10
1.1490888582677166
20
0.702349251968504
11
1.1498800393700788
21
0.7053020078740158
0
LINE
8
BLACK
6
CONTINUOUS
10
1.1498800393700788
20
0.7053020078740158
11
1.1520416141732284
21
0.7074635826771654
0
LINE
8
BLACK
6
CONTINUOUS
10
1.1520416141732284
20
0.7074635826771654
11
1.1549943700787402
21
0.7082547637795276
0
LINE
8
BLACK
6
CONTINUOUS
10
1.1549943700787402
20
0.7082547637795276
11
1.1690551181102362
21
0.7082547637795276
0
LINE
8
BLACK
6
CONTINUOUS
10
1.1690551181102362
20
0.7082547637795276
11
1.1699735433070866
21
0.7080086614173228
0
LINE
8
BLACK
6
CONTINUOUS
10
1.1608998818897638
20
0.6491996456692913
11
1.1680968503937008
21
0.6491996456692913
0
LINE
8
BLACK
6
CONTINUOUS
10
1.1680968503937008
20
0.6491996456692913
11
1.1743014960629921
21
0.651267874015748
0
LINE
8
BLACK
6
CONTINUOUS
10
1.1743014960629921
20
0.651267874015748
11
1.1782624015748031
21
0.6552287795275591
0
LINE
8
BLACK
6
CONTINUOUS
10
1.1782624015748031
20
0.6552287795275591
11
1.1803560629921259
21
0.6594161417322835
0
LINE
8
BLACK
6
CONTINUOUS
10
1.1803560629921259
20
0.6594161417322835
11
1.1828346456692913
21
0.6693303543307086
0
LINE
8
BLACK
6
CONTINUOUS
10
1.1828346456692913
20
0.6693303543307086
11
1.1828346456692913
21
0.6763129921259843
0
LINE
8
BLACK
6
CONTINUOUS
10
1.1828346456692913
20
0.6763129921259843
11
1.1803560629921259
21
0.6862272047244095
0
LINE
8
BLACK
6
CONTINUOUS
10
1.1803560629921259
20
0.6862272047244095
11
1.1782624015748031
21
0.6904145669291338
0
LINE
8
BLACK
6
CONTINUOUS
10
1.1782624015748031
20
0.6904145669291338
11
1.1743014960629921
21
0.6943754724409449
0
LINE
8
BLACK
6
CONTINUOUS
10
1.1743014960629921
20
0.6943754724409449
11
1.1680968503937008
21
0.6964437401574803
0
LINE
8
BLACK
6
CONTINUOUS
10
1.1680968503937008
20
0.6964437401574803
11
1.1608998818897638
21
0.6964437401574803
0
LINE
8
BLACK
6
CONTINUOUS
10
1.1608998818897638
20
0.6964437401574803
11
1.1608998818897638
21
0.6491996456692913
0
LINE
8
BLACK
6
CONTINUOUS
10
1.2606924015748031
20
0.7079034251968503
11
1.2620223622047244
21
0.7076312992125984
0
LINE
8
BLACK
6
CONTINUOUS
10
1.2620223622047244
20
0.7076312992125984
11
1.2676466535433071
21
0.7048191338582677
0
LINE
8
BLACK
6
CONTINUOUS
10
1.2676466535433071
20
0.7048191338582677
11
1.2699338582677164
21
0.7027909448818898
0
LINE
8
BLACK
6
CONTINUOUS
10
1.2699338582677164
20
0.7027909448818898
11
1.2709005511811022
21
0.699890905511811
0
LINE
8
BLACK
6
CONTINUOUS
10
1.2709005511811022
20
0.699890905511811
11
1.2702876771653544
21
0.6968960629921259
0
LINE
8
BLACK
6
CONTINUOUS
10
1.2702876771653544
20
0.6968960629921259
11
1.2682594881889764
21
0.6946088582677166
0
LINE
8
BLACK
6
CONTINUOUS
10
1.2682594881889764
20
0.6946088582677166
11
1.2653594488188975
21
0.6936421653543307
0
LINE
8
BLACK
6
CONTINUOUS
10
1.2653594488188975
20
0.6936421653543307
11
1.2623645669291339
21
0.6942550393700787
0
LINE
8
BLACK
6
CONTINUOUS
10
1.2623645669291339
20
0.6942550393700787
11
1.2579872440944881
21
0.6964437401574803
0
LINE
8
BLACK
6
CONTINUOUS
10
1.2579872440944881
20
0.6964437401574803
11
1.2519032677165354
21
0.6964437401574803
0
LINE
8
BLACK
6
CONTINUOUS
10
1.2519032677165354
20
0.6964437401574803
11
1.2456984645669291
21
0.6943754724409449
0
LINE
8
BLACK
6
CONTINUOUS
10
1.2456984645669291
20
0.6943754724409449
11
1.2417375984251968
21
0.6904146062992126
0
LINE
8
BLACK
6
CONTINUOUS
10
1.2417375984251968
20
0.6904146062992126
11
1.2396438582677165
21
0.6862272047244095
0
LINE
8
BLACK
6
CONTINUOUS
10
1.2396438582677165
20
0.6862272047244095
11
1.2371653543307086
21
0.6763129921259843
0
LINE
8
BLACK
6
CONTINUOUS
10
1.2371653543307086
20
0.6763129921259843
11
1.2371653543307086
21
0.6693303543307086
0
LINE
8
BLACK
6
CONTINUOUS
10
1.2371653543307086
20
0.6693303543307086
11
1.2396438582677165
21
0.6594161417322835
0
LINE
8
BLACK
6
CONTINUOUS
10
1.2396438582677165
20
0.6594161417322835
11
1.2417375984251968
21
0.6552287401574803
0
LINE
8
BLACK
6
CONTINUOUS
10
1.2417375984251968
20
0.6552287401574803
11
1.2456984645669291
21
0.651267874015748
0
LINE
8
BLACK
6
CONTINUOUS
10
1.2456984645669291
20
0.651267874015748
11
1.2519032677165354
21
0.6491996456692913
0
LINE
8
BLACK
6
CONTINUOUS
10
1.2519032677165354
20
0.6491996456692913
11
1.255610905511811
21
0.6491996456692913
0
LINE
8
BLACK
6
CONTINUOUS
10
1.255610905511811
20
0.6491996456692913
11
1.2618155511811022
21
0.651267874015748
0
LINE
8
BLACK
6
CONTINUOUS
10
1.2618155511811022
20
0.651267874015748
11
1.2619122440944881
21
0.6513645669291338
0
LINE
8
BLACK
6
CONTINUOUS
10
1.2619122440944881
20
0.6513645669291338
11
1.2619122440944881
21
0.6626979527559055
0
LINE
8
BLACK
6
CONTINUOUS
10
1.2619122440944881
20
0.6626979527559055
11
1.2565691732283464
21
0.6626979527559055
0
LINE
8
BLACK
6
CONTINUOUS
10
1.2565691732283464
20
0.6626979527559055
11
1.2536164173228346
21
0.6634891338582677
0
LINE
8
BLACK
6
CONTINUOUS
10
1.2536164173228346
20
0.6634891338582677
11
1.251454842519685
21
0.6656507086614173
0
LINE
8
BLACK
6
CONTINUOUS
10
1.251454842519685
20
0.6656507086614173
11
1.2506636614173228
21
0.6686034645669291
0
LINE
8
BLACK
6
CONTINUOUS
10
1.2506636614173228
20
0.6686034645669291
11
1.251454842519685
21
0.6715562204724409
0
LINE
8
BLACK
6
CONTINUOUS
10
1.251454842519685
20
0.6715562204724409
11
1.2536164173228346
21
0.6737177952755905
0
LINE
8
BLACK
6
CONTINUOUS
10
1.2536164173228346
20
0.6737177952755905
11
1.2565691732283464
21
0.6745089763779527
0
LINE
8
BLACK
6
CONTINUOUS
10
1.2565691732283464
20
0.6745089763779527
11
1.2678177559055117
21
0.6745089763779527
0
LINE
8
BLACK
6
CONTINUOUS
10
1.2678177559055117
20
0.6745089763779527
11
1.2707705118110235
21
0.6737177952755905
0
LINE
8
BLACK
6
CONTINUOUS
10
1.2707705118110235
20
0.6737177952755905
11
1.2729320866141731
21
0.6715562204724409
0
LINE
8
BLACK
6
CONTINUOUS
10
1.2729320866141731
20
0.6715562204724409
11
1.2737232677165353
21
0.6686034645669291
0
LINE
8
BLACK
6
CONTINUOUS
10
1.2737232677165353
20
0.6686034645669291
11
1.2737232677165353
21
0.6489184251968504
0
LINE
8
BLACK
6
CONTINUOUS
10
1.2737232677165353
20
0.6489184251968504
11
1.2735220472440945
21
0.6481674409448819
0
LINE
8
BLACK
6
CONTINUOUS
10
1.2735220472440945
20
0.6481674409448819
11
1.2735220472440945
21
0.6473899606299213
0
LINE
8
BLACK
6
CONTINUOUS
10
1.2735220472440945
20
0.6473899606299213
11
1.2731333070866142
21
0.6467166141732283
0
LINE
8
BLACK
6
CONTINUOUS
10
1.2731333070866142
20
0.6467166141732283
11
1.2729320866141731
21
0.6459656692913386
0
LINE
8
BLACK
6
CONTINUOUS
10
1.2729320866141731
20
0.6459656692913386
11
1.2723822834645668
21
0.6454158661417323
0
LINE
8
BLACK
6
CONTINUOUS
10
1.2723822834645668
20
0.6454158661417323
11
1.2719935826771653
21
0.6447425984251969
0
LINE
8
BLACK
6
CONTINUOUS
10
1.2719935826771653
20
0.6447425984251969
11
1.2691814566929134
21
0.6419304724409449
0
LINE
8
BLACK
6
CONTINUOUS
10
1.2691814566929134
20
0.6419304724409449
11
1.2680059842519684
21
0.6412518110236221
0
LINE
8
BLACK
6
CONTINUOUS
10
1.2680059842519684
20
0.6412518110236221
11
1.2668731102362205
21
0.6405038188976377
0
LINE
8
BLACK
6
CONTINUOUS
10
1.2668731102362205
20
0.6405038188976377
11
1.2584366535433071
21
0.6376916929133858
0
LINE
8
BLACK
6
CONTINUOUS
10
1.2584366535433071
20
0.6376916929133858
11
1.2574875984251968
21
0.63763468503937
0
LINE
8
BLACK
6
CONTINUOUS
10
1.2574875984251968
20
0.63763468503937
11
1.2565691732283464
21
0.6373886220472441
0
LINE
8
BLACK
6
CONTINUOUS
10
1.2565691732283464
20
0.6373886220472441
11
1.2509448818897637
21
0.6373886220472441
0
LINE
8
BLACK
6
CONTINUOUS
10
1.2509448818897637
20
0.6373886220472441
11
1.2500264173228346
21
0.63763468503937
0
LINE
8
BLACK
6
CONTINUOUS
10
1.2500264173228346
20
0.63763468503937
11
1.2490773622047244
21
0.6376916929133858
0
LINE
8
BLACK
6
CONTINUOUS
10
1.2490773622047244
20
0.6376916929133858
11
1.2406409448818898
21
0.6405038582677165
0
LINE
8
BLACK
6
CONTINUOUS
10
1.2406409448818898
20
0.6405038582677165
11
1.2395081496062992
21
0.6412517322834645
0
LINE
8
BLACK
6
CONTINUOUS
10
1.2395081496062992
20
0.6412517322834645
11
1.2383325984251967
21
0.6419304724409449
0
LINE
8
BLACK
6
CONTINUOUS
10
1.2383325984251967
20
0.6419304724409449
11
1.2327083070866141
21
0.6475547637795276
0
LINE
8
BLACK
6
CONTINUOUS
10
1.2327083070866141
20
0.6475547637795276
11
1.232232874015748
21
0.6483781889763779
0
LINE
8
BLACK
6
CONTINUOUS
10
1.232232874015748
20
0.6483781889763779
11
1.2316020866141733
21
0.6490895669291339
0
LINE
8
BLACK
6
CONTINUOUS
10
1.2316020866141733
20
0.6490895669291339
11
1.2287899212598425
21
0.6547138582677166
0
LINE
8
BLACK
6
CONTINUOUS
10
1.2287899212598425
20
0.6547138582677166
11
1.2286591732283465
21
0.6553525984251969
0
LINE
8
BLACK
6
CONTINUOUS
10
1.2286591732283465
20
0.6553525984251969
11
1.2283427952755905
21
0.6559225984251968
0
LINE
8
BLACK
6
CONTINUOUS
10
1.2283427952755905
20
0.6559225984251968
11
1.2255306692913386
21
0.6671711811023622
0
LINE
8
BLACK
6
CONTINUOUS
10
1.2255306692913386
20
0.6671711811023622
11
1.2255429133858267
21
0.6678996062992126
0
LINE
8
BLACK
6
CONTINUOUS
10
1.2255429133858267
20
0.6678996062992126
11
1.2253543307086614
21
0.6686034645669291
0
LINE
8
BLACK
6
CONTINUOUS
10
1.2253543307086614
20
0.6686034645669291
11
1.2253543307086614
21
0.6770399212598425
0
LINE
8
BLACK
6
CONTINUOUS
10
1.2253543307086614
20
0.6770399212598425
11
1.2255429133858267
21
0.6777437401574803
0
LINE
8
BLACK
6
CONTINUOUS
10
1.2255429133858267
20
0.6777437401574803
11
1.2255306692913386
21
0.6784722047244094
0
LINE
8
BLACK
6
CONTINUOUS
10
1.2255306692913386
20
0.6784722047244094
11
1.2283427952755905
21
0.6897207874015748
0
LINE
8
BLACK
6
CONTINUOUS
10
1.2283427952755905
20
0.6897207874015748
11
1.2286591732283465
21
0.690290748031496
0
LINE
8
BLACK
6
CONTINUOUS
10
1.2286591732283465
20
0.690290748031496
11
1.2287899212598425
21
0.6909295275590551
0
LINE
8
BLACK
6
CONTINUOUS
10
1.2287899212598425
20
0.6909295275590551
11
1.2316020866141733
21
0.6965538188976378
0
LINE
8
BLACK
6
CONTINUOUS
10
1.2316020866141733
20
0.6965538188976378
11
1.232232874015748
21
0.6972651574803149
0
LINE
8
BLACK
6
CONTINUOUS
10
1.232232874015748
20
0.6972651574803149
11
1.2327083070866141
21
0.6980886220472441
0
LINE
8
BLACK
6
CONTINUOUS
10
1.2327083070866141
20
0.6980886220472441
11
1.2383325984251967
21
0.7037129133858268
0
LINE
8
BLACK
6
CONTINUOUS
10
1.2383325984251967
20
0.7037129133858268
11
1.2395081496062992
21
0.7043916141732284
0
LINE
8
BLACK
6
CONTINUOUS
10
1.2395081496062992
20
0.7043916141732284
11
1.2406409448818898
21
0.7051395275590551
0
LINE
8
BLACK
6
CONTINUOUS
10
1.2406409448818898
20
0.7051395275590551
11
1.2490773622047244
21
0.7079516929133858
0
LINE
8
BLACK
6
CONTINUOUS
10
1.2490773622047244
20
0.7079516929133858
11
1.2500264173228346
21
0.7080086614173228
0
LINE
8
BLACK
6
CONTINUOUS
10
1.2500264173228346
20
0.7080086614173228
11
1.2509448818897637
21
0.7082547637795276
0
LINE
8
BLACK
6
CONTINUOUS
10
1.2509448818897637
20
0.7082547637795276
11
1.2593813385826771
21
0.7082547637795276
0
LINE
8
BLACK
6
CONTINUOUS
10
1.2593813385826771
20
0.7082547637795276
11
1.2606924015748031
21
0.7079034251968503
0
LINE
8
BLACK
6
CONTINUOUS
10
1.3298256299212599
20
0.7074635826771654
11
1.3319872047244095
21
0.7053020078740158
0
LINE
8
BLACK
6
CONTINUOUS
10
1.3319872047244095
20
0.7053020078740158
11
1.3327783858267717
21
0.702349251968504
0
LINE
8
BLACK
6
CONTINUOUS
10
1.3327783858267717
20
0.702349251968504
11
1.3327783858267717
21
0.6432941338582677
0
LINE
8
BLACK
6
CONTINUOUS
10
1.3327783858267717
20
0.6432941338582677
11
1.332774842519685
21
0.6432810236220472
0
LINE
8
BLACK
6
CONTINUOUS
10
1.332774842519685
20
0.6432810236220472
11
1.3327783464566929
21
0.6432678346456693
0
LINE
8
BLACK
6
CONTINUOUS
10
1.3327783464566929
20
0.6432678346456693
11
1.3323785433070865
21
0.6418020078740158
0
LINE
8
BLACK
6
CONTINUOUS
10
1.3323785433070865
20
0.6418020078740158
11
1.3319872047244095
21
0.6403413779527559
0
LINE
8
BLACK
6
CONTINUOUS
10
1.3319872047244095
20
0.6403413779527559
11
1.3319775984251969
21
0.6403317716535433
0
LINE
8
BLACK
6
CONTINUOUS
10
1.3319775984251969
20
0.6403317716535433
11
1.3319740157480315
21
0.6403186220472441
0
LINE
8
BLACK
6
CONTINUOUS
10
1.3319740157480315
20
0.6403186220472441
11
1.3308950787401574
21
0.6392492519685039
0
LINE
8
BLACK
6
CONTINUOUS
10
1.3308950787401574
20
0.6392492519685039
11
1.3298256299212599
21
0.6381798031496063
0
LINE
8
BLACK
6
CONTINUOUS
10
1.3298256299212599
20
0.6381798031496063
11
1.3298124803149607
21
0.6381762598425197
0
LINE
8
BLACK
6
CONTINUOUS
10
1.3298124803149607
20
0.6381762598425197
11
1.3298028346456692
21
0.6381666929133858
0
LINE
8
BLACK
6
CONTINUOUS
10
1.3298028346456692
20
0.6381666929133858
11
1.3283334645669291
21
0.6377799606299213
0
LINE
8
BLACK
6
CONTINUOUS
10
1.3283334645669291
20
0.6377799606299213
11
1.326872874015748
21
0.6373886220472441
0
LINE
8
BLACK
6
CONTINUOUS
10
1.326872874015748
20
0.6373886220472441
11
1.3268597637795276
21
0.637392125984252
0
LINE
8
BLACK
6
CONTINUOUS
10
1.3268597637795276
20
0.637392125984252
11
1.3268465748031495
21
0.6373886614173229
0
LINE
8
BLACK
6
CONTINUOUS
10
1.3268465748031495
20
0.6373886614173229
11
1.3253807480314961
21
0.6377884251968504
0
LINE
8
BLACK
6
CONTINUOUS
10
1.3253807480314961
20
0.6377884251968504
11
1.3239201181102362
21
0.6381798031496063
0
LINE
8
BLACK
6
CONTINUOUS
10
1.3239201181102362
20
0.6381798031496063
11
1.3239105118110235
21
0.6381893700787401
0
LINE
8
BLACK
6
CONTINUOUS
10
1.3239105118110235
20
0.6381893700787401
11
1.3238973622047243
21
0.6381929921259842
0
LINE
8
BLACK
6
CONTINUOUS
10
1.3238973622047243
20
0.6381929921259842
11
1.3228301968503937
21
0.6392696850393701
0
LINE
8
BLACK
6
CONTINUOUS
10
1.3228301968503937
20
0.6392696850393701
11
1.3217585433070866
21
0.6403413779527559
0
LINE
8
BLACK
6
CONTINUOUS
10
1.3217585433070866
20
0.6403413779527559
11
1.321755
21
0.6403545275590551
0
LINE
8
BLACK
6
CONTINUOUS
10
1.321755
20
0.6403545275590551
11
1.3217454724409448
21
0.6403641732283465
0
LINE
8
BLACK
6
CONTINUOUS
10
1.3217454724409448
20
0.6403641732283465
11
1.2990325984251969
21
0.6801116929133858
0
LINE
8
BLACK
6
CONTINUOUS
10
1.2990325984251969
20
0.6801116929133858
11
1.2990325984251969
21
0.6432941338582677
0
LINE
8
BLACK
6
CONTINUOUS
10
1.2990325984251969
20
0.6432941338582677
11
1.2982414173228347
21
0.6403413779527559
0
LINE
8
BLACK
6
CONTINUOUS
10
1.2982414173228347
20
0.6403413779527559
11
1.2960798425196851
21
0.6381798031496063
0
LINE
8
BLACK
6
CONTINUOUS
10
1.2960798425196851
20
0.6381798031496063
11
1.2931270866141733
21
0.6373886220472441
0
LINE
8
BLACK
6
CONTINUOUS
10
1.2931270866141733
20
0.6373886220472441
11
1.2901743307086615
21
0.6381798031496063
0
LINE
8
BLACK
6
CONTINUOUS
10
1.2901743307086615
20
0.6381798031496063
11
1.2880127559055117
21
0.6403413779527559
0
LINE
8
BLACK
6
CONTINUOUS
10
1.2880127559055117
20
0.6403413779527559
11
1.2872215748031495
21
0.6432941338582677
0
LINE
8
BLACK
6
CONTINUOUS
10
1.2872215748031495
20
0.6432941338582677
11
1.2872215748031495
21
0.702349251968504
0
LINE
8
BLACK
6
CONTINUOUS
10
1.2872215748031495
20
0.702349251968504
11
1.2872250787401573
21
0.7023623228346456
0
LINE
8
BLACK
6
CONTINUOUS
10
1.2872250787401573
20
0.7023623228346456
11
1.2872216141732282
21
0.7023755511811024
0
LINE
8
BLACK
6
CONTINUOUS
10
1.2872216141732282
20
0.7023755511811024
11
1.2876213779527559
21
0.7038413385826772
0
LINE
8
BLACK
6
CONTINUOUS
10
1.2876213779527559
20
0.7038413385826772
11
1.2880127559055117
21
0.7053020078740158
0
LINE
8
BLACK
6
CONTINUOUS
10
1.2880127559055117
20
0.7053020078740158
11
1.2880223228346457
21
0.7053115748031495
0
LINE
8
BLACK
6
CONTINUOUS
10
1.2880223228346457
20
0.7053115748031495
11
1.2880259448818898
21
0.7053247637795276
0
LINE
8
BLACK
6
CONTINUOUS
10
1.2880259448818898
20
0.7053247637795276
11
1.2891026377952755
21
0.7063918897637795
0
LINE
8
BLACK
6
CONTINUOUS
10
1.2891026377952755
20
0.7063918897637795
11
1.2901743307086615
21
0.7074635826771654
0
LINE
8
BLACK
6
CONTINUOUS
10
1.2901743307086615
20
0.7074635826771654
11
1.2901874803149607
21
0.7074670866141732
0
LINE
8
BLACK
6
CONTINUOUS
10
1.2901874803149607
20
0.7074670866141732
11
1.290197125984252
21
0.707476653543307
0
LINE
8
BLACK
6
CONTINUOUS
10
1.290197125984252
20
0.707476653543307
11
1.2916622834645668
21
0.7078622440944882
0
LINE
8
BLACK
6
CONTINUOUS
10
1.2916622834645668
20
0.7078622440944882
11
1.2931270866141733
21
0.7082547637795276
0
LINE
8
BLACK
6
CONTINUOUS
10
1.2931270866141733
20
0.7082547637795276
11
1.293140157480315
21
0.7082512204724409
0
LINE
8
BLACK
6
CONTINUOUS
10
1.293140157480315
20
0.7082512204724409
11
1.2931533858267716
21
0.7082547244094488
0
LINE
8
BLACK
6
CONTINUOUS
10
1.2931533858267716
20
0.7082547244094488
11
1.2946191732283465
21
0.7078549212598425
0
LINE
8
BLACK
6
CONTINUOUS
10
1.2946191732283465
20
0.7078549212598425
11
1.2960798425196851
21
0.7074635826771654
0
LINE
8
BLACK
6
CONTINUOUS
10
1.2960798425196851
20
0.7074635826771654
11
1.2960894094488189
21
0.7074539763779527
0
LINE
8
BLACK
6
CONTINUOUS
10
1.2960894094488189
20
0.7074539763779527
11
1.2961025984251968
21
0.7074503937007874
0
LINE
8
BLACK
6
CONTINUOUS
10
1.2961025984251968
20
0.7074503937007874
11
1.2971697244094489
21
0.7063736614173228
0
LINE
8
BLACK
6
CONTINUOUS
10
1.2971697244094489
20
0.7063736614173228
11
1.2982414173228347
21
0.7053020078740158
0
LINE
8
BLACK
6
CONTINUOUS
10
1.2982414173228347
20
0.7053020078740158
11
1.2982449212598426
21
0.7052888188976377
0
LINE
8
BLACK
6
CONTINUOUS
10
1.2982449212598426
20
0.7052888188976377
11
1.2982544881889764
21
0.7052792125984252
0
LINE
8
BLACK
6
CONTINUOUS
10
1.2982544881889764
20
0.7052792125984252
11
1.3209673622047244
21
0.6655317322834645
0
LINE
8
BLACK
6
CONTINUOUS
10
1.3209673622047244
20
0.6655317322834645
11
1.3209673622047244
21
0.702349251968504
0
LINE
8
BLACK
6
CONTINUOUS
10
1.3209673622047244
20
0.702349251968504
11
1.3217585433070866
21
0.7053020078740158
0
LINE
8
BLACK
6
CONTINUOUS
10
1.3217585433070866
20
0.7053020078740158
11
1.3239201181102362
21
0.7074635826771654
0
LINE
8
BLACK
6
CONTINUOUS
10
1.3239201181102362
20
0.7074635826771654
11
1.326872874015748
21
0.7082547637795276
0
LINE
8
BLACK
6
CONTINUOUS
10
1.326872874015748
20
0.7082547637795276
11
1.3298256299212599
21
0.7074635826771654
0
LINE
8
BLACK
6
CONTINUOUS
10
1.3699735433070865
20
0.7080086614173228
11
1.3709225984251969
21
0.7079516929133858
0
LINE
8
BLACK
6
CONTINUOUS
10
1.3709225984251969
20
0.7079516929133858
11
1.3793590551181103
21
0.7051395669291338
0
LINE
8
BLACK
6
CONTINUOUS
10
1.3793590551181103
20
0.7051395669291338
11
1.3804919291338582
21
0.7043915354330709
0
LINE
8
BLACK
6
CONTINUOUS
10
1.3804919291338582
20
0.7043915354330709
11
1.3816674015748032
21
0.7037129133858268
0
LINE
8
BLACK
6
CONTINUOUS
10
1.3816674015748032
20
0.7037129133858268
11
1.3872916929133858
21
0.6980886220472441
0
LINE
8
BLACK
6
CONTINUOUS
10
1.3872916929133858
20
0.6980886220472441
11
1.3877670866141731
21
0.6972651574803149
0
LINE
8
BLACK
6
CONTINUOUS
10
1.3877670866141731
20
0.6972651574803149
11
1.3883979133858266
21
0.6965538188976378
0
LINE
8
BLACK
6
CONTINUOUS
10
1.3883979133858266
20
0.6965538188976378
11
1.3912100787401573
21
0.6909295669291339
0
LINE
8
BLACK
6
CONTINUOUS
10
1.3912100787401573
20
0.6909295669291339
11
1.3913407874015749
21
0.6902907086614173
0
LINE
8
BLACK
6
CONTINUOUS
10
1.3913407874015749
20
0.6902907086614173
11
1.3916572047244093
21
0.6897207874015748
0
LINE
8
BLACK
6
CONTINUOUS
10
1.3916572047244093
20
0.6897207874015748
11
1.3944693307086613
21
0.6784722047244094
0
LINE
8
BLACK
6
CONTINUOUS
10
1.3944693307086613
20
0.6784722047244094
11
1.3944570472440945
21
0.6777437401574803
0
LINE
8
BLACK
6
CONTINUOUS
10
1.3944570472440945
20
0.6777437401574803
11
1.3946456692913385
21
0.6770399212598425
0
LINE
8
BLACK
6
CONTINUOUS
10
1.3946456692913385
20
0.6770399212598425
11
1.3946456692913385
21
0.6686034645669291
0
LINE
8
BLACK
6
CONTINUOUS
10
1.3946456692913385
20
0.6686034645669291
11
1.3944570472440945
21
0.6678996062992126
0
LINE
8
BLACK
6
CONTINUOUS
10
1.3944570472440945
20
0.6678996062992126
11
1.3944693307086613
21
0.6671711811023622
0
LINE
8
BLACK
6
CONTINUOUS
10
1.3944693307086613
20
0.6671711811023622
11
1.3916572047244093
21
0.6559225984251968
0
LINE
8
BLACK
6
CONTINUOUS
10
1.3916572047244093
20
0.6559225984251968
11
1.3913407874015749
21
0.6553526377952755
0
LINE
8
BLACK
6
CONTINUOUS
10
1.3913407874015749
20
0.6553526377952755
11
1.3912100787401573
21
0.6547138188976378
0
LINE
8
BLACK
6
CONTINUOUS
10
1.3912100787401573
20
0.6547138188976378
11
1.3883979133858266
21
0.6490895669291339
0
LINE
8
BLACK
6
CONTINUOUS
10
1.3883979133858266
20
0.6490895669291339
11
1.3877670866141731
21
0.6483781889763779
0
LINE
8
BLACK
6
CONTINUOUS
10
1.3877670866141731
20
0.6483781889763779
11
1.3872916929133858
21
0.6475547637795276
0
LINE
8
BLACK
6
CONTINUOUS
10
1.3872916929133858
20
0.6475547637795276
11
1.3816674015748032
21
0.6419304724409449
0
LINE
8
BLACK
6
CONTINUOUS
10
1.3816674015748032
20
0.6419304724409449
11
1.3804919291338582
21
0.6412518110236221
0
LINE
8
BLACK
6
CONTINUOUS
10
1.3804919291338582
20
0.6412518110236221
11
1.3793590551181103
21
0.6405038188976377
0
LINE
8
BLACK
6
CONTINUOUS
10
1.3793590551181103
20
0.6405038188976377
11
1.3709225984251969
21
0.6376916929133858
0
LINE
8
BLACK
6
CONTINUOUS
10
1.3709225984251969
20
0.6376916929133858
11
1.3699735433070865
21
0.63763468503937
0
LINE
8
BLACK
6
CONTINUOUS
10
1.3699735433070865
20
0.63763468503937
11
1.3690551181102362
21
0.6373886220472441
0
LINE
8
BLACK
6
CONTINUOUS
10
1.3690551181102362
20
0.6373886220472441
11
1.3549943700787401
21
0.6373886220472441
0
LINE
8
BLACK
6
CONTINUOUS
10
1.3549943700787401
20
0.6373886220472441
11
1.3520416141732283
21
0.6381798031496063
0
LINE
8
BLACK
6
CONTINUOUS
10
1.3520416141732283
20
0.6381798031496063
11
1.3498800393700787
21
0.6403413779527559
0
LINE
8
BLACK
6
CONTINUOUS
10
1.3498800393700787
20
0.6403413779527559
11
1.3490888582677165
21
0.6432941338582677
0
LINE
8
BLACK
6
CONTINUOUS
10
1.3490888582677165
20
0.6432941338582677
11
1.3490888582677165
21
0.702349251968504
0
LINE
8
BLACK
6
CONTINUOUS
10
1.3490888582677165
20
0.702349251968504
11
1.3498800393700787
21
0.7053020078740158
0
LINE
8
BLACK
6
CONTINUOUS
10
1.3498800393700787
20
0.7053020078740158
11
1.3520416141732283
21
0.7074635826771654
0
LINE
8
BLACK
6
CONTINUOUS
10
1.3520416141732283
20
0.7074635826771654
11
1.3549943700787401
21
0.7082547637795276
0
LINE
8
BLACK
6
CONTINUOUS
10
1.3549943700787401
20
0.7082547637795276
11
1.3690551181102362
21
0.7082547637795276
0
LINE
8
BLACK
6
CONTINUOUS
10
1.3690551181102362
20
0.7082547637795276
11
1.3699735433070865
21
0.7080086614173228
0
LINE
8
BLACK
6
CONTINUOUS
10
1.3608998818897637
20
0.6491996456692913
11
1.3680968503937008
21
0.6491996456692913
0
LINE
8
BLACK
6
CONTINUOUS
10
1.3680968503937008
20
0.6491996456692913
11
1.374301496062992
21
0.651267874015748
0
LINE
8
BLACK
6
CONTINUOUS
10
1.374301496062992
20
0.651267874015748
11
1.3782624015748031
21
0.6552287795275591
0
LINE
8
BLACK
6
CONTINUOUS
10
1.3782624015748031
20
0.6552287795275591
11
1.3803560629921259
21
0.6594161417322835
0
LINE
8
BLACK
6
CONTINUOUS
10
1.3803560629921259
20
0.6594161417322835
11
1.3828346456692913
21
0.6693303543307086
0
LINE
8
BLACK
6
CONTINUOUS
10
1.3828346456692913
20
0.6693303543307086
11
1.3828346456692913
21
0.6763129921259843
0
LINE
8
BLACK
6
CONTINUOUS
10
1.3828346456692913
20
0.6763129921259843
11
1.3803560629921259
21
0.6862272047244095
0
LINE
8
BLACK
6
CONTINUOUS
10
1.3803560629921259
20
0.6862272047244095
11
1.3782624015748031
21
0.6904145669291338
0
LINE
8
BLACK
6
CONTINUOUS
10
1.3782624015748031
20
0.6904145669291338
11
1.374301496062992
21
0.6943754724409449
0
LINE
8
BLACK
6
CONTINUOUS
10
1.374301496062992
20
0.6943754724409449
11
1.3680968503937008
21
0.6964437401574803
0
LINE
8
BLACK
6
CONTINUOUS
10
1.3680968503937008
20
0.6964437401574803
11
1.3608998818897637
21
0.6964437401574803
0
LINE
8
BLACK
6
CONTINUOUS
10
1.3608998818897637
20
0.6964437401574803
11
1.3608998818897637
21
0.6491996456692913
0
LINE
8
BLACK
6
CONTINUOUS
10
1.4606924015748031
20
0.7079034251968503
11
1.4620223622047244
21
0.7076312992125984
0
LINE
8
BLACK
6
CONTINUOUS
10
1.4620223622047244
20
0.7076312992125984
11
1.467646653543307
21
0.7048191338582677
0
LINE
8
BLACK
6
CONTINUOUS
10
1.467646653543307
20
0.7048191338582677
11
1.4699338582677166
21
0.7027909448818898
0
LINE
8
BLACK
6
CONTINUOUS
10
1.4699338582677166
20
0.7027909448818898
11
1.4709005511811024
21
0.699890905511811
0
LINE
8
BLACK
6
CONTINUOUS
10
1.4709005511811024
20
0.699890905511811
11
1.4702876771653544
21
0.6968960629921259
0
LINE
8
BLACK
6
CONTINUOUS
10
1.4702876771653544
20
0.6968960629921259
11
1.4682594881889763
21
0.6946088582677166
0
LINE
8
BLACK
6
CONTINUOUS
10
1.4682594881889763
20
0.6946088582677166
11
1.4653594488188977
21
0.6936421653543307
0
LINE
8
BLACK
6
CONTINUOUS
10
1.4653594488188977
20
0.6936421653543307
11
1.4623645669291339
21
0.6942550393700787
0
LINE
8
BLACK
6
CONTINUOUS
10
1.4623645669291339
20
0.6942550393700787
11
1.4579872440944881
21
0.6964437401574803
0
LINE
8
BLACK
6
CONTINUOUS
10
1.4579872440944881
20
0.6964437401574803
11
1.4519032677165353
21
0.6964437401574803
0
LINE
8
BLACK
6
CONTINUOUS
10
1.4519032677165353
20
0.6964437401574803
11
1.4456984645669291
21
0.6943754724409449
0
LINE
8
BLACK
6
CONTINUOUS
10
1.4456984645669291
20
0.6943754724409449
11
1.4417375984251968
21
0.6904146062992126
0
LINE
8
BLACK
6
CONTINUOUS
10
1.4417375984251968
20
0.6904146062992126
11
1.4396438582677165
21
0.6862272047244095
0
LINE
8
BLACK
6
CONTINUOUS
10
1.4396438582677165
20
0.6862272047244095
11
1.4371653543307086
21
0.6763129921259843
0
LINE
8
BLACK
6
CONTINUOUS
10
1.4371653543307086
20
0.6763129921259843
11
1.4371653543307086
21
0.6693303543307086
0
LINE
8
BLACK
6
CONTINUOUS
10
1.4371653543307086
20
0.6693303543307086
11
1.4396438582677165
21
0.6594161417322835
0
LINE
8
BLACK
6
CONTINUOUS
10
1.4396438582677165
20
0.6594161417322835
11
1.4417375984251968
21
0.6552287401574803
0
LINE
8
BLACK
6
CONTINUOUS
10
1.4417375984251968
20
0.6552287401574803
11
1.4456984645669291
21
0.651267874015748
0
LINE
8
BLACK
6
CONTINUOUS
10
1.4456984645669291
20
0.651267874015748
11
1.4519032677165353
21
0.6491996456692913
0
LINE
8
BLACK
6
CONTINUOUS
10
1.4519032677165353
20
0.6491996456692913
11
1.4556109055118109
21
0.6491996456692913
0
LINE
8
BLACK
6
CONTINUOUS
10
1.4556109055118109
20
0.6491996456692913
11
1.4618155511811024
21
0.651267874015748
0
LINE
8
BLACK
6
CONTINUOUS
10
1.4618155511811024
20
0.651267874015748
11
1.4619122440944881
21
0.6513645669291338
0
LINE
8
BLACK
6
CONTINUOUS
10
1.4619122440944881
20
0.6513645669291338
11
1.4619122440944881
21
0.6626979527559055
0
LINE
8
BLACK
6
CONTINUOUS
10
1.4619122440944881
20
0.6626979527559055
11
1.4565691732283463
21
0.6626979527559055
0
LINE
8
BLACK
6
CONTINUOUS
10
1.4565691732283463
20
0.6626979527559055
11
1.4536164173228345
21
0.6634891338582677
0
LINE
8
BLACK
6
CONTINUOUS
10
1.4536164173228345
20
0.6634891338582677
11
1.4514548425196849
21
0.6656507086614173
0
LINE
8
BLACK
6
CONTINUOUS
10
1.4514548425196849
20
0.6656507086614173
11
1.4506636614173227
21
0.6686034645669291
0
LINE
8
BLACK
6
CONTINUOUS
10
1.4506636614173227
20
0.6686034645669291
11
1.4514548425196849
21
0.6715562204724409
0
LINE
8
BLACK
6
CONTINUOUS
10
1.4514548425196849
20
0.6715562204724409
11
1.4536164173228345
21
0.6737177952755905
0
LINE
8
BLACK
6
CONTINUOUS
10
1.4536164173228345
20
0.6737177952755905
11
1.4565691732283463
21
0.6745089763779527
0
LINE
8
BLACK
6
CONTINUOUS
10
1.4565691732283463
20
0.6745089763779527
11
1.4678177559055117
21
0.6745089763779527
0
LINE
8
BLACK
6
CONTINUOUS
10
1.4678177559055117
20
0.6745089763779527
11
1.4707705118110237
21
0.6737177952755905
0
LINE
8
BLACK
6
CONTINUOUS
10
1.4707705118110237
20
0.6737177952755905
11
1.4729320866141733
21
0.6715562204724409
0
LINE
8
BLACK
6
CONTINUOUS
10
1.4729320866141733
20
0.6715562204724409
11
1.4737232677165355
21
0.6686034645669291
0
LINE
8
BLACK
6
CONTINUOUS
10
1.4737232677165355
20
0.6686034645669291
11
1.4737232677165355
21
0.6489184251968504
0
LINE
8
BLACK
6
CONTINUOUS
10
1.4737232677165355
20
0.6489184251968504
11
1.4735220472440944
21
0.6481674409448819
0
LINE
8
BLACK
6
CONTINUOUS
10
1.4735220472440944
20
0.6481674409448819
11
1.4735220472440944
21
0.6473899606299213
0
LINE
8
BLACK
6
CONTINUOUS
10
1.4735220472440944
20
0.6473899606299213
11
1.4731333070866142
21
0.6467166141732283
0
LINE
8
BLACK
6
CONTINUOUS
10
1.4731333070866142
20
0.6467166141732283
11
1.4729320866141733
21
0.6459656692913386
0
LINE
8
BLACK
6
CONTINUOUS
10
1.4729320866141733
20
0.6459656692913386
11
1.4723822834645668
21
0.6454158661417323
0
LINE
8
BLACK
6
CONTINUOUS
10
1.4723822834645668
20
0.6454158661417323
11
1.4719935826771653
21
0.6447425984251969
0
LINE
8
BLACK
6
CONTINUOUS
10
1.4719935826771653
20
0.6447425984251969
11
1.4691814566929133
21
0.6419304724409449
0
LINE
8
BLACK
6
CONTINUOUS
10
1.4691814566929133
20
0.6419304724409449
11
1.4680059842519684
21
0.6412518110236221
0
LINE
8
BLACK
6
CONTINUOUS
10
1.4680059842519684
20
0.6412518110236221
11
1.4668731102362205
21
0.6405038188976377
0
LINE
8
BLACK
6
CONTINUOUS
10
1.4668731102362205
20
0.6405038188976377
11
1.4584366535433071
21
0.6376916929133858
0
LINE
8
BLACK
6
CONTINUOUS
10
1.4584366535433071
20
0.6376916929133858
11
1.4574875984251967
21
0.63763468503937
0
LINE
8
BLACK
6
CONTINUOUS
10
1.4574875984251967
20
0.63763468503937
11
1.4565691732283463
21
0.6373886220472441
0
LINE
8
BLACK
6
CONTINUOUS
10
1.4565691732283463
20
0.6373886220472441
11
1.4509448818897637
21
0.6373886220472441
0
LINE
8
BLACK
6
CONTINUOUS
10
1.4509448818897637
20
0.6373886220472441
11
1.4500264173228345
21
0.63763468503937
0
LINE
8
BLACK
6
CONTINUOUS
10
1.4500264173228345
20
0.63763468503937
11
1.4490773622047244
21
0.6376916929133858
0
LINE
8
BLACK
6
CONTINUOUS
10
1.4490773622047244
20
0.6376916929133858
11
1.4406409448818898
21
0.6405038582677165
0
LINE
8
BLACK
6
CONTINUOUS
10
1.4406409448818898
20
0.6405038582677165
11
1.4395081496062991
21
0.6412517322834645
0
LINE
8
BLACK
6
CONTINUOUS
10
1.4395081496062991
20
0.6412517322834645
11
1.4383325984251969
21
0.6419304724409449
0
LINE
8
BLACK
6
CONTINUOUS
10
1.4383325984251969
20
0.6419304724409449
11
1.4327083070866142
21
0.6475547637795276
0
LINE
8
BLACK
6
CONTINUOUS
10
1.4327083070866142
20
0.6475547637795276
11
1.4322328740157479
21
0.6483781889763779
0
LINE
8
BLACK
6
CONTINUOUS
10
1.4322328740157479
20
0.6483781889763779
11
1.4316020866141732
21
0.6490895669291339
0
LINE
8
BLACK
6
CONTINUOUS
10
1.4316020866141732
20
0.6490895669291339
11
1.4287899212598425
21
0.6547138582677166
0
LINE
8
BLACK
6
CONTINUOUS
10
1.4287899212598425
20
0.6547138582677166
11
1.4286591732283465
21
0.6553525984251969
0
LINE
8
BLACK
6
CONTINUOUS
10
1.4286591732283465
20
0.6553525984251969
11
1.4283427952755905
21
0.6559225984251968
0
LINE
8
BLACK
6
CONTINUOUS
10
1.4283427952755905
20
0.6559225984251968
11
1.4255306692913385
21
0.6671711811023622
0
LINE
8
BLACK
6
CONTINUOUS
10
1.4255306692913385
20
0.6671711811023622
11
1.4255429133858268
21
0.6678996062992126
0
LINE
8
BLACK
6
CONTINUOUS
10
1.4255429133858268
20
0.6678996062992126
11
1.4253543307086614
21
0.6686034645669291
0
LINE
8
BLACK
6
CONTINUOUS
10
1.4253543307086614
20
0.6686034645669291
11
1.4253543307086614
21
0.6770399212598425
0
LINE
8
BLACK
6
CONTINUOUS
10
1.4253543307086614
20
0.6770399212598425
11
1.4255429133858268
21
0.6777437401574803
0
LINE
8
BLACK
6
CONTINUOUS
10
1.4255429133858268
20
0.6777437401574803
11
1.4255306692913385
21
0.6784722047244094
0
LINE
8
BLACK
6
CONTINUOUS
10
1.4255306692913385
20
0.6784722047244094
11
1.4283427952755905
21
0.6897207874015748
0
LINE
8
BLACK
6
CONTINUOUS
10
1.4283427952755905
20
0.6897207874015748
11
1.4286591732283465
21
0.690290748031496
0
LINE
8
BLACK
6
CONTINUOUS
10
1.4286591732283465
20
0.690290748031496
11
1.4287899212598425
21
0.6909295275590551
0
LINE
8
BLACK
6
CONTINUOUS
10
1.4287899212598425
20
0.6909295275590551
11
1.4316020866141732
21
0.6965538188976378
0
LINE
8
BLACK
6
CONTINUOUS
10
1.4316020866141732
20
0.6965538188976378
11
1.4322328740157479
21
0.6972651574803149
0
LINE
8
BLACK
6
CONTINUOUS
10
1.4322328740157479
20
0.6972651574803149
11
1.4327083070866142
21
0.6980886220472441
0
LINE
8
BLACK
6
CONTINUOUS
10
1.4327083070866142
20
0.6980886220472441
11
1.4383325984251969
21
0.7037129133858268
0
LINE
8
BLACK
6
CONTINUOUS
10
1.4383325984251969
20
0.7037129133858268
11
1.4395081496062991
21
0.7043916141732284
0
LINE
8
BLACK
6
CONTINUOUS
10
1.4395081496062991
20
0.7043916141732284
11
1.4406409448818898
21
0.7051395275590551
0
LINE
8
BLACK
6
CONTINUOUS
10
1.4406409448818898
20
0.7051395275590551
11
1.4490773622047244
21
0.7079516929133858
0
LINE
8
BLACK
6
CONTINUOUS
10
1.4490773622047244
20
0.7079516929133858
11
1.4500264173228345
21
0.7080086614173228
0
LINE
8
BLACK
6
CONTINUOUS
10
1.4500264173228345
20
0.7080086614173228
11
1.4509448818897637
21
0.7082547637795276
0
LINE
8
BLACK
6
CONTINUOUS
10
1.4509448818897637
20
0.7082547637795276
11
1.459381338582677
21
0.7082547637795276
0
LINE
8
BLACK
6
CONTINUOUS
10
1.459381338582677
20
0.7082547637795276
11
1.4606924015748031
21
0.7079034251968503
0
LINE
8
BLACK
6
CONTINUOUS
10
1.5298256299212598
20
0.7074635826771654
11
1.5319872047244094
21
0.7053020078740158
0
LINE
8
BLACK
6
CONTINUOUS
10
1.5319872047244094
20
0.7053020078740158
11
1.5327783858267716
21
0.702349251968504
0
LINE
8
BLACK
6
CONTINUOUS
10
1.5327783858267716
20
0.702349251968504
11
1.5327783858267716
21
0.6432941338582677
0
LINE
8
BLACK
6
CONTINUOUS
10
1.5327783858267716
20
0.6432941338582677
11
1.532774842519685
21
0.6432810236220472
0
LINE
8
BLACK
6
CONTINUOUS
10
1.532774842519685
20
0.6432810236220472
11
1.5327783464566929
21
0.6432678346456693
0
LINE
8
BLACK
6
CONTINUOUS
10
1.5327783464566929
20
0.6432678346456693
11
1.5323785433070867
21
0.6418020078740158
0
LINE
8
BLACK
6
CONTINUOUS
10
1.5323785433070867
20
0.6418020078740158
11
1.5319872047244094
21
0.6403413779527559
0
LINE
8
BLACK
6
CONTINUOUS
10
1.5319872047244094
20
0.6403413779527559
11
1.5319775984251969
21
0.6403317716535433
0
LINE
8
BLACK
6
CONTINUOUS
10
1.5319775984251969
20
0.6403317716535433
11
1.5319740157480315
21
0.6403186220472441
0
LINE
8
BLACK
6
CONTINUOUS
10
1.5319740157480315
20
0.6403186220472441
11
1.5308950787401574
21
0.6392492519685039
0
LINE
8
BLACK
6
CONTINUOUS
10
1.5308950787401574
20
0.6392492519685039
11
1.5298256299212598
21
0.6381798031496063
0
LINE
8
BLACK
6
CONTINUOUS
10
1.5298256299212598
20
0.6381798031496063
11
1.5298124803149606
21
0.6381762598425197
0
LINE
8
BLACK
6
CONTINUOUS
10
1.5298124803149606
20
0.6381762598425197
11
1.5298028346456694
21
0.6381666929133858
0
LINE
8
BLACK
6
CONTINUOUS
10
1.5298028346456694
20
0.6381666929133858
11
1.5283334645669291
21
0.6377799606299213
0
LINE
8
BLACK
6
CONTINUOUS
10
1.5283334645669291
20
0.6377799606299213
11
1.526872874015748
21
0.6373886220472441
0
LINE
8
BLACK
6
CONTINUOUS
10
1.526872874015748
20
0.6373886220472441
11
1.5268597637795276
21
0.637392125984252
0
LINE
8
BLACK
6
CONTINUOUS
10
1.5268597637795276
20
0.637392125984252
11
1.5268465748031497
21
0.6373886614173229
0
LINE
8
BLACK
6
CONTINUOUS
10
1.5268465748031497
20
0.6373886614173229
11
1.525380748031496
21
0.6377884251968504
0
LINE
8
BLACK
6
CONTINUOUS
10
1.525380748031496
20
0.6377884251968504
11
1.5239201181102362
21
0.6381798031496063
0
LINE
8
BLACK
6
CONTINUOUS
10
1.5239201181102362
20
0.6381798031496063
11
1.5239105118110237
21
0.6381893700787401
0
LINE
8
BLACK
6
CONTINUOUS
10
1.5239105118110237
20
0.6381893700787401
11
1.5238973622047243
21
0.6381929921259842
0
LINE
8
BLACK
6
CONTINUOUS
10
1.5238973622047243
20
0.6381929921259842
11
1.5228301968503937
21
0.6392696850393701
0
LINE
8
BLACK
6
CONTINUOUS
10
1.5228301968503937
20
0.6392696850393701
11
1.5217585433070866
21
0.6403413779527559
0
LINE
8
BLACK
6
CONTINUOUS
10
1.5217585433070866
20
0.6403413779527559
11
1.521755
21
0.6403545275590551
0
LINE
8
BLACK
6
CONTINUOUS
10
1.521755
20
0.6403545275590551
11
1.5217454724409449
21
0.6403641732283465
0
LINE
8
BLACK
6
CONTINUOUS
10
1.5217454724409449
20
0.6403641732283465
11
1.4990325984251969
21
0.6801116929133858
0
LINE
8
BLACK
6
CONTINUOUS
10
1.4990325984251969
20
0.6801116929133858
11
1.4990325984251969
21
0.6432941338582677
0
LINE
8
BLACK
6
CONTINUOUS
10
1.4990325984251969
20
0.6432941338582677
11
1.4982414173228347
21
0.6403413779527559
0
LINE
8
BLACK
6
CONTINUOUS
10
1.4982414173228347
20
0.6403413779527559
11
1.4960798425196851
21
0.6381798031496063
0
LINE
8
BLACK
6
CONTINUOUS
10
1.4960798425196851
20
0.6381798031496063
11
1.4931270866141733
21
0.6373886220472441
0
LINE
8
BLACK
6
CONTINUOUS
10
1.4931270866141733
20
0.6373886220472441
11
1.4901743307086615
21
0.6381798031496063
0
LINE
8
BLACK
6
CONTINUOUS
10
1.4901743307086615
20
0.6381798031496063
11
1.4880127559055119
21
0.6403413779527559
0
LINE
8
BLACK
6
CONTINUOUS
10
1.4880127559055119
20
0.6403413779527559
11
1.4872215748031496
21
0.6432941338582677
0
LINE
8
BLACK
6
CONTINUOUS
10
1.4872215748031496
20
0.6432941338582677
11
1.4872215748031496
21
0.702349251968504
0
LINE
8
BLACK
6
CONTINUOUS
10
1.4872215748031496
20
0.702349251968504
11
1.4872250787401575
21
0.7023623228346456
0
LINE
8
BLACK
6
CONTINUOUS
10
1.4872250787401575
20
0.7023623228346456
11
1.4872216141732284
21
0.7023755511811024
0
LINE
8
BLACK
6
CONTINUOUS
10
1.4872216141732284
20
0.7023755511811024
11
1.4876213779527558
21
0.7038413385826772
0
LINE
8
BLACK
6
CONTINUOUS
10
1.4876213779527558
20
0.7038413385826772
11
1.4880127559055119
21
0.7053020078740158
0
LINE
8
BLACK
6
CONTINUOUS
10
1.4880127559055119
20
0.7053020078740158
11
1.4880223228346456
21
0.7053115748031495
0
LINE
8
BLACK
6
CONTINUOUS
10
1.4880223228346456
20
0.7053115748031495
11
1.4880259448818898
21
0.7053247637795276
0
LINE
8
BLACK
6
CONTINUOUS
10
1.4880259448818898
20
0.7053247637795276
11
1.4891026377952756
21
0.7063918897637795
0
LINE
8
BLACK
6
CONTINUOUS
10
1.4891026377952756
20
0.7063918897637795
11
1.4901743307086615
21
0.7074635826771654
0
LINE
8
BLACK
6
CONTINUOUS
10
1.4901743307086615
20
0.7074635826771654
11
1.4901874803149606
21
0.7074670866141732
0
LINE
8
BLACK
6
CONTINUOUS
10
1.4901874803149606
20
0.7074670866141732
11
1.4901971259842519
21
0.707476653543307
0
LINE
8
BLACK
6
CONTINUOUS
10
1.4901971259842519
20
0.707476653543307
11
1.491662283464567
21
0.7078622440944882
0
LINE
8
BLACK
6
CONTINUOUS
10
1.491662283464567
20
0.7078622440944882
11
1.4931270866141733
21
0.7082547637795276
0
LINE
8
BLACK
6
CONTINUOUS
10
1.4931270866141733
20
0.7082547637795276
11
1.4931401574803149
21
0.7082512204724409
0
LINE
8
BLACK
6
CONTINUOUS
10
1.4931401574803149
20
0.7082512204724409
11
1.4931533858267716
21
0.7082547244094488
0
LINE
8
BLACK
6
CONTINUOUS
10
1.4931533858267716
20
0.7082547244094488
11
1.4946191732283465
21
0.7078549212598425
0
LINE
8
BLACK
6
CONTINUOUS
10
1.4946191732283465
20
0.7078549212598425
11
1.4960798425196851
21
0.7074635826771654
0
LINE
8
BLACK
6
CONTINUOUS
10
1.4960798425196851
20
0.7074635826771654
11
1.4960894094488189
21
0.7074539763779527
0
LINE
8
BLACK
6
CONTINUOUS
10
1.4960894094488189
20
0.7074539763779527
11
1.4961025984251968
21
0.7074503937007874
0
LINE
8
BLACK
6
CONTINUOUS
10
1.4961025984251968
20
0.7074503937007874
11
1.4971697244094488
21
0.7063736614173228
0
LINE
8
BLACK
6
CONTINUOUS
10
1.4971697244094488
20
0.7063736614173228
11
1.4982414173228347
21
0.7053020078740158
0
LINE
8
BLACK
6
CONTINUOUS
10
1.4982414173228347
20
0.7053020078740158
11
1.4982449212598425
21
0.7052888188976377
0
LINE
8
BLACK
6
CONTINUOUS
10
1.4982449212598425
20
0.7052888188976377
11
1.4982544881889763
21
0.7052792125984252
0
LINE
8
BLACK
6
CONTINUOUS
10
1.4982544881889763
20
0.7052792125984252
11
1.5209673622047244
21
0.6655317322834645
0
LINE
8
BLACK
6
CONTINUOUS
10
1.5209673622047244
20
0.6655317322834645
11
1.5209673622047244
21
0.702349251968504
0
LINE
8
BLACK
6
CONTINUOUS
10
1.5209673622047244
20
0.702349251968504
11
1.5217585433070866
21
0.7053020078740158
0
LINE
8
BLACK
6
CONTINUOUS
10
1.5217585433070866
20
0.7053020078740158
11
1.5239201181102362
21
0.7074635826771654
0
LINE
8
BLACK
6
CONTINUOUS
10
1.5239201181102362
20
0.7074635826771654
11
1.526872874015748
21
0.7082547637795276
0
LINE
8
BLACK
6
CONTINUOUS
10
1.526872874015748
20
0.7082547637795276
11
1.5298256299212598
21
0.7074635826771654
0
LINE
8
BLACK
6
CONTINUOUS
10
1.5699735433070865
20
0.7080086614173228
11
1.5709225984251969
21
0.7079516929133858
0
LINE
8
BLACK
6
CONTINUOUS
10
1.5709225984251969
20
0.7079516929133858
11
1.5793590551181103
21
0.7051395669291338
0
LINE
8
BLACK
6
CONTINUOUS
10
1.5793590551181103
20
0.7051395669291338
11
1.5804919291338582
21
0.7043915354330709
0
LINE
8
BLACK
6
CONTINUOUS
10
1.5804919291338582
20
0.7043915354330709
11
1.5816674015748031
21
0.7037129133858268
0
LINE
8
BLACK
6
CONTINUOUS
10
1.5816674015748031
20
0.7037129133858268
11
1.5872916929133858
21
0.6980886220472441
0
LINE
8
BLACK
6
CONTINUOUS
10
1.5872916929133858
20
0.6980886220472441
11
1.5877670866141731
21
0.6972651574803149
0
LINE
8
BLACK
6
CONTINUOUS
10
1.5877670866141731
20
0.6972651574803149
11
1.5883979133858268
21
0.6965538188976378
0
LINE
8
BLACK
6
CONTINUOUS
10
1.5883979133858268
20
0.6965538188976378
11
1.5912100787401575
21
0.6909295669291339
0
LINE
8
BLACK
6
CONTINUOUS
10
1.5912100787401575
20
0.6909295669291339
11
1.5913407874015748
21
0.6902907086614173
0
LINE
8
BLACK
6
CONTINUOUS
10
1.5913407874015748
20
0.6902907086614173
11
1.5916572047244093
21
0.6897207874015748
0
LINE
8
BLACK
6
CONTINUOUS
10
1.5916572047244093
20
0.6897207874015748
11
1.5944693307086615
21
0.6784722047244094
0
LINE
8
BLACK
6
CONTINUOUS
10
1.5944693307086615
20
0.6784722047244094
11
1.5944570472440944
21
0.6777437401574803
0
LINE
8
BLACK
6
CONTINUOUS
10
1.5944570472440944
20
0.6777437401574803
11
1.5946456692913384
21
0.6770399212598425
0
LINE
8
BLACK
6
CONTINUOUS
10
1.5946456692913384
20
0.6770399212598425
11
1.5946456692913384
21
0.6686034645669291
0
LINE
8
BLACK
6
CONTINUOUS
10
1.5946456692913384
20
0.6686034645669291
11
1.5944570472440944
21
0.6678996062992126
0
LINE
8
BLACK
6
CONTINUOUS
10
1.5944570472440944
20
0.6678996062992126
11
1.5944693307086615
21
0.6671711811023622
0
LINE
8
BLACK
6
CONTINUOUS
10
1.5944693307086615
20
0.6671711811023622
11
1.5916572047244093
21
0.6559225984251968
0
LINE
8
BLACK
6
CONTINUOUS
10
1.5916572047244093
20
0.6559225984251968
11
1.5913407874015748
21
0.6553526377952755
0
LINE
8
BLACK
6
CONTINUOUS
10
1.5913407874015748
20
0.6553526377952755
11
1.5912100787401575
21
0.6547138188976378
0
LINE
8
BLACK
6
CONTINUOUS
10
1.5912100787401575
20
0.6547138188976378
11
1.5883979133858268
21
0.6490895669291339
0
LINE
8
BLACK
6
CONTINUOUS
10
1.5883979133858268
20
0.6490895669291339
11
1.5877670866141731
21
0.6483781889763779
0
LINE
8
BLACK
6
CONTINUOUS
10
1.5877670866141731
20
0.6483781889763779
11
1.5872916929133858
21
0.6475547637795276
0
LINE
8
BLACK
6
CONTINUOUS
10
1.5872916929133858
20
0.6475547637795276
11
1.5816674015748031
21
0.6419304724409449
0
LINE
8
BLACK
6
CONTINUOUS
10
1.5816674015748031
20
0.6419304724409449
11
1.5804919291338582
21
0.6412518110236221
0
LINE
8
BLACK
6
CONTINUOUS
10
1.5804919291338582
20
0.6412518110236221
11
1.5793590551181103
21
0.6405038188976377
0
LINE
8
BLACK
6
CONTINUOUS
10
1.5793590551181103
20
0.6405038188976377
11
1.5709225984251969
21
0.6376916929133858
0
LINE
8
BLACK
6
CONTINUOUS
10
1.5709225984251969
20
0.6376916929133858
11
1.5699735433070865
21
0.63763468503937
0
LINE
8
BLACK
6
CONTINUOUS
10
1.5699735433070865
20
0.63763468503937
11
1.5690551181102361
21
0.6373886220472441
0
LINE
8
BLACK
6
CONTINUOUS
10
1.5690551181102361
20
0.6373886220472441
11
1.5549943700787401
21
0.6373886220472441
0
LINE
8
BLACK
6
CONTINUOUS
10
1.5549943700787401
20
0.6373886220472441
11
1.5520416141732283
21
0.6381798031496063
0
LINE
8
BLACK
6
CONTINUOUS
10
1.5520416141732283
20
0.6381798031496063
11
1.5498800393700787
21
0.6403413779527559
0
LINE
8
BLACK
6
CONTINUOUS
10
1.5498800393700787
20
0.6403413779527559
11
1.5490888582677165
21
0.6432941338582677
0
LINE
8
BLACK
6
CONTINUOUS
10
1.5490888582677165
20
0.6432941338582677
11
1.5490888582677165
21
0.702349251968504
0
LINE
8
BLACK
6
CONTINUOUS
10
1.5490888582677165
20
0.702349251968504
11
1.5498800393700787
21
0.7053020078740158
0
LINE
8
BLACK
6
CONTINUOUS
10
1.5498800393700787
20
0.7053020078740158
11
1.5520416141732283
21
0.7074635826771654
0
LINE
8
BLACK
6
CONTINUOUS
10
1.5520416141732283
20
0.7074635826771654
11
1.5549943700787401
21
0.7082547637795276
0
LINE
8
BLACK
6
CONTINUOUS
10
1.5549943700787401
20
0.7082547637795276
11
1.5690551181102361
21
0.7082547637795276
0
LINE
8
BLACK
6
CONTINUOUS
10
1.5690551181102361
20
0.7082547637795276
11
1.5699735433070865
21
0.7080086614173228
0
LINE
8
BLACK
6
CONTINUOUS
10
1.5608998818897637
20
0.6491996456692913
11
1.5680968503937007
21
0.6491996456692913
0
LINE
8
BLACK
6
CONTINUOUS
10
1.5680968503937007
20
0.6491996456692913
11
1.5743014960629922
21
0.651267874015748
0
LINE
8
BLACK
6
CONTINUOUS
10
1.5743014960629922
20
0.651267874015748
11
1.578262401574803
21
0.6552287795275591
0
LINE
8
BLACK
6
CONTINUOUS
10
1.578262401574803
20
0.6552287795275591
11
1.5803560629921261
21
0.6594161417322835
0
LINE
8
BLACK
6
CONTINUOUS
10
1.5803560629921261
20
0.6594161417322835
11
1.5828346456692912
21
0.6693303543307086
0
LINE
8
BLACK
6
CONTINUOUS
10
1.5828346456692912
20
0.6693303543307086
11
1.5828346456692912
21
0.6763129921259843
0
LINE
8
BLACK
6
CONTINUOUS
10
1.5828346456692912
20
0.6763129921259843
11
1.5803560629921261
21
0.6862272047244095
0
LINE
8
BLACK
6
CONTINUOUS
10
1.5803560629921261
20
0.6862272047244095
11
1.578262401574803
21
0.6904145669291338
0
LINE
8
BLACK
6
CONTINUOUS
10
1.578262401574803
20
0.6904145669291338
11
1.5743014960629922
21
0.6943754724409449
0
LINE
8
BLACK
6
CONTINUOUS
10
1.5743014960629922
20
0.6943754724409449
11
1.5680968503937007
21
0.6964437401574803
0
LINE
8
BLACK
6
CONTINUOUS
10
1.5680968503937007
20
0.6964437401574803
11
1.5608998818897637
21
0.6964437401574803
0
LINE
8
BLACK
6
CONTINUOUS
10
1.5608998818897637
20
0.6964437401574803
11
1.5608998818897637
21
0.6491996456692913
0
LINE
8
BLACK
6
CONTINUOUS
10
0.8746322440944881
20
0.7079517322834645
11
0.8771833070866142
21
0.7062674015748032
0
LINE
8
BLACK
6
CONTINUOUS
10
0.8771833070866142
20
0.7062674015748032
11
0.8785503937007874
21
0.703533188976378
0
LINE
8
BLACK
6
CONTINUOUS
10
0.8785503937007874
20
0.703533188976378
11
0.8783672440944882
21
0.7004817716535433
0
LINE
8
BLACK
6
CONTINUOUS
10
0.8783672440944882
20
0.7004817716535433
11
0.8586821653543307
21
0.6414266535433071
0
LINE
8
BLACK
6
CONTINUOUS
10
0.8586821653543307
20
0.6414266535433071
11
0.8580287795275591
21
0.6404370472440944
0
LINE
8
BLACK
6
CONTINUOUS
10
0.8580287795275591
20
0.6404370472440944
11
0.8574982677165354
21
0.6393759842519685
0
LINE
8
BLACK
6
CONTINUOUS
10
0.8574982677165354
20
0.6393759842519685
11
0.857196811023622
21
0.6391769291338583
0
LINE
8
BLACK
6
CONTINUOUS
10
0.857196811023622
20
0.6391769291338583
11
0.856997874015748
21
0.6388756299212598
0
LINE
8
BLACK
6
CONTINUOUS
10
0.856997874015748
20
0.6388756299212598
11
0.855937125984252
21
0.6383452362204725
0
LINE
8
BLACK
6
CONTINUOUS
10
0.855937125984252
20
0.6383452362204725
11
0.8549472047244094
21
0.637691653543307
0
LINE
8
BLACK
6
CONTINUOUS
10
0.8549472047244094
20
0.637691653543307
11
0.8545866535433071
21
0.63767
0
LINE
8
BLACK
6
CONTINUOUS
10
0.8545866535433071
20
0.63767
11
0.8542636614173228
21
0.6375085039370079
0
LINE
8
BLACK
6
CONTINUOUS
10
0.8542636614173228
20
0.6375085039370079
11
0.853079842519685
21
0.6375795669291339
0
LINE
8
BLACK
6
CONTINUOUS
10
0.853079842519685
20
0.6375795669291339
11
0.8518957874015748
21
0.6375085039370079
0
LINE
8
BLACK
6
CONTINUOUS
10
0.8518957874015748
20
0.6375085039370079
11
0.8515726771653543
21
0.6376700393700787
0
LINE
8
BLACK
6
CONTINUOUS
10
0.8515726771653543
20
0.6376700393700787
11
0.8512122440944881
21
0.6376916929133858
0
LINE
8
BLACK
6
CONTINUOUS
10
0.8512122440944881
20
0.6376916929133858
11
0.8502226377952756
21
0.6383450393700787
0
LINE
8
BLACK
6
CONTINUOUS
10
0.8502226377952756
20
0.6383450393700787
11
0.8491615748031496
21
0.638875590551181
0
LINE
8
BLACK
6
CONTINUOUS
10
0.8491615748031496
20
0.638875590551181
11
0.8489625196850393
21
0.6391770078740158
0
LINE
8
BLACK
6
CONTINUOUS
10
0.8489625196850393
20
0.6391770078740158
11
0.848661220472441
21
0.6393759842519685
0
LINE
8
BLACK
6
CONTINUOUS
10
0.848661220472441
20
0.6393759842519685
11
0.848130748031496
21
0.6404368503937008
0
LINE
8
BLACK
6
CONTINUOUS
10
0.848130748031496
20
0.6404368503937008
11
0.8474772834645669
21
0.6414266535433071
0
LINE
8
BLACK
6
CONTINUOUS
10
0.8474772834645669
20
0.6414266535433071
11
0.8277922440944881
21
0.7004817716535433
0
LINE
8
BLACK
6
CONTINUOUS
10
0.8277922440944881
20
0.7004817716535433
11
0.8276090551181102
21
0.703533188976378
0
LINE
8
BLACK
6
CONTINUOUS
10
0.8276090551181102
20
0.703533188976378
11
0.8289761811023622
21
0.7062674015748032
0
LINE
8
BLACK
6
CONTINUOUS
10
0.8289761811023622
20
0.7062674015748032
11
0.8315272047244094
21
0.7079516929133858
0
LINE
8
BLACK
6
CONTINUOUS
10
0.8315272047244094
20
0.7079516929133858
11
0.8345786220472441
21
0.7081348818897638
0
LINE
8
BLACK
6
CONTINUOUS
10
0.8345786220472441
20
0.7081348818897638
11
0.8373128346456693
21
0.7067677559055118
0
LINE
8
BLACK
6
CONTINUOUS
10
0.8373128346456693
20
0.7067677559055118
11
0.8389971259842519
21
0.7042167322834646
0
LINE
8
BLACK
6
CONTINUOUS
10
0.8389971259842519
20
0.7042167322834646
11
0.8530797244094488
21
0.6619689763779527
0
LINE
8
BLACK
6
CONTINUOUS
10
0.8530797244094488
20
0.6619689763779527
11
0.8671623228346457
21
0.7042167322834646
0
LINE
8
BLACK
6
CONTINUOUS
10
0.8671623228346457
20
0.7042167322834646
11
0.8688466141732283
21
0.7067677952755905
0
LINE
8
BLACK
6
CONTINUOUS
10
0.8688466141732283
20
0.7067677952755905
11
0.8715808267716535
21
0.7081348818897638
0
LINE
8
BLACK
6
CONTINUOUS
10
0.8715808267716535
20
0.7081348818897638
11
0.8746322440944881
21
0.7079517322834645
0
LINE
8
BLACK
6
CONTINUOUS
10
0.130383031496063
20
0.7229034251968504
11
0.1317129921259843
21
0.7226312992125984
0
LINE
8
BLACK
6
CONTINUOUS
10
0.1317129921259843
20
0.7226312992125984
11
0.1373372834645669
21
0.7198191338582677
0
LINE
8
BLACK
6
CONTINUOUS
10
0.1373372834645669
20
0.7198191338582677
11
0.1380486220472441
21
0.7191883070866142
0
LINE
8
BLACK
6
CONTINUOUS
10
0.1380486220472441
20
0.7191883070866142
11
0.1388720866141732
21
0.7187129133858268
0
LINE
8
BLACK
6
CONTINUOUS
10
0.1388720866141732
20
0.7187129133858268
11
0.1444963779527559
21
0.7130886220472441
0
LINE
8
BLACK
6
CONTINUOUS
10
0.1444963779527559
20
0.7130886220472441
11
0.1445220078740158
21
0.7130441732283465
0
LINE
8
BLACK
6
CONTINUOUS
10
0.1445220078740158
20
0.7130441732283465
11
0.1445660236220472
21
0.7130177952755905
0
LINE
8
BLACK
6
CONTINUOUS
10
0.1445660236220472
20
0.7130177952755905
11
0.1452844488188976
21
0.7117235826771653
0
LINE
8
BLACK
6
CONTINUOUS
10
0.1452844488188976
20
0.7117235826771653
11
0.146024842519685
21
0.7104412598425197
0
LINE
8
BLACK
6
CONTINUOUS
10
0.146024842519685
20
0.7104412598425197
11
0.146024842519685
21
0.7103899212598425
0
LINE
8
BLACK
6
CONTINUOUS
10
0.146024842519685
20
0.7103899212598425
11
0.1460497244094488
21
0.7103451181102362
0
LINE
8
BLACK
6
CONTINUOUS
10
0.1460497244094488
20
0.7103451181102362
11
0.1488618897637795
21
0.6990965354330708
0
LINE
8
BLACK
6
CONTINUOUS
10
0.1488618897637795
20
0.6990965354330708
11
0.1488496062992126
21
0.6983679921259842
0
LINE
8
BLACK
6
CONTINUOUS
10
0.1488496062992126
20
0.6983679921259842
11
0.1490382283464567
21
0.6976642125984251
0
LINE
8
BLACK
6
CONTINUOUS
10
0.1490382283464567
20
0.6976642125984251
11
0.1490382283464567
21
0.6779791732283464
0
LINE
8
BLACK
6
CONTINUOUS
10
0.1490382283464567
20
0.6779791732283464
11
0.1488496062992126
21
0.6772753543307086
0
LINE
8
BLACK
6
CONTINUOUS
10
0.1488496062992126
20
0.6772753543307086
11
0.1488618897637795
21
0.6765468503937008
0
LINE
8
BLACK
6
CONTINUOUS
10
0.1488618897637795
20
0.6765468503937008
11
0.1460497244094488
21
0.6652982677165354
0
LINE
8
BLACK
6
CONTINUOUS
10
0.1460497244094488
20
0.6652982677165354
11
0.146024842519685
21
0.6652534251968504
0
LINE
8
BLACK
6
CONTINUOUS
10
0.146024842519685
20
0.6652534251968504
11
0.146024842519685
21
0.665202125984252
0
LINE
8
BLACK
6
CONTINUOUS
10
0.146024842519685
20
0.665202125984252
11
0.1452844488188976
21
0.6639197637795275
0
LINE
8
BLACK
6
CONTINUOUS
10
0.1452844488188976
20
0.6639197637795275
11
0.1445660236220472
21
0.6626255905511811
0
LINE
8
BLACK
6
CONTINUOUS
10
0.1445660236220472
20
0.6626255905511811
11
0.1445220078740158
21
0.6625991732283465
0
LINE
8
BLACK
6
CONTINUOUS
10
0.1445220078740158
20
0.6625991732283465
11
0.1444963779527559
21
0.6625547637795275
0
LINE
8
BLACK
6
CONTINUOUS
10
0.1444963779527559
20
0.6625547637795275
11
0.1388720866141732
21
0.6569304724409448
0
LINE
8
BLACK
6
CONTINUOUS
10
0.1388720866141732
20
0.6569304724409448
11
0.1380486220472441
21
0.6564550393700788
0
LINE
8
BLACK
6
CONTINUOUS
10
0.1380486220472441
20
0.6564550393700788
11
0.1373372834645669
21
0.6558242519685039
0
LINE
8
BLACK
6
CONTINUOUS
10
0.1373372834645669
20
0.6558242519685039
11
0.1317129921259843
21
0.6530120866141732
0
LINE
8
BLACK
6
CONTINUOUS
10
0.1317129921259843
20
0.6530120866141732
11
0.130383031496063
21
0.6527399212598425
0
LINE
8
BLACK
6
CONTINUOUS
10
0.130383031496063
20
0.6527399212598425
11
0.129071968503937
21
0.6523886220472441
0
LINE
8
BLACK
6
CONTINUOUS
10
0.129071968503937
20
0.6523886220472441
11
0.1178233858267717
21
0.6523886220472441
0
LINE
8
BLACK
6
CONTINUOUS
10
0.1178233858267717
20
0.6523886220472441
11
0.1165123228346457
21
0.6527398818897637
0
LINE
8
BLACK
6
CONTINUOUS
10
0.1165123228346457
20
0.6527398818897637
11
0.1151823228346457
21
0.6530120866141732
0
LINE
8
BLACK
6
CONTINUOUS
10
0.1151823228346457
20
0.6530120866141732
11
0.1095580708661417
21
0.6558242519685039
0
LINE
8
BLACK
6
CONTINUOUS
10
0.1095580708661417
20
0.6558242519685039
11
0.1088466535433071
21
0.6564550393700788
0
LINE
8
BLACK
6
CONTINUOUS
10
0.1088466535433071
20
0.6564550393700788
11
0.1080232677165354
21
0.6569304724409448
0
LINE
8
BLACK
6
CONTINUOUS
10
0.1080232677165354
20
0.6569304724409448
11
0.102398937007874
21
0.6625547637795275
0
LINE
8
BLACK
6
CONTINUOUS
10
0.102398937007874
20
0.6625547637795275
11
0.1023732677165354
21
0.6625991732283465
0
LINE
8
BLACK
6
CONTINUOUS
10
0.1023732677165354
20
0.6625991732283465
11
0.1023292913385827
21
0.6626255905511811
0
LINE
8
BLACK
6
CONTINUOUS
10
0.1023292913385827
20
0.6626255905511811
11
0.1016111023622047
21
0.6639192913385826
0
LINE
8
BLACK
6
CONTINUOUS
10
0.1016111023622047
20
0.6639192913385826
11
0.1008704724409449
21
0.665202125984252
0
LINE
8
BLACK
6
CONTINUOUS
10
0.1008704724409449
20
0.665202125984252
11
0.1008704724409449
21
0.6652534645669291
0
LINE
8
BLACK
6
CONTINUOUS
10
0.1008704724409449
20
0.6652534645669291
11
0.1008455905511811
21
0.6652983070866142
0
LINE
8
BLACK
6
CONTINUOUS
10
0.1008455905511811
20
0.6652983070866142
11
0.0980334645669291
21
0.6765468897637795
0
LINE
8
BLACK
6
CONTINUOUS
10
0.0980334645669291
20
0.6765468897637795
11
0.0980457086614173
21
0.6772753149606299
0
LINE
8
BLACK
6
CONTINUOUS
10
0.0980457086614173
20
0.6772753149606299
11
0.097857125984252
21
0.6779791732283464
0
LINE
8
BLACK
6
CONTINUOUS
10
0.097857125984252
20
0.6779791732283464
11
0.097857125984252
21
0.6976642125984251
0
LINE
8
BLACK
6
CONTINUOUS
10
0.097857125984252
20
0.6976642125984251
11
0.0980457086614173
21
0.698368031496063
0
LINE
8
BLACK
6
CONTINUOUS
10
0.0980457086614173
20
0.698368031496063
11
0.0980334645669291
21
0.6990964960629921
0
LINE
8
BLACK
6
CONTINUOUS
10
0.0980334645669291
20
0.6990964960629921
11
0.1008455905511811
21
0.7103450787401575
0
LINE
8
BLACK
6
CONTINUOUS
10
0.1008455905511811
20
0.7103450787401575
11
0.1008704724409449
21
0.7103898818897637
0
LINE
8
BLACK
6
CONTINUOUS
10
0.1008704724409449
20
0.7103898818897637
11
0.1008704724409449
21
0.7104412598425197
0
LINE
8
BLACK
6
CONTINUOUS
10
0.1008704724409449
20
0.7104412598425197
11
0.1016111023622047
21
0.7117240551181102
0
LINE
8
BLACK
6
CONTINUOUS
10
0.1016111023622047
20
0.7117240551181102
11
0.1023292913385827
21
0.7130177952755905
0
LINE
8
BLACK
6
CONTINUOUS
10
0.1023292913385827
20
0.7130177952755905
11
0.1023732677165354
21
0.7130441732283465
0
LINE
8
BLACK
6
CONTINUOUS
10
0.1023732677165354
20
0.7130441732283465
11
0.102398937007874
21
0.7130886220472441
0
LINE
8
BLACK
6
CONTINUOUS
10
0.102398937007874
20
0.7130886220472441
11
0.1080232677165354
21
0.7187129133858268
0
LINE
8
BLACK
6
CONTINUOUS
10
0.1080232677165354
20
0.7187129133858268
11
0.1088466535433071
21
0.7191883070866142
0
LINE
8
BLACK
6
CONTINUOUS
10
0.1088466535433071
20
0.7191883070866142
11
0.1095580708661417
21
0.7198191338582677
0
LINE
8
BLACK
6
CONTINUOUS
10
0.1095580708661417
20
0.7198191338582677
11
0.1151823228346457
21
0.7226312992125984
0
LINE
8
BLACK
6
CONTINUOUS
10
0.1151823228346457
20
0.7226312992125984
11
0.1165123228346457
21
0.7229034645669291
0
LINE
8
BLACK
6
CONTINUOUS
10
0.1165123228346457
20
0.7229034645669291
11
0.1178233858267717
21
0.7232547637795276
0
LINE
8
BLACK
6
CONTINUOUS
10
0.1178233858267717
20
0.7232547637795276
11
0.129071968503937
21
0.7232547637795276
0
LINE
8
BLACK
6
CONTINUOUS
10
0.129071968503937
20
0.7232547637795276
11
0.130383031496063
21
0.7229034251968504
0
LINE
8
BLACK
6
CONTINUOUS
10
0.1156972440944882
20
0.7096836220472441
11
0.1119072047244094
21
0.7058935433070866
0
LINE
8
BLACK
6
CONTINUOUS
10
0.1119072047244094
20
0.7058935433070866
11
0.1096681496062992
21
0.696937283464567
0
LINE
8
BLACK
6
CONTINUOUS
10
0.1096681496062992
20
0.696937283464567
11
0.1096681496062992
21
0.678706062992126
0
LINE
8
BLACK
6
CONTINUOUS
10
0.1096681496062992
20
0.678706062992126
11
0.1119072047244094
21
0.6697498031496063
0
LINE
8
BLACK
6
CONTINUOUS
10
0.1119072047244094
20
0.6697498031496063
11
0.1156972440944882
21
0.6659597244094488
0
LINE
8
BLACK
6
CONTINUOUS
10
0.1156972440944882
20
0.6659597244094488
11
0.1192174803149606
21
0.6641996456692913
0
LINE
8
BLACK
6
CONTINUOUS
10
0.1192174803149606
20
0.6641996456692913
11
0.127677874015748
21
0.6641996456692913
0
LINE
8
BLACK
6
CONTINUOUS
10
0.127677874015748
20
0.6641996456692913
11
0.1311980708661417
21
0.6659597637795276
0
LINE
8
BLACK
6
CONTINUOUS
10
0.1311980708661417
20
0.6659597637795276
11
0.1349880708661417
21
0.6697497637795276
0
LINE
8
BLACK
6
CONTINUOUS
10
0.1349880708661417
20
0.6697497637795276
11
0.1372272047244094
21
0.6787061023622047
0
LINE
8
BLACK
6
CONTINUOUS
10
0.1372272047244094
20
0.6787061023622047
11
0.1372272047244094
21
0.6969372440944882
0
LINE
8
BLACK
6
CONTINUOUS
10
0.1372272047244094
20
0.6969372440944882
11
0.1349880708661417
21
0.7058935826771653
0
LINE
8
BLACK
6
CONTINUOUS
10
0.1349880708661417
20
0.7058935826771653
11
0.1311980708661417
21
0.7096835826771654
0
LINE
8
BLACK
6
CONTINUOUS
10
0.1311980708661417
20
0.7096835826771654
11
0.127677874015748
21
0.7114437401574804
0
LINE
8
BLACK
6
CONTINUOUS
10
0.127677874015748
20
0.7114437401574804
11
0.1192174803149606
21
0.7114437401574804
0
LINE
8
BLACK
6
CONTINUOUS
10
0.1192174803149606
20
0.7114437401574804
11
0.1156972440944882
21
0.7096836220472441
0
LINE
8
BLACK
6
CONTINUOUS
10
0.2051405905511811
20
0.7224635826771654
11
0.2073021653543307
21
0.7203020078740158
0
LINE
8
BLACK
6
CONTINUOUS
10
0.2073021653543307
20
0.7203020078740158
11
0.2080933464566929
21
0.717349251968504
0
LINE
8
BLACK
6
CONTINUOUS
10
0.2080933464566929
20
0.717349251968504
11
0.2080933464566929
21
0.6695427165354331
0
LINE
8
BLACK
6
CONTINUOUS
10
0.2080933464566929
20
0.6695427165354331
11
0.207741968503937
21
0.6682314566929134
0
LINE
8
BLACK
6
CONTINUOUS
10
0.207741968503937
20
0.6682314566929134
11
0.2074698818897638
21
0.6669017322834645
0
LINE
8
BLACK
6
CONTINUOUS
10
0.2074698818897638
20
0.6669017322834645
11
0.2046577559055118
21
0.6612774015748031
0
LINE
8
BLACK
6
CONTINUOUS
10
0.2046577559055118
20
0.6612774015748031
11
0.2040268897637795
21
0.6605659842519684
0
LINE
8
BLACK
6
CONTINUOUS
10
0.2040268897637795
20
0.6605659842519684
11
0.2035514960629921
21
0.6597425590551181
0
LINE
8
BLACK
6
CONTINUOUS
10
0.2035514960629921
20
0.6597425590551181
11
0.2007393307086614
21
0.6569304330708662
0
LINE
8
BLACK
6
CONTINUOUS
10
0.2007393307086614
20
0.6569304330708662
11
0.199915905511811
21
0.6564550393700788
0
LINE
8
BLACK
6
CONTINUOUS
10
0.199915905511811
20
0.6564550393700788
11
0.1992045669291339
21
0.6558242519685039
0
LINE
8
BLACK
6
CONTINUOUS
10
0.1992045669291339
20
0.6558242519685039
11
0.1935802755905512
21
0.6530120866141732
0
LINE
8
BLACK
6
CONTINUOUS
10
0.1935802755905512
20
0.6530120866141732
11
0.1922503149606299
21
0.6527399212598425
0
LINE
8
BLACK
6
CONTINUOUS
10
0.1922503149606299
20
0.6527399212598425
11
0.1909392519685039
21
0.6523886220472441
0
LINE
8
BLACK
6
CONTINUOUS
10
0.1909392519685039
20
0.6523886220472441
11
0.1796906692913386
21
0.6523886220472441
0
LINE
8
BLACK
6
CONTINUOUS
10
0.1796906692913386
20
0.6523886220472441
11
0.1783796062992126
21
0.6527398818897637
0
LINE
8
BLACK
6
CONTINUOUS
10
0.1783796062992126
20
0.6527398818897637
11
0.1770496062992126
21
0.6530120866141732
0
LINE
8
BLACK
6
CONTINUOUS
10
0.1770496062992126
20
0.6530120866141732
11
0.1714253543307087
21
0.6558242519685039
0
LINE
8
BLACK
6
CONTINUOUS
10
0.1714253543307087
20
0.6558242519685039
11
0.1707139763779527
21
0.6564550393700788
0
LINE
8
BLACK
6
CONTINUOUS
10
0.1707139763779527
20
0.6564550393700788
11
0.1698905905511811
21
0.6569304330708662
0
LINE
8
BLACK
6
CONTINUOUS
10
0.1698905905511811
20
0.6569304330708662
11
0.1670784251968504
21
0.6597425590551181
0
LINE
8
BLACK
6
CONTINUOUS
10
0.1670784251968504
20
0.6597425590551181
11
0.1666029527559055
21
0.6605660236220472
0
LINE
8
BLACK
6
CONTINUOUS
10
0.1666029527559055
20
0.6605660236220472
11
0.1659721653543307
21
0.6612774015748031
0
LINE
8
BLACK
6
CONTINUOUS
10
0.1659721653543307
20
0.6612774015748031
11
0.16316
21
0.6669016929133859
0
LINE
8
BLACK
6
CONTINUOUS
10
0.16316
20
0.6669016929133859
11
0.1628878346456693
21
0.6682316141732283
0
LINE
8
BLACK
6
CONTINUOUS
10
0.1628878346456693
20
0.6682316141732283
11
0.1625365354330709
21
0.6695427165354331
0
LINE
8
BLACK
6
CONTINUOUS
10
0.1625365354330709
20
0.6695427165354331
11
0.1625365354330709
21
0.717349251968504
0
LINE
8
BLACK
6
CONTINUOUS
10
0.1625365354330709
20
0.717349251968504
11
0.1633277165354331
21
0.7203020078740158
0
LINE
8
BLACK
6
CONTINUOUS
10
0.1633277165354331
20
0.7203020078740158
11
0.1654892913385827
21
0.7224635826771654
0
LINE
8
BLACK
6
CONTINUOUS
10
0.1654892913385827
20
0.7224635826771654
11
0.1684420472440945
21
0.7232547637795276
0
LINE
8
BLACK
6
CONTINUOUS
10
0.1684420472440945
20
0.7232547637795276
11
0.1713948031496063
21
0.7224635826771654
0
LINE
8
BLACK
6
CONTINUOUS
10
0.1713948031496063
20
0.7224635826771654
11
0.1735563779527559
21
0.7203020078740158
0
LINE
8
BLACK
6
CONTINUOUS
10
0.1735563779527559
20
0.7203020078740158
11
0.1743475590551181
21
0.717349251968504
0
LINE
8
BLACK
6
CONTINUOUS
10
0.1743475590551181
20
0.717349251968504
11
0.1743475590551181
21
0.670936811023622
0
LINE
8
BLACK
6
CONTINUOUS
10
0.1743475590551181
20
0.670936811023622
11
0.1761076771653543
21
0.6674165748031496
0
LINE
8
BLACK
6
CONTINUOUS
10
0.1761076771653543
20
0.6674165748031496
11
0.1775645275590551
21
0.6659597637795276
0
LINE
8
BLACK
6
CONTINUOUS
10
0.1775645275590551
20
0.6659597637795276
11
0.1810847637795276
21
0.6641996456692913
0
LINE
8
BLACK
6
CONTINUOUS
10
0.1810847637795276
20
0.6641996456692913
11
0.1895451574803149
21
0.6641996456692913
0
LINE
8
BLACK
6
CONTINUOUS
10
0.1895451574803149
20
0.6641996456692913
11
0.1930653937007874
21
0.6659597637795276
0
LINE
8
BLACK
6
CONTINUOUS
10
0.1930653937007874
20
0.6659597637795276
11
0.1945222440944882
21
0.6674166141732283
0
LINE
8
BLACK
6
CONTINUOUS
10
0.1945222440944882
20
0.6674166141732283
11
0.1962823228346457
21
0.6709367716535433
0
LINE
8
BLACK
6
CONTINUOUS
10
0.1962823228346457
20
0.6709367716535433
11
0.1962823228346457
21
0.717349251968504
0
LINE
8
BLACK
6
CONTINUOUS
10
0.1962823228346457
20
0.717349251968504
11
0.1970735039370079
21
0.7203020078740158
0
LINE
8
BLACK
6
CONTINUOUS
10
0.1970735039370079
20
0.7203020078740158
11
0.1992350787401575
21
0.7224635826771654
0
LINE
8
BLACK
6
CONTINUOUS
10
0.1992350787401575
20
0.7224635826771654
11
0.2021878346456693
21
0.7232547637795276
0
LINE
8
BLACK
6
CONTINUOUS
10
0.2021878346456693
20
0.7232547637795276
11
0.2051405905511811
21
0.7224635826771654
0
LINE
8
BLACK
6
CONTINUOUS
10
0.2585714566929134
20
0.7224635826771654
11
0.260733031496063
21
0.7203020078740158
0
LINE
8
BLACK
6
CONTINUOUS
10
0.260733031496063
20
0.7203020078740158
11
0.2615242125984252
21
0.717349251968504
0
LINE
8
BLACK
6
CONTINUOUS
10
0.2615242125984252
20
0.717349251968504
11
0.260733031496063
21
0.7143964960629922
0
LINE
8
BLACK
6
CONTINUOUS
10
0.260733031496063
20
0.7143964960629922
11
0.2585714566929134
21
0.7122349212598426
0
LINE
8
BLACK
6
CONTINUOUS
10
0.2585714566929134
20
0.7122349212598426
11
0.2556187007874016
21
0.7114437401574804
0
LINE
8
BLACK
6
CONTINUOUS
10
0.2556187007874016
20
0.7114437401574804
11
0.2446512992125984
21
0.7114437401574804
0
LINE
8
BLACK
6
CONTINUOUS
10
0.2446512992125984
20
0.7114437401574804
11
0.2446512992125984
21
0.6582941338582677
0
LINE
8
BLACK
6
CONTINUOUS
10
0.2446512992125984
20
0.6582941338582677
11
0.2438601181102362
21
0.6553413779527559
0
LINE
8
BLACK
6
CONTINUOUS
10
0.2438601181102362
20
0.6553413779527559
11
0.2416985433070866
21
0.6531798031496063
0
LINE
8
BLACK
6
CONTINUOUS
10
0.2416985433070866
20
0.6531798031496063
11
0.2387457874015748
21
0.6523886220472441
0
LINE
8
BLACK
6
CONTINUOUS
10
0.2387457874015748
20
0.6523886220472441
11
0.235793031496063
21
0.6531798031496063
0
LINE
8
BLACK
6
CONTINUOUS
10
0.235793031496063
20
0.6531798031496063
11
0.2336314566929134
21
0.6553413779527559
0
LINE
8
BLACK
6
CONTINUOUS
10
0.2336314566929134
20
0.6553413779527559
11
0.2328402755905512
21
0.6582941338582677
0
LINE
8
BLACK
6
CONTINUOUS
10
0.2328402755905512
20
0.6582941338582677
11
0.2328402755905512
21
0.7114437401574804
0
LINE
8
BLACK
6
CONTINUOUS
10
0.2328402755905512
20
0.7114437401574804
11
0.2218729133858268
21
0.7114437401574804
0
LINE
8
BLACK
6
CONTINUOUS
10
0.2218729133858268
20
0.7114437401574804
11
0.218920157480315
21
0.7122349212598426
0
LINE
8
BLACK
6
CONTINUOUS
10
0.218920157480315
20
0.7122349212598426
11
0.2167585826771654
21
0.7143964960629922
0
LINE
8
BLACK
6
CONTINUOUS
10
0.2167585826771654
20
0.7143964960629922
11
0.2159674015748032
21
0.717349251968504
0
LINE
8
BLACK
6
CONTINUOUS
10
0.2159674015748032
20
0.717349251968504
11
0.2167585826771654
21
0.7203020078740158
0
LINE
8
BLACK
6
CONTINUOUS
10
0.2167585826771654
20
0.7203020078740158
11
0.218920157480315
21
0.7224635826771654
0
LINE
8
BLACK
6
CONTINUOUS
10
0.218920157480315
20
0.7224635826771654
11
0.2218729133858268
21
0.7232547637795276
0
LINE
8
BLACK
6
CONTINUOUS
10
0.2218729133858268
20
0.7232547637795276
11
0.2556187007874016
21
0.7232547637795276
0
LINE
8
BLACK
6
CONTINUOUS
10
0.2556187007874016
20
0.7232547637795276
11
0.2585714566929134
21
0.7224635826771654
0
LINE
8
BLACK
6
CONTINUOUS
10
0.2934876771653543
20
0.7229034251968504
11
0.2948176377952756
21
0.7226312992125984
0
LINE
8
BLACK
6
CONTINUOUS
10
0.2948176377952756
20
0.7226312992125984
11
0.3004419291338583
21
0.7198191338582677
0
LINE
8
BLACK
6
CONTINUOUS
10
0.3004419291338583
20
0.7198191338582677
11
0.3011532677165354
21
0.7191883070866142
0
LINE
8
BLACK
6
CONTINUOUS
10
0.3011532677165354
20
0.7191883070866142
11
0.3019766929133858
21
0.7187129527559055
0
LINE
8
BLACK
6
CONTINUOUS
10
0.3019766929133858
20
0.7187129527559055
11
0.3047888582677165
21
0.7159008267716536
0
LINE
8
BLACK
6
CONTINUOUS
10
0.3047888582677165
20
0.7159008267716536
11
0.3052642519685039
21
0.7150773622047244
0
LINE
8
BLACK
6
CONTINUOUS
10
0.3052642519685039
20
0.7150773622047244
11
0.3058951181102362
21
0.7143659842519685
0
LINE
8
BLACK
6
CONTINUOUS
10
0.3058951181102362
20
0.7143659842519685
11
0.3087072440944882
21
0.7087416535433071
0
LINE
8
BLACK
6
CONTINUOUS
10
0.3087072440944882
20
0.7087416535433071
11
0.3088379133858268
21
0.7081029133858268
0
LINE
8
BLACK
6
CONTINUOUS
10
0.3088379133858268
20
0.7081029133858268
11
0.3091543700787401
21
0.7075329527559054
0
LINE
8
BLACK
6
CONTINUOUS
10
0.3091543700787401
20
0.7075329527559054
11
0.3119665354330708
21
0.6962843700787401
0
LINE
8
BLACK
6
CONTINUOUS
10
0.3119665354330708
20
0.6962843700787401
11
0.3119542519685039
21
0.6955558267716535
0
LINE
8
BLACK
6
CONTINUOUS
10
0.3119542519685039
20
0.6955558267716535
11
0.312142874015748
21
0.6948520472440944
0
LINE
8
BLACK
6
CONTINUOUS
10
0.312142874015748
20
0.6948520472440944
11
0.312142874015748
21
0.6807913385826772
0
LINE
8
BLACK
6
CONTINUOUS
10
0.312142874015748
20
0.6807913385826772
11
0.3119542519685039
21
0.6800875196850393
0
LINE
8
BLACK
6
CONTINUOUS
10
0.3119542519685039
20
0.6800875196850393
11
0.3119665354330708
21
0.6793590157480315
0
LINE
8
BLACK
6
CONTINUOUS
10
0.3119665354330708
20
0.6793590157480315
11
0.3091543700787401
21
0.6681104330708661
0
LINE
8
BLACK
6
CONTINUOUS
10
0.3091543700787401
20
0.6681104330708661
11
0.3088379133858268
21
0.6675404330708661
0
LINE
8
BLACK
6
CONTINUOUS
10
0.3088379133858268
20
0.6675404330708661
11
0.3087072440944882
21
0.6669017322834645
0
LINE
8
BLACK
6
CONTINUOUS
10
0.3087072440944882
20
0.6669017322834645
11
0.3058951181102362
21
0.6612774015748031
0
LINE
8
BLACK
6
CONTINUOUS
10
0.3058951181102362
20
0.6612774015748031
11
0.3052642519685039
21
0.6605659842519684
0
LINE
8
BLACK
6
CONTINUOUS
10
0.3052642519685039
20
0.6605659842519684
11
0.3047888582677165
21
0.6597425590551181
0
LINE
8
BLACK
6
CONTINUOUS
10
0.3047888582677165
20
0.6597425590551181
11
0.3019766929133858
21
0.6569304330708662
0
LINE
8
BLACK
6
CONTINUOUS
10
0.3019766929133858
20
0.6569304330708662
11
0.3011532677165354
21
0.6564550393700788
0
LINE
8
BLACK
6
CONTINUOUS
10
0.3011532677165354
20
0.6564550393700788
11
0.3004419291338583
21
0.6558242519685039
0
LINE
8
BLACK
6
CONTINUOUS
10
0.3004419291338583
20
0.6558242519685039
11
0.2948176377952756
21
0.6530120866141732
0
LINE
8
BLACK
6
CONTINUOUS
10
0.2948176377952756
20
0.6530120866141732
11
0.2934876771653543
21
0.6527399212598425
0
LINE
8
BLACK
6
CONTINUOUS
10
0.2934876771653543
20
0.6527399212598425
11
0.2921766141732283
21
0.6523886220472441
0
LINE
8
BLACK
6
CONTINUOUS
10
0.2921766141732283
20
0.6523886220472441
11
0.2865523228346457
21
0.6523886220472441
0
LINE
8
BLACK
6
CONTINUOUS
10
0.2865523228346457
20
0.6523886220472441
11
0.2852412598425197
21
0.6527398818897637
0
LINE
8
BLACK
6
CONTINUOUS
10
0.2852412598425197
20
0.6527398818897637
11
0.2839112598425197
21
0.6530120866141732
0
LINE
8
BLACK
6
CONTINUOUS
10
0.2839112598425197
20
0.6530120866141732
11
0.2782870078740157
21
0.6558242519685039
0
LINE
8
BLACK
6
CONTINUOUS
10
0.2782870078740157
20
0.6558242519685039
11
0.2775756299212598
21
0.6564550393700788
0
LINE
8
BLACK
6
CONTINUOUS
10
0.2775756299212598
20
0.6564550393700788
11
0.2767522440944882
21
0.6569304330708662
0
LINE
8
BLACK
6
CONTINUOUS
10
0.2767522440944882
20
0.6569304330708662
11
0.2739400787401575
21
0.6597425590551181
0
LINE
8
BLACK
6
CONTINUOUS
10
0.2739400787401575
20
0.6597425590551181
11
0.2734646062992126
21
0.6605660236220472
0
LINE
8
BLACK
6
CONTINUOUS
10
0.2734646062992126
20
0.6605660236220472
11
0.2728338188976378
21
0.6612774015748031
0
LINE
8
BLACK
6
CONTINUOUS
10
0.2728338188976378
20
0.6612774015748031
11
0.2700216535433071
21
0.6669016929133859
0
LINE
8
BLACK
6
CONTINUOUS
10
0.2700216535433071
20
0.6669016929133859
11
0.269890905511811
21
0.6675404330708661
0
LINE
8
BLACK
6
CONTINUOUS
10
0.269890905511811
20
0.6675404330708661
11
0.2695745275590551
21
0.6681104330708661
0
LINE
8
BLACK
6
CONTINUOUS
10
0.2695745275590551
20
0.6681104330708661
11
0.2667624015748031
21
0.6793590551181102
0
LINE
8
BLACK
6
CONTINUOUS
10
0.2667624015748031
20
0.6793590551181102
11
0.2667746456692913
21
0.6800874803149606
0
LINE
8
BLACK
6
CONTINUOUS
10
0.2667746456692913
20
0.6800874803149606
11
0.266586062992126
21
0.6807913385826772
0
LINE
8
BLACK
6
CONTINUOUS
10
0.266586062992126
20
0.6807913385826772
11
0.266586062992126
21
0.6948520472440944
0
LINE
8
BLACK
6
CONTINUOUS
10
0.266586062992126
20
0.6948520472440944
11
0.2667746456692913
21
0.6955558661417323
0
LINE
8
BLACK
6
CONTINUOUS
10
0.2667746456692913
20
0.6955558661417323
11
0.2667624015748031
21
0.6962843307086614
0
LINE
8
BLACK
6
CONTINUOUS
10
0.2667624015748031
20
0.6962843307086614
11
0.2695745275590551
21
0.7075329527559054
0
LINE
8
BLACK
6
CONTINUOUS
10
0.2695745275590551
20
0.7075329527559054
11
0.269890905511811
21
0.7081029133858268
0
LINE
8
BLACK
6
CONTINUOUS
10
0.269890905511811
20
0.7081029133858268
11
0.2700216535433071
21
0.7087416929133858
0
LINE
8
BLACK
6
CONTINUOUS
10
0.2700216535433071
20
0.7087416929133858
11
0.2728338188976378
21
0.7143659842519685
0
LINE
8
BLACK
6
CONTINUOUS
10
0.2728338188976378
20
0.7143659842519685
11
0.2734646062992126
21
0.7150773228346456
0
LINE
8
BLACK
6
CONTINUOUS
10
0.2734646062992126
20
0.7150773228346456
11
0.2739400787401575
21
0.7159008267716536
0
LINE
8
BLACK
6
CONTINUOUS
10
0.2739400787401575
20
0.7159008267716536
11
0.2767522440944882
21
0.7187129527559055
0
LINE
8
BLACK
6
CONTINUOUS
10
0.2767522440944882
20
0.7187129527559055
11
0.2775756299212598
21
0.7191883070866142
0
LINE
8
BLACK
6
CONTINUOUS
10
0.2775756299212598
20
0.7191883070866142
11
0.2782870078740157
21
0.7198191338582677
0
LINE
8
BLACK
6
CONTINUOUS
10
0.2782870078740157
20
0.7198191338582677
11
0.2839112598425197
21
0.7226312992125984
0
LINE
8
BLACK
6
CONTINUOUS
10
0.2839112598425197
20
0.7226312992125984
11
0.2852412598425197
21
0.7229034645669291
0
LINE
8
BLACK
6
CONTINUOUS
10
0.2852412598425197
20
0.7229034645669291
11
0.2865523228346457
21
0.7232547637795276
0
LINE
8
BLACK
6
CONTINUOUS
10
0.2865523228346457
20
0.7232547637795276
11
0.2921766141732283
21
0.7232547637795276
0
LINE
8
BLACK
6
CONTINUOUS
10
0.2921766141732283
20
0.7232547637795276
11
0.2934876771653543
21
0.7229034251968504
0
LINE
8
BLACK
6
CONTINUOUS
10
0.2844261811023622
20
0.7096835826771654
11
0.2829693307086614
21
0.7082267716535433
0
LINE
8
BLACK
6
CONTINUOUS
10
0.2829693307086614
20
0.7082267716535433
11
0.2808755905511811
21
0.7040393700787402
0
LINE
8
BLACK
6
CONTINUOUS
10
0.2808755905511811
20
0.7040393700787402
11
0.2783970866141732
21
0.6941251181102362
0
LINE
8
BLACK
6
CONTINUOUS
10
0.2783970866141732
20
0.6941251181102362
11
0.2783970866141732
21
0.6815182283464567
0
LINE
8
BLACK
6
CONTINUOUS
10
0.2783970866141732
20
0.6815182283464567
11
0.2808755905511811
21
0.6716039763779528
0
LINE
8
BLACK
6
CONTINUOUS
10
0.2808755905511811
20
0.6716039763779528
11
0.2829693307086614
21
0.6674165748031496
0
LINE
8
BLACK
6
CONTINUOUS
10
0.2829693307086614
20
0.6674165748031496
11
0.2844261811023622
21
0.6659597637795276
0
LINE
8
BLACK
6
CONTINUOUS
10
0.2844261811023622
20
0.6659597637795276
11
0.2879464173228347
21
0.6641996456692913
0
LINE
8
BLACK
6
CONTINUOUS
10
0.2879464173228347
20
0.6641996456692913
11
0.2907825196850394
21
0.6641996456692913
0
LINE
8
BLACK
6
CONTINUOUS
10
0.2907825196850394
20
0.6641996456692913
11
0.2943027559055118
21
0.6659597637795276
0
LINE
8
BLACK
6
CONTINUOUS
10
0.2943027559055118
20
0.6659597637795276
11
0.2957596062992126
21
0.6674166141732283
0
LINE
8
BLACK
6
CONTINUOUS
10
0.2957596062992126
20
0.6674166141732283
11
0.2978532283464567
21
0.671603937007874
0
LINE
8
BLACK
6
CONTINUOUS
10
0.2978532283464567
20
0.671603937007874
11
0.3003318503937008
21
0.6815182677165355
0
LINE
8
BLACK
6
CONTINUOUS
10
0.3003318503937008
20
0.6815182677165355
11
0.3003318503937008
21
0.6941250787401575
0
LINE
8
BLACK
6
CONTINUOUS
10
0.3003318503937008
20
0.6941250787401575
11
0.2978532283464567
21
0.7040394094488189
0
LINE
8
BLACK
6
CONTINUOUS
10
0.2978532283464567
20
0.7040394094488189
11
0.2957596062992126
21
0.7082267322834646
0
LINE
8
BLACK
6
CONTINUOUS
10
0.2957596062992126
20
0.7082267322834646
11
0.2943027559055118
21
0.7096835826771654
0
LINE
8
BLACK
6
CONTINUOUS
10
0.2943027559055118
20
0.7096835826771654
11
0.2907825196850394
21
0.7114437401574804
0
LINE
8
BLACK
6
CONTINUOUS
10
0.2907825196850394
20
0.7114437401574804
11
0.2879464173228347
21
0.7114437401574804
0
LINE
8
BLACK
6
CONTINUOUS
10
0.2879464173228347
20
0.7114437401574804
11
0.2844261811023622
21
0.7096835826771654
0
LINE
8
BLACK
6
CONTINUOUS
10
1.7103830314960629
20
0.7379034251968504
11
1.7117129921259842
21
0.7376312992125984
0
LINE
8
BLACK
6
CONTINUOUS
10
1.7117129921259842
20
0.7376312992125984
11
1.7173372834645668
21
0.7348191338582677
0
LINE
8
BLACK
6
CONTINUOUS
10
1.7173372834645668
20
0.7348191338582677
11
1.718048622047244
21
0.7341883070866142
0
LINE
8
BLACK
6
CONTINUOUS
10
1.718048622047244
20
0.7341883070866142
11
1.7188720866141731
21
0.7337129133858268
0
LINE
8
BLACK
6
CONTINUOUS
10
1.7188720866141731
20
0.7337129133858268
11
1.7244963779527558
21
0.7280886220472441
0
LINE
8
BLACK
6
CONTINUOUS
10
1.7244963779527558
20
0.7280886220472441
11
1.7245220078740158
21
0.7280441732283465
0
LINE
8
BLACK
6
CONTINUOUS
10
1.7245220078740158
20
0.7280441732283465
11
1.7245660236220473
21
0.7280177952755905
0
LINE
8
BLACK
6
CONTINUOUS
10
1.7245660236220473
20
0.7280177952755905
11
1.7252844488188976
21
0.7267235826771653
0
LINE
8
BLACK
6
CONTINUOUS
10
1.7252844488188976
20
0.7267235826771653
11
1.7260248425196849
21
0.7254412598425196
0
LINE
8
BLACK
6
CONTINUOUS
10
1.7260248425196849
20
0.7254412598425196
11
1.7260248425196849
21
0.7253899212598425
0
LINE
8
BLACK
6
CONTINUOUS
10
1.7260248425196849
20
0.7253899212598425
11
1.7260497244094488
21
0.7253451181102362
0
LINE
8
BLACK
6
CONTINUOUS
10
1.7260497244094488
20
0.7253451181102362
11
1.7288618897637795
21
0.7140965354330708
0
LINE
8
BLACK
6
CONTINUOUS
10
1.7288618897637795
20
0.7140965354330708
11
1.7288496062992125
21
0.7133679921259842
0
LINE
8
BLACK
6
CONTINUOUS
10
1.7288496062992125
20
0.7133679921259842
11
1.7290382283464567
21
0.7126642125984252
0
LINE
8
BLACK
6
CONTINUOUS
10
1.7290382283464567
20
0.7126642125984252
11
1.7290382283464567
21
0.6929791732283465
0
LINE
8
BLACK
6
CONTINUOUS
10
1.7290382283464567
20
0.6929791732283465
11
1.7288496062992125
21
0.6922753543307086
0
LINE
8
BLACK
6
CONTINUOUS
10
1.7288496062992125
20
0.6922753543307086
11
1.7288618897637795
21
0.6915468503937008
0
LINE
8
BLACK
6
CONTINUOUS
10
1.7288618897637795
20
0.6915468503937008
11
1.7260497244094488
21
0.6802982677165355
0
LINE
8
BLACK
6
CONTINUOUS
10
1.7260497244094488
20
0.6802982677165355
11
1.7260248425196849
21
0.6802534251968504
0
LINE
8
BLACK
6
CONTINUOUS
10
1.7260248425196849
20
0.6802534251968504
11
1.7260248425196849
21
0.680202125984252
0
LINE
8
BLACK
6
CONTINUOUS
10
1.7260248425196849
20
0.680202125984252
11
1.7252844488188976
21
0.6789197637795276
0
LINE
8
BLACK
6
CONTINUOUS
10
1.7252844488188976
20
0.6789197637795276
11
1.7245660236220473
21
0.6776255905511811
0
LINE
8
BLACK
6
CONTINUOUS
10
1.7245660236220473
20
0.6776255905511811
11
1.7245220078740158
21
0.6775991732283464
0
LINE
8
BLACK
6
CONTINUOUS
10
1.7245220078740158
20
0.6775991732283464
11
1.7244963779527558
21
0.6775547637795275
0
LINE
8
BLACK
6
CONTINUOUS
10
1.7244963779527558
20
0.6775547637795275
11
1.7188720866141731
21
0.6719304724409448
0
LINE
8
BLACK
6
CONTINUOUS
10
1.7188720866141731
20
0.6719304724409448
11
1.718048622047244
21
0.6714550393700788
0
LINE
8
BLACK
6
CONTINUOUS
10
1.718048622047244
20
0.6714550393700788
11
1.7173372834645668
21
0.6708242519685039
0
LINE
8
BLACK
6
CONTINUOUS
10
1.7173372834645668
20
0.6708242519685039
11
1.7117129921259842
21
0.6680120866141732
0
LINE
8
BLACK
6
CONTINUOUS
10
1.7117129921259842
20
0.6680120866141732
11
1.7103830314960629
21
0.6677399212598425
0
LINE
8
BLACK
6
CONTINUOUS
10
1.7103830314960629
20
0.6677399212598425
11
1.7090719685039371
21
0.667388622047244
0
LINE
8
BLACK
6
CONTINUOUS
10
1.7090719685039371
20
0.667388622047244
11
1.6978233858267717
21
0.667388622047244
0
LINE
8
BLACK
6
CONTINUOUS
10
1.6978233858267717
20
0.667388622047244
11
1.6965123228346457
21
0.6677398818897637
0
LINE
8
BLACK
6
CONTINUOUS
10
1.6965123228346457
20
0.6677398818897637
11
1.6951823228346456
21
0.6680120866141732
0
LINE
8
BLACK
6
CONTINUOUS
10
1.6951823228346456
20
0.6680120866141732
11
1.6895580708661417
21
0.6708242519685039
0
LINE
8
BLACK
6
CONTINUOUS
10
1.6895580708661417
20
0.6708242519685039
11
1.6888466535433071
21
0.6714550393700788
0
LINE
8
BLACK
6
CONTINUOUS
10
1.6888466535433071
20
0.6714550393700788
11
1.6880232677165354
21
0.6719304724409448
0
LINE
8
BLACK
6
CONTINUOUS
10
1.6880232677165354
20
0.6719304724409448
11
1.682398937007874
21
0.6775547637795275
0
LINE
8
BLACK
6
CONTINUOUS
10
1.682398937007874
20
0.6775547637795275
11
1.6823732677165355
21
0.6775991732283464
0
LINE
8
BLACK
6
CONTINUOUS
10
1.6823732677165355
20
0.6775991732283464
11
1.6823292913385826
21
0.6776255905511811
0
LINE
8
BLACK
6
CONTINUOUS
10
1.6823292913385826
20
0.6776255905511811
11
1.6816111023622047
21
0.6789192913385826
0
LINE
8
BLACK
6
CONTINUOUS
10
1.6816111023622047
20
0.6789192913385826
11
1.6808704724409449
21
0.680202125984252
0
LINE
8
BLACK
6
CONTINUOUS
10
1.6808704724409449
20
0.680202125984252
11
1.6808704724409449
21
0.6802534645669291
0
LINE
8
BLACK
6
CONTINUOUS
10
1.6808704724409449
20
0.6802534645669291
11
1.680845590551181
21
0.6802983070866142
0
LINE
8
BLACK
6
CONTINUOUS
10
1.680845590551181
20
0.6802983070866142
11
1.678033464566929
21
0.6915468897637795
0
LINE
8
BLACK
6
CONTINUOUS
10
1.678033464566929
20
0.6915468897637795
11
1.6780457086614173
21
0.6922753149606299
0
LINE
8
BLACK
6
CONTINUOUS
10
1.6780457086614173
20
0.6922753149606299
11
1.6778571259842519
21
0.6929791732283465
0
LINE
8
BLACK
6
CONTINUOUS
10
1.6778571259842519
20
0.6929791732283465
11
1.6778571259842519
21
0.7126642125984252
0
LINE
8
BLACK
6
CONTINUOUS
10
1.6778571259842519
20
0.7126642125984252
11
1.6780457086614173
21
0.713368031496063
0
LINE
8
BLACK
6
CONTINUOUS
10
1.6780457086614173
20
0.713368031496063
11
1.678033464566929
21
0.7140964960629921
0
LINE
8
BLACK
6
CONTINUOUS
10
1.678033464566929
20
0.7140964960629921
11
1.680845590551181
21
0.7253450787401574
0
LINE
8
BLACK
6
CONTINUOUS
10
1.680845590551181
20
0.7253450787401574
11
1.6808704724409449
21
0.7253898818897637
0
LINE
8
BLACK
6
CONTINUOUS
10
1.6808704724409449
20
0.7253898818897637
11
1.6808704724409449
21
0.7254412598425196
0
LINE
8
BLACK
6
CONTINUOUS
10
1.6808704724409449
20
0.7254412598425196
11
1.6816111023622047
21
0.7267240551181102
0
LINE
8
BLACK
6
CONTINUOUS
10
1.6816111023622047
20
0.7267240551181102
11
1.6823292913385826
21
0.7280177952755905
0
LINE
8
BLACK
6
CONTINUOUS
10
1.6823292913385826
20
0.7280177952755905
11
1.6823732677165355
21
0.7280441732283465
0
LINE
8
BLACK
6
CONTINUOUS
10
1.6823732677165355
20
0.7280441732283465
11
1.682398937007874
21
0.7280886220472441
0
LINE
8
BLACK
6
CONTINUOUS
10
1.682398937007874
20
0.7280886220472441
11
1.6880232677165354
21
0.7337129133858268
0
LINE
8
BLACK
6
CONTINUOUS
10
1.6880232677165354
20
0.7337129133858268
11
1.6888466535433071
21
0.7341883070866142
0
LINE
8
BLACK
6
CONTINUOUS
10
1.6888466535433071
20
0.7341883070866142
11
1.6895580708661417
21
0.7348191338582677
0
LINE
8
BLACK
6
CONTINUOUS
10
1.6895580708661417
20
0.7348191338582677
11
1.6951823228346456
21
0.7376312992125984
0
LINE
8
BLACK
6
CONTINUOUS
10
1.6951823228346456
20
0.7376312992125984
11
1.6965123228346457
21
0.7379034645669291
0
LINE
8
BLACK
6
CONTINUOUS
10
1.6965123228346457
20
0.7379034645669291
11
1.6978233858267717
21
0.7382547637795276
0
LINE
8
BLACK
6
CONTINUOUS
10
1.6978233858267717
20
0.7382547637795276
11
1.7090719685039371
21
0.7382547637795276
0
LINE
8
BLACK
6
CONTINUOUS
10
1.7090719685039371
20
0.7382547637795276
11
1.7103830314960629
21
0.7379034251968504
0
LINE
8
BLACK
6
CONTINUOUS
10
1.6956972440944882
20
0.7246836220472441
11
1.6919072047244095
21
0.7208935433070865
0
LINE
8
BLACK
6
CONTINUOUS
10
1.6919072047244095
20
0.7208935433070865
11
1.6896681496062991
21
0.7119372834645669
0
LINE
8
BLACK
6
CONTINUOUS
10
1.6896681496062991
20
0.7119372834645669
11
1.6896681496062991
21
0.693706062992126
0
LINE
8
BLACK
6
CONTINUOUS
10
1.6896681496062991
20
0.693706062992126
11
1.6919072047244095
21
0.6847498031496063
0
LINE
8
BLACK
6
CONTINUOUS
10
1.6919072047244095
20
0.6847498031496063
11
1.6956972440944882
21
0.6809597244094489
0
LINE
8
BLACK
6
CONTINUOUS
10
1.6956972440944882
20
0.6809597244094489
11
1.6992174803149607
21
0.6791996456692914
0
LINE
8
BLACK
6
CONTINUOUS
10
1.6992174803149607
20
0.6791996456692914
11
1.7076778740157479
21
0.6791996456692914
0
LINE
8
BLACK
6
CONTINUOUS
10
1.7076778740157479
20
0.6791996456692914
11
1.7111980708661416
21
0.6809597637795275
0
LINE
8
BLACK
6
CONTINUOUS
10
1.7111980708661416
20
0.6809597637795275
11
1.7149880708661418
21
0.6847497637795276
0
LINE
8
BLACK
6
CONTINUOUS
10
1.7149880708661418
20
0.6847497637795276
11
1.7172272047244095
21
0.6937061023622048
0
LINE
8
BLACK
6
CONTINUOUS
10
1.7172272047244095
20
0.6937061023622048
11
1.7172272047244095
21
0.7119372440944882
0
LINE
8
BLACK
6
CONTINUOUS
10
1.7172272047244095
20
0.7119372440944882
11
1.7149880708661418
21
0.7208935826771653
0
LINE
8
BLACK
6
CONTINUOUS
10
1.7149880708661418
20
0.7208935826771653
11
1.7111980708661416
21
0.7246835826771654
0
LINE
8
BLACK
6
CONTINUOUS
10
1.7111980708661416
20
0.7246835826771654
11
1.7076778740157479
21
0.7264437401574803
0
LINE
8
BLACK
6
CONTINUOUS
10
1.7076778740157479
20
0.7264437401574803
11
1.6992174803149607
21
0.7264437401574803
0
LINE
8
BLACK
6
CONTINUOUS
10
1.6992174803149607
20
0.7264437401574803
11
1.6956972440944882
21
0.7246836220472441
0
LINE
8
BLACK
6
CONTINUOUS
10
1.785140590551181
20
0.7374635826771654
11
1.7873021653543306
21
0.7353020078740158
0
LINE
8
BLACK
6
CONTINUOUS
10
1.7873021653543306
20
0.7353020078740158
11
1.7880933464566928
21
0.7323492519685039
0
LINE
8
BLACK
6
CONTINUOUS
10
1.7880933464566928
20
0.7323492519685039
11
1.7880933464566928
21
0.6845427165354331
0
LINE
8
BLACK
6
CONTINUOUS
10
1.7880933464566928
20
0.6845427165354331
11
1.7877419685039371
21
0.6832314566929134
0
LINE
8
BLACK
6
CONTINUOUS
10
1.7877419685039371
20
0.6832314566929134
11
1.7874698818897636
21
0.6819017322834645
0
LINE
8
BLACK
6
CONTINUOUS
10
1.7874698818897636
20
0.6819017322834645
11
1.7846577559055117
21
0.6762774015748031
0
LINE
8
BLACK
6
CONTINUOUS
10
1.7846577559055117
20
0.6762774015748031
11
1.7840268897637794
21
0.6755659842519685
0
LINE
8
BLACK
6
CONTINUOUS
10
1.7840268897637794
20
0.6755659842519685
11
1.7835514960629921
21
0.674742559055118
0
LINE
8
BLACK
6
CONTINUOUS
10
1.7835514960629921
20
0.674742559055118
11
1.7807393307086614
21
0.6719304330708661
0
LINE
8
BLACK
6
CONTINUOUS
10
1.7807393307086614
20
0.6719304330708661
11
1.779915905511811
21
0.6714550393700788
0
LINE
8
BLACK
6
CONTINUOUS
10
1.779915905511811
20
0.6714550393700788
11
1.7792045669291339
21
0.6708242519685039
0
LINE
8
BLACK
6
CONTINUOUS
10
1.7792045669291339
20
0.6708242519685039
11
1.7735802755905512
21
0.6680120866141732
0
LINE
8
BLACK
6
CONTINUOUS
10
1.7735802755905512
20
0.6680120866141732
11
1.7722503149606299
21
0.6677399212598425
0
LINE
8
BLACK
6
CONTINUOUS
10
1.7722503149606299
20
0.6677399212598425
11
1.7709392519685039
21
0.667388622047244
0
LINE
8
BLACK
6
CONTINUOUS
10
1.7709392519685039
20
0.667388622047244
11
1.7596906692913385
21
0.667388622047244
0
LINE
8
BLACK
6
CONTINUOUS
10
1.7596906692913385
20
0.667388622047244
11
1.7583796062992125
21
0.6677398818897637
0
LINE
8
BLACK
6
CONTINUOUS
10
1.7583796062992125
20
0.6677398818897637
11
1.7570496062992125
21
0.6680120866141732
0
LINE
8
BLACK
6
CONTINUOUS
10
1.7570496062992125
20
0.6680120866141732
11
1.7514253543307086
21
0.6708242519685039
0
LINE
8
BLACK
6
CONTINUOUS
10
1.7514253543307086
20
0.6708242519685039
11
1.7507139763779527
21
0.6714550393700788
0
LINE
8
BLACK
6
CONTINUOUS
10
1.7507139763779527
20
0.6714550393700788
11
1.749890590551181
21
0.6719304330708661
0
LINE
8
BLACK
6
CONTINUOUS
10
1.749890590551181
20
0.6719304330708661
11
1.7470784251968503
21
0.674742559055118
0
LINE
8
BLACK
6
CONTINUOUS
10
1.7470784251968503
20
0.674742559055118
11
1.7466029527559055
21
0.6755660236220472
0
LINE
8
BLACK
6
CONTINUOUS
10
1.7466029527559055
20
0.6755660236220472
11
1.7459721653543308
21
0.6762774015748031
0
LINE
8
BLACK
6
CONTINUOUS
10
1.7459721653543308
20
0.6762774015748031
11
1.74316
21
0.6819016929133858
0
LINE
8
BLACK
6
CONTINUOUS
10
1.74316
20
0.6819016929133858
11
1.7428878346456693
21
0.6832316141732283
0
LINE
8
BLACK
6
CONTINUOUS
10
1.7428878346456693
20
0.6832316141732283
11
1.7425365354330709
21
0.6845427165354331
0
LINE
8
BLACK
6
CONTINUOUS
10
1.7425365354330709
20
0.6845427165354331
11
1.7425365354330709
21
0.7323492519685039
0
LINE
8
BLACK
6
CONTINUOUS
10
1.7425365354330709
20
0.7323492519685039
11
1.7433277165354331
21
0.7353020078740158
0
LINE
8
BLACK
6
CONTINUOUS
10
1.7433277165354331
20
0.7353020078740158
11
1.7454892913385827
21
0.7374635826771654
0
LINE
8
BLACK
6
CONTINUOUS
10
1.7454892913385827
20
0.7374635826771654
11
1.7484420472440945
21
0.7382547637795276
0
LINE
8
BLACK
6
CONTINUOUS
10
1.7484420472440945
20
0.7382547637795276
11
1.7513948031496063
21
0.7374635826771654
0
LINE
8
BLACK
6
CONTINUOUS
10
1.7513948031496063
20
0.7374635826771654
11
1.7535563779527559
21
0.7353020078740158
0
LINE
8
BLACK
6
CONTINUOUS
10
1.7535563779527559
20
0.7353020078740158
11
1.7543475590551181
21
0.7323492519685039
0
LINE
8
BLACK
6
CONTINUOUS
10
1.7543475590551181
20
0.7323492519685039
11
1.7543475590551181
21
0.685936811023622
0
LINE
8
BLACK
6
CONTINUOUS
10
1.7543475590551181
20
0.685936811023622
11
1.7561076771653543
21
0.6824165748031495
0
LINE
8
BLACK
6
CONTINUOUS
10
1.7561076771653543
20
0.6824165748031495
11
1.757564527559055
21
0.6809597637795275
0
LINE
8
BLACK
6
CONTINUOUS
10
1.757564527559055
20
0.6809597637795275
11
1.7610847637795275
21
0.6791996456692914
0
LINE
8
BLACK
6
CONTINUOUS
10
1.7610847637795275
20
0.6791996456692914
11
1.7695451574803149
21
0.6791996456692914
0
LINE
8
BLACK
6
CONTINUOUS
10
1.7695451574803149
20
0.6791996456692914
11
1.7730653937007874
21
0.6809597637795275
0
LINE
8
BLACK
6
CONTINUOUS
10
1.7730653937007874
20
0.6809597637795275
11
1.7745222440944881
21
0.6824166141732283
0
LINE
8
BLACK
6
CONTINUOUS
10
1.7745222440944881
20
0.6824166141732283
11
1.7762823228346456
21
0.6859367716535433
0
LINE
8
BLACK
6
CONTINUOUS
10
1.7762823228346456
20
0.6859367716535433
11
1.7762823228346456
21
0.7323492519685039
0
LINE
8
BLACK
6
CONTINUOUS
10
1.7762823228346456
20
0.7323492519685039
11
1.7770735039370078
21
0.7353020078740158
0
LINE
8
BLACK
6
CONTINUOUS
10
1.7770735039370078
20
0.7353020078740158
11
1.7792350787401574
21
0.7374635826771654
0
LINE
8
BLACK
6
CONTINUOUS
10
1.7792350787401574
20
0.7374635826771654
11
1.7821878346456692
21
0.7382547637795276
0
LINE
8
BLACK
6
CONTINUOUS
10
1.7821878346456692
20
0.7382547637795276
11
1.785140590551181
21
0.7374635826771654
0
LINE
8
BLACK
6
CONTINUOUS
10
1.8385714566929134
20
0.7374635826771654
11
1.840733031496063
21
0.7353020078740158
0
LINE
8
BLACK
6
CONTINUOUS
10
1.840733031496063
20
0.7353020078740158
11
1.8415242125984252
21
0.7323492519685039
0
LINE
8
BLACK
6
CONTINUOUS
10
1.8415242125984252
20
0.7323492519685039
11
1.840733031496063
21
0.7293964960629921
0
LINE
8
BLACK
6
CONTINUOUS
10
1.840733031496063
20
0.7293964960629921
11
1.8385714566929134
21
0.7272349212598425
0
LINE
8
BLACK
6
CONTINUOUS
10
1.8385714566929134
20
0.7272349212598425
11
1.8356187007874016
21
0.7264437401574803
0
LINE
8
BLACK
6
CONTINUOUS
10
1.8356187007874016
20
0.7264437401574803
11
1.8246512992125983
21
0.7264437401574803
0
LINE
8
BLACK
6
CONTINUOUS
10
1.8246512992125983
20
0.7264437401574803
11
1.8246512992125983
21
0.6732941338582678
0
LINE
8
BLACK
6
CONTINUOUS
10
1.8246512992125983
20
0.6732941338582678
11
1.8238601181102361
21
0.6703413779527559
0
LINE
8
BLACK
6
CONTINUOUS
10
1.8238601181102361
20
0.6703413779527559
11
1.8216985433070865
21
0.6681798031496062
0
LINE
8
BLACK
6
CONTINUOUS
10
1.8216985433070865
20
0.6681798031496062
11
1.8187457874015747
21
0.667388622047244
0
LINE
8
BLACK
6
CONTINUOUS
10
1.8187457874015747
20
0.667388622047244
11
1.8157930314960629
21
0.6681798031496062
0
LINE
8
BLACK
6
CONTINUOUS
10
1.8157930314960629
20
0.6681798031496062
11
1.8136314566929133
21
0.6703413779527559
0
LINE
8
BLACK
6
CONTINUOUS
10
1.8136314566929133
20
0.6703413779527559
11
1.8128402755905511
21
0.6732941338582678
0
LINE
8
BLACK
6
CONTINUOUS
10
1.8128402755905511
20
0.6732941338582678
11
1.8128402755905511
21
0.7264437401574803
0
LINE
8
BLACK
6
CONTINUOUS
10
1.8128402755905511
20
0.7264437401574803
11
1.8018729133858267
21
0.7264437401574803
0
LINE
8
BLACK
6
CONTINUOUS
10
1.8018729133858267
20
0.7264437401574803
11
1.7989201574803149
21
0.7272349212598425
0
LINE
8
BLACK
6
CONTINUOUS
10
1.7989201574803149
20
0.7272349212598425
11
1.7967585826771653
21
0.7293964960629921
0
LINE
8
BLACK
6
CONTINUOUS
10
1.7967585826771653
20
0.7293964960629921
11
1.7959674015748031
21
0.7323492519685039
0
LINE
8
BLACK
6
CONTINUOUS
10
1.7959674015748031
20
0.7323492519685039
11
1.7967585826771653
21
0.7353020078740158
0
LINE
8
BLACK
6
CONTINUOUS
10
1.7967585826771653
20
0.7353020078740158
11
1.7989201574803149
21
0.7374635826771654
0
LINE
8
BLACK
6
CONTINUOUS
10
1.7989201574803149
20
0.7374635826771654
11
1.8018729133858267
21
0.7382547637795276
0
LINE
8
BLACK
6
CONTINUOUS
10
1.8018729133858267
20
0.7382547637795276
11
1.8356187007874016
21
0.7382547637795276
0
LINE
8
BLACK
6
CONTINUOUS
10
1.8356187007874016
20
0.7382547637795276
11
1.8385714566929134
21
0.7374635826771654
0
LINE
8
BLACK
6
CONTINUOUS
10
1.8868009055118109
20
0.7381037401574803
11
1.8873829921259841
21
0.7381425590551181
0
LINE
8
BLACK
6
CONTINUOUS
10
1.8873829921259841
20
0.7381425590551181
11
1.8882531496062991
21
0.7377146062992126
0
LINE
8
BLACK
6
CONTINUOUS
10
1.8882531496062991
20
0.7377146062992126
11
1.8891901181102362
21
0.7374635826771654
0
LINE
8
BLACK
6
CONTINUOUS
10
1.8891901181102362
20
0.7374635826771654
11
1.889602716535433
21
0.7370509448818897
0
LINE
8
BLACK
6
CONTINUOUS
10
1.889602716535433
20
0.7370509448818897
11
1.8901261417322834
21
0.7367935826771653
0
LINE
8
BLACK
6
CONTINUOUS
10
1.8901261417322834
20
0.7367935826771653
11
1.8906657480314961
21
0.7359879133858268
0
LINE
8
BLACK
6
CONTINUOUS
10
1.8906657480314961
20
0.7359879133858268
11
1.8913516929133858
21
0.7353020078740158
0
LINE
8
BLACK
6
CONTINUOUS
10
1.8913516929133858
20
0.7353020078740158
11
1.8915026771653543
21
0.7347384251968504
0
LINE
8
BLACK
6
CONTINUOUS
10
1.8915026771653543
20
0.7347384251968504
11
1.8918273228346456
21
0.734253779527559
0
LINE
8
BLACK
6
CONTINUOUS
10
1.8918273228346456
20
0.734253779527559
11
1.891891811023622
21
0.7332861417322835
0
LINE
8
BLACK
6
CONTINUOUS
10
1.891891811023622
20
0.7332861417322835
11
1.892142874015748
21
0.7323492519685039
0
LINE
8
BLACK
6
CONTINUOUS
10
1.892142874015748
20
0.7323492519685039
11
1.8919918503937008
21
0.7317856692913386
0
LINE
8
BLACK
6
CONTINUOUS
10
1.8919918503937008
20
0.7317856692913386
11
1.8920306692913385
21
0.7312036220472441
0
LINE
8
BLACK
6
CONTINUOUS
10
1.8920306692913385
20
0.7312036220472441
11
1.891602716535433
21
0.7303333858267717
0
LINE
8
BLACK
6
CONTINUOUS
10
1.891602716535433
20
0.7303333858267717
11
1.8913516929133858
21
0.7293964960629921
0
LINE
8
BLACK
6
CONTINUOUS
10
1.8913516929133858
20
0.7293964960629921
11
1.890939094488189
21
0.7289838976377953
0
LINE
8
BLACK
6
CONTINUOUS
10
1.890939094488189
20
0.7289838976377953
11
1.8906816929133858
21
0.7284604330708662
0
LINE
8
BLACK
6
CONTINUOUS
10
1.8906816929133858
20
0.7284604330708662
11
1.8785976771653543
21
0.7146500787401575
0
LINE
8
BLACK
6
CONTINUOUS
10
1.8785976771653543
20
0.7146500787401575
11
1.883254094488189
21
0.712321968503937
0
LINE
8
BLACK
6
CONTINUOUS
10
1.883254094488189
20
0.712321968503937
11
1.8839654724409449
21
0.7116911023622047
0
LINE
8
BLACK
6
CONTINUOUS
10
1.8839654724409449
20
0.7116911023622047
11
1.8847889370078739
21
0.7112157086614173
0
LINE
8
BLACK
6
CONTINUOUS
10
1.8847889370078739
20
0.7112157086614173
11
1.887601062992126
21
0.7084035433070865
0
LINE
8
BLACK
6
CONTINUOUS
10
1.887601062992126
20
0.7084035433070865
11
1.8880764173228346
21
0.7075801181102362
0
LINE
8
BLACK
6
CONTINUOUS
10
1.8880764173228346
20
0.7075801181102362
11
1.8887072440944881
21
0.706868779527559
0
LINE
8
BLACK
6
CONTINUOUS
10
1.8887072440944881
20
0.706868779527559
11
1.8915194094488188
21
0.7012445275590551
0
LINE
8
BLACK
6
CONTINUOUS
10
1.8915194094488188
20
0.7012445275590551
11
1.8917915748031495
21
0.6999144881889764
0
LINE
8
BLACK
6
CONTINUOUS
10
1.8917915748031495
20
0.6999144881889764
11
1.892142874015748
21
0.6986034645669291
0
LINE
8
BLACK
6
CONTINUOUS
10
1.892142874015748
20
0.6986034645669291
11
1.892142874015748
21
0.6845427165354331
0
LINE
8
BLACK
6
CONTINUOUS
10
1.892142874015748
20
0.6845427165354331
11
1.8917915748031495
21
0.6832316535433071
0
LINE
8
BLACK
6
CONTINUOUS
10
1.8917915748031495
20
0.6832316535433071
11
1.8915194094488188
21
0.6819016535433071
0
LINE
8
BLACK
6
CONTINUOUS
10
1.8915194094488188
20
0.6819016535433071
11
1.8887072440944881
21
0.6762774015748031
0
LINE
8
BLACK
6
CONTINUOUS
10
1.8887072440944881
20
0.6762774015748031
11
1.8880764173228346
21
0.6755660236220472
0
LINE
8
BLACK
6
CONTINUOUS
10
1.8880764173228346
20
0.6755660236220472
11
1.8876010236220473
21
0.6747425984251968
0
LINE
8
BLACK
6
CONTINUOUS
10
1.8876010236220473
20
0.6747425984251968
11
1.8847888976377953
21
0.6719304724409448
0
LINE
8
BLACK
6
CONTINUOUS
10
1.8847888976377953
20
0.6719304724409448
11
1.8839654724409449
21
0.6714550787401574
0
LINE
8
BLACK
6
CONTINUOUS
10
1.8839654724409449
20
0.6714550787401574
11
1.883254094488189
21
0.6708242519685039
0
LINE
8
BLACK
6
CONTINUOUS
10
1.883254094488189
20
0.6708242519685039
11
1.8776297637795276
21
0.6680120866141732
0
LINE
8
BLACK
6
CONTINUOUS
10
1.8776297637795276
20
0.6680120866141732
11
1.8762998031496063
21
0.6677399212598425
0
LINE
8
BLACK
6
CONTINUOUS
10
1.8762998031496063
20
0.6677399212598425
11
1.8749887401574803
21
0.667388622047244
0
LINE
8
BLACK
6
CONTINUOUS
10
1.8749887401574803
20
0.667388622047244
11
1.8581158661417323
21
0.667388622047244
0
LINE
8
BLACK
6
CONTINUOUS
10
1.8581158661417323
20
0.667388622047244
11
1.8568048031496063
21
0.6677398818897637
0
LINE
8
BLACK
6
CONTINUOUS
10
1.8568048031496063
20
0.6677398818897637
11
1.8554748031496062
21
0.6680120866141732
0
LINE
8
BLACK
6
CONTINUOUS
10
1.8554748031496062
20
0.6680120866141732
11
1.8498505511811023
21
0.6708242519685039
0
LINE
8
BLACK
6
CONTINUOUS
10
1.8498505511811023
20
0.6708242519685039
11
1.8491391732283464
21
0.6714550393700788
0
LINE
8
BLACK
6
CONTINUOUS
10
1.8491391732283464
20
0.6714550393700788
11
1.8483157874015748
21
0.6719304330708661
0
LINE
8
BLACK
6
CONTINUOUS
10
1.8483157874015748
20
0.6719304330708661
11
1.8455036220472441
21
0.674742559055118
0
LINE
8
BLACK
6
CONTINUOUS
10
1.8455036220472441
20
0.674742559055118
11
1.8439751181102362
21
0.6773899212598425
0
LINE
8
BLACK
6
CONTINUOUS
10
1.8439751181102362
20
0.6773899212598425
11
1.8439751181102362
21
0.6804468503937008
0
LINE
8
BLACK
6
CONTINUOUS
10
1.8439751181102362
20
0.6804468503937008
11
1.8455035433070865
21
0.6830942125984252
0
LINE
8
BLACK
6
CONTINUOUS
10
1.8455035433070865
20
0.6830942125984252
11
1.848150905511811
21
0.6846227165354331
0
LINE
8
BLACK
6
CONTINUOUS
10
1.848150905511811
20
0.6846227165354331
11
1.8512078346456693
21
0.6846227165354331
0
LINE
8
BLACK
6
CONTINUOUS
10
1.8512078346456693
20
0.6846227165354331
11
1.8538551968503936
21
0.6830942913385827
0
LINE
8
BLACK
6
CONTINUOUS
10
1.8538551968503936
20
0.6830942913385827
11
1.8559897244094488
21
0.6809597637795275
0
LINE
8
BLACK
6
CONTINUOUS
10
1.8559897244094488
20
0.6809597637795275
11
1.8595099606299212
21
0.6791996456692914
0
LINE
8
BLACK
6
CONTINUOUS
10
1.8595099606299212
20
0.6791996456692914
11
1.8735946456692913
21
0.6791996456692914
0
LINE
8
BLACK
6
CONTINUOUS
10
1.8735946456692913
20
0.6791996456692914
11
1.8771148818897638
21
0.6809597637795275
0
LINE
8
BLACK
6
CONTINUOUS
10
1.8771148818897638
20
0.6809597637795275
11
1.8785717322834645
21
0.6824166141732283
0
LINE
8
BLACK
6
CONTINUOUS
10
1.8785717322834645
20
0.6824166141732283
11
1.8803318503937008
21
0.685936811023622
0
LINE
8
BLACK
6
CONTINUOUS
10
1.8803318503937008
20
0.685936811023622
11
1.8803318503937008
21
0.6972093307086614
0
LINE
8
BLACK
6
CONTINUOUS
10
1.8803318503937008
20
0.6972093307086614
11
1.8785716929133858
21
0.7007295669291338
0
LINE
8
BLACK
6
CONTINUOUS
10
1.8785716929133858
20
0.7007295669291338
11
1.8771148818897638
21
0.7021864173228346
0
LINE
8
BLACK
6
CONTINUOUS
10
1.8771148818897638
20
0.7021864173228346
11
1.8735946850393701
21
0.7039465354330708
0
LINE
8
BLACK
6
CONTINUOUS
10
1.8735946850393701
20
0.7039465354330708
11
1.8665523228346457
21
0.7039465354330708
0
LINE
8
BLACK
6
CONTINUOUS
10
1.8665523228346457
20
0.7039465354330708
11
1.8659888582677164
21
0.7040974803149607
0
LINE
8
BLACK
6
CONTINUOUS
10
1.8659888582677164
20
0.7040974803149607
11
1.8654066929133857
21
0.7040587007874015
0
LINE
8
BLACK
6
CONTINUOUS
10
1.8654066929133857
20
0.7040587007874015
11
1.8645362598425197
21
0.7044866929133858
0
LINE
8
BLACK
6
CONTINUOUS
10
1.8645362598425197
20
0.7044866929133858
11
1.8635995669291339
21
0.704737716535433
0
LINE
8
BLACK
6
CONTINUOUS
10
1.8635995669291339
20
0.704737716535433
11
1.8631870472440943
21
0.7051501968503937
0
LINE
8
BLACK
6
CONTINUOUS
10
1.8631870472440943
20
0.7051501968503937
11
1.8626635039370079
21
0.7054076771653544
0
LINE
8
BLACK
6
CONTINUOUS
10
1.8626635039370079
20
0.7054076771653544
11
1.8621237007874016
21
0.7062135433070866
0
LINE
8
BLACK
6
CONTINUOUS
10
1.8621237007874016
20
0.7062135433070866
11
1.8614379921259843
21
0.7068992913385826
0
LINE
8
BLACK
6
CONTINUOUS
10
1.8614379921259843
20
0.7068992913385826
11
1.8612870078740158
21
0.7074627559055118
0
LINE
8
BLACK
6
CONTINUOUS
10
1.8612870078740158
20
0.7074627559055118
11
1.8609623228346457
21
0.7079475196850393
0
LINE
8
BLACK
6
CONTINUOUS
10
1.8609623228346457
20
0.7079475196850393
11
1.8608977952755905
21
0.7089153149606299
0
LINE
8
BLACK
6
CONTINUOUS
10
1.8608977952755905
20
0.7089153149606299
11
1.8606468110236221
21
0.7098520472440945
0
LINE
8
BLACK
6
CONTINUOUS
10
1.8606468110236221
20
0.7098520472440945
11
1.8607977559055118
21
0.7104154724409448
0
LINE
8
BLACK
6
CONTINUOUS
10
1.8607977559055118
20
0.7104154724409448
11
1.8607589763779526
21
0.7109976771653543
0
LINE
8
BLACK
6
CONTINUOUS
10
1.8607589763779526
20
0.7109976771653543
11
1.8611869685039371
21
0.7118680708661417
0
LINE
8
BLACK
6
CONTINUOUS
10
1.8611869685039371
20
0.7118680708661417
11
1.8614379921259843
21
0.7128048031496063
0
LINE
8
BLACK
6
CONTINUOUS
10
1.8614379921259843
20
0.7128048031496063
11
1.8618504724409448
21
0.7132172834645669
0
LINE
8
BLACK
6
CONTINUOUS
10
1.8618504724409448
20
0.7132172834645669
11
1.8621079527559055
21
0.7137408661417323
0
LINE
8
BLACK
6
CONTINUOUS
10
1.8621079527559055
20
0.7137408661417323
11
1.8732229921259842
21
0.7264437401574803
0
LINE
8
BLACK
6
CONTINUOUS
10
1.8732229921259842
20
0.7264437401574803
11
1.8496794094488189
21
0.7264437401574803
0
LINE
8
BLACK
6
CONTINUOUS
10
1.8496794094488189
20
0.7264437401574803
11
1.8467266535433071
21
0.7272349212598425
0
LINE
8
BLACK
6
CONTINUOUS
10
1.8467266535433071
20
0.7272349212598425
11
1.8445650787401575
21
0.7293964960629921
0
LINE
8
BLACK
6
CONTINUOUS
10
1.8445650787401575
20
0.7293964960629921
11
1.8437738976377953
21
0.7323492519685039
0
LINE
8
BLACK
6
CONTINUOUS
10
1.8437738976377953
20
0.7323492519685039
11
1.8445650787401575
21
0.7353020078740158
0
LINE
8
BLACK
6
CONTINUOUS
10
1.8445650787401575
20
0.7353020078740158
11
1.8467266535433071
21
0.7374635826771654
0
LINE
8
BLACK
6
CONTINUOUS
10
1.8467266535433071
20
0.7374635826771654
11
1.8496794094488189
21
0.7382547637795276
0
LINE
8
BLACK
6
CONTINUOUS
10
1.8496794094488189
20
0.7382547637795276
11
1.8862373622047244
21
0.7382547637795276
0
LINE
8
BLACK
6
CONTINUOUS
10
1.8862373622047244
20
0.7382547637795276
11
1.8868009055118109
21
0.7381037401574803
0
LINE
8
BLACK
6
CONTINUOUS
10
0.2831496062992126
20
0.775
11
0.1331496062992126
21
0.775
0
LINE
8
BLACK
6
CONTINUOUS
10
0.1331496062992126
20
0.775
11
0.1331496062992126
21
0.9249999999999999
0
LINE
8
BLACK
6
CONTINUOUS
10
0.1331496062992126
20
0.9249999999999999
11
0.2831496062992126
21
0.9249999999999999
0
LINE
8
BLACK
6
CONTINUOUS
10
0.2831496062992126
20
0.9249999999999999
11
0.2831496062992126
21
0.775
0
LINE
8
BLACK
6
CONTINUOUS
10
0.1051331102362205
20
0.8666246850393701
11
0.1073292519685039
21
0.8644285433070866
0
LINE
8
BLACK
6
CONTINUOUS
10
0.1073292519685039
20
0.8644285433070866
11
0.1081331102362205
21
0.8614285433070866
0
LINE
8
BLACK
6
CONTINUOUS
10
0.1081331102362205
20
0.8614285433070866
11
0.1081331102362205
21
0.8271428346456693
0
LINE
8
BLACK
6
CONTINUOUS
10
0.1081331102362205
20
0.8271428346456693
11
0.1073292519685039
21
0.8241428346456693
0
LINE
8
BLACK
6
CONTINUOUS
10
0.1073292519685039
20
0.8241428346456693
11
0.1051331102362205
21
0.8219466929133858
0
LINE
8
BLACK
6
CONTINUOUS
10
0.1051331102362205
20
0.8219466929133858
11
0.1021331102362205
21
0.8211428346456693
0
LINE
8
BLACK
6
CONTINUOUS
10
0.1021331102362205
20
0.8211428346456693
11
0.0991331102362205
21
0.8219466929133858
0
LINE
8
BLACK
6
CONTINUOUS
10
0.0991331102362205
20
0.8219466929133858
11
0.096936968503937
21
0.8241428346456693
0
LINE
8
BLACK
6
CONTINUOUS
10
0.096936968503937
20
0.8241428346456693
11
0.0961331102362205
21
0.8271428346456693
0
LINE
8
BLACK
6
CONTINUOUS
10
0.0961331102362205
20
0.8271428346456693
11
0.0961331102362205
21
0.8382857086614173
0
LINE
8
BLACK
6
CONTINUOUS
10
0.0961331102362205
20
0.8382857086614173
11
0.0594755118110236
21
0.8382857086614173
0
LINE
8
BLACK
6
CONTINUOUS
10
0.0594755118110236
20
0.8382857086614173
11
0.0606614566929134
21
0.8370997637795276
0
LINE
8
BLACK
6
CONTINUOUS
10
0.0606614566929134
20
0.8370997637795276
11
0.0611444094488189
21
0.8362632283464567
0
LINE
8
BLACK
6
CONTINUOUS
10
0.0611444094488189
20
0.8362632283464567
11
0.0617853937007874
21
0.8355404330708661
0
LINE
8
BLACK
6
CONTINUOUS
10
0.0617853937007874
20
0.8355404330708661
11
0.0646425590551181
21
0.8298261417322834
0
LINE
8
BLACK
6
CONTINUOUS
10
0.0646425590551181
20
0.8298261417322834
11
0.0652651968503937
21
0.8267833464566929
0
LINE
8
BLACK
6
CONTINUOUS
10
0.0652651968503937
20
0.8267833464566929
11
0.0642830708661417
21
0.8238369291338582
0
LINE
8
BLACK
6
CONTINUOUS
10
0.0642830708661417
20
0.8238369291338582
11
0.0619592913385827
21
0.8217762992125984
0
LINE
8
BLACK
6
CONTINUOUS
10
0.0619592913385827
20
0.8217762992125984
11
0.0589164960629921
21
0.8211536220472441
0
LINE
8
BLACK
6
CONTINUOUS
10
0.0589164960629921
20
0.8211536220472441
11
0.0559700787401575
21
0.822135748031496
0
LINE
8
BLACK
6
CONTINUOUS
10
0.0559700787401575
20
0.822135748031496
11
0.0539094094488189
21
0.824459527559055
0
LINE
8
BLACK
6
CONTINUOUS
10
0.0539094094488189
20
0.824459527559055
11
0.0514876377952756
21
0.8293029921259842
0
LINE
8
BLACK
6
CONTINUOUS
10
0.0514876377952756
20
0.8293029921259842
11
0.0468818897637795
21
0.8339087401574803
0
LINE
8
BLACK
6
CONTINUOUS
10
0.0468818897637795
20
0.8339087401574803
11
0.0388049212598425
21
0.8392934251968504
0
LINE
8
BLACK
6
CONTINUOUS
10
0.0388049212598425
20
0.8392934251968504
11
0.0379031102362205
21
0.8403195275590551
0
LINE
8
BLACK
6
CONTINUOUS
10
0.0379031102362205
20
0.8403195275590551
11
0.036936968503937
21
0.8412857086614173
0
LINE
8
BLACK
6
CONTINUOUS
10
0.036936968503937
20
0.8412857086614173
11
0.0368855905511811
21
0.8414773228346456
0
LINE
8
BLACK
6
CONTINUOUS
10
0.0368855905511811
20
0.8414773228346456
11
0.0367546456692913
21
0.8416263779527559
0
LINE
8
BLACK
6
CONTINUOUS
10
0.0367546456692913
20
0.8416263779527559
11
0.0364866929133858
21
0.8429661023622047
0
LINE
8
BLACK
6
CONTINUOUS
10
0.0364866929133858
20
0.8429661023622047
11
0.0361331102362205
21
0.8442857086614173
0
LINE
8
BLACK
6
CONTINUOUS
10
0.0361331102362205
20
0.8442857086614173
11
0.0361844488188976
21
0.8444773228346456
0
LINE
8
BLACK
6
CONTINUOUS
10
0.0361844488188976
20
0.8444773228346456
11
0.0361455511811024
21
0.8446718503937007
0
LINE
8
BLACK
6
CONTINUOUS
10
0.0361455511811024
20
0.8446718503937007
11
0.0365833070866142
21
0.8459659055118111
0
LINE
8
BLACK
6
CONTINUOUS
10
0.0365833070866142
20
0.8459659055118111
11
0.036936968503937
21
0.8472857086614173
0
LINE
8
BLACK
6
CONTINUOUS
10
0.036936968503937
20
0.8472857086614173
11
0.0370772440944882
21
0.8474259842519685
0
LINE
8
BLACK
6
CONTINUOUS
10
0.0370772440944882
20
0.8474259842519685
11
0.0371408267716535
21
0.8476138976377953
0
LINE
8
BLACK
6
CONTINUOUS
10
0.0371408267716535
20
0.8476138976377953
11
0.0381669291338583
21
0.8485156692913386
0
LINE
8
BLACK
6
CONTINUOUS
10
0.0381669291338583
20
0.8485156692913386
11
0.0391331102362205
21
0.8494818503937007
0
LINE
8
BLACK
6
CONTINUOUS
10
0.0391331102362205
20
0.8494818503937007
11
0.0393247244094488
21
0.849533188976378
0
LINE
8
BLACK
6
CONTINUOUS
10
0.0393247244094488
20
0.849533188976378
11
0.0394737795275591
21
0.8496641732283464
0
LINE
8
BLACK
6
CONTINUOUS
10
0.0394737795275591
20
0.8496641732283464
11
0.0408135039370079
21
0.8499320866141732
0
LINE
8
BLACK
6
CONTINUOUS
10
0.0408135039370079
20
0.8499320866141732
11
0.0421331102362205
21
0.8502857086614173
0
LINE
8
BLACK
6
CONTINUOUS
10
0.0421331102362205
20
0.8502857086614173
11
0.0961331102362205
21
0.8502857086614173
0
LINE
8
BLACK
6
CONTINUOUS
10
0.0961331102362205
20
0.8502857086614173
11
0.0961331102362205
21
0.8614285433070866
0
LINE
8
BLACK
6
CONTINUOUS
10
0.0961331102362205
20
0.8614285433070866
11
0.096936968503937
21
0.8644285433070866
0
LINE
8
BLACK
6
CONTINUOUS
10
0.096936968503937
20
0.8644285433070866
11
0.0991331102362205
21
0.8666246850393701
0
LINE
8
BLACK
6
CONTINUOUS
10
0.0991331102362205
20
0.8666246850393701
11
0.1021331102362205
21
0.8674285433070866
0
LINE
8
BLACK
6
CONTINUOUS
10
0.1021331102362205
20
0.8674285433070866
11
0.1051331102362205
21
0.8666246850393701
0
LINE
8
BLACK
6
CONTINUOUS
10
0.060209094488189
20
0.9243213779527559
11
0.0611733464566929
21
0.9242635039370078
0
LINE
8
BLACK
6
CONTINUOUS
10
0.0611733464566929
20
0.9242635039370078
11
0.0697447637795276
21
0.9214063779527559
0
LINE
8
BLACK
6
CONTINUOUS
10
0.0697447637795276
20
0.9214063779527559
11
0.0708956299212598
21
0.9206464960629921
0
LINE
8
BLACK
6
CONTINUOUS
10
0.0708956299212598
20
0.9206464960629921
11
0.0720900393700787
21
0.9199569291338583
0
LINE
8
BLACK
6
CONTINUOUS
10
0.0720900393700787
20
0.9199569291338583
11
0.0961331102362205
21
0.8959138582677165
0
LINE
8
BLACK
6
CONTINUOUS
10
0.0961331102362205
20
0.8959138582677165
11
0.0961331102362205
21
0.9185714173228346
0
LINE
8
BLACK
6
CONTINUOUS
10
0.0961331102362205
20
0.9185714173228346
11
0.096936968503937
21
0.9215714173228347
0
LINE
8
BLACK
6
CONTINUOUS
10
0.096936968503937
20
0.9215714173228347
11
0.0991331102362205
21
0.9237675590551181
0
LINE
8
BLACK
6
CONTINUOUS
10
0.0991331102362205
20
0.9237675590551181
11
0.1021331102362205
21
0.9245714173228347
0
LINE
8
BLACK
6
CONTINUOUS
10
0.1021331102362205
20
0.9245714173228347
11
0.1051331102362205
21
0.9237675590551181
0
LINE
8
BLACK
6
CONTINUOUS
10
0.1051331102362205
20
0.9237675590551181
11
0.1073292519685039
21
0.9215714173228347
0
LINE
8
BLACK
6
CONTINUOUS
10
0.1073292519685039
20
0.9215714173228347
11
0.1081331102362205
21
0.9185714173228346
0
LINE
8
BLACK
6
CONTINUOUS
10
0.1081331102362205
20
0.9185714173228346
11
0.1081331102362205
21
0.8814285826771653
0
LINE
8
BLACK
6
CONTINUOUS
10
0.1081331102362205
20
0.8814285826771653
11
0.1079286614173228
21
0.8806655511811023
0
LINE
8
BLACK
6
CONTINUOUS
10
0.1079286614173228
20
0.8806655511811023
11
0.1079286614173228
21
0.8798756692913385
0
LINE
8
BLACK
6
CONTINUOUS
10
0.1079286614173228
20
0.8798756692913385
11
0.1075336614173228
21
0.8791915354330708
0
LINE
8
BLACK
6
CONTINUOUS
10
0.1075336614173228
20
0.8791915354330708
11
0.1073292519685039
21
0.8784285826771653
0
LINE
8
BLACK
6
CONTINUOUS
10
0.1073292519685039
20
0.8784285826771653
11
0.1067707086614173
21
0.8778700393700787
0
LINE
8
BLACK
6
CONTINUOUS
10
0.1067707086614173
20
0.8778700393700787
11
0.1063757480314961
21
0.8771859448818897
0
LINE
8
BLACK
6
CONTINUOUS
10
0.1063757480314961
20
0.8771859448818897
11
0.1056916141732283
21
0.8767909448818897
0
LINE
8
BLACK
6
CONTINUOUS
10
0.1056916141732283
20
0.8767909448818897
11
0.1051331102362205
21
0.8762324409448818
0
LINE
8
BLACK
6
CONTINUOUS
10
0.1051331102362205
20
0.8762324409448818
11
0.1043701181102362
21
0.8760279921259843
0
LINE
8
BLACK
6
CONTINUOUS
10
0.1043701181102362
20
0.8760279921259843
11
0.1036860236220472
21
0.875633031496063
0
LINE
8
BLACK
6
CONTINUOUS
10
0.1036860236220472
20
0.875633031496063
11
0.1028961023622047
21
0.875633031496063
0
LINE
8
BLACK
6
CONTINUOUS
10
0.1028961023622047
20
0.875633031496063
11
0.1021331102362205
21
0.8754285826771653
0
LINE
8
BLACK
6
CONTINUOUS
10
0.1021331102362205
20
0.8754285826771653
11
0.1013701181102362
21
0.875633031496063
0
LINE
8
BLACK
6
CONTINUOUS
10
0.1013701181102362
20
0.875633031496063
11
0.1005801968503937
21
0.875633031496063
0
LINE
8
BLACK
6
CONTINUOUS
10
0.1005801968503937
20
0.875633031496063
11
0.099896062992126
21
0.8760279921259843
0
LINE
8
BLACK
6
CONTINUOUS
10
0.099896062992126
20
0.8760279921259843
11
0.0991331102362205
21
0.8762324409448818
0
LINE
8
BLACK
6
CONTINUOUS
10
0.0991331102362205
20
0.8762324409448818
11
0.0985745669291339
21
0.8767909448818897
0
LINE
8
BLACK
6
CONTINUOUS
10
0.0985745669291339
20
0.8767909448818897
11
0.0978904724409449
21
0.8771859448818897
0
LINE
8
BLACK
6
CONTINUOUS
10
0.0978904724409449
20
0.8771859448818897
11
0.0646063385826772
21
0.9104700393700788
0
LINE
8
BLACK
6
CONTINUOUS
10
0.0646063385826772
20
0.9104700393700788
11
0.0583023622047244
21
0.9125714173228346
0
LINE
8
BLACK
6
CONTINUOUS
10
0.0583023622047244
20
0.9125714173228346
11
0.0549781102362205
21
0.9125714173228346
0
LINE
8
BLACK
6
CONTINUOUS
10
0.0549781102362205
20
0.9125714173228346
11
0.0514015354330709
21
0.9107831496062992
0
LINE
8
BLACK
6
CONTINUOUS
10
0.0514015354330709
20
0.9107831496062992
11
0.0499213385826772
21
0.9093029921259842
0
LINE
8
BLACK
6
CONTINUOUS
10
0.0499213385826772
20
0.9093029921259842
11
0.0481331102362205
21
0.9057264566929134
0
LINE
8
BLACK
6
CONTINUOUS
10
0.0481331102362205
20
0.9057264566929134
11
0.0481331102362205
21
0.8942735433070866
0
LINE
8
BLACK
6
CONTINUOUS
10
0.0481331102362205
20
0.8942735433070866
11
0.0499213779527559
21
0.890696968503937
0
LINE
8
BLACK
6
CONTINUOUS
10
0.0499213779527559
20
0.890696968503937
11
0.0520900393700787
21
0.8885283464566929
0
LINE
8
BLACK
6
CONTINUOUS
10
0.0520900393700787
20
0.8885283464566929
11
0.0536429527559055
21
0.8858386220472441
0
LINE
8
BLACK
6
CONTINUOUS
10
0.0536429527559055
20
0.8858386220472441
11
0.0536429527559055
21
0.8827327952755906
0
LINE
8
BLACK
6
CONTINUOUS
10
0.0536429527559055
20
0.8827327952755906
11
0.0520900393700787
21
0.8800430708661418
0
LINE
8
BLACK
6
CONTINUOUS
10
0.0520900393700787
20
0.8800430708661418
11
0.0494003149606299
21
0.8784901574803149
0
LINE
8
BLACK
6
CONTINUOUS
10
0.0494003149606299
20
0.8784901574803149
11
0.0462944881889764
21
0.8784901574803149
0
LINE
8
BLACK
6
CONTINUOUS
10
0.0462944881889764
20
0.8784901574803149
11
0.0436047637795276
21
0.8800430708661418
0
LINE
8
BLACK
6
CONTINUOUS
10
0.0436047637795276
20
0.8800430708661418
11
0.0407475984251969
21
0.8829002362204724
0
LINE
8
BLACK
6
CONTINUOUS
10
0.0407475984251969
20
0.8829002362204724
11
0.0402646062992126
21
0.8837367716535433
0
LINE
8
BLACK
6
CONTINUOUS
10
0.0402646062992126
20
0.8837367716535433
11
0.0396236614173228
21
0.8844596062992126
0
LINE
8
BLACK
6
CONTINUOUS
10
0.0396236614173228
20
0.8844596062992126
11
0.0367665354330709
21
0.8901738976377953
0
LINE
8
BLACK
6
CONTINUOUS
10
0.0367665354330709
20
0.8901738976377953
11
0.0364900393700787
21
0.8915250393700788
0
LINE
8
BLACK
6
CONTINUOUS
10
0.0364900393700787
20
0.8915250393700788
11
0.0361331102362205
21
0.8928571653543307
0
LINE
8
BLACK
6
CONTINUOUS
10
0.0361331102362205
20
0.8928571653543307
11
0.0361331102362205
21
0.907142874015748
0
LINE
8
BLACK
6
CONTINUOUS
10
0.0361331102362205
20
0.907142874015748
11
0.0364900393700787
21
0.9084749606299213
0
LINE
8
BLACK
6
CONTINUOUS
10
0.0364900393700787
20
0.9084749606299213
11
0.0367665354330709
21
0.9098261417322835
0
LINE
8
BLACK
6
CONTINUOUS
10
0.0367665354330709
20
0.9098261417322835
11
0.0396236614173228
21
0.9155404330708661
0
LINE
8
BLACK
6
CONTINUOUS
10
0.0396236614173228
20
0.9155404330708661
11
0.0402646062992126
21
0.9162632283464567
0
LINE
8
BLACK
6
CONTINUOUS
10
0.0402646062992126
20
0.9162632283464567
11
0.0407476377952756
21
0.917099842519685
0
LINE
8
BLACK
6
CONTINUOUS
10
0.0407476377952756
20
0.917099842519685
11
0.0436048031496063
21
0.9199569685039369
0
LINE
8
BLACK
6
CONTINUOUS
10
0.0436048031496063
20
0.9199569685039369
11
0.0444413385826772
21
0.9204399212598425
0
LINE
8
BLACK
6
CONTINUOUS
10
0.0444413385826772
20
0.9204399212598425
11
0.0451641338582677
21
0.9210808661417322
0
LINE
8
BLACK
6
CONTINUOUS
10
0.0451641338582677
20
0.9210808661417322
11
0.0508784251968504
21
0.9239379921259843
0
LINE
8
BLACK
6
CONTINUOUS
10
0.0508784251968504
20
0.9239379921259843
11
0.0522295669291339
21
0.9242144488188976
0
LINE
8
BLACK
6
CONTINUOUS
10
0.0522295669291339
20
0.9242144488188976
11
0.0535616929133858
21
0.9245714173228347
0
LINE
8
BLACK
6
CONTINUOUS
10
0.0535616929133858
20
0.9245714173228347
11
0.0592759842519685
21
0.9245714173228347
0
LINE
8
BLACK
6
CONTINUOUS
10
0.0592759842519685
20
0.9245714173228347
11
0.060209094488189
21
0.9243213779527559
0
LINE
8
BLACK
6
CONTINUOUS
10
0.2831496062992126
20
0.97
11
0.1331496062992126
21
0.97
0
LINE
8
BLACK
6
CONTINUOUS
10
0.1331496062992126
20
0.97
11
0.1331496062992126
21
1.1199999999999999
0
LINE
8
BLACK
6
CONTINUOUS
10
0.1331496062992126
20
1.1199999999999999
11
0.2831496062992126
21
1.1199999999999999
0
LINE
8
BLACK
6
CONTINUOUS
10
0.2831496062992126
20
1.1199999999999999
11
0.2831496062992126
21
0.97
0
LINE
8
BLACK
6
CONTINUOUS
10
0.1051331102362205
20
1.06162468503937
11
0.1073292519685039
21
1.0594285433070867
0
LINE
8
BLACK
6
CONTINUOUS
10
0.1073292519685039
20
1.0594285433070867
11
0.1081331102362205
21
1.0564285433070866
0
LINE
8
BLACK
6
CONTINUOUS
10
0.1081331102362205
20
1.0564285433070866
11
0.1081331102362205
21
1.0221428346456694
0
LINE
8
BLACK
6
CONTINUOUS
10
0.1081331102362205
20
1.0221428346456694
11
0.1073292519685039
21
1.0191428346456692
0
LINE
8
BLACK
6
CONTINUOUS
10
0.1073292519685039
20
1.0191428346456692
11
0.1051331102362205
21
1.0169466929133859
0
LINE
8
BLACK
6
CONTINUOUS
10
0.1051331102362205
20
1.0169466929133859
11
0.1021331102362205
21
1.0161428346456693
0
LINE
8
BLACK
6
CONTINUOUS
10
0.1021331102362205
20
1.0161428346456693
11
0.0991331102362205
21
1.0169466929133859
0
LINE
8
BLACK
6
CONTINUOUS
10
0.0991331102362205
20
1.0169466929133859
11
0.096936968503937
21
1.0191428346456692
0
LINE
8
BLACK
6
CONTINUOUS
10
0.096936968503937
20
1.0191428346456692
11
0.0961331102362205
21
1.0221428346456694
0
LINE
8
BLACK
6
CONTINUOUS
10
0.0961331102362205
20
1.0221428346456694
11
0.0961331102362205
21
1.0332857086614173
0
LINE
8
BLACK
6
CONTINUOUS
10
0.0961331102362205
20
1.0332857086614173
11
0.0594755118110236
21
1.0332857086614173
0
LINE
8
BLACK
6
CONTINUOUS
10
0.0594755118110236
20
1.0332857086614173
11
0.0606614566929134
21
1.0320997637795275
0
LINE
8
BLACK
6
CONTINUOUS
10
0.0606614566929134
20
1.0320997637795275
11
0.0611444094488189
21
1.0312632283464567
0
LINE
8
BLACK
6
CONTINUOUS
10
0.0611444094488189
20
1.0312632283464567
11
0.0617853937007874
21
1.0305404330708661
0
LINE
8
BLACK
6
CONTINUOUS
10
0.0617853937007874
20
1.0305404330708661
11
0.0646425590551181
21
1.0248261417322835
0
LINE
8
BLACK
6
CONTINUOUS
10
0.0646425590551181
20
1.0248261417322835
11
0.0652651968503937
21
1.021783346456693
0
LINE
8
BLACK
6
CONTINUOUS
10
0.0652651968503937
20
1.021783346456693
11
0.0642830708661417
21
1.0188369291338581
0
LINE
8
BLACK
6
CONTINUOUS
10
0.0642830708661417
20
1.0188369291338581
11
0.0619592913385827
21
1.0167762992125984
0
LINE
8
BLACK
6
CONTINUOUS
10
0.0619592913385827
20
1.0167762992125984
11
0.0589164960629921
21
1.016153622047244
0
LINE
8
BLACK
6
CONTINUOUS
10
0.0589164960629921
20
1.016153622047244
11
0.0559700787401575
21
1.017135748031496
0
LINE
8
BLACK
6
CONTINUOUS
10
0.0559700787401575
20
1.017135748031496
11
0.0539094094488189
21
1.019459527559055
0
LINE
8
BLACK
6
CONTINUOUS
10
0.0539094094488189
20
1.019459527559055
11
0.0514876377952756
21
1.0243029921259843
0
LINE
8
BLACK
6
CONTINUOUS
10
0.0514876377952756
20
1.0243029921259843
11
0.0468818897637795
21
1.0289087401574804
0
LINE
8
BLACK
6
CONTINUOUS
10
0.0468818897637795
20
1.0289087401574804
11
0.0388049212598425
21
1.0342934251968503
0
LINE
8
BLACK
6
CONTINUOUS
10
0.0388049212598425
20
1.0342934251968503
11
0.0379031102362205
21
1.035319527559055
0
LINE
8
BLACK
6
CONTINUOUS
10
0.0379031102362205
20
1.035319527559055
11
0.036936968503937
21
1.0362857086614172
0
LINE
8
BLACK
6
CONTINUOUS
10
0.036936968503937
20
1.0362857086614172
11
0.0368855905511811
21
1.0364773228346456
0
LINE
8
BLACK
6
CONTINUOUS
10
0.0368855905511811
20
1.0364773228346456
11
0.0367546456692913
21
1.0366263779527558
0
LINE
8
BLACK
6
CONTINUOUS
10
0.0367546456692913
20
1.0366263779527558
11
0.0364866929133858
21
1.0379661023622047
0
LINE
8
BLACK
6
CONTINUOUS
10
0.0364866929133858
20
1.0379661023622047
11
0.0361331102362205
21
1.0392857086614173
0
LINE
8
BLACK
6
CONTINUOUS
10
0.0361331102362205
20
1.0392857086614173
11
0.0361844488188976
21
1.0394773228346457
0
LINE
8
BLACK
6
CONTINUOUS
10
0.0361844488188976
20
1.0394773228346457
11
0.0361455511811024
21
1.0396718503937008
0
LINE
8
BLACK
6
CONTINUOUS
10
0.0361455511811024
20
1.0396718503937008
11
0.0365833070866142
21
1.040965905511811
0
LINE
8
BLACK
6
CONTINUOUS
10
0.0365833070866142
20
1.040965905511811
11
0.036936968503937
21
1.0422857086614172
0
LINE
8
BLACK
6
CONTINUOUS
10
0.036936968503937
20
1.0422857086614172
11
0.0370772440944882
21
1.0424259842519685
0
LINE
8
BLACK
6
CONTINUOUS
10
0.0370772440944882
20
1.0424259842519685
11
0.0371408267716535
21
1.0426138976377952
0
LINE
8
BLACK
6
CONTINUOUS
10
0.0371408267716535
20
1.0426138976377952
11
0.0381669291338583
21
1.0435156692913385
0
LINE
8
BLACK
6
CONTINUOUS
10
0.0381669291338583
20
1.0435156692913385
11
0.0391331102362205
21
1.0444818503937008
0
LINE
8
BLACK
6
CONTINUOUS
10
0.0391331102362205
20
1.0444818503937008
11
0.0393247244094488
21
1.044533188976378
0
LINE
8
BLACK
6
CONTINUOUS
10
0.0393247244094488
20
1.044533188976378
11
0.0394737795275591
21
1.0446641732283464
0
LINE
8
BLACK
6
CONTINUOUS
10
0.0394737795275591
20
1.0446641732283464
11
0.0408135039370079
21
1.0449320866141731
0
LINE
8
BLACK
6
CONTINUOUS
10
0.0408135039370079
20
1.0449320866141731
11
0.0421331102362205
21
1.0452857086614173
0
LINE
8
BLACK
6
CONTINUOUS
10
0.0421331102362205
20
1.0452857086614173
11
0.0961331102362205
21
1.0452857086614173
0
LINE
8
BLACK
6
CONTINUOUS
10
0.0961331102362205
20
1.0452857086614173
11
0.0961331102362205
21
1.0564285433070866
0
LINE
8
BLACK
6
CONTINUOUS
10
0.0961331102362205
20
1.0564285433070866
11
0.096936968503937
21
1.0594285433070867
0
LINE
8
BLACK
6
CONTINUOUS
10
0.096936968503937
20
1.0594285433070867
11
0.0991331102362205
21
1.06162468503937
0
LINE
8
BLACK
6
CONTINUOUS
10
0.0991331102362205
20
1.06162468503937
11
0.1021331102362205
21
1.0624285433070866
0
LINE
8
BLACK
6
CONTINUOUS
10
0.1021331102362205
20
1.0624285433070866
11
0.1051331102362205
21
1.06162468503937
0
LINE
8
BLACK
6
CONTINUOUS
10
0.0920366141732284
20
1.1192144488188975
11
0.0933877952755905
21
1.1189379921259843
0
LINE
8
BLACK
6
CONTINUOUS
10
0.0933877952755905
20
1.1189379921259843
11
0.0991020866141732
21
1.1160808661417323
0
LINE
8
BLACK
6
CONTINUOUS
10
0.0991020866141732
20
1.1160808661417323
11
0.0998248818897638
21
1.1154399212598425
0
LINE
8
BLACK
6
CONTINUOUS
10
0.0998248818897638
20
1.1154399212598425
11
0.1006614173228346
21
1.1149569685039369
0
LINE
8
BLACK
6
CONTINUOUS
10
0.1006614173228346
20
1.1149569685039369
11
0.1035186220472441
21
1.1120998425196851
0
LINE
8
BLACK
6
CONTINUOUS
10
0.1035186220472441
20
1.1120998425196851
11
0.1040016535433071
21
1.1112631102362205
0
LINE
8
BLACK
6
CONTINUOUS
10
0.1040016535433071
20
1.1112631102362205
11
0.1046425590551181
21
1.1105404330708661
0
LINE
8
BLACK
6
CONTINUOUS
10
0.1046425590551181
20
1.1105404330708661
11
0.1074996850393701
21
1.1048261417322833
0
LINE
8
BLACK
6
CONTINUOUS
10
0.1074996850393701
20
1.1048261417322833
11
0.1077761417322835
21
1.1034749606299212
0
LINE
8
BLACK
6
CONTINUOUS
10
0.1077761417322835
20
1.1034749606299212
11
0.1081331102362205
21
1.102142874015748
0
LINE
8
BLACK
6
CONTINUOUS
10
0.1081331102362205
20
1.102142874015748
11
0.1081331102362205
21
1.085
0
LINE
8
BLACK
6
CONTINUOUS
10
0.1081331102362205
20
1.085
11
0.1077761417322835
21
1.0836678740157479
0
LINE
8
BLACK
6
CONTINUOUS
10
0.1077761417322835
20
1.0836678740157479
11
0.1074996850393701
21
1.0823167322834646
0
LINE
8
BLACK
6
CONTINUOUS
10
0.1074996850393701
20
1.0823167322834646
11
0.1046425590551181
21
1.0766024409448818
0
LINE
8
BLACK
6
CONTINUOUS
10
0.1046425590551181
20
1.0766024409448818
11
0.1040016535433071
21
1.0758797244094489
0
LINE
8
BLACK
6
CONTINUOUS
10
0.1040016535433071
20
1.0758797244094489
11
0.1035186220472441
21
1.0750430314960631
0
LINE
8
BLACK
6
CONTINUOUS
10
0.1035186220472441
20
1.0750430314960631
11
0.1006614173228346
21
1.072185905511811
0
LINE
8
BLACK
6
CONTINUOUS
10
0.1006614173228346
20
1.072185905511811
11
0.0979716929133858
21
1.070633031496063
0
LINE
8
BLACK
6
CONTINUOUS
10
0.0979716929133858
20
1.070633031496063
11
0.0948658661417323
21
1.070633031496063
0
LINE
8
BLACK
6
CONTINUOUS
10
0.0948658661417323
20
1.070633031496063
11
0.0921761417322835
21
1.0721859842519685
0
LINE
8
BLACK
6
CONTINUOUS
10
0.0921761417322835
20
1.0721859842519685
11
0.0906232677165354
21
1.0748757086614174
0
LINE
8
BLACK
6
CONTINUOUS
10
0.0906232677165354
20
1.0748757086614174
11
0.0906232677165354
21
1.0779815354330708
0
LINE
8
BLACK
6
CONTINUOUS
10
0.0906232677165354
20
1.0779815354330708
11
0.0921762204724409
21
1.0806712598425197
0
LINE
8
BLACK
6
CONTINUOUS
10
0.0921762204724409
20
1.0806712598425197
11
0.094344842519685
21
1.082839842519685
0
LINE
8
BLACK
6
CONTINUOUS
10
0.094344842519685
20
1.082839842519685
11
0.0961331102362205
21
1.0864163779527558
0
LINE
8
BLACK
6
CONTINUOUS
10
0.0961331102362205
20
1.0864163779527558
11
0.0961331102362205
21
1.1007264566929134
0
LINE
8
BLACK
6
CONTINUOUS
10
0.0961331102362205
20
1.1007264566929134
11
0.094344842519685
21
1.1043029921259842
0
LINE
8
BLACK
6
CONTINUOUS
10
0.094344842519685
20
1.1043029921259842
11
0.0928646850393701
21
1.1057831102362206
0
LINE
8
BLACK
6
CONTINUOUS
10
0.0928646850393701
20
1.1057831102362206
11
0.0892881102362205
21
1.1075714173228346
0
LINE
8
BLACK
6
CONTINUOUS
10
0.0892881102362205
20
1.1075714173228346
11
0.0778352362204724
21
1.1075714173228346
0
LINE
8
BLACK
6
CONTINUOUS
10
0.0778352362204724
20
1.1075714173228346
11
0.0742586220472441
21
1.1057831102362206
0
LINE
8
BLACK
6
CONTINUOUS
10
0.0742586220472441
20
1.1057831102362206
11
0.0727785433070866
21
1.1043030314960629
0
LINE
8
BLACK
6
CONTINUOUS
10
0.0727785433070866
20
1.1043030314960629
11
0.0709902362204724
21
1.1007263779527559
0
LINE
8
BLACK
6
CONTINUOUS
10
0.0709902362204724
20
1.1007263779527559
11
0.0709902362204724
21
1.0935714173228346
0
LINE
8
BLACK
6
CONTINUOUS
10
0.0709902362204724
20
1.0935714173228346
11
0.070836811023622
21
1.0929988582677166
0
LINE
8
BLACK
6
CONTINUOUS
10
0.070836811023622
20
1.0929988582677166
11
0.0708762598425197
21
1.0924074409448818
0
LINE
8
BLACK
6
CONTINUOUS
10
0.0708762598425197
20
1.0924074409448818
11
0.0704413779527559
21
1.0915231102362204
0
LINE
8
BLACK
6
CONTINUOUS
10
0.0704413779527559
20
1.0915231102362204
11
0.0701863779527559
21
1.0905714173228347
0
LINE
8
BLACK
6
CONTINUOUS
10
0.0701863779527559
20
1.0905714173228347
11
0.0697672834645669
21
1.0901523228346457
0
LINE
8
BLACK
6
CONTINUOUS
10
0.0697672834645669
20
1.0901523228346457
11
0.0695057086614173
21
1.0896203937007873
0
LINE
8
BLACK
6
CONTINUOUS
10
0.0695057086614173
20
1.0896203937007873
11
0.0686869291338583
21
1.0890719685039369
0
LINE
8
BLACK
6
CONTINUOUS
10
0.0686869291338583
20
1.0890719685039369
11
0.0679902362204724
21
1.0883752755905511
0
LINE
8
BLACK
6
CONTINUOUS
10
0.0679902362204724
20
1.0883752755905511
11
0.0674176771653543
21
1.0882218503937007
0
LINE
8
BLACK
6
CONTINUOUS
10
0.0674176771653543
20
1.0882218503937007
11
0.0669252362204724
21
1.0878920078740157
0
LINE
8
BLACK
6
CONTINUOUS
10
0.0669252362204724
20
1.0878920078740157
11
0.0659420078740157
21
1.0878264173228347
0
LINE
8
BLACK
6
CONTINUOUS
10
0.0659420078740157
20
1.0878264173228347
11
0.0649902362204724
21
1.0875714173228346
0
LINE
8
BLACK
6
CONTINUOUS
10
0.0649902362204724
20
1.0875714173228346
11
0.0644177165354331
21
1.0877248031496063
0
LINE
8
BLACK
6
CONTINUOUS
10
0.0644177165354331
20
1.0877248031496063
11
0.0638262992125984
21
1.0876853937007873
0
LINE
8
BLACK
6
CONTINUOUS
10
0.0638262992125984
20
1.0876853937007873
11
0.062941968503937
21
1.0881202362204725
0
LINE
8
BLACK
6
CONTINUOUS
10
0.062941968503937
20
1.0881202362204725
11
0.0619902362204724
21
1.0883752755905511
0
LINE
8
BLACK
6
CONTINUOUS
10
0.0619902362204724
20
1.0883752755905511
11
0.0615711417322835
21
1.0887943307086614
0
LINE
8
BLACK
6
CONTINUOUS
10
0.0615711417322835
20
1.0887943307086614
11
0.0610392125984252
21
1.0890559448818897
0
LINE
8
BLACK
6
CONTINUOUS
10
0.0610392125984252
20
1.0890559448818897
11
0.0481331102362205
21
1.1003487795275591
0
LINE
8
BLACK
6
CONTINUOUS
10
0.0481331102362205
20
1.1003487795275591
11
0.0481331102362205
21
1.0764285826771653
0
LINE
8
BLACK
6
CONTINUOUS
10
0.0481331102362205
20
1.0764285826771653
11
0.0473292519685039
21
1.0734285826771652
0
LINE
8
BLACK
6
CONTINUOUS
10
0.0473292519685039
20
1.0734285826771652
11
0.0451331102362205
21
1.0712324409448819
0
LINE
8
BLACK
6
CONTINUOUS
10
0.0451331102362205
20
1.0712324409448819
11
0.0421331102362205
21
1.0704285826771653
0
LINE
8
BLACK
6
CONTINUOUS
10
0.0421331102362205
20
1.0704285826771653
11
0.0391331102362205
21
1.0712324409448819
0
LINE
8
BLACK
6
CONTINUOUS
10
0.0391331102362205
20
1.0712324409448819
11
0.036936968503937
21
1.0734285826771652
0
LINE
8
BLACK
6
CONTINUOUS
10
0.036936968503937
20
1.0734285826771652
11
0.0361331102362205
21
1.0764285826771653
0
LINE
8
BLACK
6
CONTINUOUS
10
0.0361331102362205
20
1.0764285826771653
11
0.0361331102362205
21
1.1135714173228346
0
LINE
8
BLACK
6
CONTINUOUS
10
0.0361331102362205
20
1.1135714173228346
11
0.0362864960629921
21
1.1141438976377953
0
LINE
8
BLACK
6
CONTINUOUS
10
0.0362864960629921
20
1.1141438976377953
11
0.0362470866141732
21
1.1147353543307086
0
LINE
8
BLACK
6
CONTINUOUS
10
0.0362470866141732
20
1.1147353543307086
11
0.0366819291338583
21
1.1156196456692913
0
LINE
8
BLACK
6
CONTINUOUS
10
0.0366819291338583
20
1.1156196456692913
11
0.036936968503937
21
1.1165714173228347
0
LINE
8
BLACK
6
CONTINUOUS
10
0.036936968503937
20
1.1165714173228347
11
0.0373560236220472
21
1.116990472440945
0
LINE
8
BLACK
6
CONTINUOUS
10
0.0373560236220472
20
1.116990472440945
11
0.0376176377952756
21
1.1175224409448818
0
LINE
8
BLACK
6
CONTINUOUS
10
0.0376176377952756
20
1.1175224409448818
11
0.0384363385826772
21
1.1180707874015747
0
LINE
8
BLACK
6
CONTINUOUS
10
0.0384363385826772
20
1.1180707874015747
11
0.0391331102362205
21
1.118767559055118
0
LINE
8
BLACK
6
CONTINUOUS
10
0.0391331102362205
20
1.118767559055118
11
0.0397056692913386
21
1.1189209448818898
0
LINE
8
BLACK
6
CONTINUOUS
10
0.0397056692913386
20
1.1189209448818898
11
0.0401981496062992
21
1.1192508267716534
0
LINE
8
BLACK
6
CONTINUOUS
10
0.0401981496062992
20
1.1192508267716534
11
0.0411812598425197
21
1.1193163385826772
0
LINE
8
BLACK
6
CONTINUOUS
10
0.0411812598425197
20
1.1193163385826772
11
0.0421331102362205
21
1.1195714173228346
0
LINE
8
BLACK
6
CONTINUOUS
10
0.0421331102362205
20
1.1195714173228346
11
0.0427055905511811
21
1.1194179921259841
0
LINE
8
BLACK
6
CONTINUOUS
10
0.0427055905511811
20
1.1194179921259841
11
0.0432970472440945
21
1.1194574409448819
0
LINE
8
BLACK
6
CONTINUOUS
10
0.0432970472440945
20
1.1194574409448819
11
0.0441813385826772
21
1.1190225590551182
0
LINE
8
BLACK
6
CONTINUOUS
10
0.0441813385826772
20
1.1190225590551182
11
0.0451331102362205
21
1.118767559055118
0
LINE
8
BLACK
6
CONTINUOUS
10
0.0451331102362205
20
1.118767559055118
11
0.0455521653543307
21
1.118348464566929
0
LINE
8
BLACK
6
CONTINUOUS
10
0.0455521653543307
20
1.118348464566929
11
0.0460841338582677
21
1.1180868897637795
0
LINE
8
BLACK
6
CONTINUOUS
10
0.0460841338582677
20
1.1180868897637795
11
0.0601153149606299
21
1.1058095275590551
0
LINE
8
BLACK
6
CONTINUOUS
10
0.0601153149606299
20
1.1058095275590551
11
0.0624808267716535
21
1.1105404724409449
0
LINE
8
BLACK
6
CONTINUOUS
10
0.0624808267716535
20
1.1105404724409449
11
0.0631217716535433
21
1.1112632677165355
0
LINE
8
BLACK
6
CONTINUOUS
10
0.0631217716535433
20
1.1112632677165355
11
0.0636047637795276
21
1.1120998031496063
0
LINE
8
BLACK
6
CONTINUOUS
10
0.0636047637795276
20
1.1120998031496063
11
0.0664618897637795
21
1.1149569291338581
0
LINE
8
BLACK
6
CONTINUOUS
10
0.0664618897637795
20
1.1149569291338581
11
0.0672984645669291
21
1.1154399212598425
0
LINE
8
BLACK
6
CONTINUOUS
10
0.0672984645669291
20
1.1154399212598425
11
0.0680212598425197
21
1.1160808661417323
0
LINE
8
BLACK
6
CONTINUOUS
10
0.0680212598425197
20
1.1160808661417323
11
0.0737355511811024
21
1.1189379921259843
0
LINE
8
BLACK
6
CONTINUOUS
10
0.0737355511811024
20
1.1189379921259843
11
0.0750866929133858
21
1.1192144488188975
0
LINE
8
BLACK
6
CONTINUOUS
10
0.0750866929133858
20
1.1192144488188975
11
0.0764188188976378
21
1.1195714173228346
0
LINE
8
BLACK
6
CONTINUOUS
10
0.0764188188976378
20
1.1195714173228346
11
0.0907045275590551
21
1.1195714173228346
0
LINE
8
BLACK
6
CONTINUOUS
10
0.0907045275590551
20
1.1195714173228346
11
0.0920366141732284
21
1.1192144488188975
0
LINE
8
BLACK
6
CONTINUOUS
10
0.3656299212598425
20
1.1463779527559055
11
0.6018503937007874
21
1.1463779527559055
0
LINE
8
BLACK
6
CONTINUOUS
10
0.6018503937007874
20
1.1463779527559055
11
0.6022338976377952
21
1.14631031496063
0
LINE
8
BLACK
6
CONTINUOUS
10
0.6022338976377952
20
1.14631031496063
11
0.6023631496062992
21
1.1463331102362204
0
LINE
8
BLACK
6
CONTINUOUS
10
0.6023631496062992
20
1.1463331102362204
11
0.6024767322834645
21
1.1462674803149606
0
LINE
8
BLACK
6
CONTINUOUS
10
0.6024767322834645
20
1.1462674803149606
11
0.6028603149606299
21
1.1461998818897638
0
LINE
8
BLACK
6
CONTINUOUS
10
0.6028603149606299
20
1.1461998818897638
11
0.6034479921259842
21
1.1457067322834646
0
LINE
8
BLACK
6
CONTINUOUS
10
0.6034479921259842
20
1.1457067322834646
11
0.6041123228346457
21
1.145323188976378
0
LINE
8
BLACK
6
CONTINUOUS
10
0.6041123228346457
20
1.145323188976378
11
0.6042034251968503
21
1.1450728346456693
0
LINE
8
BLACK
6
CONTINUOUS
10
0.6042034251968503
20
1.1450728346456693
11
0.6044075590551181
21
1.1449015748031497
0
LINE
8
BLACK
6
CONTINUOUS
10
0.6044075590551181
20
1.1449015748031497
11
0.6045407874015748
21
1.1441459842519686
0
LINE
8
BLACK
6
CONTINUOUS
10
0.6045407874015748
20
1.1441459842519686
11
0.6048031496062992
21
1.1434251968503937
0
LINE
8
BLACK
6
CONTINUOUS
10
0.6048031496062992
20
1.1434251968503937
11
0.6048031496062992
21
1.123740157480315
0
LINE
8
BLACK
6
CONTINUOUS
10
0.6048031496062992
20
1.123740157480315
11
0.6047355118110236
21
1.1233566141732283
0
LINE
8
BLACK
6
CONTINUOUS
10
0.6047355118110236
20
1.1233566141732283
11
0.6047583070866142
21
1.1232274015748032
0
LINE
8
BLACK
6
CONTINUOUS
10
0.6047583070866142
20
1.1232274015748032
11
0.6046926771653544
21
1.123113779527559
0
LINE
8
BLACK
6
CONTINUOUS
10
0.6046926771653544
20
1.123113779527559
11
0.6046250787401575
21
1.1227302362204725
0
LINE
8
BLACK
6
CONTINUOUS
10
0.6046250787401575
20
1.1227302362204725
11
0.6041319291338583
21
1.1221425196850394
0
LINE
8
BLACK
6
CONTINUOUS
10
0.6041319291338583
20
1.1221425196850394
11
0.6037483858267716
21
1.1214782283464566
0
LINE
8
BLACK
6
CONTINUOUS
10
0.6037483858267716
20
1.1214782283464566
11
0.603498031496063
21
1.1213870866141733
0
LINE
8
BLACK
6
CONTINUOUS
10
0.603498031496063
20
1.1213870866141733
11
0.6033267716535433
21
1.1211829921259842
0
LINE
8
BLACK
6
CONTINUOUS
10
0.6033267716535433
20
1.1211829921259842
11
0.6025711811023622
21
1.1210497244094488
0
LINE
8
BLACK
6
CONTINUOUS
10
0.6025711811023622
20
1.1210497244094488
11
0.6018503937007874
21
1.1207874015748032
0
LINE
8
BLACK
6
CONTINUOUS
10
0.6018503937007874
20
1.1207874015748032
11
0.5654330708661417
21
1.1207874015748032
0
LINE
8
BLACK
6
CONTINUOUS
10
0.5654330708661417
20
1.1207874015748032
11
0.5654330708661417
21
0.9692125984251968
0
LINE
8
BLACK
6
CONTINUOUS
10
0.5654330708661417
20
0.9692125984251968
11
0.6018503937007874
21
0.9692125984251968
0
LINE
8
BLACK
6
CONTINUOUS
10
0.6018503937007874
20
0.9692125984251968
11
0.6022338976377952
21
0.9691449606299213
0
LINE
8
BLACK
6
CONTINUOUS
10
0.6022338976377952
20
0.9691449606299213
11
0.6023631496062992
21
0.9691677559055117
0
LINE
8
BLACK
6
CONTINUOUS
10
0.6023631496062992
20
0.9691677559055117
11
0.6024767322834645
21
0.9691021259842519
0
LINE
8
BLACK
6
CONTINUOUS
10
0.6024767322834645
20
0.9691021259842519
11
0.6028603149606299
21
0.9690345275590551
0
LINE
8
BLACK
6
CONTINUOUS
10
0.6028603149606299
20
0.9690345275590551
11
0.6034479921259842
21
0.9685413779527559
0
LINE
8
BLACK
6
CONTINUOUS
10
0.6034479921259842
20
0.9685413779527559
11
0.6041123228346457
21
0.9681578346456693
0
LINE
8
BLACK
6
CONTINUOUS
10
0.6041123228346457
20
0.9681578346456693
11
0.6042034251968503
21
0.9679074803149607
0
LINE
8
BLACK
6
CONTINUOUS
10
0.6042034251968503
20
0.9679074803149607
11
0.6044075590551181
21
0.9677362204724409
0
LINE
8
BLACK
6
CONTINUOUS
10
0.6044075590551181
20
0.9677362204724409
11
0.6045407874015748
21
0.9669806299212598
0
LINE
8
BLACK
6
CONTINUOUS
10
0.6045407874015748
20
0.9669806299212598
11
0.6048031496062992
21
0.966259842519685
0
LINE
8
BLACK
6
CONTINUOUS
10
0.6048031496062992
20
0.966259842519685
11
0.6048031496062992
21
0.9484251968503937
0
LINE
8
BLACK
6
CONTINUOUS
10
0.6048031496062992
20
0.9484251968503937
11
0.6048031496062992
21
0.9287401574803149
0
LINE
8
BLACK
6
CONTINUOUS
10
0.6048031496062992
20
0.9287401574803149
11
0.6047355118110236
21
0.9283566141732283
0
LINE
8
BLACK
6
CONTINUOUS
10
0.6047355118110236
20
0.9283566141732283
11
0.6047583070866142
21
0.9282274015748031
0
LINE
8
BLACK
6
CONTINUOUS
10
0.6047583070866142
20
0.9282274015748031
11
0.6046926771653544
21
0.928113779527559
0
LINE
8
BLACK
6
CONTINUOUS
10
0.6046926771653544
20
0.928113779527559
11
0.6046250787401575
21
0.9277302362204725
0
LINE
8
BLACK
6
CONTINUOUS
10
0.6046250787401575
20
0.9277302362204725
11
0.6041319291338583
21
0.9271425196850394
0
LINE
8
BLACK
6
CONTINUOUS
10
0.6041319291338583
20
0.9271425196850394
11
0.6037483858267716
21
0.9264782283464567
0
LINE
8
BLACK
6
CONTINUOUS
10
0.6037483858267716
20
0.9264782283464567
11
0.603498031496063
21
0.9263870866141732
0
LINE
8
BLACK
6
CONTINUOUS
10
0.603498031496063
20
0.9263870866141732
11
0.6033267716535433
21
0.9261829921259842
0
LINE
8
BLACK
6
CONTINUOUS
10
0.6033267716535433
20
0.9261829921259842
11
0.6025711811023622
21
0.9260497244094488
0
LINE
8
BLACK
6
CONTINUOUS
10
0.6025711811023622
20
0.9260497244094488
11
0.6018503937007874
21
0.9257874015748031
0
LINE
8
BLACK
6
CONTINUOUS
10
0.6018503937007874
20
0.9257874015748031
11
0.5654330708661417
21
0.9257874015748031
0
LINE
8
BLACK
6
CONTINUOUS
10
0.5654330708661417
20
0.9257874015748031
11
0.5654330708661417
21
0.7742125984251969
0
LINE
8
BLACK
6
CONTINUOUS
10
0.5654330708661417
20
0.7742125984251969
11
0.6018503937007874
21
0.7742125984251969
0
LINE
8
BLACK
6
CONTINUOUS
10
0.6018503937007874
20
0.7742125984251969
11
0.6022338976377952
21
0.7741449606299212
0
LINE
8
BLACK
6
CONTINUOUS
10
0.6022338976377952
20
0.7741449606299212
11
0.6023631496062992
21
0.7741677559055118
0
LINE
8
BLACK
6
CONTINUOUS
10
0.6023631496062992
20
0.7741677559055118
11
0.6024767322834645
21
0.774102125984252
0
LINE
8
BLACK
6
CONTINUOUS
10
0.6024767322834645
20
0.774102125984252
11
0.6028603149606299
21
0.7740345275590551
0
LINE
8
BLACK
6
CONTINUOUS
10
0.6028603149606299
20
0.7740345275590551
11
0.6034479921259842
21
0.7735413779527559
0
LINE
8
BLACK
6
CONTINUOUS
10
0.6034479921259842
20
0.7735413779527559
11
0.6041123228346457
21
0.7731578346456692
0
LINE
8
BLACK
6
CONTINUOUS
10
0.6041123228346457
20
0.7731578346456692
11
0.6042034251968503
21
0.7729074803149606
0
LINE
8
BLACK
6
CONTINUOUS
10
0.6042034251968503
20
0.7729074803149606
11
0.6044075590551181
21
0.7727362204724409
0
LINE
8
BLACK
6
CONTINUOUS
10
0.6044075590551181
20
0.7727362204724409
11
0.6045407874015748
21
0.7719806299212598
0
LINE
8
BLACK
6
CONTINUOUS
10
0.6045407874015748
20
0.7719806299212598
11
0.6048031496062992
21
0.771259842519685
0
LINE
8
BLACK
6
CONTINUOUS
10
0.6048031496062992
20
0.771259842519685
11
0.6048031496062992
21
0.7515748031496062
0
LINE
8
BLACK
6
CONTINUOUS
10
0.6048031496062992
20
0.7515748031496062
11
0.6047355118110236
21
0.7511912598425197
0
LINE
8
BLACK
6
CONTINUOUS
10
0.6047355118110236
20
0.7511912598425197
11
0.6047583070866142
21
0.7510620472440944
0
LINE
8
BLACK
6
CONTINUOUS
10
0.6047583070866142
20
0.7510620472440944
11
0.6046926771653544
21
0.7509484251968503
0
LINE
8
BLACK
6
CONTINUOUS
10
0.6046926771653544
20
0.7509484251968503
11
0.6046250787401575
21
0.7505648818897638
0
LINE
8
BLACK
6
CONTINUOUS
10
0.6046250787401575
20
0.7505648818897638
11
0.6041319291338583
21
0.7499771653543307
0
LINE
8
BLACK
6
CONTINUOUS
10
0.6041319291338583
20
0.7499771653543307
11
0.6037483858267716
21
0.749312874015748
0
LINE
8
BLACK
6
CONTINUOUS
10
0.6037483858267716
20
0.749312874015748
11
0.603498031496063
21
0.7492217322834646
0
LINE
8
BLACK
6
CONTINUOUS
10
0.603498031496063
20
0.7492217322834646
11
0.6033267716535433
21
0.7490176377952755
0
LINE
8
BLACK
6
CONTINUOUS
10
0.6033267716535433
20
0.7490176377952755
11
0.6025711811023622
21
0.7488843700787401
0
LINE
8
BLACK
6
CONTINUOUS
10
0.6025711811023622
20
0.7488843700787401
11
0.6018503937007874
21
0.7486220472440944
0
LINE
8
BLACK
6
CONTINUOUS
10
0.6018503937007874
20
0.7486220472440944
11
0.3656299212598425
21
0.7486220472440944
0
LINE
8
BLACK
6
CONTINUOUS
10
0.3656299212598425
20
0.7486220472440944
11
0.0112992125984252
21
0.7486220472440944
0
LINE
8
BLACK
6
CONTINUOUS
10
0.0112992125984252
20
0.7486220472440944
11
0.010926811023622
21
0.7486876771653543
0
LINE
8
BLACK
6
CONTINUOUS
10
0.010926811023622
20
0.7486876771653543
11
0.0107864566929134
21
0.7486629527559054
0
LINE
8
BLACK
6
CONTINUOUS
10
0.0107864566929134
20
0.7486629527559054
11
0.0106629921259843
21
0.7487342125984252
0
LINE
8
BLACK
6
CONTINUOUS
10
0.0106629921259843
20
0.7487342125984252
11
0.0102892913385827
21
0.7488001181102362
0
LINE
8
BLACK
6
CONTINUOUS
10
0.0102892913385827
20
0.7488001181102362
11
0.0097166141732283
21
0.7492805905511811
0
LINE
8
BLACK
6
CONTINUOUS
10
0.0097166141732283
20
0.7492805905511811
11
0.0090372834645669
21
0.749672874015748
0
LINE
8
BLACK
6
CONTINUOUS
10
0.0090372834645669
20
0.749672874015748
11
0.008944094488189
21
0.7499288582677165
0
LINE
8
BLACK
6
CONTINUOUS
10
0.008944094488189
20
0.7499288582677165
11
0.0087420472440945
21
0.7500984251968503
0
LINE
8
BLACK
6
CONTINUOUS
10
0.0087420472440945
20
0.7500984251968503
11
0.008610157480315
21
0.7508463385826771
0
LINE
8
BLACK
6
CONTINUOUS
10
0.008610157480315
20
0.7508463385826771
11
0.0083464566929134
21
0.7515708661417323
0
LINE
8
BLACK
6
CONTINUOUS
10
0.0083464566929134
20
0.7515708661417323
11
0.0083464566929134
21
0.9484291338582677
0
LINE
8
BLACK
6
CONTINUOUS
10
0.0083464566929134
20
0.9484291338582677
11
0.0083464566929134
21
1.1434291338582676
0
LINE
8
BLACK
6
CONTINUOUS
10
0.0083464566929134
20
1.1434291338582676
11
0.0084137007874016
21
1.1438106692913386
0
LINE
8
BLACK
6
CONTINUOUS
10
0.0084137007874016
20
1.1438106692913386
11
0.0083912992125984
21
1.1439379527559055
0
LINE
8
BLACK
6
CONTINUOUS
10
0.0083912992125984
20
1.1439379527559055
11
0.0084558661417323
21
1.1440498031496062
0
LINE
8
BLACK
6
CONTINUOUS
10
0.0084558661417323
20
1.1440498031496062
11
0.0085245275590551
21
1.1444390551181103
0
LINE
8
BLACK
6
CONTINUOUS
10
0.0085245275590551
20
1.1444390551181103
11
0.0090249212598425
21
1.1450353937007873
0
LINE
8
BLACK
6
CONTINUOUS
10
0.0090249212598425
20
1.1450353937007873
11
0.0094012204724409
21
1.145687125984252
0
LINE
8
BLACK
6
CONTINUOUS
10
0.0094012204724409
20
1.145687125984252
11
0.0096467716535433
21
1.1457764960629921
0
LINE
8
BLACK
6
CONTINUOUS
10
0.0096467716535433
20
1.1457764960629921
11
0.0098228346456693
21
1.1459862992125984
0
LINE
8
BLACK
6
CONTINUOUS
10
0.0098228346456693
20
1.1459862992125984
11
0.0105993700787402
21
1.1461232283464566
0
LINE
8
BLACK
6
CONTINUOUS
10
0.0105993700787402
20
1.1461232283464566
11
0.0112992125984252
21
1.1463779527559055
0
LINE
8
BLACK
6
CONTINUOUS
10
0.0112992125984252
20
1.1463779527559055
11
0.3656299212598425
21
1.1463779527559055
0
LINE
8
BLACK
6
CONTINUOUS
10
0.48
20
0.7879921259842519
11
0.48
21
0.775
0
LINE
8
BLACK
6
CONTINUOUS
10
0.48
20
0.775
11
0.3685826771653543
21
0.775
0
LINE
8
BLACK
6
CONTINUOUS
10
0.3685826771653543
20
0.775
11
0.3685826771653543
21
0.7545275590551181
0
LINE
8
BLACK
6
CONTINUOUS
10
0.3685826771653543
20
0.7545275590551181
11
0.5988976377952756
21
0.7545275590551181
0
LINE
8
BLACK
6
CONTINUOUS
10
0.5988976377952756
20
0.7545275590551181
11
0.5988976377952756
21
0.7683070866141732
0
LINE
8
BLACK
6
CONTINUOUS
10
0.5988976377952756
20
0.7683070866141732
11
0.5624803149606299
21
0.7683070866141732
0
LINE
8
BLACK
6
CONTINUOUS
10
0.5624803149606299
20
0.7683070866141732
11
0.5620967716535433
21
0.76837468503937
0
LINE
8
BLACK
6
CONTINUOUS
10
0.5620967716535433
20
0.76837468503937
11
0.5619675590551181
21
0.7683519291338583
0
LINE
8
BLACK
6
CONTINUOUS
10
0.5619675590551181
20
0.7683519291338583
11
0.561853937007874
21
0.7684175196850394
0
LINE
8
BLACK
6
CONTINUOUS
10
0.561853937007874
20
0.7684175196850394
11
0.5614703937007874
21
0.768485157480315
0
LINE
8
BLACK
6
CONTINUOUS
10
0.5614703937007874
20
0.768485157480315
11
0.5608826771653543
21
0.7689782677165354
0
LINE
8
BLACK
6
CONTINUOUS
10
0.5608826771653543
20
0.7689782677165354
11
0.5602183858267716
21
0.7693618503937008
0
LINE
8
BLACK
6
CONTINUOUS
10
0.5602183858267716
20
0.7693618503937008
11
0.5601272440944882
21
0.7696121653543307
0
LINE
8
BLACK
6
CONTINUOUS
10
0.5601272440944882
20
0.7696121653543307
11
0.5599231496062992
21
0.7697834645669291
0
LINE
8
BLACK
6
CONTINUOUS
10
0.5599231496062992
20
0.7697834645669291
11
0.5597898818897638
21
0.7705390157480315
0
LINE
8
BLACK
6
CONTINUOUS
10
0.5597898818897638
20
0.7705390157480315
11
0.5595275590551181
21
0.771259842519685
0
LINE
8
BLACK
6
CONTINUOUS
10
0.5595275590551181
20
0.771259842519685
11
0.5595275590551181
21
0.7879921259842519
0
LINE
8
BLACK
6
CONTINUOUS
10
0.5595275590551181
20
0.7879921259842519
11
0.48
21
0.7879921259842519
0
LINE
8
BLACK
6
CONTINUOUS
10
0.014251968503937
20
0.9436220472440945
11
0.014251968503937
21
0.7545275590551181
0
LINE
8
BLACK
6
CONTINUOUS
10
0.014251968503937
20
0.7545275590551181
11
0.3626771653543307
21
0.7545275590551181
0
LINE
8
BLACK
6
CONTINUOUS
10
0.3626771653543307
20
0.7545275590551181
11
0.3626771653543307
21
0.775
0
LINE
8
BLACK
6
CONTINUOUS
10
0.3626771653543307
20
0.775
11
0.3488937007874016
21
0.775
0
LINE
8
BLACK
6
CONTINUOUS
10
0.3488937007874016
20
0.775
11
0.3488937007874016
21
0.771259842519685
0
LINE
8
BLACK
6
CONTINUOUS
10
0.3488937007874016
20
0.771259842519685
11
0.348826062992126
21
0.7708762992125984
0
LINE
8
BLACK
6
CONTINUOUS
10
0.348826062992126
20
0.7708762992125984
11
0.3488488582677166
21
0.7707470866141732
0
LINE
8
BLACK
6
CONTINUOUS
10
0.3488488582677166
20
0.7707470866141732
11
0.3487832283464567
21
0.7706334645669292
0
LINE
8
BLACK
6
CONTINUOUS
10
0.3487832283464567
20
0.7706334645669292
11
0.3487156299212598
21
0.7702499212598425
0
LINE
8
BLACK
6
CONTINUOUS
10
0.3487156299212598
20
0.7702499212598425
11
0.3482224803149606
21
0.7696622047244094
0
LINE
8
BLACK
6
CONTINUOUS
10
0.3482224803149606
20
0.7696622047244094
11
0.347838937007874
21
0.7689979133858268
0
LINE
8
BLACK
6
CONTINUOUS
10
0.347838937007874
20
0.7689979133858268
11
0.3475885826771654
21
0.7689067716535433
0
LINE
8
BLACK
6
CONTINUOUS
10
0.3475885826771654
20
0.7689067716535433
11
0.3474173228346457
21
0.7687026771653543
0
LINE
8
BLACK
6
CONTINUOUS
10
0.3474173228346457
20
0.7687026771653543
11
0.3466617322834646
21
0.7685694094488189
0
LINE
8
BLACK
6
CONTINUOUS
10
0.3466617322834646
20
0.7685694094488189
11
0.3459409448818898
21
0.7683070866141732
0
LINE
8
BLACK
6
CONTINUOUS
10
0.3459409448818898
20
0.7683070866141732
11
0.0309803149606299
21
0.7683070866141732
0
LINE
8
BLACK
6
CONTINUOUS
10
0.0309803149606299
20
0.7683070866141732
11
0.0305967716535433
21
0.76837468503937
0
LINE
8
BLACK
6
CONTINUOUS
10
0.0305967716535433
20
0.76837468503937
11
0.0304675590551181
21
0.7683519291338583
0
LINE
8
BLACK
6
CONTINUOUS
10
0.0304675590551181
20
0.7683519291338583
11
0.030353937007874
21
0.7684175196850394
0
LINE
8
BLACK
6
CONTINUOUS
10
0.030353937007874
20
0.7684175196850394
11
0.0299703937007874
21
0.768485157480315
0
LINE
8
BLACK
6
CONTINUOUS
10
0.0299703937007874
20
0.768485157480315
11
0.0293826771653543
21
0.7689782677165354
0
LINE
8
BLACK
6
CONTINUOUS
10
0.0293826771653543
20
0.7689782677165354
11
0.0287183858267717
21
0.7693618503937008
0
LINE
8
BLACK
6
CONTINUOUS
10
0.0287183858267717
20
0.7693618503937008
11
0.0286272440944882
21
0.7696121653543307
0
LINE
8
BLACK
6
CONTINUOUS
10
0.0286272440944882
20
0.7696121653543307
11
0.0284231496062992
21
0.7697834645669291
0
LINE
8
BLACK
6
CONTINUOUS
10
0.0284231496062992
20
0.7697834645669291
11
0.0282898818897638
21
0.7705390157480315
0
LINE
8
BLACK
6
CONTINUOUS
10
0.0282898818897638
20
0.7705390157480315
11
0.0280275590551181
21
0.771259842519685
0
LINE
8
BLACK
6
CONTINUOUS
10
0.0280275590551181
20
0.771259842519685
11
0.0280275590551181
21
0.9287401574803149
0
LINE
8
BLACK
6
CONTINUOUS
10
0.0280275590551181
20
0.9287401574803149
11
0.028095157480315
21
0.9291236614173228
0
LINE
8
BLACK
6
CONTINUOUS
10
0.028095157480315
20
0.9291236614173228
11
0.0280724015748031
21
0.9292529133858267
0
LINE
8
BLACK
6
CONTINUOUS
10
0.0280724015748031
20
0.9292529133858267
11
0.0281379921259843
21
0.9293664960629922
0
LINE
8
BLACK
6
CONTINUOUS
10
0.0281379921259843
20
0.9293664960629922
11
0.0282056299212598
21
0.9297500787401575
0
LINE
8
BLACK
6
CONTINUOUS
10
0.0282056299212598
20
0.9297500787401575
11
0.0286987401574803
21
0.9303377559055118
0
LINE
8
BLACK
6
CONTINUOUS
10
0.0286987401574803
20
0.9303377559055118
11
0.0290823228346457
21
0.9310020866141732
0
LINE
8
BLACK
6
CONTINUOUS
10
0.0290823228346457
20
0.9310020866141732
11
0.0293326377952756
21
0.9310931889763779
0
LINE
8
BLACK
6
CONTINUOUS
10
0.0293326377952756
20
0.9310931889763779
11
0.029503937007874
21
0.9312973228346456
0
LINE
8
BLACK
6
CONTINUOUS
10
0.029503937007874
20
0.9312973228346456
11
0.0302594881889764
21
0.9314305511811023
0
LINE
8
BLACK
6
CONTINUOUS
10
0.0302594881889764
20
0.9314305511811023
11
0.0309803149606299
21
0.9316929133858267
0
LINE
8
BLACK
6
CONTINUOUS
10
0.0309803149606299
20
0.9316929133858267
11
0.3459409448818898
21
0.9316929133858267
0
LINE
8
BLACK
6
CONTINUOUS
10
0.3459409448818898
20
0.9316929133858267
11
0.3463244488188976
21
0.9316252755905512
0
LINE
8
BLACK
6
CONTINUOUS
10
0.3463244488188976
20
0.9316252755905512
11
0.3464537007874016
21
0.9316480708661418
0
LINE
8
BLACK
6
CONTINUOUS
10
0.3464537007874016
20
0.9316480708661418
11
0.3465672834645669
21
0.9315824409448819
0
LINE
8
BLACK
6
CONTINUOUS
10
0.3465672834645669
20
0.9315824409448819
11
0.3469508661417323
21
0.931514842519685
0
LINE
8
BLACK
6
CONTINUOUS
10
0.3469508661417323
20
0.931514842519685
11
0.3475385433070866
21
0.9310216929133858
0
LINE
8
BLACK
6
CONTINUOUS
10
0.3475385433070866
20
0.9310216929133858
11
0.348202874015748
21
0.9306381496062992
0
LINE
8
BLACK
6
CONTINUOUS
10
0.348202874015748
20
0.9306381496062992
11
0.3482939763779527
21
0.9303877952755906
0
LINE
8
BLACK
6
CONTINUOUS
10
0.3482939763779527
20
0.9303877952755906
11
0.3484981102362205
21
0.9302165354330708
0
LINE
8
BLACK
6
CONTINUOUS
10
0.3484981102362205
20
0.9302165354330708
11
0.3486313385826771
21
0.9294609448818898
0
LINE
8
BLACK
6
CONTINUOUS
10
0.3486313385826771
20
0.9294609448818898
11
0.3488937007874016
21
0.9287401574803149
0
LINE
8
BLACK
6
CONTINUOUS
10
0.3488937007874016
20
0.9287401574803149
11
0.3488937007874016
21
0.9249999999999999
0
LINE
8
BLACK
6
CONTINUOUS
10
0.3488937007874016
20
0.9249999999999999
11
0.3626771653543307
21
0.9249999999999999
0
LINE
8
BLACK
6
CONTINUOUS
10
0.3626771653543307
20
0.9249999999999999
11
0.3626771653543307
21
0.9436220472440945
0
LINE
8
BLACK
6
CONTINUOUS
10
0.3626771653543307
20
0.9436220472440945
11
0.014251968503937
21
0.9436220472440945
0
LINE
8
BLACK
6
CONTINUOUS
10
0.0339330708661417
20
0.9257874015748031
11
0.0339330708661417
21
0.7742125984251969
0
LINE
8
BLACK
6
CONTINUOUS
10
0.0339330708661417
20
0.7742125984251969
11
0.0982957874015748
21
0.7742125984251969
0
LINE
8
BLACK
6
CONTINUOUS
10
0.0982957874015748
20
0.7742125984251969
11
0.096936968503937
21
0.7755714173228346
0
LINE
8
BLACK
6
CONTINUOUS
10
0.096936968503937
20
0.7755714173228346
11
0.0961331102362205
21
0.7785714173228346
0
LINE
8
BLACK
6
CONTINUOUS
10
0.0961331102362205
20
0.7785714173228346
11
0.0961331102362205
21
0.7833120866141732
0
LINE
8
BLACK
6
CONTINUOUS
10
0.0961331102362205
20
0.7833120866141732
11
0.0940317716535433
21
0.7896160236220472
0
LINE
8
BLACK
6
CONTINUOUS
10
0.0940317716535433
20
0.7896160236220472
11
0.0903206299212598
21
0.7933272047244094
0
LINE
8
BLACK
6
CONTINUOUS
10
0.0903206299212598
20
0.7933272047244094
11
0.0840166141732283
21
0.7954285433070866
0
LINE
8
BLACK
6
CONTINUOUS
10
0.0840166141732283
20
0.7954285433070866
11
0.0421331102362205
21
0.7954285433070866
0
LINE
8
BLACK
6
CONTINUOUS
10
0.0421331102362205
20
0.7954285433070866
11
0.0391331102362205
21
0.7962324015748031
0
LINE
8
BLACK
6
CONTINUOUS
10
0.0391331102362205
20
0.7962324015748031
11
0.036936968503937
21
0.7984285433070866
0
LINE
8
BLACK
6
CONTINUOUS
10
0.036936968503937
20
0.7984285433070866
11
0.0361331102362205
21
0.8014285433070866
0
LINE
8
BLACK
6
CONTINUOUS
10
0.0361331102362205
20
0.8014285433070866
11
0.036936968503937
21
0.8044285433070866
0
LINE
8
BLACK
6
CONTINUOUS
10
0.036936968503937
20
0.8044285433070866
11
0.0391331102362205
21
0.80662468503937
0
LINE
8
BLACK
6
CONTINUOUS
10
0.0391331102362205
20
0.80662468503937
11
0.0421331102362205
21
0.8074285433070866
0
LINE
8
BLACK
6
CONTINUOUS
10
0.0421331102362205
20
0.8074285433070866
11
0.0849902362204724
21
0.8074285433070866
0
LINE
8
BLACK
6
CONTINUOUS
10
0.0849902362204724
20
0.8074285433070866
11
0.0859233464566929
21
0.8071785039370079
0
LINE
8
BLACK
6
CONTINUOUS
10
0.0859233464566929
20
0.8071785039370079
11
0.0868875984251968
21
0.8071206299212598
0
LINE
8
BLACK
6
CONTINUOUS
10
0.0868875984251968
20
0.8071206299212598
11
0.0954590551181102
21
0.8042635039370079
0
LINE
8
BLACK
6
CONTINUOUS
10
0.0954590551181102
20
0.8042635039370079
11
0.0966099212598425
21
0.8035036220472441
0
LINE
8
BLACK
6
CONTINUOUS
10
0.0966099212598425
20
0.8035036220472441
11
0.0978043307086614
21
0.8028140551181102
0
LINE
8
BLACK
6
CONTINUOUS
10
0.0978043307086614
20
0.8028140551181102
11
0.1035186220472441
21
0.7970997637795275
0
LINE
8
BLACK
6
CONTINUOUS
10
0.1035186220472441
20
0.7970997637795275
11
0.1042081889763779
21
0.7959053543307086
0
LINE
8
BLACK
6
CONTINUOUS
10
0.1042081889763779
20
0.7959053543307086
11
0.1049680708661417
21
0.7947544881889763
0
LINE
8
BLACK
6
CONTINUOUS
10
0.1049680708661417
20
0.7947544881889763
11
0.1078252362204724
21
0.7861830708661417
0
LINE
8
BLACK
6
CONTINUOUS
10
0.1078252362204724
20
0.7861830708661417
11
0.1078831102362205
21
0.7852186614173228
0
LINE
8
BLACK
6
CONTINUOUS
10
0.1078831102362205
20
0.7852186614173228
11
0.1081331102362205
21
0.7842857086614173
0
LINE
8
BLACK
6
CONTINUOUS
10
0.1081331102362205
20
0.7842857086614173
11
0.1081331102362205
21
0.7785714173228346
0
LINE
8
BLACK
6
CONTINUOUS
10
0.1081331102362205
20
0.7785714173228346
11
0.1073292519685039
21
0.7755714173228346
0
LINE
8
BLACK
6
CONTINUOUS
10
0.1073292519685039
20
0.7755714173228346
11
0.1059704330708661
21
0.7742125984251969
0
LINE
8
BLACK
6
CONTINUOUS
10
0.1059704330708661
20
0.7742125984251969
11
0.342988188976378
21
0.7742125984251969
0
LINE
8
BLACK
6
CONTINUOUS
10
0.342988188976378
20
0.7742125984251969
11
0.342988188976378
21
0.775
0
LINE
8
BLACK
6
CONTINUOUS
10
0.342988188976378
20
0.775
11
0.33
21
0.775
0
LINE
8
BLACK
6
CONTINUOUS
10
0.33
20
0.775
11
0.33
21
0.9249999999999999
0
LINE
8
BLACK
6
CONTINUOUS
10
0.33
20
0.9249999999999999
11
0.342988188976378
21
0.9249999999999999
0
LINE
8
BLACK
6
CONTINUOUS
10
0.342988188976378
20
0.9249999999999999
11
0.342988188976378
21
0.9257874015748031
0
LINE
8
BLACK
6
CONTINUOUS
10
0.342988188976378
20
0.9257874015748031
11
0.0339330708661417
21
0.9257874015748031
0
LINE
8
BLACK
6
CONTINUOUS
10
0.48
20
0.9061023622047244
11
0.48
21
0.7938976377952756
0
LINE
8
BLACK
6
CONTINUOUS
10
0.48
20
0.7938976377952756
11
0.5595275590551181
21
0.7938976377952756
0
LINE
8
BLACK
6
CONTINUOUS
10
0.5595275590551181
20
0.7938976377952756
11
0.5595275590551181
21
0.9061023622047244
0
LINE
8
BLACK
6
CONTINUOUS
10
0.5595275590551181
20
0.9061023622047244
11
0.48
21
0.9061023622047244
0
LINE
8
BLACK
6
CONTINUOUS
10
0.3685826771653543
20
0.9436220472440945
11
0.3685826771653543
21
0.9249999999999999
0
LINE
8
BLACK
6
CONTINUOUS
10
0.3685826771653543
20
0.9249999999999999
11
0.48
21
0.9249999999999999
0
LINE
8
BLACK
6
CONTINUOUS
10
0.48
20
0.9249999999999999
11
0.48
21
0.912007874015748
0
LINE
8
BLACK
6
CONTINUOUS
10
0.48
20
0.912007874015748
11
0.5595275590551181
21
0.912007874015748
0
LINE
8
BLACK
6
CONTINUOUS
10
0.5595275590551181
20
0.912007874015748
11
0.5595275590551181
21
0.9287401574803149
0
LINE
8
BLACK
6
CONTINUOUS
10
0.5595275590551181
20
0.9287401574803149
11
0.559595157480315
21
0.9291236614173228
0
LINE
8
BLACK
6
CONTINUOUS
10
0.559595157480315
20
0.9291236614173228
11
0.5595724015748031
21
0.9292529133858267
0
LINE
8
BLACK
6
CONTINUOUS
10
0.5595724015748031
20
0.9292529133858267
11
0.5596379921259842
21
0.9293664960629922
0
LINE
8
BLACK
6
CONTINUOUS
10
0.5596379921259842
20
0.9293664960629922
11
0.5597056299212598
21
0.9297500787401575
0
LINE
8
BLACK
6
CONTINUOUS
10
0.5597056299212598
20
0.9297500787401575
11
0.5601987401574803
21
0.9303377559055118
0
LINE
8
BLACK
6
CONTINUOUS
10
0.5601987401574803
20
0.9303377559055118
11
0.5605823228346457
21
0.9310020866141732
0
LINE
8
BLACK
6
CONTINUOUS
10
0.5605823228346457
20
0.9310020866141732
11
0.5608326377952756
21
0.9310931889763779
0
LINE
8
BLACK
6
CONTINUOUS
10
0.5608326377952756
20
0.9310931889763779
11
0.561003937007874
21
0.9312973228346456
0
LINE
8
BLACK
6
CONTINUOUS
10
0.561003937007874
20
0.9312973228346456
11
0.5617594881889764
21
0.9314305511811023
0
LINE
8
BLACK
6
CONTINUOUS
10
0.5617594881889764
20
0.9314305511811023
11
0.5624803149606299
21
0.9316929133858267
0
LINE
8
BLACK
6
CONTINUOUS
10
0.5624803149606299
20
0.9316929133858267
11
0.5988976377952756
21
0.9316929133858267
0
LINE
8
BLACK
6
CONTINUOUS
10
0.5988976377952756
20
0.9316929133858267
11
0.5988976377952756
21
0.9436220472440945
0
LINE
8
BLACK
6
CONTINUOUS
10
0.5988976377952756
20
0.9436220472440945
11
0.3685826771653543
21
0.9436220472440945
0
LINE
8
BLACK
6
CONTINUOUS
10
0.48
20
0.9829921259842519
11
0.48
21
0.97
0
LINE
8
BLACK
6
CONTINUOUS
10
0.48
20
0.97
11
0.3685826771653543
21
0.97
0
LINE
8
BLACK
6
CONTINUOUS
10
0.3685826771653543
20
0.97
11
0.3685826771653543
21
0.9513779527559055
0
LINE
8
BLACK
6
CONTINUOUS
10
0.3685826771653543
20
0.9513779527559055
11
0.5988976377952756
21
0.9513779527559055
0
LINE
8
BLACK
6
CONTINUOUS
10
0.5988976377952756
20
0.9513779527559055
11
0.5988976377952756
21
0.9633070866141732
0
LINE
8
BLACK
6
CONTINUOUS
10
0.5988976377952756
20
0.9633070866141732
11
0.5624803149606299
21
0.9633070866141732
0
LINE
8
BLACK
6
CONTINUOUS
10
0.5624803149606299
20
0.9633070866141732
11
0.5620967716535433
21
0.9633746850393701
0
LINE
8
BLACK
6
CONTINUOUS
10
0.5620967716535433
20
0.9633746850393701
11
0.5619675590551181
21
0.9633519291338583
0
LINE
8
BLACK
6
CONTINUOUS
10
0.5619675590551181
20
0.9633519291338583
11
0.561853937007874
21
0.9634175196850393
0
LINE
8
BLACK
6
CONTINUOUS
10
0.561853937007874
20
0.9634175196850393
11
0.5614703937007874
21
0.9634851574803149
0
LINE
8
BLACK
6
CONTINUOUS
10
0.5614703937007874
20
0.9634851574803149
11
0.5608826771653543
21
0.9639782677165354
0
LINE
8
BLACK
6
CONTINUOUS
10
0.5608826771653543
20
0.9639782677165354
11
0.5602183858267716
21
0.9643618503937008
0
LINE
8
BLACK
6
CONTINUOUS
10
0.5602183858267716
20
0.9643618503937008
11
0.5601272440944882
21
0.9646121653543307
0
LINE
8
BLACK
6
CONTINUOUS
10
0.5601272440944882
20
0.9646121653543307
11
0.5599231496062992
21
0.9647834645669291
0
LINE
8
BLACK
6
CONTINUOUS
10
0.5599231496062992
20
0.9647834645669291
11
0.5597898818897638
21
0.9655390157480315
0
LINE
8
BLACK
6
CONTINUOUS
10
0.5597898818897638
20
0.9655390157480315
11
0.5595275590551181
21
0.966259842519685
0
LINE
8
BLACK
6
CONTINUOUS
10
0.5595275590551181
20
0.966259842519685
11
0.5595275590551181
21
0.9829921259842519
0
LINE
8
BLACK
6
CONTINUOUS
10
0.5595275590551181
20
0.9829921259842519
11
0.48
21
0.9829921259842519
0
LINE
8
BLACK
6
CONTINUOUS
10
0.014251968503937
20
1.1404724409448819
11
0.014251968503937
21
0.9513779527559055
0
LINE
8
BLACK
6
CONTINUOUS
10
0.014251968503937
20
0.9513779527559055
11
0.3626771653543307
21
0.9513779527559055
0
LINE
8
BLACK
6
CONTINUOUS
10
0.3626771653543307
20
0.9513779527559055
11
0.3626771653543307
21
0.97
0
LINE
8
BLACK
6
CONTINUOUS
10
0.3626771653543307
20
0.97
11
0.3488937007874016
21
0.97
0
LINE
8
BLACK
6
CONTINUOUS
10
0.3488937007874016
20
0.97
11
0.3488937007874016
21
0.966259842519685
0
LINE
8
BLACK
6
CONTINUOUS
10
0.3488937007874016
20
0.966259842519685
11
0.348826062992126
21
0.9658762992125984
0
LINE
8
BLACK
6
CONTINUOUS
10
0.348826062992126
20
0.9658762992125984
11
0.3488488582677166
21
0.9657470866141732
0
LINE
8
BLACK
6
CONTINUOUS
10
0.3488488582677166
20
0.9657470866141732
11
0.3487832283464567
21
0.9656334645669291
0
LINE
8
BLACK
6
CONTINUOUS
10
0.3487832283464567
20
0.9656334645669291
11
0.3487156299212598
21
0.9652499212598425
0
LINE
8
BLACK
6
CONTINUOUS
10
0.3487156299212598
20
0.9652499212598425
11
0.3482224803149606
21
0.9646622047244094
0
LINE
8
BLACK
6
CONTINUOUS
10
0.3482224803149606
20
0.9646622047244094
11
0.347838937007874
21
0.9639979133858267
0
LINE
8
BLACK
6
CONTINUOUS
10
0.347838937007874
20
0.9639979133858267
11
0.3475885826771654
21
0.9639067716535433
0
LINE
8
BLACK
6
CONTINUOUS
10
0.3475885826771654
20
0.9639067716535433
11
0.3474173228346457
21
0.9637026771653543
0
LINE
8
BLACK
6
CONTINUOUS
10
0.3474173228346457
20
0.9637026771653543
11
0.3466617322834646
21
0.9635694094488189
0
LINE
8
BLACK
6
CONTINUOUS
10
0.3466617322834646
20
0.9635694094488189
11
0.3459409448818898
21
0.9633070866141732
0
LINE
8
BLACK
6
CONTINUOUS
10
0.3459409448818898
20
0.9633070866141732
11
0.0309803149606299
21
0.9633070866141732
0
LINE
8
BLACK
6
CONTINUOUS
10
0.0309803149606299
20
0.9633070866141732
11
0.0305967716535433
21
0.9633746850393701
0
LINE
8
BLACK
6
CONTINUOUS
10
0.0305967716535433
20
0.9633746850393701
11
0.0304675590551181
21
0.9633519291338583
0
LINE
8
BLACK
6
CONTINUOUS
10
0.0304675590551181
20
0.9633519291338583
11
0.030353937007874
21
0.9634175196850393
0
LINE
8
BLACK
6
CONTINUOUS
10
0.030353937007874
20
0.9634175196850393
11
0.0299703937007874
21
0.9634851574803149
0
LINE
8
BLACK
6
CONTINUOUS
10
0.0299703937007874
20
0.9634851574803149
11
0.0293826771653543
21
0.9639782677165354
0
LINE
8
BLACK
6
CONTINUOUS
10
0.0293826771653543
20
0.9639782677165354
11
0.0287183858267717
21
0.9643618503937008
0
LINE
8
BLACK
6
CONTINUOUS
10
0.0287183858267717
20
0.9643618503937008
11
0.0286272440944882
21
0.9646121653543307
0
LINE
8
BLACK
6
CONTINUOUS
10
0.0286272440944882
20
0.9646121653543307
11
0.0284231496062992
21
0.9647834645669291
0
LINE
8
BLACK
6
CONTINUOUS
10
0.0284231496062992
20
0.9647834645669291
11
0.0282898818897638
21
0.9655390157480315
0
LINE
8
BLACK
6
CONTINUOUS
10
0.0282898818897638
20
0.9655390157480315
11
0.0280275590551181
21
0.966259842519685
0
LINE
8
BLACK
6
CONTINUOUS
10
0.0280275590551181
20
0.966259842519685
11
0.0280275590551181
21
1.123740157480315
0
LINE
8
BLACK
6
CONTINUOUS
10
0.0280275590551181
20
1.123740157480315
11
0.028095157480315
21
1.1241236614173229
0
LINE
8
BLACK
6
CONTINUOUS
10
0.028095157480315
20
1.1241236614173229
11
0.0280724015748031
21
1.1242529133858268
0
LINE
8
BLACK
6
CONTINUOUS
10
0.0280724015748031
20
1.1242529133858268
11
0.0281379921259843
21
1.124366496062992
0
LINE
8
BLACK
6
CONTINUOUS
10
0.0281379921259843
20
1.124366496062992
11
0.0282056299212598
21
1.1247500787401574
0
LINE
8
BLACK
6
CONTINUOUS
10
0.0282056299212598
20
1.1247500787401574
11
0.0286987401574803
21
1.1253377559055118
0
LINE
8
BLACK
6
CONTINUOUS
10
0.0286987401574803
20
1.1253377559055118
11
0.0290823228346457
21
1.1260020866141731
0
LINE
8
BLACK
6
CONTINUOUS
10
0.0290823228346457
20
1.1260020866141731
11
0.0293326377952756
21
1.1260931889763779
0
LINE
8
BLACK
6
CONTINUOUS
10
0.0293326377952756
20
1.1260931889763779
11
0.029503937007874
21
1.1262973228346456
0
LINE
8
BLACK
6
CONTINUOUS
10
0.029503937007874
20
1.1262973228346456
11
0.0302594881889764
21
1.1264305511811024
0
LINE
8
BLACK
6
CONTINUOUS
10
0.0302594881889764
20
1.1264305511811024
11
0.0309803149606299
21
1.1266929133858268
0
LINE
8
BLACK
6
CONTINUOUS
10
0.0309803149606299
20
1.1266929133858268
11
0.3459409448818898
21
1.1266929133858268
0
LINE
8
BLACK
6
CONTINUOUS
10
0.3459409448818898
20
1.1266929133858268
11
0.3463244488188976
21
1.1266252755905513
0
LINE
8
BLACK
6
CONTINUOUS
10
0.3463244488188976
20
1.1266252755905513
11
0.3464537007874016
21
1.1266480708661417
0
LINE
8
BLACK
6
CONTINUOUS
10
0.3464537007874016
20
1.1266480708661417
11
0.3465672834645669
21
1.1265824409448819
0
LINE
8
BLACK
6
CONTINUOUS
10
0.3465672834645669
20
1.1265824409448819
11
0.3469508661417323
21
1.1265148425196849
0
LINE
8
BLACK
6
CONTINUOUS
10
0.3469508661417323
20
1.1265148425196849
11
0.3475385433070866
21
1.1260216929133857
0
LINE
8
BLACK
6
CONTINUOUS
10
0.3475385433070866
20
1.1260216929133857
11
0.348202874015748
21
1.1256381496062993
0
LINE
8
BLACK
6
CONTINUOUS
10
0.348202874015748
20
1.1256381496062993
11
0.3482939763779527
21
1.1253877952755906
0
LINE
8
BLACK
6
CONTINUOUS
10
0.3482939763779527
20
1.1253877952755906
11
0.3484981102362205
21
1.1252165354330708
0
LINE
8
BLACK
6
CONTINUOUS
10
0.3484981102362205
20
1.1252165354330708
11
0.3486313385826771
21
1.1244609448818896
0
LINE
8
BLACK
6
CONTINUOUS
10
0.3486313385826771
20
1.1244609448818896
11
0.3488937007874016
21
1.123740157480315
0
LINE
8
BLACK
6
CONTINUOUS
10
0.3488937007874016
20
1.123740157480315
11
0.3488937007874016
21
1.1199999999999999
0
LINE
8
BLACK
6
CONTINUOUS
10
0.3488937007874016
20
1.1199999999999999
11
0.3626771653543307
21
1.1199999999999999
0
LINE
8
BLACK
6
CONTINUOUS
10
0.3626771653543307
20
1.1199999999999999
11
0.3626771653543307
21
1.1404724409448819
0
LINE
8
BLACK
6
CONTINUOUS
10
0.3626771653543307
20
1.1404724409448819
11
0.014251968503937
21
1.1404724409448819
0
LINE
8
BLACK
6
CONTINUOUS
10
0.0339330708661417
20
1.1207874015748032
11
0.0339330708661417
21
0.9692125984251968
0
LINE
8
BLACK
6
CONTINUOUS
10
0.0339330708661417
20
0.9692125984251968
11
0.0982957874015748
21
0.9692125984251968
0
LINE
8
BLACK
6
CONTINUOUS
10
0.0982957874015748
20
0.9692125984251968
11
0.096936968503937
21
0.9705714173228346
0
LINE
8
BLACK
6
CONTINUOUS
10
0.096936968503937
20
0.9705714173228346
11
0.0961331102362205
21
0.9735714173228346
0
LINE
8
BLACK
6
CONTINUOUS
10
0.0961331102362205
20
0.9735714173228346
11
0.0961331102362205
21
0.9783120866141732
0
LINE
8
BLACK
6
CONTINUOUS
10
0.0961331102362205
20
0.9783120866141732
11
0.0940317716535433
21
0.9846160236220473
0
LINE
8
BLACK
6
CONTINUOUS
10
0.0940317716535433
20
0.9846160236220473
11
0.0903206299212598
21
0.9883272047244094
0
LINE
8
BLACK
6
CONTINUOUS
10
0.0903206299212598
20
0.9883272047244094
11
0.0840166141732283
21
0.9904285433070866
0
LINE
8
BLACK
6
CONTINUOUS
10
0.0840166141732283
20
0.9904285433070866
11
0.0421331102362205
21
0.9904285433070866
0
LINE
8
BLACK
6
CONTINUOUS
10
0.0421331102362205
20
0.9904285433070866
11
0.0391331102362205
21
0.9912324015748031
0
LINE
8
BLACK
6
CONTINUOUS
10
0.0391331102362205
20
0.9912324015748031
11
0.036936968503937
21
0.9934285433070866
0
LINE
8
BLACK
6
CONTINUOUS
10
0.036936968503937
20
0.9934285433070866
11
0.0361331102362205
21
0.9964285433070866
0
LINE
8
BLACK
6
CONTINUOUS
10
0.0361331102362205
20
0.9964285433070866
11
0.036936968503937
21
0.9994285433070866
0
LINE
8
BLACK
6
CONTINUOUS
10
0.036936968503937
20
0.9994285433070866
11
0.0391331102362205
21
1.00162468503937
0
LINE
8
BLACK
6
CONTINUOUS
10
0.0391331102362205
20
1.00162468503937
11
0.0421331102362205
21
1.0024285433070865
0
LINE
8
BLACK
6
CONTINUOUS
10
0.0421331102362205
20
1.0024285433070865
11
0.0849902362204724
21
1.0024285433070865
0
LINE
8
BLACK
6
CONTINUOUS
10
0.0849902362204724
20
1.0024285433070865
11
0.0859233464566929
21
1.0021785039370079
0
LINE
8
BLACK
6
CONTINUOUS
10
0.0859233464566929
20
1.0021785039370079
11
0.0868875984251968
21
1.0021206299212597
0
LINE
8
BLACK
6
CONTINUOUS
10
0.0868875984251968
20
1.0021206299212597
11
0.0954590551181102
21
0.9992635039370078
0
LINE
8
BLACK
6
CONTINUOUS
10
0.0954590551181102
20
0.9992635039370078
11
0.0966099212598425
21
0.9985036220472441
0
LINE
8
BLACK
6
CONTINUOUS
10
0.0966099212598425
20
0.9985036220472441
11
0.0978043307086614
21
0.9978140551181102
0
LINE
8
BLACK
6
CONTINUOUS
10
0.0978043307086614
20
0.9978140551181102
11
0.1035186220472441
21
0.9920997637795276
0
LINE
8
BLACK
6
CONTINUOUS
10
0.1035186220472441
20
0.9920997637795276
11
0.1042081889763779
21
0.9909053543307086
0
LINE
8
BLACK
6
CONTINUOUS
10
0.1042081889763779
20
0.9909053543307086
11
0.1049680708661417
21
0.9897544881889764
0
LINE
8
BLACK
6
CONTINUOUS
10
0.1049680708661417
20
0.9897544881889764
11
0.1078252362204724
21
0.9811830708661418
0
LINE
8
BLACK
6
CONTINUOUS
10
0.1078252362204724
20
0.9811830708661418
11
0.1078831102362205
21
0.9802186614173228
0
LINE
8
BLACK
6
CONTINUOUS
10
0.1078831102362205
20
0.9802186614173228
11
0.1081331102362205
21
0.9792857086614173
0
LINE
8
BLACK
6
CONTINUOUS
10
0.1081331102362205
20
0.9792857086614173
11
0.1081331102362205
21
0.9735714173228346
0
LINE
8
BLACK
6
CONTINUOUS
10
0.1081331102362205
20
0.9735714173228346
11
0.1073292519685039
21
0.9705714173228346
0
LINE
8
BLACK
6
CONTINUOUS
10
0.1073292519685039
20
0.9705714173228346
11
0.1059704330708661
21
0.9692125984251968
0
LINE
8
BLACK
6
CONTINUOUS
10
0.1059704330708661
20
0.9692125984251968
11
0.342988188976378
21
0.9692125984251968
0
LINE
8
BLACK
6
CONTINUOUS
10
0.342988188976378
20
0.9692125984251968
11
0.342988188976378
21
0.97
0
LINE
8
BLACK
6
CONTINUOUS
10
0.342988188976378
20
0.97
11
0.33
21
0.97
0
LINE
8
BLACK
6
CONTINUOUS
10
0.33
20
0.97
11
0.33
21
1.1199999999999999
0
LINE
8
BLACK
6
CONTINUOUS
10
0.33
20
1.1199999999999999
11
0.342988188976378
21
1.1199999999999999
0
LINE
8
BLACK
6
CONTINUOUS
10
0.342988188976378
20
1.1199999999999999
11
0.342988188976378
21
1.1207874015748032
0
LINE
8
BLACK
6
CONTINUOUS
10
0.342988188976378
20
1.1207874015748032
11
0.0339330708661417
21
1.1207874015748032
0
LINE
8
BLACK
6
CONTINUOUS
10
0.48
20
1.1011023622047245
11
0.48
21
0.9888976377952756
0
LINE
8
BLACK
6
CONTINUOUS
10
0.48
20
0.9888976377952756
11
0.5595275590551181
21
0.9888976377952756
0
LINE
8
BLACK
6
CONTINUOUS
10
0.5595275590551181
20
0.9888976377952756
11
0.5595275590551181
21
1.1011023622047245
0
LINE
8
BLACK
6
CONTINUOUS
10
0.5595275590551181
20
1.1011023622047245
11
0.48
21
1.1011023622047245
0
LINE
8
BLACK
6
CONTINUOUS
10
0.3685826771653543
20
1.1404724409448819
11
0.3685826771653543
21
1.1199999999999999
0
LINE
8
BLACK
6
CONTINUOUS
10
0.3685826771653543
20
1.1199999999999999
11
0.48
21
1.1199999999999999
0
LINE
8
BLACK
6
CONTINUOUS
10
0.48
20
1.1199999999999999
11
0.48
21
1.1070078740157481
0
LINE
8
BLACK
6
CONTINUOUS
10
0.48
20
1.1070078740157481
11
0.5595275590551181
21
1.1070078740157481
0
LINE
8
BLACK
6
CONTINUOUS
10
0.5595275590551181
20
1.1070078740157481
11
0.5595275590551181
21
1.123740157480315
0
LINE
8
BLACK
6
CONTINUOUS
10
0.5595275590551181
20
1.123740157480315
11
0.559595157480315
21
1.1241236614173229
0
LINE
8
BLACK
6
CONTINUOUS
10
0.559595157480315
20
1.1241236614173229
11
0.5595724015748031
21
1.1242529133858268
0
LINE
8
BLACK
6
CONTINUOUS
10
0.5595724015748031
20
1.1242529133858268
11
0.5596379921259842
21
1.124366496062992
0
LINE
8
BLACK
6
CONTINUOUS
10
0.5596379921259842
20
1.124366496062992
11
0.5597056299212598
21
1.1247500787401574
0
LINE
8
BLACK
6
CONTINUOUS
10
0.5597056299212598
20
1.1247500787401574
11
0.5601987401574803
21
1.1253377559055118
0
LINE
8
BLACK
6
CONTINUOUS
10
0.5601987401574803
20
1.1253377559055118
11
0.5605823228346457
21
1.1260020866141731
0
LINE
8
BLACK
6
CONTINUOUS
10
0.5605823228346457
20
1.1260020866141731
11
0.5608326377952756
21
1.1260931889763779
0
LINE
8
BLACK
6
CONTINUOUS
10
0.5608326377952756
20
1.1260931889763779
11
0.561003937007874
21
1.1262973228346456
0
LINE
8
BLACK
6
CONTINUOUS
10
0.561003937007874
20
1.1262973228346456
11
0.5617594881889764
21
1.1264305511811024
0
LINE
8
BLACK
6
CONTINUOUS
10
0.5617594881889764
20
1.1264305511811024
11
0.5624803149606299
21
1.1266929133858268
0
LINE
8
BLACK
6
CONTINUOUS
10
0.5624803149606299
20
1.1266929133858268
11
0.5988976377952756
21
1.1266929133858268
0
LINE
8
BLACK
6
CONTINUOUS
10
0.5988976377952756
20
1.1266929133858268
11
0.5988976377952756
21
1.1404724409448819
0
LINE
8
BLACK
6
CONTINUOUS
10
0.5988976377952756
20
1.1404724409448819
11
0.3685826771653543
21
1.1404724409448819
0
LINE
8
BLACK
6
CONTINUOUS
10
1.8618503937007873
20
0.775
11
1.7118503937007874
21
0.775
0
LINE
8
BLACK
6
CONTINUOUS
10
1.7118503937007874
20
0.775
11
1.7118503937007874
21
0.9249999999999999
0
LINE
8
BLACK
6
CONTINUOUS
10
1.7118503937007874
20
0.9249999999999999
11
1.8618503937007873
21
0.9249999999999999
0
LINE
8
BLACK
6
CONTINUOUS
10
1.8618503937007873
20
0.9249999999999999
11
1.8618503937007873
21
0.775
0
LINE
8
BLACK
6
CONTINUOUS
10
1.9501331102362205
20
0.8666246850393701
11
1.9523292519685038
21
0.8644285433070866
0
LINE
8
BLACK
6
CONTINUOUS
10
1.9523292519685038
20
0.8644285433070866
11
1.9531331102362204
21
0.8614285433070866
0
LINE
8
BLACK
6
CONTINUOUS
10
1.9531331102362204
20
0.8614285433070866
11
1.9531331102362204
21
0.8271428346456693
0
LINE
8
BLACK
6
CONTINUOUS
10
1.9531331102362204
20
0.8271428346456693
11
1.9523292519685038
21
0.8241428346456693
0
LINE
8
BLACK
6
CONTINUOUS
10
1.9523292519685038
20
0.8241428346456693
11
1.9501331102362205
21
0.8219466929133858
0
LINE
8
BLACK
6
CONTINUOUS
10
1.9501331102362205
20
0.8219466929133858
11
1.9471331102362204
21
0.8211428346456693
0
LINE
8
BLACK
6
CONTINUOUS
10
1.9471331102362204
20
0.8211428346456693
11
1.9441331102362205
21
0.8219466929133858
0
LINE
8
BLACK
6
CONTINUOUS
10
1.9441331102362205
20
0.8219466929133858
11
1.9419369685039369
21
0.8241428346456693
0
LINE
8
BLACK
6
CONTINUOUS
10
1.9419369685039369
20
0.8241428346456693
11
1.9411331102362204
21
0.8271428346456693
0
LINE
8
BLACK
6
CONTINUOUS
10
1.9411331102362204
20
0.8271428346456693
11
1.9411331102362204
21
0.8382857086614173
0
LINE
8
BLACK
6
CONTINUOUS
10
1.9411331102362204
20
0.8382857086614173
11
1.9044755118110235
21
0.8382857086614173
0
LINE
8
BLACK
6
CONTINUOUS
10
1.9044755118110235
20
0.8382857086614173
11
1.9056614566929133
21
0.8370997637795276
0
LINE
8
BLACK
6
CONTINUOUS
10
1.9056614566929133
20
0.8370997637795276
11
1.9061444094488189
21
0.8362632283464567
0
LINE
8
BLACK
6
CONTINUOUS
10
1.9061444094488189
20
0.8362632283464567
11
1.9067853937007873
21
0.8355404330708661
0
LINE
8
BLACK
6
CONTINUOUS
10
1.9067853937007873
20
0.8355404330708661
11
1.909642559055118
21
0.8298261417322834
0
LINE
8
BLACK
6
CONTINUOUS
10
1.909642559055118
20
0.8298261417322834
11
1.9102651968503936
21
0.8267833464566929
0
LINE
8
BLACK
6
CONTINUOUS
10
1.9102651968503936
20
0.8267833464566929
11
1.9092830708661417
21
0.8238369291338582
0
LINE
8
BLACK
6
CONTINUOUS
10
1.9092830708661417
20
0.8238369291338582
11
1.9069592913385827
21
0.8217762992125984
0
LINE
8
BLACK
6
CONTINUOUS
10
1.9069592913385827
20
0.8217762992125984
11
1.9039164960629922
21
0.8211536220472441
0
LINE
8
BLACK
6
CONTINUOUS
10
1.9039164960629922
20
0.8211536220472441
11
1.9009700787401573
21
0.822135748031496
0
LINE
8
BLACK
6
CONTINUOUS
10
1.9009700787401573
20
0.822135748031496
11
1.8989094094488188
21
0.824459527559055
0
LINE
8
BLACK
6
CONTINUOUS
10
1.8989094094488188
20
0.824459527559055
11
1.8964876377952755
21
0.8293029921259842
0
LINE
8
BLACK
6
CONTINUOUS
10
1.8964876377952755
20
0.8293029921259842
11
1.8918818897637795
21
0.8339087401574803
0
LINE
8
BLACK
6
CONTINUOUS
10
1.8918818897637795
20
0.8339087401574803
11
1.8838049212598424
21
0.8392934251968504
0
LINE
8
BLACK
6
CONTINUOUS
10
1.8838049212598424
20
0.8392934251968504
11
1.8829031102362204
21
0.8403195275590551
0
LINE
8
BLACK
6
CONTINUOUS
10
1.8829031102362204
20
0.8403195275590551
11
1.8819369685039369
21
0.8412857086614173
0
LINE
8
BLACK
6
CONTINUOUS
10
1.8819369685039369
20
0.8412857086614173
11
1.8818855905511811
21
0.8414773228346456
0
LINE
8
BLACK
6
CONTINUOUS
10
1.8818855905511811
20
0.8414773228346456
11
1.8817546456692913
21
0.8416263779527559
0
LINE
8
BLACK
6
CONTINUOUS
10
1.8817546456692913
20
0.8416263779527559
11
1.8814866929133858
21
0.8429661023622047
0
LINE
8
BLACK
6
CONTINUOUS
10
1.8814866929133858
20
0.8429661023622047
11
1.8811331102362205
21
0.8442857086614173
0
LINE
8
BLACK
6
CONTINUOUS
10
1.8811331102362205
20
0.8442857086614173
11
1.8811844488188976
21
0.8444773228346456
0
LINE
8
BLACK
6
CONTINUOUS
10
1.8811844488188976
20
0.8444773228346456
11
1.8811455511811024
21
0.8446718503937007
0
LINE
8
BLACK
6
CONTINUOUS
10
1.8811455511811024
20
0.8446718503937007
11
1.8815833070866141
21
0.8459659055118111
0
LINE
8
BLACK
6
CONTINUOUS
10
1.8815833070866141
20
0.8459659055118111
11
1.8819369685039369
21
0.8472857086614173
0
LINE
8
BLACK
6
CONTINUOUS
10
1.8819369685039369
20
0.8472857086614173
11
1.8820772440944882
21
0.8474259842519685
0
LINE
8
BLACK
6
CONTINUOUS
10
1.8820772440944882
20
0.8474259842519685
11
1.8821408267716535
21
0.8476138976377953
0
LINE
8
BLACK
6
CONTINUOUS
10
1.8821408267716535
20
0.8476138976377953
11
1.8831669291338582
21
0.8485156692913386
0
LINE
8
BLACK
6
CONTINUOUS
10
1.8831669291338582
20
0.8485156692913386
11
1.8841331102362204
21
0.8494818503937007
0
LINE
8
BLACK
6
CONTINUOUS
10
1.8841331102362204
20
0.8494818503937007
11
1.8843247244094488
21
0.849533188976378
0
LINE
8
BLACK
6
CONTINUOUS
10
1.8843247244094488
20
0.849533188976378
11
1.884473779527559
21
0.8496641732283464
0
LINE
8
BLACK
6
CONTINUOUS
10
1.884473779527559
20
0.8496641732283464
11
1.8858135039370079
21
0.8499320866141732
0
LINE
8
BLACK
6
CONTINUOUS
10
1.8858135039370079
20
0.8499320866141732
11
1.8871331102362203
21
0.8502857086614173
0
LINE
8
BLACK
6
CONTINUOUS
10
1.8871331102362203
20
0.8502857086614173
11
1.9411331102362204
21
0.8502857086614173
0
LINE
8
BLACK
6
CONTINUOUS
10
1.9411331102362204
20
0.8502857086614173
11
1.9411331102362204
21
0.8614285433070866
0
LINE
8
BLACK
6
CONTINUOUS
10
1.9411331102362204
20
0.8614285433070866
11
1.9419369685039369
21
0.8644285433070866
0
LINE
8
BLACK
6
CONTINUOUS
10
1.9419369685039369
20
0.8644285433070866
11
1.9441331102362205
21
0.8666246850393701
0
LINE
8
BLACK
6
CONTINUOUS
10
1.9441331102362205
20
0.8666246850393701
11
1.9471331102362204
21
0.8674285433070866
0
LINE
8
BLACK
6
CONTINUOUS
10
1.9471331102362204
20
0.8674285433070866
11
1.9501331102362205
21
0.8666246850393701
0
LINE
8
BLACK
6
CONTINUOUS
10
1.9370366141732283
20
0.9242144488188976
11
1.9383877952755906
21
0.9239379921259843
0
LINE
8
BLACK
6
CONTINUOUS
10
1.9383877952755906
20
0.9239379921259843
11
1.9441020866141732
21
0.9210808661417322
0
LINE
8
BLACK
6
CONTINUOUS
10
1.9441020866141732
20
0.9210808661417322
11
1.9448248818897638
21
0.9204399212598425
0
LINE
8
BLACK
6
CONTINUOUS
10
1.9448248818897638
20
0.9204399212598425
11
1.9456614173228346
21
0.9199569685039369
0
LINE
8
BLACK
6
CONTINUOUS
10
1.9456614173228346
20
0.9199569685039369
11
1.9485186220472441
21
0.917099842519685
0
LINE
8
BLACK
6
CONTINUOUS
10
1.9485186220472441
20
0.917099842519685
11
1.949001653543307
21
0.9162631102362204
0
LINE
8
BLACK
6
CONTINUOUS
10
1.949001653543307
20
0.9162631102362204
11
1.9496425590551181
21
0.9155404330708661
0
LINE
8
BLACK
6
CONTINUOUS
10
1.9496425590551181
20
0.9155404330708661
11
1.9524996850393701
21
0.9098261417322835
0
LINE
8
BLACK
6
CONTINUOUS
10
1.9524996850393701
20
0.9098261417322835
11
1.9527761417322833
21
0.9084749606299213
0
LINE
8
BLACK
6
CONTINUOUS
10
1.9527761417322833
20
0.9084749606299213
11
1.9531331102362204
21
0.907142874015748
0
LINE
8
BLACK
6
CONTINUOUS
10
1.9531331102362204
20
0.907142874015748
11
1.9531331102362204
21
0.8928571653543307
0
LINE
8
BLACK
6
CONTINUOUS
10
1.9531331102362204
20
0.8928571653543307
11
1.9527761417322833
21
0.8915250393700788
0
LINE
8
BLACK
6
CONTINUOUS
10
1.9527761417322833
20
0.8915250393700788
11
1.9524996850393701
21
0.8901738976377953
0
LINE
8
BLACK
6
CONTINUOUS
10
1.9524996850393701
20
0.8901738976377953
11
1.9496425590551181
21
0.8844596062992126
0
LINE
8
BLACK
6
CONTINUOUS
10
1.9496425590551181
20
0.8844596062992126
11
1.9490016141732283
21
0.883736811023622
0
LINE
8
BLACK
6
CONTINUOUS
10
1.9490016141732283
20
0.883736811023622
11
1.9485186220472441
21
0.8829002362204724
0
LINE
8
BLACK
6
CONTINUOUS
10
1.9485186220472441
20
0.8829002362204724
11
1.9456614566929133
21
0.8800430708661418
0
LINE
8
BLACK
6
CONTINUOUS
10
1.9456614566929133
20
0.8800430708661418
11
1.9429717322834645
21
0.8784901574803149
0
LINE
8
BLACK
6
CONTINUOUS
10
1.9429717322834645
20
0.8784901574803149
11
1.939865905511811
21
0.8784901574803149
0
LINE
8
BLACK
6
CONTINUOUS
10
1.939865905511811
20
0.8784901574803149
11
1.9371761811023622
21
0.8800430708661418
0
LINE
8
BLACK
6
CONTINUOUS
10
1.9371761811023622
20
0.8800430708661418
11
1.9356232677165355
21
0.8827327952755906
0
LINE
8
BLACK
6
CONTINUOUS
10
1.9356232677165355
20
0.8827327952755906
11
1.9356232677165355
21
0.8858386220472441
0
LINE
8
BLACK
6
CONTINUOUS
10
1.9356232677165355
20
0.8858386220472441
11
1.9371761811023622
21
0.8885283464566929
0
LINE
8
BLACK
6
CONTINUOUS
10
1.9371761811023622
20
0.8885283464566929
11
1.9393448031496063
21
0.890696968503937
0
LINE
8
BLACK
6
CONTINUOUS
10
1.9393448031496063
20
0.890696968503937
11
1.9411331102362204
21
0.8942735433070866
0
LINE
8
BLACK
6
CONTINUOUS
10
1.9411331102362204
20
0.8942735433070866
11
1.9411331102362204
21
0.9057264566929134
0
LINE
8
BLACK
6
CONTINUOUS
10
1.9411331102362204
20
0.9057264566929134
11
1.9393448425196851
21
0.9093029921259842
0
LINE
8
BLACK
6
CONTINUOUS
10
1.9393448425196851
20
0.9093029921259842
11
1.9378646850393699
21
0.9107831102362205
0
LINE
8
BLACK
6
CONTINUOUS
10
1.9378646850393699
20
0.9107831102362205
11
1.9342881102362204
21
0.9125714173228346
0
LINE
8
BLACK
6
CONTINUOUS
10
1.9342881102362204
20
0.9125714173228346
11
1.9228352362204724
21
0.9125714173228346
0
LINE
8
BLACK
6
CONTINUOUS
10
1.9228352362204724
20
0.9125714173228346
11
1.9192586220472441
21
0.9107831102362205
0
LINE
8
BLACK
6
CONTINUOUS
10
1.9192586220472441
20
0.9107831102362205
11
1.9177785433070866
21
0.909303031496063
0
LINE
8
BLACK
6
CONTINUOUS
10
1.9177785433070866
20
0.909303031496063
11
1.9159902362204724
21
0.9057263779527559
0
LINE
8
BLACK
6
CONTINUOUS
10
1.9159902362204724
20
0.9057263779527559
11
1.9159902362204724
21
0.894273622047244
0
LINE
8
BLACK
6
CONTINUOUS
10
1.9159902362204724
20
0.894273622047244
11
1.9177785826771654
21
0.8906969291338582
0
LINE
8
BLACK
6
CONTINUOUS
10
1.9177785826771654
20
0.8906969291338582
11
1.9199472047244095
21
0.8885283070866141
0
LINE
8
BLACK
6
CONTINUOUS
10
1.9199472047244095
20
0.8885283070866141
11
1.9204881496062991
21
0.8875912992125984
0
LINE
8
BLACK
6
CONTINUOUS
10
1.9204881496062991
20
0.8875912992125984
11
1.9211734251968504
21
0.8867537795275591
0
LINE
8
BLACK
6
CONTINUOUS
10
1.9211734251968504
20
0.8867537795275591
11
1.9212531496062992
21
0.8862662598425196
0
LINE
8
BLACK
6
CONTINUOUS
10
1.9212531496062992
20
0.8862662598425196
11
1.9215000787401575
21
0.8858385826771653
0
LINE
8
BLACK
6
CONTINUOUS
10
1.9215000787401575
20
0.8858385826771653
11
1.9215000787401575
21
0.884756653543307
0
LINE
8
BLACK
6
CONTINUOUS
10
1.9215000787401575
20
0.884756653543307
11
1.9216747637795275
21
0.8836886614173228
0
LINE
8
BLACK
6
CONTINUOUS
10
1.9216747637795275
20
0.8836886614173228
11
1.9215000787401575
21
0.8832266141732283
0
LINE
8
BLACK
6
CONTINUOUS
10
1.9215000787401575
20
0.8832266141732283
11
1.9215000787401575
21
0.8827327559055118
0
LINE
8
BLACK
6
CONTINUOUS
10
1.9215000787401575
20
0.8827327559055118
11
1.9209590157480314
21
0.8817956299212598
0
LINE
8
BLACK
6
CONTINUOUS
10
1.9209590157480314
20
0.8817956299212598
11
1.9205763779527558
21
0.8807835433070866
0
LINE
8
BLACK
6
CONTINUOUS
10
1.9205763779527558
20
0.8807835433070866
11
1.9201941338582678
21
0.8804707874015748
0
LINE
8
BLACK
6
CONTINUOUS
10
1.9201941338582678
20
0.8804707874015748
11
1.9199471653543307
21
0.880043031496063
0
LINE
8
BLACK
6
CONTINUOUS
10
1.9199471653543307
20
0.880043031496063
11
1.9190099606299211
21
0.879501968503937
0
LINE
8
BLACK
6
CONTINUOUS
10
1.9190099606299211
20
0.879501968503937
11
1.9181725984251967
21
0.8788168503937007
0
LINE
8
BLACK
6
CONTINUOUS
10
1.9181725984251967
20
0.8788168503937007
11
1.9176851574803149
21
0.8787370866141732
0
LINE
8
BLACK
6
CONTINUOUS
10
1.9176851574803149
20
0.8787370866141732
11
1.9172574015748032
21
0.8784901574803149
0
LINE
8
BLACK
6
CONTINUOUS
10
1.9172574015748032
20
0.8784901574803149
11
1.916175433070866
21
0.8784901574803149
0
LINE
8
BLACK
6
CONTINUOUS
10
1.916175433070866
20
0.8784901574803149
11
1.9151075196850393
21
0.8783154724409449
0
LINE
8
BLACK
6
CONTINUOUS
10
1.9151075196850393
20
0.8783154724409449
11
1.8865361023622047
21
0.8811726377952755
0
LINE
8
BLACK
6
CONTINUOUS
10
1.8865361023622047
20
0.8811726377952755
11
1.885353779527559
21
0.8816196456692913
0
LINE
8
BLACK
6
CONTINUOUS
10
1.885353779527559
20
0.8816196456692913
11
1.8841331102362204
21
0.8819467322834645
0
LINE
8
BLACK
6
CONTINUOUS
10
1.8841331102362204
20
0.8819467322834645
11
1.8839169291338582
21
0.882162874015748
0
LINE
8
BLACK
6
CONTINUOUS
10
1.8839169291338582
20
0.882162874015748
11
1.8836309448818898
21
0.8822710236220472
0
LINE
8
BLACK
6
CONTINUOUS
10
1.8836309448818898
20
0.8822710236220472
11
1.8828305905511811
21
0.8832492125984251
0
LINE
8
BLACK
6
CONTINUOUS
10
1.8828305905511811
20
0.8832492125984251
11
1.8819369685039369
21
0.884142874015748
0
LINE
8
BLACK
6
CONTINUOUS
10
1.8819369685039369
20
0.884142874015748
11
1.8818578346456694
21
0.8844381889763779
0
LINE
8
BLACK
6
CONTINUOUS
10
1.8818578346456694
20
0.8844381889763779
11
1.8816642519685038
21
0.8846748031496062
0
LINE
8
BLACK
6
CONTINUOUS
10
1.8816642519685038
20
0.8846748031496062
11
1.8814601968503937
21
0.8859220472440945
0
LINE
8
BLACK
6
CONTINUOUS
10
1.8814601968503937
20
0.8859220472440945
11
1.8811331102362205
21
0.887142874015748
0
LINE
8
BLACK
6
CONTINUOUS
10
1.8811331102362205
20
0.887142874015748
11
1.8811331102362205
21
0.9157142913385826
0
LINE
8
BLACK
6
CONTINUOUS
10
1.8811331102362205
20
0.9157142913385826
11
1.8819369685039369
21
0.9187142913385826
0
LINE
8
BLACK
6
CONTINUOUS
10
1.8819369685039369
20
0.9187142913385826
11
1.8841331102362204
21
0.9209104330708662
0
LINE
8
BLACK
6
CONTINUOUS
10
1.8841331102362204
20
0.9209104330708662
11
1.8871331102362203
21
0.9217142913385826
0
LINE
8
BLACK
6
CONTINUOUS
10
1.8871331102362203
20
0.9217142913385826
11
1.8901331102362204
21
0.9209104330708662
0
LINE
8
BLACK
6
CONTINUOUS
10
1.8901331102362204
20
0.9209104330708662
11
1.892329251968504
21
0.9187142913385826
0
LINE
8
BLACK
6
CONTINUOUS
10
1.892329251968504
20
0.9187142913385826
11
1.8931331102362203
21
0.9157142913385826
0
LINE
8
BLACK
6
CONTINUOUS
10
1.8931331102362203
20
0.9157142913385826
11
1.8931331102362203
21
0.8925727952755905
0
LINE
8
BLACK
6
CONTINUOUS
10
1.8931331102362203
20
0.8925727952755905
11
1.9043625196850393
21
0.8914498425196851
0
LINE
8
BLACK
6
CONTINUOUS
10
1.9043625196850393
20
0.8914498425196851
11
1.9043471259842519
21
0.8915251574803149
0
LINE
8
BLACK
6
CONTINUOUS
10
1.9043471259842519
20
0.8915251574803149
11
1.9039902362204724
21
0.8928571653543307
0
LINE
8
BLACK
6
CONTINUOUS
10
1.9039902362204724
20
0.8928571653543307
11
1.9039902362204724
21
0.907142874015748
0
LINE
8
BLACK
6
CONTINUOUS
10
1.9039902362204724
20
0.907142874015748
11
1.9043471259842519
21
0.908474842519685
0
LINE
8
BLACK
6
CONTINUOUS
10
1.9043471259842519
20
0.908474842519685
11
1.9046236614173229
21
0.9098261811023621
0
LINE
8
BLACK
6
CONTINUOUS
10
1.9046236614173229
20
0.9098261811023621
11
1.9074808267716534
21
0.9155404724409448
0
LINE
8
BLACK
6
CONTINUOUS
10
1.9074808267716534
20
0.9155404724409448
11
1.9081217716535432
21
0.9162632677165354
0
LINE
8
BLACK
6
CONTINUOUS
10
1.9081217716535432
20
0.9162632677165354
11
1.9086047637795276
21
0.9170998031496063
0
LINE
8
BLACK
6
CONTINUOUS
10
1.9086047637795276
20
0.9170998031496063
11
1.9114618897637794
21
0.9199569291338583
0
LINE
8
BLACK
6
CONTINUOUS
10
1.9114618897637794
20
0.9199569291338583
11
1.912298464566929
21
0.9204399212598425
0
LINE
8
BLACK
6
CONTINUOUS
10
1.912298464566929
20
0.9204399212598425
11
1.9130212598425196
21
0.9210808661417322
0
LINE
8
BLACK
6
CONTINUOUS
10
1.9130212598425196
20
0.9210808661417322
11
1.9187355511811024
21
0.9239379921259843
0
LINE
8
BLACK
6
CONTINUOUS
10
1.9187355511811024
20
0.9239379921259843
11
1.9200866929133857
21
0.9242144488188976
0
LINE
8
BLACK
6
CONTINUOUS
10
1.9200866929133857
20
0.9242144488188976
11
1.9214188188976378
21
0.9245714173228347
0
LINE
8
BLACK
6
CONTINUOUS
10
1.9214188188976378
20
0.9245714173228347
11
1.935704527559055
21
0.9245714173228347
0
LINE
8
BLACK
6
CONTINUOUS
10
1.935704527559055
20
0.9245714173228347
11
1.9370366141732283
21
0.9242144488188976
0
LINE
8
BLACK
6
CONTINUOUS
10
1.8618503937007873
20
0.97
11
1.7118503937007874
21
0.97
0
LINE
8
BLACK
6
CONTINUOUS
10
1.7118503937007874
20
0.97
11
1.7118503937007874
21
1.1199999999999999
0
LINE
8
BLACK
6
CONTINUOUS
10
1.7118503937007874
20
1.1199999999999999
11
1.8618503937007873
21
1.1199999999999999
0
LINE
8
BLACK
6
CONTINUOUS
10
1.8618503937007873
20
1.1199999999999999
11
1.8618503937007873
21
0.97
0
LINE
8
BLACK
6
CONTINUOUS
10
1.9501331102362205
20
1.06162468503937
11
1.9523292519685038
21
1.0594285433070867
0
LINE
8
BLACK
6
CONTINUOUS
10
1.9523292519685038
20
1.0594285433070867
11
1.9531331102362204
21
1.0564285433070866
0
LINE
8
BLACK
6
CONTINUOUS
10
1.9531331102362204
20
1.0564285433070866
11
1.9531331102362204
21
1.0221428346456694
0
LINE
8
BLACK
6
CONTINUOUS
10
1.9531331102362204
20
1.0221428346456694
11
1.9523292519685038
21
1.0191428346456692
0
LINE
8
BLACK
6
CONTINUOUS
10
1.9523292519685038
20
1.0191428346456692
11
1.9501331102362205
21
1.0169466929133859
0
LINE
8
BLACK
6
CONTINUOUS
10
1.9501331102362205
20
1.0169466929133859
11
1.9471331102362204
21
1.0161428346456693
0
LINE
8
BLACK
6
CONTINUOUS
10
1.9471331102362204
20
1.0161428346456693
11
1.9441331102362205
21
1.0169466929133859
0
LINE
8
BLACK
6
CONTINUOUS
10
1.9441331102362205
20
1.0169466929133859
11
1.9419369685039369
21
1.0191428346456692
0
LINE
8
BLACK
6
CONTINUOUS
10
1.9419369685039369
20
1.0191428346456692
11
1.9411331102362204
21
1.0221428346456694
0
LINE
8
BLACK
6
CONTINUOUS
10
1.9411331102362204
20
1.0221428346456694
11
1.9411331102362204
21
1.0332857086614173
0
LINE
8
BLACK
6
CONTINUOUS
10
1.9411331102362204
20
1.0332857086614173
11
1.9044755118110235
21
1.0332857086614173
0
LINE
8
BLACK
6
CONTINUOUS
10
1.9044755118110235
20
1.0332857086614173
11
1.9056614566929133
21
1.0320997637795275
0
LINE
8
BLACK
6
CONTINUOUS
10
1.9056614566929133
20
1.0320997637795275
11
1.9061444094488189
21
1.0312632283464567
0
LINE
8
BLACK
6
CONTINUOUS
10
1.9061444094488189
20
1.0312632283464567
11
1.9067853937007873
21
1.0305404330708661
0
LINE
8
BLACK
6
CONTINUOUS
10
1.9067853937007873
20
1.0305404330708661
11
1.909642559055118
21
1.0248261417322835
0
LINE
8
BLACK
6
CONTINUOUS
10
1.909642559055118
20
1.0248261417322835
11
1.9102651968503936
21
1.021783346456693
0
LINE
8
BLACK
6
CONTINUOUS
10
1.9102651968503936
20
1.021783346456693
11
1.9092830708661417
21
1.0188369291338581
0
LINE
8
BLACK
6
CONTINUOUS
10
1.9092830708661417
20
1.0188369291338581
11
1.9069592913385827
21
1.0167762992125984
0
LINE
8
BLACK
6
CONTINUOUS
10
1.9069592913385827
20
1.0167762992125984
11
1.9039164960629922
21
1.016153622047244
0
LINE
8
BLACK
6
CONTINUOUS
10
1.9039164960629922
20
1.016153622047244
11
1.9009700787401573
21
1.017135748031496
0
LINE
8
BLACK
6
CONTINUOUS
10
1.9009700787401573
20
1.017135748031496
11
1.8989094094488188
21
1.019459527559055
0
LINE
8
BLACK
6
CONTINUOUS
10
1.8989094094488188
20
1.019459527559055
11
1.8964876377952755
21
1.0243029921259843
0
LINE
8
BLACK
6
CONTINUOUS
10
1.8964876377952755
20
1.0243029921259843
11
1.8918818897637795
21
1.0289087401574804
0
LINE
8
BLACK
6
CONTINUOUS
10
1.8918818897637795
20
1.0289087401574804
11
1.8838049212598424
21
1.0342934251968503
0
LINE
8
BLACK
6
CONTINUOUS
10
1.8838049212598424
20
1.0342934251968503
11
1.8829031102362204
21
1.035319527559055
0
LINE
8
BLACK
6
CONTINUOUS
10
1.8829031102362204
20
1.035319527559055
11
1.8819369685039369
21
1.0362857086614172
0
LINE
8
BLACK
6
CONTINUOUS
10
1.8819369685039369
20
1.0362857086614172
11
1.8818855905511811
21
1.0364773228346456
0
LINE
8
BLACK
6
CONTINUOUS
10
1.8818855905511811
20
1.0364773228346456
11
1.8817546456692913
21
1.0366263779527558
0
LINE
8
BLACK
6
CONTINUOUS
10
1.8817546456692913
20
1.0366263779527558
11
1.8814866929133858
21
1.0379661023622047
0
LINE
8
BLACK
6
CONTINUOUS
10
1.8814866929133858
20
1.0379661023622047
11
1.8811331102362205
21
1.0392857086614173
0
LINE
8
BLACK
6
CONTINUOUS
10
1.8811331102362205
20
1.0392857086614173
11
1.8811844488188976
21
1.0394773228346457
0
LINE
8
BLACK
6
CONTINUOUS
10
1.8811844488188976
20
1.0394773228346457
11
1.8811455511811024
21
1.0396718503937008
0
LINE
8
BLACK
6
CONTINUOUS
10
1.8811455511811024
20
1.0396718503937008
11
1.8815833070866141
21
1.040965905511811
0
LINE
8
BLACK
6
CONTINUOUS
10
1.8815833070866141
20
1.040965905511811
11
1.8819369685039369
21
1.0422857086614172
0
LINE
8
BLACK
6
CONTINUOUS
10
1.8819369685039369
20
1.0422857086614172
11
1.8820772440944882
21
1.0424259842519685
0
LINE
8
BLACK
6
CONTINUOUS
10
1.8820772440944882
20
1.0424259842519685
11
1.8821408267716535
21
1.0426138976377952
0
LINE
8
BLACK
6
CONTINUOUS
10
1.8821408267716535
20
1.0426138976377952
11
1.8831669291338582
21
1.0435156692913385
0
LINE
8
BLACK
6
CONTINUOUS
10
1.8831669291338582
20
1.0435156692913385
11
1.8841331102362204
21
1.0444818503937008
0
LINE
8
BLACK
6
CONTINUOUS
10
1.8841331102362204
20
1.0444818503937008
11
1.8843247244094488
21
1.044533188976378
0
LINE
8
BLACK
6
CONTINUOUS
10
1.8843247244094488
20
1.044533188976378
11
1.884473779527559
21
1.0446641732283464
0
LINE
8
BLACK
6
CONTINUOUS
10
1.884473779527559
20
1.0446641732283464
11
1.8858135039370079
21
1.0449320866141731
0
LINE
8
BLACK
6
CONTINUOUS
10
1.8858135039370079
20
1.0449320866141731
11
1.8871331102362203
21
1.0452857086614173
0
LINE
8
BLACK
6
CONTINUOUS
10
1.8871331102362203
20
1.0452857086614173
11
1.9411331102362204
21
1.0452857086614173
0
LINE
8
BLACK
6
CONTINUOUS
10
1.9411331102362204
20
1.0452857086614173
11
1.9411331102362204
21
1.0564285433070866
0
LINE
8
BLACK
6
CONTINUOUS
10
1.9411331102362204
20
1.0564285433070866
11
1.9419369685039369
21
1.0594285433070867
0
LINE
8
BLACK
6
CONTINUOUS
10
1.9419369685039369
20
1.0594285433070867
11
1.9441331102362205
21
1.06162468503937
0
LINE
8
BLACK
6
CONTINUOUS
10
1.9441331102362205
20
1.06162468503937
11
1.9471331102362204
21
1.0624285433070866
0
LINE
8
BLACK
6
CONTINUOUS
10
1.9471331102362204
20
1.0624285433070866
11
1.9501331102362205
21
1.06162468503937
0
LINE
8
BLACK
6
CONTINUOUS
10
1.6293700787401575
20
1.1463779527559055
11
1.9837007874015748
21
1.1463779527559055
0
LINE
8
BLACK
6
CONTINUOUS
10
1.9837007874015748
20
1.1463779527559055
11
1.9840731496062991
21
1.1463122834645669
0
LINE
8
BLACK
6
CONTINUOUS
10
1.9840731496062991
20
1.1463122834645669
11
1.9842135433070867
21
1.1463370472440944
0
LINE
8
BLACK
6
CONTINUOUS
10
1.9842135433070867
20
1.1463370472440944
11
1.9843369685039369
21
1.1462657480314959
0
LINE
8
BLACK
6
CONTINUOUS
10
1.9843369685039369
20
1.1462657480314959
11
1.9847107086614173
21
1.1461998818897638
0
LINE
8
BLACK
6
CONTINUOUS
10
1.9847107086614173
20
1.1461998818897638
11
1.9852833464566928
21
1.14571937007874
0
LINE
8
BLACK
6
CONTINUOUS
10
1.9852833464566928
20
1.14571937007874
11
1.985962716535433
21
1.1453271259842519
0
LINE
8
BLACK
6
CONTINUOUS
10
1.985962716535433
20
1.1453271259842519
11
1.9860558661417322
21
1.1450711023622047
0
LINE
8
BLACK
6
CONTINUOUS
10
1.9860558661417322
20
1.1450711023622047
11
1.9862579527559054
21
1.1449015748031497
0
LINE
8
BLACK
6
CONTINUOUS
10
1.9862579527559054
20
1.1449015748031497
11
1.9863898031496063
21
1.1441536220472441
0
LINE
8
BLACK
6
CONTINUOUS
10
1.9863898031496063
20
1.1441536220472441
11
1.9866535433070867
21
1.1434291338582676
0
LINE
8
BLACK
6
CONTINUOUS
10
1.9866535433070867
20
1.1434291338582676
11
1.9866535433070867
21
0.9484291338582677
0
LINE
8
BLACK
6
CONTINUOUS
10
1.9866535433070867
20
0.9484291338582677
11
1.9866535433070867
21
0.7515708661417323
0
LINE
8
BLACK
6
CONTINUOUS
10
1.9866535433070867
20
0.7515708661417323
11
1.9865862598425197
21
0.7511892913385827
0
LINE
8
BLACK
6
CONTINUOUS
10
1.9865862598425197
20
0.7511892913385827
11
1.9866087007874016
21
0.7510620472440944
0
LINE
8
BLACK
6
CONTINUOUS
10
1.9866087007874016
20
0.7510620472440944
11
1.9865440944881889
21
0.7509501574803149
0
LINE
8
BLACK
6
CONTINUOUS
10
1.9865440944881889
20
0.7509501574803149
11
1.9864754724409448
21
0.7505609448818897
0
LINE
8
BLACK
6
CONTINUOUS
10
1.9864754724409448
20
0.7505609448818897
11
1.9859750393700788
21
0.7499645669291338
0
LINE
8
BLACK
6
CONTINUOUS
10
1.9859750393700788
20
0.7499645669291338
11
1.9855987795275589
21
0.749312874015748
0
LINE
8
BLACK
6
CONTINUOUS
10
1.9855987795275589
20
0.749312874015748
11
1.9853531889763778
21
0.7492234645669291
0
LINE
8
BLACK
6
CONTINUOUS
10
1.9853531889763778
20
0.7492234645669291
11
1.9851771653543306
21
0.7490137007874016
0
LINE
8
BLACK
6
CONTINUOUS
10
1.9851771653543306
20
0.7490137007874016
11
1.984400590551181
21
0.7488767322834645
0
LINE
8
BLACK
6
CONTINUOUS
10
1.984400590551181
20
0.7488767322834645
11
1.9837007874015748
21
0.7486220472440944
0
LINE
8
BLACK
6
CONTINUOUS
10
1.9837007874015748
20
0.7486220472440944
11
1.6293700787401575
21
0.7486220472440944
0
LINE
8
BLACK
6
CONTINUOUS
10
1.6293700787401575
20
0.7486220472440944
11
1.3931496062992126
21
0.7486220472440944
0
LINE
8
BLACK
6
CONTINUOUS
10
1.3931496062992126
20
0.7486220472440944
11
1.3927660629921259
21
0.7486896456692913
0
LINE
8
BLACK
6
CONTINUOUS
10
1.3927660629921259
20
0.7486896456692913
11
1.3926368503937008
21
0.7486668897637795
0
LINE
8
BLACK
6
CONTINUOUS
10
1.3926368503937008
20
0.7486668897637795
11
1.3925232283464566
21
0.7487324803149606
0
LINE
8
BLACK
6
CONTINUOUS
10
1.3925232283464566
20
0.7487324803149606
11
1.3921396850393701
21
0.7488001181102362
0
LINE
8
BLACK
6
CONTINUOUS
10
1.3921396850393701
20
0.7488001181102362
11
1.391551968503937
21
0.7492932283464567
0
LINE
8
BLACK
6
CONTINUOUS
10
1.391551968503937
20
0.7492932283464567
11
1.3908876771653542
21
0.749676811023622
0
LINE
8
BLACK
6
CONTINUOUS
10
1.3908876771653542
20
0.749676811023622
11
1.3907965354330709
21
0.7499271259842519
0
LINE
8
BLACK
6
CONTINUOUS
10
1.3907965354330709
20
0.7499271259842519
11
1.3905924409448818
21
0.7500984251968503
0
LINE
8
BLACK
6
CONTINUOUS
10
1.3905924409448818
20
0.7500984251968503
11
1.3904591732283464
21
0.7508539763779527
0
LINE
8
BLACK
6
CONTINUOUS
10
1.3904591732283464
20
0.7508539763779527
11
1.3901968503937008
21
0.7515748031496062
0
LINE
8
BLACK
6
CONTINUOUS
10
1.3901968503937008
20
0.7515748031496062
11
1.3901968503937008
21
0.771259842519685
0
LINE
8
BLACK
6
CONTINUOUS
10
1.3901968503937008
20
0.771259842519685
11
1.3902644488188975
21
0.7716433464566929
0
LINE
8
BLACK
6
CONTINUOUS
10
1.3902644488188975
20
0.7716433464566929
11
1.3902416929133858
21
0.7717725984251969
0
LINE
8
BLACK
6
CONTINUOUS
10
1.3902416929133858
20
0.7717725984251969
11
1.3903072834645669
21
0.7718861811023622
0
LINE
8
BLACK
6
CONTINUOUS
10
1.3903072834645669
20
0.7718861811023622
11
1.3903749212598424
21
0.7722697637795275
0
LINE
8
BLACK
6
CONTINUOUS
10
1.3903749212598424
20
0.7722697637795275
11
1.3908680314960629
21
0.7728574409448818
0
LINE
8
BLACK
6
CONTINUOUS
10
1.3908680314960629
20
0.7728574409448818
11
1.3912516141732283
21
0.7735217716535433
0
LINE
8
BLACK
6
CONTINUOUS
10
1.3912516141732283
20
0.7735217716535433
11
1.3915019291338582
21
0.773612874015748
0
LINE
8
BLACK
6
CONTINUOUS
10
1.3915019291338582
20
0.773612874015748
11
1.3916732283464566
21
0.7738170078740157
0
LINE
8
BLACK
6
CONTINUOUS
10
1.3916732283464566
20
0.7738170078740157
11
1.3924287795275589
21
0.7739502362204724
0
LINE
8
BLACK
6
CONTINUOUS
10
1.3924287795275589
20
0.7739502362204724
11
1.3931496062992126
21
0.7742125984251969
0
LINE
8
BLACK
6
CONTINUOUS
10
1.3931496062992126
20
0.7742125984251969
11
1.4295669291338582
21
0.7742125984251969
0
LINE
8
BLACK
6
CONTINUOUS
10
1.4295669291338582
20
0.7742125984251969
11
1.4295669291338582
21
0.9257874015748031
0
LINE
8
BLACK
6
CONTINUOUS
10
1.4295669291338582
20
0.9257874015748031
11
1.3931496062992126
21
0.9257874015748031
0
LINE
8
BLACK
6
CONTINUOUS
10
1.3931496062992126
20
0.9257874015748031
11
1.3927660629921259
21
0.925855
0
LINE
8
BLACK
6
CONTINUOUS
10
1.3927660629921259
20
0.925855
11
1.3926368503937008
21
0.9258322440944882
0
LINE
8
BLACK
6
CONTINUOUS
10
1.3926368503937008
20
0.9258322440944882
11
1.3925232283464566
21
0.9258978346456692
0
LINE
8
BLACK
6
CONTINUOUS
10
1.3925232283464566
20
0.9258978346456692
11
1.3921396850393701
21
0.9259654724409448
0
LINE
8
BLACK
6
CONTINUOUS
10
1.3921396850393701
20
0.9259654724409448
11
1.391551968503937
21
0.9264585826771653
0
LINE
8
BLACK
6
CONTINUOUS
10
1.391551968503937
20
0.9264585826771653
11
1.3908876771653542
21
0.9268421653543307
0
LINE
8
BLACK
6
CONTINUOUS
10
1.3908876771653542
20
0.9268421653543307
11
1.3907965354330709
21
0.9270924803149606
0
LINE
8
BLACK
6
CONTINUOUS
10
1.3907965354330709
20
0.9270924803149606
11
1.3905924409448818
21
0.927263779527559
0
LINE
8
BLACK
6
CONTINUOUS
10
1.3905924409448818
20
0.927263779527559
11
1.3904591732283464
21
0.9280193307086614
0
LINE
8
BLACK
6
CONTINUOUS
10
1.3904591732283464
20
0.9280193307086614
11
1.3901968503937008
21
0.9287401574803149
0
LINE
8
BLACK
6
CONTINUOUS
10
1.3901968503937008
20
0.9287401574803149
11
1.3901968503937008
21
0.9484251968503937
0
LINE
8
BLACK
6
CONTINUOUS
10
1.3901968503937008
20
0.9484251968503937
11
1.3901968503937008
21
0.966259842519685
0
LINE
8
BLACK
6
CONTINUOUS
10
1.3901968503937008
20
0.966259842519685
11
1.3902644488188975
21
0.9666433464566929
0
LINE
8
BLACK
6
CONTINUOUS
10
1.3902644488188975
20
0.9666433464566929
11
1.3902416929133858
21
0.9667725984251968
0
LINE
8
BLACK
6
CONTINUOUS
10
1.3902416929133858
20
0.9667725984251968
11
1.3903072834645669
21
0.9668861811023621
0
LINE
8
BLACK
6
CONTINUOUS
10
1.3903072834645669
20
0.9668861811023621
11
1.3903749212598424
21
0.9672697637795276
0
LINE
8
BLACK
6
CONTINUOUS
10
1.3903749212598424
20
0.9672697637795276
11
1.3908680314960629
21
0.9678574409448819
0
LINE
8
BLACK
6
CONTINUOUS
10
1.3908680314960629
20
0.9678574409448819
11
1.3912516141732283
21
0.9685217716535433
0
LINE
8
BLACK
6
CONTINUOUS
10
1.3912516141732283
20
0.9685217716535433
11
1.3915019291338582
21
0.968612874015748
0
LINE
8
BLACK
6
CONTINUOUS
10
1.3915019291338582
20
0.968612874015748
11
1.3916732283464566
21
0.9688170078740157
0
LINE
8
BLACK
6
CONTINUOUS
10
1.3916732283464566
20
0.9688170078740157
11
1.3924287795275589
21
0.9689502362204724
0
LINE
8
BLACK
6
CONTINUOUS
10
1.3924287795275589
20
0.9689502362204724
11
1.3931496062992126
21
0.9692125984251968
0
LINE
8
BLACK
6
CONTINUOUS
10
1.3931496062992126
20
0.9692125984251968
11
1.4295669291338582
21
0.9692125984251968
0
LINE
8
BLACK
6
CONTINUOUS
10
1.4295669291338582
20
0.9692125984251968
11
1.4295669291338582
21
1.1207874015748032
0
LINE
8
BLACK
6
CONTINUOUS
10
1.4295669291338582
20
1.1207874015748032
11
1.3931496062992126
21
1.1207874015748032
0
LINE
8
BLACK
6
CONTINUOUS
10
1.3931496062992126
20
1.1207874015748032
11
1.3927660629921259
21
1.1208549999999999
0
LINE
8
BLACK
6
CONTINUOUS
10
1.3927660629921259
20
1.1208549999999999
11
1.3926368503937008
21
1.1208322440944882
0
LINE
8
BLACK
6
CONTINUOUS
10
1.3926368503937008
20
1.1208322440944882
11
1.3925232283464566
21
1.1208978346456693
0
LINE
8
BLACK
6
CONTINUOUS
10
1.3925232283464566
20
1.1208978346456693
11
1.3921396850393701
21
1.1209654724409448
0
LINE
8
BLACK
6
CONTINUOUS
10
1.3921396850393701
20
1.1209654724409448
11
1.391551968503937
21
1.1214585826771652
0
LINE
8
BLACK
6
CONTINUOUS
10
1.391551968503937
20
1.1214585826771652
11
1.3908876771653542
21
1.1218421653543307
0
LINE
8
BLACK
6
CONTINUOUS
10
1.3908876771653542
20
1.1218421653543307
11
1.3907965354330709
21
1.1220924803149606
0
LINE
8
BLACK
6
CONTINUOUS
10
1.3907965354330709
20
1.1220924803149606
11
1.3905924409448818
21
1.122263779527559
0
LINE
8
BLACK
6
CONTINUOUS
10
1.3905924409448818
20
1.122263779527559
11
1.3904591732283464
21
1.1230193307086613
0
LINE
8
BLACK
6
CONTINUOUS
10
1.3904591732283464
20
1.1230193307086613
11
1.3901968503937008
21
1.123740157480315
0
LINE
8
BLACK
6
CONTINUOUS
10
1.3901968503937008
20
1.123740157480315
11
1.3901968503937008
21
1.1434251968503937
0
LINE
8
BLACK
6
CONTINUOUS
10
1.3901968503937008
20
1.1434251968503937
11
1.3902644488188975
21
1.1438087007874016
0
LINE
8
BLACK
6
CONTINUOUS
10
1.3902644488188975
20
1.1438087007874016
11
1.3902416929133858
21
1.1439379527559055
0
LINE
8
BLACK
6
CONTINUOUS
10
1.3902416929133858
20
1.1439379527559055
11
1.3903072834645669
21
1.1440515354330709
0
LINE
8
BLACK
6
CONTINUOUS
10
1.3903072834645669
20
1.1440515354330709
11
1.3903749212598424
21
1.1444351181102361
0
LINE
8
BLACK
6
CONTINUOUS
10
1.3903749212598424
20
1.1444351181102361
11
1.3908680314960629
21
1.1450227952755905
0
LINE
8
BLACK
6
CONTINUOUS
10
1.3908680314960629
20
1.1450227952755905
11
1.3912516141732283
21
1.145687125984252
0
LINE
8
BLACK
6
CONTINUOUS
10
1.3912516141732283
20
1.145687125984252
11
1.3915019291338582
21
1.1457782283464566
0
LINE
8
BLACK
6
CONTINUOUS
10
1.3915019291338582
20
1.1457782283464566
11
1.3916732283464566
21
1.1459823622047245
0
LINE
8
BLACK
6
CONTINUOUS
10
1.3916732283464566
20
1.1459823622047245
11
1.3924287795275589
21
1.1461155905511811
0
LINE
8
BLACK
6
CONTINUOUS
10
1.3924287795275589
20
1.1461155905511811
11
1.3931496062992126
21
1.1463779527559055
0
LINE
8
BLACK
6
CONTINUOUS
10
1.3931496062992126
20
1.1463779527559055
11
1.6293700787401575
21
1.1463779527559055
0
LINE
8
BLACK
6
CONTINUOUS
10
1.6323228346456693
20
0.9436220472440945
11
1.6323228346456693
21
0.9249999999999999
0
LINE
8
BLACK
6
CONTINUOUS
10
1.6323228346456693
20
0.9249999999999999
11
1.6461062992125983
21
0.9249999999999999
0
LINE
8
BLACK
6
CONTINUOUS
10
1.6461062992125983
20
0.9249999999999999
11
1.6461062992125983
21
0.9287401574803149
0
LINE
8
BLACK
6
CONTINUOUS
10
1.6461062992125983
20
0.9287401574803149
11
1.6461738976377953
21
0.9291236614173228
0
LINE
8
BLACK
6
CONTINUOUS
10
1.6461738976377953
20
0.9291236614173228
11
1.6461511417322834
21
0.9292529133858267
0
LINE
8
BLACK
6
CONTINUOUS
10
1.6461511417322834
20
0.9292529133858267
11
1.6462167322834644
21
0.9293664960629922
0
LINE
8
BLACK
6
CONTINUOUS
10
1.6462167322834644
20
0.9293664960629922
11
1.6462843700787402
21
0.9297500787401575
0
LINE
8
BLACK
6
CONTINUOUS
10
1.6462843700787402
20
0.9297500787401575
11
1.6467774803149606
21
0.9303377559055118
0
LINE
8
BLACK
6
CONTINUOUS
10
1.6467774803149606
20
0.9303377559055118
11
1.6471610629921261
21
0.9310020866141732
0
LINE
8
BLACK
6
CONTINUOUS
10
1.6471610629921261
20
0.9310020866141732
11
1.6474113779527559
21
0.9310931889763779
0
LINE
8
BLACK
6
CONTINUOUS
10
1.6474113779527559
20
0.9310931889763779
11
1.6475826771653543
21
0.9312973228346456
0
LINE
8
BLACK
6
CONTINUOUS
10
1.6475826771653543
20
0.9312973228346456
11
1.6483382283464567
21
0.9314305511811023
0
LINE
8
BLACK
6
CONTINUOUS
10
1.6483382283464567
20
0.9314305511811023
11
1.6490590551181101
21
0.9316929133858267
0
LINE
8
BLACK
6
CONTINUOUS
10
1.6490590551181101
20
0.9316929133858267
11
1.9640196850393701
21
0.9316929133858267
0
LINE
8
BLACK
6
CONTINUOUS
10
1.9640196850393701
20
0.9316929133858267
11
1.964403188976378
21
0.9316252755905512
0
LINE
8
BLACK
6
CONTINUOUS
10
1.964403188976378
20
0.9316252755905512
11
1.9645324409448819
21
0.9316480708661418
0
LINE
8
BLACK
6
CONTINUOUS
10
1.9645324409448819
20
0.9316480708661418
11
1.9646460236220471
21
0.9315824409448819
0
LINE
8
BLACK
6
CONTINUOUS
10
1.9646460236220471
20
0.9315824409448819
11
1.9650296062992125
21
0.931514842519685
0
LINE
8
BLACK
6
CONTINUOUS
10
1.9650296062992125
20
0.931514842519685
11
1.9656172834645669
21
0.9310216929133858
0
LINE
8
BLACK
6
CONTINUOUS
10
1.9656172834645669
20
0.9310216929133858
11
1.9662816141732282
21
0.9306381496062992
0
LINE
8
BLACK
6
CONTINUOUS
10
1.9662816141732282
20
0.9306381496062992
11
1.966372716535433
21
0.9303877952755906
0
LINE
8
BLACK
6
CONTINUOUS
10
1.966372716535433
20
0.9303877952755906
11
1.9665768503937007
21
0.9302165354330708
0
LINE
8
BLACK
6
CONTINUOUS
10
1.9665768503937007
20
0.9302165354330708
11
1.9667100787401575
21
0.9294609448818898
0
LINE
8
BLACK
6
CONTINUOUS
10
1.9667100787401575
20
0.9294609448818898
11
1.9669724409448819
21
0.9287401574803149
0
LINE
8
BLACK
6
CONTINUOUS
10
1.9669724409448819
20
0.9287401574803149
11
1.9669724409448819
21
0.771259842519685
0
LINE
8
BLACK
6
CONTINUOUS
10
1.9669724409448819
20
0.771259842519685
11
1.9669048031496064
21
0.7708762992125984
0
LINE
8
BLACK
6
CONTINUOUS
10
1.9669048031496064
20
0.7708762992125984
11
1.9669275984251968
21
0.7707470866141732
0
LINE
8
BLACK
6
CONTINUOUS
10
1.9669275984251968
20
0.7707470866141732
11
1.966861968503937
21
0.7706334645669292
0
LINE
8
BLACK
6
CONTINUOUS
10
1.966861968503937
20
0.7706334645669292
11
1.96679437007874
21
0.7702499212598425
0
LINE
8
BLACK
6
CONTINUOUS
10
1.96679437007874
20
0.7702499212598425
11
1.9663012204724408
21
0.7696622047244094
0
LINE
8
BLACK
6
CONTINUOUS
10
1.9663012204724408
20
0.7696622047244094
11
1.9659176771653544
21
0.7689979133858268
0
LINE
8
BLACK
6
CONTINUOUS
10
1.9659176771653544
20
0.7689979133858268
11
1.9656673228346455
21
0.7689067716535433
0
LINE
8
BLACK
6
CONTINUOUS
10
1.9656673228346455
20
0.7689067716535433
11
1.9654960629921259
21
0.7687026771653543
0
LINE
8
BLACK
6
CONTINUOUS
10
1.9654960629921259
20
0.7687026771653543
11
1.9647404724409447
21
0.7685694094488189
0
LINE
8
BLACK
6
CONTINUOUS
10
1.9647404724409447
20
0.7685694094488189
11
1.9640196850393701
21
0.7683070866141732
0
LINE
8
BLACK
6
CONTINUOUS
10
1.9640196850393701
20
0.7683070866141732
11
1.6490590551181101
21
0.7683070866141732
0
LINE
8
BLACK
6
CONTINUOUS
10
1.6490590551181101
20
0.7683070866141732
11
1.6486755118110237
21
0.76837468503937
0
LINE
8
BLACK
6
CONTINUOUS
10
1.6486755118110237
20
0.76837468503937
11
1.6485462992125983
21
0.7683519291338583
0
LINE
8
BLACK
6
CONTINUOUS
10
1.6485462992125983
20
0.7683519291338583
11
1.6484326771653544
21
0.7684175196850394
0
LINE
8
BLACK
6
CONTINUOUS
10
1.6484326771653544
20
0.7684175196850394
11
1.6480491338582677
21
0.768485157480315
0
LINE
8
BLACK
6
CONTINUOUS
10
1.6480491338582677
20
0.768485157480315
11
1.6474614173228346
21
0.7689782677165354
0
LINE
8
BLACK
6
CONTINUOUS
10
1.6474614173228346
20
0.7689782677165354
11
1.646797125984252
21
0.7693618503937008
0
LINE
8
BLACK
6
CONTINUOUS
10
1.646797125984252
20
0.7693618503937008
11
1.6467059842519685
21
0.7696121653543307
0
LINE
8
BLACK
6
CONTINUOUS
10
1.6467059842519685
20
0.7696121653543307
11
1.6465018897637795
21
0.7697834645669291
0
LINE
8
BLACK
6
CONTINUOUS
10
1.6465018897637795
20
0.7697834645669291
11
1.646368622047244
21
0.7705390157480315
0
LINE
8
BLACK
6
CONTINUOUS
10
1.646368622047244
20
0.7705390157480315
11
1.6461062992125983
21
0.771259842519685
0
LINE
8
BLACK
6
CONTINUOUS
10
1.6461062992125983
20
0.771259842519685
11
1.6461062992125983
21
0.775
0
LINE
8
BLACK
6
CONTINUOUS
10
1.6461062992125983
20
0.775
11
1.6323228346456693
21
0.775
0
LINE
8
BLACK
6
CONTINUOUS
10
1.6323228346456693
20
0.775
11
1.6323228346456693
21
0.7545275590551181
0
LINE
8
BLACK
6
CONTINUOUS
10
1.6323228346456693
20
0.7545275590551181
11
1.980748031496063
21
0.7545275590551181
0
LINE
8
BLACK
6
CONTINUOUS
10
1.980748031496063
20
0.7545275590551181
11
1.980748031496063
21
0.9436220472440945
0
LINE
8
BLACK
6
CONTINUOUS
10
1.980748031496063
20
0.9436220472440945
11
1.6323228346456693
21
0.9436220472440945
0
LINE
8
BLACK
6
CONTINUOUS
10
1.4354724409448818
20
0.7879921259842519
11
1.4354724409448818
21
0.771259842519685
0
LINE
8
BLACK
6
CONTINUOUS
10
1.4354724409448818
20
0.771259842519685
11
1.4354048031496063
21
0.7708762992125984
0
LINE
8
BLACK
6
CONTINUOUS
10
1.4354048031496063
20
0.7708762992125984
11
1.4354275984251967
21
0.7707470866141732
0
LINE
8
BLACK
6
CONTINUOUS
10
1.4354275984251967
20
0.7707470866141732
11
1.4353619685039369
21
0.7706334645669292
0
LINE
8
BLACK
6
CONTINUOUS
10
1.4353619685039369
20
0.7706334645669292
11
1.4352943700787402
21
0.7702499212598425
0
LINE
8
BLACK
6
CONTINUOUS
10
1.4352943700787402
20
0.7702499212598425
11
1.434801220472441
21
0.7696622047244094
0
LINE
8
BLACK
6
CONTINUOUS
10
1.434801220472441
20
0.7696622047244094
11
1.4344176771653543
21
0.7689979133858268
0
LINE
8
BLACK
6
CONTINUOUS
10
1.4344176771653543
20
0.7689979133858268
11
1.4341673228346457
21
0.7689067716535433
0
LINE
8
BLACK
6
CONTINUOUS
10
1.4341673228346457
20
0.7689067716535433
11
1.433996062992126
21
0.7687026771653543
0
LINE
8
BLACK
6
CONTINUOUS
10
1.433996062992126
20
0.7687026771653543
11
1.4332404724409449
21
0.7685694094488189
0
LINE
8
BLACK
6
CONTINUOUS
10
1.4332404724409449
20
0.7685694094488189
11
1.43251968503937
21
0.7683070866141732
0
LINE
8
BLACK
6
CONTINUOUS
10
1.43251968503937
20
0.7683070866141732
11
1.3961023622047244
21
0.7683070866141732
0
LINE
8
BLACK
6
CONTINUOUS
10
1.3961023622047244
20
0.7683070866141732
11
1.3961023622047244
21
0.7545275590551181
0
LINE
8
BLACK
6
CONTINUOUS
10
1.3961023622047244
20
0.7545275590551181
11
1.6264173228346457
21
0.7545275590551181
0
LINE
8
BLACK
6
CONTINUOUS
10
1.6264173228346457
20
0.7545275590551181
11
1.6264173228346457
21
0.775
0
LINE
8
BLACK
6
CONTINUOUS
10
1.6264173228346457
20
0.775
11
1.5149999999999999
21
0.775
0
LINE
8
BLACK
6
CONTINUOUS
10
1.5149999999999999
20
0.775
11
1.5149999999999999
21
0.7879921259842519
0
LINE
8
BLACK
6
CONTINUOUS
10
1.5149999999999999
20
0.7879921259842519
11
1.4354724409448818
21
0.7879921259842519
0
LINE
8
BLACK
6
CONTINUOUS
10
1.6520118110236219
20
0.9257874015748031
11
1.6520118110236219
21
0.9249999999999999
0
LINE
8
BLACK
6
CONTINUOUS
10
1.6520118110236219
20
0.9249999999999999
11
1.665
21
0.9249999999999999
0
LINE
8
BLACK
6
CONTINUOUS
10
1.665
20
0.9249999999999999
11
1.665
21
0.775
0
LINE
8
BLACK
6
CONTINUOUS
10
1.665
20
0.775
11
1.6520118110236219
21
0.775
0
LINE
8
BLACK
6
CONTINUOUS
10
1.6520118110236219
20
0.775
11
1.6520118110236219
21
0.7742125984251969
0
LINE
8
BLACK
6
CONTINUOUS
10
1.6520118110236219
20
0.7742125984251969
11
1.9432957874015748
21
0.7742125984251969
0
LINE
8
BLACK
6
CONTINUOUS
10
1.9432957874015748
20
0.7742125984251969
11
1.9419369685039369
21
0.7755714173228346
0
LINE
8
BLACK
6
CONTINUOUS
10
1.9419369685039369
20
0.7755714173228346
11
1.9411331102362204
21
0.7785714173228346
0
LINE
8
BLACK
6
CONTINUOUS
10
1.9411331102362204
20
0.7785714173228346
11
1.9411331102362204
21
0.7833120866141732
0
LINE
8
BLACK
6
CONTINUOUS
10
1.9411331102362204
20
0.7833120866141732
11
1.9390317716535432
21
0.7896160236220472
0
LINE
8
BLACK
6
CONTINUOUS
10
1.9390317716535432
20
0.7896160236220472
11
1.9353206299212597
21
0.7933272047244094
0
LINE
8
BLACK
6
CONTINUOUS
10
1.9353206299212597
20
0.7933272047244094
11
1.9290166141732283
21
0.7954285433070866
0
LINE
8
BLACK
6
CONTINUOUS
10
1.9290166141732283
20
0.7954285433070866
11
1.8871331102362203
21
0.7954285433070866
0
LINE
8
BLACK
6
CONTINUOUS
10
1.8871331102362203
20
0.7954285433070866
11
1.8841331102362204
21
0.7962324015748031
0
LINE
8
BLACK
6
CONTINUOUS
10
1.8841331102362204
20
0.7962324015748031
11
1.8819369685039369
21
0.7984285433070866
0
LINE
8
BLACK
6
CONTINUOUS
10
1.8819369685039369
20
0.7984285433070866
11
1.8811331102362205
21
0.8014285433070866
0
LINE
8
BLACK
6
CONTINUOUS
10
1.8811331102362205
20
0.8014285433070866
11
1.8819369685039369
21
0.8044285433070866
0
LINE
8
BLACK
6
CONTINUOUS
10
1.8819369685039369
20
0.8044285433070866
11
1.8841331102362204
21
0.80662468503937
0
LINE
8
BLACK
6
CONTINUOUS
10
1.8841331102362204
20
0.80662468503937
11
1.8871331102362203
21
0.8074285433070866
0
LINE
8
BLACK
6
CONTINUOUS
10
1.8871331102362203
20
0.8074285433070866
11
1.9299902362204724
21
0.8074285433070866
0
LINE
8
BLACK
6
CONTINUOUS
10
1.9299902362204724
20
0.8074285433070866
11
1.9309233464566928
21
0.8071785039370079
0
LINE
8
BLACK
6
CONTINUOUS
10
1.9309233464566928
20
0.8071785039370079
11
1.9318875984251969
21
0.8071206299212598
0
LINE
8
BLACK
6
CONTINUOUS
10
1.9318875984251969
20
0.8071206299212598
11
1.9404590551181102
21
0.8042635039370079
0
LINE
8
BLACK
6
CONTINUOUS
10
1.9404590551181102
20
0.8042635039370079
11
1.9416099212598426
21
0.8035036220472441
0
LINE
8
BLACK
6
CONTINUOUS
10
1.9416099212598426
20
0.8035036220472441
11
1.9428043307086613
21
0.8028140551181102
0
LINE
8
BLACK
6
CONTINUOUS
10
1.9428043307086613
20
0.8028140551181102
11
1.9485186220472441
21
0.7970997637795275
0
LINE
8
BLACK
6
CONTINUOUS
10
1.9485186220472441
20
0.7970997637795275
11
1.9492081889763779
21
0.7959053543307086
0
LINE
8
BLACK
6
CONTINUOUS
10
1.9492081889763779
20
0.7959053543307086
11
1.9499680708661418
21
0.7947544881889763
0
LINE
8
BLACK
6
CONTINUOUS
10
1.9499680708661418
20
0.7947544881889763
11
1.9528252362204723
21
0.7861830708661417
0
LINE
8
BLACK
6
CONTINUOUS
10
1.9528252362204723
20
0.7861830708661417
11
1.9528831102362205
21
0.7852186614173228
0
LINE
8
BLACK
6
CONTINUOUS
10
1.9528831102362205
20
0.7852186614173228
11
1.9531331102362204
21
0.7842857086614173
0
LINE
8
BLACK
6
CONTINUOUS
10
1.9531331102362204
20
0.7842857086614173
11
1.9531331102362204
21
0.7785714173228346
0
LINE
8
BLACK
6
CONTINUOUS
10
1.9531331102362204
20
0.7785714173228346
11
1.9523292519685038
21
0.7755714173228346
0
LINE
8
BLACK
6
CONTINUOUS
10
1.9523292519685038
20
0.7755714173228346
11
1.9509704330708662
21
0.7742125984251969
0
LINE
8
BLACK
6
CONTINUOUS
10
1.9509704330708662
20
0.7742125984251969
11
1.9610669291338583
21
0.7742125984251969
0
LINE
8
BLACK
6
CONTINUOUS
10
1.9610669291338583
20
0.7742125984251969
11
1.9610669291338583
21
0.9257874015748031
0
LINE
8
BLACK
6
CONTINUOUS
10
1.9610669291338583
20
0.9257874015748031
11
1.6520118110236219
21
0.9257874015748031
0
LINE
8
BLACK
6
CONTINUOUS
10
1.4354724409448818
20
0.9061023622047244
11
1.4354724409448818
21
0.7938976377952756
0
LINE
8
BLACK
6
CONTINUOUS
10
1.4354724409448818
20
0.7938976377952756
11
1.5149999999999999
21
0.7938976377952756
0
LINE
8
BLACK
6
CONTINUOUS
10
1.5149999999999999
20
0.7938976377952756
11
1.5149999999999999
21
0.9061023622047244
0
LINE
8
BLACK
6
CONTINUOUS
10
1.5149999999999999
20
0.9061023622047244
11
1.4354724409448818
21
0.9061023622047244
0
LINE
8
BLACK
6
CONTINUOUS
10
1.3961023622047244
20
0.9436220472440945
11
1.3961023622047244
21
0.9316929133858267
0
LINE
8
BLACK
6
CONTINUOUS
10
1.3961023622047244
20
0.9316929133858267
11
1.43251968503937
21
0.9316929133858267
0
LINE
8
BLACK
6
CONTINUOUS
10
1.43251968503937
20
0.9316929133858267
11
1.4329031889763779
21
0.9316252755905512
0
LINE
8
BLACK
6
CONTINUOUS
10
1.4329031889763779
20
0.9316252755905512
11
1.4330324409448818
21
0.9316480708661418
0
LINE
8
BLACK
6
CONTINUOUS
10
1.4330324409448818
20
0.9316480708661418
11
1.4331460236220472
21
0.9315824409448819
0
LINE
8
BLACK
6
CONTINUOUS
10
1.4331460236220472
20
0.9315824409448819
11
1.4335296062992127
21
0.931514842519685
0
LINE
8
BLACK
6
CONTINUOUS
10
1.4335296062992127
20
0.931514842519685
11
1.4341172834645668
21
0.9310216929133858
0
LINE
8
BLACK
6
CONTINUOUS
10
1.4341172834645668
20
0.9310216929133858
11
1.4347816141732284
21
0.9306381496062992
0
LINE
8
BLACK
6
CONTINUOUS
10
1.4347816141732284
20
0.9306381496062992
11
1.4348727165354331
21
0.9303877952755906
0
LINE
8
BLACK
6
CONTINUOUS
10
1.4348727165354331
20
0.9303877952755906
11
1.4350768503937008
21
0.9302165354330708
0
LINE
8
BLACK
6
CONTINUOUS
10
1.4350768503937008
20
0.9302165354330708
11
1.4352100787401574
21
0.9294609448818898
0
LINE
8
BLACK
6
CONTINUOUS
10
1.4352100787401574
20
0.9294609448818898
11
1.4354724409448818
21
0.9287401574803149
0
LINE
8
BLACK
6
CONTINUOUS
10
1.4354724409448818
20
0.9287401574803149
11
1.4354724409448818
21
0.912007874015748
0
LINE
8
BLACK
6
CONTINUOUS
10
1.4354724409448818
20
0.912007874015748
11
1.5149999999999999
21
0.912007874015748
0
LINE
8
BLACK
6
CONTINUOUS
10
1.5149999999999999
20
0.912007874015748
11
1.5149999999999999
21
0.9249999999999999
0
LINE
8
BLACK
6
CONTINUOUS
10
1.5149999999999999
20
0.9249999999999999
11
1.6264173228346457
21
0.9249999999999999
0
LINE
8
BLACK
6
CONTINUOUS
10
1.6264173228346457
20
0.9249999999999999
11
1.6264173228346457
21
0.9436220472440945
0
LINE
8
BLACK
6
CONTINUOUS
10
1.6264173228346457
20
0.9436220472440945
11
1.3961023622047244
21
0.9436220472440945
0
LINE
8
BLACK
6
CONTINUOUS
10
1.6323228346456693
20
1.1404724409448819
11
1.6323228346456693
21
1.1199999999999999
0
LINE
8
BLACK
6
CONTINUOUS
10
1.6323228346456693
20
1.1199999999999999
11
1.6461062992125983
21
1.1199999999999999
0
LINE
8
BLACK
6
CONTINUOUS
10
1.6461062992125983
20
1.1199999999999999
11
1.6461062992125983
21
1.123740157480315
0
LINE
8
BLACK
6
CONTINUOUS
10
1.6461062992125983
20
1.123740157480315
11
1.6461738976377953
21
1.1241236614173229
0
LINE
8
BLACK
6
CONTINUOUS
10
1.6461738976377953
20
1.1241236614173229
11
1.6461511417322834
21
1.1242529133858268
0
LINE
8
BLACK
6
CONTINUOUS
10
1.6461511417322834
20
1.1242529133858268
11
1.6462167322834644
21
1.124366496062992
0
LINE
8
BLACK
6
CONTINUOUS
10
1.6462167322834644
20
1.124366496062992
11
1.6462843700787402
21
1.1247500787401574
0
LINE
8
BLACK
6
CONTINUOUS
10
1.6462843700787402
20
1.1247500787401574
11
1.6467774803149606
21
1.1253377559055118
0
LINE
8
BLACK
6
CONTINUOUS
10
1.6467774803149606
20
1.1253377559055118
11
1.6471610629921261
21
1.1260020866141731
0
LINE
8
BLACK
6
CONTINUOUS
10
1.6471610629921261
20
1.1260020866141731
11
1.6474113779527559
21
1.1260931889763779
0
LINE
8
BLACK
6
CONTINUOUS
10
1.6474113779527559
20
1.1260931889763779
11
1.6475826771653543
21
1.1262973228346456
0
LINE
8
BLACK
6
CONTINUOUS
10
1.6475826771653543
20
1.1262973228346456
11
1.6483382283464567
21
1.1264305511811024
0
LINE
8
BLACK
6
CONTINUOUS
10
1.6483382283464567
20
1.1264305511811024
11
1.6490590551181101
21
1.1266929133858268
0
LINE
8
BLACK
6
CONTINUOUS
10
1.6490590551181101
20
1.1266929133858268
11
1.9640196850393701
21
1.1266929133858268
0
LINE
8
BLACK
6
CONTINUOUS
10
1.9640196850393701
20
1.1266929133858268
11
1.964403188976378
21
1.1266252755905513
0
LINE
8
BLACK
6
CONTINUOUS
10
1.964403188976378
20
1.1266252755905513
11
1.9645324409448819
21
1.1266480708661417
0
LINE
8
BLACK
6
CONTINUOUS
10
1.9645324409448819
20
1.1266480708661417
11
1.9646460236220471
21
1.1265824409448819
0
LINE
8
BLACK
6
CONTINUOUS
10
1.9646460236220471
20
1.1265824409448819
11
1.9650296062992125
21
1.1265148425196849
0
LINE
8
BLACK
6
CONTINUOUS
10
1.9650296062992125
20
1.1265148425196849
11
1.9656172834645669
21
1.1260216929133857
0
LINE
8
BLACK
6
CONTINUOUS
10
1.9656172834645669
20
1.1260216929133857
11
1.9662816141732282
21
1.1256381496062993
0
LINE
8
BLACK
6
CONTINUOUS
10
1.9662816141732282
20
1.1256381496062993
11
1.966372716535433
21
1.1253877952755906
0
LINE
8
BLACK
6
CONTINUOUS
10
1.966372716535433
20
1.1253877952755906
11
1.9665768503937007
21
1.1252165354330708
0
LINE
8
BLACK
6
CONTINUOUS
10
1.9665768503937007
20
1.1252165354330708
11
1.9667100787401575
21
1.1244609448818896
0
LINE
8
BLACK
6
CONTINUOUS
10
1.9667100787401575
20
1.1244609448818896
11
1.9669724409448819
21
1.123740157480315
0
LINE
8
BLACK
6
CONTINUOUS
10
1.9669724409448819
20
1.123740157480315
11
1.9669724409448819
21
0.966259842519685
0
LINE
8
BLACK
6
CONTINUOUS
10
1.9669724409448819
20
0.966259842519685
11
1.9669048031496064
21
0.9658762992125984
0
LINE
8
BLACK
6
CONTINUOUS
10
1.9669048031496064
20
0.9658762992125984
11
1.9669275984251968
21
0.9657470866141732
0
LINE
8
BLACK
6
CONTINUOUS
10
1.9669275984251968
20
0.9657470866141732
11
1.966861968503937
21
0.9656334645669291
0
LINE
8
BLACK
6
CONTINUOUS
10
1.966861968503937
20
0.9656334645669291
11
1.96679437007874
21
0.9652499212598425
0
LINE
8
BLACK
6
CONTINUOUS
10
1.96679437007874
20
0.9652499212598425
11
1.9663012204724408
21
0.9646622047244094
0
LINE
8
BLACK
6
CONTINUOUS
10
1.9663012204724408
20
0.9646622047244094
11
1.9659176771653544
21
0.9639979133858267
0
LINE
8
BLACK
6
CONTINUOUS
10
1.9659176771653544
20
0.9639979133858267
11
1.9656673228346455
21
0.9639067716535433
0
LINE
8
BLACK
6
CONTINUOUS
10
1.9656673228346455
20
0.9639067716535433
11
1.9654960629921259
21
0.9637026771653543
0
LINE
8
BLACK
6
CONTINUOUS
10
1.9654960629921259
20
0.9637026771653543
11
1.9647404724409447
21
0.9635694094488189
0
LINE
8
BLACK
6
CONTINUOUS
10
1.9647404724409447
20
0.9635694094488189
11
1.9640196850393701
21
0.9633070866141732
0
LINE
8
BLACK
6
CONTINUOUS
10
1.9640196850393701
20
0.9633070866141732
11
1.6490590551181101
21
0.9633070866141732
0
LINE
8
BLACK
6
CONTINUOUS
10
1.6490590551181101
20
0.9633070866141732
11
1.6486755118110237
21
0.9633746850393701
0
LINE
8
BLACK
6
CONTINUOUS
10
1.6486755118110237
20
0.9633746850393701
11
1.6485462992125983
21
0.9633519291338583
0
LINE
8
BLACK
6
CONTINUOUS
10
1.6485462992125983
20
0.9633519291338583
11
1.6484326771653544
21
0.9634175196850393
0
LINE
8
BLACK
6
CONTINUOUS
10
1.6484326771653544
20
0.9634175196850393
11
1.6480491338582677
21
0.9634851574803149
0
LINE
8
BLACK
6
CONTINUOUS
10
1.6480491338582677
20
0.9634851574803149
11
1.6474614173228346
21
0.9639782677165354
0
LINE
8
BLACK
6
CONTINUOUS
10
1.6474614173228346
20
0.9639782677165354
11
1.646797125984252
21
0.9643618503937008
0
LINE
8
BLACK
6
CONTINUOUS
10
1.646797125984252
20
0.9643618503937008
11
1.6467059842519685
21
0.9646121653543307
0
LINE
8
BLACK
6
CONTINUOUS
10
1.6467059842519685
20
0.9646121653543307
11
1.6465018897637795
21
0.9647834645669291
0
LINE
8
BLACK
6
CONTINUOUS
10
1.6465018897637795
20
0.9647834645669291
11
1.646368622047244
21
0.9655390157480315
0
LINE
8
BLACK
6
CONTINUOUS
10
1.646368622047244
20
0.9655390157480315
11
1.6461062992125983
21
0.966259842519685
0
LINE
8
BLACK
6
CONTINUOUS
10
1.6461062992125983
20
0.966259842519685
11
1.6461062992125983
21
0.97
0
LINE
8
BLACK
6
CONTINUOUS
10
1.6461062992125983
20
0.97
11
1.6323228346456693
21
0.97
0
LINE
8
BLACK
6
CONTINUOUS
10
1.6323228346456693
20
0.97
11
1.6323228346456693
21
0.9513779527559055
0
LINE
8
BLACK
6
CONTINUOUS
10
1.6323228346456693
20
0.9513779527559055
11
1.980748031496063
21
0.9513779527559055
0
LINE
8
BLACK
6
CONTINUOUS
10
1.980748031496063
20
0.9513779527559055
11
1.980748031496063
21
1.1404724409448819
0
LINE
8
BLACK
6
CONTINUOUS
10
1.980748031496063
20
1.1404724409448819
11
1.6323228346456693
21
1.1404724409448819
0
LINE
8
BLACK
6
CONTINUOUS
10
1.4354724409448818
20
0.9829921259842519
11
1.4354724409448818
21
0.966259842519685
0
LINE
8
BLACK
6
CONTINUOUS
10
1.4354724409448818
20
0.966259842519685
11
1.4354048031496063
21
0.9658762992125984
0
LINE
8
BLACK
6
CONTINUOUS
10
1.4354048031496063
20
0.9658762992125984
11
1.4354275984251967
21
0.9657470866141732
0
LINE
8
BLACK
6
CONTINUOUS
10
1.4354275984251967
20
0.9657470866141732
11
1.4353619685039369
21
0.9656334645669291
0
LINE
8
BLACK
6
CONTINUOUS
10
1.4353619685039369
20
0.9656334645669291
11
1.4352943700787402
21
0.9652499212598425
0
LINE
8
BLACK
6
CONTINUOUS
10
1.4352943700787402
20
0.9652499212598425
11
1.434801220472441
21
0.9646622047244094
0
LINE
8
BLACK
6
CONTINUOUS
10
1.434801220472441
20
0.9646622047244094
11
1.4344176771653543
21
0.9639979133858267
0
LINE
8
BLACK
6
CONTINUOUS
10
1.4344176771653543
20
0.9639979133858267
11
1.4341673228346457
21
0.9639067716535433
0
LINE
8
BLACK
6
CONTINUOUS
10
1.4341673228346457
20
0.9639067716535433
11
1.433996062992126
21
0.9637026771653543
0
LINE
8
BLACK
6
CONTINUOUS
10
1.433996062992126
20
0.9637026771653543
11
1.4332404724409449
21
0.9635694094488189
0
LINE
8
BLACK
6
CONTINUOUS
10
1.4332404724409449
20
0.9635694094488189
11
1.43251968503937
21
0.9633070866141732
0
LINE
8
BLACK
6
CONTINUOUS
10
1.43251968503937
20
0.9633070866141732
11
1.3961023622047244
21
0.9633070866141732
0
LINE
8
BLACK
6
CONTINUOUS
10
1.3961023622047244
20
0.9633070866141732
11
1.3961023622047244
21
0.9513779527559055
0
LINE
8
BLACK
6
CONTINUOUS
10
1.3961023622047244
20
0.9513779527559055
11
1.6264173228346457
21
0.9513779527559055
0
LINE
8
BLACK
6
CONTINUOUS
10
1.6264173228346457
20
0.9513779527559055
11
1.6264173228346457
21
0.97
0
LINE
8
BLACK
6
CONTINUOUS
10
1.6264173228346457
20
0.97
11
1.5149999999999999
21
0.97
0
LINE
8
BLACK
6
CONTINUOUS
10
1.5149999999999999
20
0.97
11
1.5149999999999999
21
0.9829921259842519
0
LINE
8
BLACK
6
CONTINUOUS
10
1.5149999999999999
20
0.9829921259842519
11
1.4354724409448818
21
0.9829921259842519
0
LINE
8
BLACK
6
CONTINUOUS
10
1.9309704330708661
20
1.1207874015748032
11
1.9323292519685038
21
1.1194285826771653
0
LINE
8
BLACK
6
CONTINUOUS
10
1.9323292519685038
20
1.1194285826771653
11
1.9331331102362204
21
1.1164285826771654
0
LINE
8
BLACK
6
CONTINUOUS
10
1.9331331102362204
20
1.1164285826771654
11
1.9331331102362204
21
1.1138571653543308
0
LINE
8
BLACK
6
CONTINUOUS
10
1.9331331102362204
20
1.1138571653543308
11
1.9471331102362204
21
1.1138571653543308
0
LINE
8
BLACK
6
CONTINUOUS
10
1.9471331102362204
20
1.1138571653543308
11
1.9501331102362205
21
1.1130533070866142
0
LINE
8
BLACK
6
CONTINUOUS
10
1.9501331102362205
20
1.1130533070866142
11
1.9523292519685038
21
1.1108571653543307
0
LINE
8
BLACK
6
CONTINUOUS
10
1.9523292519685038
20
1.1108571653543307
11
1.9531331102362204
21
1.1078571653543308
0
LINE
8
BLACK
6
CONTINUOUS
10
1.9531331102362204
20
1.1078571653543308
11
1.9523292519685038
21
1.1048571653543307
0
LINE
8
BLACK
6
CONTINUOUS
10
1.9523292519685038
20
1.1048571653543307
11
1.9501331102362205
21
1.1026610236220473
0
LINE
8
BLACK
6
CONTINUOUS
10
1.9501331102362205
20
1.1026610236220473
11
1.9471331102362204
21
1.1018571653543308
0
LINE
8
BLACK
6
CONTINUOUS
10
1.9471331102362204
20
1.1018571653543308
11
1.9331331102362204
21
1.1018571653543308
0
LINE
8
BLACK
6
CONTINUOUS
10
1.9331331102362204
20
1.1018571653543308
11
1.9331331102362204
21
1.0792857086614174
0
LINE
8
BLACK
6
CONTINUOUS
10
1.9331331102362204
20
1.0792857086614174
11
1.9328831102362205
21
1.078352716535433
0
LINE
8
BLACK
6
CONTINUOUS
10
1.9328831102362205
20
1.078352716535433
11
1.9328252362204723
21
1.0773883464566929
0
LINE
8
BLACK
6
CONTINUOUS
10
1.9328252362204723
20
1.0773883464566929
11
1.9324877165354331
21
1.0768771653543308
0
LINE
8
BLACK
6
CONTINUOUS
10
1.9324877165354331
20
1.0768771653543308
11
1.9323292519685038
21
1.0762857086614173
0
LINE
8
BLACK
6
CONTINUOUS
10
1.9323292519685038
20
1.0762857086614173
11
1.9316462204724409
21
1.0756026771653544
0
LINE
8
BLACK
6
CONTINUOUS
10
1.9316462204724409
20
1.0756026771653544
11
1.931113937007874
21
1.0747964960629921
0
LINE
8
BLACK
6
CONTINUOUS
10
1.931113937007874
20
1.0747964960629921
11
1.9305661023622047
21
1.0745225590551182
0
LINE
8
BLACK
6
CONTINUOUS
10
1.9305661023622047
20
1.0745225590551182
11
1.9301331102362205
21
1.0740895669291339
0
LINE
8
BLACK
6
CONTINUOUS
10
1.9301331102362205
20
1.0740895669291339
11
1.9292000787401575
21
1.0738395275590551
0
LINE
8
BLACK
6
CONTINUOUS
10
1.9292000787401575
20
1.0738395275590551
11
1.9283360236220473
21
1.0734075196850394
0
LINE
8
BLACK
6
CONTINUOUS
10
1.9283360236220473
20
1.0734075196850394
11
1.9277246456692914
21
1.0734442125984252
0
LINE
8
BLACK
6
CONTINUOUS
10
1.9277246456692914
20
1.0734442125984252
11
1.9271331102362204
21
1.0732857086614174
0
LINE
8
BLACK
6
CONTINUOUS
10
1.9271331102362204
20
1.0732857086614174
11
1.9261999606299212
21
1.0735357086614172
0
LINE
8
BLACK
6
CONTINUOUS
10
1.9261999606299212
20
1.0735357086614172
11
1.9252357480314961
21
1.0735936220472442
0
LINE
8
BLACK
6
CONTINUOUS
10
1.9252357480314961
20
1.0735936220472442
11
1.882378622047244
21
1.0878793307086614
0
LINE
8
BLACK
6
CONTINUOUS
10
1.882378622047244
20
1.0878793307086614
11
1.8797867716535432
21
1.0895905905511811
0
LINE
8
BLACK
6
CONTINUOUS
10
1.8797867716535432
20
1.0895905905511811
11
1.8783977952755906
21
1.0923685433070867
0
LINE
8
BLACK
6
CONTINUOUS
10
1.8783977952755906
20
1.0923685433070867
11
1.8785838976377953
21
1.0954687795275591
0
LINE
8
BLACK
6
CONTINUOUS
10
1.8785838976377953
20
1.0954687795275591
11
1.8802951574803148
21
1.0980606299212599
0
LINE
8
BLACK
6
CONTINUOUS
10
1.8802951574803148
20
1.0980606299212599
11
1.8830731102362204
21
1.0994496062992125
0
LINE
8
BLACK
6
CONTINUOUS
10
1.8830731102362204
20
1.0994496062992125
11
1.8861733464566928
21
1.0992635039370078
0
LINE
8
BLACK
6
CONTINUOUS
10
1.8861733464566928
20
1.0992635039370078
11
1.9211331102362204
21
1.0876102362204725
0
LINE
8
BLACK
6
CONTINUOUS
10
1.9211331102362204
20
1.0876102362204725
11
1.9211331102362204
21
1.1018571653543308
0
LINE
8
BLACK
6
CONTINUOUS
10
1.9211331102362204
20
1.1018571653543308
11
1.9071331102362203
21
1.1018571653543308
0
LINE
8
BLACK
6
CONTINUOUS
10
1.9071331102362203
20
1.1018571653543308
11
1.9041331102362204
21
1.1026610236220473
0
LINE
8
BLACK
6
CONTINUOUS
10
1.9041331102362204
20
1.1026610236220473
11
1.9019369685039369
21
1.1048571653543307
0
LINE
8
BLACK
6
CONTINUOUS
10
1.9019369685039369
20
1.1048571653543307
11
1.9011331102362203
21
1.1078571653543308
0
LINE
8
BLACK
6
CONTINUOUS
10
1.9011331102362203
20
1.1078571653543308
11
1.9019369685039369
21
1.1108571653543307
0
LINE
8
BLACK
6
CONTINUOUS
10
1.9019369685039369
20
1.1108571653543307
11
1.9041331102362204
21
1.1130533070866142
0
LINE
8
BLACK
6
CONTINUOUS
10
1.9041331102362204
20
1.1130533070866142
11
1.9071331102362203
21
1.1138571653543308
0
LINE
8
BLACK
6
CONTINUOUS
10
1.9071331102362203
20
1.1138571653543308
11
1.9211331102362204
21
1.1138571653543308
0
LINE
8
BLACK
6
CONTINUOUS
10
1.9211331102362204
20
1.1138571653543308
11
1.9211331102362204
21
1.1164285826771654
0
LINE
8
BLACK
6
CONTINUOUS
10
1.9211331102362204
20
1.1164285826771654
11
1.9219369685039369
21
1.1194285826771653
0
LINE
8
BLACK
6
CONTINUOUS
10
1.9219369685039369
20
1.1194285826771653
11
1.9232957874015748
21
1.1207874015748032
0
LINE
8
BLACK
6
CONTINUOUS
10
1.9232957874015748
20
1.1207874015748032
11
1.6520118110236219
21
1.1207874015748032
0
LINE
8
BLACK
6
CONTINUOUS
10
1.6520118110236219
20
1.1207874015748032
11
1.6520118110236219
21
1.1199999999999999
0
LINE
8
BLACK
6
CONTINUOUS
10
1.6520118110236219
20
1.1199999999999999
11
1.665
21
1.1199999999999999
0
LINE
8
BLACK
6
CONTINUOUS
10
1.665
20
1.1199999999999999
11
1.665
21
0.97
0
LINE
8
BLACK
6
CONTINUOUS
10
1.665
20
0.97
11
1.6520118110236219
21
0.97
0
LINE
8
BLACK
6
CONTINUOUS
10
1.6520118110236219
20
0.97
11
1.6520118110236219
21
0.9692125984251968
0
LINE
8
BLACK
6
CONTINUOUS
10
1.6520118110236219
20
0.9692125984251968
11
1.9432957874015748
21
0.9692125984251968
0
LINE
8
BLACK
6
CONTINUOUS
10
1.9432957874015748
20
0.9692125984251968
11
1.9419369685039369
21
0.9705714173228346
0
LINE
8
BLACK
6
CONTINUOUS
10
1.9419369685039369
20
0.9705714173228346
11
1.9411331102362204
21
0.9735714173228346
0
LINE
8
BLACK
6
CONTINUOUS
10
1.9411331102362204
20
0.9735714173228346
11
1.9411331102362204
21
0.9783120866141732
0
LINE
8
BLACK
6
CONTINUOUS
10
1.9411331102362204
20
0.9783120866141732
11
1.9390317716535432
21
0.9846160236220473
0
LINE
8
BLACK
6
CONTINUOUS
10
1.9390317716535432
20
0.9846160236220473
11
1.9353206299212597
21
0.9883272047244094
0
LINE
8
BLACK
6
CONTINUOUS
10
1.9353206299212597
20
0.9883272047244094
11
1.9290166141732283
21
0.9904285433070866
0
LINE
8
BLACK
6
CONTINUOUS
10
1.9290166141732283
20
0.9904285433070866
11
1.8871331102362203
21
0.9904285433070866
0
LINE
8
BLACK
6
CONTINUOUS
10
1.8871331102362203
20
0.9904285433070866
11
1.8841331102362204
21
0.9912324015748031
0
LINE
8
BLACK
6
CONTINUOUS
10
1.8841331102362204
20
0.9912324015748031
11
1.8819369685039369
21
0.9934285433070866
0
LINE
8
BLACK
6
CONTINUOUS
10
1.8819369685039369
20
0.9934285433070866
11
1.8811331102362205
21
0.9964285433070866
0
LINE
8
BLACK
6
CONTINUOUS
10
1.8811331102362205
20
0.9964285433070866
11
1.8819369685039369
21
0.9994285433070866
0
LINE
8
BLACK
6
CONTINUOUS
10
1.8819369685039369
20
0.9994285433070866
11
1.8841331102362204
21
1.00162468503937
0
LINE
8
BLACK
6
CONTINUOUS
10
1.8841331102362204
20
1.00162468503937
11
1.8871331102362203
21
1.0024285433070865
0
LINE
8
BLACK
6
CONTINUOUS
10
1.8871331102362203
20
1.0024285433070865
11
1.9299902362204724
21
1.0024285433070865
0
LINE
8
BLACK
6
CONTINUOUS
10
1.9299902362204724
20
1.0024285433070865
11
1.9309233464566928
21
1.0021785039370079
0
LINE
8
BLACK
6
CONTINUOUS
10
1.9309233464566928
20
1.0021785039370079
11
1.9318875984251969
21
1.0021206299212597
0
LINE
8
BLACK
6
CONTINUOUS
10
1.9318875984251969
20
1.0021206299212597
11
1.9404590551181102
21
0.9992635039370078
0
LINE
8
BLACK
6
CONTINUOUS
10
1.9404590551181102
20
0.9992635039370078
11
1.9416099212598426
21
0.9985036220472441
0
LINE
8
BLACK
6
CONTINUOUS
10
1.9416099212598426
20
0.9985036220472441
11
1.9428043307086613
21
0.9978140551181102
0
LINE
8
BLACK
6
CONTINUOUS
10
1.9428043307086613
20
0.9978140551181102
11
1.9485186220472441
21
0.9920997637795276
0
LINE
8
BLACK
6
CONTINUOUS
10
1.9485186220472441
20
0.9920997637795276
11
1.9492081889763779
21
0.9909053543307086
0
LINE
8
BLACK
6
CONTINUOUS
10
1.9492081889763779
20
0.9909053543307086
11
1.9499680708661418
21
0.9897544881889764
0
LINE
8
BLACK
6
CONTINUOUS
10
1.9499680708661418
20
0.9897544881889764
11
1.9528252362204723
21
0.9811830708661418
0
LINE
8
BLACK
6
CONTINUOUS
10
1.9528252362204723
20
0.9811830708661418
11
1.9528831102362205
21
0.9802186614173228
0
LINE
8
BLACK
6
CONTINUOUS
10
1.9528831102362205
20
0.9802186614173228
11
1.9531331102362204
21
0.9792857086614173
0
LINE
8
BLACK
6
CONTINUOUS
10
1.9531331102362204
20
0.9792857086614173
11
1.9531331102362204
21
0.9735714173228346
0
LINE
8
BLACK
6
CONTINUOUS
10
1.9531331102362204
20
0.9735714173228346
11
1.9523292519685038
21
0.9705714173228346
0
LINE
8
BLACK
6
CONTINUOUS
10
1.9523292519685038
20
0.9705714173228346
11
1.9509704330708662
21
0.9692125984251968
0
LINE
8
BLACK
6
CONTINUOUS
10
1.9509704330708662
20
0.9692125984251968
11
1.9610669291338583
21
0.9692125984251968
0
LINE
8
BLACK
6
CONTINUOUS
10
1.9610669291338583
20
0.9692125984251968
11
1.9610669291338583
21
1.1207874015748032
0
LINE
8
BLACK
6
CONTINUOUS
10
1.9610669291338583
20
1.1207874015748032
11
1.9309704330708661
21
1.1207874015748032
0
LINE
8
BLACK
6
CONTINUOUS
10
1.4354724409448818
20
1.1011023622047245
11
1.4354724409448818
21
0.9888976377952756
0
LINE
8
BLACK
6
CONTINUOUS
10
1.4354724409448818
20
0.9888976377952756
11
1.5149999999999999
21
0.9888976377952756
0
LINE
8
BLACK
6
CONTINUOUS
10
1.5149999999999999
20
0.9888976377952756
11
1.5149999999999999
21
1.1011023622047245
0
LINE
8
BLACK
6
CONTINUOUS
10
1.5149999999999999
20
1.1011023622047245
11
1.4354724409448818
21
1.1011023622047245
0
LINE
8
BLACK
6
CONTINUOUS
10
1.3961023622047244
20
1.1404724409448819
11
1.3961023622047244
21
1.1266929133858268
0
LINE
8
BLACK
6
CONTINUOUS
10
1.3961023622047244
20
1.1266929133858268
11
1.43251968503937
21
1.1266929133858268
0
LINE
8
BLACK
6
CONTINUOUS
10
1.43251968503937
20
1.1266929133858268
11
1.4329031889763779
21
1.1266252755905513
0
LINE
8
BLACK
6
CONTINUOUS
10
1.4329031889763779
20
1.1266252755905513
11
1.4330324409448818
21
1.1266480708661417
0
LINE
8
BLACK
6
CONTINUOUS
10
1.4330324409448818
20
1.1266480708661417
11
1.4331460236220472
21
1.1265824409448819
0
LINE
8
BLACK
6
CONTINUOUS
10
1.4331460236220472
20
1.1265824409448819
11
1.4335296062992127
21
1.1265148425196849
0
LINE
8
BLACK
6
CONTINUOUS
10
1.4335296062992127
20
1.1265148425196849
11
1.4341172834645668
21
1.1260216929133857
0
LINE
8
BLACK
6
CONTINUOUS
10
1.4341172834645668
20
1.1260216929133857
11
1.4347816141732284
21
1.1256381496062993
0
LINE
8
BLACK
6
CONTINUOUS
10
1.4347816141732284
20
1.1256381496062993
11
1.4348727165354331
21
1.1253877952755906
0
LINE
8
BLACK
6
CONTINUOUS
10
1.4348727165354331
20
1.1253877952755906
11
1.4350768503937008
21
1.1252165354330708
0
LINE
8
BLACK
6
CONTINUOUS
10
1.4350768503937008
20
1.1252165354330708
11
1.4352100787401574
21
1.1244609448818896
0
LINE
8
BLACK
6
CONTINUOUS
10
1.4352100787401574
20
1.1244609448818896
11
1.4354724409448818
21
1.123740157480315
0
LINE
8
BLACK
6
CONTINUOUS
10
1.4354724409448818
20
1.123740157480315
11
1.4354724409448818
21
1.1070078740157481
0
LINE
8
BLACK
6
CONTINUOUS
10
1.4354724409448818
20
1.1070078740157481
11
1.5149999999999999
21
1.1070078740157481
0
LINE
8
BLACK
6
CONTINUOUS
10
1.5149999999999999
20
1.1070078740157481
11
1.5149999999999999
21
1.1199999999999999
0
LINE
8
BLACK
6
CONTINUOUS
10
1.5149999999999999
20
1.1199999999999999
11
1.6264173228346457
21
1.1199999999999999
0
LINE
8
BLACK
6
CONTINUOUS
10
1.6264173228346457
20
1.1199999999999999
11
1.6264173228346457
21
1.1404724409448819
0
LINE
8
BLACK
6
CONTINUOUS
10
1.6264173228346457
20
1.1404724409448819
11
1.3961023622047244
21
1.1404724409448819
0
LINE
8
BLACK
6
CONTINUOUS
10
0.6870824803149607
20
0.8743557086614173
11
0.6880316535433071
21
0.8742987401574803
0
LINE
8
BLACK
6
CONTINUOUS
10
0.6880316535433071
20
0.8742987401574803
11
0.6981553937007874
21
0.8709241732283465
0
LINE
8
BLACK
6
CONTINUOUS
10
0.6981553937007874
20
0.8709241732283465
11
0.6992882677165354
21
0.8701761417322834
0
LINE
8
BLACK
6
CONTINUOUS
10
0.6992882677165354
20
0.8701761417322834
11
0.7004637401574803
21
0.8694975196850393
0
LINE
8
BLACK
6
CONTINUOUS
10
0.7004637401574803
20
0.8694975196850393
11
0.7072129133858267
21
0.8627483464566928
0
LINE
8
BLACK
6
CONTINUOUS
10
0.7072129133858267
20
0.8627483464566928
11
0.7076882677165354
21
0.8619249212598425
0
LINE
8
BLACK
6
CONTINUOUS
10
0.7076882677165354
20
0.8619249212598425
11
0.7083191338582677
21
0.8612135433070865
0
LINE
8
BLACK
6
CONTINUOUS
10
0.7083191338582677
20
0.8612135433070865
11
0.7116937007874016
21
0.8544644094488189
0
LINE
8
BLACK
6
CONTINUOUS
10
0.7116937007874016
20
0.8544644094488189
11
0.7118244094488189
21
0.8538256299212599
0
LINE
8
BLACK
6
CONTINUOUS
10
0.7118244094488189
20
0.8538256299212599
11
0.7121408267716536
21
0.8532556692913386
0
LINE
8
BLACK
6
CONTINUOUS
10
0.7121408267716536
20
0.8532556692913386
11
0.7155153937007874
21
0.8397573622047244
0
LINE
8
BLACK
6
CONTINUOUS
10
0.7155153937007874
20
0.8397573622047244
11
0.7155031102362205
21
0.8390288582677166
0
LINE
8
BLACK
6
CONTINUOUS
10
0.7155031102362205
20
0.8390288582677166
11
0.7156917322834645
21
0.8383250787401575
0
LINE
8
BLACK
6
CONTINUOUS
10
0.7156917322834645
20
0.8383250787401575
11
0.7156917322834645
21
0.8282013385826772
0
LINE
8
BLACK
6
CONTINUOUS
10
0.7156917322834645
20
0.8282013385826772
11
0.7155031102362205
21
0.8274975196850394
0
LINE
8
BLACK
6
CONTINUOUS
10
0.7155031102362205
20
0.8274975196850394
11
0.7155153937007874
21
0.8267690551181102
0
LINE
8
BLACK
6
CONTINUOUS
10
0.7155153937007874
20
0.8267690551181102
11
0.7121408267716536
21
0.813270748031496
0
LINE
8
BLACK
6
CONTINUOUS
10
0.7121408267716536
20
0.813270748031496
11
0.7118244094488189
21
0.8127007480314961
0
LINE
8
BLACK
6
CONTINUOUS
10
0.7118244094488189
20
0.8127007480314961
11
0.7116937007874016
21
0.8120620078740157
0
LINE
8
BLACK
6
CONTINUOUS
10
0.7116937007874016
20
0.8120620078740157
11
0.7083191338582677
21
0.8053128346456693
0
LINE
8
BLACK
6
CONTINUOUS
10
0.7083191338582677
20
0.8053128346456693
11
0.7076882677165354
21
0.8046014173228346
0
LINE
8
BLACK
6
CONTINUOUS
10
0.7076882677165354
20
0.8046014173228346
11
0.7072129133858267
21
0.803778031496063
0
LINE
8
BLACK
6
CONTINUOUS
10
0.7072129133858267
20
0.803778031496063
11
0.7004637401574803
21
0.7970288976377953
0
LINE
8
BLACK
6
CONTINUOUS
10
0.7004637401574803
20
0.7970288976377953
11
0.6992881102362205
21
0.7963501181102361
0
LINE
8
BLACK
6
CONTINUOUS
10
0.6992881102362205
20
0.7963501181102361
11
0.6981554330708661
21
0.795602283464567
0
LINE
8
BLACK
6
CONTINUOUS
10
0.6981554330708661
20
0.795602283464567
11
0.6880316535433071
21
0.7922276771653544
0
LINE
8
BLACK
6
CONTINUOUS
10
0.6880316535433071
20
0.7922276771653544
11
0.6870825984251968
21
0.7921706692913386
0
LINE
8
BLACK
6
CONTINUOUS
10
0.6870825984251968
20
0.7921706692913386
11
0.6861641732283464
21
0.7919246062992126
0
LINE
8
BLACK
6
CONTINUOUS
10
0.6861641732283464
20
0.7919246062992126
11
0.6692912992125984
21
0.7919246062992126
0
LINE
8
BLACK
6
CONTINUOUS
10
0.6692912992125984
20
0.7919246062992126
11
0.6663385433070866
21
0.7927157874015748
0
LINE
8
BLACK
6
CONTINUOUS
10
0.6663385433070866
20
0.7927157874015748
11
0.664176968503937
21
0.7948773622047244
0
LINE
8
BLACK
6
CONTINUOUS
10
0.664176968503937
20
0.7948773622047244
11
0.6633857874015748
21
0.7978301181102362
0
LINE
8
BLACK
6
CONTINUOUS
10
0.6633857874015748
20
0.7978301181102362
11
0.6633857874015748
21
0.8686962598425196
0
LINE
8
BLACK
6
CONTINUOUS
10
0.6633857874015748
20
0.8686962598425196
11
0.664176968503937
21
0.8716490157480314
0
LINE
8
BLACK
6
CONTINUOUS
10
0.664176968503937
20
0.8716490157480314
11
0.6663385433070866
21
0.873810590551181
0
LINE
8
BLACK
6
CONTINUOUS
10
0.6663385433070866
20
0.873810590551181
11
0.6692912992125984
21
0.8746017716535432
0
LINE
8
BLACK
6
CONTINUOUS
10
0.6692912992125984
20
0.8746017716535432
11
0.6861641732283464
21
0.8746017716535432
0
LINE
8
BLACK
6
CONTINUOUS
10
0.6861641732283464
20
0.8746017716535432
11
0.6870824803149607
21
0.8743557086614173
0
LINE
8
BLACK
6
CONTINUOUS
10
0.6751968110236221
20
0.8037356299212598
11
0.685205905511811
21
0.8037356299212598
0
LINE
8
BLACK
6
CONTINUOUS
10
0.685205905511811
20
0.8037356299212598
11
0.6930978346456693
21
0.8063662598425196
0
LINE
8
BLACK
6
CONTINUOUS
10
0.6930978346456693
20
0.8063662598425196
11
0.6981835826771653
21
0.8114520472440945
0
LINE
8
BLACK
6
CONTINUOUS
10
0.6981835826771653
20
0.8114520472440945
11
0.7008396850393701
21
0.8167642519685039
0
LINE
8
BLACK
6
CONTINUOUS
10
0.7008396850393701
20
0.8167642519685039
11
0.7038807086614173
21
0.8289282283464566
0
LINE
8
BLACK
6
CONTINUOUS
10
0.7038807086614173
20
0.8289282283464566
11
0.7038807086614173
21
0.8375981496062992
0
LINE
8
BLACK
6
CONTINUOUS
10
0.7038807086614173
20
0.8375981496062992
11
0.7008396850393701
21
0.8497621259842519
0
LINE
8
BLACK
6
CONTINUOUS
10
0.7008396850393701
20
0.8497621259842519
11
0.698183622047244
21
0.8550743307086613
0
LINE
8
BLACK
6
CONTINUOUS
10
0.698183622047244
20
0.8550743307086613
11
0.6930978346456693
21
0.8601600787401574
0
LINE
8
BLACK
6
CONTINUOUS
10
0.6930978346456693
20
0.8601600787401574
11
0.6852057874015748
21
0.862790748031496
0
LINE
8
BLACK
6
CONTINUOUS
10
0.6852057874015748
20
0.862790748031496
11
0.6751968110236221
21
0.862790748031496
0
LINE
8
BLACK
6
CONTINUOUS
10
0.6751968110236221
20
0.862790748031496
11
0.6751968110236221
21
0.8037356299212598
0
LINE
8
BLACK
6
CONTINUOUS
10
0.7431101968503937
20
0.873810590551181
11
0.7452717716535433
21
0.8716490157480314
0
LINE
8
BLACK
6
CONTINUOUS
10
0.7452717716535433
20
0.8716490157480314
11
0.7460629527559055
21
0.8686962598425196
0
LINE
8
BLACK
6
CONTINUOUS
10
0.7460629527559055
20
0.8686962598425196
11
0.7460629527559055
21
0.7978301181102362
0
LINE
8
BLACK
6
CONTINUOUS
10
0.7460629527559055
20
0.7978301181102362
11
0.7452717716535433
21
0.7948773622047244
0
LINE
8
BLACK
6
CONTINUOUS
10
0.7452717716535433
20
0.7948773622047244
11
0.7431101968503937
21
0.7927157874015748
0
LINE
8
BLACK
6
CONTINUOUS
10
0.7431101968503937
20
0.7927157874015748
11
0.7401574409448819
21
0.7919246062992126
0
LINE
8
BLACK
6
CONTINUOUS
10
0.7401574409448819
20
0.7919246062992126
11
0.7372046850393701
21
0.7927157874015748
0
LINE
8
BLACK
6
CONTINUOUS
10
0.7372046850393701
20
0.7927157874015748
11
0.7350431102362205
21
0.7948773622047244
0
LINE
8
BLACK
6
CONTINUOUS
10
0.7350431102362205
20
0.7948773622047244
11
0.7342519291338583
21
0.7978301181102362
0
LINE
8
BLACK
6
CONTINUOUS
10
0.7342519291338583
20
0.7978301181102362
11
0.7342519291338583
21
0.8686962598425196
0
LINE
8
BLACK
6
CONTINUOUS
10
0.7342519291338583
20
0.8686962598425196
11
0.7350431102362205
21
0.8716490157480314
0
LINE
8
BLACK
6
CONTINUOUS
10
0.7350431102362205
20
0.8716490157480314
11
0.7372046850393701
21
0.873810590551181
0
LINE
8
BLACK
6
CONTINUOUS
10
0.7372046850393701
20
0.873810590551181
11
0.7401574409448819
21
0.8746017716535432
0
LINE
8
BLACK
6
CONTINUOUS
10
0.7401574409448819
20
0.8746017716535432
11
0.7431101968503937
21
0.873810590551181
0
LINE
8
BLACK
6
CONTINUOUS
10
0.8055855118110236
20
0.8742504330708661
11
0.8069154724409449
21
0.8739783070866142
0
LINE
8
BLACK
6
CONTINUOUS
10
0.8069154724409449
20
0.8739783070866142
11
0.8136646062992126
21
0.8706037401574803
0
LINE
8
BLACK
6
CONTINUOUS
10
0.8136646062992126
20
0.8706037401574803
11
0.815951811023622
21
0.8685755905511811
0
LINE
8
BLACK
6
CONTINUOUS
10
0.815951811023622
20
0.8685755905511811
11
0.8169184645669291
21
0.8656755118110236
0
LINE
8
BLACK
6
CONTINUOUS
10
0.8169184645669291
20
0.8656755118110236
11
0.8163056299212599
21
0.8626806692913386
0
LINE
8
BLACK
6
CONTINUOUS
10
0.8163056299212599
20
0.8626806692913386
11
0.8142774409448819
21
0.8603934645669291
0
LINE
8
BLACK
6
CONTINUOUS
10
0.8142774409448819
20
0.8603934645669291
11
0.8113774015748031
21
0.8594267716535433
0
LINE
8
BLACK
6
CONTINUOUS
10
0.8113774015748031
20
0.8594267716535433
11
0.8083825590551181
21
0.8600396456692914
0
LINE
8
BLACK
6
CONTINUOUS
10
0.8083825590551181
20
0.8600396456692914
11
0.8028803543307086
21
0.862790748031496
0
LINE
8
BLACK
6
CONTINUOUS
10
0.8028803543307086
20
0.862790748031496
11
0.795109094488189
21
0.862790748031496
0
LINE
8
BLACK
6
CONTINUOUS
10
0.795109094488189
20
0.862790748031496
11
0.787216968503937
21
0.8601600393700787
0
LINE
8
BLACK
6
CONTINUOUS
10
0.787216968503937
20
0.8601600393700787
11
0.7821312598425196
21
0.8550743307086613
0
LINE
8
BLACK
6
CONTINUOUS
10
0.7821312598425196
20
0.8550743307086613
11
0.7794751574803149
21
0.8497621259842519
0
LINE
8
BLACK
6
CONTINUOUS
10
0.7794751574803149
20
0.8497621259842519
11
0.7764341732283464
21
0.8375981496062992
0
LINE
8
BLACK
6
CONTINUOUS
10
0.7764341732283464
20
0.8375981496062992
11
0.7764341732283464
21
0.8289282283464566
0
LINE
8
BLACK
6
CONTINUOUS
10
0.7764341732283464
20
0.8289282283464566
11
0.7794751574803149
21
0.8167642519685039
0
LINE
8
BLACK
6
CONTINUOUS
10
0.7794751574803149
20
0.8167642519685039
11
0.7821312598425196
21
0.8114520472440945
0
LINE
8
BLACK
6
CONTINUOUS
10
0.7821312598425196
20
0.8114520472440945
11
0.7872170078740157
21
0.8063662992125984
0
LINE
8
BLACK
6
CONTINUOUS
10
0.7872170078740157
20
0.8063662992125984
11
0.7951090157480315
21
0.8037356299212598
0
LINE
8
BLACK
6
CONTINUOUS
10
0.7951090157480315
20
0.8037356299212598
11
0.7999415748031495
21
0.8037356299212598
0
LINE
8
BLACK
6
CONTINUOUS
10
0.7999415748031495
20
0.8037356299212598
11
0.8078334645669291
21
0.8063662598425196
0
LINE
8
BLACK
6
CONTINUOUS
10
0.8078334645669291
20
0.8063662598425196
11
0.8084926377952756
21
0.8070254330708662
0
LINE
8
BLACK
6
CONTINUOUS
10
0.8084926377952756
20
0.8070254330708662
11
0.8084926377952756
21
0.8222958267716535
0
LINE
8
BLACK
6
CONTINUOUS
10
0.8084926377952756
20
0.8222958267716535
11
0.800899842519685
21
0.8222958267716535
0
LINE
8
BLACK
6
CONTINUOUS
10
0.800899842519685
20
0.8222958267716535
11
0.7979470866141732
21
0.8230870078740157
0
LINE
8
BLACK
6
CONTINUOUS
10
0.7979470866141732
20
0.8230870078740157
11
0.7957855118110236
21
0.8252485826771654
0
LINE
8
BLACK
6
CONTINUOUS
10
0.7957855118110236
20
0.8252485826771654
11
0.7949943307086614
21
0.8282013385826772
0
LINE
8
BLACK
6
CONTINUOUS
10
0.7949943307086614
20
0.8282013385826772
11
0.7957855118110236
21
0.831154094488189
0
LINE
8
BLACK
6
CONTINUOUS
10
0.7957855118110236
20
0.831154094488189
11
0.7979470866141732
21
0.8333156692913386
0
LINE
8
BLACK
6
CONTINUOUS
10
0.7979470866141732
20
0.8333156692913386
11
0.800899842519685
21
0.8341068503937008
0
LINE
8
BLACK
6
CONTINUOUS
10
0.800899842519685
20
0.8341068503937008
11
0.8143981496062992
21
0.8341068503937008
0
LINE
8
BLACK
6
CONTINUOUS
10
0.8143981496062992
20
0.8341068503937008
11
0.817350905511811
21
0.8333156692913386
0
LINE
8
BLACK
6
CONTINUOUS
10
0.817350905511811
20
0.8333156692913386
11
0.8195124803149606
21
0.831154094488189
0
LINE
8
BLACK
6
CONTINUOUS
10
0.8195124803149606
20
0.831154094488189
11
0.8203036614173228
21
0.8282013385826772
0
LINE
8
BLACK
6
CONTINUOUS
10
0.8203036614173228
20
0.8282013385826772
11
0.8203036614173228
21
0.8045792913385826
0
LINE
8
BLACK
6
CONTINUOUS
10
0.8203036614173228
20
0.8045792913385826
11
0.8201024409448818
21
0.8038283070866141
0
LINE
8
BLACK
6
CONTINUOUS
10
0.8201024409448818
20
0.8038283070866141
11
0.8201024409448818
21
0.8030508267716535
0
LINE
8
BLACK
6
CONTINUOUS
10
0.8201024409448818
20
0.8030508267716535
11
0.8197137007874016
21
0.8023774803149606
0
LINE
8
BLACK
6
CONTINUOUS
10
0.8197137007874016
20
0.8023774803149606
11
0.8195124803149606
21
0.8016265354330708
0
LINE
8
BLACK
6
CONTINUOUS
10
0.8195124803149606
20
0.8016265354330708
11
0.8189626771653543
21
0.8010767322834645
0
LINE
8
BLACK
6
CONTINUOUS
10
0.8189626771653543
20
0.8010767322834645
11
0.8185739763779527
21
0.8004034645669291
0
LINE
8
BLACK
6
CONTINUOUS
10
0.8185739763779527
20
0.8004034645669291
11
0.8151994094488189
21
0.7970288976377953
0
LINE
8
BLACK
6
CONTINUOUS
10
0.8151994094488189
20
0.7970288976377953
11
0.814023779527559
21
0.7963501181102361
0
LINE
8
BLACK
6
CONTINUOUS
10
0.814023779527559
20
0.7963501181102361
11
0.8128911023622047
21
0.795602283464567
0
LINE
8
BLACK
6
CONTINUOUS
10
0.8128911023622047
20
0.795602283464567
11
0.8027673228346457
21
0.7922276771653544
0
LINE
8
BLACK
6
CONTINUOUS
10
0.8027673228346457
20
0.7922276771653544
11
0.8018182677165354
21
0.7921706692913386
0
LINE
8
BLACK
6
CONTINUOUS
10
0.8018182677165354
20
0.7921706692913386
11
0.800899842519685
21
0.7919246062992126
0
LINE
8
BLACK
6
CONTINUOUS
10
0.800899842519685
20
0.7919246062992126
11
0.7941507086614173
21
0.7919246062992126
0
LINE
8
BLACK
6
CONTINUOUS
10
0.7941507086614173
20
0.7919246062992126
11
0.7932322440944882
21
0.7921706692913386
0
LINE
8
BLACK
6
CONTINUOUS
10
0.7932322440944882
20
0.7921706692913386
11
0.7922832283464567
21
0.7922276771653544
0
LINE
8
BLACK
6
CONTINUOUS
10
0.7922832283464567
20
0.7922276771653544
11
0.7821594881889764
21
0.795602283464567
0
LINE
8
BLACK
6
CONTINUOUS
10
0.7821594881889764
20
0.795602283464567
11
0.7810268897637795
21
0.7963500393700788
0
LINE
8
BLACK
6
CONTINUOUS
10
0.7810268897637795
20
0.7963500393700788
11
0.7798511811023622
21
0.7970288582677165
0
LINE
8
BLACK
6
CONTINUOUS
10
0.7798511811023622
20
0.7970288582677165
11
0.773101968503937
21
0.803778031496063
0
LINE
8
BLACK
6
CONTINUOUS
10
0.773101968503937
20
0.803778031496063
11
0.7726265354330708
21
0.8046014566929134
0
LINE
8
BLACK
6
CONTINUOUS
10
0.7726265354330708
20
0.8046014566929134
11
0.7719957480314961
21
0.8053128346456693
0
LINE
8
BLACK
6
CONTINUOUS
10
0.7719957480314961
20
0.8053128346456693
11
0.7686211811023622
21
0.8120620078740157
0
LINE
8
BLACK
6
CONTINUOUS
10
0.7686211811023622
20
0.8120620078740157
11
0.7684904330708662
21
0.8127007480314961
0
LINE
8
BLACK
6
CONTINUOUS
10
0.7684904330708662
20
0.8127007480314961
11
0.7681740551181102
21
0.813270748031496
0
LINE
8
BLACK
6
CONTINUOUS
10
0.7681740551181102
20
0.813270748031496
11
0.7647994881889764
21
0.8267690551181102
0
LINE
8
BLACK
6
CONTINUOUS
10
0.7647994881889764
20
0.8267690551181102
11
0.7648117322834646
21
0.8274975196850394
0
LINE
8
BLACK
6
CONTINUOUS
10
0.7648117322834646
20
0.8274975196850394
11
0.7646231496062992
21
0.8282013385826772
0
LINE
8
BLACK
6
CONTINUOUS
10
0.7646231496062992
20
0.8282013385826772
11
0.7646231496062992
21
0.8383250787401575
0
LINE
8
BLACK
6
CONTINUOUS
10
0.7646231496062992
20
0.8383250787401575
11
0.7648117322834646
21
0.8390288582677166
0
LINE
8
BLACK
6
CONTINUOUS
10
0.7648117322834646
20
0.8390288582677166
11
0.7647994881889764
21
0.8397573622047244
0
LINE
8
BLACK
6
CONTINUOUS
10
0.7647994881889764
20
0.8397573622047244
11
0.7681740551181102
21
0.8532556692913386
0
LINE
8
BLACK
6
CONTINUOUS
10
0.7681740551181102
20
0.8532556692913386
11
0.7684904330708662
21
0.8538256299212599
0
LINE
8
BLACK
6
CONTINUOUS
10
0.7684904330708662
20
0.8538256299212599
11
0.7686211811023622
21
0.8544644094488189
0
LINE
8
BLACK
6
CONTINUOUS
10
0.7686211811023622
20
0.8544644094488189
11
0.7719957480314961
21
0.8612135433070865
0
LINE
8
BLACK
6
CONTINUOUS
10
0.7719957480314961
20
0.8612135433070865
11
0.7726265748031496
21
0.8619249212598425
0
LINE
8
BLACK
6
CONTINUOUS
10
0.7726265748031496
20
0.8619249212598425
11
0.773101968503937
21
0.8627483464566928
0
LINE
8
BLACK
6
CONTINUOUS
10
0.773101968503937
20
0.8627483464566928
11
0.7798511417322834
21
0.8694975196850393
0
LINE
8
BLACK
6
CONTINUOUS
10
0.7798511417322834
20
0.8694975196850393
11
0.7810265748031496
21
0.8701761417322834
0
LINE
8
BLACK
6
CONTINUOUS
10
0.7810265748031496
20
0.8701761417322834
11
0.7821594881889764
21
0.8709241732283465
0
LINE
8
BLACK
6
CONTINUOUS
10
0.7821594881889764
20
0.8709241732283465
11
0.7922832283464567
21
0.8742987007874016
0
LINE
8
BLACK
6
CONTINUOUS
10
0.7922832283464567
20
0.8742987007874016
11
0.7932322440944882
21
0.8743556692913386
0
LINE
8
BLACK
6
CONTINUOUS
10
0.7932322440944882
20
0.8743556692913386
11
0.7941507086614173
21
0.8746017716535432
0
LINE
8
BLACK
6
CONTINUOUS
10
0.7941507086614173
20
0.8746017716535432
11
0.8042744488188976
21
0.8746017716535432
0
LINE
8
BLACK
6
CONTINUOUS
10
0.8042744488188976
20
0.8746017716535432
11
0.8055855118110236
21
0.8742504330708661
0
LINE
8
BLACK
6
CONTINUOUS
10
0.860135157480315
20
0.8776733070866142
11
0.8626861811023622
21
0.8759889763779527
0
LINE
8
BLACK
6
CONTINUOUS
10
0.8626861811023622
20
0.8759889763779527
11
0.8640533070866142
21
0.8732548031496062
0
LINE
8
BLACK
6
CONTINUOUS
10
0.8640533070866142
20
0.8732548031496062
11
0.8638701181102362
21
0.8702033858267716
0
LINE
8
BLACK
6
CONTINUOUS
10
0.8638701181102362
20
0.8702033858267716
11
0.8495882677165354
21
0.8273576771653544
0
LINE
8
BLACK
6
CONTINUOUS
10
0.8495882677165354
20
0.8273576771653544
11
0.8692350787401575
21
0.8273576771653544
0
LINE
8
BLACK
6
CONTINUOUS
10
0.8692350787401575
20
0.8273576771653544
11
0.8692350787401575
21
0.8450742125984252
0
LINE
8
BLACK
6
CONTINUOUS
10
0.8692350787401575
20
0.8450742125984252
11
0.8700262598425197
21
0.848026968503937
0
LINE
8
BLACK
6
CONTINUOUS
10
0.8700262598425197
20
0.848026968503937
11
0.8721878346456693
21
0.8501885433070866
0
LINE
8
BLACK
6
CONTINUOUS
10
0.8721878346456693
20
0.8501885433070866
11
0.8751405905511811
21
0.8509797244094488
0
LINE
8
BLACK
6
CONTINUOUS
10
0.8751405905511811
20
0.8509797244094488
11
0.8780933464566929
21
0.8501885433070866
0
LINE
8
BLACK
6
CONTINUOUS
10
0.8780933464566929
20
0.8501885433070866
11
0.8802549212598425
21
0.848026968503937
0
LINE
8
BLACK
6
CONTINUOUS
10
0.8802549212598425
20
0.848026968503937
11
0.8810461023622047
21
0.8450742125984252
0
LINE
8
BLACK
6
CONTINUOUS
10
0.8810461023622047
20
0.8450742125984252
11
0.8810461023622047
21
0.8273576771653544
0
LINE
8
BLACK
6
CONTINUOUS
10
0.8810461023622047
20
0.8273576771653544
11
0.8852642913385826
21
0.8273576771653544
0
LINE
8
BLACK
6
CONTINUOUS
10
0.8852642913385826
20
0.8273576771653544
11
0.8882170472440944
21
0.8265664960629922
0
LINE
8
BLACK
6
CONTINUOUS
10
0.8882170472440944
20
0.8265664960629922
11
0.8903786220472441
21
0.8244049212598425
0
LINE
8
BLACK
6
CONTINUOUS
10
0.8903786220472441
20
0.8244049212598425
11
0.8911698031496063
21
0.8214521653543307
0
LINE
8
BLACK
6
CONTINUOUS
10
0.8911698031496063
20
0.8214521653543307
11
0.8903786220472441
21
0.8184994094488188
0
LINE
8
BLACK
6
CONTINUOUS
10
0.8903786220472441
20
0.8184994094488188
11
0.8882170472440944
21
0.8163378346456692
0
LINE
8
BLACK
6
CONTINUOUS
10
0.8882170472440944
20
0.8163378346456692
11
0.8852642913385826
21
0.815546653543307
0
LINE
8
BLACK
6
CONTINUOUS
10
0.8852642913385826
20
0.815546653543307
11
0.8810461023622047
21
0.815546653543307
0
LINE
8
BLACK
6
CONTINUOUS
10
0.8810461023622047
20
0.815546653543307
11
0.8810461023622047
21
0.7978301181102362
0
LINE
8
BLACK
6
CONTINUOUS
10
0.8810461023622047
20
0.7978301181102362
11
0.8802549212598425
21
0.7948773622047244
0
LINE
8
BLACK
6
CONTINUOUS
10
0.8802549212598425
20
0.7948773622047244
11
0.8780933464566929
21
0.7927157874015748
0
LINE
8
BLACK
6
CONTINUOUS
10
0.8780933464566929
20
0.7927157874015748
11
0.8751405905511811
21
0.7919246062992126
0
LINE
8
BLACK
6
CONTINUOUS
10
0.8751405905511811
20
0.7919246062992126
11
0.8721878346456693
21
0.7927157874015748
0
LINE
8
BLACK
6
CONTINUOUS
10
0.8721878346456693
20
0.7927157874015748
11
0.8700262598425197
21
0.7948773622047244
0
LINE
8
BLACK
6
CONTINUOUS
10
0.8700262598425197
20
0.7948773622047244
11
0.8692350787401575
21
0.7978301181102362
0
LINE
8
BLACK
6
CONTINUOUS
10
0.8692350787401575
20
0.7978301181102362
11
0.8692350787401575
21
0.815546653543307
0
LINE
8
BLACK
6
CONTINUOUS
10
0.8692350787401575
20
0.815546653543307
11
0.8413948031496062
21
0.815546653543307
0
LINE
8
BLACK
6
CONTINUOUS
10
0.8413948031496062
20
0.815546653543307
11
0.8404764566929134
21
0.8157926771653543
0
LINE
8
BLACK
6
CONTINUOUS
10
0.8404764566929134
20
0.8157926771653543
11
0.8395273228346456
21
0.8158496850393701
0
LINE
8
BLACK
6
CONTINUOUS
10
0.8395273228346456
20
0.8158496850393701
11
0.8390242519685039
21
0.8161818110236221
0
LINE
8
BLACK
6
CONTINUOUS
10
0.8390242519685039
20
0.8161818110236221
11
0.8384420472440944
21
0.8163378346456692
0
LINE
8
BLACK
6
CONTINUOUS
10
0.8384420472440944
20
0.8163378346456692
11
0.8377697244094487
21
0.8170101181102362
0
LINE
8
BLACK
6
CONTINUOUS
10
0.8377697244094487
20
0.8170101181102362
11
0.8369762992125984
21
0.8175340157480315
0
LINE
8
BLACK
6
CONTINUOUS
10
0.8369762992125984
20
0.8175340157480315
11
0.8367066929133858
21
0.8180731496062992
0
LINE
8
BLACK
6
CONTINUOUS
10
0.8367066929133858
20
0.8180731496062992
11
0.8362804724409448
21
0.8184994094488188
0
LINE
8
BLACK
6
CONTINUOUS
10
0.8362804724409448
20
0.8184994094488188
11
0.8360343700787402
21
0.8194177952755906
0
LINE
8
BLACK
6
CONTINUOUS
10
0.8360343700787402
20
0.8194177952755906
11
0.8356091732283465
21
0.8202682283464566
0
LINE
8
BLACK
6
CONTINUOUS
10
0.8356091732283465
20
0.8202682283464566
11
0.8356452755905511
21
0.8208699606299212
0
LINE
8
BLACK
6
CONTINUOUS
10
0.8356452755905511
20
0.8208699606299212
11
0.8354892913385826
21
0.8214521653543307
0
LINE
8
BLACK
6
CONTINUOUS
10
0.8354892913385826
20
0.8214521653543307
11
0.8357353149606299
21
0.8223704724409449
0
LINE
8
BLACK
6
CONTINUOUS
10
0.8357353149606299
20
0.8223704724409449
11
0.8357923228346457
21
0.8233196456692913
0
LINE
8
BLACK
6
CONTINUOUS
10
0.8357923228346457
20
0.8233196456692913
11
0.8526651968503937
21
0.8739383464566929
0
LINE
8
BLACK
6
CONTINUOUS
10
0.8526651968503937
20
0.8739383464566929
11
0.8543495275590551
21
0.8764893700787402
0
LINE
8
BLACK
6
CONTINUOUS
10
0.8543495275590551
20
0.8764893700787402
11
0.8570837401574803
21
0.8778564566929133
0
LINE
8
BLACK
6
CONTINUOUS
10
0.8570837401574803
20
0.8778564566929133
11
0.860135157480315
21
0.8776733070866142
0
LINE
8
BLACK
6
CONTINUOUS
10
0.9401758661417322
20
0.8743557086614173
11
0.9411250393700787
21
0.8742987401574803
0
LINE
8
BLACK
6
CONTINUOUS
10
0.9411250393700787
20
0.8742987401574803
11
0.951248779527559
21
0.8709241732283465
0
LINE
8
BLACK
6
CONTINUOUS
10
0.951248779527559
20
0.8709241732283465
11
0.9537998031496063
21
0.869239842519685
0
LINE
8
BLACK
6
CONTINUOUS
10
0.9537998031496063
20
0.869239842519685
11
0.9551668897637795
21
0.8665056299212598
0
LINE
8
BLACK
6
CONTINUOUS
10
0.9551668897637795
20
0.8665056299212598
11
0.9549837401574803
21
0.8634542125984251
0
LINE
8
BLACK
6
CONTINUOUS
10
0.9549837401574803
20
0.8634542125984251
11
0.9532994094488189
21
0.860903188976378
0
LINE
8
BLACK
6
CONTINUOUS
10
0.9532994094488189
20
0.860903188976378
11
0.9505652362204724
21
0.8595360629921259
0
LINE
8
BLACK
6
CONTINUOUS
10
0.9505652362204724
20
0.8595360629921259
11
0.9475138188976377
21
0.859719251968504
0
LINE
8
BLACK
6
CONTINUOUS
10
0.9475138188976377
20
0.859719251968504
11
0.9382991732283464
21
0.862790748031496
0
LINE
8
BLACK
6
CONTINUOUS
10
0.9382991732283464
20
0.862790748031496
11
0.923778779527559
21
0.862790748031496
0
LINE
8
BLACK
6
CONTINUOUS
10
0.923778779527559
20
0.862790748031496
11
0.9191336614173228
21
0.8604681889763779
0
LINE
8
BLACK
6
CONTINUOUS
10
0.9191336614173228
20
0.8604681889763779
11
0.9171144094488188
21
0.8584489370078739
0
LINE
8
BLACK
6
CONTINUOUS
10
0.9171144094488188
20
0.8584489370078739
11
0.9147918897637795
21
0.8538038582677165
0
LINE
8
BLACK
6
CONTINUOUS
10
0.9147918897637795
20
0.8538038582677165
11
0.9147918897637795
21
0.849842874015748
0
LINE
8
BLACK
6
CONTINUOUS
10
0.9147918897637795
20
0.849842874015748
11
0.9171144094488188
21
0.8451977952755906
0
LINE
8
BLACK
6
CONTINUOUS
10
0.9171144094488188
20
0.8451977952755906
11
0.9191337007874015
21
0.8431785433070866
0
LINE
8
BLACK
6
CONTINUOUS
10
0.9191337007874015
20
0.8431785433070866
11
0.9244459842519684
21
0.8405223622047244
0
LINE
8
BLACK
6
CONTINUOUS
10
0.9244459842519684
20
0.8405223622047244
11
0.9373152755905512
21
0.8373050787401575
0
LINE
8
BLACK
6
CONTINUOUS
10
0.9373152755905512
20
0.8373050787401575
11
0.9378852362204724
21
0.8369886614173229
0
LINE
8
BLACK
6
CONTINUOUS
10
0.9378852362204724
20
0.8369886614173229
11
0.9385240157480315
21
0.8368579527559055
0
LINE
8
BLACK
6
CONTINUOUS
10
0.9385240157480315
20
0.8368579527559055
11
0.9452731889763779
21
0.8334833858267716
0
LINE
8
BLACK
6
CONTINUOUS
10
0.9452731889763779
20
0.8334833858267716
11
0.945984527559055
21
0.8328525590551181
0
LINE
8
BLACK
6
CONTINUOUS
10
0.945984527559055
20
0.8328525590551181
11
0.9468079921259842
21
0.8323771653543307
0
LINE
8
BLACK
6
CONTINUOUS
10
0.9468079921259842
20
0.8323771653543307
11
0.9501825590551181
21
0.8290025984251969
0
LINE
8
BLACK
6
CONTINUOUS
10
0.9501825590551181
20
0.8290025984251969
11
0.9506579133858267
21
0.8281791732283464
0
LINE
8
BLACK
6
CONTINUOUS
10
0.9506579133858267
20
0.8281791732283464
11
0.9512887795275591
21
0.8274677952755906
0
LINE
8
BLACK
6
CONTINUOUS
10
0.9512887795275591
20
0.8274677952755906
11
0.9546633464566929
21
0.8207186220472441
0
LINE
8
BLACK
6
CONTINUOUS
10
0.9546633464566929
20
0.8207186220472441
11
0.9549354724409449
21
0.8193886614173228
0
LINE
8
BLACK
6
CONTINUOUS
10
0.9549354724409449
20
0.8193886614173228
11
0.955286811023622
21
0.8180775984251968
0
LINE
8
BLACK
6
CONTINUOUS
10
0.955286811023622
20
0.8180775984251968
11
0.955286811023622
21
0.8113284251968503
0
LINE
8
BLACK
6
CONTINUOUS
10
0.955286811023622
20
0.8113284251968503
11
0.9549354724409449
21
0.8100173228346457
0
LINE
8
BLACK
6
CONTINUOUS
10
0.9549354724409449
20
0.8100173228346457
11
0.9546633464566929
21
0.8086874015748031
0
LINE
8
BLACK
6
CONTINUOUS
10
0.9546633464566929
20
0.8086874015748031
11
0.9512887795275591
21
0.8019382677165354
0
LINE
8
BLACK
6
CONTINUOUS
10
0.9512887795275591
20
0.8019382677165354
11
0.9506579133858267
21
0.8012268503937008
0
LINE
8
BLACK
6
CONTINUOUS
10
0.9506579133858267
20
0.8012268503937008
11
0.9501825590551181
21
0.8004034645669291
0
LINE
8
BLACK
6
CONTINUOUS
10
0.9501825590551181
20
0.8004034645669291
11
0.9468079921259842
21
0.7970288976377953
0
LINE
8
BLACK
6
CONTINUOUS
10
0.9468079921259842
20
0.7970288976377953
11
0.9459846062992125
21
0.7965535039370079
0
LINE
8
BLACK
6
CONTINUOUS
10
0.9459846062992125
20
0.7965535039370079
11
0.9452732283464567
21
0.7959226771653544
0
LINE
8
BLACK
6
CONTINUOUS
10
0.9452732283464567
20
0.7959226771653544
11
0.9385240157480315
21
0.7925480708661418
0
LINE
8
BLACK
6
CONTINUOUS
10
0.9385240157480315
20
0.7925480708661418
11
0.9371940551181103
21
0.792275905511811
0
LINE
8
BLACK
6
CONTINUOUS
10
0.9371940551181103
20
0.792275905511811
11
0.9358829921259842
21
0.7919246062992126
0
LINE
8
BLACK
6
CONTINUOUS
10
0.9358829921259842
20
0.7919246062992126
11
0.9190101181102363
21
0.7919246062992126
0
LINE
8
BLACK
6
CONTINUOUS
10
0.9190101181102363
20
0.7919246062992126
11
0.918091653543307
21
0.7921706692913386
0
LINE
8
BLACK
6
CONTINUOUS
10
0.918091653543307
20
0.7921706692913386
11
0.9171426377952756
21
0.7922276771653544
0
LINE
8
BLACK
6
CONTINUOUS
10
0.9171426377952756
20
0.7922276771653544
11
0.9070188976377953
21
0.795602283464567
0
LINE
8
BLACK
6
CONTINUOUS
10
0.9070188976377953
20
0.795602283464567
11
0.9044678346456693
21
0.7972866141732283
0
LINE
8
BLACK
6
CONTINUOUS
10
0.9044678346456693
20
0.7972866141732283
11
0.9031007480314961
21
0.8000207874015748
0
LINE
8
BLACK
6
CONTINUOUS
10
0.9031007480314961
20
0.8000207874015748
11
0.903283937007874
21
0.8030722047244094
0
LINE
8
BLACK
6
CONTINUOUS
10
0.903283937007874
20
0.8030722047244094
11
0.9049682677165354
21
0.8056232677165354
0
LINE
8
BLACK
6
CONTINUOUS
10
0.9049682677165354
20
0.8056232677165354
11
0.9077024409448818
21
0.8069903543307086
0
LINE
8
BLACK
6
CONTINUOUS
10
0.9077024409448818
20
0.8069903543307086
11
0.9107538582677165
21
0.8068071653543307
0
LINE
8
BLACK
6
CONTINUOUS
10
0.9107538582677165
20
0.8068071653543307
11
0.9199684251968504
21
0.8037356299212598
0
LINE
8
BLACK
6
CONTINUOUS
10
0.9199684251968504
20
0.8037356299212598
11
0.9344888976377953
21
0.8037356299212598
0
LINE
8
BLACK
6
CONTINUOUS
10
0.9344888976377953
20
0.8037356299212598
11
0.939133937007874
21
0.8060581496062992
0
LINE
8
BLACK
6
CONTINUOUS
10
0.939133937007874
20
0.8060581496062992
11
0.9411532677165354
21
0.8080774803149606
0
LINE
8
BLACK
6
CONTINUOUS
10
0.9411532677165354
20
0.8080774803149606
11
0.9434757874015748
21
0.8127225196850394
0
LINE
8
BLACK
6
CONTINUOUS
10
0.9434757874015748
20
0.8127225196850394
11
0.9434757874015748
21
0.8166835039370078
0
LINE
8
BLACK
6
CONTINUOUS
10
0.9434757874015748
20
0.8166835039370078
11
0.9411532283464566
21
0.8213285826771654
0
LINE
8
BLACK
6
CONTINUOUS
10
0.9411532283464566
20
0.8213285826771654
11
0.9391339763779527
21
0.8233478346456693
0
LINE
8
BLACK
6
CONTINUOUS
10
0.9391339763779527
20
0.8233478346456693
11
0.9338217322834645
21
0.826003937007874
0
LINE
8
BLACK
6
CONTINUOUS
10
0.9338217322834645
20
0.826003937007874
11
0.9209524015748032
21
0.8292212992125985
0
LINE
8
BLACK
6
CONTINUOUS
10
0.9209524015748032
20
0.8292212992125985
11
0.9203824015748031
21
0.8295376771653543
0
LINE
8
BLACK
6
CONTINUOUS
10
0.9203824015748031
20
0.8295376771653543
11
0.9197436614173228
21
0.8296684251968504
0
LINE
8
BLACK
6
CONTINUOUS
10
0.9197436614173228
20
0.8296684251968504
11
0.9129944881889763
21
0.833043031496063
0
LINE
8
BLACK
6
CONTINUOUS
10
0.9129944881889763
20
0.833043031496063
11
0.9122831102362204
21
0.8336738188976378
0
LINE
8
BLACK
6
CONTINUOUS
10
0.9122831102362204
20
0.8336738188976378
11
0.91145968503937
21
0.8341492519685039
0
LINE
8
BLACK
6
CONTINUOUS
10
0.91145968503937
20
0.8341492519685039
11
0.9080851181102362
21
0.8375238188976378
0
LINE
8
BLACK
6
CONTINUOUS
10
0.9080851181102362
20
0.8375238188976378
11
0.90760968503937
21
0.8383472440944881
0
LINE
8
BLACK
6
CONTINUOUS
10
0.90760968503937
20
0.8383472440944881
11
0.9069788976377953
21
0.8390586220472441
0
LINE
8
BLACK
6
CONTINUOUS
10
0.9069788976377953
20
0.8390586220472441
11
0.9036043307086614
21
0.8458077952755906
0
LINE
8
BLACK
6
CONTINUOUS
10
0.9036043307086614
20
0.8458077952755906
11
0.9033321653543307
21
0.8471376377952756
0
LINE
8
BLACK
6
CONTINUOUS
10
0.9033321653543307
20
0.8471376377952756
11
0.9029808661417322
21
0.8484488188976378
0
LINE
8
BLACK
6
CONTINUOUS
10
0.9029808661417322
20
0.8484488188976378
11
0.9029808661417322
21
0.8551979527559055
0
LINE
8
BLACK
6
CONTINUOUS
10
0.9029808661417322
20
0.8551979527559055
11
0.9033321653543307
21
0.8565090944881889
0
LINE
8
BLACK
6
CONTINUOUS
10
0.9033321653543307
20
0.8565090944881889
11
0.9036043307086614
21
0.8578389763779527
0
LINE
8
BLACK
6
CONTINUOUS
10
0.9036043307086614
20
0.8578389763779527
11
0.9069788976377953
21
0.8645881496062992
0
LINE
8
BLACK
6
CONTINUOUS
10
0.9069788976377953
20
0.8645881496062992
11
0.90760968503937
21
0.8652994881889764
0
LINE
8
BLACK
6
CONTINUOUS
10
0.90760968503937
20
0.8652994881889764
11
0.9080851181102362
21
0.8661229527559055
0
LINE
8
BLACK
6
CONTINUOUS
10
0.9080851181102362
20
0.8661229527559055
11
0.91145968503937
21
0.8694975196850393
0
LINE
8
BLACK
6
CONTINUOUS
10
0.91145968503937
20
0.8694975196850393
11
0.9122830708661417
21
0.869972874015748
0
LINE
8
BLACK
6
CONTINUOUS
10
0.9122830708661417
20
0.869972874015748
11
0.9129944881889763
21
0.8706037401574803
0
LINE
8
BLACK
6
CONTINUOUS
10
0.9129944881889763
20
0.8706037401574803
11
0.9197436614173228
21
0.8739783070866142
0
LINE
8
BLACK
6
CONTINUOUS
10
0.9197436614173228
20
0.8739783070866142
11
0.9210735826771653
21
0.8742504330708661
0
LINE
8
BLACK
6
CONTINUOUS
10
0.9210735826771653
20
0.8742504330708661
11
0.9223846850393701
21
0.8746017716535432
0
LINE
8
BLACK
6
CONTINUOUS
10
0.9223846850393701
20
0.8746017716535432
11
0.9392575590551181
21
0.8746017716535432
0
LINE
8
BLACK
6
CONTINUOUS
10
0.9392575590551181
20
0.8746017716535432
11
0.9401758661417322
21
0.8743557086614173
0
LINE
8
BLACK
6
CONTINUOUS
10
1.1041900787401575
20
0.873810590551181
11
1.1063516535433071
21
0.8716490157480314
0
LINE
8
BLACK
6
CONTINUOUS
10
1.1063516535433071
20
0.8716490157480314
11
1.1071428346456693
21
0.8686962598425196
0
LINE
8
BLACK
6
CONTINUOUS
10
1.1071428346456693
20
0.8686962598425196
11
1.1071428346456693
21
0.7978301181102362
0
LINE
8
BLACK
6
CONTINUOUS
10
1.1071428346456693
20
0.7978301181102362
11
1.1063516535433071
21
0.7948773622047244
0
LINE
8
BLACK
6
CONTINUOUS
10
1.1063516535433071
20
0.7948773622047244
11
1.1041900787401575
21
0.7927157874015748
0
LINE
8
BLACK
6
CONTINUOUS
10
1.1041900787401575
20
0.7927157874015748
11
1.1012373228346457
21
0.7919246062992126
0
LINE
8
BLACK
6
CONTINUOUS
10
1.1012373228346457
20
0.7919246062992126
11
1.0982845669291339
21
0.7927157874015748
0
LINE
8
BLACK
6
CONTINUOUS
10
1.0982845669291339
20
0.7927157874015748
11
1.0961229921259843
21
0.7948773622047244
0
LINE
8
BLACK
6
CONTINUOUS
10
1.0961229921259843
20
0.7948773622047244
11
1.0953318110236221
21
0.7978301181102362
0
LINE
8
BLACK
6
CONTINUOUS
10
1.0953318110236221
20
0.7978301181102362
11
1.0953318110236221
21
0.8290449606299213
0
LINE
8
BLACK
6
CONTINUOUS
10
1.0953318110236221
20
0.8290449606299213
11
1.0666479133858267
21
0.8290449606299213
0
LINE
8
BLACK
6
CONTINUOUS
10
1.0666479133858267
20
0.8290449606299213
11
1.0666479133858267
21
0.7978301181102362
0
LINE
8
BLACK
6
CONTINUOUS
10
1.0666479133858267
20
0.7978301181102362
11
1.0658567322834644
21
0.7948773622047244
0
LINE
8
BLACK
6
CONTINUOUS
10
1.0658567322834644
20
0.7948773622047244
11
1.0636951574803148
21
0.7927157874015748
0
LINE
8
BLACK
6
CONTINUOUS
10
1.0636951574803148
20
0.7927157874015748
11
1.060742401574803
21
0.7919246062992126
0
LINE
8
BLACK
6
CONTINUOUS
10
1.060742401574803
20
0.7919246062992126
11
1.0577896456692912
21
0.7927157874015748
0
LINE
8
BLACK
6
CONTINUOUS
10
1.0577896456692912
20
0.7927157874015748
11
1.0556280708661416
21
0.7948773622047244
0
LINE
8
BLACK
6
CONTINUOUS
10
1.0556280708661416
20
0.7948773622047244
11
1.0548368897637794
21
0.7978301181102362
0
LINE
8
BLACK
6
CONTINUOUS
10
1.0548368897637794
20
0.7978301181102362
11
1.0548368897637794
21
0.8686962598425196
0
LINE
8
BLACK
6
CONTINUOUS
10
1.0548368897637794
20
0.8686962598425196
11
1.0556280708661416
21
0.8716490157480314
0
LINE
8
BLACK
6
CONTINUOUS
10
1.0556280708661416
20
0.8716490157480314
11
1.0577896456692912
21
0.873810590551181
0
LINE
8
BLACK
6
CONTINUOUS
10
1.0577896456692912
20
0.873810590551181
11
1.060742401574803
21
0.8746017716535432
0
LINE
8
BLACK
6
CONTINUOUS
10
1.060742401574803
20
0.8746017716535432
11
1.0636951574803148
21
0.873810590551181
0
LINE
8
BLACK
6
CONTINUOUS
10
1.0636951574803148
20
0.873810590551181
11
1.0658567322834644
21
0.8716490157480314
0
LINE
8
BLACK
6
CONTINUOUS
10
1.0658567322834644
20
0.8716490157480314
11
1.0666479133858267
21
0.8686962598425196
0
LINE
8
BLACK
6
CONTINUOUS
10
1.0666479133858267
20
0.8686962598425196
11
1.0666479133858267
21
0.8408559842519685
0
LINE
8
BLACK
6
CONTINUOUS
10
1.0666479133858267
20
0.8408559842519685
11
1.0953318110236221
21
0.8408559842519685
0
LINE
8
BLACK
6
CONTINUOUS
10
1.0953318110236221
20
0.8408559842519685
11
1.0953318110236221
21
0.8686962598425196
0
LINE
8
BLACK
6
CONTINUOUS
10
1.0953318110236221
20
0.8686962598425196
11
1.0961229921259843
21
0.8716490157480314
0
LINE
8
BLACK
6
CONTINUOUS
10
1.0961229921259843
20
0.8716490157480314
11
1.0982845669291339
21
0.873810590551181
0
LINE
8
BLACK
6
CONTINUOUS
10
1.0982845669291339
20
0.873810590551181
11
1.1012373228346457
21
0.8746017716535432
0
LINE
8
BLACK
6
CONTINUOUS
10
1.1012373228346457
20
0.8746017716535432
11
1.1041900787401575
21
0.873810590551181
0
LINE
8
BLACK
6
CONTINUOUS
10
1.1379358661417323
20
0.873810590551181
11
1.1400974409448819
21
0.8716490157480314
0
LINE
8
BLACK
6
CONTINUOUS
10
1.1400974409448819
20
0.8716490157480314
11
1.1408886220472441
21
0.8686962598425196
0
LINE
8
BLACK
6
CONTINUOUS
10
1.1408886220472441
20
0.8686962598425196
11
1.1408886220472441
21
0.7978301181102362
0
LINE
8
BLACK
6
CONTINUOUS
10
1.1408886220472441
20
0.7978301181102362
11
1.1400974409448819
21
0.7948773622047244
0
LINE
8
BLACK
6
CONTINUOUS
10
1.1400974409448819
20
0.7948773622047244
11
1.1379358661417323
21
0.7927157874015748
0
LINE
8
BLACK
6
CONTINUOUS
10
1.1379358661417323
20
0.7927157874015748
11
1.1349831102362204
21
0.7919246062992126
0
LINE
8
BLACK
6
CONTINUOUS
10
1.1349831102362204
20
0.7919246062992126
11
1.1320303543307086
21
0.7927157874015748
0
LINE
8
BLACK
6
CONTINUOUS
10
1.1320303543307086
20
0.7927157874015748
11
1.129868779527559
21
0.7948773622047244
0
LINE
8
BLACK
6
CONTINUOUS
10
1.129868779527559
20
0.7948773622047244
11
1.1290775984251968
21
0.7978301181102362
0
LINE
8
BLACK
6
CONTINUOUS
10
1.1290775984251968
20
0.7978301181102362
11
1.1290775984251968
21
0.8686962598425196
0
LINE
8
BLACK
6
CONTINUOUS
10
1.1290775984251968
20
0.8686962598425196
11
1.129868779527559
21
0.8716490157480314
0
LINE
8
BLACK
6
CONTINUOUS
10
1.129868779527559
20
0.8716490157480314
11
1.1320303543307086
21
0.873810590551181
0
LINE
8
BLACK
6
CONTINUOUS
10
1.1320303543307086
20
0.873810590551181
11
1.1349831102362204
21
0.8746017716535432
0
LINE
8
BLACK
6
CONTINUOUS
10
1.1349831102362204
20
0.8746017716535432
11
1.1379358661417323
21
0.873810590551181
0
LINE
8
BLACK
6
CONTINUOUS
10
1.1902874409448818
20
0.8742504330708661
11
1.1916174015748031
21
0.8739783070866142
0
LINE
8
BLACK
6
CONTINUOUS
10
1.1916174015748031
20
0.8739783070866142
11
1.1983665354330708
21
0.8706037401574803
0
LINE
8
BLACK
6
CONTINUOUS
10
1.1983665354330708
20
0.8706037401574803
11
1.1990779133858267
21
0.8699729133858267
0
LINE
8
BLACK
6
CONTINUOUS
10
1.1990779133858267
20
0.8699729133858267
11
1.1999012992125984
21
0.8694975590551181
0
LINE
8
BLACK
6
CONTINUOUS
10
1.1999012992125984
20
0.8694975590551181
11
1.2032759448818897
21
0.8661229527559055
0
LINE
8
BLACK
6
CONTINUOUS
10
1.2032759448818897
20
0.8661229527559055
11
1.2037513385826772
21
0.8652995275590551
0
LINE
8
BLACK
6
CONTINUOUS
10
1.2037513385826772
20
0.8652995275590551
11
1.2043821653543307
21
0.8645881496062992
0
LINE
8
BLACK
6
CONTINUOUS
10
1.2043821653543307
20
0.8645881496062992
11
1.2077567322834646
21
0.8578389763779527
0
LINE
8
BLACK
6
CONTINUOUS
10
1.2077567322834646
20
0.8578389763779527
11
1.2078874409448819
21
0.8572001968503937
0
LINE
8
BLACK
6
CONTINUOUS
10
1.2078874409448819
20
0.8572001968503937
11
1.2082038582677166
21
0.8566302362204724
0
LINE
8
BLACK
6
CONTINUOUS
10
1.2082038582677166
20
0.8566302362204724
11
1.2115784251968504
21
0.8431319291338583
0
LINE
8
BLACK
6
CONTINUOUS
10
1.2115784251968504
20
0.8431319291338583
11
1.2115661417322834
21
0.8424034251968504
0
LINE
8
BLACK
6
CONTINUOUS
10
1.2115661417322834
20
0.8424034251968504
11
1.2117547637795276
21
0.8416996456692913
0
LINE
8
BLACK
6
CONTINUOUS
10
1.2117547637795276
20
0.8416996456692913
11
1.2117547637795276
21
0.8248267716535432
0
LINE
8
BLACK
6
CONTINUOUS
10
1.2117547637795276
20
0.8248267716535432
11
1.2115661417322834
21
0.8241229527559055
0
LINE
8
BLACK
6
CONTINUOUS
10
1.2115661417322834
20
0.8241229527559055
11
1.2115784251968504
21
0.8233944881889763
0
LINE
8
BLACK
6
CONTINUOUS
10
1.2115784251968504
20
0.8233944881889763
11
1.2082038582677166
21
0.8098961417322834
0
LINE
8
BLACK
6
CONTINUOUS
10
1.2082038582677166
20
0.8098961417322834
11
1.2078874409448819
21
0.8093261417322835
0
LINE
8
BLACK
6
CONTINUOUS
10
1.2078874409448819
20
0.8093261417322835
11
1.2077567322834646
21
0.8086874015748031
0
LINE
8
BLACK
6
CONTINUOUS
10
1.2077567322834646
20
0.8086874015748031
11
1.2043821653543307
21
0.8019382677165354
0
LINE
8
BLACK
6
CONTINUOUS
10
1.2043821653543307
20
0.8019382677165354
11
1.2037513385826772
21
0.8012268503937008
0
LINE
8
BLACK
6
CONTINUOUS
10
1.2037513385826772
20
0.8012268503937008
11
1.2032759448818897
21
0.8004034645669291
0
LINE
8
BLACK
6
CONTINUOUS
10
1.2032759448818897
20
0.8004034645669291
11
1.1999012992125984
21
0.7970288582677165
0
LINE
8
BLACK
6
CONTINUOUS
10
1.1999012992125984
20
0.7970288582677165
11
1.1990779527559055
21
0.7965535039370079
0
LINE
8
BLACK
6
CONTINUOUS
10
1.1990779527559055
20
0.7965535039370079
11
1.1983665748031496
21
0.7959226771653544
0
LINE
8
BLACK
6
CONTINUOUS
10
1.1983665748031496
20
0.7959226771653544
11
1.1916174409448819
21
0.7925480708661418
0
LINE
8
BLACK
6
CONTINUOUS
10
1.1916174409448819
20
0.7925480708661418
11
1.1902874015748031
21
0.7922758661417323
0
LINE
8
BLACK
6
CONTINUOUS
10
1.1902874015748031
20
0.7922758661417323
11
1.1889763779527558
21
0.7919246062992126
0
LINE
8
BLACK
6
CONTINUOUS
10
1.1889763779527558
20
0.7919246062992126
11
1.1822272047244093
21
0.7919246062992126
0
LINE
8
BLACK
6
CONTINUOUS
10
1.1822272047244093
20
0.7919246062992126
11
1.1809161023622048
21
0.792275905511811
0
LINE
8
BLACK
6
CONTINUOUS
10
1.1809161023622048
20
0.792275905511811
11
1.1795861811023622
21
0.7925480708661418
0
LINE
8
BLACK
6
CONTINUOUS
10
1.1795861811023622
20
0.7925480708661418
11
1.1728370078740158
21
0.7959226771653544
0
LINE
8
BLACK
6
CONTINUOUS
10
1.1728370078740158
20
0.7959226771653544
11
1.1721256299212599
21
0.7965534645669291
0
LINE
8
BLACK
6
CONTINUOUS
10
1.1721256299212599
20
0.7965534645669291
11
1.171302283464567
21
0.7970288582677165
0
LINE
8
BLACK
6
CONTINUOUS
10
1.171302283464567
20
0.7970288582677165
11
1.1679276771653544
21
0.8004034251968504
0
LINE
8
BLACK
6
CONTINUOUS
10
1.1679276771653544
20
0.8004034251968504
11
1.1674522440944881
21
0.8012268503937008
0
LINE
8
BLACK
6
CONTINUOUS
10
1.1674522440944881
20
0.8012268503937008
11
1.1668214173228346
21
0.8019382677165354
0
LINE
8
BLACK
6
CONTINUOUS
10
1.1668214173228346
20
0.8019382677165354
11
1.1634468503937008
21
0.8086874015748031
0
LINE
8
BLACK
6
CONTINUOUS
10
1.1634468503937008
20
0.8086874015748031
11
1.1633161023622047
21
0.8093261417322835
0
LINE
8
BLACK
6
CONTINUOUS
10
1.1633161023622047
20
0.8093261417322835
11
1.1629997244094488
21
0.8098961417322834
0
LINE
8
BLACK
6
CONTINUOUS
10
1.1629997244094488
20
0.8098961417322834
11
1.1596251574803149
21
0.8233944881889763
0
LINE
8
BLACK
6
CONTINUOUS
10
1.1596251574803149
20
0.8233944881889763
11
1.1596374015748032
21
0.8241229527559055
0
LINE
8
BLACK
6
CONTINUOUS
10
1.1596374015748032
20
0.8241229527559055
11
1.1594488188976377
21
0.8248267716535432
0
LINE
8
BLACK
6
CONTINUOUS
10
1.1594488188976377
20
0.8248267716535432
11
1.1594488188976377
21
0.8416996456692913
0
LINE
8
BLACK
6
CONTINUOUS
10
1.1594488188976377
20
0.8416996456692913
11
1.1596374015748032
21
0.8424034251968504
0
LINE
8
BLACK
6
CONTINUOUS
10
1.1596374015748032
20
0.8424034251968504
11
1.1596251574803149
21
0.8431319291338583
0
LINE
8
BLACK
6
CONTINUOUS
10
1.1596251574803149
20
0.8431319291338583
11
1.1629997244094488
21
0.8566302362204724
0
LINE
8
BLACK
6
CONTINUOUS
10
1.1629997244094488
20
0.8566302362204724
11
1.1633161023622047
21
0.8572001968503937
0
LINE
8
BLACK
6
CONTINUOUS
10
1.1633161023622047
20
0.8572001968503937
11
1.1634468503937008
21
0.8578389763779527
0
LINE
8
BLACK
6
CONTINUOUS
10
1.1634468503937008
20
0.8578389763779527
11
1.1668214173228346
21
0.8645881496062992
0
LINE
8
BLACK
6
CONTINUOUS
10
1.1668214173228346
20
0.8645881496062992
11
1.1674522047244094
21
0.8652995275590551
0
LINE
8
BLACK
6
CONTINUOUS
10
1.1674522047244094
20
0.8652995275590551
11
1.1679276771653544
21
0.8661229921259842
0
LINE
8
BLACK
6
CONTINUOUS
10
1.1679276771653544
20
0.8661229921259842
11
1.171302283464567
21
0.8694975590551181
0
LINE
8
BLACK
6
CONTINUOUS
10
1.171302283464567
20
0.8694975590551181
11
1.1721256692913387
21
0.8699729527559055
0
LINE
8
BLACK
6
CONTINUOUS
10
1.1721256692913387
20
0.8699729527559055
11
1.1728370472440945
21
0.8706037401574803
0
LINE
8
BLACK
6
CONTINUOUS
10
1.1728370472440945
20
0.8706037401574803
11
1.1795861811023622
21
0.8739783070866142
0
LINE
8
BLACK
6
CONTINUOUS
10
1.1795861811023622
20
0.8739783070866142
11
1.1809161023622048
21
0.8742504330708661
0
LINE
8
BLACK
6
CONTINUOUS
10
1.1809161023622048
20
0.8742504330708661
11
1.1822272047244093
21
0.8746017716535432
0
LINE
8
BLACK
6
CONTINUOUS
10
1.1822272047244093
20
0.8746017716535432
11
1.1889763779527558
21
0.8746017716535432
0
LINE
8
BLACK
6
CONTINUOUS
10
1.1889763779527558
20
0.8746017716535432
11
1.1902874409448818
21
0.8742504330708661
0
LINE
8
BLACK
6
CONTINUOUS
10
1.178976220472441
20
0.8604681889763779
11
1.1769568897637794
21
0.8584488976377953
0
LINE
8
BLACK
6
CONTINUOUS
10
1.1769568897637794
20
0.8584488976377953
11
1.1743008267716535
21
0.8531366929133858
0
LINE
8
BLACK
6
CONTINUOUS
10
1.1743008267716535
20
0.8531366929133858
11
1.171259842519685
21
0.840972716535433
0
LINE
8
BLACK
6
CONTINUOUS
10
1.171259842519685
20
0.840972716535433
11
1.171259842519685
21
0.8255536614173228
0
LINE
8
BLACK
6
CONTINUOUS
10
1.171259842519685
20
0.8255536614173228
11
1.1743008267716535
21
0.8133896456692913
0
LINE
8
BLACK
6
CONTINUOUS
10
1.1743008267716535
20
0.8133896456692913
11
1.1769568897637794
21
0.8080774803149606
0
LINE
8
BLACK
6
CONTINUOUS
10
1.1769568897637794
20
0.8080774803149606
11
1.1789761811023622
21
0.8060581889763779
0
LINE
8
BLACK
6
CONTINUOUS
10
1.1789761811023622
20
0.8060581889763779
11
1.183621338582677
21
0.8037356299212598
0
LINE
8
BLACK
6
CONTINUOUS
10
1.183621338582677
20
0.8037356299212598
11
1.1875822440944881
21
0.8037356299212598
0
LINE
8
BLACK
6
CONTINUOUS
10
1.1875822440944881
20
0.8037356299212598
11
1.1922273228346456
21
0.8060581889763779
0
LINE
8
BLACK
6
CONTINUOUS
10
1.1922273228346456
20
0.8060581889763779
11
1.1942466535433072
21
0.8080774803149606
0
LINE
8
BLACK
6
CONTINUOUS
10
1.1942466535433072
20
0.8080774803149606
11
1.1969027165354331
21
0.8133896456692913
0
LINE
8
BLACK
6
CONTINUOUS
10
1.1969027165354331
20
0.8133896456692913
11
1.1999437401574804
21
0.8255536614173228
0
LINE
8
BLACK
6
CONTINUOUS
10
1.1999437401574804
20
0.8255536614173228
11
1.1999437401574804
21
0.840972716535433
0
LINE
8
BLACK
6
CONTINUOUS
10
1.1999437401574804
20
0.840972716535433
11
1.1969027165354331
21
0.8531366929133858
0
LINE
8
BLACK
6
CONTINUOUS
10
1.1969027165354331
20
0.8531366929133858
11
1.1942466535433072
21
0.8584488976377953
0
LINE
8
BLACK
6
CONTINUOUS
10
1.1942466535433072
20
0.8584488976377953
11
1.1922273228346456
21
0.8604681889763779
0
LINE
8
BLACK
6
CONTINUOUS
10
1.1922273228346456
20
0.8604681889763779
11
1.1875822834645668
21
0.862790748031496
0
LINE
8
BLACK
6
CONTINUOUS
10
1.1875822834645668
20
0.862790748031496
11
1.1836212992125983
21
0.862790748031496
0
LINE
8
BLACK
6
CONTINUOUS
10
1.1836212992125983
20
0.862790748031496
11
1.178976220472441
21
0.8604681889763779
0
LINE
8
BLACK
6
CONTINUOUS
10
1.2532819291338582
20
0.8745512204724409
11
1.2534734251968505
21
0.8745895275590551
0
LINE
8
BLACK
6
CONTINUOUS
10
1.2534734251968505
20
0.8745895275590551
11
1.2547472440944882
21
0.8741585826771653
0
LINE
8
BLACK
6
CONTINUOUS
10
1.2547472440944882
20
0.8741585826771653
11
1.2560461023622047
21
0.873810590551181
0
LINE
8
BLACK
6
CONTINUOUS
10
1.2560461023622047
20
0.873810590551181
11
1.2561841338582678
21
0.8736725196850393
0
LINE
8
BLACK
6
CONTINUOUS
10
1.2561841338582678
20
0.8736725196850393
11
1.2563691338582677
21
0.8736099606299212
0
LINE
8
BLACK
6
CONTINUOUS
10
1.2563691338582677
20
0.8736099606299212
11
1.2572567322834645
21
0.8725999212598425
0
LINE
8
BLACK
6
CONTINUOUS
10
1.2572567322834645
20
0.8725999212598425
11
1.2582076771653543
21
0.8716490157480314
0
LINE
8
BLACK
6
CONTINUOUS
10
1.2582076771653543
20
0.8716490157480314
11
1.258258188976378
21
0.8714603543307087
0
LINE
8
BLACK
6
CONTINUOUS
10
1.258258188976378
20
0.8714603543307087
11
1.2583870866141731
21
0.8713137401574803
0
LINE
8
BLACK
6
CONTINUOUS
10
1.2583870866141731
20
0.8713137401574803
11
1.2586507480314961
21
0.8699953149606299
0
LINE
8
BLACK
6
CONTINUOUS
10
1.2586507480314961
20
0.8699953149606299
11
1.2589988582677165
21
0.8686962598425196
0
LINE
8
BLACK
6
CONTINUOUS
10
1.2589988582677165
20
0.8686962598425196
11
1.2589988582677165
21
0.8037356299212598
0
LINE
8
BLACK
6
CONTINUOUS
10
1.2589988582677165
20
0.8037356299212598
11
1.2733408267716535
21
0.8037356299212598
0
LINE
8
BLACK
6
CONTINUOUS
10
1.2733408267716535
20
0.8037356299212598
11
1.2762935826771653
21
0.8029444488188976
0
LINE
8
BLACK
6
CONTINUOUS
10
1.2762935826771653
20
0.8029444488188976
11
1.2784551574803149
21
0.800782874015748
0
LINE
8
BLACK
6
CONTINUOUS
10
1.2784551574803149
20
0.800782874015748
11
1.2792463385826771
21
0.7978301181102362
0
LINE
8
BLACK
6
CONTINUOUS
10
1.2792463385826771
20
0.7978301181102362
11
1.2784551574803149
21
0.7948773622047244
0
LINE
8
BLACK
6
CONTINUOUS
10
1.2784551574803149
20
0.7948773622047244
11
1.2762935826771653
21
0.7927157874015748
0
LINE
8
BLACK
6
CONTINUOUS
10
1.2762935826771653
20
0.7927157874015748
11
1.2733408267716535
21
0.7919246062992126
0
LINE
8
BLACK
6
CONTINUOUS
10
1.2733408267716535
20
0.7919246062992126
11
1.2530933464566929
21
0.7919246062992126
0
LINE
8
BLACK
6
CONTINUOUS
10
1.2530933464566929
20
0.7919246062992126
11
1.2328459055118111
21
0.7919246062992126
0
LINE
8
BLACK
6
CONTINUOUS
10
1.2328459055118111
20
0.7919246062992126
11
1.2298931496062993
21
0.7927157874015748
0
LINE
8
BLACK
6
CONTINUOUS
10
1.2298931496062993
20
0.7927157874015748
11
1.2277315748031497
21
0.7948773622047244
0
LINE
8
BLACK
6
CONTINUOUS
10
1.2277315748031497
20
0.7948773622047244
11
1.2269403937007874
21
0.7978301181102362
0
LINE
8
BLACK
6
CONTINUOUS
10
1.2269403937007874
20
0.7978301181102362
11
1.2277315748031497
21
0.800782874015748
0
LINE
8
BLACK
6
CONTINUOUS
10
1.2277315748031497
20
0.800782874015748
11
1.2298931496062993
21
0.8029444488188976
0
LINE
8
BLACK
6
CONTINUOUS
10
1.2298931496062993
20
0.8029444488188976
11
1.2328459055118111
21
0.8037356299212598
0
LINE
8
BLACK
6
CONTINUOUS
10
1.2328459055118111
20
0.8037356299212598
11
1.2471878346456693
21
0.8037356299212598
0
LINE
8
BLACK
6
CONTINUOUS
10
1.2471878346456693
20
0.8037356299212598
11
1.2471878346456693
21
0.8510644881889764
0
LINE
8
BLACK
6
CONTINUOUS
10
1.2471878346456693
20
0.8510644881889764
11
1.2437708661417322
21
0.8476475590551181
0
LINE
8
BLACK
6
CONTINUOUS
10
1.2437708661417322
20
0.8476475590551181
11
1.242947440944882
21
0.8471721653543307
0
LINE
8
BLACK
6
CONTINUOUS
10
1.242947440944882
20
0.8471721653543307
11
1.2422360629921259
21
0.8465413385826771
0
LINE
8
BLACK
6
CONTINUOUS
10
1.2422360629921259
20
0.8465413385826771
11
1.2354869291338582
21
0.8431667716535433
0
LINE
8
BLACK
6
CONTINUOUS
10
1.2354869291338582
20
0.8431667716535433
11
1.2324920866141733
21
0.8425538976377952
0
LINE
8
BLACK
6
CONTINUOUS
10
1.2324920866141733
20
0.8425538976377952
11
1.2295920078740157
21
0.8435205905511811
0
LINE
8
BLACK
6
CONTINUOUS
10
1.2295920078740157
20
0.8435205905511811
11
1.2275638582677164
21
0.8458077952755906
0
LINE
8
BLACK
6
CONTINUOUS
10
1.2275638582677164
20
0.8458077952755906
11
1.2269509842519686
21
0.8488026377952755
0
LINE
8
BLACK
6
CONTINUOUS
10
1.2269509842519686
20
0.8488026377952755
11
1.2279176771653544
21
0.8517027165354331
0
LINE
8
BLACK
6
CONTINUOUS
10
1.2279176771653544
20
0.8517027165354331
11
1.2302048818897637
21
0.8537308661417322
0
LINE
8
BLACK
6
CONTINUOUS
10
1.2302048818897637
20
0.8537308661417322
11
1.2360968503937007
21
0.8566768503937008
0
LINE
8
BLACK
6
CONTINUOUS
10
1.2360968503937007
20
0.8566768503937008
11
1.2417548425196849
21
0.8623348031496063
0
LINE
8
BLACK
6
CONTINUOUS
10
1.2417548425196849
20
0.8623348031496063
11
1.2481796456692913
21
0.8719720472440945
0
LINE
8
BLACK
6
CONTINUOUS
10
1.2481796456692913
20
0.8719720472440945
11
1.2491896456692912
21
0.8728596456692913
0
LINE
8
BLACK
6
CONTINUOUS
10
1.2491896456692912
20
0.8728596456692913
11
1.2501405905511811
21
0.873810590551181
0
LINE
8
BLACK
6
CONTINUOUS
10
1.2501405905511811
20
0.873810590551181
11
1.2503292125984251
21
0.8738611023622047
0
LINE
8
BLACK
6
CONTINUOUS
10
1.2503292125984251
20
0.8738611023622047
11
1.2504758661417323
21
0.8739899999999999
0
LINE
8
BLACK
6
CONTINUOUS
10
1.2504758661417323
20
0.8739899999999999
11
1.2517942519685039
21
0.8742536614173229
0
LINE
8
BLACK
6
CONTINUOUS
10
1.2517942519685039
20
0.8742536614173229
11
1.2530933464566929
21
0.8746017716535432
0
LINE
8
BLACK
6
CONTINUOUS
10
1.2530933464566929
20
0.8746017716535432
11
1.2532819291338582
21
0.8745512204724409
0
LINE
8
BLACK
6
CONTINUOUS
10
1.3187172834645668
20
0.8743203543307086
11
1.3190778346456693
21
0.8742987401574803
0
LINE
8
BLACK
6
CONTINUOUS
10
1.3190778346456693
20
0.8742987401574803
11
1.3200677559055118
21
0.8736451181102362
0
LINE
8
BLACK
6
CONTINUOUS
10
1.3200677559055118
20
0.8736451181102362
11
1.3211285039370078
21
0.8731147637795276
0
LINE
8
BLACK
6
CONTINUOUS
10
1.3211285039370078
20
0.8731147637795276
11
1.3213274409448819
21
0.8728134251968503
0
LINE
8
BLACK
6
CONTINUOUS
10
1.3213274409448819
20
0.8728134251968503
11
1.3216288976377952
21
0.8726144094488189
0
LINE
8
BLACK
6
CONTINUOUS
10
1.3216288976377952
20
0.8726144094488189
11
1.3221594094488189
21
0.8715533070866142
0
LINE
8
BLACK
6
CONTINUOUS
10
1.3221594094488189
20
0.8715533070866142
11
1.3228127952755906
21
0.8705637401574803
0
LINE
8
BLACK
6
CONTINUOUS
10
1.3228127952755906
20
0.8705637401574803
11
1.3464348818897638
21
0.7996975984251968
0
LINE
8
BLACK
6
CONTINUOUS
10
1.3464348818897638
20
0.7996975984251968
11
1.346618031496063
21
0.7966461811023622
0
LINE
8
BLACK
6
CONTINUOUS
10
1.346618031496063
20
0.7966461811023622
11
1.3452509448818897
21
0.793911968503937
0
LINE
8
BLACK
6
CONTINUOUS
10
1.3452509448818897
20
0.793911968503937
11
1.3426998818897637
21
0.7922276377952756
0
LINE
8
BLACK
6
CONTINUOUS
10
1.3426998818897637
20
0.7922276377952756
11
1.3396484645669291
21
0.7920444881889763
0
LINE
8
BLACK
6
CONTINUOUS
10
1.3396484645669291
20
0.7920444881889763
11
1.336914251968504
21
0.7934115748031496
0
LINE
8
BLACK
6
CONTINUOUS
10
1.336914251968504
20
0.7934115748031496
11
1.3352299606299212
21
0.7959625984251968
0
LINE
8
BLACK
6
CONTINUOUS
10
1.3352299606299212
20
0.7959625984251968
11
1.329826811023622
21
0.8121720866141732
0
LINE
8
BLACK
6
CONTINUOUS
10
1.329826811023622
20
0.8121720866141732
11
1.3045938976377953
21
0.8121720866141732
0
LINE
8
BLACK
6
CONTINUOUS
10
1.3045938976377953
20
0.8121720866141732
11
1.2991907480314959
21
0.7959626377952755
0
LINE
8
BLACK
6
CONTINUOUS
10
1.2991907480314959
20
0.7959626377952755
11
1.2975064566929133
21
0.7934116141732284
0
LINE
8
BLACK
6
CONTINUOUS
10
1.2975064566929133
20
0.7934116141732284
11
1.2947722440944882
21
0.7920444881889763
0
LINE
8
BLACK
6
CONTINUOUS
10
1.2947722440944882
20
0.7920444881889763
11
1.2917208267716536
21
0.7922276771653544
0
LINE
8
BLACK
6
CONTINUOUS
10
1.2917208267716536
20
0.7922276771653544
11
1.2891698031496062
21
0.793911968503937
0
LINE
8
BLACK
6
CONTINUOUS
10
1.2891698031496062
20
0.793911968503937
11
1.2878026771653543
21
0.7966461811023622
0
LINE
8
BLACK
6
CONTINUOUS
10
1.2878026771653543
20
0.7966461811023622
11
1.2879858661417323
21
0.7996975984251968
0
LINE
8
BLACK
6
CONTINUOUS
10
1.2879858661417323
20
0.7996975984251968
11
1.3116079133858267
21
0.870563779527559
0
LINE
8
BLACK
6
CONTINUOUS
10
1.3116079133858267
20
0.870563779527559
11
1.3122614173228346
21
0.8715536220472441
0
LINE
8
BLACK
6
CONTINUOUS
10
1.3122614173228346
20
0.8715536220472441
11
1.3127918503937008
21
0.8726144094488189
0
LINE
8
BLACK
6
CONTINUOUS
10
1.3127918503937008
20
0.8726144094488189
11
1.3130931496062992
21
0.8728133464566928
0
LINE
8
BLACK
6
CONTINUOUS
10
1.3130931496062992
20
0.8728133464566928
11
1.3132922047244093
21
0.8731148031496063
0
LINE
8
BLACK
6
CONTINUOUS
10
1.3132922047244093
20
0.8731148031496063
11
1.3143532677165355
21
0.8736453149606299
0
LINE
8
BLACK
6
CONTINUOUS
10
1.3143532677165355
20
0.8736453149606299
11
1.315342874015748
21
0.8742987007874016
0
LINE
8
BLACK
6
CONTINUOUS
10
1.315342874015748
20
0.8742987007874016
11
1.3157033070866142
21
0.8743203149606299
0
LINE
8
BLACK
6
CONTINUOUS
10
1.3157033070866142
20
0.8743203149606299
11
1.3160264173228347
21
0.8744818897637795
0
LINE
8
BLACK
6
CONTINUOUS
10
1.3160264173228347
20
0.8744818897637795
11
1.3172104724409448
21
0.8744107874015747
0
LINE
8
BLACK
6
CONTINUOUS
10
1.3172104724409448
20
0.8744107874015747
11
1.3183942913385827
21
0.8744818897637795
0
LINE
8
BLACK
6
CONTINUOUS
10
1.3183942913385827
20
0.8744818897637795
11
1.3187172834645668
21
0.8743203543307086
0
LINE
8
BLACK
6
CONTINUOUS
10
1.3085309055118111
20
0.8239831102362205
11
1.3258898031496062
21
0.8239831102362205
0
LINE
8
BLACK
6
CONTINUOUS
10
1.3258898031496062
20
0.8239831102362205
11
1.3172103543307085
21
0.8500213779527559
0
LINE
8
BLACK
6
CONTINUOUS
10
1.3172103543307085
20
0.8500213779527559
11
1.3085309055118111
21
0.8239831102362205
0
LINE
8
BLACK
6
CONTINUOUS
10
1.0378028346456694
20
0.8729875984251968
11
1.0394049606299212
21
0.8703841338582677
0
LINE
8
BLACK
6
CONTINUOUS
10
1.0394049606299212
20
0.8703841338582677
11
1.0394907086614174
21
0.8673284251968504
0
LINE
8
BLACK
6
CONTINUOUS
10
1.0394907086614174
20
0.8673284251968504
11
1.0226177952755906
21
0.7964622834645669
0
LINE
8
BLACK
6
CONTINUOUS
10
1.0226177952755906
20
0.7964622834645669
11
1.0225753937007873
21
0.7963838582677165
0
LINE
8
BLACK
6
CONTINUOUS
10
1.0225753937007873
20
0.7963838582677165
11
1.0225753149606298
21
0.7962948425196851
0
LINE
8
BLACK
6
CONTINUOUS
10
1.0225753149606298
20
0.7962948425196851
11
1.0218515354330708
21
0.7950446850393701
0
LINE
8
BLACK
6
CONTINUOUS
10
1.0218515354330708
20
0.7950446850393701
11
1.0211642125984253
21
0.7937730708661417
0
LINE
8
BLACK
6
CONTINUOUS
10
1.0211642125984253
20
0.7937730708661417
11
1.0210883070866141
21
0.7937263385826772
0
LINE
8
BLACK
6
CONTINUOUS
10
1.0210883070866141
20
0.7937263385826772
11
1.0210437007874016
21
0.7936492913385826
0
LINE
8
BLACK
6
CONTINUOUS
10
1.0210437007874016
20
0.7936492913385826
11
1.0197918110236219
21
0.7929285039370079
0
LINE
8
BLACK
6
CONTINUOUS
10
1.0197918110236219
20
0.7929285039370079
11
1.018560748031496
21
0.7921709448818898
0
LINE
8
BLACK
6
CONTINUOUS
10
1.018560748031496
20
0.7921709448818898
11
1.0184716535433072
21
0.7921684251968504
0
LINE
8
BLACK
6
CONTINUOUS
10
1.0184716535433072
20
0.7921684251968504
11
1.0183944881889764
21
0.7921240157480315
0
LINE
8
BLACK
6
CONTINUOUS
10
1.0183944881889764
20
0.7921240157480315
11
1.0169500393700788
21
0.7921257086614173
0
LINE
8
BLACK
6
CONTINUOUS
10
1.0169500393700788
20
0.7921257086614173
11
1.0155050393700786
21
0.7920851968503937
0
LINE
8
BLACK
6
CONTINUOUS
10
1.0155050393700786
20
0.7920851968503937
11
1.0154266141732282
21
0.7921275590551181
0
LINE
8
BLACK
6
CONTINUOUS
10
1.0154266141732282
20
0.7921275590551181
11
1.0153375984251969
21
0.7921276771653543
0
LINE
8
BLACK
6
CONTINUOUS
10
1.0153375984251969
20
0.7921276771653543
11
1.0140874409448819
21
0.7928514173228346
0
LINE
8
BLACK
6
CONTINUOUS
10
1.0140874409448819
20
0.7928514173228346
11
1.0128158267716536
21
0.793538779527559
0
LINE
8
BLACK
6
CONTINUOUS
10
1.0128158267716536
20
0.793538779527559
11
1.0127690944881889
21
0.7936146456692913
0
LINE
8
BLACK
6
CONTINUOUS
10
1.0127690944881889
20
0.7936146456692913
11
1.0126920472440946
21
0.7936592913385827
0
LINE
8
BLACK
6
CONTINUOUS
10
1.0126920472440946
20
0.7936592913385827
11
1.0119712598425197
21
0.7949111417322835
0
LINE
8
BLACK
6
CONTINUOUS
10
1.0119712598425197
20
0.7949111417322835
11
1.0112137007874016
21
0.7961422440944882
0
LINE
8
BLACK
6
CONTINUOUS
10
1.0112137007874016
20
0.7961422440944882
11
1.0112111811023621
21
0.7962312992125984
0
LINE
8
BLACK
6
CONTINUOUS
10
1.0112111811023621
20
0.7962312992125984
11
1.0111667716535433
21
0.7963085039370078
0
LINE
8
BLACK
6
CONTINUOUS
10
1.0111667716535433
20
0.7963085039370078
11
1.0033745669291338
21
0.8255292519685039
0
LINE
8
BLACK
6
CONTINUOUS
10
1.0033745669291338
20
0.8255292519685039
11
0.9955823622047244
21
0.7963085039370078
0
LINE
8
BLACK
6
CONTINUOUS
10
0.9955823622047244
20
0.7963085039370078
11
0.9955379133858268
21
0.7962312992125984
0
LINE
8
BLACK
6
CONTINUOUS
10
0.9955379133858268
20
0.7962312992125984
11
0.9955354330708661
21
0.7961422440944882
0
LINE
8
BLACK
6
CONTINUOUS
10
0.9955354330708661
20
0.7961422440944882
11
0.9947778346456693
21
0.7949111417322835
0
LINE
8
BLACK
6
CONTINUOUS
10
0.9947778346456693
20
0.7949111417322835
11
0.9940570866141732
21
0.7936592913385827
0
LINE
8
BLACK
6
CONTINUOUS
10
0.9940570866141732
20
0.7936592913385827
11
0.99398
21
0.7936146456692913
0
LINE
8
BLACK
6
CONTINUOUS
10
0.99398
20
0.7936146456692913
11
0.9939333070866142
21
0.793538779527559
0
LINE
8
BLACK
6
CONTINUOUS
10
0.9939333070866142
20
0.793538779527559
11
0.992661653543307
21
0.7928514173228346
0
LINE
8
BLACK
6
CONTINUOUS
10
0.992661653543307
20
0.7928514173228346
11
0.9914115354330708
21
0.7921276771653543
0
LINE
8
BLACK
6
CONTINUOUS
10
0.9914115354330708
20
0.7921276771653543
11
0.9913224803149606
21
0.7921275590551181
0
LINE
8
BLACK
6
CONTINUOUS
10
0.9913224803149606
20
0.7921275590551181
11
0.991244094488189
21
0.7920851968503937
0
LINE
8
BLACK
6
CONTINUOUS
10
0.991244094488189
20
0.7920851968503937
11
0.9897990551181102
21
0.7921257086614173
0
LINE
8
BLACK
6
CONTINUOUS
10
0.9897990551181102
20
0.7921257086614173
11
0.9883546456692913
21
0.7921240157480315
0
LINE
8
BLACK
6
CONTINUOUS
10
0.9883546456692913
20
0.7921240157480315
11
0.9882774409448819
21
0.7921684251968504
0
LINE
8
BLACK
6
CONTINUOUS
10
0.9882774409448819
20
0.7921684251968504
11
0.9881883858267716
21
0.7921709448818898
0
LINE
8
BLACK
6
CONTINUOUS
10
0.9881883858267716
20
0.7921709448818898
11
0.9869572834645669
21
0.7929285039370079
0
LINE
8
BLACK
6
CONTINUOUS
10
0.9869572834645669
20
0.7929285039370079
11
0.9857054330708661
21
0.7936492913385826
0
LINE
8
BLACK
6
CONTINUOUS
10
0.9857054330708661
20
0.7936492913385826
11
0.9856607874015748
21
0.7937263385826772
0
LINE
8
BLACK
6
CONTINUOUS
10
0.9856607874015748
20
0.7937263385826772
11
0.9855849212598425
21
0.7937730708661417
0
LINE
8
BLACK
6
CONTINUOUS
10
0.9855849212598425
20
0.7937730708661417
11
0.9848975590551181
21
0.7950446850393701
0
LINE
8
BLACK
6
CONTINUOUS
10
0.9848975590551181
20
0.7950446850393701
11
0.9841738188976378
21
0.7962948425196851
0
LINE
8
BLACK
6
CONTINUOUS
10
0.9841738188976378
20
0.7962948425196851
11
0.9841737007874015
21
0.7963838582677165
0
LINE
8
BLACK
6
CONTINUOUS
10
0.9841737007874015
20
0.7963838582677165
11
0.9841313385826771
21
0.7964622834645669
0
LINE
8
BLACK
6
CONTINUOUS
10
0.9841313385826771
20
0.7964622834645669
11
0.9672584251968503
21
0.8673284251968504
0
LINE
8
BLACK
6
CONTINUOUS
10
0.9672584251968503
20
0.8673284251968504
11
0.9673441732283464
21
0.8703841338582677
0
LINE
8
BLACK
6
CONTINUOUS
10
0.9673441732283464
20
0.8703841338582677
11
0.9689462992125984
21
0.8729875984251968
0
LINE
8
BLACK
6
CONTINUOUS
10
0.9689462992125984
20
0.8729875984251968
11
0.9716355118110236
21
0.8744411811023621
0
LINE
8
BLACK
6
CONTINUOUS
10
0.9716355118110236
20
0.8744411811023621
11
0.9746912204724409
21
0.8743554330708662
0
LINE
8
BLACK
6
CONTINUOUS
10
0.9746912204724409
20
0.8743554330708662
11
0.97729468503937
21
0.8727533070866141
0
LINE
8
BLACK
6
CONTINUOUS
10
0.97729468503937
20
0.8727533070866141
11
0.9787482677165354
21
0.870064094488189
0
LINE
8
BLACK
6
CONTINUOUS
10
0.9787482677165354
20
0.870064094488189
11
0.9902003937007874
21
0.821965157480315
0
LINE
8
BLACK
6
CONTINUOUS
10
0.9902003937007874
20
0.821965157480315
11
0.9976684645669291
21
0.8499704330708662
0
LINE
8
BLACK
6
CONTINUOUS
10
0.9976684645669291
20
0.8499704330708662
11
0.9976720866141732
21
0.8499767716535432
0
LINE
8
BLACK
6
CONTINUOUS
10
0.9976720866141732
20
0.8499767716535432
11
0.9976721259842519
21
0.8499840944881889
0
LINE
8
BLACK
6
CONTINUOUS
10
0.9976721259842519
20
0.8499840944881889
11
0.9984344094488189
21
0.8513008267716535
0
LINE
8
BLACK
6
CONTINUOUS
10
0.9984344094488189
20
0.8513008267716535
11
0.9991937401574803
21
0.8526196456692913
0
LINE
8
BLACK
6
CONTINUOUS
10
0.9991937401574803
20
0.8526196456692913
11
0.9992000393700787
21
0.8526233070866142
0
LINE
8
BLACK
6
CONTINUOUS
10
0.9992000393700787
20
0.8526233070866142
11
0.9992037401574803
21
0.8526296456692913
0
LINE
8
BLACK
6
CONTINUOUS
10
0.9992037401574803
20
0.8526296456692913
11
1.0005225196850394
21
0.853388937007874
0
LINE
8
BLACK
6
CONTINUOUS
10
1.0005225196850394
20
0.853388937007874
11
1.0018392913385827
21
0.8541512598425197
0
LINE
8
BLACK
6
CONTINUOUS
10
1.0018392913385827
20
0.8541512598425197
11
1.0018465748031495
21
0.8541512598425197
0
LINE
8
BLACK
6
CONTINUOUS
10
1.0018465748031495
20
0.8541512598425197
11
1.0018529527559055
21
0.8541549212598425
0
LINE
8
BLACK
6
CONTINUOUS
10
1.0018529527559055
20
0.8541549212598425
11
1.0033745669291338
21
0.8541530708661417
0
LINE
8
BLACK
6
CONTINUOUS
10
1.0033745669291338
20
0.8541530708661417
11
1.0048961811023622
21
0.8541549212598425
0
LINE
8
BLACK
6
CONTINUOUS
10
1.0048961811023622
20
0.8541549212598425
11
1.0049025196850394
21
0.8541512598425197
0
LINE
8
BLACK
6
CONTINUOUS
10
1.0049025196850394
20
0.8541512598425197
11
1.004909842519685
21
0.8541512598425197
0
LINE
8
BLACK
6
CONTINUOUS
10
1.004909842519685
20
0.8541512598425197
11
1.0062265748031496
21
0.853388937007874
0
LINE
8
BLACK
6
CONTINUOUS
10
1.0062265748031496
20
0.853388937007874
11
1.0075453937007874
21
0.8526296456692913
0
LINE
8
BLACK
6
CONTINUOUS
10
1.0075453937007874
20
0.8526296456692913
11
1.0075490551181101
21
0.8526233070866142
0
LINE
8
BLACK
6
CONTINUOUS
10
1.0075490551181101
20
0.8526233070866142
11
1.0075553937007873
21
0.8526196456692913
0
LINE
8
BLACK
6
CONTINUOUS
10
1.0075553937007873
20
0.8526196456692913
11
1.0083146850393701
21
0.8513008267716535
0
LINE
8
BLACK
6
CONTINUOUS
10
1.0083146850393701
20
0.8513008267716535
11
1.0090770078740157
21
0.8499840944881889
0
LINE
8
BLACK
6
CONTINUOUS
10
1.0090770078740157
20
0.8499840944881889
11
1.0090770078740157
21
0.8499767716535432
0
LINE
8
BLACK
6
CONTINUOUS
10
1.0090770078740157
20
0.8499767716535432
11
1.0090806692913386
21
0.8499704330708662
0
LINE
8
BLACK
6
CONTINUOUS
10
1.0090806692913386
20
0.8499704330708662
11
1.0165487007874014
21
0.821965157480315
0
LINE
8
BLACK
6
CONTINUOUS
10
1.0165487007874014
20
0.821965157480315
11
1.0280008661417324
21
0.870064094488189
0
LINE
8
BLACK
6
CONTINUOUS
10
1.0280008661417324
20
0.870064094488189
11
1.0294544488188977
21
0.8727533070866141
0
LINE
8
BLACK
6
CONTINUOUS
10
1.0294544488188977
20
0.8727533070866141
11
1.0320579133858268
21
0.8743554330708662
0
LINE
8
BLACK
6
CONTINUOUS
10
1.0320579133858268
20
0.8743554330708662
11
1.0351136220472441
21
0.8744411811023621
0
LINE
8
BLACK
6
CONTINUOUS
10
1.0351136220472441
20
0.8744411811023621
11
1.0378028346456694
21
0.8729875984251968
0
LINE
8
BLACK
6
CONTINUOUS
10
0.8643183858267717
20
0.9942704724409449
11
0.8655794488188976
21
0.9940477559055118
0
LINE
8
BLACK
6
CONTINUOUS
10
0.8655794488188976
20
0.9940477559055118
11
0.8657808661417322
21
0.9938786220472441
0
LINE
8
BLACK
6
CONTINUOUS
10
0.8657808661417322
20
0.9938786220472441
11
0.866034842519685
21
0.993810590551181
0
LINE
8
BLACK
6
CONTINUOUS
10
0.866034842519685
20
0.993810590551181
11
0.8669399999999999
21
0.9929053937007873
0
LINE
8
BLACK
6
CONTINUOUS
10
0.8669399999999999
20
0.9929053937007873
11
0.8679205905511811
21
0.9920821259842519
0
LINE
8
BLACK
6
CONTINUOUS
10
0.8679205905511811
20
0.9920821259842519
11
0.8680104330708661
21
0.9918349606299213
0
LINE
8
BLACK
6
CONTINUOUS
10
0.8680104330708661
20
0.9918349606299213
11
0.8681964173228346
21
0.9916490157480314
0
LINE
8
BLACK
6
CONTINUOUS
10
0.8681964173228346
20
0.9916490157480314
11
0.8685277559055118
21
0.9904124015748031
0
LINE
8
BLACK
6
CONTINUOUS
10
0.8685277559055118
20
0.9904124015748031
11
0.8689652755905511
21
0.989209251968504
0
LINE
8
BLACK
6
CONTINUOUS
10
0.8689652755905511
20
0.989209251968504
11
0.8689195275590551
21
0.9889502755905512
0
LINE
8
BLACK
6
CONTINUOUS
10
0.8689195275590551
20
0.9889502755905512
11
0.8689875984251968
21
0.9886962598425196
0
LINE
8
BLACK
6
CONTINUOUS
10
0.8689875984251968
20
0.9886962598425196
11
0.8689875984251968
21
0.9178301181102362
0
LINE
8
BLACK
6
CONTINUOUS
10
0.8689875984251968
20
0.9178301181102362
11
0.8681964173228346
21
0.9148773622047244
0
LINE
8
BLACK
6
CONTINUOUS
10
0.8681964173228346
20
0.9148773622047244
11
0.866034842519685
21
0.9127157874015748
0
LINE
8
BLACK
6
CONTINUOUS
10
0.866034842519685
20
0.9127157874015748
11
0.8630820866141732
21
0.9119246062992126
0
LINE
8
BLACK
6
CONTINUOUS
10
0.8630820866141732
20
0.9119246062992126
11
0.8601293307086614
21
0.9127157874015748
0
LINE
8
BLACK
6
CONTINUOUS
10
0.8601293307086614
20
0.9127157874015748
11
0.8579677559055118
21
0.9148773622047244
0
LINE
8
BLACK
6
CONTINUOUS
10
0.8579677559055118
20
0.9148773622047244
11
0.8571765748031496
21
0.9178301181102362
0
LINE
8
BLACK
6
CONTINUOUS
10
0.8571765748031496
20
0.9178301181102362
11
0.8571765748031496
21
0.9620767716535433
0
LINE
8
BLACK
6
CONTINUOUS
10
0.8571765748031496
20
0.9620767716535433
11
0.8448114960629921
21
0.9355802362204724
0
LINE
8
BLACK
6
CONTINUOUS
10
0.8448114960629921
20
0.9355802362204724
11
0.8444765748031496
21
0.9351813385826772
0
LINE
8
BLACK
6
CONTINUOUS
10
0.8444765748031496
20
0.9351813385826772
11
0.8442985433070866
21
0.9346917322834646
0
LINE
8
BLACK
6
CONTINUOUS
10
0.8442985433070866
20
0.9346917322834646
11
0.8435087401574803
21
0.9340286220472441
0
LINE
8
BLACK
6
CONTINUOUS
10
0.8435087401574803
20
0.9340286220472441
11
0.8428458661417323
21
0.933239094488189
0
LINE
8
BLACK
6
CONTINUOUS
10
0.8428458661417323
20
0.933239094488189
11
0.8423563779527559
21
0.9330611023622047
0
LINE
8
BLACK
6
CONTINUOUS
10
0.8423563779527559
20
0.9330611023622047
11
0.8419574015748031
21
0.9327261023622047
0
LINE
8
BLACK
6
CONTINUOUS
10
0.8419574015748031
20
0.9327261023622047
11
0.840941811023622
21
0.9325466929133858
0
LINE
8
BLACK
6
CONTINUOUS
10
0.840941811023622
20
0.9325466929133858
11
0.8399729921259842
21
0.9321944094488189
0
LINE
8
BLACK
6
CONTINUOUS
10
0.8399729921259842
20
0.9321944094488189
11
0.8394601181102362
21
0.9322849606299213
0
LINE
8
BLACK
6
CONTINUOUS
10
0.8394601181102362
20
0.9322849606299213
11
0.8389470866141732
21
0.9321943700787402
0
LINE
8
BLACK
6
CONTINUOUS
10
0.8389470866141732
20
0.9321943700787402
11
0.8379777952755906
21
0.932546811023622
0
LINE
8
BLACK
6
CONTINUOUS
10
0.8379777952755906
20
0.932546811023622
11
0.8369626771653543
21
0.9327261417322834
0
LINE
8
BLACK
6
CONTINUOUS
10
0.8369626771653543
20
0.9327261417322834
11
0.8365638188976378
21
0.9330609842519685
0
LINE
8
BLACK
6
CONTINUOUS
10
0.8365638188976378
20
0.9330609842519685
11
0.8360742125984252
21
0.9332390551181102
0
LINE
8
BLACK
6
CONTINUOUS
10
0.8360742125984252
20
0.9332390551181102
11
0.8354111023622047
21
0.9340288188976378
0
LINE
8
BLACK
6
CONTINUOUS
10
0.8354111023622047
20
0.9340288188976378
11
0.8346215354330708
21
0.9346917716535433
0
LINE
8
BLACK
6
CONTINUOUS
10
0.8346215354330708
20
0.9346917716535433
11
0.8344435039370078
21
0.9351812992125984
0
LINE
8
BLACK
6
CONTINUOUS
10
0.8344435039370078
20
0.9351812992125984
11
0.8341085826771654
21
0.9355802362204724
0
LINE
8
BLACK
6
CONTINUOUS
10
0.8341085826771654
20
0.9355802362204724
11
0.8217435039370079
21
0.9620768110236221
0
LINE
8
BLACK
6
CONTINUOUS
10
0.8217435039370079
20
0.9620768110236221
11
0.8217435039370079
21
0.9178301181102362
0
LINE
8
BLACK
6
CONTINUOUS
10
0.8217435039370079
20
0.9178301181102362
11
0.8209523228346457
21
0.9148773622047244
0
LINE
8
BLACK
6
CONTINUOUS
10
0.8209523228346457
20
0.9148773622047244
11
0.8187907480314961
21
0.9127157874015748
0
LINE
8
BLACK
6
CONTINUOUS
10
0.8187907480314961
20
0.9127157874015748
11
0.8158379921259842
21
0.9119246062992126
0
LINE
8
BLACK
6
CONTINUOUS
10
0.8158379921259842
20
0.9119246062992126
11
0.8128852362204724
21
0.9127157874015748
0
LINE
8
BLACK
6
CONTINUOUS
10
0.8128852362204724
20
0.9127157874015748
11
0.8107236614173228
21
0.9148773622047244
0
LINE
8
BLACK
6
CONTINUOUS
10
0.8107236614173228
20
0.9148773622047244
11
0.8099324803149606
21
0.9178301181102362
0
LINE
8
BLACK
6
CONTINUOUS
10
0.8099324803149606
20
0.9178301181102362
11
0.8099324803149606
21
0.9886962598425196
0
LINE
8
BLACK
6
CONTINUOUS
10
0.8099324803149606
20
0.9886962598425196
11
0.8100005118110236
21
0.9889502362204724
0
LINE
8
BLACK
6
CONTINUOUS
10
0.8100005118110236
20
0.9889502362204724
11
0.8099548031496063
21
0.9892092125984252
0
LINE
8
BLACK
6
CONTINUOUS
10
0.8099548031496063
20
0.9892092125984252
11
0.8103922440944882
21
0.9904122440944881
0
LINE
8
BLACK
6
CONTINUOUS
10
0.8103922440944882
20
0.9904122440944881
11
0.8107236614173228
21
0.9916490157480314
0
LINE
8
BLACK
6
CONTINUOUS
10
0.8107236614173228
20
0.9916490157480314
11
0.8109096062992126
21
0.9918349606299213
0
LINE
8
BLACK
6
CONTINUOUS
10
0.8109096062992126
20
0.9918349606299213
11
0.8109994881889764
21
0.9920820866141732
0
LINE
8
BLACK
6
CONTINUOUS
10
0.8109994881889764
20
0.9920820866141732
11
0.8119798031496063
21
0.9929051574803149
0
LINE
8
BLACK
6
CONTINUOUS
10
0.8119798031496063
20
0.9929051574803149
11
0.8128852362204724
21
0.993810590551181
0
LINE
8
BLACK
6
CONTINUOUS
10
0.8128852362204724
20
0.993810590551181
11
0.8131392519685039
21
0.9938786220472441
0
LINE
8
BLACK
6
CONTINUOUS
10
0.8131392519685039
20
0.9938786220472441
11
0.8133406299212598
21
0.994047716535433
0
LINE
8
BLACK
6
CONTINUOUS
10
0.8133406299212598
20
0.994047716535433
11
0.8146012204724409
21
0.9942703543307087
0
LINE
8
BLACK
6
CONTINUOUS
10
0.8146012204724409
20
0.9942703543307087
11
0.8158379921259842
21
0.9946017716535432
0
LINE
8
BLACK
6
CONTINUOUS
10
0.8158379921259842
20
0.9946017716535432
11
0.8160919685039369
21
0.9945337007874016
0
LINE
8
BLACK
6
CONTINUOUS
10
0.8160919685039369
20
0.9945337007874016
11
0.8163509448818898
21
0.9945794488188976
0
LINE
8
BLACK
6
CONTINUOUS
10
0.8163509448818898
20
0.9945794488188976
11
0.8175539763779527
21
0.994141968503937
0
LINE
8
BLACK
6
CONTINUOUS
10
0.8175539763779527
20
0.994141968503937
11
0.8187907480314961
21
0.993810590551181
0
LINE
8
BLACK
6
CONTINUOUS
10
0.8187907480314961
20
0.993810590551181
11
0.8189766929133858
21
0.9936246062992126
0
LINE
8
BLACK
6
CONTINUOUS
10
0.8189766929133858
20
0.9936246062992126
11
0.8192238188976377
21
0.9935347637795275
0
LINE
8
BLACK
6
CONTINUOUS
10
0.8192238188976377
20
0.9935347637795275
11
0.8200468897637795
21
0.9925544094488189
0
LINE
8
BLACK
6
CONTINUOUS
10
0.8200468897637795
20
0.9925544094488189
11
0.8209523228346457
21
0.9916490157480314
0
LINE
8
BLACK
6
CONTINUOUS
10
0.8209523228346457
20
0.9916490157480314
11
0.8210203543307086
21
0.9913949606299213
0
LINE
8
BLACK
6
CONTINUOUS
10
0.8210203543307086
20
0.9913949606299213
11
0.8211894488188977
21
0.991193622047244
0
LINE
8
BLACK
6
CONTINUOUS
10
0.8211894488188977
20
0.991193622047244
11
0.8394600393700787
21
0.9520423622047244
0
LINE
8
BLACK
6
CONTINUOUS
10
0.8394600393700787
20
0.9520423622047244
11
0.8577306299212598
21
0.991193622047244
0
LINE
8
BLACK
6
CONTINUOUS
10
0.8577306299212598
20
0.991193622047244
11
0.8578996850393701
21
0.9913949606299213
0
LINE
8
BLACK
6
CONTINUOUS
10
0.8578996850393701
20
0.9913949606299213
11
0.8579677559055118
21
0.9916490157480314
0
LINE
8
BLACK
6
CONTINUOUS
10
0.8579677559055118
20
0.9916490157480314
11
0.858873031496063
21
0.9925542913385826
0
LINE
8
BLACK
6
CONTINUOUS
10
0.858873031496063
20
0.9925542913385826
11
0.8596962598425196
21
0.9935348031496063
0
LINE
8
BLACK
6
CONTINUOUS
10
0.8596962598425196
20
0.9935348031496063
11
0.8599433858267717
21
0.9936246456692913
0
LINE
8
BLACK
6
CONTINUOUS
10
0.8599433858267717
20
0.9936246456692913
11
0.8601293307086614
21
0.993810590551181
0
LINE
8
BLACK
6
CONTINUOUS
10
0.8601293307086614
20
0.993810590551181
11
0.8613656692913385
21
0.9941418503937007
0
LINE
8
BLACK
6
CONTINUOUS
10
0.8613656692913385
20
0.9941418503937007
11
0.8625691338582677
21
0.9945794881889763
0
LINE
8
BLACK
6
CONTINUOUS
10
0.8625691338582677
20
0.9945794881889763
11
0.8628281496062992
21
0.9945337007874016
0
LINE
8
BLACK
6
CONTINUOUS
10
0.8628281496062992
20
0.9945337007874016
11
0.8630820866141732
21
0.9946017716535432
0
LINE
8
BLACK
6
CONTINUOUS
10
0.8630820866141732
20
0.9946017716535432
11
0.8643183858267717
21
0.9942704724409449
0
LINE
8
BLACK
6
CONTINUOUS
10
0.8997806299212598
20
0.993810590551181
11
0.9019422047244094
21
0.9916490157480314
0
LINE
8
BLACK
6
CONTINUOUS
10
0.9019422047244094
20
0.9916490157480314
11
0.9027333858267717
21
0.9886962598425196
0
LINE
8
BLACK
6
CONTINUOUS
10
0.9027333858267717
20
0.9886962598425196
11
0.9027333858267717
21
0.9237356299212598
0
LINE
8
BLACK
6
CONTINUOUS
10
0.9027333858267717
20
0.9237356299212598
11
0.9305736614173228
21
0.9237356299212598
0
LINE
8
BLACK
6
CONTINUOUS
10
0.9305736614173228
20
0.9237356299212598
11
0.9335264173228346
21
0.9229444488188976
0
LINE
8
BLACK
6
CONTINUOUS
10
0.9335264173228346
20
0.9229444488188976
11
0.9356879921259842
21
0.920782874015748
0
LINE
8
BLACK
6
CONTINUOUS
10
0.9356879921259842
20
0.920782874015748
11
0.9364791732283464
21
0.9178301181102362
0
LINE
8
BLACK
6
CONTINUOUS
10
0.9364791732283464
20
0.9178301181102362
11
0.9356879921259842
21
0.9148773622047244
0
LINE
8
BLACK
6
CONTINUOUS
10
0.9356879921259842
20
0.9148773622047244
11
0.9335264173228346
21
0.9127157874015748
0
LINE
8
BLACK
6
CONTINUOUS
10
0.9335264173228346
20
0.9127157874015748
11
0.9305736614173228
21
0.9119246062992126
0
LINE
8
BLACK
6
CONTINUOUS
10
0.9305736614173228
20
0.9119246062992126
11
0.896827874015748
21
0.9119246062992126
0
LINE
8
BLACK
6
CONTINUOUS
10
0.896827874015748
20
0.9119246062992126
11
0.8938751181102362
21
0.9127157874015748
0
LINE
8
BLACK
6
CONTINUOUS
10
0.8938751181102362
20
0.9127157874015748
11
0.8917135433070866
21
0.9148773622047244
0
LINE
8
BLACK
6
CONTINUOUS
10
0.8917135433070866
20
0.9148773622047244
11
0.8909223622047244
21
0.9178301181102362
0
LINE
8
BLACK
6
CONTINUOUS
10
0.8909223622047244
20
0.9178301181102362
11
0.8909223622047244
21
0.9886962598425196
0
LINE
8
BLACK
6
CONTINUOUS
10
0.8909223622047244
20
0.9886962598425196
11
0.8917135433070866
21
0.9916490157480314
0
LINE
8
BLACK
6
CONTINUOUS
10
0.8917135433070866
20
0.9916490157480314
11
0.8938751181102362
21
0.993810590551181
0
LINE
8
BLACK
6
CONTINUOUS
10
0.8938751181102362
20
0.993810590551181
11
0.896827874015748
21
0.9946017716535432
0
LINE
8
BLACK
6
CONTINUOUS
10
0.896827874015748
20
0.9946017716535432
11
0.8997806299212598
21
0.993810590551181
0
LINE
8
BLACK
6
CONTINUOUS
10
1.0398712992125985
20
0.9942504330708661
11
1.0412011811023623
21
0.9939783070866142
0
LINE
8
BLACK
6
CONTINUOUS
10
1.0412011811023623
20
0.9939783070866142
11
1.0479503543307087
21
0.9906037401574803
0
LINE
8
BLACK
6
CONTINUOUS
10
1.0479503543307087
20
0.9906037401574803
11
1.0486616929133858
21
0.9899729133858267
0
LINE
8
BLACK
6
CONTINUOUS
10
1.0486616929133858
20
0.9899729133858267
11
1.049485157480315
21
0.9894975196850393
0
LINE
8
BLACK
6
CONTINUOUS
10
1.049485157480315
20
0.9894975196850393
11
1.0528597244094489
21
0.9861229527559054
0
LINE
8
BLACK
6
CONTINUOUS
10
1.0528597244094489
20
0.9861229527559054
11
1.0533350787401574
21
0.9852995275590551
0
LINE
8
BLACK
6
CONTINUOUS
10
1.0533350787401574
20
0.9852995275590551
11
1.0539659448818897
21
0.9845881496062991
0
LINE
8
BLACK
6
CONTINUOUS
10
1.0539659448818897
20
0.9845881496062991
11
1.0573405118110235
21
0.9778389763779527
0
LINE
8
BLACK
6
CONTINUOUS
10
1.0573405118110235
20
0.9778389763779527
11
1.0576126377952755
21
0.9765090157480315
0
LINE
8
BLACK
6
CONTINUOUS
10
1.0576126377952755
20
0.9765090157480315
11
1.0579639763779527
21
0.9751979527559055
0
LINE
8
BLACK
6
CONTINUOUS
10
1.0579639763779527
20
0.9751979527559055
11
1.0579639763779527
21
0.9684488188976378
0
LINE
8
BLACK
6
CONTINUOUS
10
1.0579639763779527
20
0.9684488188976378
11
1.0576126377952755
21
0.967137716535433
0
LINE
8
BLACK
6
CONTINUOUS
10
1.0576126377952755
20
0.967137716535433
11
1.0573405118110235
21
0.9658077952755906
0
LINE
8
BLACK
6
CONTINUOUS
10
1.0573405118110235
20
0.9658077952755906
11
1.0539659448818897
21
0.9590586220472441
0
LINE
8
BLACK
6
CONTINUOUS
10
1.0539659448818897
20
0.9590586220472441
11
1.0533350787401574
21
0.9583472047244094
0
LINE
8
BLACK
6
CONTINUOUS
10
1.0533350787401574
20
0.9583472047244094
11
1.0528597244094489
21
0.9575238188976378
0
LINE
8
BLACK
6
CONTINUOUS
10
1.0528597244094489
20
0.9575238188976378
11
1.0517362598425197
21
0.9564003543307087
0
LINE
8
BLACK
6
CONTINUOUS
10
1.0517362598425197
20
0.9564003543307087
11
1.0528597244094489
21
0.9557517322834646
0
LINE
8
BLACK
6
CONTINUOUS
10
1.0528597244094489
20
0.9557517322834646
11
1.0562342913385827
21
0.9523771653543307
0
LINE
8
BLACK
6
CONTINUOUS
10
1.0562342913385827
20
0.9523771653543307
11
1.0567096456692913
21
0.9515537401574803
0
LINE
8
BLACK
6
CONTINUOUS
10
1.0567096456692913
20
0.9515537401574803
11
1.0573405118110235
21
0.9508423622047244
0
LINE
8
BLACK
6
CONTINUOUS
10
1.0573405118110235
20
0.9508423622047244
11
1.0607150787401574
21
0.944093188976378
0
LINE
8
BLACK
6
CONTINUOUS
10
1.0607150787401574
20
0.944093188976378
11
1.0609872047244093
21
0.9427632283464566
0
LINE
8
BLACK
6
CONTINUOUS
10
1.0609872047244093
20
0.9427632283464566
11
1.0613385433070865
21
0.9414521653543307
0
LINE
8
BLACK
6
CONTINUOUS
10
1.0613385433070865
20
0.9414521653543307
11
1.0613385433070865
21
0.9313284251968503
0
LINE
8
BLACK
6
CONTINUOUS
10
1.0613385433070865
20
0.9313284251968503
11
1.0609872047244093
21
0.9300173228346457
0
LINE
8
BLACK
6
CONTINUOUS
10
1.0609872047244093
20
0.9300173228346457
11
1.0607150787401574
21
0.9286874015748031
0
LINE
8
BLACK
6
CONTINUOUS
10
1.0607150787401574
20
0.9286874015748031
11
1.0573405118110235
21
0.9219382677165354
0
LINE
8
BLACK
6
CONTINUOUS
10
1.0573405118110235
20
0.9219382677165354
11
1.0567096456692913
21
0.9212268503937008
0
LINE
8
BLACK
6
CONTINUOUS
10
1.0567096456692913
20
0.9212268503937008
11
1.0562342913385827
21
0.9204034645669291
0
LINE
8
BLACK
6
CONTINUOUS
10
1.0562342913385827
20
0.9204034645669291
11
1.0528597244094489
21
0.9170288976377953
0
LINE
8
BLACK
6
CONTINUOUS
10
1.0528597244094489
20
0.9170288976377953
11
1.0520363385826772
21
0.9165535039370079
0
LINE
8
BLACK
6
CONTINUOUS
10
1.0520363385826772
20
0.9165535039370079
11
1.0513249606299213
21
0.9159226771653544
0
LINE
8
BLACK
6
CONTINUOUS
10
1.0513249606299213
20
0.9159226771653544
11
1.0445757480314961
21
0.9125480708661418
0
LINE
8
BLACK
6
CONTINUOUS
10
1.0445757480314961
20
0.9125480708661418
11
1.0432457874015748
21
0.912275905511811
0
LINE
8
BLACK
6
CONTINUOUS
10
1.0432457874015748
20
0.912275905511811
11
1.0419347244094488
21
0.9119246062992126
0
LINE
8
BLACK
6
CONTINUOUS
10
1.0419347244094488
20
0.9119246062992126
11
1.0149381102362205
21
0.9119246062992126
0
LINE
8
BLACK
6
CONTINUOUS
10
1.0149381102362205
20
0.9119246062992126
11
1.0119853543307087
21
0.9127157874015748
0
LINE
8
BLACK
6
CONTINUOUS
10
1.0119853543307087
20
0.9127157874015748
11
1.0098237795275591
21
0.9148773622047244
0
LINE
8
BLACK
6
CONTINUOUS
10
1.0098237795275591
20
0.9148773622047244
11
1.0090325984251969
21
0.9178301181102362
0
LINE
8
BLACK
6
CONTINUOUS
10
1.0090325984251969
20
0.9178301181102362
11
1.0090325984251969
21
0.9886962598425196
0
LINE
8
BLACK
6
CONTINUOUS
10
1.0090325984251969
20
0.9886962598425196
11
1.0098237795275591
21
0.9916490157480314
0
LINE
8
BLACK
6
CONTINUOUS
10
1.0098237795275591
20
0.9916490157480314
11
1.0119853543307087
21
0.993810590551181
0
LINE
8
BLACK
6
CONTINUOUS
10
1.0119853543307087
20
0.993810590551181
11
1.0149381102362205
21
0.9946017716535432
0
LINE
8
BLACK
6
CONTINUOUS
10
1.0149381102362205
20
0.9946017716535432
11
1.0385601574803149
21
0.9946017716535432
0
LINE
8
BLACK
6
CONTINUOUS
10
1.0385601574803149
20
0.9946017716535432
11
1.0398712992125985
21
0.9942504330708661
0
LINE
8
BLACK
6
CONTINUOUS
10
1.0208436220472441
20
0.9237356299212598
11
1.0405406299212598
21
0.9237356299212598
0
LINE
8
BLACK
6
CONTINUOUS
10
1.0405406299212598
20
0.9237356299212598
11
1.0451856692913386
21
0.9260581496062992
0
LINE
8
BLACK
6
CONTINUOUS
10
1.0451856692913386
20
0.9260581496062992
11
1.0472049999999999
21
0.9280774803149606
0
LINE
8
BLACK
6
CONTINUOUS
10
1.0472049999999999
20
0.9280774803149606
11
1.0495275196850393
21
0.9327225196850394
0
LINE
8
BLACK
6
CONTINUOUS
10
1.0495275196850393
20
0.9327225196850394
11
1.0495275196850393
21
0.9400580708661417
0
LINE
8
BLACK
6
CONTINUOUS
10
1.0495275196850393
20
0.9400580708661417
11
1.0472049606299212
21
0.9447031496062992
0
LINE
8
BLACK
6
CONTINUOUS
10
1.0472049606299212
20
0.9447031496062992
11
1.0454938188976377
21
0.9464142913385827
0
LINE
8
BLACK
6
CONTINUOUS
10
1.0454938188976377
20
0.9464142913385827
11
1.0376017716535433
21
0.9490449606299213
0
LINE
8
BLACK
6
CONTINUOUS
10
1.0376017716535433
20
0.9490449606299213
11
1.0208436220472441
21
0.9490449606299213
0
LINE
8
BLACK
6
CONTINUOUS
10
1.0208436220472441
20
0.9490449606299213
11
1.0208436220472441
21
0.9237356299212598
0
LINE
8
BLACK
6
CONTINUOUS
10
1.0208436220472441
20
0.9608559842519685
11
1.037166062992126
21
0.9608559842519685
0
LINE
8
BLACK
6
CONTINUOUS
10
1.037166062992126
20
0.9608559842519685
11
1.0418111023622048
21
0.9631785039370079
0
LINE
8
BLACK
6
CONTINUOUS
10
1.0418111023622048
20
0.9631785039370079
11
1.0438303937007873
21
0.9651977952755906
0
LINE
8
BLACK
6
CONTINUOUS
10
1.0438303937007873
20
0.9651977952755906
11
1.0461529527559055
21
0.969842874015748
0
LINE
8
BLACK
6
CONTINUOUS
10
1.0461529527559055
20
0.969842874015748
11
1.0461529527559055
21
0.9738038582677165
0
LINE
8
BLACK
6
CONTINUOUS
10
1.0461529527559055
20
0.9738038582677165
11
1.0438303937007873
21
0.9784489370078739
0
LINE
8
BLACK
6
CONTINUOUS
10
1.0438303937007873
20
0.9784489370078739
11
1.0418111417322835
21
0.9804681889763779
0
LINE
8
BLACK
6
CONTINUOUS
10
1.0418111417322835
20
0.9804681889763779
11
1.037166062992126
21
0.982790748031496
0
LINE
8
BLACK
6
CONTINUOUS
10
1.037166062992126
20
0.982790748031496
11
1.0208436220472441
21
0.982790748031496
0
LINE
8
BLACK
6
CONTINUOUS
10
1.0208436220472441
20
0.982790748031496
11
1.0208436220472441
21
0.9608559842519685
0
LINE
8
BLACK
6
CONTINUOUS
10
1.0865552362204725
20
0.9302835826771654
11
1.087332716535433
21
0.9302835826771654
0
LINE
8
BLACK
6
CONTINUOUS
10
1.087332716535433
20
0.9302835826771654
11
1.0880060236220472
21
0.929894842519685
0
LINE
8
BLACK
6
CONTINUOUS
10
1.0880060236220472
20
0.929894842519685
11
1.0887570078740156
21
0.929693622047244
0
LINE
8
BLACK
6
CONTINUOUS
10
1.0887570078740156
20
0.929693622047244
11
1.0893067716535434
21
0.9291438188976378
0
LINE
8
BLACK
6
CONTINUOUS
10
1.0893067716535434
20
0.9291438188976378
11
1.0899800787401575
21
0.9287551181102361
0
LINE
8
BLACK
6
CONTINUOUS
10
1.0899800787401575
20
0.9287551181102361
11
1.093354527559055
21
0.9253806299212598
0
LINE
8
BLACK
6
CONTINUOUS
10
1.093354527559055
20
0.9253806299212598
11
1.0933546456692913
21
0.925380590551181
0
LINE
8
BLACK
6
CONTINUOUS
10
1.0933546456692913
20
0.925380590551181
11
1.0948831102362204
21
0.9227332283464567
0
LINE
8
BLACK
6
CONTINUOUS
10
1.0948831102362204
20
0.9227332283464567
11
1.0948831496062992
21
0.9196762992125984
0
LINE
8
BLACK
6
CONTINUOUS
10
1.0948831496062992
20
0.9196762992125984
11
1.0933546850393701
21
0.917028937007874
0
LINE
8
BLACK
6
CONTINUOUS
10
1.0933546850393701
20
0.917028937007874
11
1.0899801181102362
21
0.9136543307086614
0
LINE
8
BLACK
6
CONTINUOUS
10
1.0899801181102362
20
0.9136543307086614
11
1.0899800787401575
21
0.9136542519685039
0
LINE
8
BLACK
6
CONTINUOUS
10
1.0899800787401575
20
0.9136542519685039
11
1.0893066929133859
21
0.9132654724409449
0
LINE
8
BLACK
6
CONTINUOUS
10
1.0893066929133859
20
0.9132654724409449
11
1.0887570078740156
21
0.9127157874015748
0
LINE
8
BLACK
6
CONTINUOUS
10
1.0887570078740156
20
0.9127157874015748
11
1.088006062992126
21
0.9125145669291338
0
LINE
8
BLACK
6
CONTINUOUS
10
1.088006062992126
20
0.9125145669291338
11
1.0873326771653542
21
0.9121257874015748
0
LINE
8
BLACK
6
CONTINUOUS
10
1.0873326771653542
20
0.9121257874015748
11
1.0865550787401574
21
0.9121257874015748
0
LINE
8
BLACK
6
CONTINUOUS
10
1.0865550787401574
20
0.9121257874015748
11
1.0858042519685038
21
0.9119246062992126
0
LINE
8
BLACK
6
CONTINUOUS
10
1.0858042519685038
20
0.9119246062992126
11
1.0850533070866142
21
0.9121257874015748
0
LINE
8
BLACK
6
CONTINUOUS
10
1.0850533070866142
20
0.9121257874015748
11
1.084275748031496
21
0.9121258267716535
0
LINE
8
BLACK
6
CONTINUOUS
10
1.084275748031496
20
0.9121258267716535
11
1.0836024015748031
21
0.9125145669291338
0
LINE
8
BLACK
6
CONTINUOUS
10
1.0836024015748031
20
0.9125145669291338
11
1.082851496062992
21
0.9127157874015748
0
LINE
8
BLACK
6
CONTINUOUS
10
1.082851496062992
20
0.9127157874015748
11
1.0823017322834645
21
0.9132655118110236
0
LINE
8
BLACK
6
CONTINUOUS
10
1.0823017322834645
20
0.9132655118110236
11
1.0820487401574803
21
0.9134116141732284
0
LINE
8
BLACK
6
CONTINUOUS
10
1.0820487401574803
20
0.9134116141732284
11
1.0816284645669292
21
0.9136542519685039
0
LINE
8
BLACK
6
CONTINUOUS
10
1.0816284645669292
20
0.9136542519685039
11
1.0816284251968504
21
0.9136542913385827
0
LINE
8
BLACK
6
CONTINUOUS
10
1.0816284251968504
20
0.9136542913385827
11
1.0782538188976378
21
0.917028937007874
0
LINE
8
BLACK
6
CONTINUOUS
10
1.0782538188976378
20
0.917028937007874
11
1.0775870078740157
21
0.918183937007874
0
LINE
8
BLACK
6
CONTINUOUS
10
1.0775870078740157
20
0.918183937007874
11
1.0767253937007875
21
0.9196762598425197
0
LINE
8
BLACK
6
CONTINUOUS
10
1.0767253937007875
20
0.9196762598425197
11
1.0767253937007875
21
0.9227331889763779
0
LINE
8
BLACK
6
CONTINUOUS
10
1.0767253937007875
20
0.9227331889763779
11
1.0767253937007875
21
0.9227332283464567
0
LINE
8
BLACK
6
CONTINUOUS
10
1.0767253937007875
20
0.9227332283464567
11
1.0782147637795276
21
0.9253128346456693
0
LINE
8
BLACK
6
CONTINUOUS
10
1.0782147637795276
20
0.9253128346456693
11
1.0782538582677166
21
0.9253805511811023
0
LINE
8
BLACK
6
CONTINUOUS
10
1.0782538582677166
20
0.9253805511811023
11
1.0816284251968504
21
0.9287551181102361
0
LINE
8
BLACK
6
CONTINUOUS
10
1.0816284251968504
20
0.9287551181102361
11
1.0823016929133857
21
0.9291438188976378
0
LINE
8
BLACK
6
CONTINUOUS
10
1.0823016929133857
20
0.9291438188976378
11
1.082851496062992
21
0.929693622047244
0
LINE
8
BLACK
6
CONTINUOUS
10
1.082851496062992
20
0.929693622047244
11
1.0836024409448819
21
0.929894842519685
0
LINE
8
BLACK
6
CONTINUOUS
10
1.0836024409448819
20
0.929894842519685
11
1.0842757874015747
21
0.9302835826771654
0
LINE
8
BLACK
6
CONTINUOUS
10
1.0842757874015747
20
0.9302835826771654
11
1.0850532677165354
21
0.9302835826771654
0
LINE
8
BLACK
6
CONTINUOUS
10
1.0850532677165354
20
0.9302835826771654
11
1.0858042519685038
21
0.9304848031496062
0
LINE
8
BLACK
6
CONTINUOUS
10
1.0858042519685038
20
0.9304848031496062
11
1.0865552362204725
21
0.9302835826771654
0
LINE
8
BLACK
6
CONTINUOUS
10
1.1474649606299212
20
0.9943557086614173
11
1.1484141338582676
21
0.9942987401574803
0
LINE
8
BLACK
6
CONTINUOUS
10
1.1484141338582676
20
0.9942987401574803
11
1.1585378740157479
21
0.9909241732283465
0
LINE
8
BLACK
6
CONTINUOUS
10
1.1585378740157479
20
0.9909241732283465
11
1.1596707480314961
21
0.9901761417322834
0
LINE
8
BLACK
6
CONTINUOUS
10
1.1596707480314961
20
0.9901761417322834
11
1.160846220472441
21
0.9894975196850393
0
LINE
8
BLACK
6
CONTINUOUS
10
1.160846220472441
20
0.9894975196850393
11
1.1642207874015749
21
0.9861229527559054
0
LINE
8
BLACK
6
CONTINUOUS
10
1.1642207874015749
20
0.9861229527559054
11
1.165749251968504
21
0.9834755905511811
0
LINE
8
BLACK
6
CONTINUOUS
10
1.165749251968504
20
0.9834755905511811
11
1.165749251968504
21
0.9804186614173228
0
LINE
8
BLACK
6
CONTINUOUS
10
1.165749251968504
20
0.9804186614173228
11
1.1642207874015749
21
0.9777712992125984
0
LINE
8
BLACK
6
CONTINUOUS
10
1.1642207874015749
20
0.9777712992125984
11
1.1615734251968504
21
0.9762428346456693
0
LINE
8
BLACK
6
CONTINUOUS
10
1.1615734251968504
20
0.9762428346456693
11
1.1585164960629921
21
0.9762428346456693
0
LINE
8
BLACK
6
CONTINUOUS
10
1.1585164960629921
20
0.9762428346456693
11
1.1558691338582676
21
0.9777712992125984
0
LINE
8
BLACK
6
CONTINUOUS
10
1.1558691338582676
20
0.9777712992125984
11
1.1534803149606299
21
0.9801600787401574
0
LINE
8
BLACK
6
CONTINUOUS
10
1.1534803149606299
20
0.9801600787401574
11
1.1455882677165354
21
0.982790748031496
0
LINE
8
BLACK
6
CONTINUOUS
10
1.1455882677165354
20
0.982790748031496
11
1.1407559055118111
21
0.982790748031496
0
LINE
8
BLACK
6
CONTINUOUS
10
1.1407559055118111
20
0.982790748031496
11
1.1328637795275591
21
0.9801600393700787
0
LINE
8
BLACK
6
CONTINUOUS
10
1.1328637795275591
20
0.9801600393700787
11
1.1277780708661418
21
0.9750743307086613
0
LINE
8
BLACK
6
CONTINUOUS
10
1.1277780708661418
20
0.9750743307086613
11
1.1251219685039371
21
0.9697621259842519
0
LINE
8
BLACK
6
CONTINUOUS
10
1.1251219685039371
20
0.9697621259842519
11
1.1220809842519686
21
0.9575981496062992
0
LINE
8
BLACK
6
CONTINUOUS
10
1.1220809842519686
20
0.9575981496062992
11
1.1220809842519686
21
0.9489282283464566
0
LINE
8
BLACK
6
CONTINUOUS
10
1.1220809842519686
20
0.9489282283464566
11
1.1251219685039371
21
0.9367642519685039
0
LINE
8
BLACK
6
CONTINUOUS
10
1.1251219685039371
20
0.9367642519685039
11
1.1277780708661418
21
0.9314520472440945
0
LINE
8
BLACK
6
CONTINUOUS
10
1.1277780708661418
20
0.9314520472440945
11
1.1328638188976379
21
0.9263662992125984
0
LINE
8
BLACK
6
CONTINUOUS
10
1.1328638188976379
20
0.9263662992125984
11
1.1407558267716535
21
0.9237356299212598
0
LINE
8
BLACK
6
CONTINUOUS
10
1.1407558267716535
20
0.9237356299212598
11
1.1455883858267717
21
0.9237356299212598
0
LINE
8
BLACK
6
CONTINUOUS
10
1.1455883858267717
20
0.9237356299212598
11
1.1534802755905511
21
0.9263662598425196
0
LINE
8
BLACK
6
CONTINUOUS
10
1.1534802755905511
20
0.9263662598425196
11
1.1558691338582676
21
0.9287551181102361
0
LINE
8
BLACK
6
CONTINUOUS
10
1.1558691338582676
20
0.9287551181102361
11
1.1585164960629921
21
0.9302835826771654
0
LINE
8
BLACK
6
CONTINUOUS
10
1.1585164960629921
20
0.9302835826771654
11
1.1615734251968504
21
0.9302835826771654
0
LINE
8
BLACK
6
CONTINUOUS
10
1.1615734251968504
20
0.9302835826771654
11
1.1642207874015749
21
0.9287551181102361
0
LINE
8
BLACK
6
CONTINUOUS
10
1.1642207874015749
20
0.9287551181102361
11
1.165749251968504
21
0.9261077559055118
0
LINE
8
BLACK
6
CONTINUOUS
10
1.165749251968504
20
0.9261077559055118
11
1.165749251968504
21
0.9230508267716535
0
LINE
8
BLACK
6
CONTINUOUS
10
1.165749251968504
20
0.9230508267716535
11
1.1642207874015749
21
0.9204034645669291
0
LINE
8
BLACK
6
CONTINUOUS
10
1.1642207874015749
20
0.9204034645669291
11
1.160846220472441
21
0.9170288976377953
0
LINE
8
BLACK
6
CONTINUOUS
10
1.160846220472441
20
0.9170288976377953
11
1.159670590551181
21
0.9163501181102361
0
LINE
8
BLACK
6
CONTINUOUS
10
1.159670590551181
20
0.9163501181102361
11
1.1585379133858267
21
0.915602283464567
0
LINE
8
BLACK
6
CONTINUOUS
10
1.1585379133858267
20
0.915602283464567
11
1.1484141338582676
21
0.9122276771653544
0
LINE
8
BLACK
6
CONTINUOUS
10
1.1484141338582676
20
0.9122276771653544
11
1.1474650787401575
21
0.9121706692913386
0
LINE
8
BLACK
6
CONTINUOUS
10
1.1474650787401575
20
0.9121706692913386
11
1.1465466535433071
21
0.9119246062992126
0
LINE
8
BLACK
6
CONTINUOUS
10
1.1465466535433071
20
0.9119246062992126
11
1.1397975196850394
21
0.9119246062992126
0
LINE
8
BLACK
6
CONTINUOUS
10
1.1397975196850394
20
0.9119246062992126
11
1.1388790551181103
21
0.9121706692913386
0
LINE
8
BLACK
6
CONTINUOUS
10
1.1388790551181103
20
0.9121706692913386
11
1.1379300393700786
21
0.9122276771653544
0
LINE
8
BLACK
6
CONTINUOUS
10
1.1379300393700786
20
0.9122276771653544
11
1.1278062992125983
21
0.915602283464567
0
LINE
8
BLACK
6
CONTINUOUS
10
1.1278062992125983
20
0.915602283464567
11
1.1266737007874015
21
0.9163500393700788
0
LINE
8
BLACK
6
CONTINUOUS
10
1.1266737007874015
20
0.9163500393700788
11
1.1254979921259842
21
0.9170288582677165
0
LINE
8
BLACK
6
CONTINUOUS
10
1.1254979921259842
20
0.9170288582677165
11
1.118748779527559
21
0.923778031496063
0
LINE
8
BLACK
6
CONTINUOUS
10
1.118748779527559
20
0.923778031496063
11
1.118273346456693
21
0.9246014566929134
0
LINE
8
BLACK
6
CONTINUOUS
10
1.118273346456693
20
0.9246014566929134
11
1.117642559055118
21
0.9253128346456693
0
LINE
8
BLACK
6
CONTINUOUS
10
1.117642559055118
20
0.9253128346456693
11
1.1142679921259842
21
0.9320620078740157
0
LINE
8
BLACK
6
CONTINUOUS
10
1.1142679921259842
20
0.9320620078740157
11
1.1141372440944881
21
0.9327007480314961
0
LINE
8
BLACK
6
CONTINUOUS
10
1.1141372440944881
20
0.9327007480314961
11
1.1138208661417324
21
0.933270748031496
0
LINE
8
BLACK
6
CONTINUOUS
10
1.1138208661417324
20
0.933270748031496
11
1.1104462992125983
21
0.9467690551181103
0
LINE
8
BLACK
6
CONTINUOUS
10
1.1104462992125983
20
0.9467690551181103
11
1.1104585433070866
21
0.9474975196850394
0
LINE
8
BLACK
6
CONTINUOUS
10
1.1104585433070866
20
0.9474975196850394
11
1.1102699606299213
21
0.9482013385826772
0
LINE
8
BLACK
6
CONTINUOUS
10
1.1102699606299213
20
0.9482013385826772
11
1.1102699606299213
21
0.9583250787401575
0
LINE
8
BLACK
6
CONTINUOUS
10
1.1102699606299213
20
0.9583250787401575
11
1.1104585433070866
21
0.9590288582677166
0
LINE
8
BLACK
6
CONTINUOUS
10
1.1104585433070866
20
0.9590288582677166
11
1.1104462992125983
21
0.9597573622047244
0
LINE
8
BLACK
6
CONTINUOUS
10
1.1104462992125983
20
0.9597573622047244
11
1.1138208661417324
21
0.9732556692913386
0
LINE
8
BLACK
6
CONTINUOUS
10
1.1138208661417324
20
0.9732556692913386
11
1.1141372440944881
21
0.9738256299212599
0
LINE
8
BLACK
6
CONTINUOUS
10
1.1141372440944881
20
0.9738256299212599
11
1.1142679921259842
21
0.9744644094488188
0
LINE
8
BLACK
6
CONTINUOUS
10
1.1142679921259842
20
0.9744644094488188
11
1.117642559055118
21
0.9812135433070865
0
LINE
8
BLACK
6
CONTINUOUS
10
1.117642559055118
20
0.9812135433070865
11
1.1182733858267717
21
0.9819249212598425
0
LINE
8
BLACK
6
CONTINUOUS
10
1.1182733858267717
20
0.9819249212598425
11
1.118748779527559
21
0.9827483464566928
0
LINE
8
BLACK
6
CONTINUOUS
10
1.118748779527559
20
0.9827483464566928
11
1.1254979527559055
21
0.9894975196850393
0
LINE
8
BLACK
6
CONTINUOUS
10
1.1254979527559055
20
0.9894975196850393
11
1.1266733858267717
21
0.9901761417322834
0
LINE
8
BLACK
6
CONTINUOUS
10
1.1266733858267717
20
0.9901761417322834
11
1.1278062992125983
21
0.9909241732283465
0
LINE
8
BLACK
6
CONTINUOUS
10
1.1278062992125983
20
0.9909241732283465
11
1.1379300393700786
21
0.9942987007874016
0
LINE
8
BLACK
6
CONTINUOUS
10
1.1379300393700786
20
0.9942987007874016
11
1.1388790551181103
21
0.9943556692913386
0
LINE
8
BLACK
6
CONTINUOUS
10
1.1388790551181103
20
0.9943556692913386
11
1.1397975196850394
21
0.9946017716535432
0
LINE
8
BLACK
6
CONTINUOUS
10
1.1397975196850394
20
0.9946017716535432
11
1.1465466535433071
21
0.9946017716535432
0
LINE
8
BLACK
6
CONTINUOUS
10
1.1465466535433071
20
0.9946017716535432
11
1.1474649606299212
21
0.9943557086614173
0
LINE
8
BLACK
6
CONTINUOUS
10
1.2310996850393701
20
0.9945512204724409
11
1.2312911811023621
21
0.9945895275590551
0
LINE
8
BLACK
6
CONTINUOUS
10
1.2312911811023621
20
0.9945895275590551
11
1.2325649999999999
21
0.9941585826771653
0
LINE
8
BLACK
6
CONTINUOUS
10
1.2325649999999999
20
0.9941585826771653
11
1.2338638582677166
21
0.993810590551181
0
LINE
8
BLACK
6
CONTINUOUS
10
1.2338638582677166
20
0.993810590551181
11
1.2340018897637794
21
0.9936725196850393
0
LINE
8
BLACK
6
CONTINUOUS
10
1.2340018897637794
20
0.9936725196850393
11
1.2341868897637795
21
0.9936099606299212
0
LINE
8
BLACK
6
CONTINUOUS
10
1.2341868897637795
20
0.9936099606299212
11
1.2350746456692914
21
0.9925997637795275
0
LINE
8
BLACK
6
CONTINUOUS
10
1.2350746456692914
20
0.9925997637795275
11
1.2360254330708662
21
0.9916490157480314
0
LINE
8
BLACK
6
CONTINUOUS
10
1.2360254330708662
20
0.9916490157480314
11
1.2360759448818897
21
0.9914604330708661
0
LINE
8
BLACK
6
CONTINUOUS
10
1.2360759448818897
20
0.9914604330708661
11
1.2362048818897637
21
0.9913137401574803
0
LINE
8
BLACK
6
CONTINUOUS
10
1.2362048818897637
20
0.9913137401574803
11
1.2364685826771653
21
0.989995
0
LINE
8
BLACK
6
CONTINUOUS
10
1.2364685826771653
20
0.989995
11
1.2368166141732284
21
0.9886962598425196
0
LINE
8
BLACK
6
CONTINUOUS
10
1.2368166141732284
20
0.9886962598425196
11
1.236766062992126
21
0.9885076377952756
0
LINE
8
BLACK
6
CONTINUOUS
10
1.236766062992126
20
0.9885076377952756
11
1.2368043700787401
21
0.9883161811023622
0
LINE
8
BLACK
6
CONTINUOUS
10
1.2368043700787401
20
0.9883161811023622
11
1.2363734251968503
21
0.9870423228346457
0
LINE
8
BLACK
6
CONTINUOUS
10
1.2363734251968503
20
0.9870423228346457
11
1.2360254330708662
21
0.9857435039370078
0
LINE
8
BLACK
6
CONTINUOUS
10
1.2360254330708662
20
0.9857435039370078
11
1.2358873622047244
21
0.9856054330708661
0
LINE
8
BLACK
6
CONTINUOUS
10
1.2358873622047244
20
0.9856054330708661
11
1.2358248031496062
21
0.9854204724409449
0
LINE
8
BLACK
6
CONTINUOUS
10
1.2358248031496062
20
0.9854204724409449
11
1.1947015748031495
21
0.9237356299212598
0
LINE
8
BLACK
6
CONTINUOUS
10
1.1947015748031495
20
0.9237356299212598
11
1.2309111023622048
21
0.9237356299212598
0
LINE
8
BLACK
6
CONTINUOUS
10
1.2309111023622048
20
0.9237356299212598
11
1.2338638582677166
21
0.9229444488188976
0
LINE
8
BLACK
6
CONTINUOUS
10
1.2338638582677166
20
0.9229444488188976
11
1.2360254330708662
21
0.920782874015748
0
LINE
8
BLACK
6
CONTINUOUS
10
1.2360254330708662
20
0.920782874015748
11
1.2368166141732284
21
0.9178301181102362
0
LINE
8
BLACK
6
CONTINUOUS
10
1.2368166141732284
20
0.9178301181102362
11
1.2360254330708662
21
0.9148773622047244
0
LINE
8
BLACK
6
CONTINUOUS
10
1.2360254330708662
20
0.9148773622047244
11
1.2338638582677166
21
0.9127157874015748
0
LINE
8
BLACK
6
CONTINUOUS
10
1.2338638582677166
20
0.9127157874015748
11
1.2309111023622048
21
0.9119246062992126
0
LINE
8
BLACK
6
CONTINUOUS
10
1.2309111023622048
20
0.9119246062992126
11
1.1836670078740157
21
0.9119246062992126
0
LINE
8
BLACK
6
CONTINUOUS
10
1.1836670078740157
20
0.9119246062992126
11
1.1834783858267717
21
0.9119751181102362
0
LINE
8
BLACK
6
CONTINUOUS
10
1.1834783858267717
20
0.9119751181102362
11
1.1832869291338581
21
0.9119368503937008
0
LINE
8
BLACK
6
CONTINUOUS
10
1.1832869291338581
20
0.9119368503937008
11
1.1820130708661416
21
0.9123677559055118
0
LINE
8
BLACK
6
CONTINUOUS
10
1.1820130708661416
20
0.9123677559055118
11
1.1807142519685039
21
0.9127157874015748
0
LINE
8
BLACK
6
CONTINUOUS
10
1.1807142519685039
20
0.9127157874015748
11
1.1805761811023623
21
0.9128538188976377
0
LINE
8
BLACK
6
CONTINUOUS
10
1.1805761811023623
20
0.9128538188976377
11
1.1803912204724409
21
0.9129164173228346
0
LINE
8
BLACK
6
CONTINUOUS
10
1.1803912204724409
20
0.9129164173228346
11
1.1795034251968504
21
0.9139265748031495
0
LINE
8
BLACK
6
CONTINUOUS
10
1.1795034251968504
20
0.9139265748031495
11
1.1785526771653543
21
0.9148773622047244
0
LINE
8
BLACK
6
CONTINUOUS
10
1.1785526771653543
20
0.9148773622047244
11
1.1785021259842519
21
0.915065905511811
0
LINE
8
BLACK
6
CONTINUOUS
10
1.1785021259842519
20
0.915065905511811
11
1.1783732283464567
21
0.9152126377952756
0
LINE
8
BLACK
6
CONTINUOUS
10
1.1783732283464567
20
0.9152126377952756
11
1.1781094881889764
21
0.9165313385826771
0
LINE
8
BLACK
6
CONTINUOUS
10
1.1781094881889764
20
0.9165313385826771
11
1.1777614960629921
21
0.9178301181102362
0
LINE
8
BLACK
6
CONTINUOUS
10
1.1777614960629921
20
0.9178301181102362
11
1.1778120078740157
21
0.9180187007874016
0
LINE
8
BLACK
6
CONTINUOUS
10
1.1778120078740157
20
0.9180187007874016
11
1.1777737401574804
21
0.9182101968503937
0
LINE
8
BLACK
6
CONTINUOUS
10
1.1777737401574804
20
0.9182101968503937
11
1.1782046456692914
21
0.9194840157480315
0
LINE
8
BLACK
6
CONTINUOUS
10
1.1782046456692914
20
0.9194840157480315
11
1.1785526771653543
21
0.920782874015748
0
LINE
8
BLACK
6
CONTINUOUS
10
1.1785526771653543
20
0.920782874015748
11
1.1786907086614173
21
0.920920905511811
0
LINE
8
BLACK
6
CONTINUOUS
10
1.1786907086614173
20
0.920920905511811
11
1.1787533070866141
21
0.921105905511811
0
LINE
8
BLACK
6
CONTINUOUS
10
1.1787533070866141
20
0.921105905511811
11
1.2198765748031495
21
0.982790748031496
0
LINE
8
BLACK
6
CONTINUOUS
10
1.2198765748031495
20
0.982790748031496
11
1.1836670078740157
21
0.982790748031496
0
LINE
8
BLACK
6
CONTINUOUS
10
1.1836670078740157
20
0.982790748031496
11
1.1807142519685039
21
0.9835819291338582
0
LINE
8
BLACK
6
CONTINUOUS
10
1.1807142519685039
20
0.9835819291338582
11
1.1785526771653543
21
0.9857435039370078
0
LINE
8
BLACK
6
CONTINUOUS
10
1.1785526771653543
20
0.9857435039370078
11
1.1777614960629921
21
0.9886962598425196
0
LINE
8
BLACK
6
CONTINUOUS
10
1.1777614960629921
20
0.9886962598425196
11
1.1785526771653543
21
0.9916490157480314
0
LINE
8
BLACK
6
CONTINUOUS
10
1.1785526771653543
20
0.9916490157480314
11
1.1807142519685039
21
0.993810590551181
0
LINE
8
BLACK
6
CONTINUOUS
10
1.1807142519685039
20
0.993810590551181
11
1.1836670078740157
21
0.9946017716535432
0
LINE
8
BLACK
6
CONTINUOUS
10
1.1836670078740157
20
0.9946017716535432
11
1.2309111023622048
21
0.9946017716535432
0
LINE
8
BLACK
6
CONTINUOUS
10
1.2309111023622048
20
0.9946017716535432
11
1.2310996850393701
21
0.9945512204724409
0
LINE
8
BLACK
6
CONTINUOUS
10
0.9692009448818898
20
0.9943203543307086
11
0.9695614960629921
21
0.9942987401574803
0
LINE
8
BLACK
6
CONTINUOUS
10
0.9695614960629921
20
0.9942987401574803
11
0.9705514173228347
21
0.9936451181102361
0
LINE
8
BLACK
6
CONTINUOUS
10
0.9705514173228347
20
0.9936451181102361
11
0.9716121653543307
21
0.9931147637795276
0
LINE
8
BLACK
6
CONTINUOUS
10
0.9716121653543307
20
0.9931147637795276
11
0.9718111023622047
21
0.9928134251968503
0
LINE
8
BLACK
6
CONTINUOUS
10
0.9718111023622047
20
0.9928134251968503
11
0.9721125590551181
21
0.9926144094488188
0
LINE
8
BLACK
6
CONTINUOUS
10
0.9721125590551181
20
0.9926144094488188
11
0.9726430708661417
21
0.9915533070866142
0
LINE
8
BLACK
6
CONTINUOUS
10
0.9726430708661417
20
0.9915533070866142
11
0.9732964566929133
21
0.9905637401574803
0
LINE
8
BLACK
6
CONTINUOUS
10
0.9732964566929133
20
0.9905637401574803
11
0.9969185433070866
21
0.9196975984251968
0
LINE
8
BLACK
6
CONTINUOUS
10
0.9969185433070866
20
0.9196975984251968
11
0.9971016929133858
21
0.9166461811023622
0
LINE
8
BLACK
6
CONTINUOUS
10
0.9971016929133858
20
0.9166461811023622
11
0.9957346062992126
21
0.913911968503937
0
LINE
8
BLACK
6
CONTINUOUS
10
0.9957346062992126
20
0.913911968503937
11
0.9931835433070866
21
0.9122276377952756
0
LINE
8
BLACK
6
CONTINUOUS
10
0.9931835433070866
20
0.9122276377952756
11
0.9901321259842519
21
0.9120444881889763
0
LINE
8
BLACK
6
CONTINUOUS
10
0.9901321259842519
20
0.9120444881889763
11
0.9873979133858267
21
0.9134115748031496
0
LINE
8
BLACK
6
CONTINUOUS
10
0.9873979133858267
20
0.9134115748031496
11
0.9857136220472441
21
0.9159625984251968
0
LINE
8
BLACK
6
CONTINUOUS
10
0.9857136220472441
20
0.9159625984251968
11
0.9803104724409448
21
0.9321720866141732
0
LINE
8
BLACK
6
CONTINUOUS
10
0.9803104724409448
20
0.9321720866141732
11
0.955077559055118
21
0.9321720866141732
0
LINE
8
BLACK
6
CONTINUOUS
10
0.955077559055118
20
0.9321720866141732
11
0.9496744094488189
21
0.9159626377952755
0
LINE
8
BLACK
6
CONTINUOUS
10
0.9496744094488189
20
0.9159626377952755
11
0.9479901181102361
21
0.9134116141732284
0
LINE
8
BLACK
6
CONTINUOUS
10
0.9479901181102361
20
0.9134116141732284
11
0.945255905511811
21
0.9120444881889763
0
LINE
8
BLACK
6
CONTINUOUS
10
0.945255905511811
20
0.9120444881889763
11
0.9422044881889764
21
0.9122276771653544
0
LINE
8
BLACK
6
CONTINUOUS
10
0.9422044881889764
20
0.9122276771653544
11
0.9396534645669291
21
0.913911968503937
0
LINE
8
BLACK
6
CONTINUOUS
10
0.9396534645669291
20
0.913911968503937
11
0.9382863385826772
21
0.9166461811023622
0
LINE
8
BLACK
6
CONTINUOUS
10
0.9382863385826772
20
0.9166461811023622
11
0.9384695275590551
21
0.9196975984251968
0
LINE
8
BLACK
6
CONTINUOUS
10
0.9384695275590551
20
0.9196975984251968
11
0.9620915748031496
21
0.990563779527559
0
LINE
8
BLACK
6
CONTINUOUS
10
0.9620915748031496
20
0.990563779527559
11
0.9627450787401575
21
0.9915536220472441
0
LINE
8
BLACK
6
CONTINUOUS
10
0.9627450787401575
20
0.9915536220472441
11
0.9632755118110236
21
0.9926144094488188
0
LINE
8
BLACK
6
CONTINUOUS
10
0.9632755118110236
20
0.9926144094488188
11
0.963576811023622
21
0.9928133464566928
0
LINE
8
BLACK
6
CONTINUOUS
10
0.963576811023622
20
0.9928133464566928
11
0.9637758661417323
21
0.9931148031496063
0
LINE
8
BLACK
6
CONTINUOUS
10
0.9637758661417323
20
0.9931148031496063
11
0.9648369291338582
21
0.9936453149606299
0
LINE
8
BLACK
6
CONTINUOUS
10
0.9648369291338582
20
0.9936453149606299
11
0.9658265354330708
21
0.9942987007874016
0
LINE
8
BLACK
6
CONTINUOUS
10
0.9658265354330708
20
0.9942987007874016
11
0.966186968503937
21
0.9943203149606299
0
LINE
8
BLACK
6
CONTINUOUS
10
0.966186968503937
20
0.9943203149606299
11
0.9665100787401575
21
0.9944818897637795
0
LINE
8
BLACK
6
CONTINUOUS
10
0.9665100787401575
20
0.9944818897637795
11
0.9676941338582677
21
0.9944107874015747
0
LINE
8
BLACK
6
CONTINUOUS
10
0.9676941338582677
20
0.9944107874015747
11
0.9688779527559055
21
0.9944818897637795
0
LINE
8
BLACK
6
CONTINUOUS
10
0.9688779527559055
20
0.9944818897637795
11
0.9692009448818898
21
0.9943203543307086
0
LINE
8
BLACK
6
CONTINUOUS
10
0.9590145669291338
20
0.9439831102362205
11
0.9763734645669291
21
0.9439831102362205
0
LINE
8
BLACK
6
CONTINUOUS
10
0.9763734645669291
20
0.9439831102362205
11
0.9676940157480315
21
0.9700213779527559
0
LINE
8
BLACK
6
CONTINUOUS
10
0.9676940157480315
20
0.9700213779527559
11
0.9590145669291338
21
0.9439831102362205
0
LINE
8
BLACK
6
CONTINUOUS
10
0.8453020078740158
20
1.0617477559055117
11
0.8474635826771654
21
1.0595861811023621
0
LINE
8
BLACK
6
CONTINUOUS
10
0.8474635826771654
20
1.0595861811023621
11
0.8482547637795276
21
1.0566334251968503
0
LINE
8
BLACK
6
CONTINUOUS
10
0.8482547637795276
20
1.0566334251968503
11
0.8482547637795276
21
1.0228876771653543
0
LINE
8
BLACK
6
CONTINUOUS
10
0.8482547637795276
20
1.0228876771653543
11
0.8474635826771654
21
1.0199349212598425
0
LINE
8
BLACK
6
CONTINUOUS
10
0.8474635826771654
20
1.0199349212598425
11
0.8453020078740158
21
1.0177733464566929
0
LINE
8
BLACK
6
CONTINUOUS
10
0.8453020078740158
20
1.0177733464566929
11
0.842349251968504
21
1.0169821653543307
0
LINE
8
BLACK
6
CONTINUOUS
10
0.842349251968504
20
1.0169821653543307
11
0.8393964960629922
21
1.0177733464566929
0
LINE
8
BLACK
6
CONTINUOUS
10
0.8393964960629922
20
1.0177733464566929
11
0.8372349212598424
21
1.0199349212598425
0
LINE
8
BLACK
6
CONTINUOUS
10
0.8372349212598424
20
1.0199349212598425
11
0.8364437401574802
21
1.0228876771653543
0
LINE
8
BLACK
6
CONTINUOUS
10
0.8364437401574802
20
1.0228876771653543
11
0.8364437401574802
21
1.0338550393700787
0
LINE
8
BLACK
6
CONTINUOUS
10
0.8364437401574802
20
1.0338550393700787
11
0.7832941338582677
21
1.0338550393700787
0
LINE
8
BLACK
6
CONTINUOUS
10
0.7832941338582677
20
1.0338550393700787
11
0.7803413779527559
21
1.0346462204724409
0
LINE
8
BLACK
6
CONTINUOUS
10
0.7803413779527559
20
1.0346462204724409
11
0.7781798031496063
21
1.0368077952755905
0
LINE
8
BLACK
6
CONTINUOUS
10
0.7781798031496063
20
1.0368077952755905
11
0.7773886220472441
21
1.0397605511811023
0
LINE
8
BLACK
6
CONTINUOUS
10
0.7773886220472441
20
1.0397605511811023
11
0.7781798031496063
21
1.0427133070866141
0
LINE
8
BLACK
6
CONTINUOUS
10
0.7781798031496063
20
1.0427133070866141
11
0.7803413779527559
21
1.0448748818897637
0
LINE
8
BLACK
6
CONTINUOUS
10
0.7803413779527559
20
1.0448748818897637
11
0.7832941338582677
21
1.0456660629921259
0
LINE
8
BLACK
6
CONTINUOUS
10
0.7832941338582677
20
1.0456660629921259
11
0.8364437401574802
21
1.0456660629921259
0
LINE
8
BLACK
6
CONTINUOUS
10
0.8364437401574802
20
1.0456660629921259
11
0.8364437401574802
21
1.0566334251968503
0
LINE
8
BLACK
6
CONTINUOUS
10
0.8364437401574802
20
1.0566334251968503
11
0.8372349212598424
21
1.0595861811023621
0
LINE
8
BLACK
6
CONTINUOUS
10
0.8372349212598424
20
1.0595861811023621
11
0.8393964960629922
21
1.0617477559055117
0
LINE
8
BLACK
6
CONTINUOUS
10
0.8393964960629922
20
1.0617477559055117
11
0.842349251968504
21
1.0625389370078739
0
LINE
8
BLACK
6
CONTINUOUS
10
0.842349251968504
20
1.0625389370078739
11
0.8453020078740158
21
1.0617477559055117
0
LINE
8
BLACK
6
CONTINUOUS
10
0.8324118110236221
20
1.1128062598425197
11
0.8337416929133858
21
1.1125341338582677
0
LINE
8
BLACK
6
CONTINUOUS
10
0.8337416929133858
20
1.1125341338582677
11
0.8393659842519685
21
1.1097220078740158
0
LINE
8
BLACK
6
CONTINUOUS
10
0.8393659842519685
20
1.1097220078740158
11
0.8400773622047244
21
1.1090911417322835
0
LINE
8
BLACK
6
CONTINUOUS
10
0.8400773622047244
20
1.1090911417322835
11
0.8409008267716536
21
1.108615748031496
0
LINE
8
BLACK
6
CONTINUOUS
10
0.8409008267716536
20
1.108615748031496
11
0.8437129527559055
21
1.1058035826771653
0
LINE
8
BLACK
6
CONTINUOUS
10
0.8437129527559055
20
1.1058035826771653
11
0.8441883070866142
21
1.1049801574803149
0
LINE
8
BLACK
6
CONTINUOUS
10
0.8441883070866142
20
1.1049801574803149
11
0.8448191338582677
21
1.1042688188976377
0
LINE
8
BLACK
6
CONTINUOUS
10
0.8448191338582677
20
1.1042688188976377
11
0.8476312992125984
21
1.0986445669291338
0
LINE
8
BLACK
6
CONTINUOUS
10
0.8476312992125984
20
1.0986445669291338
11
0.8479034645669291
21
1.097314527559055
0
LINE
8
BLACK
6
CONTINUOUS
10
0.8479034645669291
20
1.097314527559055
11
0.8482547637795276
21
1.0960035039370077
0
LINE
8
BLACK
6
CONTINUOUS
10
0.8482547637795276
20
1.0960035039370077
11
0.8482547637795276
21
1.0819427559055117
0
LINE
8
BLACK
6
CONTINUOUS
10
0.8482547637795276
20
1.0819427559055117
11
0.8480086614173228
21
1.0810242913385826
0
LINE
8
BLACK
6
CONTINUOUS
10
0.8480086614173228
20
1.0810242913385826
11
0.8479516929133858
21
1.0800752362204724
0
LINE
8
BLACK
6
CONTINUOUS
10
0.8479516929133858
20
1.0800752362204724
11
0.8451395275590551
21
1.0716388188976378
0
LINE
8
BLACK
6
CONTINUOUS
10
0.8451395275590551
20
1.0716388188976378
11
0.8434552362204725
21
1.0690877559055119
0
LINE
8
BLACK
6
CONTINUOUS
10
0.8434552362204725
20
1.0690877559055119
11
0.8407210236220473
21
1.0677206692913386
0
LINE
8
BLACK
6
CONTINUOUS
10
0.8407210236220473
20
1.0677206692913386
11
0.8376696062992126
21
1.0679038582677165
0
LINE
8
BLACK
6
CONTINUOUS
10
0.8376696062992126
20
1.0679038582677165
11
0.8351185433070866
21
1.0695881496062991
0
LINE
8
BLACK
6
CONTINUOUS
10
0.8351185433070866
20
1.0695881496062991
11
0.8337514566929134
21
1.0723223622047244
0
LINE
8
BLACK
6
CONTINUOUS
10
0.8337514566929134
20
1.0723223622047244
11
0.8339346456692913
21
1.0753737795275591
0
LINE
8
BLACK
6
CONTINUOUS
10
0.8339346456692913
20
1.0753737795275591
11
0.8364437401574802
21
1.0829011023622046
0
LINE
8
BLACK
6
CONTINUOUS
10
0.8364437401574802
20
1.0829011023622046
11
0.8364437401574802
21
1.09460937007874
0
LINE
8
BLACK
6
CONTINUOUS
10
0.8364437401574802
20
1.09460937007874
11
0.8346835826771654
21
1.0981296062992125
0
LINE
8
BLACK
6
CONTINUOUS
10
0.8346835826771654
20
1.0981296062992125
11
0.8332266929133858
21
1.0995864960629922
0
LINE
8
BLACK
6
CONTINUOUS
10
0.8332266929133858
20
1.0995864960629922
11
0.8297065748031496
21
1.1013465748031497
0
LINE
8
BLACK
6
CONTINUOUS
10
0.8297065748031496
20
1.1013465748031497
11
0.8268704330708662
21
1.1013465748031497
0
LINE
8
BLACK
6
CONTINUOUS
10
0.8268704330708662
20
1.1013465748031497
11
0.8233502755905512
21
1.0995864960629922
0
LINE
8
BLACK
6
CONTINUOUS
10
0.8233502755905512
20
1.0995864960629922
11
0.8218933858267716
21
1.0981296456692913
0
LINE
8
BLACK
6
CONTINUOUS
10
0.8218933858267716
20
1.0981296456692913
11
0.8197996456692913
21
1.0939422047244094
0
LINE
8
BLACK
6
CONTINUOUS
10
0.8197996456692913
20
1.0939422047244094
11
0.8171448031496062
21
1.0833226377952756
0
LINE
8
BLACK
6
CONTINUOUS
10
0.8171448031496062
20
1.0833226377952756
11
0.8168283858267716
21
1.0827526771653544
0
LINE
8
BLACK
6
CONTINUOUS
10
0.8168283858267716
20
1.0827526771653544
11
0.8166976771653544
21
1.0821138582677166
0
LINE
8
BLACK
6
CONTINUOUS
10
0.8166976771653544
20
1.0821138582677166
11
0.8138855118110236
21
1.0764896062992126
0
LINE
8
BLACK
6
CONTINUOUS
10
0.8138855118110236
20
1.0764896062992126
11
0.81325468503937
21
1.0757782283464568
0
LINE
8
BLACK
6
CONTINUOUS
10
0.81325468503937
20
1.0757782283464568
11
0.8127793307086614
21
1.0749548425196851
0
LINE
8
BLACK
6
CONTINUOUS
10
0.8127793307086614
20
1.0749548425196851
11
0.8099672047244094
21
1.0721426771653544
0
LINE
8
BLACK
6
CONTINUOUS
10
0.8099672047244094
20
1.0721426771653544
11
0.8091437401574803
21
1.0716672440944881
0
LINE
8
BLACK
6
CONTINUOUS
10
0.8091437401574803
20
1.0716672440944881
11
0.8084323622047244
21
1.0710364173228346
0
LINE
8
BLACK
6
CONTINUOUS
10
0.8084323622047244
20
1.0710364173228346
11
0.8028080314960629
21
1.0682242519685039
0
LINE
8
BLACK
6
CONTINUOUS
10
0.8028080314960629
20
1.0682242519685039
11
0.8014780708661418
21
1.0679520866141732
0
LINE
8
BLACK
6
CONTINUOUS
10
0.8014780708661418
20
1.0679520866141732
11
0.8001670078740157
21
1.0676007874015747
0
LINE
8
BLACK
6
CONTINUOUS
10
0.8001670078740157
20
1.0676007874015747
11
0.7945427165354331
21
1.0676007874015747
0
LINE
8
BLACK
6
CONTINUOUS
10
0.7945427165354331
20
1.0676007874015747
11
0.793231653543307
21
1.0679520472440944
0
LINE
8
BLACK
6
CONTINUOUS
10
0.793231653543307
20
1.0679520472440944
11
0.7919016535433071
21
1.0682242519685039
0
LINE
8
BLACK
6
CONTINUOUS
10
0.7919016535433071
20
1.0682242519685039
11
0.7862774015748031
21
1.0710364173228346
0
LINE
8
BLACK
6
CONTINUOUS
10
0.7862774015748031
20
1.0710364173228346
11
0.7855660236220472
21
1.0716672047244094
0
LINE
8
BLACK
6
CONTINUOUS
10
0.7855660236220472
20
1.0716672047244094
11
0.7847425590551181
21
1.0721426771653544
0
LINE
8
BLACK
6
CONTINUOUS
10
0.7847425590551181
20
1.0721426771653544
11
0.7819304330708661
21
1.0749548425196851
0
LINE
8
BLACK
6
CONTINUOUS
10
0.7819304330708661
20
1.0749548425196851
11
0.7814550393700788
21
1.0757782283464568
0
LINE
8
BLACK
6
CONTINUOUS
10
0.7814550393700788
20
1.0757782283464568
11
0.7808242519685039
21
1.0764896062992126
0
LINE
8
BLACK
6
CONTINUOUS
10
0.7808242519685039
20
1.0764896062992126
11
0.7780120866141732
21
1.0821138976377953
0
LINE
8
BLACK
6
CONTINUOUS
10
0.7780120866141732
20
1.0821138976377953
11
0.7777399212598425
21
1.0834438188976379
0
LINE
8
BLACK
6
CONTINUOUS
10
0.7777399212598425
20
1.0834438188976379
11
0.7773886220472441
21
1.0847549212598424
0
LINE
8
BLACK
6
CONTINUOUS
10
0.7773886220472441
20
1.0847549212598424
11
0.7773886220472441
21
1.0988156692913384
0
LINE
8
BLACK
6
CONTINUOUS
10
0.7773886220472441
20
1.0988156692913384
11
0.7776346850393701
21
1.099734094488189
0
LINE
8
BLACK
6
CONTINUOUS
10
0.7776346850393701
20
1.099734094488189
11
0.7776916929133858
21
1.100683188976378
0
LINE
8
BLACK
6
CONTINUOUS
10
0.7776916929133858
20
1.100683188976378
11
0.7805038582677165
21
1.1091195669291338
0
LINE
8
BLACK
6
CONTINUOUS
10
0.7805038582677165
20
1.1091195669291338
11
0.782188188976378
21
1.111670590551181
0
LINE
8
BLACK
6
CONTINUOUS
10
0.782188188976378
20
1.111670590551181
11
0.7849223622047244
21
1.113037716535433
0
LINE
8
BLACK
6
CONTINUOUS
10
0.7849223622047244
20
1.113037716535433
11
0.787973779527559
21
1.1128545275590551
0
LINE
8
BLACK
6
CONTINUOUS
10
0.787973779527559
20
1.1128545275590551
11
0.790524842519685
21
1.1111701968503938
0
LINE
8
BLACK
6
CONTINUOUS
10
0.790524842519685
20
1.1111701968503938
11
0.7918919291338582
21
1.1084359842519684
0
LINE
8
BLACK
6
CONTINUOUS
10
0.7918919291338582
20
1.1084359842519684
11
0.7917087401574803
21
1.1053845669291338
0
LINE
8
BLACK
6
CONTINUOUS
10
0.7917087401574803
20
1.1053845669291338
11
0.7891996456692913
21
1.0978573228346455
0
LINE
8
BLACK
6
CONTINUOUS
10
0.7891996456692913
20
1.0978573228346455
11
0.7891996456692913
21
1.0861490157480316
0
LINE
8
BLACK
6
CONTINUOUS
10
0.7891996456692913
20
1.0861490157480316
11
0.7909597637795276
21
1.0826287401574803
0
LINE
8
BLACK
6
CONTINUOUS
10
0.7909597637795276
20
1.0826287401574803
11
0.7924166141732283
21
1.0811718897637794
0
LINE
8
BLACK
6
CONTINUOUS
10
0.7924166141732283
20
1.0811718897637794
11
0.795936811023622
21
1.0794118110236219
0
LINE
8
BLACK
6
CONTINUOUS
10
0.795936811023622
20
1.0794118110236219
11
0.7987729133858268
21
1.0794118110236219
0
LINE
8
BLACK
6
CONTINUOUS
10
0.7987729133858268
20
1.0794118110236219
11
0.8022931102362204
21
1.0811718897637794
0
LINE
8
BLACK
6
CONTINUOUS
10
0.8022931102362204
20
1.0811718897637794
11
0.8037499606299212
21
1.0826287795275591
0
LINE
8
BLACK
6
CONTINUOUS
10
0.8037499606299212
20
1.0826287795275591
11
0.8058436614173228
21
1.0868161811023622
0
LINE
8
BLACK
6
CONTINUOUS
10
0.8058436614173228
20
1.0868161811023622
11
0.8084985826771653
21
1.0974357874015748
0
LINE
8
BLACK
6
CONTINUOUS
10
0.8084985826771653
20
1.0974357874015748
11
0.8088149606299212
21
1.098005748031496
0
LINE
8
BLACK
6
CONTINUOUS
10
0.8088149606299212
20
1.098005748031496
11
0.8089457086614174
21
1.0986445275590551
0
LINE
8
BLACK
6
CONTINUOUS
10
0.8089457086614174
20
1.0986445275590551
11
0.8117578740157481
21
1.1042688188976377
0
LINE
8
BLACK
6
CONTINUOUS
10
0.8117578740157481
20
1.1042688188976377
11
0.8123886614173228
21
1.1049801574803149
0
LINE
8
BLACK
6
CONTINUOUS
10
0.8123886614173228
20
1.1049801574803149
11
0.8128640551181102
21
1.1058035826771653
0
LINE
8
BLACK
6
CONTINUOUS
10
0.8128640551181102
20
1.1058035826771653
11
0.8156761811023622
21
1.108615748031496
0
LINE
8
BLACK
6
CONTINUOUS
10
0.8156761811023622
20
1.108615748031496
11
0.8164996850393701
21
1.109091220472441
0
LINE
8
BLACK
6
CONTINUOUS
10
0.8164996850393701
20
1.109091220472441
11
0.817211062992126
21
1.1097220078740158
0
LINE
8
BLACK
6
CONTINUOUS
10
0.817211062992126
20
1.1097220078740158
11
0.8228353937007874
21
1.1125341732283465
0
LINE
8
BLACK
6
CONTINUOUS
10
0.8228353937007874
20
1.1125341732283465
11
0.8241654724409448
21
1.1128063385826772
0
LINE
8
BLACK
6
CONTINUOUS
10
0.8241654724409448
20
1.1128063385826772
11
0.8254763779527559
21
1.1131575984251969
0
LINE
8
BLACK
6
CONTINUOUS
10
0.8254763779527559
20
1.1131575984251969
11
0.8311006692913385
21
1.1131575984251969
0
LINE
8
BLACK
6
CONTINUOUS
10
0.8311006692913385
20
1.1131575984251969
11
0.8324118110236221
21
1.1128062598425197
0
LINE
8
BLACK
6
CONTINUOUS
10
1.3205558661417323
20
1.1192175590551181
11
1.3212843307086615
21
1.1192298425196849
0
LINE
8
BLACK
6
CONTINUOUS
10
1.3212843307086615
20
1.1192298425196849
11
1.3325329527559056
21
1.116417716535433
0
LINE
8
BLACK
6
CONTINUOUS
10
1.3325329527559056
20
1.116417716535433
11
1.3331029133858268
21
1.1161012992125985
0
LINE
8
BLACK
6
CONTINUOUS
10
1.3331029133858268
20
1.1161012992125985
11
1.3337416929133858
21
1.115970590551181
0
LINE
8
BLACK
6
CONTINUOUS
10
1.3337416929133858
20
1.115970590551181
11
1.3393659842519685
21
1.1131584251968503
0
LINE
8
BLACK
6
CONTINUOUS
10
1.3393659842519685
20
1.1131584251968503
11
1.3400773228346456
21
1.1125275984251968
0
LINE
8
BLACK
6
CONTINUOUS
10
1.3400773228346456
20
1.1125275984251968
11
1.3409007874015748
21
1.1120522047244095
0
LINE
8
BLACK
6
CONTINUOUS
10
1.3409007874015748
20
1.1120522047244095
11
1.3437129133858268
21
1.1092400787401575
0
LINE
8
BLACK
6
CONTINUOUS
10
1.3437129133858268
20
1.1092400787401575
11
1.3441882677165353
21
1.1084166535433071
0
LINE
8
BLACK
6
CONTINUOUS
10
1.3441882677165353
20
1.1084166535433071
11
1.3448191338582678
21
1.1077052755905512
0
LINE
8
BLACK
6
CONTINUOUS
10
1.3448191338582678
20
1.1077052755905512
11
1.3476312992125985
21
1.1020809448818898
0
LINE
8
BLACK
6
CONTINUOUS
10
1.3476312992125985
20
1.1020809448818898
11
1.3479034251968505
21
1.1007509842519685
0
LINE
8
BLACK
6
CONTINUOUS
10
1.3479034251968505
20
1.1007509842519685
11
1.3482547637795275
21
1.0994399212598425
0
LINE
8
BLACK
6
CONTINUOUS
10
1.3482547637795275
20
1.0994399212598425
11
1.3482547637795275
21
1.0938156299212598
0
LINE
8
BLACK
6
CONTINUOUS
10
1.3482547637795275
20
1.0938156299212598
11
1.347903464566929
21
1.0925045669291338
0
LINE
8
BLACK
6
CONTINUOUS
10
1.347903464566929
20
1.0925045669291338
11
1.3476312992125985
21
1.0911745669291337
0
LINE
8
BLACK
6
CONTINUOUS
10
1.3476312992125985
20
1.0911745669291337
11
1.3448191338582678
21
1.0855503149606298
0
LINE
8
BLACK
6
CONTINUOUS
10
1.3448191338582678
20
1.0855503149606298
11
1.3441883070866141
21
1.0848389370078739
0
LINE
8
BLACK
6
CONTINUOUS
10
1.3441883070866141
20
1.0848389370078739
11
1.3437129133858268
21
1.0840155118110235
0
LINE
8
BLACK
6
CONTINUOUS
10
1.3437129133858268
20
1.0840155118110235
11
1.3409007874015748
21
1.0812033858267716
0
LINE
8
BLACK
6
CONTINUOUS
10
1.3409007874015748
20
1.0812033858267716
11
1.3400773228346456
21
1.0807279527559055
0
LINE
8
BLACK
6
CONTINUOUS
10
1.3400773228346456
20
1.0807279527559055
11
1.3393659842519685
21
1.0800971653543308
0
LINE
8
BLACK
6
CONTINUOUS
10
1.3393659842519685
20
1.0800971653543308
11
1.3337416929133858
21
1.077285
0
LINE
8
BLACK
6
CONTINUOUS
10
1.3337416929133858
20
1.077285
11
1.3331029133858268
21
1.077154251968504
0
LINE
8
BLACK
6
CONTINUOUS
10
1.3331029133858268
20
1.077154251968504
11
1.3325329527559056
21
1.076837874015748
0
LINE
8
BLACK
6
CONTINUOUS
10
1.3325329527559056
20
1.076837874015748
11
1.3212843307086615
21
1.0740257086614173
0
LINE
8
BLACK
6
CONTINUOUS
10
1.3212843307086615
20
1.0740257086614173
11
1.3205558267716535
21
1.0740379527559054
0
LINE
8
BLACK
6
CONTINUOUS
10
1.3205558267716535
20
1.0740379527559054
11
1.3198520472440944
21
1.0738493700787402
0
LINE
8
BLACK
6
CONTINUOUS
10
1.3198520472440944
20
1.0738493700787402
11
1.3057913385826772
21
1.0738493700787402
0
LINE
8
BLACK
6
CONTINUOUS
10
1.3057913385826772
20
1.0738493700787402
11
1.3050875196850393
21
1.0740379527559054
0
LINE
8
BLACK
6
CONTINUOUS
10
1.3050875196850393
20
1.0740379527559054
11
1.3043590157480314
21
1.0740257086614173
0
LINE
8
BLACK
6
CONTINUOUS
10
1.3043590157480314
20
1.0740257086614173
11
1.293110433070866
21
1.076837874015748
0
LINE
8
BLACK
6
CONTINUOUS
10
1.293110433070866
20
1.076837874015748
11
1.2925404724409448
21
1.077154251968504
0
LINE
8
BLACK
6
CONTINUOUS
10
1.2925404724409448
20
1.077154251968504
11
1.291901653543307
21
1.077285
0
LINE
8
BLACK
6
CONTINUOUS
10
1.291901653543307
20
1.077285
11
1.2862774015748031
21
1.0800971653543308
0
LINE
8
BLACK
6
CONTINUOUS
10
1.2862774015748031
20
1.0800971653543308
11
1.2855660236220472
21
1.0807279527559055
0
LINE
8
BLACK
6
CONTINUOUS
10
1.2855660236220472
20
1.0807279527559055
11
1.2847425984251968
21
1.0812033858267716
0
LINE
8
BLACK
6
CONTINUOUS
10
1.2847425984251968
20
1.0812033858267716
11
1.2819304724409448
21
1.0840155118110235
0
LINE
8
BLACK
6
CONTINUOUS
10
1.2819304724409448
20
1.0840155118110235
11
1.2814550393700788
21
1.0848389370078739
0
LINE
8
BLACK
6
CONTINUOUS
10
1.2814550393700788
20
1.0848389370078739
11
1.2808242519685038
21
1.0855503149606298
0
LINE
8
BLACK
6
CONTINUOUS
10
1.2808242519685038
20
1.0855503149606298
11
1.2780120866141731
21
1.0911746062992125
0
LINE
8
BLACK
6
CONTINUOUS
10
1.2780120866141731
20
1.0911746062992125
11
1.2777399212598426
21
1.092504527559055
0
LINE
8
BLACK
6
CONTINUOUS
10
1.2777399212598426
20
1.092504527559055
11
1.2773886220472441
21
1.0938156299212598
0
LINE
8
BLACK
6
CONTINUOUS
10
1.2773886220472441
20
1.0938156299212598
11
1.2773886220472441
21
1.0994399212598425
0
LINE
8
BLACK
6
CONTINUOUS
10
1.2773886220472441
20
1.0994399212598425
11
1.2777399212598426
21
1.1007509842519685
0
LINE
8
BLACK
6
CONTINUOUS
10
1.2777399212598426
20
1.1007509842519685
11
1.2780120866141731
21
1.1020809448818898
0
LINE
8
BLACK
6
CONTINUOUS
10
1.2780120866141731
20
1.1020809448818898
11
1.2808242519685038
21
1.1077052755905512
0
LINE
8
BLACK
6
CONTINUOUS
10
1.2808242519685038
20
1.1077052755905512
11
1.2814550787401575
21
1.1084166535433071
0
LINE
8
BLACK
6
CONTINUOUS
10
1.2814550787401575
20
1.1084166535433071
11
1.2819304724409448
21
1.1092400787401575
0
LINE
8
BLACK
6
CONTINUOUS
10
1.2819304724409448
20
1.1092400787401575
11
1.2847425984251968
21
1.1120522047244095
0
LINE
8
BLACK
6
CONTINUOUS
10
1.2847425984251968
20
1.1120522047244095
11
1.2855660236220472
21
1.1125275984251968
0
LINE
8
BLACK
6
CONTINUOUS
10
1.2855660236220472
20
1.1125275984251968
11
1.2862774015748031
21
1.1131584251968503
0
LINE
8
BLACK
6
CONTINUOUS
10
1.2862774015748031
20
1.1131584251968503
11
1.291901653543307
21
1.115970590551181
0
LINE
8
BLACK
6
CONTINUOUS
10
1.291901653543307
20
1.115970590551181
11
1.2925404724409448
21
1.1161012992125985
0
LINE
8
BLACK
6
CONTINUOUS
10
1.2925404724409448
20
1.1161012992125985
11
1.293110433070866
21
1.116417716535433
0
LINE
8
BLACK
6
CONTINUOUS
10
1.293110433070866
20
1.116417716535433
11
1.3043590551181101
21
1.1192298425196849
0
LINE
8
BLACK
6
CONTINUOUS
10
1.3043590551181101
20
1.1192298425196849
11
1.3050874803149606
21
1.1192175590551181
0
LINE
8
BLACK
6
CONTINUOUS
10
1.3050874803149606
20
1.1192175590551181
11
1.3057913385826772
21
1.1194061811023621
0
LINE
8
BLACK
6
CONTINUOUS
10
1.3057913385826772
20
1.1194061811023621
11
1.3198520472440944
21
1.1194061811023621
0
LINE
8
BLACK
6
CONTINUOUS
10
1.3198520472440944
20
1.1194061811023621
11
1.3205558661417323
21
1.1192175590551181
0
LINE
8
BLACK
6
CONTINUOUS
10
1.2966039763779527
20
1.1051165748031495
11
1.2924166141732283
21
1.1030229133858267
0
LINE
8
BLACK
6
CONTINUOUS
10
1.2924166141732283
20
1.1030229133858267
11
1.2909597637795276
21
1.101566062992126
0
LINE
8
BLACK
6
CONTINUOUS
10
1.2909597637795276
20
1.101566062992126
11
1.2891996456692913
21
1.0980458267716535
0
LINE
8
BLACK
6
CONTINUOUS
10
1.2891996456692913
20
1.0980458267716535
11
1.2891996456692913
21
1.0952097244094487
0
LINE
8
BLACK
6
CONTINUOUS
10
1.2891996456692913
20
1.0952097244094487
11
1.2909597637795276
21
1.0916894881889763
0
LINE
8
BLACK
6
CONTINUOUS
10
1.2909597637795276
20
1.0916894881889763
11
1.2924166141732283
21
1.0902326377952756
0
LINE
8
BLACK
6
CONTINUOUS
10
1.2924166141732283
20
1.0902326377952756
11
1.2966039763779527
21
1.088138937007874
0
LINE
8
BLACK
6
CONTINUOUS
10
1.2966039763779527
20
1.088138937007874
11
1.3065182677165355
21
1.0856603937007874
0
LINE
8
BLACK
6
CONTINUOUS
10
1.3065182677165355
20
1.0856603937007874
11
1.3191251181102361
21
1.0856603937007874
0
LINE
8
BLACK
6
CONTINUOUS
10
1.3191251181102361
20
1.0856603937007874
11
1.3290394094488189
21
1.0881389763779528
0
LINE
8
BLACK
6
CONTINUOUS
10
1.3290394094488189
20
1.0881389763779528
11
1.3332267716535433
21
1.0902326771653543
0
LINE
8
BLACK
6
CONTINUOUS
10
1.3332267716535433
20
1.0902326771653543
11
1.334683622047244
21
1.091689527559055
0
LINE
8
BLACK
6
CONTINUOUS
10
1.334683622047244
20
1.091689527559055
11
1.3364437401574802
21
1.0952097244094487
0
LINE
8
BLACK
6
CONTINUOUS
10
1.3364437401574802
20
1.0952097244094487
11
1.3364437401574802
21
1.0980458267716535
0
LINE
8
BLACK
6
CONTINUOUS
10
1.3364437401574802
20
1.0980458267716535
11
1.334683622047244
21
1.101566062992126
0
LINE
8
BLACK
6
CONTINUOUS
10
1.334683622047244
20
1.101566062992126
11
1.3332267716535433
21
1.1030228740157479
0
LINE
8
BLACK
6
CONTINUOUS
10
1.3332267716535433
20
1.1030228740157479
11
1.3290393700787402
21
1.1051166141732283
0
LINE
8
BLACK
6
CONTINUOUS
10
1.3290393700787402
20
1.1051166141732283
11
1.3191251181102361
21
1.1075951574803149
0
LINE
8
BLACK
6
CONTINUOUS
10
1.3191251181102361
20
1.1075951574803149
11
1.3065182677165355
21
1.1075951574803149
0
LINE
8
BLACK
6
CONTINUOUS
10
1.3065182677165355
20
1.1075951574803149
11
1.2966039763779527
21
1.1051165748031495
0
LINE
8
BLACK
6
CONTINUOUS
10
0.9862468897637795
20
1.123615
11
0.9884084645669291
21
1.1214534251968504
0
LINE
8
BLACK
6
CONTINUOUS
10
0.9884084645669291
20
1.1214534251968504
11
0.9891996456692913
21
1.1185006692913386
0
LINE
8
BLACK
6
CONTINUOUS
10
0.9891996456692913
20
1.1185006692913386
11
0.9891996456692913
21
1.1075333070866142
0
LINE
8
BLACK
6
CONTINUOUS
10
0.9891996456692913
20
1.1075333070866142
11
1.0252799212598425
21
1.1075333070866142
0
LINE
8
BLACK
6
CONTINUOUS
10
1.0252799212598425
20
1.1075333070866142
11
1.0241126771653544
21
1.1087005511811023
0
LINE
8
BLACK
6
CONTINUOUS
10
1.0241126771653544
20
1.1087005511811023
11
1.0236372834645668
21
1.109523937007874
0
LINE
8
BLACK
6
CONTINUOUS
10
1.0236372834645668
20
1.109523937007874
11
1.0230064566929133
21
1.1102353543307086
0
LINE
8
BLACK
6
CONTINUOUS
10
1.0230064566929133
20
1.1102353543307086
11
1.0201943307086614
21
1.1158596456692913
0
LINE
8
BLACK
6
CONTINUOUS
10
1.0201943307086614
20
1.1158596456692913
11
1.0195814566929133
21
1.1188545275590551
0
LINE
8
BLACK
6
CONTINUOUS
10
1.0195814566929133
20
1.1188545275590551
11
1.0205481496062991
21
1.1217545669291338
0
LINE
8
BLACK
6
CONTINUOUS
10
1.0205481496062991
20
1.1217545669291338
11
1.0228353543307087
21
1.123782716535433
0
LINE
8
BLACK
6
CONTINUOUS
10
1.0228353543307087
20
1.123782716535433
11
1.0258302362204723
21
1.1243955905511811
0
LINE
8
BLACK
6
CONTINUOUS
10
1.0258302362204723
20
1.1243955905511811
11
1.0287302755905512
21
1.1234288976377953
0
LINE
8
BLACK
6
CONTINUOUS
10
1.0287302755905512
20
1.1234288976377953
11
1.0307584251968505
21
1.1211416929133857
0
LINE
8
BLACK
6
CONTINUOUS
10
1.0307584251968505
20
1.1211416929133857
11
1.0331419291338582
21
1.1163745669291338
0
LINE
8
BLACK
6
CONTINUOUS
10
1.0331419291338582
20
1.1163745669291338
11
1.0376750787401574
21
1.1118414173228346
0
LINE
8
BLACK
6
CONTINUOUS
10
1.0376750787401574
20
1.1118414173228346
11
1.0456250393700788
21
1.1065414566929133
0
LINE
8
BLACK
6
CONTINUOUS
10
1.0456250393700788
20
1.1065414566929133
11
1.0465126377952756
21
1.1055314566929133
0
LINE
8
BLACK
6
CONTINUOUS
10
1.0465126377952756
20
1.1055314566929133
11
1.0474635826771654
21
1.1045805511811024
0
LINE
8
BLACK
6
CONTINUOUS
10
1.0474635826771654
20
1.1045805511811024
11
1.0475140944881889
21
1.1043919291338582
0
LINE
8
BLACK
6
CONTINUOUS
10
1.0475140944881889
20
1.1043919291338582
11
1.047643031496063
21
1.1042452755905512
0
LINE
8
BLACK
6
CONTINUOUS
10
1.047643031496063
20
1.1042452755905512
11
1.047906811023622
21
1.1029262992125983
0
LINE
8
BLACK
6
CONTINUOUS
10
1.047906811023622
20
1.1029262992125983
11
1.0482547637795276
21
1.1016277952755906
0
LINE
8
BLACK
6
CONTINUOUS
10
1.0482547637795276
20
1.1016277952755906
11
1.0482042125984252
21
1.1014392519685039
0
LINE
8
BLACK
6
CONTINUOUS
10
1.0482042125984252
20
1.1014392519685039
11
1.0482425590551181
21
1.1012477165354331
0
LINE
8
BLACK
6
CONTINUOUS
10
1.0482425590551181
20
1.1012477165354331
11
1.0478114960629921
21
1.0999735433070865
0
LINE
8
BLACK
6
CONTINUOUS
10
1.0478114960629921
20
1.0999735433070865
11
1.0474635826771654
21
1.0986750393700788
0
LINE
8
BLACK
6
CONTINUOUS
10
1.0474635826771654
20
1.0986750393700788
11
1.0473255118110236
21
1.098536968503937
0
LINE
8
BLACK
6
CONTINUOUS
10
1.0473255118110236
20
1.098536968503937
11
1.0472629527559054
21
1.0983520078740157
0
LINE
8
BLACK
6
CONTINUOUS
10
1.0472629527559054
20
1.0983520078740157
11
1.0462526377952757
21
1.097464094488189
0
LINE
8
BLACK
6
CONTINUOUS
10
1.0462526377952757
20
1.097464094488189
11
1.0453020078740156
21
1.0965134645669292
0
LINE
8
BLACK
6
CONTINUOUS
10
1.0453020078740156
20
1.0965134645669292
11
1.0451134645669291
21
1.0964629133858268
0
LINE
8
BLACK
6
CONTINUOUS
10
1.0451134645669291
20
1.0964629133858268
11
1.0449667716535433
21
1.0963340157480315
0
LINE
8
BLACK
6
CONTINUOUS
10
1.0449667716535433
20
1.0963340157480315
11
1.043647874015748
21
1.0960702362204724
0
LINE
8
BLACK
6
CONTINUOUS
10
1.043647874015748
20
1.0960702362204724
11
1.0423492519685038
21
1.095722283464567
0
LINE
8
BLACK
6
CONTINUOUS
10
1.0423492519685038
20
1.095722283464567
11
0.9891996456692913
21
1.095722283464567
0
LINE
8
BLACK
6
CONTINUOUS
10
0.9891996456692913
20
1.095722283464567
11
0.9891996456692913
21
1.0847548818897637
0
LINE
8
BLACK
6
CONTINUOUS
10
0.9891996456692913
20
1.0847548818897637
11
0.9884084645669291
21
1.0818021259842518
0
LINE
8
BLACK
6
CONTINUOUS
10
0.9884084645669291
20
1.0818021259842518
11
0.9862468897637795
21
1.0796405511811022
0
LINE
8
BLACK
6
CONTINUOUS
10
0.9862468897637795
20
1.0796405511811022
11
0.9832941338582677
21
1.07884937007874
0
LINE
8
BLACK
6
CONTINUOUS
10
0.9832941338582677
20
1.07884937007874
11
0.9803413779527559
21
1.0796405511811022
0
LINE
8
BLACK
6
CONTINUOUS
10
0.9803413779527559
20
1.0796405511811022
11
0.9781798031496063
21
1.0818021259842518
0
LINE
8
BLACK
6
CONTINUOUS
10
0.9781798031496063
20
1.0818021259842518
11
0.9773886220472441
21
1.0847548818897637
0
LINE
8
BLACK
6
CONTINUOUS
10
0.9773886220472441
20
1.0847548818897637
11
0.9773886220472441
21
1.1185006692913386
0
LINE
8
BLACK
6
CONTINUOUS
10
0.9773886220472441
20
1.1185006692913386
11
0.9781798031496063
21
1.1214534251968504
0
LINE
8
BLACK
6
CONTINUOUS
10
0.9781798031496063
20
1.1214534251968504
11
0.9803413779527559
21
1.123615
0
LINE
8
BLACK
6
CONTINUOUS
10
0.9803413779527559
20
1.123615
11
0.9832941338582677
21
1.1244061811023622
0
LINE
8
BLACK
6
CONTINUOUS
10
0.9832941338582677
20
1.1244061811023622
11
0.9862468897637795
21
1.123615
0
LINE
8
BLACK
6
CONTINUOUS
10
0.8453020078740158
20
1.1686094094488189
11
0.8474635826771654
21
1.1664478346456693
0
LINE
8
BLACK
6
CONTINUOUS
10
0.8474635826771654
20
1.1664478346456693
11
0.8482547637795276
21
1.1634950787401575
0
LINE
8
BLACK
6
CONTINUOUS
10
0.8482547637795276
20
1.1634950787401575
11
0.8482547637795276
21
1.140997874015748
0
LINE
8
BLACK
6
CONTINUOUS
10
0.8482547637795276
20
1.140997874015748
11
0.8479034645669291
21
1.139686811023622
0
LINE
8
BLACK
6
CONTINUOUS
10
0.8479034645669291
20
1.139686811023622
11
0.8476312992125984
21
1.138356811023622
0
LINE
8
BLACK
6
CONTINUOUS
10
0.8476312992125984
20
1.138356811023622
11
0.8448191338582677
21
1.132732559055118
0
LINE
8
BLACK
6
CONTINUOUS
10
0.8448191338582677
20
1.132732559055118
11
0.8441883070866142
21
1.1320211811023622
0
LINE
8
BLACK
6
CONTINUOUS
10
0.8441883070866142
20
1.1320211811023622
11
0.8437129527559055
21
1.1311977952755905
0
LINE
8
BLACK
6
CONTINUOUS
10
0.8437129527559055
20
1.1311977952755905
11
0.8409008267716536
21
1.1283856299212598
0
LINE
8
BLACK
6
CONTINUOUS
10
0.8409008267716536
20
1.1283856299212598
11
0.8400773622047244
21
1.1279101968503937
0
LINE
8
BLACK
6
CONTINUOUS
10
0.8400773622047244
20
1.1279101968503937
11
0.8393659842519685
21
1.1272793700787402
0
LINE
8
BLACK
6
CONTINUOUS
10
0.8393659842519685
20
1.1272793700787402
11
0.8337416929133858
21
1.1244672440944881
0
LINE
8
BLACK
6
CONTINUOUS
10
0.8337416929133858
20
1.1244672440944881
11
0.8324118110236221
21
1.1241950787401576
0
LINE
8
BLACK
6
CONTINUOUS
10
0.8324118110236221
20
1.1241950787401576
11
0.8311006692913385
21
1.1238437795275591
0
LINE
8
BLACK
6
CONTINUOUS
10
0.8311006692913385
20
1.1238437795275591
11
0.8226642125984251
21
1.1238437795275591
0
LINE
8
BLACK
6
CONTINUOUS
10
0.8226642125984251
20
1.1238437795275591
11
0.8213529527559055
21
1.1241951181102361
0
LINE
8
BLACK
6
CONTINUOUS
10
0.8213529527559055
20
1.1241951181102361
11
0.8200232283464567
21
1.1244672440944881
0
LINE
8
BLACK
6
CONTINUOUS
10
0.8200232283464567
20
1.1244672440944881
11
0.8143988976377953
21
1.1272793700787402
0
LINE
8
BLACK
6
CONTINUOUS
10
0.8143988976377953
20
1.1272793700787402
11
0.8136874803149606
21
1.1279101968503937
0
LINE
8
BLACK
6
CONTINUOUS
10
0.8136874803149606
20
1.1279101968503937
11
0.812864094488189
21
1.128385590551181
0
LINE
8
BLACK
6
CONTINUOUS
10
0.812864094488189
20
1.128385590551181
11
0.8100519291338583
21
1.1311977559055117
0
LINE
8
BLACK
6
CONTINUOUS
10
0.8100519291338583
20
1.1311977559055117
11
0.8095765354330708
21
1.1320211417322834
0
LINE
8
BLACK
6
CONTINUOUS
10
0.8095765354330708
20
1.1320211417322834
11
0.8089457086614174
21
1.132732559055118
0
LINE
8
BLACK
6
CONTINUOUS
10
0.8089457086614174
20
1.132732559055118
11
0.8061335826771653
21
1.1383568503937007
0
LINE
8
BLACK
6
CONTINUOUS
10
0.8061335826771653
20
1.1383568503937007
11
0.806102874015748
21
1.1385068110236221
0
LINE
8
BLACK
6
CONTINUOUS
10
0.806102874015748
20
1.1385068110236221
11
0.7866807086614173
21
1.1249112992125985
0
LINE
8
BLACK
6
CONTINUOUS
10
0.7866807086614173
20
1.1249112992125985
11
0.7838080314960629
21
1.1238661811023622
0
LINE
8
BLACK
6
CONTINUOUS
10
0.7838080314960629
20
1.1238661811023622
11
0.7807975984251968
21
1.1243974409448818
0
LINE
8
BLACK
6
CONTINUOUS
10
0.7807975984251968
20
1.1243974409448818
11
0.7784561417322835
21
1.1263627165354331
0
LINE
8
BLACK
6
CONTINUOUS
10
0.7784561417322835
20
1.1263627165354331
11
0.7774110236220473
21
1.1292353937007873
0
LINE
8
BLACK
6
CONTINUOUS
10
0.7774110236220473
20
1.1292353937007873
11
0.777942283464567
21
1.1322458267716535
0
LINE
8
BLACK
6
CONTINUOUS
10
0.777942283464567
20
1.1322458267716535
11
0.7799075590551181
21
1.1345872834645669
0
LINE
8
BLACK
6
CONTINUOUS
10
0.7799075590551181
20
1.1345872834645669
11
0.8055101181102362
21
1.1525090551181103
0
LINE
8
BLACK
6
CONTINUOUS
10
0.8055101181102362
20
1.1525090551181103
11
0.8055101181102362
21
1.1575895669291338
0
LINE
8
BLACK
6
CONTINUOUS
10
0.8055101181102362
20
1.1575895669291338
11
0.7832941338582677
21
1.1575895669291338
0
LINE
8
BLACK
6
CONTINUOUS
10
0.7832941338582677
20
1.1575895669291338
11
0.7803413779527559
21
1.158380748031496
0
LINE
8
BLACK
6
CONTINUOUS
10
0.7803413779527559
20
1.158380748031496
11
0.7781798031496063
21
1.1605423228346456
0
LINE
8
BLACK
6
CONTINUOUS
10
0.7781798031496063
20
1.1605423228346456
11
0.7773886220472441
21
1.1634950787401575
0
LINE
8
BLACK
6
CONTINUOUS
10
0.7773886220472441
20
1.1634950787401575
11
0.7781798031496063
21
1.1664478346456693
0
LINE
8
BLACK
6
CONTINUOUS
10
0.7781798031496063
20
1.1664478346456693
11
0.7803413779527559
21
1.1686094094488189
0
LINE
8
BLACK
6
CONTINUOUS
10
0.7803413779527559
20
1.1686094094488189
11
0.7832941338582677
21
1.1694005905511811
0
LINE
8
BLACK
6
CONTINUOUS
10
0.7832941338582677
20
1.1694005905511811
11
0.842349251968504
21
1.1694005905511811
0
LINE
8
BLACK
6
CONTINUOUS
10
0.842349251968504
20
1.1694005905511811
11
0.8453020078740158
21
1.1686094094488189
0
LINE
8
BLACK
6
CONTINUOUS
10
0.8173211417322834
20
1.1423919291338582
11
0.8190811811023622
21
1.1388717716535433
0
LINE
8
BLACK
6
CONTINUOUS
10
0.8190811811023622
20
1.1388717716535433
11
0.8205380708661417
21
1.1374148818897638
0
LINE
8
BLACK
6
CONTINUOUS
10
0.8205380708661417
20
1.1374148818897638
11
0.8240583070866142
21
1.1356548031496063
0
LINE
8
BLACK
6
CONTINUOUS
10
0.8240583070866142
20
1.1356548031496063
11
0.8297065748031496
21
1.1356548031496063
0
LINE
8
BLACK
6
CONTINUOUS
10
0.8297065748031496
20
1.1356548031496063
11
0.8332266929133858
21
1.1374148425196851
0
LINE
8
BLACK
6
CONTINUOUS
10
0.8332266929133858
20
1.1374148425196851
11
0.8346835826771654
21
1.1388717322834645
0
LINE
8
BLACK
6
CONTINUOUS
10
0.8346835826771654
20
1.1388717322834645
11
0.8364437401574802
21
1.142391968503937
0
LINE
8
BLACK
6
CONTINUOUS
10
0.8364437401574802
20
1.142391968503937
11
0.8364437401574802
21
1.1575895669291338
0
LINE
8
BLACK
6
CONTINUOUS
10
0.8364437401574802
20
1.1575895669291338
11
0.8173211417322834
21
1.1575895669291338
0
LINE
8
BLACK
6
CONTINUOUS
10
0.8173211417322834
20
1.1575895669291338
11
0.8173211417322834
21
1.1423919291338582
0
LINE
8
BLACK
6
CONTINUOUS
10
1.3453020078740157
20
1.163609409448819
11
1.3474635826771653
21
1.1614478346456694
0
LINE
8
BLACK
6
CONTINUOUS
10
1.3474635826771653
20
1.1614478346456694
11
1.3482547637795275
21
1.1584950787401576
0
LINE
8
BLACK
6
CONTINUOUS
10
1.3482547637795275
20
1.1584950787401576
11
1.3474635826771653
21
1.1555423228346458
0
LINE
8
BLACK
6
CONTINUOUS
10
1.3474635826771653
20
1.1555423228346458
11
1.3453020078740157
21
1.1533807480314959
0
LINE
8
BLACK
6
CONTINUOUS
10
1.3453020078740157
20
1.1533807480314959
11
1.3423492519685039
21
1.1525895669291337
0
LINE
8
BLACK
6
CONTINUOUS
10
1.3423492519685039
20
1.1525895669291337
11
1.2891996456692913
21
1.1525895669291337
0
LINE
8
BLACK
6
CONTINUOUS
10
1.2891996456692913
20
1.1525895669291337
11
1.2891996456692913
21
1.1303735826771653
0
LINE
8
BLACK
6
CONTINUOUS
10
1.2891996456692913
20
1.1303735826771653
11
1.2884084645669291
21
1.1274208267716535
0
LINE
8
BLACK
6
CONTINUOUS
10
1.2884084645669291
20
1.1274208267716535
11
1.2862468897637795
21
1.1252592519685038
0
LINE
8
BLACK
6
CONTINUOUS
10
1.2862468897637795
20
1.1252592519685038
11
1.2832941338582677
21
1.1244680708661416
0
LINE
8
BLACK
6
CONTINUOUS
10
1.2832941338582677
20
1.1244680708661416
11
1.2803413779527559
21
1.1252592519685038
0
LINE
8
BLACK
6
CONTINUOUS
10
1.2803413779527559
20
1.1252592519685038
11
1.2781798031496063
21
1.1274208267716535
0
LINE
8
BLACK
6
CONTINUOUS
10
1.2781798031496063
20
1.1274208267716535
11
1.2773886220472441
21
1.1303735826771653
0
LINE
8
BLACK
6
CONTINUOUS
10
1.2773886220472441
20
1.1303735826771653
11
1.2773886220472441
21
1.1584950787401576
0
LINE
8
BLACK
6
CONTINUOUS
10
1.2773886220472441
20
1.1584950787401576
11
1.2781798031496063
21
1.1614478346456694
0
LINE
8
BLACK
6
CONTINUOUS
10
1.2781798031496063
20
1.1614478346456694
11
1.2803413779527559
21
1.163609409448819
0
LINE
8
BLACK
6
CONTINUOUS
10
1.2803413779527559
20
1.163609409448819
11
1.2832941338582677
21
1.1644005905511812
0
LINE
8
BLACK
6
CONTINUOUS
10
1.2832941338582677
20
1.1644005905511812
11
1.3423492519685039
21
1.1644005905511812
0
LINE
8
BLACK
6
CONTINUOUS
10
1.3423492519685039
20
1.1644005905511812
11
1.3453020078740157
21
1.163609409448819
0
LINE
8
BLACK
6
CONTINUOUS
10
1.0453020078740156
20
1.1686094094488189
11
1.0474635826771654
21
1.1664478346456693
0
LINE
8
BLACK
6
CONTINUOUS
10
1.0474635826771654
20
1.1664478346456693
11
1.0482547637795276
21
1.1634950787401575
0
LINE
8
BLACK
6
CONTINUOUS
10
1.0482547637795276
20
1.1634950787401575
11
1.0474635826771654
21
1.1605423228346456
0
LINE
8
BLACK
6
CONTINUOUS
10
1.0474635826771654
20
1.1605423228346456
11
1.0453020078740156
21
1.158380748031496
0
LINE
8
BLACK
6
CONTINUOUS
10
1.0453020078740156
20
1.158380748031496
11
1.0423492519685038
21
1.1575895669291338
0
LINE
8
BLACK
6
CONTINUOUS
10
1.0423492519685038
20
1.1575895669291338
11
0.9891996456692913
21
1.1575895669291338
0
LINE
8
BLACK
6
CONTINUOUS
10
0.9891996456692913
20
1.1575895669291338
11
0.9891996456692913
21
1.1353735826771654
0
LINE
8
BLACK
6
CONTINUOUS
10
0.9891996456692913
20
1.1353735826771654
11
0.9884084645669291
21
1.1324208267716536
0
LINE
8
BLACK
6
CONTINUOUS
10
0.9884084645669291
20
1.1324208267716536
11
0.9862468897637795
21
1.130259251968504
0
LINE
8
BLACK
6
CONTINUOUS
10
0.9862468897637795
20
1.130259251968504
11
0.9832941338582677
21
1.1294680708661418
0
LINE
8
BLACK
6
CONTINUOUS
10
0.9832941338582677
20
1.1294680708661418
11
0.9803413779527559
21
1.130259251968504
0
LINE
8
BLACK
6
CONTINUOUS
10
0.9803413779527559
20
1.130259251968504
11
0.9781798031496063
21
1.1324208267716536
0
LINE
8
BLACK
6
CONTINUOUS
10
0.9781798031496063
20
1.1324208267716536
11
0.9773886220472441
21
1.1353735826771654
0
LINE
8
BLACK
6
CONTINUOUS
10
0.9773886220472441
20
1.1353735826771654
11
0.9773886220472441
21
1.1634950787401575
0
LINE
8
BLACK
6
CONTINUOUS
10
0.9773886220472441
20
1.1634950787401575
11
0.9781798031496063
21
1.1664478346456693
0
LINE
8
BLACK
6
CONTINUOUS
10
0.9781798031496063
20
1.1664478346456693
11
0.9803413779527559
21
1.1686094094488189
0
LINE
8
BLACK
6
CONTINUOUS
10
0.9803413779527559
20
1.1686094094488189
11
0.9832941338582677
21
1.1694005905511811
0
LINE
8
BLACK
6
CONTINUOUS
10
0.9832941338582677
20
1.1694005905511811
11
1.0423492519685038
21
1.1694005905511811
0
LINE
8
BLACK
6
CONTINUOUS
10
1.0423492519685038
20
1.1694005905511811
11
1.0453020078740156
21
1.1686094094488189
0
LINE
8
BLACK
6
CONTINUOUS
10
0.7205558661417323
20
1.191709094488189
11
0.7212843307086614
21
1.1917213779527558
0
LINE
8
BLACK
6
CONTINUOUS
10
0.7212843307086614
20
1.1917213779527558
11
0.7325329527559055
21
1.1889092519685038
0
LINE
8
BLACK
6
CONTINUOUS
10
0.7325329527559055
20
1.1889092519685038
11
0.7331029133858268
21
1.1885928346456693
0
LINE
8
BLACK
6
CONTINUOUS
10
0.7331029133858268
20
1.1885928346456693
11
0.7337416929133858
21
1.188462125984252
0
LINE
8
BLACK
6
CONTINUOUS
10
0.7337416929133858
20
1.188462125984252
11
0.7393659842519685
21
1.1856499606299213
0
LINE
8
BLACK
6
CONTINUOUS
10
0.7393659842519685
20
1.1856499606299213
11
0.7400773228346457
21
1.1850191338582676
0
LINE
8
BLACK
6
CONTINUOUS
10
0.7400773228346457
20
1.1850191338582676
11
0.7409007874015748
21
1.1845437401574803
0
LINE
8
BLACK
6
CONTINUOUS
10
0.7409007874015748
20
1.1845437401574803
11
0.7437129133858268
21
1.1817316141732284
0
LINE
8
BLACK
6
CONTINUOUS
10
0.7437129133858268
20
1.1817316141732284
11
0.7441882677165355
21
1.1809081889763779
0
LINE
8
BLACK
6
CONTINUOUS
10
0.7441882677165355
20
1.1809081889763779
11
0.7448191338582677
21
1.1801968110236221
0
LINE
8
BLACK
6
CONTINUOUS
10
0.7448191338582677
20
1.1801968110236221
11
0.7476312992125984
21
1.1745724803149606
0
LINE
8
BLACK
6
CONTINUOUS
10
0.7476312992125984
20
1.1745724803149606
11
0.7479034251968504
21
1.1732425196850393
0
LINE
8
BLACK
6
CONTINUOUS
10
0.7479034251968504
20
1.1732425196850393
11
0.7482547637795275
21
1.1719314566929133
0
LINE
8
BLACK
6
CONTINUOUS
10
0.7482547637795275
20
1.1719314566929133
11
0.7482547637795275
21
1.1663071653543307
0
LINE
8
BLACK
6
CONTINUOUS
10
0.7482547637795275
20
1.1663071653543307
11
0.7479034645669291
21
1.1649961023622046
0
LINE
8
BLACK
6
CONTINUOUS
10
0.7479034645669291
20
1.1649961023622046
11
0.7476312992125984
21
1.1636661023622048
0
LINE
8
BLACK
6
CONTINUOUS
10
0.7476312992125984
20
1.1636661023622048
11
0.7448191338582677
21
1.1580418503937007
0
LINE
8
BLACK
6
CONTINUOUS
10
0.7448191338582677
20
1.1580418503937007
11
0.7441883070866142
21
1.1573304724409448
0
LINE
8
BLACK
6
CONTINUOUS
10
0.7441883070866142
20
1.1573304724409448
11
0.7437129133858268
21
1.1565070472440944
0
LINE
8
BLACK
6
CONTINUOUS
10
0.7437129133858268
20
1.1565070472440944
11
0.7409007874015748
21
1.1536949212598424
0
LINE
8
BLACK
6
CONTINUOUS
10
0.7409007874015748
20
1.1536949212598424
11
0.7400773228346457
21
1.1532194881889763
0
LINE
8
BLACK
6
CONTINUOUS
10
0.7400773228346457
20
1.1532194881889763
11
0.7393659842519685
21
1.1525887007874016
0
LINE
8
BLACK
6
CONTINUOUS
10
0.7393659842519685
20
1.1525887007874016
11
0.7337416929133858
21
1.1497765354330709
0
LINE
8
BLACK
6
CONTINUOUS
10
0.7337416929133858
20
1.1497765354330709
11
0.7331029133858268
21
1.1496457874015749
0
LINE
8
BLACK
6
CONTINUOUS
10
0.7331029133858268
20
1.1496457874015749
11
0.7325329527559055
21
1.1493294094488189
0
LINE
8
BLACK
6
CONTINUOUS
10
0.7325329527559055
20
1.1493294094488189
11
0.7212843307086614
21
1.1465172440944882
0
LINE
8
BLACK
6
CONTINUOUS
10
0.7212843307086614
20
1.1465172440944882
11
0.7205558267716535
21
1.1465294881889763
0
LINE
8
BLACK
6
CONTINUOUS
10
0.7205558267716535
20
1.1465294881889763
11
0.7198520472440945
21
1.146340905511811
0
LINE
8
BLACK
6
CONTINUOUS
10
0.7198520472440945
20
1.146340905511811
11
0.7057913385826772
21
1.146340905511811
0
LINE
8
BLACK
6
CONTINUOUS
10
0.7057913385826772
20
1.146340905511811
11
0.7050875196850394
21
1.1465294881889763
0
LINE
8
BLACK
6
CONTINUOUS
10
0.7050875196850394
20
1.1465294881889763
11
0.7043590157480315
21
1.1465172440944882
0
LINE
8
BLACK
6
CONTINUOUS
10
0.7043590157480315
20
1.1465172440944882
11
0.6931104330708662
21
1.1493294094488189
0
LINE
8
BLACK
6
CONTINUOUS
10
0.6931104330708662
20
1.1493294094488189
11
0.6925404724409449
21
1.1496457874015749
0
LINE
8
BLACK
6
CONTINUOUS
10
0.6925404724409449
20
1.1496457874015749
11
0.691901653543307
21
1.1497765354330709
0
LINE
8
BLACK
6
CONTINUOUS
10
0.691901653543307
20
1.1497765354330709
11
0.6862774015748031
21
1.1525887007874016
0
LINE
8
BLACK
6
CONTINUOUS
10
0.6862774015748031
20
1.1525887007874016
11
0.6855660236220472
21
1.1532194881889763
0
LINE
8
BLACK
6
CONTINUOUS
10
0.6855660236220472
20
1.1532194881889763
11
0.6847425984251968
21
1.1536949212598424
0
LINE
8
BLACK
6
CONTINUOUS
10
0.6847425984251968
20
1.1536949212598424
11
0.6819304724409448
21
1.1565070472440944
0
LINE
8
BLACK
6
CONTINUOUS
10
0.6819304724409448
20
1.1565070472440944
11
0.6814550393700787
21
1.1573304724409448
0
LINE
8
BLACK
6
CONTINUOUS
10
0.6814550393700787
20
1.1573304724409448
11
0.6808242519685039
21
1.1580418503937007
0
LINE
8
BLACK
6
CONTINUOUS
10
0.6808242519685039
20
1.1580418503937007
11
0.6780120866141732
21
1.1636661417322833
0
LINE
8
BLACK
6
CONTINUOUS
10
0.6780120866141732
20
1.1636661417322833
11
0.6777399212598425
21
1.1649960629921259
0
LINE
8
BLACK
6
CONTINUOUS
10
0.6777399212598425
20
1.1649960629921259
11
0.677388622047244
21
1.1663071653543307
0
LINE
8
BLACK
6
CONTINUOUS
10
0.677388622047244
20
1.1663071653543307
11
0.677388622047244
21
1.1719314566929133
0
LINE
8
BLACK
6
CONTINUOUS
10
0.677388622047244
20
1.1719314566929133
11
0.6777399212598425
21
1.1732425196850393
0
LINE
8
BLACK
6
CONTINUOUS
10
0.6777399212598425
20
1.1732425196850393
11
0.6780120866141732
21
1.1745724803149606
0
LINE
8
BLACK
6
CONTINUOUS
10
0.6780120866141732
20
1.1745724803149606
11
0.6808242519685039
21
1.1801968110236221
0
LINE
8
BLACK
6
CONTINUOUS
10
0.6808242519685039
20
1.1801968110236221
11
0.6814550787401574
21
1.1809081889763779
0
LINE
8
BLACK
6
CONTINUOUS
10
0.6814550787401574
20
1.1809081889763779
11
0.6819304724409448
21
1.1817316141732284
0
LINE
8
BLACK
6
CONTINUOUS
10
0.6819304724409448
20
1.1817316141732284
11
0.6847425984251968
21
1.1845437401574803
0
LINE
8
BLACK
6
CONTINUOUS
10
0.6847425984251968
20
1.1845437401574803
11
0.6855660236220472
21
1.1850191338582676
0
LINE
8
BLACK
6
CONTINUOUS
10
0.6855660236220472
20
1.1850191338582676
11
0.6862774015748031
21
1.1856499606299213
0
LINE
8
BLACK
6
CONTINUOUS
10
0.6862774015748031
20
1.1856499606299213
11
0.691901653543307
21
1.188462125984252
0
LINE
8
BLACK
6
CONTINUOUS
10
0.691901653543307
20
1.188462125984252
11
0.6925404724409449
21
1.1885928346456693
0
LINE
8
BLACK
6
CONTINUOUS
10
0.6925404724409449
20
1.1885928346456693
11
0.6931104330708662
21
1.1889092519685038
0
LINE
8
BLACK
6
CONTINUOUS
10
0.6931104330708662
20
1.1889092519685038
11
0.7043590551181103
21
1.1917213779527558
0
LINE
8
BLACK
6
CONTINUOUS
10
0.7043590551181103
20
1.1917213779527558
11
0.7050874803149606
21
1.191709094488189
0
LINE
8
BLACK
6
CONTINUOUS
10
0.7050874803149606
20
1.191709094488189
11
0.7057913385826772
21
1.191897716535433
0
LINE
8
BLACK
6
CONTINUOUS
10
0.7057913385826772
20
1.191897716535433
11
0.7198520472440945
21
1.191897716535433
0
LINE
8
BLACK
6
CONTINUOUS
10
0.7198520472440945
20
1.191897716535433
11
0.7205558661417323
21
1.191709094488189
0
LINE
8
BLACK
6
CONTINUOUS
10
0.6966039763779528
20
1.1776081102362204
11
0.6924166141732283
21
1.1755144488188976
0
LINE
8
BLACK
6
CONTINUOUS
10
0.6924166141732283
20
1.1755144488188976
11
0.6909597637795275
21
1.1740575984251969
0
LINE
8
BLACK
6
CONTINUOUS
10
0.6909597637795275
20
1.1740575984251969
11
0.6891996456692914
21
1.1705373622047244
0
LINE
8
BLACK
6
CONTINUOUS
10
0.6891996456692914
20
1.1705373622047244
11
0.6891996456692914
21
1.1677012598425196
0
LINE
8
BLACK
6
CONTINUOUS
10
0.6891996456692914
20
1.1677012598425196
11
0.6909597637795275
21
1.1641810236220471
0
LINE
8
BLACK
6
CONTINUOUS
10
0.6909597637795275
20
1.1641810236220471
11
0.6924166141732283
21
1.1627241732283464
0
LINE
8
BLACK
6
CONTINUOUS
10
0.6924166141732283
20
1.1627241732283464
11
0.6966039763779528
21
1.1606304724409449
0
LINE
8
BLACK
6
CONTINUOUS
10
0.6966039763779528
20
1.1606304724409449
11
0.7065182677165354
21
1.1581519291338582
0
LINE
8
BLACK
6
CONTINUOUS
10
0.7065182677165354
20
1.1581519291338582
11
0.7191251181102362
21
1.1581519291338582
0
LINE
8
BLACK
6
CONTINUOUS
10
0.7191251181102362
20
1.1581519291338582
11
0.7290394094488188
21
1.1606305118110236
0
LINE
8
BLACK
6
CONTINUOUS
10
0.7290394094488188
20
1.1606305118110236
11
0.7332267716535433
21
1.1627242125984252
0
LINE
8
BLACK
6
CONTINUOUS
10
0.7332267716535433
20
1.1627242125984252
11
0.734683622047244
21
1.1641810629921259
0
LINE
8
BLACK
6
CONTINUOUS
10
0.734683622047244
20
1.1641810629921259
11
0.7364437401574803
21
1.1677012598425196
0
LINE
8
BLACK
6
CONTINUOUS
10
0.7364437401574803
20
1.1677012598425196
11
0.7364437401574803
21
1.1705373622047244
0
LINE
8
BLACK
6
CONTINUOUS
10
0.7364437401574803
20
1.1705373622047244
11
0.734683622047244
21
1.1740575984251969
0
LINE
8
BLACK
6
CONTINUOUS
10
0.734683622047244
20
1.1740575984251969
11
0.7332267716535433
21
1.1755144094488188
0
LINE
8
BLACK
6
CONTINUOUS
10
0.7332267716535433
20
1.1755144094488188
11
0.7290393700787401
21
1.1776081496062991
0
LINE
8
BLACK
6
CONTINUOUS
10
0.7290393700787401
20
1.1776081496062991
11
0.7191251181102362
21
1.1800866929133857
0
LINE
8
BLACK
6
CONTINUOUS
10
0.7191251181102362
20
1.1800866929133857
11
0.7065182677165354
21
1.1800866929133857
0
LINE
8
BLACK
6
CONTINUOUS
10
0.7065182677165354
20
1.1800866929133857
11
0.6966039763779528
21
1.1776081102362204
0
LINE
8
BLACK
6
CONTINUOUS
10
0.8862468897637795
20
1.1911065354330708
11
0.8884084645669291
21
1.1889449606299212
0
LINE
8
BLACK
6
CONTINUOUS
10
0.8884084645669291
20
1.1889449606299212
11
0.8891996456692913
21
1.1859922047244094
0
LINE
8
BLACK
6
CONTINUOUS
10
0.8891996456692913
20
1.1859922047244094
11
0.8891996456692913
21
1.175024842519685
0
LINE
8
BLACK
6
CONTINUOUS
10
0.8891996456692913
20
1.175024842519685
11
0.9252799212598425
21
1.175024842519685
0
LINE
8
BLACK
6
CONTINUOUS
10
0.9252799212598425
20
1.175024842519685
11
0.9241126771653543
21
1.1761920866141733
0
LINE
8
BLACK
6
CONTINUOUS
10
0.9241126771653543
20
1.1761920866141733
11
0.9236372834645669
21
1.177015472440945
0
LINE
8
BLACK
6
CONTINUOUS
10
0.9236372834645669
20
1.177015472440945
11
0.9230064566929134
21
1.1777268897637796
0
LINE
8
BLACK
6
CONTINUOUS
10
0.9230064566929134
20
1.1777268897637796
11
0.9201943307086614
21
1.1833511811023623
0
LINE
8
BLACK
6
CONTINUOUS
10
0.9201943307086614
20
1.1833511811023623
11
0.9195814566929134
21
1.1863460629921259
0
LINE
8
BLACK
6
CONTINUOUS
10
0.9195814566929134
20
1.1863460629921259
11
0.9205481496062992
21
1.1892461023622047
0
LINE
8
BLACK
6
CONTINUOUS
10
0.9205481496062992
20
1.1892461023622047
11
0.9228353543307086
21
1.191274251968504
0
LINE
8
BLACK
6
CONTINUOUS
10
0.9228353543307086
20
1.191274251968504
11
0.9258302362204724
21
1.1918871259842518
0
LINE
8
BLACK
6
CONTINUOUS
10
0.9258302362204724
20
1.1918871259842518
11
0.9287302755905512
21
1.190920433070866
0
LINE
8
BLACK
6
CONTINUOUS
10
0.9287302755905512
20
1.190920433070866
11
0.9307584251968504
21
1.1886332283464567
0
LINE
8
BLACK
6
CONTINUOUS
10
0.9307584251968504
20
1.1886332283464567
11
0.9331419291338583
21
1.1838661023622048
0
LINE
8
BLACK
6
CONTINUOUS
10
0.9331419291338583
20
1.1838661023622048
11
0.9376750787401574
21
1.1793329527559056
0
LINE
8
BLACK
6
CONTINUOUS
10
0.9376750787401574
20
1.1793329527559056
11
0.9456250393700787
21
1.1740329921259842
0
LINE
8
BLACK
6
CONTINUOUS
10
0.9456250393700787
20
1.1740329921259842
11
0.9465126377952756
21
1.1730229921259843
0
LINE
8
BLACK
6
CONTINUOUS
10
0.9465126377952756
20
1.1730229921259843
11
0.9474635826771654
21
1.1720720866141732
0
LINE
8
BLACK
6
CONTINUOUS
10
0.9474635826771654
20
1.1720720866141732
11
0.9475140944881889
21
1.1718834645669292
0
LINE
8
BLACK
6
CONTINUOUS
10
0.9475140944881889
20
1.1718834645669292
11
0.947643031496063
21
1.1717368110236219
0
LINE
8
BLACK
6
CONTINUOUS
10
0.947643031496063
20
1.1717368110236219
11
0.9479068110236221
21
1.1704178346456693
0
LINE
8
BLACK
6
CONTINUOUS
10
0.9479068110236221
20
1.1704178346456693
11
0.9482547637795276
21
1.1691193307086614
0
LINE
8
BLACK
6
CONTINUOUS
10
0.9482547637795276
20
1.1691193307086614
11
0.9482042125984251
21
1.1689307874015749
0
LINE
8
BLACK
6
CONTINUOUS
10
0.9482042125984251
20
1.1689307874015749
11
0.9482425590551181
21
1.1687392519685038
0
LINE
8
BLACK
6
CONTINUOUS
10
0.9482425590551181
20
1.1687392519685038
11
0.9478114960629921
21
1.1674650787401575
0
LINE
8
BLACK
6
CONTINUOUS
10
0.9478114960629921
20
1.1674650787401575
11
0.9474635826771654
21
1.1661665748031496
0
LINE
8
BLACK
6
CONTINUOUS
10
0.9474635826771654
20
1.1661665748031496
11
0.9473255118110236
21
1.1660285039370077
0
LINE
8
BLACK
6
CONTINUOUS
10
0.9473255118110236
20
1.1660285039370077
11
0.9472629527559054
21
1.1658435433070866
0
LINE
8
BLACK
6
CONTINUOUS
10
0.9472629527559054
20
1.1658435433070866
11
0.9462526377952756
21
1.1649556299212598
0
LINE
8
BLACK
6
CONTINUOUS
10
0.9462526377952756
20
1.1649556299212598
11
0.9453020078740157
21
1.164005
0
LINE
8
BLACK
6
CONTINUOUS
10
0.9453020078740157
20
1.164005
11
0.9451134645669291
21
1.1639544488188975
0
LINE
8
BLACK
6
CONTINUOUS
10
0.9451134645669291
20
1.1639544488188975
11
0.9449667716535433
21
1.1638255511811024
0
LINE
8
BLACK
6
CONTINUOUS
10
0.9449667716535433
20
1.1638255511811024
11
0.943647874015748
21
1.1635617716535434
0
LINE
8
BLACK
6
CONTINUOUS
10
0.943647874015748
20
1.1635617716535434
11
0.9423492519685039
21
1.1632138188976378
0
LINE
8
BLACK
6
CONTINUOUS
10
0.9423492519685039
20
1.1632138188976378
11
0.8891996456692913
21
1.1632138188976378
0
LINE
8
BLACK
6
CONTINUOUS
10
0.8891996456692913
20
1.1632138188976378
11
0.8891996456692913
21
1.1522464173228346
0
LINE
8
BLACK
6
CONTINUOUS
10
0.8891996456692913
20
1.1522464173228346
11
0.8884084645669291
21
1.1492936614173228
0
LINE
8
BLACK
6
CONTINUOUS
10
0.8884084645669291
20
1.1492936614173228
11
0.8862468897637795
21
1.1471320866141732
0
LINE
8
BLACK
6
CONTINUOUS
10
0.8862468897637795
20
1.1471320866141732
11
0.8832941338582677
21
1.146340905511811
0
LINE
8
BLACK
6
CONTINUOUS
10
0.8832941338582677
20
1.146340905511811
11
0.8803413779527559
21
1.1471320866141732
0
LINE
8
BLACK
6
CONTINUOUS
10
0.8803413779527559
20
1.1471320866141732
11
0.8781798031496063
21
1.1492936614173228
0
LINE
8
BLACK
6
CONTINUOUS
10
0.8781798031496063
20
1.1492936614173228
11
0.8773886220472441
21
1.1522464173228346
0
LINE
8
BLACK
6
CONTINUOUS
10
0.8773886220472441
20
1.1522464173228346
11
0.8773886220472441
21
1.1859922047244094
0
LINE
8
BLACK
6
CONTINUOUS
10
0.8773886220472441
20
1.1859922047244094
11
0.8781798031496063
21
1.1889449606299212
0
LINE
8
BLACK
6
CONTINUOUS
10
0.8781798031496063
20
1.1889449606299212
11
0.8803413779527559
21
1.1911065354330708
0
LINE
8
BLACK
6
CONTINUOUS
10
0.8803413779527559
20
1.1911065354330708
11
0.8832941338582677
21
1.191897716535433
0
LINE
8
BLACK
6
CONTINUOUS
10
0.8832941338582677
20
1.191897716535433
11
0.8862468897637795
21
1.1911065354330708
0
LINE
8
BLACK
6
CONTINUOUS
10
1.1403020078740158
20
1.1939187007874015
11
1.1424635826771654
21
1.1917571259842519
0
LINE
8
BLACK
6
CONTINUOUS
10
1.1424635826771654
20
1.1917571259842519
11
1.1432547637795276
21
1.1888043700787401
0
LINE
8
BLACK
6
CONTINUOUS
10
1.1432547637795276
20
1.1888043700787401
11
1.1432547637795276
21
1.1522464173228346
0
LINE
8
BLACK
6
CONTINUOUS
10
1.1432547637795276
20
1.1522464173228346
11
1.1431037401574804
21
1.1516828346456693
0
LINE
8
BLACK
6
CONTINUOUS
10
1.1431037401574804
20
1.1516828346456693
11
1.1431425590551181
21
1.1511007874015748
0
LINE
8
BLACK
6
CONTINUOUS
10
1.1431425590551181
20
1.1511007874015748
11
1.1427146062992126
21
1.1502305905511812
0
LINE
8
BLACK
6
CONTINUOUS
10
1.1427146062992126
20
1.1502305905511812
11
1.1424635826771654
21
1.1492936614173228
0
LINE
8
BLACK
6
CONTINUOUS
10
1.1424635826771654
20
1.1492936614173228
11
1.1420509448818896
21
1.1488810236220472
0
LINE
8
BLACK
6
CONTINUOUS
10
1.1420509448818896
20
1.1488810236220472
11
1.1417935826771652
21
1.1483576377952756
0
LINE
8
BLACK
6
CONTINUOUS
10
1.1417935826771652
20
1.1483576377952756
11
1.1409879133858267
21
1.1478179921259841
0
LINE
8
BLACK
6
CONTINUOUS
10
1.1409879133858267
20
1.1478179921259841
11
1.1403020078740158
21
1.1471320866141732
0
LINE
8
BLACK
6
CONTINUOUS
10
1.1403020078740158
20
1.1471320866141732
11
1.1397384251968503
21
1.146981062992126
0
LINE
8
BLACK
6
CONTINUOUS
10
1.1397384251968503
20
1.146981062992126
11
1.139253779527559
21
1.1466564566929134
0
LINE
8
BLACK
6
CONTINUOUS
10
1.139253779527559
20
1.1466564566929134
11
1.1382861417322834
21
1.1465919291338582
0
LINE
8
BLACK
6
CONTINUOUS
10
1.1382861417322834
20
1.1465919291338582
11
1.137349251968504
21
1.146340905511811
0
LINE
8
BLACK
6
CONTINUOUS
10
1.137349251968504
20
1.146340905511811
11
1.1367856692913385
21
1.1464918897637795
0
LINE
8
BLACK
6
CONTINUOUS
10
1.1367856692913385
20
1.1464918897637795
11
1.136203622047244
21
1.1464531102362205
0
LINE
8
BLACK
6
CONTINUOUS
10
1.136203622047244
20
1.1464531102362205
11
1.1353333858267716
21
1.1468810236220472
0
LINE
8
BLACK
6
CONTINUOUS
10
1.1353333858267716
20
1.1468810236220472
11
1.1343964960629922
21
1.1471320866141732
0
LINE
8
BLACK
6
CONTINUOUS
10
1.1343964960629922
20
1.1471320866141732
11
1.1339838976377952
21
1.1475446456692913
0
LINE
8
BLACK
6
CONTINUOUS
10
1.1339838976377952
20
1.1475446456692913
11
1.1334604330708662
21
1.1478020866141732
0
LINE
8
BLACK
6
CONTINUOUS
10
1.1334604330708662
20
1.1478020866141732
11
1.1196500787401575
21
1.1598860629921259
0
LINE
8
BLACK
6
CONTINUOUS
10
1.1196500787401575
20
1.1598860629921259
11
1.1173219685039371
21
1.1552297244094487
0
LINE
8
BLACK
6
CONTINUOUS
10
1.1173219685039371
20
1.1552297244094487
11
1.1166911023622046
21
1.1545183070866141
0
LINE
8
BLACK
6
CONTINUOUS
10
1.1166911023622046
20
1.1545183070866141
11
1.116215748031496
21
1.1536949212598424
0
LINE
8
BLACK
6
CONTINUOUS
10
1.116215748031496
20
1.1536949212598424
11
1.1134035826771653
21
1.1508827559055117
0
LINE
8
BLACK
6
CONTINUOUS
10
1.1134035826771653
20
1.1508827559055117
11
1.1125801181102362
21
1.1504073228346456
0
LINE
8
BLACK
6
CONTINUOUS
10
1.1125801181102362
20
1.1504073228346456
11
1.111868779527559
21
1.1497765354330709
0
LINE
8
BLACK
6
CONTINUOUS
10
1.111868779527559
20
1.1497765354330709
11
1.1062444881889764
21
1.1469643700787402
0
LINE
8
BLACK
6
CONTINUOUS
10
1.1062444881889764
20
1.1469643700787402
11
1.1049145275590551
21
1.1466922047244095
0
LINE
8
BLACK
6
CONTINUOUS
10
1.1049145275590551
20
1.1466922047244095
11
1.103603464566929
21
1.146340905511811
0
LINE
8
BLACK
6
CONTINUOUS
10
1.103603464566929
20
1.146340905511811
11
1.089542716535433
21
1.146340905511811
0
LINE
8
BLACK
6
CONTINUOUS
10
1.089542716535433
20
1.146340905511811
11
1.088231653543307
21
1.1466921653543307
0
LINE
8
BLACK
6
CONTINUOUS
10
1.088231653543307
20
1.1466921653543307
11
1.0869016535433071
21
1.1469643700787402
0
LINE
8
BLACK
6
CONTINUOUS
10
1.0869016535433071
20
1.1469643700787402
11
1.0812774015748032
21
1.1497765354330709
0
LINE
8
BLACK
6
CONTINUOUS
10
1.0812774015748032
20
1.1497765354330709
11
1.0805660236220471
21
1.1504073228346456
0
LINE
8
BLACK
6
CONTINUOUS
10
1.0805660236220471
20
1.1504073228346456
11
1.0797425590551182
21
1.1508827952755905
0
LINE
8
BLACK
6
CONTINUOUS
10
1.0797425590551182
20
1.1508827952755905
11
1.0769304330708662
21
1.1536949606299212
0
LINE
8
BLACK
6
CONTINUOUS
10
1.0769304330708662
20
1.1536949606299212
11
1.0764550393700787
21
1.1545183464566928
0
LINE
8
BLACK
6
CONTINUOUS
10
1.0764550393700787
20
1.1545183464566928
11
1.075824251968504
21
1.1552297244094487
0
LINE
8
BLACK
6
CONTINUOUS
10
1.075824251968504
20
1.1552297244094487
11
1.0730120866141732
21
1.1608540157480314
0
LINE
8
BLACK
6
CONTINUOUS
10
1.0730120866141732
20
1.1608540157480314
11
1.0727399212598425
21
1.1621839370078739
0
LINE
8
BLACK
6
CONTINUOUS
10
1.0727399212598425
20
1.1621839370078739
11
1.0723886220472441
21
1.1634950393700787
0
LINE
8
BLACK
6
CONTINUOUS
10
1.0723886220472441
20
1.1634950393700787
11
1.0723886220472441
21
1.1803679133858267
0
LINE
8
BLACK
6
CONTINUOUS
10
1.0723886220472441
20
1.1803679133858267
11
1.0727399212598425
21
1.1816789763779527
0
LINE
8
BLACK
6
CONTINUOUS
10
1.0727399212598425
20
1.1816789763779527
11
1.0730120866141732
21
1.183008937007874
0
LINE
8
BLACK
6
CONTINUOUS
10
1.0730120866141732
20
1.183008937007874
11
1.075824251968504
21
1.1886332283464567
0
LINE
8
BLACK
6
CONTINUOUS
10
1.075824251968504
20
1.1886332283464567
11
1.0764550393700787
21
1.1893445669291338
0
LINE
8
BLACK
6
CONTINUOUS
10
1.0764550393700787
20
1.1893445669291338
11
1.0769304330708662
21
1.1901679921259842
0
LINE
8
BLACK
6
CONTINUOUS
10
1.0769304330708662
20
1.1901679921259842
11
1.0797425590551182
21
1.1929801574803149
0
LINE
8
BLACK
6
CONTINUOUS
10
1.0797425590551182
20
1.1929801574803149
11
1.0823899212598425
21
1.1945086614173228
0
LINE
8
BLACK
6
CONTINUOUS
10
1.0823899212598425
20
1.1945086614173228
11
1.0854468503937007
21
1.1945086614173228
0
LINE
8
BLACK
6
CONTINUOUS
10
1.0854468503937007
20
1.1945086614173228
11
1.0880942125984252
21
1.1929802362204724
0
LINE
8
BLACK
6
CONTINUOUS
10
1.0880942125984252
20
1.1929802362204724
11
1.0896227165354331
21
1.1903328740157479
0
LINE
8
BLACK
6
CONTINUOUS
10
1.0896227165354331
20
1.1903328740157479
11
1.0896227165354331
21
1.1872759448818897
0
LINE
8
BLACK
6
CONTINUOUS
10
1.0896227165354331
20
1.1872759448818897
11
1.0880942913385827
21
1.1846285826771654
0
LINE
8
BLACK
6
CONTINUOUS
10
1.0880942913385827
20
1.1846285826771654
11
1.0859597637795275
21
1.1824940551181102
0
LINE
8
BLACK
6
CONTINUOUS
10
1.0859597637795275
20
1.1824940551181102
11
1.0841996456692913
21
1.178973779527559
0
LINE
8
BLACK
6
CONTINUOUS
10
1.0841996456692913
20
1.178973779527559
11
1.0841996456692913
21
1.1648891338582676
0
LINE
8
BLACK
6
CONTINUOUS
10
1.0841996456692913
20
1.1648891338582676
11
1.0859597637795275
21
1.1613688582677164
0
LINE
8
BLACK
6
CONTINUOUS
10
1.0859597637795275
20
1.1613688582677164
11
1.0874166141732282
21
1.1599120078740157
0
LINE
8
BLACK
6
CONTINUOUS
10
1.0874166141732282
20
1.1599120078740157
11
1.0909368110236219
21
1.1581519291338582
0
LINE
8
BLACK
6
CONTINUOUS
10
1.0909368110236219
20
1.1581519291338582
11
1.1022093700787401
21
1.1581519291338582
0
LINE
8
BLACK
6
CONTINUOUS
10
1.1022093700787401
20
1.1581519291338582
11
1.1057295669291338
21
1.1599120472440945
0
LINE
8
BLACK
6
CONTINUOUS
10
1.1057295669291338
20
1.1599120472440945
11
1.1071864173228345
21
1.1613688976377952
0
LINE
8
BLACK
6
CONTINUOUS
10
1.1071864173228345
20
1.1613688976377952
11
1.1089465354330708
21
1.1648890944881889
0
LINE
8
BLACK
6
CONTINUOUS
10
1.1089465354330708
20
1.1648890944881889
11
1.1089465354330708
21
1.1719314566929133
0
LINE
8
BLACK
6
CONTINUOUS
10
1.1089465354330708
20
1.1719314566929133
11
1.1090974803149607
21
1.1724948818897638
0
LINE
8
BLACK
6
CONTINUOUS
10
1.1090974803149607
20
1.1724948818897638
11
1.1090587007874015
21
1.1730770866141731
0
LINE
8
BLACK
6
CONTINUOUS
10
1.1090587007874015
20
1.1730770866141731
11
1.1094866929133858
21
1.1739474803149605
0
LINE
8
BLACK
6
CONTINUOUS
10
1.1094866929133858
20
1.1739474803149605
11
1.109737716535433
21
1.1748842125984251
0
LINE
8
BLACK
6
CONTINUOUS
10
1.109737716535433
20
1.1748842125984251
11
1.1101501968503937
21
1.1752966929133859
0
LINE
8
BLACK
6
CONTINUOUS
10
1.1101501968503937
20
1.1752966929133859
11
1.1104076771653544
21
1.1758202755905511
0
LINE
8
BLACK
6
CONTINUOUS
10
1.1104076771653544
20
1.1758202755905511
11
1.1112135433070867
21
1.1763600393700786
0
LINE
8
BLACK
6
CONTINUOUS
10
1.1112135433070867
20
1.1763600393700786
11
1.1118992913385826
21
1.1770457874015747
0
LINE
8
BLACK
6
CONTINUOUS
10
1.1118992913385826
20
1.1770457874015747
11
1.1124627559055118
21
1.1771967322834644
0
LINE
8
BLACK
6
CONTINUOUS
10
1.1124627559055118
20
1.1771967322834644
11
1.1129475196850394
21
1.1775214566929133
0
LINE
8
BLACK
6
CONTINUOUS
10
1.1129475196850394
20
1.1775214566929133
11
1.1139153149606298
21
1.1775859448818897
0
LINE
8
BLACK
6
CONTINUOUS
10
1.1139153149606298
20
1.1775859448818897
11
1.1148520472440944
21
1.1778369685039369
0
LINE
8
BLACK
6
CONTINUOUS
10
1.1148520472440944
20
1.1778369685039369
11
1.1154154724409449
21
1.1776859842519685
0
LINE
8
BLACK
6
CONTINUOUS
10
1.1154154724409449
20
1.1776859842519685
11
1.1159976771653544
21
1.1777248031496064
0
LINE
8
BLACK
6
CONTINUOUS
10
1.1159976771653544
20
1.1777248031496064
11
1.1168680708661418
21
1.1772967716535432
0
LINE
8
BLACK
6
CONTINUOUS
10
1.1168680708661418
20
1.1772967716535432
11
1.1178048031496062
21
1.1770457874015747
0
LINE
8
BLACK
6
CONTINUOUS
10
1.1178048031496062
20
1.1770457874015747
11
1.1182172834645669
21
1.1766332677165354
0
LINE
8
BLACK
6
CONTINUOUS
10
1.1182172834645669
20
1.1766332677165354
11
1.1187408661417322
21
1.1763758267716535
0
LINE
8
BLACK
6
CONTINUOUS
10
1.1187408661417322
20
1.1763758267716535
11
1.1314437401574804
21
1.1652607874015748
0
LINE
8
BLACK
6
CONTINUOUS
10
1.1314437401574804
20
1.1652607874015748
11
1.1314437401574804
21
1.1888043700787401
0
LINE
8
BLACK
6
CONTINUOUS
10
1.1314437401574804
20
1.1888043700787401
11
1.1322349212598426
21
1.1917571259842519
0
LINE
8
BLACK
6
CONTINUOUS
10
1.1322349212598426
20
1.1917571259842519
11
1.1343964960629922
21
1.1939187007874015
0
LINE
8
BLACK
6
CONTINUOUS
10
1.1343964960629922
20
1.1939187007874015
11
1.137349251968504
21
1.1947098818897637
0
LINE
8
BLACK
6
CONTINUOUS
10
1.137349251968504
20
1.1947098818897637
11
1.1403020078740158
21
1.1939187007874015
0
LINE
8
BLACK
6
CONTINUOUS
10
0.620616968503937
20
1.1836094094488188
11
0.6227785433070866
21
1.1814478346456692
0
LINE
8
BLACK
6
CONTINUOUS
10
0.6227785433070866
20
1.1814478346456692
11
0.6235697244094488
21
1.1784950787401574
0
LINE
8
BLACK
6
CONTINUOUS
10
0.6235697244094488
20
1.1784950787401574
11
0.6227785433070866
21
1.1755423228346455
0
LINE
8
BLACK
6
CONTINUOUS
10
0.6227785433070866
20
1.1755423228346455
11
0.6219427952755905
21
1.1747065748031496
0
LINE
8
BLACK
6
CONTINUOUS
10
0.6219427952755905
20
1.1747065748031496
11
0.6229462598425197
21
1.1726996850393701
0
LINE
8
BLACK
6
CONTINUOUS
10
0.6229462598425197
20
1.1726996850393701
11
0.6232184251968503
21
1.1713696456692912
0
LINE
8
BLACK
6
CONTINUOUS
10
0.6232184251968503
20
1.1713696456692912
11
0.6235697244094488
21
1.170058622047244
0
LINE
8
BLACK
6
CONTINUOUS
10
0.6235697244094488
20
1.170058622047244
11
0.6235697244094488
21
1.1616221653543306
0
LINE
8
BLACK
6
CONTINUOUS
10
0.6235697244094488
20
1.1616221653543306
11
0.6232184251968503
21
1.1603111023622048
0
LINE
8
BLACK
6
CONTINUOUS
10
0.6232184251968503
20
1.1603111023622048
11
0.6229462598425197
21
1.1589811023622048
0
LINE
8
BLACK
6
CONTINUOUS
10
0.6229462598425197
20
1.1589811023622048
11
0.620134094488189
21
1.1533568503937008
0
LINE
8
BLACK
6
CONTINUOUS
10
0.620134094488189
20
1.1533568503937008
11
0.6198944881889764
21
1.1530866535433071
0
LINE
8
BLACK
6
CONTINUOUS
10
0.6198944881889764
20
1.1530866535433071
11
0.6197802755905512
21
1.1527439763779528
0
LINE
8
BLACK
6
CONTINUOUS
10
0.6197802755905512
20
1.1527439763779528
11
0.6188927165354331
21
1.1519569291338583
0
LINE
8
BLACK
6
CONTINUOUS
10
0.6188927165354331
20
1.1519569291338583
11
0.618105905511811
21
1.1510696456692913
0
LINE
8
BLACK
6
CONTINUOUS
10
0.618105905511811
20
1.1510696456692913
11
0.6177632677165354
21
1.150955433070866
0
LINE
8
BLACK
6
CONTINUOUS
10
0.6177632677165354
20
1.150955433070866
11
0.6174930708661417
21
1.1507158267716535
0
LINE
8
BLACK
6
CONTINUOUS
10
0.6174930708661417
20
1.1507158267716535
11
0.611868779527559
21
1.1479037007874016
0
LINE
8
BLACK
6
CONTINUOUS
10
0.611868779527559
20
1.1479037007874016
11
0.6105388976377952
21
1.1476315354330708
0
LINE
8
BLACK
6
CONTINUOUS
10
0.6105388976377952
20
1.1476315354330708
11
0.6092277559055118
21
1.1472802362204724
0
LINE
8
BLACK
6
CONTINUOUS
10
0.6092277559055118
20
1.1472802362204724
11
0.5782941338582677
21
1.1472802362204724
0
LINE
8
BLACK
6
CONTINUOUS
10
0.5782941338582677
20
1.1472802362204724
11
0.5753413779527559
21
1.1480714173228346
0
LINE
8
BLACK
6
CONTINUOUS
10
0.5753413779527559
20
1.1480714173228346
11
0.5731798031496063
21
1.1502329921259842
0
LINE
8
BLACK
6
CONTINUOUS
10
0.5731798031496063
20
1.1502329921259842
11
0.5723886220472441
21
1.153185748031496
0
LINE
8
BLACK
6
CONTINUOUS
10
0.5723886220472441
20
1.153185748031496
11
0.5731798031496063
21
1.1561385039370078
0
LINE
8
BLACK
6
CONTINUOUS
10
0.5731798031496063
20
1.1561385039370078
11
0.5753413779527559
21
1.1583000787401574
0
LINE
8
BLACK
6
CONTINUOUS
10
0.5753413779527559
20
1.1583000787401574
11
0.5782941338582677
21
1.1590912598425196
0
LINE
8
BLACK
6
CONTINUOUS
10
0.5782941338582677
20
1.1590912598425196
11
0.6078336614173229
21
1.1590912598425196
0
LINE
8
BLACK
6
CONTINUOUS
10
0.6078336614173229
20
1.1590912598425196
11
0.61045031496063
21
1.1603995669291338
0
LINE
8
BLACK
6
CONTINUOUS
10
0.61045031496063
20
1.1603995669291338
11
0.6117587007874016
21
1.1630162598425196
0
LINE
8
BLACK
6
CONTINUOUS
10
0.6117587007874016
20
1.1630162598425196
11
0.6117587007874016
21
1.1686644881889763
0
LINE
8
BLACK
6
CONTINUOUS
10
0.6117587007874016
20
1.1686644881889763
11
0.6099985433070866
21
1.1721847244094488
0
LINE
8
BLACK
6
CONTINUOUS
10
0.6099985433070866
20
1.1721847244094488
11
0.6095937401574802
21
1.1725895669291337
0
LINE
8
BLACK
6
CONTINUOUS
10
0.6095937401574802
20
1.1725895669291337
11
0.5782941338582677
21
1.1725895669291337
0
LINE
8
BLACK
6
CONTINUOUS
10
0.5782941338582677
20
1.1725895669291337
11
0.5753413779527559
21
1.1733807480314959
0
LINE
8
BLACK
6
CONTINUOUS
10
0.5753413779527559
20
1.1733807480314959
11
0.5731798031496063
21
1.1755423228346455
0
LINE
8
BLACK
6
CONTINUOUS
10
0.5731798031496063
20
1.1755423228346455
11
0.5723886220472441
21
1.1784950787401574
0
LINE
8
BLACK
6
CONTINUOUS
10
0.5723886220472441
20
1.1784950787401574
11
0.5731798031496063
21
1.1814478346456692
0
LINE
8
BLACK
6
CONTINUOUS
10
0.5731798031496063
20
1.1814478346456692
11
0.5753413779527559
21
1.1836094094488188
0
LINE
8
BLACK
6
CONTINUOUS
10
0.5753413779527559
20
1.1836094094488188
11
0.5782941338582677
21
1.184400590551181
0
LINE
8
BLACK
6
CONTINUOUS
10
0.5782941338582677
20
1.184400590551181
11
0.6176642125984252
21
1.184400590551181
0
LINE
8
BLACK
6
CONTINUOUS
10
0.6176642125984252
20
1.184400590551181
11
0.620616968503937
21
1.1836094094488188
0
LINE
8
BLACK
6
CONTINUOUS
10
1.3840451181102362
20
1.2045086614173228
11
1.3848225984251967
21
1.2045086614173228
0
LINE
8
BLACK
6
CONTINUOUS
10
1.3848225984251967
20
1.2045086614173228
11
1.385495905511811
21
1.2041199212598426
0
LINE
8
BLACK
6
CONTINUOUS
10
1.385495905511811
20
1.2041199212598426
11
1.3862468897637794
21
1.2039187007874015
0
LINE
8
BLACK
6
CONTINUOUS
10
1.3862468897637794
20
1.2039187007874015
11
1.3867966535433069
21
1.2033688976377952
0
LINE
8
BLACK
6
CONTINUOUS
10
1.3867966535433069
20
1.2033688976377952
11
1.3874699606299212
21
1.2029801968503937
0
LINE
8
BLACK
6
CONTINUOUS
10
1.3874699606299212
20
1.2029801968503937
11
1.4202299606299211
21
1.1702201574803148
0
LINE
8
BLACK
6
CONTINUOUS
10
1.4202299606299211
20
1.1702201574803148
11
1.4264347637795276
21
1.1681519291338582
0
LINE
8
BLACK
6
CONTINUOUS
10
1.4264347637795276
20
1.1681519291338582
11
1.4297065748031497
21
1.1681519291338582
0
LINE
8
BLACK
6
CONTINUOUS
10
1.4297065748031497
20
1.1681519291338582
11
1.4332267716535432
21
1.1699120472440945
0
LINE
8
BLACK
6
CONTINUOUS
10
1.4332267716535432
20
1.1699120472440945
11
1.4346835826771653
21
1.1713688976377952
0
LINE
8
BLACK
6
CONTINUOUS
10
1.4346835826771653
20
1.1713688976377952
11
1.4364437401574803
21
1.1748891338582677
0
LINE
8
BLACK
6
CONTINUOUS
10
1.4364437401574803
20
1.1748891338582677
11
1.4364437401574803
21
1.186161653543307
0
LINE
8
BLACK
6
CONTINUOUS
10
1.4364437401574803
20
1.186161653543307
11
1.4346836220472441
21
1.1896818503937008
0
LINE
8
BLACK
6
CONTINUOUS
10
1.4346836220472441
20
1.1896818503937008
11
1.4325491338582677
21
1.191816377952756
0
LINE
8
BLACK
6
CONTINUOUS
10
1.4325491338582677
20
1.191816377952756
11
1.4310206692913385
21
1.1944637401574802
0
LINE
8
BLACK
6
CONTINUOUS
10
1.4310206692913385
20
1.1944637401574802
11
1.4310206692913385
21
1.1975206692913385
0
LINE
8
BLACK
6
CONTINUOUS
10
1.4310206692913385
20
1.1975206692913385
11
1.4325491338582677
21
1.200168031496063
0
LINE
8
BLACK
6
CONTINUOUS
10
1.4325491338582677
20
1.200168031496063
11
1.4351964960629922
21
1.2016964960629921
0
LINE
8
BLACK
6
CONTINUOUS
10
1.4351964960629922
20
1.2016964960629921
11
1.4382534251968504
21
1.2016964960629921
0
LINE
8
BLACK
6
CONTINUOUS
10
1.4382534251968504
20
1.2016964960629921
11
1.4409007874015747
21
1.200168031496063
0
LINE
8
BLACK
6
CONTINUOUS
10
1.4409007874015747
20
1.200168031496063
11
1.4437129133858266
21
1.197355905511811
0
LINE
8
BLACK
6
CONTINUOUS
10
1.4437129133858266
20
1.197355905511811
11
1.4441883070866142
21
1.1965324409448819
0
LINE
8
BLACK
6
CONTINUOUS
10
1.4441883070866142
20
1.1965324409448819
11
1.4448191338582677
21
1.1958211023622047
0
LINE
8
BLACK
6
CONTINUOUS
10
1.4448191338582677
20
1.1958211023622047
11
1.4476312992125984
21
1.1901968503937008
0
LINE
8
BLACK
6
CONTINUOUS
10
1.4476312992125984
20
1.1901968503937008
11
1.4479034645669291
21
1.188866811023622
0
LINE
8
BLACK
6
CONTINUOUS
10
1.4479034645669291
20
1.188866811023622
11
1.4482547637795276
21
1.1875557874015747
0
LINE
8
BLACK
6
CONTINUOUS
10
1.4482547637795276
20
1.1875557874015747
11
1.4482547637795276
21
1.1734950393700787
0
LINE
8
BLACK
6
CONTINUOUS
10
1.4482547637795276
20
1.1734950393700787
11
1.4479034645669291
21
1.1721839763779527
0
LINE
8
BLACK
6
CONTINUOUS
10
1.4479034645669291
20
1.1721839763779527
11
1.4476312992125984
21
1.1708539763779526
0
LINE
8
BLACK
6
CONTINUOUS
10
1.4476312992125984
20
1.1708539763779526
11
1.4448191338582677
21
1.1652297244094487
0
LINE
8
BLACK
6
CONTINUOUS
10
1.4448191338582677
20
1.1652297244094487
11
1.4441883070866142
21
1.1645183464566928
0
LINE
8
BLACK
6
CONTINUOUS
10
1.4441883070866142
20
1.1645183464566928
11
1.4437129527559054
21
1.1636949606299212
0
LINE
8
BLACK
6
CONTINUOUS
10
1.4437129527559054
20
1.1636949606299212
11
1.4409008267716534
21
1.1608827952755905
0
LINE
8
BLACK
6
CONTINUOUS
10
1.4409008267716534
20
1.1608827952755905
11
1.4400773228346457
21
1.1604073228346456
0
LINE
8
BLACK
6
CONTINUOUS
10
1.4400773228346457
20
1.1604073228346456
11
1.4393659842519684
21
1.1597765354330709
0
LINE
8
BLACK
6
CONTINUOUS
10
1.4393659842519684
20
1.1597765354330709
11
1.4337416929133857
21
1.1569643700787402
0
LINE
8
BLACK
6
CONTINUOUS
10
1.4337416929133857
20
1.1569643700787402
11
1.4324117322834646
21
1.1566922047244095
0
LINE
8
BLACK
6
CONTINUOUS
10
1.4324117322834646
20
1.1566922047244095
11
1.4311006692913386
21
1.156340905511811
0
LINE
8
BLACK
6
CONTINUOUS
10
1.4311006692913386
20
1.156340905511811
11
1.4254763779527559
21
1.156340905511811
0
LINE
8
BLACK
6
CONTINUOUS
10
1.4254763779527559
20
1.156340905511811
11
1.4245579133858268
21
1.1565869685039369
0
LINE
8
BLACK
6
CONTINUOUS
10
1.4245579133858268
20
1.1565869685039369
11
1.4236088582677164
21
1.1566439763779528
0
LINE
8
BLACK
6
CONTINUOUS
10
1.4236088582677164
20
1.1566439763779528
11
1.4151724409448818
21
1.1594561417322835
0
LINE
8
BLACK
6
CONTINUOUS
10
1.4151724409448818
20
1.1594561417322835
11
1.4140396456692914
21
1.1602040157480316
0
LINE
8
BLACK
6
CONTINUOUS
10
1.4140396456692914
20
1.1602040157480316
11
1.4128640944881889
21
1.1608827559055117
0
LINE
8
BLACK
6
CONTINUOUS
10
1.4128640944881889
20
1.1608827559055117
11
1.3891996456692912
21
1.1845472047244094
0
LINE
8
BLACK
6
CONTINUOUS
10
1.3891996456692912
20
1.1845472047244094
11
1.3891996456692912
21
1.1622464173228346
0
LINE
8
BLACK
6
CONTINUOUS
10
1.3891996456692912
20
1.1622464173228346
11
1.388408464566929
21
1.1592936614173228
0
LINE
8
BLACK
6
CONTINUOUS
10
1.388408464566929
20
1.1592936614173228
11
1.3862468897637794
21
1.1571320866141732
0
LINE
8
BLACK
6
CONTINUOUS
10
1.3862468897637794
20
1.1571320866141732
11
1.3832941338582676
21
1.156340905511811
0
LINE
8
BLACK
6
CONTINUOUS
10
1.3832941338582676
20
1.156340905511811
11
1.3803413779527558
21
1.1571320866141732
0
LINE
8
BLACK
6
CONTINUOUS
10
1.3803413779527558
20
1.1571320866141732
11
1.3781798031496062
21
1.1592936614173228
0
LINE
8
BLACK
6
CONTINUOUS
10
1.3781798031496062
20
1.1592936614173228
11
1.377388622047244
21
1.1622464173228346
0
LINE
8
BLACK
6
CONTINUOUS
10
1.377388622047244
20
1.1622464173228346
11
1.377388622047244
21
1.1988043700787401
0
LINE
8
BLACK
6
CONTINUOUS
10
1.377388622047244
20
1.1988043700787401
11
1.3775898425196851
21
1.1995553149606299
0
LINE
8
BLACK
6
CONTINUOUS
10
1.3775898425196851
20
1.1995553149606299
11
1.3775898425196851
21
1.2003328346456692
0
LINE
8
BLACK
6
CONTINUOUS
10
1.3775898425196851
20
1.2003328346456692
11
1.3779785433070866
21
1.2010061417322835
0
LINE
8
BLACK
6
CONTINUOUS
10
1.3779785433070866
20
1.2010061417322835
11
1.3781798031496062
21
1.2017571259842519
0
LINE
8
BLACK
6
CONTINUOUS
10
1.3781798031496062
20
1.2017571259842519
11
1.3787295669291337
21
1.2023068897637794
0
LINE
8
BLACK
6
CONTINUOUS
10
1.3787295669291337
20
1.2023068897637794
11
1.3791183070866142
21
1.2029801968503937
0
LINE
8
BLACK
6
CONTINUOUS
10
1.3791183070866142
20
1.2029801968503937
11
1.3797915748031495
21
1.2033688976377952
0
LINE
8
BLACK
6
CONTINUOUS
10
1.3797915748031495
20
1.2033688976377952
11
1.3803413779527558
21
1.2039187007874015
0
LINE
8
BLACK
6
CONTINUOUS
10
1.3803413779527558
20
1.2039187007874015
11
1.3810923228346457
21
1.2041199212598426
0
LINE
8
BLACK
6
CONTINUOUS
10
1.3810923228346457
20
1.2041199212598426
11
1.3817656692913385
21
1.2045086614173228
0
LINE
8
BLACK
6
CONTINUOUS
10
1.3817656692913385
20
1.2045086614173228
11
1.3825431496062992
21
1.2045086614173228
0
LINE
8
BLACK
6
CONTINUOUS
10
1.3825431496062992
20
1.2045086614173228
11
1.3832941338582676
21
1.2047098818897637
0
LINE
8
BLACK
6
CONTINUOUS
10
1.3832941338582676
20
1.2047098818897637
11
1.3840451181102362
21
1.2045086614173228
0
LINE
8
BLACK
6
CONTINUOUS
10
0.130383031496063
20
1.2279034251968504
11
0.1317129921259843
21
1.2276312992125984
0
LINE
8
BLACK
6
CONTINUOUS
10
0.1317129921259843
20
1.2276312992125984
11
0.1373372834645669
21
1.2248191338582677
0
LINE
8
BLACK
6
CONTINUOUS
10
0.1373372834645669
20
1.2248191338582677
11
0.1380486220472441
21
1.2241883070866142
0
LINE
8
BLACK
6
CONTINUOUS
10
0.1380486220472441
20
1.2241883070866142
11
0.1388720866141732
21
1.2237129133858267
0
LINE
8
BLACK
6
CONTINUOUS
10
0.1388720866141732
20
1.2237129133858267
11
0.1444963779527559
21
1.218088622047244
0
LINE
8
BLACK
6
CONTINUOUS
10
0.1444963779527559
20
1.218088622047244
11
0.1445220078740158
21
1.2180441732283465
0
LINE
8
BLACK
6
CONTINUOUS
10
0.1445220078740158
20
1.2180441732283465
11
0.1445660236220472
21
1.2180177952755906
0
LINE
8
BLACK
6
CONTINUOUS
10
0.1445660236220472
20
1.2180177952755906
11
0.1452844488188976
21
1.2167235826771654
0
LINE
8
BLACK
6
CONTINUOUS
10
0.1452844488188976
20
1.2167235826771654
11
0.146024842519685
21
1.2154412598425197
0
LINE
8
BLACK
6
CONTINUOUS
10
0.146024842519685
20
1.2154412598425197
11
0.146024842519685
21
1.2153899212598425
0
LINE
8
BLACK
6
CONTINUOUS
10
0.146024842519685
20
1.2153899212598425
11
0.1460497244094488
21
1.2153451181102362
0
LINE
8
BLACK
6
CONTINUOUS
10
0.1460497244094488
20
1.2153451181102362
11
0.1488618897637795
21
1.2040965354330708
0
LINE
8
BLACK
6
CONTINUOUS
10
0.1488618897637795
20
1.2040965354330708
11
0.1488496062992126
21
1.2033679921259843
0
LINE
8
BLACK
6
CONTINUOUS
10
0.1488496062992126
20
1.2033679921259843
11
0.1490382283464567
21
1.2026642125984253
0
LINE
8
BLACK
6
CONTINUOUS
10
0.1490382283464567
20
1.2026642125984253
11
0.1490382283464567
21
1.1829791732283463
0
LINE
8
BLACK
6
CONTINUOUS
10
0.1490382283464567
20
1.1829791732283463
11
0.1488496062992126
21
1.1822753543307087
0
LINE
8
BLACK
6
CONTINUOUS
10
0.1488496062992126
20
1.1822753543307087
11
0.1488618897637795
21
1.1815468503937008
0
LINE
8
BLACK
6
CONTINUOUS
10
0.1488618897637795
20
1.1815468503937008
11
0.1460497244094488
21
1.1702982677165354
0
LINE
8
BLACK
6
CONTINUOUS
10
0.1460497244094488
20
1.1702982677165354
11
0.146024842519685
21
1.1702534251968504
0
LINE
8
BLACK
6
CONTINUOUS
10
0.146024842519685
20
1.1702534251968504
11
0.146024842519685
21
1.1702021259842519
0
LINE
8
BLACK
6
CONTINUOUS
10
0.146024842519685
20
1.1702021259842519
11
0.1452844488188976
21
1.1689197637795274
0
LINE
8
BLACK
6
CONTINUOUS
10
0.1452844488188976
20
1.1689197637795274
11
0.1445660236220472
21
1.167625590551181
0
LINE
8
BLACK
6
CONTINUOUS
10
0.1445660236220472
20
1.167625590551181
11
0.1445220078740158
21
1.1675991732283464
0
LINE
8
BLACK
6
CONTINUOUS
10
0.1445220078740158
20
1.1675991732283464
11
0.1444963779527559
21
1.1675547637795276
0
LINE
8
BLACK
6
CONTINUOUS
10
0.1444963779527559
20
1.1675547637795276
11
0.1388720866141732
21
1.1619304724409449
0
LINE
8
BLACK
6
CONTINUOUS
10
0.1388720866141732
20
1.1619304724409449
11
0.1380486220472441
21
1.1614550393700787
0
LINE
8
BLACK
6
CONTINUOUS
10
0.1380486220472441
20
1.1614550393700787
11
0.1373372834645669
21
1.1608242519685039
0
LINE
8
BLACK
6
CONTINUOUS
10
0.1373372834645669
20
1.1608242519685039
11
0.1317129921259843
21
1.1580120866141732
0
LINE
8
BLACK
6
CONTINUOUS
10
0.1317129921259843
20
1.1580120866141732
11
0.130383031496063
21
1.1577399212598425
0
LINE
8
BLACK
6
CONTINUOUS
10
0.130383031496063
20
1.1577399212598425
11
0.129071968503937
21
1.157388622047244
0
LINE
8
BLACK
6
CONTINUOUS
10
0.129071968503937
20
1.157388622047244
11
0.1178233858267717
21
1.157388622047244
0
LINE
8
BLACK
6
CONTINUOUS
10
0.1178233858267717
20
1.157388622047244
11
0.1165123228346457
21
1.1577398818897637
0
LINE
8
BLACK
6
CONTINUOUS
10
0.1165123228346457
20
1.1577398818897637
11
0.1151823228346457
21
1.1580120866141732
0
LINE
8
BLACK
6
CONTINUOUS
10
0.1151823228346457
20
1.1580120866141732
11
0.1095580708661417
21
1.1608242519685039
0
LINE
8
BLACK
6
CONTINUOUS
10
0.1095580708661417
20
1.1608242519685039
11
0.1088466535433071
21
1.1614550393700787
0
LINE
8
BLACK
6
CONTINUOUS
10
0.1088466535433071
20
1.1614550393700787
11
0.1080232677165354
21
1.1619304724409449
0
LINE
8
BLACK
6
CONTINUOUS
10
0.1080232677165354
20
1.1619304724409449
11
0.102398937007874
21
1.1675547637795276
0
LINE
8
BLACK
6
CONTINUOUS
10
0.102398937007874
20
1.1675547637795276
11
0.1023732677165354
21
1.1675991732283464
0
LINE
8
BLACK
6
CONTINUOUS
10
0.1023732677165354
20
1.1675991732283464
11
0.1023292913385827
21
1.167625590551181
0
LINE
8
BLACK
6
CONTINUOUS
10
0.1023292913385827
20
1.167625590551181
11
0.1016111023622047
21
1.1689192913385826
0
LINE
8
BLACK
6
CONTINUOUS
10
0.1016111023622047
20
1.1689192913385826
11
0.1008704724409449
21
1.1702021259842519
0
LINE
8
BLACK
6
CONTINUOUS
10
0.1008704724409449
20
1.1702021259842519
11
0.1008704724409449
21
1.1702534645669291
0
LINE
8
BLACK
6
CONTINUOUS
10
0.1008704724409449
20
1.1702534645669291
11
0.1008455905511811
21
1.1702983070866142
0
LINE
8
BLACK
6
CONTINUOUS
10
0.1008455905511811
20
1.1702983070866142
11
0.0980334645669291
21
1.1815468897637795
0
LINE
8
BLACK
6
CONTINUOUS
10
0.0980334645669291
20
1.1815468897637795
11
0.0980457086614173
21
1.18227531496063
0
LINE
8
BLACK
6
CONTINUOUS
10
0.0980457086614173
20
1.18227531496063
11
0.097857125984252
21
1.1829791732283463
0
LINE
8
BLACK
6
CONTINUOUS
10
0.097857125984252
20
1.1829791732283463
11
0.097857125984252
21
1.2026642125984253
0
LINE
8
BLACK
6
CONTINUOUS
10
0.097857125984252
20
1.2026642125984253
11
0.0980457086614173
21
1.2033680314960629
0
LINE
8
BLACK
6
CONTINUOUS
10
0.0980457086614173
20
1.2033680314960629
11
0.0980334645669291
21
1.2040964960629921
0
LINE
8
BLACK
6
CONTINUOUS
10
0.0980334645669291
20
1.2040964960629921
11
0.1008455905511811
21
1.2153450787401574
0
LINE
8
BLACK
6
CONTINUOUS
10
0.1008455905511811
20
1.2153450787401574
11
0.1008704724409449
21
1.2153898818897637
0
LINE
8
BLACK
6
CONTINUOUS
10
0.1008704724409449
20
1.2153898818897637
11
0.1008704724409449
21
1.2154412598425197
0
LINE
8
BLACK
6
CONTINUOUS
10
0.1008704724409449
20
1.2154412598425197
11
0.1016111023622047
21
1.2167240551181102
0
LINE
8
BLACK
6
CONTINUOUS
10
0.1016111023622047
20
1.2167240551181102
11
0.1023292913385827
21
1.2180177952755906
0
LINE
8
BLACK
6
CONTINUOUS
10
0.1023292913385827
20
1.2180177952755906
11
0.1023732677165354
21
1.2180441732283465
0
LINE
8
BLACK
6
CONTINUOUS
10
0.1023732677165354
20
1.2180441732283465
11
0.102398937007874
21
1.218088622047244
0
LINE
8
BLACK
6
CONTINUOUS
10
0.102398937007874
20
1.218088622047244
11
0.1080232677165354
21
1.2237129133858267
0
LINE
8
BLACK
6
CONTINUOUS
10
0.1080232677165354
20
1.2237129133858267
11
0.1088466535433071
21
1.2241883070866142
0
LINE
8
BLACK
6
CONTINUOUS
10
0.1088466535433071
20
1.2241883070866142
11
0.1095580708661417
21
1.2248191338582677
0
LINE
8
BLACK
6
CONTINUOUS
10
0.1095580708661417
20
1.2248191338582677
11
0.1151823228346457
21
1.2276312992125984
0
LINE
8
BLACK
6
CONTINUOUS
10
0.1151823228346457
20
1.2276312992125984
11
0.1165123228346457
21
1.2279034645669291
0
LINE
8
BLACK
6
CONTINUOUS
10
0.1165123228346457
20
1.2279034645669291
11
0.1178233858267717
21
1.2282547637795276
0
LINE
8
BLACK
6
CONTINUOUS
10
0.1178233858267717
20
1.2282547637795276
11
0.129071968503937
21
1.2282547637795276
0
LINE
8
BLACK
6
CONTINUOUS
10
0.129071968503937
20
1.2282547637795276
11
0.130383031496063
21
1.2279034251968504
0
LINE
8
BLACK
6
CONTINUOUS
10
0.1156972440944882
20
1.2146836220472441
11
0.1119072047244094
21
1.2108935433070867
0
LINE
8
BLACK
6
CONTINUOUS
10
0.1119072047244094
20
1.2108935433070867
11
0.1096681496062992
21
1.201937283464567
0
LINE
8
BLACK
6
CONTINUOUS
10
0.1096681496062992
20
1.201937283464567
11
0.1096681496062992
21
1.1837060629921259
0
LINE
8
BLACK
6
CONTINUOUS
10
0.1096681496062992
20
1.1837060629921259
11
0.1119072047244094
21
1.1747498031496062
0
LINE
8
BLACK
6
CONTINUOUS
10
0.1119072047244094
20
1.1747498031496062
11
0.1156972440944882
21
1.1709597244094487
0
LINE
8
BLACK
6
CONTINUOUS
10
0.1156972440944882
20
1.1709597244094487
11
0.1192174803149606
21
1.1691996456692912
0
LINE
8
BLACK
6
CONTINUOUS
10
0.1192174803149606
20
1.1691996456692912
11
0.127677874015748
21
1.1691996456692912
0
LINE
8
BLACK
6
CONTINUOUS
10
0.127677874015748
20
1.1691996456692912
11
0.1311980708661417
21
1.1709597637795275
0
LINE
8
BLACK
6
CONTINUOUS
10
0.1311980708661417
20
1.1709597637795275
11
0.1349880708661417
21
1.1747497637795274
0
LINE
8
BLACK
6
CONTINUOUS
10
0.1349880708661417
20
1.1747497637795274
11
0.1372272047244094
21
1.1837061023622046
0
LINE
8
BLACK
6
CONTINUOUS
10
0.1372272047244094
20
1.1837061023622046
11
0.1372272047244094
21
1.2019372440944882
0
LINE
8
BLACK
6
CONTINUOUS
10
0.1372272047244094
20
1.2019372440944882
11
0.1349880708661417
21
1.2108935826771654
0
LINE
8
BLACK
6
CONTINUOUS
10
0.1349880708661417
20
1.2108935826771654
11
0.1311980708661417
21
1.2146835826771654
0
LINE
8
BLACK
6
CONTINUOUS
10
0.1311980708661417
20
1.2146835826771654
11
0.127677874015748
21
1.2164437401574804
0
LINE
8
BLACK
6
CONTINUOUS
10
0.127677874015748
20
1.2164437401574804
11
0.1192174803149606
21
1.2164437401574804
0
LINE
8
BLACK
6
CONTINUOUS
10
0.1192174803149606
20
1.2164437401574804
11
0.1156972440944882
21
1.2146836220472441
0
LINE
8
BLACK
6
CONTINUOUS
10
0.2051405905511811
20
1.2274635826771654
11
0.2073021653543307
21
1.2253020078740158
0
LINE
8
BLACK
6
CONTINUOUS
10
0.2073021653543307
20
1.2253020078740158
11
0.2080933464566929
21
1.222349251968504
0
LINE
8
BLACK
6
CONTINUOUS
10
0.2080933464566929
20
1.222349251968504
11
0.2080933464566929
21
1.174542716535433
0
LINE
8
BLACK
6
CONTINUOUS
10
0.2080933464566929
20
1.174542716535433
11
0.207741968503937
21
1.1732314566929134
0
LINE
8
BLACK
6
CONTINUOUS
10
0.207741968503937
20
1.1732314566929134
11
0.2074698818897638
21
1.1719017322834646
0
LINE
8
BLACK
6
CONTINUOUS
10
0.2074698818897638
20
1.1719017322834646
11
0.2046577559055118
21
1.1662774015748032
0
LINE
8
BLACK
6
CONTINUOUS
10
0.2046577559055118
20
1.1662774015748032
11
0.2040268897637795
21
1.1655659842519686
0
LINE
8
BLACK
6
CONTINUOUS
10
0.2040268897637795
20
1.1655659842519686
11
0.2035514960629921
21
1.1647425590551181
0
LINE
8
BLACK
6
CONTINUOUS
10
0.2035514960629921
20
1.1647425590551181
11
0.2007393307086614
21
1.1619304330708662
0
LINE
8
BLACK
6
CONTINUOUS
10
0.2007393307086614
20
1.1619304330708662
11
0.199915905511811
21
1.1614550393700787
0
LINE
8
BLACK
6
CONTINUOUS
10
0.199915905511811
20
1.1614550393700787
11
0.1992045669291339
21
1.1608242519685039
0
LINE
8
BLACK
6
CONTINUOUS
10
0.1992045669291339
20
1.1608242519685039
11
0.1935802755905512
21
1.1580120866141732
0
LINE
8
BLACK
6
CONTINUOUS
10
0.1935802755905512
20
1.1580120866141732
11
0.1922503149606299
21
1.1577399212598425
0
LINE
8
BLACK
6
CONTINUOUS
10
0.1922503149606299
20
1.1577399212598425
11
0.1909392519685039
21
1.157388622047244
0
LINE
8
BLACK
6
CONTINUOUS
10
0.1909392519685039
20
1.157388622047244
11
0.1796906692913386
21
1.157388622047244
0
LINE
8
BLACK
6
CONTINUOUS
10
0.1796906692913386
20
1.157388622047244
11
0.1783796062992126
21
1.1577398818897637
0
LINE
8
BLACK
6
CONTINUOUS
10
0.1783796062992126
20
1.1577398818897637
11
0.1770496062992126
21
1.1580120866141732
0
LINE
8
BLACK
6
CONTINUOUS
10
0.1770496062992126
20
1.1580120866141732
11
0.1714253543307087
21
1.1608242519685039
0
LINE
8
BLACK
6
CONTINUOUS
10
0.1714253543307087
20
1.1608242519685039
11
0.1707139763779527
21
1.1614550393700787
0
LINE
8
BLACK
6
CONTINUOUS
10
0.1707139763779527
20
1.1614550393700787
11
0.1698905905511811
21
1.1619304330708662
0
LINE
8
BLACK
6
CONTINUOUS
10
0.1698905905511811
20
1.1619304330708662
11
0.1670784251968504
21
1.1647425590551181
0
LINE
8
BLACK
6
CONTINUOUS
10
0.1670784251968504
20
1.1647425590551181
11
0.1666029527559055
21
1.1655660236220473
0
LINE
8
BLACK
6
CONTINUOUS
10
0.1666029527559055
20
1.1655660236220473
11
0.1659721653543307
21
1.1662774015748032
0
LINE
8
BLACK
6
CONTINUOUS
10
0.1659721653543307
20
1.1662774015748032
11
0.16316
21
1.1719016929133859
0
LINE
8
BLACK
6
CONTINUOUS
10
0.16316
20
1.1719016929133859
11
0.1628878346456693
21
1.1732316141732284
0
LINE
8
BLACK
6
CONTINUOUS
10
0.1628878346456693
20
1.1732316141732284
11
0.1625365354330709
21
1.174542716535433
0
LINE
8
BLACK
6
CONTINUOUS
10
0.1625365354330709
20
1.174542716535433
11
0.1625365354330709
21
1.222349251968504
0
LINE
8
BLACK
6
CONTINUOUS
10
0.1625365354330709
20
1.222349251968504
11
0.1633277165354331
21
1.2253020078740158
0
LINE
8
BLACK
6
CONTINUOUS
10
0.1633277165354331
20
1.2253020078740158
11
0.1654892913385827
21
1.2274635826771654
0
LINE
8
BLACK
6
CONTINUOUS
10
0.1654892913385827
20
1.2274635826771654
11
0.1684420472440945
21
1.2282547637795276
0
LINE
8
BLACK
6
CONTINUOUS
10
0.1684420472440945
20
1.2282547637795276
11
0.1713948031496063
21
1.2274635826771654
0
LINE
8
BLACK
6
CONTINUOUS
10
0.1713948031496063
20
1.2274635826771654
11
0.1735563779527559
21
1.2253020078740158
0
LINE
8
BLACK
6
CONTINUOUS
10
0.1735563779527559
20
1.2253020078740158
11
0.1743475590551181
21
1.222349251968504
0
LINE
8
BLACK
6
CONTINUOUS
10
0.1743475590551181
20
1.222349251968504
11
0.1743475590551181
21
1.1759368110236221
0
LINE
8
BLACK
6
CONTINUOUS
10
0.1743475590551181
20
1.1759368110236221
11
0.1761076771653543
21
1.1724165748031496
0
LINE
8
BLACK
6
CONTINUOUS
10
0.1761076771653543
20
1.1724165748031496
11
0.1775645275590551
21
1.1709597637795275
0
LINE
8
BLACK
6
CONTINUOUS
10
0.1775645275590551
20
1.1709597637795275
11
0.1810847637795276
21
1.1691996456692912
0
LINE
8
BLACK
6
CONTINUOUS
10
0.1810847637795276
20
1.1691996456692912
11
0.1895451574803149
21
1.1691996456692912
0
LINE
8
BLACK
6
CONTINUOUS
10
0.1895451574803149
20
1.1691996456692912
11
0.1930653937007874
21
1.1709597637795275
0
LINE
8
BLACK
6
CONTINUOUS
10
0.1930653937007874
20
1.1709597637795275
11
0.1945222440944882
21
1.1724166141732284
0
LINE
8
BLACK
6
CONTINUOUS
10
0.1945222440944882
20
1.1724166141732284
11
0.1962823228346457
21
1.1759367716535434
0
LINE
8
BLACK
6
CONTINUOUS
10
0.1962823228346457
20
1.1759367716535434
11
0.1962823228346457
21
1.222349251968504
0
LINE
8
BLACK
6
CONTINUOUS
10
0.1962823228346457
20
1.222349251968504
11
0.1970735039370079
21
1.2253020078740158
0
LINE
8
BLACK
6
CONTINUOUS
10
0.1970735039370079
20
1.2253020078740158
11
0.1992350787401575
21
1.2274635826771654
0
LINE
8
BLACK
6
CONTINUOUS
10
0.1992350787401575
20
1.2274635826771654
11
0.2021878346456693
21
1.2282547637795276
0
LINE
8
BLACK
6
CONTINUOUS
10
0.2021878346456693
20
1.2282547637795276
11
0.2051405905511811
21
1.2274635826771654
0
LINE
8
BLACK
6
CONTINUOUS
10
0.2585714566929134
20
1.2274635826771654
11
0.260733031496063
21
1.2253020078740158
0
LINE
8
BLACK
6
CONTINUOUS
10
0.260733031496063
20
1.2253020078740158
11
0.2615242125984252
21
1.222349251968504
0
LINE
8
BLACK
6
CONTINUOUS
10
0.2615242125984252
20
1.222349251968504
11
0.260733031496063
21
1.2193964960629922
0
LINE
8
BLACK
6
CONTINUOUS
10
0.260733031496063
20
1.2193964960629922
11
0.2585714566929134
21
1.2172349212598426
0
LINE
8
BLACK
6
CONTINUOUS
10
0.2585714566929134
20
1.2172349212598426
11
0.2556187007874016
21
1.2164437401574804
0
LINE
8
BLACK
6
CONTINUOUS
10
0.2556187007874016
20
1.2164437401574804
11
0.2446512992125984
21
1.2164437401574804
0
LINE
8
BLACK
6
CONTINUOUS
10
0.2446512992125984
20
1.2164437401574804
11
0.2446512992125984
21
1.1632941338582676
0
LINE
8
BLACK
6
CONTINUOUS
10
0.2446512992125984
20
1.1632941338582676
11
0.2438601181102362
21
1.1603413779527558
0
LINE
8
BLACK
6
CONTINUOUS
10
0.2438601181102362
20
1.1603413779527558
11
0.2416985433070866
21
1.1581798031496062
0
LINE
8
BLACK
6
CONTINUOUS
10
0.2416985433070866
20
1.1581798031496062
11
0.2387457874015748
21
1.157388622047244
0
LINE
8
BLACK
6
CONTINUOUS
10
0.2387457874015748
20
1.157388622047244
11
0.235793031496063
21
1.1581798031496062
0
LINE
8
BLACK
6
CONTINUOUS
10
0.235793031496063
20
1.1581798031496062
11
0.2336314566929134
21
1.1603413779527558
0
LINE
8
BLACK
6
CONTINUOUS
10
0.2336314566929134
20
1.1603413779527558
11
0.2328402755905512
21
1.1632941338582676
0
LINE
8
BLACK
6
CONTINUOUS
10
0.2328402755905512
20
1.1632941338582676
11
0.2328402755905512
21
1.2164437401574804
0
LINE
8
BLACK
6
CONTINUOUS
10
0.2328402755905512
20
1.2164437401574804
11
0.2218729133858268
21
1.2164437401574804
0
LINE
8
BLACK
6
CONTINUOUS
10
0.2218729133858268
20
1.2164437401574804
11
0.218920157480315
21
1.2172349212598426
0
LINE
8
BLACK
6
CONTINUOUS
10
0.218920157480315
20
1.2172349212598426
11
0.2167585826771654
21
1.2193964960629922
0
LINE
8
BLACK
6
CONTINUOUS
10
0.2167585826771654
20
1.2193964960629922
11
0.2159674015748032
21
1.222349251968504
0
LINE
8
BLACK
6
CONTINUOUS
10
0.2159674015748032
20
1.222349251968504
11
0.2167585826771654
21
1.2253020078740158
0
LINE
8
BLACK
6
CONTINUOUS
10
0.2167585826771654
20
1.2253020078740158
11
0.218920157480315
21
1.2274635826771654
0
LINE
8
BLACK
6
CONTINUOUS
10
0.218920157480315
20
1.2274635826771654
11
0.2218729133858268
21
1.2282547637795276
0
LINE
8
BLACK
6
CONTINUOUS
10
0.2218729133858268
20
1.2282547637795276
11
0.2556187007874016
21
1.2282547637795276
0
LINE
8
BLACK
6
CONTINUOUS
10
0.2556187007874016
20
1.2282547637795276
11
0.2585714566929134
21
1.2274635826771654
0
LINE
8
BLACK
6
CONTINUOUS
10
0.2895529527559055
20
1.2282042125984252
11
0.2897445275590551
21
1.228242559055118
0
LINE
8
BLACK
6
CONTINUOUS
10
0.2897445275590551
20
1.228242559055118
11
0.2910186614173229
21
1.227811496062992
0
LINE
8
BLACK
6
CONTINUOUS
10
0.2910186614173229
20
1.227811496062992
11
0.2923172047244094
21
1.2274635826771654
0
LINE
8
BLACK
6
CONTINUOUS
10
0.2923172047244094
20
1.2274635826771654
11
0.2924552362204724
21
1.2273255118110236
0
LINE
8
BLACK
6
CONTINUOUS
10
0.2924552362204724
20
1.2273255118110236
11
0.2926402362204724
21
1.2272629527559056
0
LINE
8
BLACK
6
CONTINUOUS
10
0.2926402362204724
20
1.2272629527559056
11
0.2935281102362204
21
1.2262526377952756
0
LINE
8
BLACK
6
CONTINUOUS
10
0.2935281102362204
20
1.2262526377952756
11
0.2944787795275591
21
1.2253020078740158
0
LINE
8
BLACK
6
CONTINUOUS
10
0.2944787795275591
20
1.2253020078740158
11
0.2945292913385827
21
1.225113464566929
0
LINE
8
BLACK
6
CONTINUOUS
10
0.2945292913385827
20
1.225113464566929
11
0.2946582283464567
21
1.2249667716535433
0
LINE
8
BLACK
6
CONTINUOUS
10
0.2946582283464567
20
1.2249667716535433
11
0.294921968503937
21
1.2236478740157479
0
LINE
8
BLACK
6
CONTINUOUS
10
0.294921968503937
20
1.2236478740157479
11
0.2952699606299213
21
1.222349251968504
0
LINE
8
BLACK
6
CONTINUOUS
10
0.2952699606299213
20
1.222349251968504
11
0.2952699606299213
21
1.1691996456692912
0
LINE
8
BLACK
6
CONTINUOUS
10
0.2952699606299213
20
1.1691996456692912
11
0.3062373622047244
21
1.1691996456692912
0
LINE
8
BLACK
6
CONTINUOUS
10
0.3062373622047244
20
1.1691996456692912
11
0.3091901181102362
21
1.168408464566929
0
LINE
8
BLACK
6
CONTINUOUS
10
0.3091901181102362
20
1.168408464566929
11
0.3113516929133858
21
1.1662468897637794
0
LINE
8
BLACK
6
CONTINUOUS
10
0.3113516929133858
20
1.1662468897637794
11
0.312142874015748
21
1.1632941338582676
0
LINE
8
BLACK
6
CONTINUOUS
10
0.312142874015748
20
1.1632941338582676
11
0.3113516929133858
21
1.1603413779527558
0
LINE
8
BLACK
6
CONTINUOUS
10
0.3113516929133858
20
1.1603413779527558
11
0.3091901181102362
21
1.1581798031496062
0
LINE
8
BLACK
6
CONTINUOUS
10
0.3091901181102362
20
1.1581798031496062
11
0.3062373622047244
21
1.157388622047244
0
LINE
8
BLACK
6
CONTINUOUS
10
0.3062373622047244
20
1.157388622047244
11
0.2893644488188976
21
1.157388622047244
0
LINE
8
BLACK
6
CONTINUOUS
10
0.2893644488188976
20
1.157388622047244
11
0.2724915748031496
21
1.157388622047244
0
LINE
8
BLACK
6
CONTINUOUS
10
0.2724915748031496
20
1.157388622047244
11
0.2695388188976378
21
1.1581798031496062
0
LINE
8
BLACK
6
CONTINUOUS
10
0.2695388188976378
20
1.1581798031496062
11
0.2673772440944882
21
1.1603413779527558
0
LINE
8
BLACK
6
CONTINUOUS
10
0.2673772440944882
20
1.1603413779527558
11
0.266586062992126
21
1.1632941338582676
0
LINE
8
BLACK
6
CONTINUOUS
10
0.266586062992126
20
1.1632941338582676
11
0.2673772440944882
21
1.1662468897637794
0
LINE
8
BLACK
6
CONTINUOUS
10
0.2673772440944882
20
1.1662468897637794
11
0.2695388188976378
21
1.168408464566929
0
LINE
8
BLACK
6
CONTINUOUS
10
0.2695388188976378
20
1.168408464566929
11
0.2724915748031496
21
1.1691996456692912
0
LINE
8
BLACK
6
CONTINUOUS
10
0.2724915748031496
20
1.1691996456692912
11
0.283458937007874
21
1.1691996456692912
0
LINE
8
BLACK
6
CONTINUOUS
10
0.283458937007874
20
1.1691996456692912
11
0.283458937007874
21
1.2052799212598424
0
LINE
8
BLACK
6
CONTINUOUS
10
0.283458937007874
20
1.2052799212598424
11
0.2822916929133858
21
1.2041126771653543
0
LINE
8
BLACK
6
CONTINUOUS
10
0.2822916929133858
20
1.2041126771653543
11
0.2814682677165354
21
1.203637283464567
0
LINE
8
BLACK
6
CONTINUOUS
10
0.2814682677165354
20
1.203637283464567
11
0.2807568897637795
21
1.2030064566929133
0
LINE
8
BLACK
6
CONTINUOUS
10
0.2807568897637795
20
1.2030064566929133
11
0.2751325984251968
21
1.2001943307086613
0
LINE
8
BLACK
6
CONTINUOUS
10
0.2751325984251968
20
1.2001943307086613
11
0.2721377165354331
21
1.1995814566929133
0
LINE
8
BLACK
6
CONTINUOUS
10
0.2721377165354331
20
1.1995814566929133
11
0.2692376771653543
21
1.2005481496062991
0
LINE
8
BLACK
6
CONTINUOUS
10
0.2692376771653543
20
1.2005481496062991
11
0.2672095275590551
21
1.2028353543307087
0
LINE
8
BLACK
6
CONTINUOUS
10
0.2672095275590551
20
1.2028353543307087
11
0.2665966535433071
21
1.2058302362204725
0
LINE
8
BLACK
6
CONTINUOUS
10
0.2665966535433071
20
1.2058302362204725
11
0.2675633464566929
21
1.2087302755905511
0
LINE
8
BLACK
6
CONTINUOUS
10
0.2675633464566929
20
1.2087302755905511
11
0.2698505511811023
21
1.2107584251968504
0
LINE
8
BLACK
6
CONTINUOUS
10
0.2698505511811023
20
1.2107584251968504
11
0.2746176377952756
21
1.2131419291338583
0
LINE
8
BLACK
6
CONTINUOUS
10
0.2746176377952756
20
1.2131419291338583
11
0.2791507874015748
21
1.2176750787401573
0
LINE
8
BLACK
6
CONTINUOUS
10
0.2791507874015748
20
1.2176750787401573
11
0.2844507874015748
21
1.2256250393700787
0
LINE
8
BLACK
6
CONTINUOUS
10
0.2844507874015748
20
1.2256250393700787
11
0.2854607480314961
21
1.2265126377952755
0
LINE
8
BLACK
6
CONTINUOUS
10
0.2854607480314961
20
1.2265126377952755
11
0.2864116929133858
21
1.2274635826771654
0
LINE
8
BLACK
6
CONTINUOUS
10
0.2864116929133858
20
1.2274635826771654
11
0.2866002755905512
21
1.227514094488189
0
LINE
8
BLACK
6
CONTINUOUS
10
0.2866002755905512
20
1.227514094488189
11
0.286746968503937
21
1.2276430314960629
0
LINE
8
BLACK
6
CONTINUOUS
10
0.286746968503937
20
1.2276430314960629
11
0.288065905511811
21
1.227906811023622
0
LINE
8
BLACK
6
CONTINUOUS
10
0.288065905511811
20
1.227906811023622
11
0.2893644488188976
21
1.2282547637795276
0
LINE
8
BLACK
6
CONTINUOUS
10
0.2893644488188976
20
1.2282547637795276
11
0.2895529527559055
21
1.2282042125984252
0
LINE
8
BLACK
6
CONTINUOUS
10
1.7103830314960629
20
1.2379034251968504
11
1.7117129921259842
21
1.2376312992125984
0
LINE
8
BLACK
6
CONTINUOUS
10
1.7117129921259842
20
1.2376312992125984
11
1.7173372834645668
21
1.2348191338582677
0
LINE
8
BLACK
6
CONTINUOUS
10
1.7173372834645668
20
1.2348191338582677
11
1.718048622047244
21
1.2341883070866142
0
LINE
8
BLACK
6
CONTINUOUS
10
1.718048622047244
20
1.2341883070866142
11
1.7188720866141731
21
1.2337129133858267
0
LINE
8
BLACK
6
CONTINUOUS
10
1.7188720866141731
20
1.2337129133858267
11
1.7244963779527558
21
1.228088622047244
0
LINE
8
BLACK
6
CONTINUOUS
10
1.7244963779527558
20
1.228088622047244
11
1.7245220078740158
21
1.2280441732283465
0
LINE
8
BLACK
6
CONTINUOUS
10
1.7245220078740158
20
1.2280441732283465
11
1.7245660236220473
21
1.2280177952755906
0
LINE
8
BLACK
6
CONTINUOUS
10
1.7245660236220473
20
1.2280177952755906
11
1.7252844488188976
21
1.2267235826771654
0
LINE
8
BLACK
6
CONTINUOUS
10
1.7252844488188976
20
1.2267235826771654
11
1.7260248425196849
21
1.2254412598425197
0
LINE
8
BLACK
6
CONTINUOUS
10
1.7260248425196849
20
1.2254412598425197
11
1.7260248425196849
21
1.2253899212598425
0
LINE
8
BLACK
6
CONTINUOUS
10
1.7260248425196849
20
1.2253899212598425
11
1.7260497244094488
21
1.2253451181102362
0
LINE
8
BLACK
6
CONTINUOUS
10
1.7260497244094488
20
1.2253451181102362
11
1.7288618897637795
21
1.2140965354330708
0
LINE
8
BLACK
6
CONTINUOUS
10
1.7288618897637795
20
1.2140965354330708
11
1.7288496062992125
21
1.2133679921259841
0
LINE
8
BLACK
6
CONTINUOUS
10
1.7288496062992125
20
1.2133679921259841
11
1.7290382283464567
21
1.2126642125984253
0
LINE
8
BLACK
6
CONTINUOUS
10
1.7290382283464567
20
1.2126642125984253
11
1.7290382283464567
21
1.1929791732283463
0
LINE
8
BLACK
6
CONTINUOUS
10
1.7290382283464567
20
1.1929791732283463
11
1.7288496062992125
21
1.1922753543307085
0
LINE
8
BLACK
6
CONTINUOUS
10
1.7288496062992125
20
1.1922753543307085
11
1.7288618897637795
21
1.1915468503937008
0
LINE
8
BLACK
6
CONTINUOUS
10
1.7288618897637795
20
1.1915468503937008
11
1.7260497244094488
21
1.1802982677165355
0
LINE
8
BLACK
6
CONTINUOUS
10
1.7260497244094488
20
1.1802982677165355
11
1.7260248425196849
21
1.1802534251968504
0
LINE
8
BLACK
6
CONTINUOUS
10
1.7260248425196849
20
1.1802534251968504
11
1.7260248425196849
21
1.1802021259842519
0
LINE
8
BLACK
6
CONTINUOUS
10
1.7260248425196849
20
1.1802021259842519
11
1.7252844488188976
21
1.1789197637795275
0
LINE
8
BLACK
6
CONTINUOUS
10
1.7252844488188976
20
1.1789197637795275
11
1.7245660236220473
21
1.177625590551181
0
LINE
8
BLACK
6
CONTINUOUS
10
1.7245660236220473
20
1.177625590551181
11
1.7245220078740158
21
1.1775991732283464
0
LINE
8
BLACK
6
CONTINUOUS
10
1.7245220078740158
20
1.1775991732283464
11
1.7244963779527558
21
1.1775547637795276
0
LINE
8
BLACK
6
CONTINUOUS
10
1.7244963779527558
20
1.1775547637795276
11
1.7188720866141731
21
1.1719304724409449
0
LINE
8
BLACK
6
CONTINUOUS
10
1.7188720866141731
20
1.1719304724409449
11
1.718048622047244
21
1.1714550393700787
0
LINE
8
BLACK
6
CONTINUOUS
10
1.718048622047244
20
1.1714550393700787
11
1.7173372834645668
21
1.1708242519685039
0
LINE
8
BLACK
6
CONTINUOUS
10
1.7173372834645668
20
1.1708242519685039
11
1.7117129921259842
21
1.1680120866141732
0
LINE
8
BLACK
6
CONTINUOUS
10
1.7117129921259842
20
1.1680120866141732
11
1.7103830314960629
21
1.1677399212598425
0
LINE
8
BLACK
6
CONTINUOUS
10
1.7103830314960629
20
1.1677399212598425
11
1.7090719685039371
21
1.167388622047244
0
LINE
8
BLACK
6
CONTINUOUS
10
1.7090719685039371
20
1.167388622047244
11
1.6978233858267717
21
1.167388622047244
0
LINE
8
BLACK
6
CONTINUOUS
10
1.6978233858267717
20
1.167388622047244
11
1.6965123228346457
21
1.1677398818897637
0
LINE
8
BLACK
6
CONTINUOUS
10
1.6965123228346457
20
1.1677398818897637
11
1.6951823228346456
21
1.1680120866141732
0
LINE
8
BLACK
6
CONTINUOUS
10
1.6951823228346456
20
1.1680120866141732
11
1.6895580708661417
21
1.1708242519685039
0
LINE
8
BLACK
6
CONTINUOUS
10
1.6895580708661417
20
1.1708242519685039
11
1.6888466535433071
21
1.1714550393700787
0
LINE
8
BLACK
6
CONTINUOUS
10
1.6888466535433071
20
1.1714550393700787
11
1.6880232677165354
21
1.1719304724409449
0
LINE
8
BLACK
6
CONTINUOUS
10
1.6880232677165354
20
1.1719304724409449
11
1.682398937007874
21
1.1775547637795276
0
LINE
8
BLACK
6
CONTINUOUS
10
1.682398937007874
20
1.1775547637795276
11
1.6823732677165355
21
1.1775991732283464
0
LINE
8
BLACK
6
CONTINUOUS
10
1.6823732677165355
20
1.1775991732283464
11
1.6823292913385826
21
1.177625590551181
0
LINE
8
BLACK
6
CONTINUOUS
10
1.6823292913385826
20
1.177625590551181
11
1.6816111023622047
21
1.1789192913385826
0
LINE
8
BLACK
6
CONTINUOUS
10
1.6816111023622047
20
1.1789192913385826
11
1.6808704724409449
21
1.1802021259842519
0
LINE
8
BLACK
6
CONTINUOUS
10
1.6808704724409449
20
1.1802021259842519
11
1.6808704724409449
21
1.1802534645669291
0
LINE
8
BLACK
6
CONTINUOUS
10
1.6808704724409449
20
1.1802534645669291
11
1.680845590551181
21
1.1802983070866142
0
LINE
8
BLACK
6
CONTINUOUS
10
1.680845590551181
20
1.1802983070866142
11
1.678033464566929
21
1.1915468897637795
0
LINE
8
BLACK
6
CONTINUOUS
10
1.678033464566929
20
1.1915468897637795
11
1.6780457086614173
21
1.19227531496063
0
LINE
8
BLACK
6
CONTINUOUS
10
1.6780457086614173
20
1.19227531496063
11
1.6778571259842519
21
1.1929791732283463
0
LINE
8
BLACK
6
CONTINUOUS
10
1.6778571259842519
20
1.1929791732283463
11
1.6778571259842519
21
1.2126642125984253
0
LINE
8
BLACK
6
CONTINUOUS
10
1.6778571259842519
20
1.2126642125984253
11
1.6780457086614173
21
1.2133680314960629
0
LINE
8
BLACK
6
CONTINUOUS
10
1.6780457086614173
20
1.2133680314960629
11
1.678033464566929
21
1.2140964960629921
0
LINE
8
BLACK
6
CONTINUOUS
10
1.678033464566929
20
1.2140964960629921
11
1.680845590551181
21
1.2253450787401574
0
LINE
8
BLACK
6
CONTINUOUS
10
1.680845590551181
20
1.2253450787401574
11
1.6808704724409449
21
1.2253898818897637
0
LINE
8
BLACK
6
CONTINUOUS
10
1.6808704724409449
20
1.2253898818897637
11
1.6808704724409449
21
1.2254412598425197
0
LINE
8
BLACK
6
CONTINUOUS
10
1.6808704724409449
20
1.2254412598425197
11
1.6816111023622047
21
1.2267240551181102
0
LINE
8
BLACK
6
CONTINUOUS
10
1.6816111023622047
20
1.2267240551181102
11
1.6823292913385826
21
1.2280177952755906
0
LINE
8
BLACK
6
CONTINUOUS
10
1.6823292913385826
20
1.2280177952755906
11
1.6823732677165355
21
1.2280441732283465
0
LINE
8
BLACK
6
CONTINUOUS
10
1.6823732677165355
20
1.2280441732283465
11
1.682398937007874
21
1.228088622047244
0
LINE
8
BLACK
6
CONTINUOUS
10
1.682398937007874
20
1.228088622047244
11
1.6880232677165354
21
1.2337129133858267
0
LINE
8
BLACK
6
CONTINUOUS
10
1.6880232677165354
20
1.2337129133858267
11
1.6888466535433071
21
1.2341883070866142
0
LINE
8
BLACK
6
CONTINUOUS
10
1.6888466535433071
20
1.2341883070866142
11
1.6895580708661417
21
1.2348191338582677
0
LINE
8
BLACK
6
CONTINUOUS
10
1.6895580708661417
20
1.2348191338582677
11
1.6951823228346456
21
1.2376312992125984
0
LINE
8
BLACK
6
CONTINUOUS
10
1.6951823228346456
20
1.2376312992125984
11
1.6965123228346457
21
1.2379034645669291
0
LINE
8
BLACK
6
CONTINUOUS
10
1.6965123228346457
20
1.2379034645669291
11
1.6978233858267717
21
1.2382547637795276
0
LINE
8
BLACK
6
CONTINUOUS
10
1.6978233858267717
20
1.2382547637795276
11
1.7090719685039371
21
1.2382547637795276
0
LINE
8
BLACK
6
CONTINUOUS
10
1.7090719685039371
20
1.2382547637795276
11
1.7103830314960629
21
1.2379034251968504
0
LINE
8
BLACK
6
CONTINUOUS
10
1.6956972440944882
20
1.2246836220472441
11
1.6919072047244095
21
1.2208935433070867
0
LINE
8
BLACK
6
CONTINUOUS
10
1.6919072047244095
20
1.2208935433070867
11
1.6896681496062991
21
1.211937283464567
0
LINE
8
BLACK
6
CONTINUOUS
10
1.6896681496062991
20
1.211937283464567
11
1.6896681496062991
21
1.1937060629921259
0
LINE
8
BLACK
6
CONTINUOUS
10
1.6896681496062991
20
1.1937060629921259
11
1.6919072047244095
21
1.1847498031496062
0
LINE
8
BLACK
6
CONTINUOUS
10
1.6919072047244095
20
1.1847498031496062
11
1.6956972440944882
21
1.1809597244094487
0
LINE
8
BLACK
6
CONTINUOUS
10
1.6956972440944882
20
1.1809597244094487
11
1.6992174803149607
21
1.1791996456692913
0
LINE
8
BLACK
6
CONTINUOUS
10
1.6992174803149607
20
1.1791996456692913
11
1.7076778740157479
21
1.1791996456692913
0
LINE
8
BLACK
6
CONTINUOUS
10
1.7076778740157479
20
1.1791996456692913
11
1.7111980708661416
21
1.1809597637795275
0
LINE
8
BLACK
6
CONTINUOUS
10
1.7111980708661416
20
1.1809597637795275
11
1.7149880708661418
21
1.1847497637795275
0
LINE
8
BLACK
6
CONTINUOUS
10
1.7149880708661418
20
1.1847497637795275
11
1.7172272047244095
21
1.1937061023622046
0
LINE
8
BLACK
6
CONTINUOUS
10
1.7172272047244095
20
1.1937061023622046
11
1.7172272047244095
21
1.2119372440944882
0
LINE
8
BLACK
6
CONTINUOUS
10
1.7172272047244095
20
1.2119372440944882
11
1.7149880708661418
21
1.2208935826771654
0
LINE
8
BLACK
6
CONTINUOUS
10
1.7149880708661418
20
1.2208935826771654
11
1.7111980708661416
21
1.2246835826771654
0
LINE
8
BLACK
6
CONTINUOUS
10
1.7111980708661416
20
1.2246835826771654
11
1.7076778740157479
21
1.2264437401574804
0
LINE
8
BLACK
6
CONTINUOUS
10
1.7076778740157479
20
1.2264437401574804
11
1.6992174803149607
21
1.2264437401574804
0
LINE
8
BLACK
6
CONTINUOUS
10
1.6992174803149607
20
1.2264437401574804
11
1.6956972440944882
21
1.2246836220472441
0
LINE
8
BLACK
6
CONTINUOUS
10
1.785140590551181
20
1.2374635826771654
11
1.7873021653543306
21
1.2353020078740158
0
LINE
8
BLACK
6
CONTINUOUS
10
1.7873021653543306
20
1.2353020078740158
11
1.7880933464566928
21
1.232349251968504
0
LINE
8
BLACK
6
CONTINUOUS
10
1.7880933464566928
20
1.232349251968504
11
1.7880933464566928
21
1.184542716535433
0
LINE
8
BLACK
6
CONTINUOUS
10
1.7880933464566928
20
1.184542716535433
11
1.7877419685039371
21
1.1832314566929134
0
LINE
8
BLACK
6
CONTINUOUS
10
1.7877419685039371
20
1.1832314566929134
11
1.7874698818897636
21
1.1819017322834646
0
LINE
8
BLACK
6
CONTINUOUS
10
1.7874698818897636
20
1.1819017322834646
11
1.7846577559055117
21
1.1762774015748032
0
LINE
8
BLACK
6
CONTINUOUS
10
1.7846577559055117
20
1.1762774015748032
11
1.7840268897637794
21
1.1755659842519686
0
LINE
8
BLACK
6
CONTINUOUS
10
1.7840268897637794
20
1.1755659842519686
11
1.7835514960629921
21
1.1747425590551182
0
LINE
8
BLACK
6
CONTINUOUS
10
1.7835514960629921
20
1.1747425590551182
11
1.7807393307086614
21
1.1719304330708662
0
LINE
8
BLACK
6
CONTINUOUS
10
1.7807393307086614
20
1.1719304330708662
11
1.779915905511811
21
1.1714550393700787
0
LINE
8
BLACK
6
CONTINUOUS
10
1.779915905511811
20
1.1714550393700787
11
1.7792045669291339
21
1.1708242519685039
0
LINE
8
BLACK
6
CONTINUOUS
10
1.7792045669291339
20
1.1708242519685039
11
1.7735802755905512
21
1.1680120866141732
0
LINE
8
BLACK
6
CONTINUOUS
10
1.7735802755905512
20
1.1680120866141732
11
1.7722503149606299
21
1.1677399212598425
0
LINE
8
BLACK
6
CONTINUOUS
10
1.7722503149606299
20
1.1677399212598425
11
1.7709392519685039
21
1.167388622047244
0
LINE
8
BLACK
6
CONTINUOUS
10
1.7709392519685039
20
1.167388622047244
11
1.7596906692913385
21
1.167388622047244
0
LINE
8
BLACK
6
CONTINUOUS
10
1.7596906692913385
20
1.167388622047244
11
1.7583796062992125
21
1.1677398818897637
0
LINE
8
BLACK
6
CONTINUOUS
10
1.7583796062992125
20
1.1677398818897637
11
1.7570496062992125
21
1.1680120866141732
0
LINE
8
BLACK
6
CONTINUOUS
10
1.7570496062992125
20
1.1680120866141732
11
1.7514253543307086
21
1.1708242519685039
0
LINE
8
BLACK
6
CONTINUOUS
10
1.7514253543307086
20
1.1708242519685039
11
1.7507139763779527
21
1.1714550393700787
0
LINE
8
BLACK
6
CONTINUOUS
10
1.7507139763779527
20
1.1714550393700787
11
1.749890590551181
21
1.1719304330708662
0
LINE
8
BLACK
6
CONTINUOUS
10
1.749890590551181
20
1.1719304330708662
11
1.7470784251968503
21
1.1747425590551182
0
LINE
8
BLACK
6
CONTINUOUS
10
1.7470784251968503
20
1.1747425590551182
11
1.7466029527559055
21
1.1755660236220473
0
LINE
8
BLACK
6
CONTINUOUS
10
1.7466029527559055
20
1.1755660236220473
11
1.7459721653543308
21
1.1762774015748032
0
LINE
8
BLACK
6
CONTINUOUS
10
1.7459721653543308
20
1.1762774015748032
11
1.74316
21
1.1819016929133859
0
LINE
8
BLACK
6
CONTINUOUS
10
1.74316
20
1.1819016929133859
11
1.7428878346456693
21
1.1832316141732284
0
LINE
8
BLACK
6
CONTINUOUS
10
1.7428878346456693
20
1.1832316141732284
11
1.7425365354330709
21
1.184542716535433
0
LINE
8
BLACK
6
CONTINUOUS
10
1.7425365354330709
20
1.184542716535433
11
1.7425365354330709
21
1.232349251968504
0
LINE
8
BLACK
6
CONTINUOUS
10
1.7425365354330709
20
1.232349251968504
11
1.7433277165354331
21
1.2353020078740158
0
LINE
8
BLACK
6
CONTINUOUS
10
1.7433277165354331
20
1.2353020078740158
11
1.7454892913385827
21
1.2374635826771654
0
LINE
8
BLACK
6
CONTINUOUS
10
1.7454892913385827
20
1.2374635826771654
11
1.7484420472440945
21
1.2382547637795276
0
LINE
8
BLACK
6
CONTINUOUS
10
1.7484420472440945
20
1.2382547637795276
11
1.7513948031496063
21
1.2374635826771654
0
LINE
8
BLACK
6
CONTINUOUS
10
1.7513948031496063
20
1.2374635826771654
11
1.7535563779527559
21
1.2353020078740158
0
LINE
8
BLACK
6
CONTINUOUS
10
1.7535563779527559
20
1.2353020078740158
11
1.7543475590551181
21
1.232349251968504
0
LINE
8
BLACK
6
CONTINUOUS
10
1.7543475590551181
20
1.232349251968504
11
1.7543475590551181
21
1.1859368110236219
0
LINE
8
BLACK
6
CONTINUOUS
10
1.7543475590551181
20
1.1859368110236219
11
1.7561076771653543
21
1.1824165748031497
0
LINE
8
BLACK
6
CONTINUOUS
10
1.7561076771653543
20
1.1824165748031497
11
1.757564527559055
21
1.1809597637795275
0
LINE
8
BLACK
6
CONTINUOUS
10
1.757564527559055
20
1.1809597637795275
11
1.7610847637795275
21
1.1791996456692913
0
LINE
8
BLACK
6
CONTINUOUS
10
1.7610847637795275
20
1.1791996456692913
11
1.7695451574803149
21
1.1791996456692913
0
LINE
8
BLACK
6
CONTINUOUS
10
1.7695451574803149
20
1.1791996456692913
11
1.7730653937007874
21
1.1809597637795275
0
LINE
8
BLACK
6
CONTINUOUS
10
1.7730653937007874
20
1.1809597637795275
11
1.7745222440944881
21
1.1824166141732284
0
LINE
8
BLACK
6
CONTINUOUS
10
1.7745222440944881
20
1.1824166141732284
11
1.7762823228346456
21
1.1859367716535434
0
LINE
8
BLACK
6
CONTINUOUS
10
1.7762823228346456
20
1.1859367716535434
11
1.7762823228346456
21
1.232349251968504
0
LINE
8
BLACK
6
CONTINUOUS
10
1.7762823228346456
20
1.232349251968504
11
1.7770735039370078
21
1.2353020078740158
0
LINE
8
BLACK
6
CONTINUOUS
10
1.7770735039370078
20
1.2353020078740158
11
1.7792350787401574
21
1.2374635826771654
0
LINE
8
BLACK
6
CONTINUOUS
10
1.7792350787401574
20
1.2374635826771654
11
1.7821878346456692
21
1.2382547637795276
0
LINE
8
BLACK
6
CONTINUOUS
10
1.7821878346456692
20
1.2382547637795276
11
1.785140590551181
21
1.2374635826771654
0
LINE
8
BLACK
6
CONTINUOUS
10
1.8385714566929134
20
1.2374635826771654
11
1.840733031496063
21
1.2353020078740158
0
LINE
8
BLACK
6
CONTINUOUS
10
1.840733031496063
20
1.2353020078740158
11
1.8415242125984252
21
1.232349251968504
0
LINE
8
BLACK
6
CONTINUOUS
10
1.8415242125984252
20
1.232349251968504
11
1.840733031496063
21
1.2293964960629922
0
LINE
8
BLACK
6
CONTINUOUS
10
1.840733031496063
20
1.2293964960629922
11
1.8385714566929134
21
1.2272349212598426
0
LINE
8
BLACK
6
CONTINUOUS
10
1.8385714566929134
20
1.2272349212598426
11
1.8356187007874016
21
1.2264437401574804
0
LINE
8
BLACK
6
CONTINUOUS
10
1.8356187007874016
20
1.2264437401574804
11
1.8246512992125983
21
1.2264437401574804
0
LINE
8
BLACK
6
CONTINUOUS
10
1.8246512992125983
20
1.2264437401574804
11
1.8246512992125983
21
1.1732941338582676
0
LINE
8
BLACK
6
CONTINUOUS
10
1.8246512992125983
20
1.1732941338582676
11
1.8238601181102361
21
1.1703413779527558
0
LINE
8
BLACK
6
CONTINUOUS
10
1.8238601181102361
20
1.1703413779527558
11
1.8216985433070865
21
1.1681798031496062
0
LINE
8
BLACK
6
CONTINUOUS
10
1.8216985433070865
20
1.1681798031496062
11
1.8187457874015747
21
1.167388622047244
0
LINE
8
BLACK
6
CONTINUOUS
10
1.8187457874015747
20
1.167388622047244
11
1.8157930314960629
21
1.1681798031496062
0
LINE
8
BLACK
6
CONTINUOUS
10
1.8157930314960629
20
1.1681798031496062
11
1.8136314566929133
21
1.1703413779527558
0
LINE
8
BLACK
6
CONTINUOUS
10
1.8136314566929133
20
1.1703413779527558
11
1.8128402755905511
21
1.1732941338582676
0
LINE
8
BLACK
6
CONTINUOUS
10
1.8128402755905511
20
1.1732941338582676
11
1.8128402755905511
21
1.2264437401574804
0
LINE
8
BLACK
6
CONTINUOUS
10
1.8128402755905511
20
1.2264437401574804
11
1.8018729133858267
21
1.2264437401574804
0
LINE
8
BLACK
6
CONTINUOUS
10
1.8018729133858267
20
1.2264437401574804
11
1.7989201574803149
21
1.2272349212598426
0
LINE
8
BLACK
6
CONTINUOUS
10
1.7989201574803149
20
1.2272349212598426
11
1.7967585826771653
21
1.2293964960629922
0
LINE
8
BLACK
6
CONTINUOUS
10
1.7967585826771653
20
1.2293964960629922
11
1.7959674015748031
21
1.232349251968504
0
LINE
8
BLACK
6
CONTINUOUS
10
1.7959674015748031
20
1.232349251968504
11
1.7967585826771653
21
1.2353020078740158
0
LINE
8
BLACK
6
CONTINUOUS
10
1.7967585826771653
20
1.2353020078740158
11
1.7989201574803149
21
1.2374635826771654
0
LINE
8
BLACK
6
CONTINUOUS
10
1.7989201574803149
20
1.2374635826771654
11
1.8018729133858267
21
1.2382547637795276
0
LINE
8
BLACK
6
CONTINUOUS
10
1.8018729133858267
20
1.2382547637795276
11
1.8356187007874016
21
1.2382547637795276
0
LINE
8
BLACK
6
CONTINUOUS
10
1.8356187007874016
20
1.2382547637795276
11
1.8385714566929134
21
1.2374635826771654
0
LINE
8
BLACK
6
CONTINUOUS
10
1.8762998031496063
20
1.2379034251968504
11
1.8776297637795276
21
1.2376312992125984
0
LINE
8
BLACK
6
CONTINUOUS
10
1.8776297637795276
20
1.2376312992125984
11
1.883254094488189
21
1.2348191338582677
0
LINE
8
BLACK
6
CONTINUOUS
10
1.883254094488189
20
1.2348191338582677
11
1.8839654724409449
21
1.2341882677165354
0
LINE
8
BLACK
6
CONTINUOUS
10
1.8839654724409449
20
1.2341882677165354
11
1.8847888976377953
21
1.2337129133858267
0
LINE
8
BLACK
6
CONTINUOUS
10
1.8847888976377953
20
1.2337129133858267
11
1.8876010236220473
21
1.2309007874015747
0
LINE
8
BLACK
6
CONTINUOUS
10
1.8876010236220473
20
1.2309007874015747
11
1.8880764173228346
21
1.2300773228346455
0
LINE
8
BLACK
6
CONTINUOUS
10
1.8880764173228346
20
1.2300773228346455
11
1.8887072440944881
21
1.2293659842519684
0
LINE
8
BLACK
6
CONTINUOUS
10
1.8887072440944881
20
1.2293659842519684
11
1.8915194094488188
21
1.2237417322834645
0
LINE
8
BLACK
6
CONTINUOUS
10
1.8915194094488188
20
1.2237417322834645
11
1.8917915748031495
21
1.2224116929133857
0
LINE
8
BLACK
6
CONTINUOUS
10
1.8917915748031495
20
1.2224116929133857
11
1.892142874015748
21
1.2211006692913386
0
LINE
8
BLACK
6
CONTINUOUS
10
1.892142874015748
20
1.2211006692913386
11
1.892142874015748
21
1.215476377952756
0
LINE
8
BLACK
6
CONTINUOUS
10
1.892142874015748
20
1.215476377952756
11
1.8918967716535433
21
1.2145579133858266
0
LINE
8
BLACK
6
CONTINUOUS
10
1.8918967716535433
20
1.2145579133858266
11
1.8918398031496062
21
1.2136088582677165
0
LINE
8
BLACK
6
CONTINUOUS
10
1.8918398031496062
20
1.2136088582677165
11
1.8890276377952755
21
1.2051724409448819
0
LINE
8
BLACK
6
CONTINUOUS
10
1.8890276377952755
20
1.2051724409448819
11
1.8882797244094487
21
1.2040396456692912
0
LINE
8
BLACK
6
CONTINUOUS
10
1.8882797244094487
20
1.2040396456692912
11
1.8876010236220473
21
1.202864094488189
0
LINE
8
BLACK
6
CONTINUOUS
10
1.8876010236220473
20
1.202864094488189
11
1.8639365748031496
21
1.1791996456692913
0
LINE
8
BLACK
6
CONTINUOUS
10
1.8639365748031496
20
1.1791996456692913
11
1.8862373622047244
21
1.1791996456692913
0
LINE
8
BLACK
6
CONTINUOUS
10
1.8862373622047244
20
1.1791996456692913
11
1.8891901181102362
21
1.178408464566929
0
LINE
8
BLACK
6
CONTINUOUS
10
1.8891901181102362
20
1.178408464566929
11
1.8913516929133858
21
1.1762468897637794
0
LINE
8
BLACK
6
CONTINUOUS
10
1.8913516929133858
20
1.1762468897637794
11
1.892142874015748
21
1.1732941338582676
0
LINE
8
BLACK
6
CONTINUOUS
10
1.892142874015748
20
1.1732941338582676
11
1.8913516929133858
21
1.1703413779527558
0
LINE
8
BLACK
6
CONTINUOUS
10
1.8913516929133858
20
1.1703413779527558
11
1.8891901181102362
21
1.1681798031496062
0
LINE
8
BLACK
6
CONTINUOUS
10
1.8891901181102362
20
1.1681798031496062
11
1.8862373622047244
21
1.167388622047244
0
LINE
8
BLACK
6
CONTINUOUS
10
1.8862373622047244
20
1.167388622047244
11
1.8496794094488189
21
1.167388622047244
0
LINE
8
BLACK
6
CONTINUOUS
10
1.8496794094488189
20
1.167388622047244
11
1.8489284251968503
21
1.1675898425196851
0
LINE
8
BLACK
6
CONTINUOUS
10
1.8489284251968503
20
1.1675898425196851
11
1.8481509448818898
21
1.1675898425196851
0
LINE
8
BLACK
6
CONTINUOUS
10
1.8481509448818898
20
1.1675898425196851
11
1.8474775984251968
21
1.1679785433070866
0
LINE
8
BLACK
6
CONTINUOUS
10
1.8474775984251968
20
1.1679785433070866
11
1.8467266535433071
21
1.1681798031496062
0
LINE
8
BLACK
6
CONTINUOUS
10
1.8467266535433071
20
1.1681798031496062
11
1.8461768503937008
21
1.1687295669291338
0
LINE
8
BLACK
6
CONTINUOUS
10
1.8461768503937008
20
1.1687295669291338
11
1.8455035826771653
21
1.1691183070866142
0
LINE
8
BLACK
6
CONTINUOUS
10
1.8455035826771653
20
1.1691183070866142
11
1.845114842519685
21
1.1697915748031495
0
LINE
8
BLACK
6
CONTINUOUS
10
1.845114842519685
20
1.1697915748031495
11
1.8445650787401575
21
1.1703413779527558
0
LINE
8
BLACK
6
CONTINUOUS
10
1.8445650787401575
20
1.1703413779527558
11
1.8443638188976377
21
1.1710923228346457
0
LINE
8
BLACK
6
CONTINUOUS
10
1.8443638188976377
20
1.1710923228346457
11
1.8439751181102362
21
1.1717656692913385
0
LINE
8
BLACK
6
CONTINUOUS
10
1.8439751181102362
20
1.1717656692913385
11
1.8439751181102362
21
1.1725431496062992
0
LINE
8
BLACK
6
CONTINUOUS
10
1.8439751181102362
20
1.1725431496062992
11
1.8437738976377953
21
1.1732941338582676
0
LINE
8
BLACK
6
CONTINUOUS
10
1.8437738976377953
20
1.1732941338582676
11
1.8439751181102362
21
1.1740450787401575
0
LINE
8
BLACK
6
CONTINUOUS
10
1.8439751181102362
20
1.1740450787401575
11
1.8439751181102362
21
1.1748225984251968
0
LINE
8
BLACK
6
CONTINUOUS
10
1.8439751181102362
20
1.1748225984251968
11
1.8443638188976377
21
1.175495905511811
0
LINE
8
BLACK
6
CONTINUOUS
10
1.8443638188976377
20
1.175495905511811
11
1.8445650787401575
21
1.1762468897637794
0
LINE
8
BLACK
6
CONTINUOUS
10
1.8445650787401575
20
1.1762468897637794
11
1.845114842519685
21
1.176796653543307
0
LINE
8
BLACK
6
CONTINUOUS
10
1.845114842519685
20
1.176796653543307
11
1.8455035826771653
21
1.1774699606299213
0
LINE
8
BLACK
6
CONTINUOUS
10
1.8455035826771653
20
1.1774699606299213
11
1.8782635826771654
21
1.2102299606299212
0
LINE
8
BLACK
6
CONTINUOUS
10
1.8782635826771654
20
1.2102299606299212
11
1.8803318503937008
21
1.2164347244094489
0
LINE
8
BLACK
6
CONTINUOUS
10
1.8803318503937008
20
1.2164347244094489
11
1.8803318503937008
21
1.2197065354330709
0
LINE
8
BLACK
6
CONTINUOUS
10
1.8803318503937008
20
1.2197065354330709
11
1.8785717322834645
21
1.2232267322834645
0
LINE
8
BLACK
6
CONTINUOUS
10
1.8785717322834645
20
1.2232267322834645
11
1.8771148818897638
21
1.2246836220472441
0
LINE
8
BLACK
6
CONTINUOUS
10
1.8771148818897638
20
1.2246836220472441
11
1.8735946456692913
21
1.2264437401574804
0
LINE
8
BLACK
6
CONTINUOUS
10
1.8735946456692913
20
1.2264437401574804
11
1.862322125984252
21
1.2264437401574804
0
LINE
8
BLACK
6
CONTINUOUS
10
1.862322125984252
20
1.2264437401574804
11
1.8588018897637795
21
1.2246836220472441
0
LINE
8
BLACK
6
CONTINUOUS
10
1.8588018897637795
20
1.2246836220472441
11
1.856667401574803
21
1.2225491338582677
0
LINE
8
BLACK
6
CONTINUOUS
10
1.856667401574803
20
1.2225491338582677
11
1.8540200393700788
21
1.2210206692913386
0
LINE
8
BLACK
6
CONTINUOUS
10
1.8540200393700788
20
1.2210206692913386
11
1.8509631102362205
21
1.2210206692913386
0
LINE
8
BLACK
6
CONTINUOUS
10
1.8509631102362205
20
1.2210206692913386
11
1.848315748031496
21
1.2225491338582677
0
LINE
8
BLACK
6
CONTINUOUS
10
1.848315748031496
20
1.2225491338582677
11
1.8467872834645669
21
1.2251964960629922
0
LINE
8
BLACK
6
CONTINUOUS
10
1.8467872834645669
20
1.2251964960629922
11
1.8467872834645669
21
1.2282534251968504
0
LINE
8
BLACK
6
CONTINUOUS
10
1.8467872834645669
20
1.2282534251968504
11
1.848315748031496
21
1.2309007874015747
0
LINE
8
BLACK
6
CONTINUOUS
10
1.848315748031496
20
1.2309007874015747
11
1.851127874015748
21
1.2337129133858267
0
LINE
8
BLACK
6
CONTINUOUS
10
1.851127874015748
20
1.2337129133858267
11
1.8519512598425196
21
1.2341882677165354
0
LINE
8
BLACK
6
CONTINUOUS
10
1.8519512598425196
20
1.2341882677165354
11
1.8526626771653543
21
1.2348191338582677
0
LINE
8
BLACK
6
CONTINUOUS
10
1.8526626771653543
20
1.2348191338582677
11
1.8582870078740157
21
1.2376312992125984
0
LINE
8
BLACK
6
CONTINUOUS
10
1.8582870078740157
20
1.2376312992125984
11
1.8596169291338582
21
1.2379034251968504
0
LINE
8
BLACK
6
CONTINUOUS
10
1.8596169291338582
20
1.2379034251968504
11
1.860928031496063
21
1.2382547637795276
0
LINE
8
BLACK
6
CONTINUOUS
10
1.860928031496063
20
1.2382547637795276
11
1.8749887401574803
21
1.2382547637795276
0
LINE
8
BLACK
6
CONTINUOUS
10
1.8749887401574803
20
1.2382547637795276
11
1.8762998031496063
21
1.2379034251968504
0
LINE
8
BLACK
6
CONTINUOUS
10
1.232411811023622
20
1.2174800393700786
11
1.2337416929133858
21
1.2172079133858267
0
LINE
8
BLACK
6
CONTINUOUS
10
1.2337416929133858
20
1.2172079133858267
11
1.2393659842519684
21
1.2143957874015747
0
LINE
8
BLACK
6
CONTINUOUS
10
1.2393659842519684
20
1.2143957874015747
11
1.2400773622047243
21
1.2137649212598425
0
LINE
8
BLACK
6
CONTINUOUS
10
1.2400773622047243
20
1.2137649212598425
11
1.2409008267716535
21
1.2132895275590552
0
LINE
8
BLACK
6
CONTINUOUS
10
1.2409008267716535
20
1.2132895275590552
11
1.2437129527559054
21
1.2104773622047245
0
LINE
8
BLACK
6
CONTINUOUS
10
1.2437129527559054
20
1.2104773622047245
11
1.2441883070866142
21
1.209653937007874
0
LINE
8
BLACK
6
CONTINUOUS
10
1.2441883070866142
20
1.209653937007874
11
1.2448191338582677
21
1.2089425984251969
0
LINE
8
BLACK
6
CONTINUOUS
10
1.2448191338582677
20
1.2089425984251969
11
1.2476312992125984
21
1.2033183464566928
0
LINE
8
BLACK
6
CONTINUOUS
10
1.2476312992125984
20
1.2033183464566928
11
1.2479034645669291
21
1.2019883070866142
0
LINE
8
BLACK
6
CONTINUOUS
10
1.2479034645669291
20
1.2019883070866142
11
1.2482547637795276
21
1.2006772834645669
0
LINE
8
BLACK
6
CONTINUOUS
10
1.2482547637795276
20
1.2006772834645669
11
1.2482547637795276
21
1.1866165354330709
0
LINE
8
BLACK
6
CONTINUOUS
10
1.2482547637795276
20
1.1866165354330709
11
1.2480086614173227
21
1.1856980708661418
0
LINE
8
BLACK
6
CONTINUOUS
10
1.2480086614173227
20
1.1856980708661418
11
1.2479516929133858
21
1.1847490157480314
0
LINE
8
BLACK
6
CONTINUOUS
10
1.2479516929133858
20
1.1847490157480314
11
1.2451395275590551
21
1.1763125984251968
0
LINE
8
BLACK
6
CONTINUOUS
10
1.2451395275590551
20
1.1763125984251968
11
1.2434552362204725
21
1.1737615354330708
0
LINE
8
BLACK
6
CONTINUOUS
10
1.2434552362204725
20
1.1737615354330708
11
1.2407210236220472
21
1.1723944488188975
0
LINE
8
BLACK
6
CONTINUOUS
10
1.2407210236220472
20
1.1723944488188975
11
1.2376696062992125
21
1.1725776377952755
0
LINE
8
BLACK
6
CONTINUOUS
10
1.2376696062992125
20
1.1725776377952755
11
1.2351185433070866
21
1.1742619291338583
0
LINE
8
BLACK
6
CONTINUOUS
10
1.2351185433070866
20
1.1742619291338583
11
1.2337514566929133
21
1.1769961417322834
0
LINE
8
BLACK
6
CONTINUOUS
10
1.2337514566929133
20
1.1769961417322834
11
1.2339346456692912
21
1.180047559055118
0
LINE
8
BLACK
6
CONTINUOUS
10
1.2339346456692912
20
1.180047559055118
11
1.2364437401574804
21
1.1875748818897638
0
LINE
8
BLACK
6
CONTINUOUS
10
1.2364437401574804
20
1.1875748818897638
11
1.2364437401574804
21
1.1992831496062992
0
LINE
8
BLACK
6
CONTINUOUS
10
1.2364437401574804
20
1.1992831496062992
11
1.2346835826771654
21
1.2028033858267717
0
LINE
8
BLACK
6
CONTINUOUS
10
1.2346835826771654
20
1.2028033858267717
11
1.2332266929133857
21
1.2042602755905512
0
LINE
8
BLACK
6
CONTINUOUS
10
1.2332266929133857
20
1.2042602755905512
11
1.2297065748031495
21
1.2060203543307086
0
LINE
8
BLACK
6
CONTINUOUS
10
1.2297065748031495
20
1.2060203543307086
11
1.2268704330708662
21
1.2060203543307086
0
LINE
8
BLACK
6
CONTINUOUS
10
1.2268704330708662
20
1.2060203543307086
11
1.2233502755905512
21
1.2042602755905512
0
LINE
8
BLACK
6
CONTINUOUS
10
1.2233502755905512
20
1.2042602755905512
11
1.2218933858267715
21
1.2028034251968505
0
LINE
8
BLACK
6
CONTINUOUS
10
1.2218933858267715
20
1.2028034251968505
11
1.2197996456692912
21
1.1986159842519686
0
LINE
8
BLACK
6
CONTINUOUS
10
1.2197996456692912
20
1.1986159842519686
11
1.2171448031496064
21
1.1879964173228346
0
LINE
8
BLACK
6
CONTINUOUS
10
1.2171448031496064
20
1.1879964173228346
11
1.2168283858267717
21
1.1874264566929134
0
LINE
8
BLACK
6
CONTINUOUS
10
1.2168283858267717
20
1.1874264566929134
11
1.2166976771653544
21
1.1867876377952755
0
LINE
8
BLACK
6
CONTINUOUS
10
1.2166976771653544
20
1.1867876377952755
11
1.2138855118110237
21
1.1811633858267716
0
LINE
8
BLACK
6
CONTINUOUS
10
1.2138855118110237
20
1.1811633858267716
11
1.21325468503937
21
1.1804520078740157
0
LINE
8
BLACK
6
CONTINUOUS
10
1.21325468503937
20
1.1804520078740157
11
1.2127793307086614
21
1.1796286220472441
0
LINE
8
BLACK
6
CONTINUOUS
10
1.2127793307086614
20
1.1796286220472441
11
1.2099672047244094
21
1.1768164566929133
0
LINE
8
BLACK
6
CONTINUOUS
10
1.2099672047244094
20
1.1768164566929133
11
1.2091437401574803
21
1.1763410236220473
0
LINE
8
BLACK
6
CONTINUOUS
10
1.2091437401574803
20
1.1763410236220473
11
1.2084323622047244
21
1.1757101968503936
0
LINE
8
BLACK
6
CONTINUOUS
10
1.2084323622047244
20
1.1757101968503936
11
1.202808031496063
21
1.1728980314960629
0
LINE
8
BLACK
6
CONTINUOUS
10
1.202808031496063
20
1.1728980314960629
11
1.2014780708661417
21
1.1726258661417324
0
LINE
8
BLACK
6
CONTINUOUS
10
1.2014780708661417
20
1.1726258661417324
11
1.2001670078740156
21
1.1722745669291339
0
LINE
8
BLACK
6
CONTINUOUS
10
1.2001670078740156
20
1.1722745669291339
11
1.194542716535433
21
1.1722745669291339
0
LINE
8
BLACK
6
CONTINUOUS
10
1.194542716535433
20
1.1722745669291339
11
1.193231653543307
21
1.1726258267716536
0
LINE
8
BLACK
6
CONTINUOUS
10
1.193231653543307
20
1.1726258267716536
11
1.1919016535433071
21
1.1728980314960629
0
LINE
8
BLACK
6
CONTINUOUS
10
1.1919016535433071
20
1.1728980314960629
11
1.1862774015748032
21
1.1757101968503936
0
LINE
8
BLACK
6
CONTINUOUS
10
1.1862774015748032
20
1.1757101968503936
11
1.1855660236220473
21
1.1763409842519685
0
LINE
8
BLACK
6
CONTINUOUS
10
1.1855660236220473
20
1.1763409842519685
11
1.1847425590551182
21
1.1768164566929133
0
LINE
8
BLACK
6
CONTINUOUS
10
1.1847425590551182
20
1.1768164566929133
11
1.1819304330708662
21
1.1796286220472441
0
LINE
8
BLACK
6
CONTINUOUS
10
1.1819304330708662
20
1.1796286220472441
11
1.1814550393700787
21
1.1804520078740157
0
LINE
8
BLACK
6
CONTINUOUS
10
1.1814550393700787
20
1.1804520078740157
11
1.1808242519685039
21
1.1811633858267716
0
LINE
8
BLACK
6
CONTINUOUS
10
1.1808242519685039
20
1.1811633858267716
11
1.1780120866141732
21
1.1867876771653543
0
LINE
8
BLACK
6
CONTINUOUS
10
1.1780120866141732
20
1.1867876771653543
11
1.1777399212598425
21
1.1881175984251968
0
LINE
8
BLACK
6
CONTINUOUS
10
1.1777399212598425
20
1.1881175984251968
11
1.177388622047244
21
1.1894287007874016
0
LINE
8
BLACK
6
CONTINUOUS
10
1.177388622047244
20
1.1894287007874016
11
1.177388622047244
21
1.2034894488188976
0
LINE
8
BLACK
6
CONTINUOUS
10
1.177388622047244
20
1.2034894488188976
11
1.17763468503937
21
1.204407874015748
0
LINE
8
BLACK
6
CONTINUOUS
10
1.17763468503937
20
1.204407874015748
11
1.1776916929133858
21
1.2053569685039369
0
LINE
8
BLACK
6
CONTINUOUS
10
1.1776916929133858
20
1.2053569685039369
11
1.1805038582677165
21
1.2137933464566928
0
LINE
8
BLACK
6
CONTINUOUS
10
1.1805038582677165
20
1.2137933464566928
11
1.1821881889763779
21
1.2163443700787402
0
LINE
8
BLACK
6
CONTINUOUS
10
1.1821881889763779
20
1.2163443700787402
11
1.1849223622047245
21
1.217711496062992
0
LINE
8
BLACK
6
CONTINUOUS
10
1.1849223622047245
20
1.217711496062992
11
1.1879737795275591
21
1.2175283070866141
0
LINE
8
BLACK
6
CONTINUOUS
10
1.1879737795275591
20
1.2175283070866141
11
1.190524842519685
21
1.2158439763779527
0
LINE
8
BLACK
6
CONTINUOUS
10
1.190524842519685
20
1.2158439763779527
11
1.1918919291338583
21
1.2131097637795276
0
LINE
8
BLACK
6
CONTINUOUS
10
1.1918919291338583
20
1.2131097637795276
11
1.1917087401574802
21
1.210058346456693
0
LINE
8
BLACK
6
CONTINUOUS
10
1.1917087401574802
20
1.210058346456693
11
1.1891996456692913
21
1.2025311023622047
0
LINE
8
BLACK
6
CONTINUOUS
10
1.1891996456692913
20
1.2025311023622047
11
1.1891996456692913
21
1.1908227952755905
0
LINE
8
BLACK
6
CONTINUOUS
10
1.1891996456692913
20
1.1908227952755905
11
1.1909597637795275
21
1.1873025196850393
0
LINE
8
BLACK
6
CONTINUOUS
10
1.1909597637795275
20
1.1873025196850393
11
1.1924166141732284
21
1.1858456692913386
0
LINE
8
BLACK
6
CONTINUOUS
10
1.1924166141732284
20
1.1858456692913386
11
1.1959368110236219
21
1.1840855905511811
0
LINE
8
BLACK
6
CONTINUOUS
10
1.1959368110236219
20
1.1840855905511811
11
1.1987729133858267
21
1.1840855905511811
0
LINE
8
BLACK
6
CONTINUOUS
10
1.1987729133858267
20
1.1840855905511811
11
1.2022931102362204
21
1.1858456692913386
0
LINE
8
BLACK
6
CONTINUOUS
10
1.2022931102362204
20
1.1858456692913386
11
1.2037499606299211
21
1.1873025590551181
0
LINE
8
BLACK
6
CONTINUOUS
10
1.2037499606299211
20
1.1873025590551181
11
1.2058436614173229
21
1.1914899606299212
0
LINE
8
BLACK
6
CONTINUOUS
10
1.2058436614173229
20
1.1914899606299212
11
1.2084985826771653
21
1.2021095669291337
0
LINE
8
BLACK
6
CONTINUOUS
10
1.2084985826771653
20
1.2021095669291337
11
1.2088149606299212
21
1.2026795275590552
0
LINE
8
BLACK
6
CONTINUOUS
10
1.2088149606299212
20
1.2026795275590552
11
1.2089457086614173
21
1.2033183070866142
0
LINE
8
BLACK
6
CONTINUOUS
10
1.2089457086614173
20
1.2033183070866142
11
1.211757874015748
21
1.2089425984251969
0
LINE
8
BLACK
6
CONTINUOUS
10
1.211757874015748
20
1.2089425984251969
11
1.2123886614173227
21
1.209653937007874
0
LINE
8
BLACK
6
CONTINUOUS
10
1.2123886614173227
20
1.209653937007874
11
1.2128640551181102
21
1.2104773622047245
0
LINE
8
BLACK
6
CONTINUOUS
10
1.2128640551181102
20
1.2104773622047245
11
1.2156761811023622
21
1.2132895275590552
0
LINE
8
BLACK
6
CONTINUOUS
10
1.2156761811023622
20
1.2132895275590552
11
1.2164996850393701
21
1.213765
0
LINE
8
BLACK
6
CONTINUOUS
10
1.2164996850393701
20
1.213765
11
1.217211062992126
21
1.2143957874015747
0
LINE
8
BLACK
6
CONTINUOUS
10
1.217211062992126
20
1.2143957874015747
11
1.2228353937007874
21
1.2172079527559054
0
LINE
8
BLACK
6
CONTINUOUS
10
1.2228353937007874
20
1.2172079527559054
11
1.2241654724409448
21
1.2174801181102362
0
LINE
8
BLACK
6
CONTINUOUS
10
1.2241654724409448
20
1.2174801181102362
11
1.2254763779527558
21
1.2178313779527559
0
LINE
8
BLACK
6
CONTINUOUS
10
1.2254763779527558
20
1.2178313779527559
11
1.2311006692913387
21
1.2178313779527559
0
LINE
8
BLACK
6
CONTINUOUS
10
1.2311006692913387
20
1.2178313779527559
11
1.232411811023622
21
1.2174800393700786
0
LINE
8
BLACK
6
CONTINUOUS
10
1.3453020078740157
20
1.2170402362204724
11
1.3474635826771653
21
1.2148786614173228
0
LINE
8
BLACK
6
CONTINUOUS
10
1.3474635826771653
20
1.2148786614173228
11
1.3482547637795275
21
1.211925905511811
0
LINE
8
BLACK
6
CONTINUOUS
10
1.3482547637795275
20
1.211925905511811
11
1.3482547637795275
21
1.1838044094488189
0
LINE
8
BLACK
6
CONTINUOUS
10
1.3482547637795275
20
1.1838044094488189
11
1.3474635826771653
21
1.1808516535433071
0
LINE
8
BLACK
6
CONTINUOUS
10
1.3474635826771653
20
1.1808516535433071
11
1.3453020078740157
21
1.1786900787401575
0
LINE
8
BLACK
6
CONTINUOUS
10
1.3453020078740157
20
1.1786900787401575
11
1.3423492519685039
21
1.1778988976377953
0
LINE
8
BLACK
6
CONTINUOUS
10
1.3423492519685039
20
1.1778988976377953
11
1.339396496062992
21
1.1786900787401575
0
LINE
8
BLACK
6
CONTINUOUS
10
1.339396496062992
20
1.1786900787401575
11
1.3372349212598424
21
1.1808516535433071
0
LINE
8
BLACK
6
CONTINUOUS
10
1.3372349212598424
20
1.1808516535433071
11
1.3364437401574802
21
1.1838044094488189
0
LINE
8
BLACK
6
CONTINUOUS
10
1.3364437401574802
20
1.1838044094488189
11
1.3364437401574802
21
1.2060203937007874
0
LINE
8
BLACK
6
CONTINUOUS
10
1.3364437401574802
20
1.2060203937007874
11
1.3201332677165354
21
1.2060203937007874
0
LINE
8
BLACK
6
CONTINUOUS
10
1.3201332677165354
20
1.2060203937007874
11
1.3201332677165354
21
1.1922408661417323
0
LINE
8
BLACK
6
CONTINUOUS
10
1.3201332677165354
20
1.1922408661417323
11
1.3193420866141732
21
1.1892881102362205
0
LINE
8
BLACK
6
CONTINUOUS
10
1.3193420866141732
20
1.1892881102362205
11
1.3171805118110236
21
1.1871265354330709
0
LINE
8
BLACK
6
CONTINUOUS
10
1.3171805118110236
20
1.1871265354330709
11
1.3142277559055118
21
1.1863353543307087
0
LINE
8
BLACK
6
CONTINUOUS
10
1.3142277559055118
20
1.1863353543307087
11
1.311275
21
1.1871265354330709
0
LINE
8
BLACK
6
CONTINUOUS
10
1.311275
20
1.1871265354330709
11
1.3091134251968504
21
1.1892881102362205
0
LINE
8
BLACK
6
CONTINUOUS
10
1.3091134251968504
20
1.1892881102362205
11
1.3083222440944882
21
1.1922408661417323
0
LINE
8
BLACK
6
CONTINUOUS
10
1.3083222440944882
20
1.1922408661417323
11
1.3083222440944882
21
1.2060203937007874
0
LINE
8
BLACK
6
CONTINUOUS
10
1.3083222440944882
20
1.2060203937007874
11
1.2891996456692913
21
1.2060203937007874
0
LINE
8
BLACK
6
CONTINUOUS
10
1.2891996456692913
20
1.2060203937007874
11
1.2891996456692913
21
1.1838044094488189
0
LINE
8
BLACK
6
CONTINUOUS
10
1.2891996456692913
20
1.1838044094488189
11
1.2884084645669291
21
1.1808516535433071
0
LINE
8
BLACK
6
CONTINUOUS
10
1.2884084645669291
20
1.1808516535433071
11
1.2862468897637795
21
1.1786900787401575
0
LINE
8
BLACK
6
CONTINUOUS
10
1.2862468897637795
20
1.1786900787401575
11
1.2832941338582677
21
1.1778988976377953
0
LINE
8
BLACK
6
CONTINUOUS
10
1.2832941338582677
20
1.1778988976377953
11
1.2803413779527559
21
1.1786900787401575
0
LINE
8
BLACK
6
CONTINUOUS
10
1.2803413779527559
20
1.1786900787401575
11
1.2781798031496063
21
1.1808516535433071
0
LINE
8
BLACK
6
CONTINUOUS
10
1.2781798031496063
20
1.1808516535433071
11
1.2773886220472441
21
1.1838044094488189
0
LINE
8
BLACK
6
CONTINUOUS
10
1.2773886220472441
20
1.1838044094488189
11
1.2773886220472441
21
1.211925905511811
0
LINE
8
BLACK
6
CONTINUOUS
10
1.2773886220472441
20
1.211925905511811
11
1.2781798031496063
21
1.2148786614173228
0
LINE
8
BLACK
6
CONTINUOUS
10
1.2781798031496063
20
1.2148786614173228
11
1.2803413779527559
21
1.2170402362204724
0
LINE
8
BLACK
6
CONTINUOUS
10
1.2803413779527559
20
1.2170402362204724
11
1.2832941338582677
21
1.2178314173228346
0
LINE
8
BLACK
6
CONTINUOUS
10
1.2832941338582677
20
1.2178314173228346
11
1.3423492519685039
21
1.2178314173228346
0
LINE
8
BLACK
6
CONTINUOUS
10
1.3423492519685039
20
1.2178314173228346
11
1.3453020078740157
21
1.2170402362204724
0
LINE
8
BLACK
6
CONTINUOUS
10
0.8453020078740158
20
1.2192280708661416
11
0.8474635826771654
21
1.217066496062992
0
LINE
8
BLACK
6
CONTINUOUS
10
0.8474635826771654
20
1.217066496062992
11
0.8482547637795276
21
1.2141137401574802
0
LINE
8
BLACK
6
CONTINUOUS
10
0.8482547637795276
20
1.2141137401574802
11
0.8482547637795276
21
1.1859922440944881
0
LINE
8
BLACK
6
CONTINUOUS
10
0.8482547637795276
20
1.1859922440944881
11
0.8474635826771654
21
1.1830394881889763
0
LINE
8
BLACK
6
CONTINUOUS
10
0.8474635826771654
20
1.1830394881889763
11
0.8453020078740158
21
1.1808779133858267
0
LINE
8
BLACK
6
CONTINUOUS
10
0.8453020078740158
20
1.1808779133858267
11
0.842349251968504
21
1.1800867322834645
0
LINE
8
BLACK
6
CONTINUOUS
10
0.842349251968504
20
1.1800867322834645
11
0.8393964960629922
21
1.1808779133858267
0
LINE
8
BLACK
6
CONTINUOUS
10
0.8393964960629922
20
1.1808779133858267
11
0.8372349212598424
21
1.1830394881889763
0
LINE
8
BLACK
6
CONTINUOUS
10
0.8372349212598424
20
1.1830394881889763
11
0.8364437401574802
21
1.1859922440944881
0
LINE
8
BLACK
6
CONTINUOUS
10
0.8364437401574802
20
1.1859922440944881
11
0.8364437401574802
21
1.2082082283464566
0
LINE
8
BLACK
6
CONTINUOUS
10
0.8364437401574802
20
1.2082082283464566
11
0.8201332677165354
21
1.2082082283464566
0
LINE
8
BLACK
6
CONTINUOUS
10
0.8201332677165354
20
1.2082082283464566
11
0.8201332677165354
21
1.1944287007874015
0
LINE
8
BLACK
6
CONTINUOUS
10
0.8201332677165354
20
1.1944287007874015
11
0.8193420866141732
21
1.1914759448818897
0
LINE
8
BLACK
6
CONTINUOUS
10
0.8193420866141732
20
1.1914759448818897
11
0.8171805118110236
21
1.1893143700787401
0
LINE
8
BLACK
6
CONTINUOUS
10
0.8171805118110236
20
1.1893143700787401
11
0.8142277559055118
21
1.1885231889763779
0
LINE
8
BLACK
6
CONTINUOUS
10
0.8142277559055118
20
1.1885231889763779
11
0.811275
21
1.1893143700787401
0
LINE
8
BLACK
6
CONTINUOUS
10
0.811275
20
1.1893143700787401
11
0.8091134251968504
21
1.1914759448818897
0
LINE
8
BLACK
6
CONTINUOUS
10
0.8091134251968504
20
1.1914759448818897
11
0.8083222440944882
21
1.1944287007874015
0
LINE
8
BLACK
6
CONTINUOUS
10
0.8083222440944882
20
1.1944287007874015
11
0.8083222440944882
21
1.2082082283464566
0
LINE
8
BLACK
6
CONTINUOUS
10
0.8083222440944882
20
1.2082082283464566
11
0.7832941338582677
21
1.2082082283464566
0
LINE
8
BLACK
6
CONTINUOUS
10
0.7832941338582677
20
1.2082082283464566
11
0.7803413779527559
21
1.2089994094488188
0
LINE
8
BLACK
6
CONTINUOUS
10
0.7803413779527559
20
1.2089994094488188
11
0.7781798031496063
21
1.2111609842519684
0
LINE
8
BLACK
6
CONTINUOUS
10
0.7781798031496063
20
1.2111609842519684
11
0.7773886220472441
21
1.2141137401574802
0
LINE
8
BLACK
6
CONTINUOUS
10
0.7773886220472441
20
1.2141137401574802
11
0.7781798031496063
21
1.217066496062992
0
LINE
8
BLACK
6
CONTINUOUS
10
0.7781798031496063
20
1.217066496062992
11
0.7803413779527559
21
1.2192280708661416
0
LINE
8
BLACK
6
CONTINUOUS
10
0.7803413779527559
20
1.2192280708661416
11
0.7832941338582677
21
1.2200192519685038
0
LINE
8
BLACK
6
CONTINUOUS
10
0.7832941338582677
20
1.2200192519685038
11
0.842349251968504
21
1.2200192519685038
0
LINE
8
BLACK
6
CONTINUOUS
10
0.842349251968504
20
1.2200192519685038
11
0.8453020078740158
21
1.2192280708661416
0
LINE
8
BLACK
6
CONTINUOUS
10
1.0453020078740156
20
1.2220402362204723
11
1.0474635826771654
21
1.2198786614173227
0
LINE
8
BLACK
6
CONTINUOUS
10
1.0474635826771654
20
1.2198786614173227
11
1.0482547637795276
21
1.2169259055118109
0
LINE
8
BLACK
6
CONTINUOUS
10
1.0482547637795276
20
1.2169259055118109
11
1.0482547637795276
21
1.1888044094488188
0
LINE
8
BLACK
6
CONTINUOUS
10
1.0482547637795276
20
1.1888044094488188
11
1.0474635826771654
21
1.185851653543307
0
LINE
8
BLACK
6
CONTINUOUS
10
1.0474635826771654
20
1.185851653543307
11
1.0453020078740156
21
1.1836900787401574
0
LINE
8
BLACK
6
CONTINUOUS
10
1.0453020078740156
20
1.1836900787401574
11
1.0423492519685038
21
1.1828988976377952
0
LINE
8
BLACK
6
CONTINUOUS
10
1.0423492519685038
20
1.1828988976377952
11
1.039396496062992
21
1.1836900787401574
0
LINE
8
BLACK
6
CONTINUOUS
10
1.039396496062992
20
1.1836900787401574
11
1.0372349212598424
21
1.185851653543307
0
LINE
8
BLACK
6
CONTINUOUS
10
1.0372349212598424
20
1.185851653543307
11
1.0364437401574802
21
1.1888044094488188
0
LINE
8
BLACK
6
CONTINUOUS
10
1.0364437401574802
20
1.1888044094488188
11
1.0364437401574802
21
1.2110203937007873
0
LINE
8
BLACK
6
CONTINUOUS
10
1.0364437401574802
20
1.2110203937007873
11
1.0201332677165353
21
1.2110203937007873
0
LINE
8
BLACK
6
CONTINUOUS
10
1.0201332677165353
20
1.2110203937007873
11
1.0201332677165353
21
1.1972408661417322
0
LINE
8
BLACK
6
CONTINUOUS
10
1.0201332677165353
20
1.1972408661417322
11
1.0193420866141731
21
1.1942881102362204
0
LINE
8
BLACK
6
CONTINUOUS
10
1.0193420866141731
20
1.1942881102362204
11
1.0171805118110235
21
1.1921265354330708
0
LINE
8
BLACK
6
CONTINUOUS
10
1.0171805118110235
20
1.1921265354330708
11
1.0142277559055117
21
1.1913353543307086
0
LINE
8
BLACK
6
CONTINUOUS
10
1.0142277559055117
20
1.1913353543307086
11
1.0112749999999999
21
1.1921265354330708
0
LINE
8
BLACK
6
CONTINUOUS
10
1.0112749999999999
20
1.1921265354330708
11
1.0091134251968503
21
1.1942881102362204
0
LINE
8
BLACK
6
CONTINUOUS
10
1.0091134251968503
20
1.1942881102362204
11
1.0083222440944881
21
1.1972408661417322
0
LINE
8
BLACK
6
CONTINUOUS
10
1.0083222440944881
20
1.1972408661417322
11
1.0083222440944881
21
1.2110203937007873
0
LINE
8
BLACK
6
CONTINUOUS
10
1.0083222440944881
20
1.2110203937007873
11
0.9891996456692913
21
1.2110203937007873
0
LINE
8
BLACK
6
CONTINUOUS
10
0.9891996456692913
20
1.2110203937007873
11
0.9891996456692913
21
1.1888044094488188
0
LINE
8
BLACK
6
CONTINUOUS
10
0.9891996456692913
20
1.1888044094488188
11
0.9884084645669291
21
1.185851653543307
0
LINE
8
BLACK
6
CONTINUOUS
10
0.9884084645669291
20
1.185851653543307
11
0.9862468897637795
21
1.1836900787401574
0
LINE
8
BLACK
6
CONTINUOUS
10
0.9862468897637795
20
1.1836900787401574
11
0.9832941338582677
21
1.1828988976377952
0
LINE
8
BLACK
6
CONTINUOUS
10
0.9832941338582677
20
1.1828988976377952
11
0.9803413779527559
21
1.1836900787401574
0
LINE
8
BLACK
6
CONTINUOUS
10
0.9803413779527559
20
1.1836900787401574
11
0.9781798031496063
21
1.185851653543307
0
LINE
8
BLACK
6
CONTINUOUS
10
0.9781798031496063
20
1.185851653543307
11
0.9773886220472441
21
1.1888044094488188
0
LINE
8
BLACK
6
CONTINUOUS
10
0.9773886220472441
20
1.1888044094488188
11
0.9773886220472441
21
1.2169259055118109
0
LINE
8
BLACK
6
CONTINUOUS
10
0.9773886220472441
20
1.2169259055118109
11
0.9781798031496063
21
1.2198786614173227
0
LINE
8
BLACK
6
CONTINUOUS
10
0.9781798031496063
20
1.2198786614173227
11
0.9803413779527559
21
1.2220402362204723
0
LINE
8
BLACK
6
CONTINUOUS
10
0.9803413779527559
20
1.2220402362204723
11
0.9832941338582677
21
1.2228314173228345
0
LINE
8
BLACK
6
CONTINUOUS
10
0.9832941338582677
20
1.2228314173228345
11
1.0423492519685038
21
1.2228314173228345
0
LINE
8
BLACK
6
CONTINUOUS
10
1.0423492519685038
20
1.2228314173228345
11
1.0453020078740156
21
1.2220402362204723
0
LINE
8
BLACK
6
CONTINUOUS
10
0.6403020078740157
20
1.2370402362204724
11
0.6424635826771653
21
1.2348786614173228
0
LINE
8
BLACK
6
CONTINUOUS
10
0.6424635826771653
20
1.2348786614173228
11
0.6432547637795275
21
1.231925905511811
0
LINE
8
BLACK
6
CONTINUOUS
10
0.6432547637795275
20
1.231925905511811
11
0.6432547637795275
21
1.2038044094488189
0
LINE
8
BLACK
6
CONTINUOUS
10
0.6432547637795275
20
1.2038044094488189
11
0.6424635826771653
21
1.2008516535433071
0
LINE
8
BLACK
6
CONTINUOUS
10
0.6424635826771653
20
1.2008516535433071
11
0.6403020078740157
21
1.1986900787401575
0
LINE
8
BLACK
6
CONTINUOUS
10
0.6403020078740157
20
1.1986900787401575
11
0.6373492519685039
21
1.1978988976377953
0
LINE
8
BLACK
6
CONTINUOUS
10
0.6373492519685039
20
1.1978988976377953
11
0.6343964960629921
21
1.1986900787401575
0
LINE
8
BLACK
6
CONTINUOUS
10
0.6343964960629921
20
1.1986900787401575
11
0.6322349212598425
21
1.2008516535433071
0
LINE
8
BLACK
6
CONTINUOUS
10
0.6322349212598425
20
1.2008516535433071
11
0.6314437401574803
21
1.2038044094488189
0
LINE
8
BLACK
6
CONTINUOUS
10
0.6314437401574803
20
1.2038044094488189
11
0.6314437401574803
21
1.2260203937007874
0
LINE
8
BLACK
6
CONTINUOUS
10
0.6314437401574803
20
1.2260203937007874
11
0.6151332677165354
21
1.2260203937007874
0
LINE
8
BLACK
6
CONTINUOUS
10
0.6151332677165354
20
1.2260203937007874
11
0.6151332677165354
21
1.2122408661417323
0
LINE
8
BLACK
6
CONTINUOUS
10
0.6151332677165354
20
1.2122408661417323
11
0.6143420866141732
21
1.2092881102362205
0
LINE
8
BLACK
6
CONTINUOUS
10
0.6143420866141732
20
1.2092881102362205
11
0.6121805118110236
21
1.2071265354330709
0
LINE
8
BLACK
6
CONTINUOUS
10
0.6121805118110236
20
1.2071265354330709
11
0.6092277559055118
21
1.2063353543307087
0
LINE
8
BLACK
6
CONTINUOUS
10
0.6092277559055118
20
1.2063353543307087
11
0.606275
21
1.2071265354330709
0
LINE
8
BLACK
6
CONTINUOUS
10
0.606275
20
1.2071265354330709
11
0.6041134251968504
21
1.2092881102362205
0
LINE
8
BLACK
6
CONTINUOUS
10
0.6041134251968504
20
1.2092881102362205
11
0.6033222440944882
21
1.2122408661417323
0
LINE
8
BLACK
6
CONTINUOUS
10
0.6033222440944882
20
1.2122408661417323
11
0.6033222440944882
21
1.2260203937007874
0
LINE
8
BLACK
6
CONTINUOUS
10
0.6033222440944882
20
1.2260203937007874
11
0.5841996456692913
21
1.2260203937007874
0
LINE
8
BLACK
6
CONTINUOUS
10
0.5841996456692913
20
1.2260203937007874
11
0.5841996456692913
21
1.2038044094488189
0
LINE
8
BLACK
6
CONTINUOUS
10
0.5841996456692913
20
1.2038044094488189
11
0.5834084645669291
21
1.2008516535433071
0
LINE
8
BLACK
6
CONTINUOUS
10
0.5834084645669291
20
1.2008516535433071
11
0.5812468897637795
21
1.1986900787401575
0
LINE
8
BLACK
6
CONTINUOUS
10
0.5812468897637795
20
1.1986900787401575
11
0.5782941338582677
21
1.1978988976377953
0
LINE
8
BLACK
6
CONTINUOUS
10
0.5782941338582677
20
1.1978988976377953
11
0.5753413779527559
21
1.1986900787401575
0
LINE
8
BLACK
6
CONTINUOUS
10
0.5753413779527559
20
1.1986900787401575
11
0.5731798031496063
21
1.2008516535433071
0
LINE
8
BLACK
6
CONTINUOUS
10
0.5731798031496063
20
1.2008516535433071
11
0.5723886220472441
21
1.2038044094488189
0
LINE
8
BLACK
6
CONTINUOUS
10
0.5723886220472441
20
1.2038044094488189
11
0.5723886220472441
21
1.231925905511811
0
LINE
8
BLACK
6
CONTINUOUS
10
0.5723886220472441
20
1.231925905511811
11
0.5731798031496063
21
1.2348786614173228
0
LINE
8
BLACK
6
CONTINUOUS
10
0.5731798031496063
20
1.2348786614173228
11
0.5753413779527559
21
1.2370402362204724
0
LINE
8
BLACK
6
CONTINUOUS
10
0.5753413779527559
20
1.2370402362204724
11
0.5782941338582677
21
1.2378314173228346
0
LINE
8
BLACK
6
CONTINUOUS
10
0.5782941338582677
20
1.2378314173228346
11
0.6373492519685039
21
1.2378314173228346
0
LINE
8
BLACK
6
CONTINUOUS
10
0.6373492519685039
20
1.2378314173228346
11
0.6403020078740157
21
1.2370402362204724
0
LINE
8
BLACK
6
CONTINUOUS
10
0.7423623228346456
20
1.2509493307086614
11
0.7423755511811023
21
1.2509528346456693
0
LINE
8
BLACK
6
CONTINUOUS
10
0.7423755511811023
20
1.2509528346456693
11
0.7438413385826772
21
1.2505530314960629
0
LINE
8
BLACK
6
CONTINUOUS
10
0.7438413385826772
20
1.2505530314960629
11
0.7453020078740157
21
1.2501616929133859
0
LINE
8
BLACK
6
CONTINUOUS
10
0.7453020078740157
20
1.2501616929133859
11
0.7453115748031496
21
1.2501520866141731
0
LINE
8
BLACK
6
CONTINUOUS
10
0.7453115748031496
20
1.2501520866141731
11
0.7453247637795275
21
1.2501485039370079
0
LINE
8
BLACK
6
CONTINUOUS
10
0.7453247637795275
20
1.2501485039370079
11
0.7463940944881889
21
1.2490695669291338
0
LINE
8
BLACK
6
CONTINUOUS
10
0.7463940944881889
20
1.2490695669291338
11
0.7474635826771653
21
1.2480001181102363
0
LINE
8
BLACK
6
CONTINUOUS
10
0.7474635826771653
20
1.2480001181102363
11
0.7474670866141732
21
1.2479869685039371
0
LINE
8
BLACK
6
CONTINUOUS
10
0.7474670866141732
20
1.2479869685039371
11
0.7474766929133858
21
1.2479773228346456
0
LINE
8
BLACK
6
CONTINUOUS
10
0.7474766929133858
20
1.2479773228346456
11
0.7478633858267716
21
1.2465079527559055
0
LINE
8
BLACK
6
CONTINUOUS
10
0.7478633858267716
20
1.2465079527559055
11
0.7482547637795275
21
1.2450473622047245
0
LINE
8
BLACK
6
CONTINUOUS
10
0.7482547637795275
20
1.2450473622047245
11
0.748251220472441
21
1.2450342519685038
0
LINE
8
BLACK
6
CONTINUOUS
10
0.748251220472441
20
1.2450342519685038
11
0.7482547244094488
21
1.2450210629921259
0
LINE
8
BLACK
6
CONTINUOUS
10
0.7482547244094488
20
1.2450210629921259
11
0.7478549212598425
21
1.2435552362204725
0
LINE
8
BLACK
6
CONTINUOUS
10
0.7478549212598425
20
1.2435552362204725
11
0.7474635826771653
21
1.2420946062992126
0
LINE
8
BLACK
6
CONTINUOUS
10
0.7474635826771653
20
1.2420946062992126
11
0.7474539763779527
21
1.2420849999999999
0
LINE
8
BLACK
6
CONTINUOUS
10
0.7474539763779527
20
1.2420849999999999
11
0.7474503937007874
21
1.2420718503937007
0
LINE
8
BLACK
6
CONTINUOUS
10
0.7474503937007874
20
1.2420718503937007
11
0.7463736614173229
21
1.2410046850393701
0
LINE
8
BLACK
6
CONTINUOUS
10
0.7463736614173229
20
1.2410046850393701
11
0.7453020078740157
21
1.239933031496063
0
LINE
8
BLACK
6
CONTINUOUS
10
0.7453020078740157
20
1.239933031496063
11
0.7452888188976378
21
1.2399294881889764
0
LINE
8
BLACK
6
CONTINUOUS
10
0.7452888188976378
20
1.2399294881889764
11
0.7452792125984252
21
1.2399199606299212
0
LINE
8
BLACK
6
CONTINUOUS
10
0.7452792125984252
20
1.2399199606299212
11
0.7055316929133858
21
1.2172070866141731
0
LINE
8
BLACK
6
CONTINUOUS
10
0.7055316929133858
20
1.2172070866141731
11
0.7423492519685039
21
1.2172070866141731
0
LINE
8
BLACK
6
CONTINUOUS
10
0.7423492519685039
20
1.2172070866141731
11
0.7453020078740157
21
1.2164159055118109
0
LINE
8
BLACK
6
CONTINUOUS
10
0.7453020078740157
20
1.2164159055118109
11
0.7474635826771653
21
1.2142543307086613
0
LINE
8
BLACK
6
CONTINUOUS
10
0.7474635826771653
20
1.2142543307086613
11
0.7482547637795275
21
1.2113015748031495
0
LINE
8
BLACK
6
CONTINUOUS
10
0.7482547637795275
20
1.2113015748031495
11
0.7474635826771653
21
1.2083488188976377
0
LINE
8
BLACK
6
CONTINUOUS
10
0.7474635826771653
20
1.2083488188976377
11
0.7453020078740157
21
1.2061872440944881
0
LINE
8
BLACK
6
CONTINUOUS
10
0.7453020078740157
20
1.2061872440944881
11
0.7423492519685039
21
1.2053960629921259
0
LINE
8
BLACK
6
CONTINUOUS
10
0.7423492519685039
20
1.2053960629921259
11
0.6832941338582676
21
1.2053960629921259
0
LINE
8
BLACK
6
CONTINUOUS
10
0.6832941338582676
20
1.2053960629921259
11
0.6832810236220472
21
1.2053995669291337
0
LINE
8
BLACK
6
CONTINUOUS
10
0.6832810236220472
20
1.2053995669291337
11
0.6832678346456693
21
1.2053961023622046
0
LINE
8
BLACK
6
CONTINUOUS
10
0.6832678346456693
20
1.2053961023622046
11
0.6818020078740157
21
1.2057958661417323
0
LINE
8
BLACK
6
CONTINUOUS
10
0.6818020078740157
20
1.2057958661417323
11
0.6803413779527558
21
1.2061872440944881
0
LINE
8
BLACK
6
CONTINUOUS
10
0.6803413779527558
20
1.2061872440944881
11
0.6803317716535433
21
1.2061968110236221
0
LINE
8
BLACK
6
CONTINUOUS
10
0.6803317716535433
20
1.2061968110236221
11
0.680318622047244
21
1.2062004330708662
0
LINE
8
BLACK
6
CONTINUOUS
10
0.680318622047244
20
1.2062004330708662
11
0.6792514566929134
21
1.2072771259842519
0
LINE
8
BLACK
6
CONTINUOUS
10
0.6792514566929134
20
1.2072771259842519
11
0.6781798031496062
21
1.2083488188976377
0
LINE
8
BLACK
6
CONTINUOUS
10
0.6781798031496062
20
1.2083488188976377
11
0.6781762598425197
21
1.2083619685039371
0
LINE
8
BLACK
6
CONTINUOUS
10
0.6781762598425197
20
1.2083619685039371
11
0.6781667322834646
21
1.2083716141732284
0
LINE
8
BLACK
6
CONTINUOUS
10
0.6781667322834646
20
1.2083716141732284
11
0.6777811023622047
21
1.2098367716535432
0
LINE
8
BLACK
6
CONTINUOUS
10
0.6777811023622047
20
1.2098367716535432
11
0.677388622047244
21
1.2113015748031495
0
LINE
8
BLACK
6
CONTINUOUS
10
0.677388622047244
20
1.2113015748031495
11
0.6773921259842519
21
1.2113146456692914
0
LINE
8
BLACK
6
CONTINUOUS
10
0.6773921259842519
20
1.2113146456692914
11
0.6773886614173228
21
1.211327874015748
0
LINE
8
BLACK
6
CONTINUOUS
10
0.6773886614173228
20
1.211327874015748
11
0.6777884251968503
21
1.2127936614173227
0
LINE
8
BLACK
6
CONTINUOUS
10
0.6777884251968503
20
1.2127936614173227
11
0.6781798031496062
21
1.2142543307086613
0
LINE
8
BLACK
6
CONTINUOUS
10
0.6781798031496062
20
1.2142543307086613
11
0.6781893700787401
21
1.2142638976377953
0
LINE
8
BLACK
6
CONTINUOUS
10
0.6781893700787401
20
1.2142638976377953
11
0.6781929921259843
21
1.2142770866141732
0
LINE
8
BLACK
6
CONTINUOUS
10
0.6781929921259843
20
1.2142770866141732
11
0.67926968503937
21
1.2153442125984251
0
LINE
8
BLACK
6
CONTINUOUS
10
0.67926968503937
20
1.2153442125984251
11
0.6803413779527558
21
1.2164159055118109
0
LINE
8
BLACK
6
CONTINUOUS
10
0.6803413779527558
20
1.2164159055118109
11
0.6803545275590551
21
1.2164194094488188
0
LINE
8
BLACK
6
CONTINUOUS
10
0.6803545275590551
20
1.2164194094488188
11
0.6803641732283464
21
1.2164289763779528
0
LINE
8
BLACK
6
CONTINUOUS
10
0.6803641732283464
20
1.2164289763779528
11
0.7201116535433071
21
1.2391418503937008
0
LINE
8
BLACK
6
CONTINUOUS
10
0.7201116535433071
20
1.2391418503937008
11
0.6832941338582676
21
1.2391418503937008
0
LINE
8
BLACK
6
CONTINUOUS
10
0.6832941338582676
20
1.2391418503937008
11
0.6803413779527558
21
1.239933031496063
0
LINE
8
BLACK
6
CONTINUOUS
10
0.6803413779527558
20
1.239933031496063
11
0.6781798031496062
21
1.2420946062992126
0
LINE
8
BLACK
6
CONTINUOUS
10
0.6781798031496062
20
1.2420946062992126
11
0.677388622047244
21
1.2450473622047245
0
LINE
8
BLACK
6
CONTINUOUS
10
0.677388622047244
20
1.2450473622047245
11
0.6781798031496062
21
1.2480001181102363
0
LINE
8
BLACK
6
CONTINUOUS
10
0.6781798031496062
20
1.2480001181102363
11
0.6803413779527558
21
1.2501616929133859
0
LINE
8
BLACK
6
CONTINUOUS
10
0.6803413779527558
20
1.2501616929133859
11
0.6832941338582676
21
1.2509528740157481
0
LINE
8
BLACK
6
CONTINUOUS
10
0.6832941338582676
20
1.2509528740157481
11
0.7423492519685039
21
1.2509528740157481
0
LINE
8
BLACK
6
CONTINUOUS
10
0.7423492519685039
20
1.2509528740157481
11
0.7423623228346456
21
1.2509493307086614
0
LINE
8
BLACK
6
CONTINUOUS
10
0.9423623228346456
20
1.2509493307086614
11
0.9423755511811024
21
1.2509528346456693
0
LINE
8
BLACK
6
CONTINUOUS
10
0.9423755511811024
20
1.2509528346456693
11
0.9438413385826772
21
1.2505530314960629
0
LINE
8
BLACK
6
CONTINUOUS
10
0.9438413385826772
20
1.2505530314960629
11
0.9453020078740157
21
1.2501616929133859
0
LINE
8
BLACK
6
CONTINUOUS
10
0.9453020078740157
20
1.2501616929133859
11
0.9453115748031495
21
1.2501520866141731
0
LINE
8
BLACK
6
CONTINUOUS
10
0.9453115748031495
20
1.2501520866141731
11
0.9453247637795276
21
1.2501485039370079
0
LINE
8
BLACK
6
CONTINUOUS
10
0.9453247637795276
20
1.2501485039370079
11
0.946394094488189
21
1.2490695669291338
0
LINE
8
BLACK
6
CONTINUOUS
10
0.946394094488189
20
1.2490695669291338
11
0.9474635826771654
21
1.2480001181102363
0
LINE
8
BLACK
6
CONTINUOUS
10
0.9474635826771654
20
1.2480001181102363
11
0.9474670866141732
21
1.2479869685039371
0
LINE
8
BLACK
6
CONTINUOUS
10
0.9474670866141732
20
1.2479869685039371
11
0.9474766929133858
21
1.2479773228346456
0
LINE
8
BLACK
6
CONTINUOUS
10
0.9474766929133858
20
1.2479773228346456
11
0.9478633858267717
21
1.2465079527559055
0
LINE
8
BLACK
6
CONTINUOUS
10
0.9478633858267717
20
1.2465079527559055
11
0.9482547637795276
21
1.2450473622047245
0
LINE
8
BLACK
6
CONTINUOUS
10
0.9482547637795276
20
1.2450473622047245
11
0.9482512204724409
21
1.2450342519685038
0
LINE
8
BLACK
6
CONTINUOUS
10
0.9482512204724409
20
1.2450342519685038
11
0.9482547244094488
21
1.2450210629921259
0
LINE
8
BLACK
6
CONTINUOUS
10
0.9482547244094488
20
1.2450210629921259
11
0.9478549212598425
21
1.2435552362204725
0
LINE
8
BLACK
6
CONTINUOUS
10
0.9478549212598425
20
1.2435552362204725
11
0.9474635826771654
21
1.2420946062992126
0
LINE
8
BLACK
6
CONTINUOUS
10
0.9474635826771654
20
1.2420946062992126
11
0.9474539763779527
21
1.2420849999999999
0
LINE
8
BLACK
6
CONTINUOUS
10
0.9474539763779527
20
1.2420849999999999
11
0.9474503937007874
21
1.2420718503937007
0
LINE
8
BLACK
6
CONTINUOUS
10
0.9474503937007874
20
1.2420718503937007
11
0.9463736614173228
21
1.2410046850393701
0
LINE
8
BLACK
6
CONTINUOUS
10
0.9463736614173228
20
1.2410046850393701
11
0.9453020078740157
21
1.239933031496063
0
LINE
8
BLACK
6
CONTINUOUS
10
0.9453020078740157
20
1.239933031496063
11
0.9452888188976378
21
1.2399294881889764
0
LINE
8
BLACK
6
CONTINUOUS
10
0.9452888188976378
20
1.2399294881889764
11
0.9452792125984252
21
1.2399199606299212
0
LINE
8
BLACK
6
CONTINUOUS
10
0.9452792125984252
20
1.2399199606299212
11
0.9055316929133858
21
1.2172070866141731
0
LINE
8
BLACK
6
CONTINUOUS
10
0.9055316929133858
20
1.2172070866141731
11
0.9423492519685039
21
1.2172070866141731
0
LINE
8
BLACK
6
CONTINUOUS
10
0.9423492519685039
20
1.2172070866141731
11
0.9453020078740157
21
1.2164159055118109
0
LINE
8
BLACK
6
CONTINUOUS
10
0.9453020078740157
20
1.2164159055118109
11
0.9474635826771654
21
1.2142543307086613
0
LINE
8
BLACK
6
CONTINUOUS
10
0.9474635826771654
20
1.2142543307086613
11
0.9482547637795276
21
1.2113015748031495
0
LINE
8
BLACK
6
CONTINUOUS
10
0.9482547637795276
20
1.2113015748031495
11
0.9474635826771654
21
1.2083488188976377
0
LINE
8
BLACK
6
CONTINUOUS
10
0.9474635826771654
20
1.2083488188976377
11
0.9453020078740157
21
1.2061872440944881
0
LINE
8
BLACK
6
CONTINUOUS
10
0.9453020078740157
20
1.2061872440944881
11
0.9423492519685039
21
1.2053960629921259
0
LINE
8
BLACK
6
CONTINUOUS
10
0.9423492519685039
20
1.2053960629921259
11
0.8832941338582677
21
1.2053960629921259
0
LINE
8
BLACK
6
CONTINUOUS
10
0.8832941338582677
20
1.2053960629921259
11
0.8832810236220472
21
1.2053995669291337
0
LINE
8
BLACK
6
CONTINUOUS
10
0.8832810236220472
20
1.2053995669291337
11
0.8832678346456693
21
1.2053961023622046
0
LINE
8
BLACK
6
CONTINUOUS
10
0.8832678346456693
20
1.2053961023622046
11
0.8818020078740157
21
1.2057958661417323
0
LINE
8
BLACK
6
CONTINUOUS
10
0.8818020078740157
20
1.2057958661417323
11
0.8803413779527559
21
1.2061872440944881
0
LINE
8
BLACK
6
CONTINUOUS
10
0.8803413779527559
20
1.2061872440944881
11
0.8803317716535433
21
1.2061968110236221
0
LINE
8
BLACK
6
CONTINUOUS
10
0.8803317716535433
20
1.2061968110236221
11
0.8803186220472441
21
1.2062004330708662
0
LINE
8
BLACK
6
CONTINUOUS
10
0.8803186220472441
20
1.2062004330708662
11
0.8792514566929134
21
1.2072771259842519
0
LINE
8
BLACK
6
CONTINUOUS
10
0.8792514566929134
20
1.2072771259842519
11
0.8781798031496063
21
1.2083488188976377
0
LINE
8
BLACK
6
CONTINUOUS
10
0.8781798031496063
20
1.2083488188976377
11
0.8781762598425197
21
1.2083619685039371
0
LINE
8
BLACK
6
CONTINUOUS
10
0.8781762598425197
20
1.2083619685039371
11
0.8781667322834645
21
1.2083716141732284
0
LINE
8
BLACK
6
CONTINUOUS
10
0.8781667322834645
20
1.2083716141732284
11
0.8777811023622047
21
1.2098367716535432
0
LINE
8
BLACK
6
CONTINUOUS
10
0.8777811023622047
20
1.2098367716535432
11
0.8773886220472441
21
1.2113015748031495
0
LINE
8
BLACK
6
CONTINUOUS
10
0.8773886220472441
20
1.2113015748031495
11
0.877392125984252
21
1.2113146456692914
0
LINE
8
BLACK
6
CONTINUOUS
10
0.877392125984252
20
1.2113146456692914
11
0.8773886614173229
21
1.211327874015748
0
LINE
8
BLACK
6
CONTINUOUS
10
0.8773886614173229
20
1.211327874015748
11
0.8777884251968504
21
1.2127936614173227
0
LINE
8
BLACK
6
CONTINUOUS
10
0.8777884251968504
20
1.2127936614173227
11
0.8781798031496063
21
1.2142543307086613
0
LINE
8
BLACK
6
CONTINUOUS
10
0.8781798031496063
20
1.2142543307086613
11
0.8781893700787401
21
1.2142638976377953
0
LINE
8
BLACK
6
CONTINUOUS
10
0.8781893700787401
20
1.2142638976377953
11
0.8781929921259842
21
1.2142770866141732
0
LINE
8
BLACK
6
CONTINUOUS
10
0.8781929921259842
20
1.2142770866141732
11
0.8792696850393701
21
1.2153442125984251
0
LINE
8
BLACK
6
CONTINUOUS
10
0.8792696850393701
20
1.2153442125984251
11
0.8803413779527559
21
1.2164159055118109
0
LINE
8
BLACK
6
CONTINUOUS
10
0.8803413779527559
20
1.2164159055118109
11
0.8803545275590551
21
1.2164194094488188
0
LINE
8
BLACK
6
CONTINUOUS
10
0.8803545275590551
20
1.2164194094488188
11
0.8803641732283465
21
1.2164289763779528
0
LINE
8
BLACK
6
CONTINUOUS
10
0.8803641732283465
20
1.2164289763779528
11
0.920111653543307
21
1.2391418503937008
0
LINE
8
BLACK
6
CONTINUOUS
10
0.920111653543307
20
1.2391418503937008
11
0.8832941338582677
21
1.2391418503937008
0
LINE
8
BLACK
6
CONTINUOUS
10
0.8832941338582677
20
1.2391418503937008
11
0.8803413779527559
21
1.239933031496063
0
LINE
8
BLACK
6
CONTINUOUS
10
0.8803413779527559
20
1.239933031496063
11
0.8781798031496063
21
1.2420946062992126
0
LINE
8
BLACK
6
CONTINUOUS
10
0.8781798031496063
20
1.2420946062992126
11
0.8773886220472441
21
1.2450473622047245
0
LINE
8
BLACK
6
CONTINUOUS
10
0.8773886220472441
20
1.2450473622047245
11
0.8781798031496063
21
1.2480001181102363
0
LINE
8
BLACK
6
CONTINUOUS
10
0.8781798031496063
20
1.2480001181102363
11
0.8803413779527559
21
1.2501616929133859
0
LINE
8
BLACK
6
CONTINUOUS
10
0.8803413779527559
20
1.2501616929133859
11
0.8832941338582677
21
1.2509528740157481
0
LINE
8
BLACK
6
CONTINUOUS
10
0.8832941338582677
20
1.2509528740157481
11
0.9423492519685039
21
1.2509528740157481
0
LINE
8
BLACK
6
CONTINUOUS
10
0.9423492519685039
20
1.2509528740157481
11
0.9423623228346456
21
1.2509493307086614
0
LINE
8
BLACK
6
CONTINUOUS
10
1.1373623228346457
20
1.2509493307086614
11
1.1373755511811023
21
1.2509528346456693
0
LINE
8
BLACK
6
CONTINUOUS
10
1.1373755511811023
20
1.2509528346456693
11
1.1388413385826772
21
1.2505530314960629
0
LINE
8
BLACK
6
CONTINUOUS
10
1.1388413385826772
20
1.2505530314960629
11
1.1403020078740158
21
1.2501616929133859
0
LINE
8
BLACK
6
CONTINUOUS
10
1.1403020078740158
20
1.2501616929133859
11
1.1403115748031496
21
1.2501520866141731
0
LINE
8
BLACK
6
CONTINUOUS
10
1.1403115748031496
20
1.2501520866141731
11
1.1403247637795275
21
1.2501485039370079
0
LINE
8
BLACK
6
CONTINUOUS
10
1.1403247637795275
20
1.2501485039370079
11
1.1413940944881888
21
1.2490695669291338
0
LINE
8
BLACK
6
CONTINUOUS
10
1.1413940944881888
20
1.2490695669291338
11
1.1424635826771654
21
1.2480001181102363
0
LINE
8
BLACK
6
CONTINUOUS
10
1.1424635826771654
20
1.2480001181102363
11
1.1424670866141733
21
1.2479869685039371
0
LINE
8
BLACK
6
CONTINUOUS
10
1.1424670866141733
20
1.2479869685039371
11
1.1424766929133858
21
1.2479773228346456
0
LINE
8
BLACK
6
CONTINUOUS
10
1.1424766929133858
20
1.2479773228346456
11
1.1428633858267716
21
1.2465079527559055
0
LINE
8
BLACK
6
CONTINUOUS
10
1.1428633858267716
20
1.2465079527559055
11
1.1432547637795276
21
1.2450473622047245
0
LINE
8
BLACK
6
CONTINUOUS
10
1.1432547637795276
20
1.2450473622047245
11
1.143251220472441
21
1.2450342519685038
0
LINE
8
BLACK
6
CONTINUOUS
10
1.143251220472441
20
1.2450342519685038
11
1.1432547244094489
21
1.2450210629921259
0
LINE
8
BLACK
6
CONTINUOUS
10
1.1432547244094489
20
1.2450210629921259
11
1.1428549212598424
21
1.2435552362204725
0
LINE
8
BLACK
6
CONTINUOUS
10
1.1428549212598424
20
1.2435552362204725
11
1.1424635826771654
21
1.2420946062992126
0
LINE
8
BLACK
6
CONTINUOUS
10
1.1424635826771654
20
1.2420946062992126
11
1.1424539763779527
21
1.2420849999999999
0
LINE
8
BLACK
6
CONTINUOUS
10
1.1424539763779527
20
1.2420849999999999
11
1.1424503937007873
21
1.2420718503937007
0
LINE
8
BLACK
6
CONTINUOUS
10
1.1424503937007873
20
1.2420718503937007
11
1.1413736614173229
21
1.2410046850393701
0
LINE
8
BLACK
6
CONTINUOUS
10
1.1413736614173229
20
1.2410046850393701
11
1.1403020078740158
21
1.239933031496063
0
LINE
8
BLACK
6
CONTINUOUS
10
1.1403020078740158
20
1.239933031496063
11
1.1402888188976377
21
1.2399294881889764
0
LINE
8
BLACK
6
CONTINUOUS
10
1.1402888188976377
20
1.2399294881889764
11
1.1402792125984251
21
1.2399199606299212
0
LINE
8
BLACK
6
CONTINUOUS
10
1.1402792125984251
20
1.2399199606299212
11
1.1005316929133857
21
1.2172070866141731
0
LINE
8
BLACK
6
CONTINUOUS
10
1.1005316929133857
20
1.2172070866141731
11
1.137349251968504
21
1.2172070866141731
0
LINE
8
BLACK
6
CONTINUOUS
10
1.137349251968504
20
1.2172070866141731
11
1.1403020078740158
21
1.2164159055118109
0
LINE
8
BLACK
6
CONTINUOUS
10
1.1403020078740158
20
1.2164159055118109
11
1.1424635826771654
21
1.2142543307086613
0
LINE
8
BLACK
6
CONTINUOUS
10
1.1424635826771654
20
1.2142543307086613
11
1.1432547637795276
21
1.2113015748031495
0
LINE
8
BLACK
6
CONTINUOUS
10
1.1432547637795276
20
1.2113015748031495
11
1.1424635826771654
21
1.2083488188976377
0
LINE
8
BLACK
6
CONTINUOUS
10
1.1424635826771654
20
1.2083488188976377
11
1.1403020078740158
21
1.2061872440944881
0
LINE
8
BLACK
6
CONTINUOUS
10
1.1403020078740158
20
1.2061872440944881
11
1.137349251968504
21
1.2053960629921259
0
LINE
8
BLACK
6
CONTINUOUS
10
1.137349251968504
20
1.2053960629921259
11
1.0782941338582677
21
1.2053960629921259
0
LINE
8
BLACK
6
CONTINUOUS
10
1.0782941338582677
20
1.2053960629921259
11
1.0782810236220473
21
1.2053995669291337
0
LINE
8
BLACK
6
CONTINUOUS
10
1.0782810236220473
20
1.2053995669291337
11
1.0782678346456693
21
1.2053961023622046
0
LINE
8
BLACK
6
CONTINUOUS
10
1.0782678346456693
20
1.2053961023622046
11
1.0768020078740157
21
1.2057958661417323
0
LINE
8
BLACK
6
CONTINUOUS
10
1.0768020078740157
20
1.2057958661417323
11
1.0753413779527559
21
1.2061872440944881
0
LINE
8
BLACK
6
CONTINUOUS
10
1.0753413779527559
20
1.2061872440944881
11
1.0753317716535433
21
1.2061968110236221
0
LINE
8
BLACK
6
CONTINUOUS
10
1.0753317716535433
20
1.2061968110236221
11
1.0753186220472442
21
1.2062004330708662
0
LINE
8
BLACK
6
CONTINUOUS
10
1.0753186220472442
20
1.2062004330708662
11
1.0742514566929133
21
1.2072771259842519
0
LINE
8
BLACK
6
CONTINUOUS
10
1.0742514566929133
20
1.2072771259842519
11
1.0731798031496063
21
1.2083488188976377
0
LINE
8
BLACK
6
CONTINUOUS
10
1.0731798031496063
20
1.2083488188976377
11
1.0731762598425196
21
1.2083619685039371
0
LINE
8
BLACK
6
CONTINUOUS
10
1.0731762598425196
20
1.2083619685039371
11
1.0731667322834646
21
1.2083716141732284
0
LINE
8
BLACK
6
CONTINUOUS
10
1.0731667322834646
20
1.2083716141732284
11
1.0727811023622047
21
1.2098367716535432
0
LINE
8
BLACK
6
CONTINUOUS
10
1.0727811023622047
20
1.2098367716535432
11
1.0723886220472441
21
1.2113015748031495
0
LINE
8
BLACK
6
CONTINUOUS
10
1.0723886220472441
20
1.2113015748031495
11
1.0723921259842519
21
1.2113146456692914
0
LINE
8
BLACK
6
CONTINUOUS
10
1.0723921259842519
20
1.2113146456692914
11
1.0723886614173228
21
1.211327874015748
0
LINE
8
BLACK
6
CONTINUOUS
10
1.0723886614173228
20
1.211327874015748
11
1.0727884251968505
21
1.2127936614173227
0
LINE
8
BLACK
6
CONTINUOUS
10
1.0727884251968505
20
1.2127936614173227
11
1.0731798031496063
21
1.2142543307086613
0
LINE
8
BLACK
6
CONTINUOUS
10
1.0731798031496063
20
1.2142543307086613
11
1.07318937007874
21
1.2142638976377953
0
LINE
8
BLACK
6
CONTINUOUS
10
1.07318937007874
20
1.2142638976377953
11
1.0731929921259842
21
1.2142770866141732
0
LINE
8
BLACK
6
CONTINUOUS
10
1.0731929921259842
20
1.2142770866141732
11
1.07426968503937
21
1.2153442125984251
0
LINE
8
BLACK
6
CONTINUOUS
10
1.07426968503937
20
1.2153442125984251
11
1.0753413779527559
21
1.2164159055118109
0
LINE
8
BLACK
6
CONTINUOUS
10
1.0753413779527559
20
1.2164159055118109
11
1.075354527559055
21
1.2164194094488188
0
LINE
8
BLACK
6
CONTINUOUS
10
1.075354527559055
20
1.2164194094488188
11
1.0753641732283465
21
1.2164289763779528
0
LINE
8
BLACK
6
CONTINUOUS
10
1.0753641732283465
20
1.2164289763779528
11
1.115111653543307
21
1.2391418503937008
0
LINE
8
BLACK
6
CONTINUOUS
10
1.115111653543307
20
1.2391418503937008
11
1.0782941338582677
21
1.2391418503937008
0
LINE
8
BLACK
6
CONTINUOUS
10
1.0782941338582677
20
1.2391418503937008
11
1.0753413779527559
21
1.239933031496063
0
LINE
8
BLACK
6
CONTINUOUS
10
1.0753413779527559
20
1.239933031496063
11
1.0731798031496063
21
1.2420946062992126
0
LINE
8
BLACK
6
CONTINUOUS
10
1.0731798031496063
20
1.2420946062992126
11
1.0723886220472441
21
1.2450473622047245
0
LINE
8
BLACK
6
CONTINUOUS
10
1.0723886220472441
20
1.2450473622047245
11
1.0731798031496063
21
1.2480001181102363
0
LINE
8
BLACK
6
CONTINUOUS
10
1.0731798031496063
20
1.2480001181102363
11
1.0753413779527559
21
1.2501616929133859
0
LINE
8
BLACK
6
CONTINUOUS
10
1.0753413779527559
20
1.2501616929133859
11
1.0782941338582677
21
1.2509528740157481
0
LINE
8
BLACK
6
CONTINUOUS
10
1.0782941338582677
20
1.2509528740157481
11
1.137349251968504
21
1.2509528740157481
0
LINE
8
BLACK
6
CONTINUOUS
10
1.137349251968504
20
1.2509528740157481
11
1.1373623228346457
21
1.2509493307086614
0
LINE
8
BLACK
6
CONTINUOUS
10
1.4423623228346456
20
1.2609493307086614
11
1.4423755511811023
21
1.2609528346456693
0
LINE
8
BLACK
6
CONTINUOUS
10
1.4423755511811023
20
1.2609528346456693
11
1.4438413385826772
21
1.2605530314960629
0
LINE
8
BLACK
6
CONTINUOUS
10
1.4438413385826772
20
1.2605530314960629
11
1.4453020078740157
21
1.2601616929133859
0
LINE
8
BLACK
6
CONTINUOUS
10
1.4453020078740157
20
1.2601616929133859
11
1.4453115748031495
21
1.2601520866141731
0
LINE
8
BLACK
6
CONTINUOUS
10
1.4453115748031495
20
1.2601520866141731
11
1.4453247637795275
21
1.2601485039370079
0
LINE
8
BLACK
6
CONTINUOUS
10
1.4453247637795275
20
1.2601485039370079
11
1.446394094488189
21
1.2590695669291339
0
LINE
8
BLACK
6
CONTINUOUS
10
1.446394094488189
20
1.2590695669291339
11
1.4474635826771654
21
1.2580001181102363
0
LINE
8
BLACK
6
CONTINUOUS
10
1.4474635826771654
20
1.2580001181102363
11
1.4474670866141732
21
1.2579869685039369
0
LINE
8
BLACK
6
CONTINUOUS
10
1.4474670866141732
20
1.2579869685039369
11
1.4474766929133858
21
1.2579773228346456
0
LINE
8
BLACK
6
CONTINUOUS
10
1.4474766929133858
20
1.2579773228346456
11
1.4478633858267715
21
1.2565079527559055
0
LINE
8
BLACK
6
CONTINUOUS
10
1.4478633858267715
20
1.2565079527559055
11
1.4482547637795276
21
1.2550473622047245
0
LINE
8
BLACK
6
CONTINUOUS
10
1.4482547637795276
20
1.2550473622047245
11
1.4482512204724409
21
1.2550342519685038
0
LINE
8
BLACK
6
CONTINUOUS
10
1.4482512204724409
20
1.2550342519685038
11
1.4482547244094488
21
1.2550210629921259
0
LINE
8
BLACK
6
CONTINUOUS
10
1.4482547244094488
20
1.2550210629921259
11
1.4478549212598424
21
1.2535552362204725
0
LINE
8
BLACK
6
CONTINUOUS
10
1.4478549212598424
20
1.2535552362204725
11
1.4474635826771654
21
1.2520946062992127
0
LINE
8
BLACK
6
CONTINUOUS
10
1.4474635826771654
20
1.2520946062992127
11
1.4474539763779528
21
1.2520849999999999
0
LINE
8
BLACK
6
CONTINUOUS
10
1.4474539763779528
20
1.2520849999999999
11
1.4474503937007874
21
1.2520718503937007
0
LINE
8
BLACK
6
CONTINUOUS
10
1.4474503937007874
20
1.2520718503937007
11
1.4463736614173228
21
1.2510046850393701
0
LINE
8
BLACK
6
CONTINUOUS
10
1.4463736614173228
20
1.2510046850393701
11
1.4453020078740157
21
1.2499330314960631
0
LINE
8
BLACK
6
CONTINUOUS
10
1.4453020078740157
20
1.2499330314960631
11
1.4452888188976378
21
1.2499294881889764
0
LINE
8
BLACK
6
CONTINUOUS
10
1.4452888188976378
20
1.2499294881889764
11
1.4452792125984251
21
1.2499199606299212
0
LINE
8
BLACK
6
CONTINUOUS
10
1.4452792125984251
20
1.2499199606299212
11
1.4055316929133859
21
1.2272070866141731
0
LINE
8
BLACK
6
CONTINUOUS
10
1.4055316929133859
20
1.2272070866141731
11
1.4423492519685039
21
1.2272070866141731
0
LINE
8
BLACK
6
CONTINUOUS
10
1.4423492519685039
20
1.2272070866141731
11
1.4453020078740157
21
1.2264159055118109
0
LINE
8
BLACK
6
CONTINUOUS
10
1.4453020078740157
20
1.2264159055118109
11
1.4474635826771654
21
1.2242543307086613
0
LINE
8
BLACK
6
CONTINUOUS
10
1.4474635826771654
20
1.2242543307086613
11
1.4482547637795276
21
1.2213015748031495
0
LINE
8
BLACK
6
CONTINUOUS
10
1.4482547637795276
20
1.2213015748031495
11
1.4474635826771654
21
1.2183488188976377
0
LINE
8
BLACK
6
CONTINUOUS
10
1.4474635826771654
20
1.2183488188976377
11
1.4453020078740157
21
1.2161872440944881
0
LINE
8
BLACK
6
CONTINUOUS
10
1.4453020078740157
20
1.2161872440944881
11
1.4423492519685039
21
1.2153960629921259
0
LINE
8
BLACK
6
CONTINUOUS
10
1.4423492519685039
20
1.2153960629921259
11
1.3832941338582676
21
1.2153960629921259
0
LINE
8
BLACK
6
CONTINUOUS
10
1.3832941338582676
20
1.2153960629921259
11
1.3832810236220472
21
1.2153995669291338
0
LINE
8
BLACK
6
CONTINUOUS
10
1.3832810236220472
20
1.2153995669291338
11
1.3832678346456693
21
1.2153961023622046
0
LINE
8
BLACK
6
CONTINUOUS
10
1.3832678346456693
20
1.2153961023622046
11
1.3818020078740156
21
1.2157958661417323
0
LINE
8
BLACK
6
CONTINUOUS
10
1.3818020078740156
20
1.2157958661417323
11
1.3803413779527558
21
1.2161872440944881
0
LINE
8
BLACK
6
CONTINUOUS
10
1.3803413779527558
20
1.2161872440944881
11
1.3803317716535433
21
1.2161968110236221
0
LINE
8
BLACK
6
CONTINUOUS
10
1.3803317716535433
20
1.2161968110236221
11
1.3803186220472441
21
1.216200433070866
0
LINE
8
BLACK
6
CONTINUOUS
10
1.3803186220472441
20
1.216200433070866
11
1.3792514566929133
21
1.2172771259842519
0
LINE
8
BLACK
6
CONTINUOUS
10
1.3792514566929133
20
1.2172771259842519
11
1.3781798031496062
21
1.2183488188976377
0
LINE
8
BLACK
6
CONTINUOUS
10
1.3781798031496062
20
1.2183488188976377
11
1.3781762598425196
21
1.2183619685039371
0
LINE
8
BLACK
6
CONTINUOUS
10
1.3781762598425196
20
1.2183619685039371
11
1.3781667322834645
21
1.2183716141732284
0
LINE
8
BLACK
6
CONTINUOUS
10
1.3781667322834645
20
1.2183716141732284
11
1.3777811023622046
21
1.2198367716535432
0
LINE
8
BLACK
6
CONTINUOUS
10
1.3777811023622046
20
1.2198367716535432
11
1.377388622047244
21
1.2213015748031495
0
LINE
8
BLACK
6
CONTINUOUS
10
1.377388622047244
20
1.2213015748031495
11
1.3773921259842519
21
1.2213146456692914
0
LINE
8
BLACK
6
CONTINUOUS
10
1.3773921259842519
20
1.2213146456692914
11
1.3773886614173227
21
1.221327874015748
0
LINE
8
BLACK
6
CONTINUOUS
10
1.3773886614173227
20
1.221327874015748
11
1.3777884251968504
21
1.2227936614173227
0
LINE
8
BLACK
6
CONTINUOUS
10
1.3777884251968504
20
1.2227936614173227
11
1.3781798031496062
21
1.2242543307086613
0
LINE
8
BLACK
6
CONTINUOUS
10
1.3781798031496062
20
1.2242543307086613
11
1.3781893700787402
21
1.2242638976377953
0
LINE
8
BLACK
6
CONTINUOUS
10
1.3781893700787402
20
1.2242638976377953
11
1.3781929921259841
21
1.2242770866141732
0
LINE
8
BLACK
6
CONTINUOUS
10
1.3781929921259841
20
1.2242770866141732
11
1.37926968503937
21
1.2253442125984251
0
LINE
8
BLACK
6
CONTINUOUS
10
1.37926968503937
20
1.2253442125984251
11
1.3803413779527558
21
1.2264159055118109
0
LINE
8
BLACK
6
CONTINUOUS
10
1.3803413779527558
20
1.2264159055118109
11
1.3803545275590552
21
1.2264194094488188
0
LINE
8
BLACK
6
CONTINUOUS
10
1.3803545275590552
20
1.2264194094488188
11
1.3803641732283465
21
1.2264289763779528
0
LINE
8
BLACK
6
CONTINUOUS
10
1.3803641732283465
20
1.2264289763779528
11
1.4201116535433072
21
1.2491418503937008
0
LINE
8
BLACK
6
CONTINUOUS
10
1.4201116535433072
20
1.2491418503937008
11
1.3832941338582676
21
1.2491418503937008
0
LINE
8
BLACK
6
CONTINUOUS
10
1.3832941338582676
20
1.2491418503937008
11
1.3803413779527558
21
1.2499330314960631
0
LINE
8
BLACK
6
CONTINUOUS
10
1.3803413779527558
20
1.2499330314960631
11
1.3781798031496062
21
1.2520946062992127
0
LINE
8
BLACK
6
CONTINUOUS
10
1.3781798031496062
20
1.2520946062992127
11
1.377388622047244
21
1.2550473622047245
0
LINE
8
BLACK
6
CONTINUOUS
10
1.377388622047244
20
1.2550473622047245
11
1.3781798031496062
21
1.2580001181102363
0
LINE
8
BLACK
6
CONTINUOUS
10
1.3781798031496062
20
1.2580001181102363
11
1.3803413779527558
21
1.2601616929133859
0
LINE
8
BLACK
6
CONTINUOUS
10
1.3803413779527558
20
1.2601616929133859
11
1.3832941338582676
21
1.2609528740157481
0
LINE
8
BLACK
6
CONTINUOUS
10
1.3832941338582676
20
1.2609528740157481
11
1.4423492519685039
21
1.2609528740157481
0
LINE
8
BLACK
6
CONTINUOUS
10
1.4423492519685039
20
1.2609528740157481
11
1.4423623228346456
21
1.2609493307086614
0
LINE
8
BLACK
6
CONTINUOUS
10
0.8003076377952756
20
1.2867196062992126
11
0.8024692125984252
21
1.284558031496063
0
LINE
8
BLACK
6
CONTINUOUS
10
0.8024692125984252
20
1.284558031496063
11
0.8032603937007874
21
1.2816052755905512
0
LINE
8
BLACK
6
CONTINUOUS
10
0.8032603937007874
20
1.2816052755905512
11
0.8032603937007874
21
1.2750938976377952
0
LINE
8
BLACK
6
CONTINUOUS
10
0.8032603937007874
20
1.2750938976377952
11
0.8167587007874015
21
1.2720942913385827
0
LINE
8
BLACK
6
CONTINUOUS
10
0.8167587007874015
20
1.2720942913385827
11
0.8167587007874015
21
1.2759809842519685
0
LINE
8
BLACK
6
CONTINUOUS
10
0.8167587007874015
20
1.2759809842519685
11
0.8175498818897637
21
1.2789337401574803
0
LINE
8
BLACK
6
CONTINUOUS
10
0.8175498818897637
20
1.2789337401574803
11
0.8197114566929133
21
1.2810953149606299
0
LINE
8
BLACK
6
CONTINUOUS
10
0.8197114566929133
20
1.2810953149606299
11
0.8226642125984251
21
1.2818864960629921
0
LINE
8
BLACK
6
CONTINUOUS
10
0.8226642125984251
20
1.2818864960629921
11
0.825616968503937
21
1.2810953149606299
0
LINE
8
BLACK
6
CONTINUOUS
10
0.825616968503937
20
1.2810953149606299
11
0.8277785433070866
21
1.2789337401574803
0
LINE
8
BLACK
6
CONTINUOUS
10
0.8277785433070866
20
1.2789337401574803
11
0.8285697244094488
21
1.2759809842519685
0
LINE
8
BLACK
6
CONTINUOUS
10
0.8285697244094488
20
1.2759809842519685
11
0.8285697244094488
21
1.2694696062992126
0
LINE
8
BLACK
6
CONTINUOUS
10
0.8285697244094488
20
1.2694696062992126
11
0.8492546062992126
21
1.2648729921259843
0
LINE
8
BLACK
6
CONTINUOUS
10
0.8492546062992126
20
1.2648729921259843
11
0.8519654330708661
21
1.2634601181102363
0
LINE
8
BLACK
6
CONTINUOUS
10
0.8519654330708661
20
1.2634601181102363
11
0.8536066141732284
21
1.2608811023622046
0
LINE
8
BLACK
6
CONTINUOUS
10
0.8536066141732284
20
1.2608811023622046
11
0.8537384251968504
21
1.2578270078740157
0
LINE
8
BLACK
6
CONTINUOUS
10
0.8537384251968504
20
1.2578270078740157
11
0.8523255511811023
21
1.2551162204724409
0
LINE
8
BLACK
6
CONTINUOUS
10
0.8523255511811023
20
1.2551162204724409
11
0.8497465354330709
21
1.2534750393700786
0
LINE
8
BLACK
6
CONTINUOUS
10
0.8497465354330709
20
1.2534750393700786
11
0.8466924409448818
21
1.2533432283464567
0
LINE
8
BLACK
6
CONTINUOUS
10
0.8466924409448818
20
1.2533432283464567
11
0.8285697244094488
21
1.2573704724409449
0
LINE
8
BLACK
6
CONTINUOUS
10
0.8285697244094488
20
1.2573704724409449
11
0.8285697244094488
21
1.2497845669291339
0
LINE
8
BLACK
6
CONTINUOUS
10
0.8285697244094488
20
1.2497845669291339
11
0.8492546062992126
21
1.2451879527559055
0
LINE
8
BLACK
6
CONTINUOUS
10
0.8492546062992126
20
1.2451879527559055
11
0.8519654330708661
21
1.2437750787401574
0
LINE
8
BLACK
6
CONTINUOUS
10
0.8519654330708661
20
1.2437750787401574
11
0.8536066141732284
21
1.2411960629921259
0
LINE
8
BLACK
6
CONTINUOUS
10
0.8536066141732284
20
1.2411960629921259
11
0.8537384251968504
21
1.238141968503937
0
LINE
8
BLACK
6
CONTINUOUS
10
0.8537384251968504
20
1.238141968503937
11
0.8523255511811023
21
1.2354311811023622
0
LINE
8
BLACK
6
CONTINUOUS
10
0.8523255511811023
20
1.2354311811023622
11
0.8497465354330709
21
1.2337899999999999
0
LINE
8
BLACK
6
CONTINUOUS
10
0.8497465354330709
20
1.2337899999999999
11
0.8466924409448818
21
1.233658188976378
0
LINE
8
BLACK
6
CONTINUOUS
10
0.8466924409448818
20
1.233658188976378
11
0.8285697244094488
21
1.2376854330708662
0
LINE
8
BLACK
6
CONTINUOUS
10
0.8285697244094488
20
1.2376854330708662
11
0.8285697244094488
21
1.2337987795275591
0
LINE
8
BLACK
6
CONTINUOUS
10
0.8285697244094488
20
1.2337987795275591
11
0.8277785433070866
21
1.2308460236220473
0
LINE
8
BLACK
6
CONTINUOUS
10
0.8277785433070866
20
1.2308460236220473
11
0.825616968503937
21
1.2286844488188977
0
LINE
8
BLACK
6
CONTINUOUS
10
0.825616968503937
20
1.2286844488188977
11
0.8226642125984251
21
1.2278932677165355
0
LINE
8
BLACK
6
CONTINUOUS
10
0.8226642125984251
20
1.2278932677165355
11
0.8197114566929133
21
1.2286844488188977
0
LINE
8
BLACK
6
CONTINUOUS
10
0.8197114566929133
20
1.2286844488188977
11
0.8175498818897637
21
1.2308460236220473
0
LINE
8
BLACK
6
CONTINUOUS
10
0.8175498818897637
20
1.2308460236220473
11
0.8167587007874015
21
1.2337987795275591
0
LINE
8
BLACK
6
CONTINUOUS
10
0.8167587007874015
20
1.2337987795275591
11
0.8167587007874015
21
1.2403101181102363
0
LINE
8
BLACK
6
CONTINUOUS
10
0.8167587007874015
20
1.2403101181102363
11
0.8032603937007874
21
1.2433097244094489
0
LINE
8
BLACK
6
CONTINUOUS
10
0.8032603937007874
20
1.2433097244094489
11
0.8032603937007874
21
1.2394230708661418
0
LINE
8
BLACK
6
CONTINUOUS
10
0.8032603937007874
20
1.2394230708661418
11
0.8024692125984252
21
1.23647031496063
0
LINE
8
BLACK
6
CONTINUOUS
10
0.8024692125984252
20
1.23647031496063
11
0.8003076377952756
21
1.2343087401574804
0
LINE
8
BLACK
6
CONTINUOUS
10
0.8003076377952756
20
1.2343087401574804
11
0.7973548818897638
21
1.2335175590551182
0
LINE
8
BLACK
6
CONTINUOUS
10
0.7973548818897638
20
1.2335175590551182
11
0.794402125984252
21
1.2343087401574804
0
LINE
8
BLACK
6
CONTINUOUS
10
0.794402125984252
20
1.2343087401574804
11
0.7922405511811024
21
1.23647031496063
0
LINE
8
BLACK
6
CONTINUOUS
10
0.7922405511811024
20
1.23647031496063
11
0.7914493700787402
21
1.2394230708661418
0
LINE
8
BLACK
6
CONTINUOUS
10
0.7914493700787402
20
1.2394230708661418
11
0.7914493700787402
21
1.2459344094488189
0
LINE
8
BLACK
6
CONTINUOUS
10
0.7914493700787402
20
1.2459344094488189
11
0.7707644488188976
21
1.250531062992126
0
LINE
8
BLACK
6
CONTINUOUS
10
0.7707644488188976
20
1.250531062992126
11
0.7680536614173228
21
1.251943937007874
0
LINE
8
BLACK
6
CONTINUOUS
10
0.7680536614173228
20
1.251943937007874
11
0.7664124803149606
21
1.2545229527559054
0
LINE
8
BLACK
6
CONTINUOUS
10
0.7664124803149606
20
1.2545229527559054
11
0.7662806692913385
21
1.2575770472440944
0
LINE
8
BLACK
6
CONTINUOUS
10
0.7662806692913385
20
1.2575770472440944
11
0.7676935433070866
21
1.2602878346456692
0
LINE
8
BLACK
6
CONTINUOUS
10
0.7676935433070866
20
1.2602878346456692
11
0.770272559055118
21
1.2619290157480314
0
LINE
8
BLACK
6
CONTINUOUS
10
0.770272559055118
20
1.2619290157480314
11
0.7733266535433071
21
1.2620608267716535
0
LINE
8
BLACK
6
CONTINUOUS
10
0.7733266535433071
20
1.2620608267716535
11
0.7914493700787402
21
1.2580335433070866
0
LINE
8
BLACK
6
CONTINUOUS
10
0.7914493700787402
20
1.2580335433070866
11
0.7914493700787402
21
1.2656194488188977
0
LINE
8
BLACK
6
CONTINUOUS
10
0.7914493700787402
20
1.2656194488188977
11
0.7707644488188976
21
1.2702161023622047
0
LINE
8
BLACK
6
CONTINUOUS
10
0.7707644488188976
20
1.2702161023622047
11
0.7680536614173228
21
1.2716289763779527
0
LINE
8
BLACK
6
CONTINUOUS
10
0.7680536614173228
20
1.2716289763779527
11
0.7664124803149606
21
1.2742079921259841
0
LINE
8
BLACK
6
CONTINUOUS
10
0.7664124803149606
20
1.2742079921259841
11
0.7662806692913385
21
1.2772620866141733
0
LINE
8
BLACK
6
CONTINUOUS
10
0.7662806692913385
20
1.2772620866141733
11
0.7676935433070866
21
1.2799728740157481
0
LINE
8
BLACK
6
CONTINUOUS
10
0.7676935433070866
20
1.2799728740157481
11
0.770272559055118
21
1.2816140551181101
0
LINE
8
BLACK
6
CONTINUOUS
10
0.770272559055118
20
1.2816140551181101
11
0.7733266535433071
21
1.2817458661417322
0
LINE
8
BLACK
6
CONTINUOUS
10
0.7733266535433071
20
1.2817458661417322
11
0.7914493700787402
21
1.2777185826771653
0
LINE
8
BLACK
6
CONTINUOUS
10
0.7914493700787402
20
1.2777185826771653
11
0.7914493700787402
21
1.2816052755905512
0
LINE
8
BLACK
6
CONTINUOUS
10
0.7914493700787402
20
1.2816052755905512
11
0.7922405511811024
21
1.284558031496063
0
LINE
8
BLACK
6
CONTINUOUS
10
0.7922405511811024
20
1.284558031496063
11
0.794402125984252
21
1.2867196062992126
0
LINE
8
BLACK
6
CONTINUOUS
10
0.794402125984252
20
1.2867196062992126
11
0.7973548818897638
21
1.2875107874015748
0
LINE
8
BLACK
6
CONTINUOUS
10
0.7973548818897638
20
1.2875107874015748
11
0.8003076377952756
21
1.2867196062992126
0
LINE
8
BLACK
6
CONTINUOUS
10
0.8032603937007874
20
1.2554088582677165
11
0.8167587007874015
21
1.2524092519685039
0
LINE
8
BLACK
6
CONTINUOUS
10
0.8167587007874015
20
1.2524092519685039
11
0.8167587007874015
21
1.259995157480315
0
LINE
8
BLACK
6
CONTINUOUS
10
0.8167587007874015
20
1.259995157480315
11
0.8032603937007874
21
1.2629947637795276
0
LINE
8
BLACK
6
CONTINUOUS
10
0.8032603937007874
20
1.2629947637795276
11
0.8032603937007874
21
1.2554088582677165
0
LINE
8
BLACK
6
CONTINUOUS
10
1.2177437401574802
20
1.276697874015748
11
1.2184722047244094
21
1.276710157480315
0
LINE
8
BLACK
6
CONTINUOUS
10
1.2184722047244094
20
1.276710157480315
11
1.2297207874015748
21
1.2738980314960631
0
LINE
8
BLACK
6
CONTINUOUS
10
1.2297207874015748
20
1.2738980314960631
11
1.230290748031496
21
1.2735816141732283
0
LINE
8
BLACK
6
CONTINUOUS
10
1.230290748031496
20
1.2735816141732283
11
1.230929527559055
21
1.2734509055118111
0
LINE
8
BLACK
6
CONTINUOUS
10
1.230929527559055
20
1.2734509055118111
11
1.2365538188976377
21
1.2706387401574804
0
LINE
8
BLACK
6
CONTINUOUS
10
1.2365538188976377
20
1.2706387401574804
11
1.2372651574803148
21
1.2700079133858266
0
LINE
8
BLACK
6
CONTINUOUS
10
1.2372651574803148
20
1.2700079133858266
11
1.238088622047244
21
1.2695325196850393
0
LINE
8
BLACK
6
CONTINUOUS
10
1.238088622047244
20
1.2695325196850393
11
1.2437129133858267
21
1.2639082283464567
0
LINE
8
BLACK
6
CONTINUOUS
10
1.2437129133858267
20
1.2639082283464567
11
1.2443916141732283
21
1.2627326377952757
0
LINE
8
BLACK
6
CONTINUOUS
10
1.2443916141732283
20
1.2627326377952757
11
1.2451395275590551
21
1.2615998818897638
0
LINE
8
BLACK
6
CONTINUOUS
10
1.2451395275590551
20
1.2615998818897638
11
1.2479516929133858
21
1.2531634645669292
0
LINE
8
BLACK
6
CONTINUOUS
10
1.2479516929133858
20
1.2531634645669292
11
1.2480086614173227
21
1.25221437007874
0
LINE
8
BLACK
6
CONTINUOUS
10
1.2480086614173227
20
1.25221437007874
11
1.2482547637795276
21
1.2512959448818897
0
LINE
8
BLACK
6
CONTINUOUS
10
1.2482547637795276
20
1.2512959448818897
11
1.2482547637795276
21
1.245671653543307
0
LINE
8
BLACK
6
CONTINUOUS
10
1.2482547637795276
20
1.245671653543307
11
1.2480086614173227
21
1.2447531889763779
0
LINE
8
BLACK
6
CONTINUOUS
10
1.2480086614173227
20
1.2447531889763779
11
1.2479516929133858
21
1.2438041338582677
0
LINE
8
BLACK
6
CONTINUOUS
10
1.2479516929133858
20
1.2438041338582677
11
1.2451395275590551
21
1.2353677165354331
0
LINE
8
BLACK
6
CONTINUOUS
10
1.2451395275590551
20
1.2353677165354331
11
1.2443916141732283
21
1.2342349212598425
0
LINE
8
BLACK
6
CONTINUOUS
10
1.2443916141732283
20
1.2342349212598425
11
1.2437129133858267
21
1.2330593700787402
0
LINE
8
BLACK
6
CONTINUOUS
10
1.2437129133858267
20
1.2330593700787402
11
1.2409007874015747
21
1.2302472440944883
0
LINE
8
BLACK
6
CONTINUOUS
10
1.2409007874015747
20
1.2302472440944883
11
1.2382534251968504
21
1.2287187795275589
0
LINE
8
BLACK
6
CONTINUOUS
10
1.2382534251968504
20
1.2287187795275589
11
1.2351964960629922
21
1.2287187795275589
0
LINE
8
BLACK
6
CONTINUOUS
10
1.2351964960629922
20
1.2287187795275589
11
1.2325491338582677
21
1.2302472440944883
0
LINE
8
BLACK
6
CONTINUOUS
10
1.2325491338582677
20
1.2302472440944883
11
1.2310206692913386
21
1.2328946062992125
0
LINE
8
BLACK
6
CONTINUOUS
10
1.2310206692913386
20
1.2328946062992125
11
1.2310206692913386
21
1.2359515354330708
0
LINE
8
BLACK
6
CONTINUOUS
10
1.2310206692913386
20
1.2359515354330708
11
1.2325491338582677
21
1.2385988976377953
0
LINE
8
BLACK
6
CONTINUOUS
10
1.2325491338582677
20
1.2385988976377953
11
1.2343754724409448
21
1.2404252362204724
0
LINE
8
BLACK
6
CONTINUOUS
10
1.2343754724409448
20
1.2404252362204724
11
1.2364437401574804
21
1.2466299999999999
0
LINE
8
BLACK
6
CONTINUOUS
10
1.2364437401574804
20
1.2466299999999999
11
1.2364437401574804
21
1.250337559055118
0
LINE
8
BLACK
6
CONTINUOUS
10
1.2364437401574804
20
1.250337559055118
11
1.2343754724409448
21
1.2565423228346457
0
LINE
8
BLACK
6
CONTINUOUS
10
1.2343754724409448
20
1.2565423228346457
11
1.2304146062992125
21
1.260503188976378
0
LINE
8
BLACK
6
CONTINUOUS
10
1.2304146062992125
20
1.260503188976378
11
1.2262272047244094
21
1.2625969291338583
0
LINE
8
BLACK
6
CONTINUOUS
10
1.2262272047244094
20
1.2625969291338583
11
1.2163129921259843
21
1.2650754724409448
0
LINE
8
BLACK
6
CONTINUOUS
10
1.2163129921259843
20
1.2650754724409448
11
1.2093303937007873
21
1.2650754724409448
0
LINE
8
BLACK
6
CONTINUOUS
10
1.2093303937007873
20
1.2650754724409448
11
1.1994161417322835
21
1.2625968897637796
0
LINE
8
BLACK
6
CONTINUOUS
10
1.1994161417322835
20
1.2625968897637796
11
1.1952287795275591
21
1.2605032283464566
0
LINE
8
BLACK
6
CONTINUOUS
10
1.1952287795275591
20
1.2605032283464566
11
1.1912678740157481
21
1.2565423228346457
0
LINE
8
BLACK
6
CONTINUOUS
10
1.1912678740157481
20
1.2565423228346457
11
1.1891996456692913
21
1.2503376377952755
0
LINE
8
BLACK
6
CONTINUOUS
10
1.1891996456692913
20
1.2503376377952755
11
1.1891996456692913
21
1.2466299212598424
0
LINE
8
BLACK
6
CONTINUOUS
10
1.1891996456692913
20
1.2466299212598424
11
1.1912678740157481
21
1.2404252362204724
0
LINE
8
BLACK
6
CONTINUOUS
10
1.1912678740157481
20
1.2404252362204724
11
1.1930942519685039
21
1.2385988976377953
0
LINE
8
BLACK
6
CONTINUOUS
10
1.1930942519685039
20
1.2385988976377953
11
1.1946227165354331
21
1.2359515354330708
0
LINE
8
BLACK
6
CONTINUOUS
10
1.1946227165354331
20
1.2359515354330708
11
1.1946227165354331
21
1.2328946062992125
0
LINE
8
BLACK
6
CONTINUOUS
10
1.1946227165354331
20
1.2328946062992125
11
1.1930942519685039
21
1.2302472440944883
0
LINE
8
BLACK
6
CONTINUOUS
10
1.1930942519685039
20
1.2302472440944883
11
1.1904468897637794
21
1.2287187795275589
0
LINE
8
BLACK
6
CONTINUOUS
10
1.1904468897637794
20
1.2287187795275589
11
1.1873899606299212
21
1.2287187795275589
0
LINE
8
BLACK
6
CONTINUOUS
10
1.1873899606299212
20
1.2287187795275589
11
1.1847425984251969
21
1.2302472440944883
0
LINE
8
BLACK
6
CONTINUOUS
10
1.1847425984251969
20
1.2302472440944883
11
1.181930472440945
21
1.2330593700787402
0
LINE
8
BLACK
6
CONTINUOUS
10
1.181930472440945
20
1.2330593700787402
11
1.1812518110236221
21
1.2342348031496062
0
LINE
8
BLACK
6
CONTINUOUS
10
1.1812518110236221
20
1.2342348031496062
11
1.1805038188976378
21
1.2353677165354331
0
LINE
8
BLACK
6
CONTINUOUS
10
1.1805038188976378
20
1.2353677165354331
11
1.1776916929133858
21
1.2438041732283465
0
LINE
8
BLACK
6
CONTINUOUS
10
1.1776916929133858
20
1.2438041732283465
11
1.17763468503937
21
1.2447531889763779
0
LINE
8
BLACK
6
CONTINUOUS
10
1.17763468503937
20
1.2447531889763779
11
1.177388622047244
21
1.245671653543307
0
LINE
8
BLACK
6
CONTINUOUS
10
1.177388622047244
20
1.245671653543307
11
1.177388622047244
21
1.2512959448818897
0
LINE
8
BLACK
6
CONTINUOUS
10
1.177388622047244
20
1.2512959448818897
11
1.17763468503937
21
1.25221437007874
0
LINE
8
BLACK
6
CONTINUOUS
10
1.17763468503937
20
1.25221437007874
11
1.1776916929133858
21
1.2531634251968504
0
LINE
8
BLACK
6
CONTINUOUS
10
1.1776916929133858
20
1.2531634251968504
11
1.1805038188976378
21
1.2615998818897638
0
LINE
8
BLACK
6
CONTINUOUS
10
1.1805038188976378
20
1.2615998818897638
11
1.1812518110236221
21
1.2627327559055117
0
LINE
8
BLACK
6
CONTINUOUS
10
1.1812518110236221
20
1.2627327559055117
11
1.181930472440945
21
1.2639082283464567
0
LINE
8
BLACK
6
CONTINUOUS
10
1.181930472440945
20
1.2639082283464567
11
1.1875547637795276
21
1.2695325196850393
0
LINE
8
BLACK
6
CONTINUOUS
10
1.1875547637795276
20
1.2695325196850393
11
1.188378188976378
21
1.2700079133858266
0
LINE
8
BLACK
6
CONTINUOUS
10
1.188378188976378
20
1.2700079133858266
11
1.1890895669291339
21
1.2706387401574804
0
LINE
8
BLACK
6
CONTINUOUS
10
1.1890895669291339
20
1.2706387401574804
11
1.1947138188976378
21
1.2734509055118111
0
LINE
8
BLACK
6
CONTINUOUS
10
1.1947138188976378
20
1.2734509055118111
11
1.1953526377952757
21
1.2735816141732283
0
LINE
8
BLACK
6
CONTINUOUS
10
1.1953526377952757
20
1.2735816141732283
11
1.1959225984251969
21
1.2738980314960631
0
LINE
8
BLACK
6
CONTINUOUS
10
1.1959225984251969
20
1.2738980314960631
11
1.2071711811023622
21
1.276710157480315
0
LINE
8
BLACK
6
CONTINUOUS
10
1.2071711811023622
20
1.276710157480315
11
1.2078996062992127
21
1.276697874015748
0
LINE
8
BLACK
6
CONTINUOUS
10
1.2078996062992127
20
1.276697874015748
11
1.208603464566929
21
1.2768864960629922
0
LINE
8
BLACK
6
CONTINUOUS
10
1.208603464566929
20
1.2768864960629922
11
1.2170399212598424
21
1.2768864960629922
0
LINE
8
BLACK
6
CONTINUOUS
10
1.2170399212598424
20
1.2768864960629922
11
1.2177437401574802
21
1.276697874015748
0
LINE
8
BLACK
6
CONTINUOUS
10
1.3324118110236221
20
1.276535157480315
11
1.3337416929133858
21
1.276263031496063
0
LINE
8
BLACK
6
CONTINUOUS
10
1.3337416929133858
20
1.276263031496063
11
1.3393659842519685
21
1.2734509055118111
0
LINE
8
BLACK
6
CONTINUOUS
10
1.3393659842519685
20
1.2734509055118111
11
1.3400773622047244
21
1.2728200393700788
0
LINE
8
BLACK
6
CONTINUOUS
10
1.3400773622047244
20
1.2728200393700788
11
1.3409008267716536
21
1.2723446456692913
0
LINE
8
BLACK
6
CONTINUOUS
10
1.3409008267716536
20
1.2723446456692913
11
1.3437129527559055
21
1.2695324803149606
0
LINE
8
BLACK
6
CONTINUOUS
10
1.3437129527559055
20
1.2695324803149606
11
1.3441883070866141
21
1.2687090551181102
0
LINE
8
BLACK
6
CONTINUOUS
10
1.3441883070866141
20
1.2687090551181102
11
1.3448191338582678
21
1.267997716535433
0
LINE
8
BLACK
6
CONTINUOUS
10
1.3448191338582678
20
1.267997716535433
11
1.3476312992125985
21
1.2623734645669291
0
LINE
8
BLACK
6
CONTINUOUS
10
1.3476312992125985
20
1.2623734645669291
11
1.347903464566929
21
1.2610434251968503
0
LINE
8
BLACK
6
CONTINUOUS
10
1.347903464566929
20
1.2610434251968503
11
1.3482547637795275
21
1.259732401574803
0
LINE
8
BLACK
6
CONTINUOUS
10
1.3482547637795275
20
1.259732401574803
11
1.3482547637795275
21
1.245671653543307
0
LINE
8
BLACK
6
CONTINUOUS
10
1.3482547637795275
20
1.245671653543307
11
1.3480086614173228
21
1.2447531889763779
0
LINE
8
BLACK
6
CONTINUOUS
10
1.3480086614173228
20
1.2447531889763779
11
1.3479516929133859
21
1.2438041338582677
0
LINE
8
BLACK
6
CONTINUOUS
10
1.3479516929133859
20
1.2438041338582677
11
1.3451395275590552
21
1.2353677165354331
0
LINE
8
BLACK
6
CONTINUOUS
10
1.3451395275590552
20
1.2353677165354331
11
1.3434552362204724
21
1.2328166535433072
0
LINE
8
BLACK
6
CONTINUOUS
10
1.3434552362204724
20
1.2328166535433072
11
1.3407210236220473
21
1.2314495669291339
0
LINE
8
BLACK
6
CONTINUOUS
10
1.3407210236220473
20
1.2314495669291339
11
1.3376696062992126
21
1.2316327559055118
0
LINE
8
BLACK
6
CONTINUOUS
10
1.3376696062992126
20
1.2316327559055118
11
1.3351185433070867
21
1.2333170472440944
0
LINE
8
BLACK
6
CONTINUOUS
10
1.3351185433070867
20
1.2333170472440944
11
1.3337514566929134
21
1.2360512598425197
0
LINE
8
BLACK
6
CONTINUOUS
10
1.3337514566929134
20
1.2360512598425197
11
1.3339346456692913
21
1.2391026771653544
0
LINE
8
BLACK
6
CONTINUOUS
10
1.3339346456692913
20
1.2391026771653544
11
1.3364437401574802
21
1.2466299999999999
0
LINE
8
BLACK
6
CONTINUOUS
10
1.3364437401574802
20
1.2466299999999999
11
1.3364437401574802
21
1.2583382677165353
0
LINE
8
BLACK
6
CONTINUOUS
10
1.3364437401574802
20
1.2583382677165353
11
1.3346835826771652
21
1.2618585039370078
0
LINE
8
BLACK
6
CONTINUOUS
10
1.3346835826771652
20
1.2618585039370078
11
1.3332266929133858
21
1.2633153937007873
0
LINE
8
BLACK
6
CONTINUOUS
10
1.3332266929133858
20
1.2633153937007873
11
1.3297065748031496
21
1.2650754724409448
0
LINE
8
BLACK
6
CONTINUOUS
10
1.3297065748031496
20
1.2650754724409448
11
1.3268704330708661
21
1.2650754724409448
0
LINE
8
BLACK
6
CONTINUOUS
10
1.3268704330708661
20
1.2650754724409448
11
1.3233502755905511
21
1.2633153937007873
0
LINE
8
BLACK
6
CONTINUOUS
10
1.3233502755905511
20
1.2633153937007873
11
1.3218933858267716
21
1.2618585433070866
0
LINE
8
BLACK
6
CONTINUOUS
10
1.3218933858267716
20
1.2618585433070866
11
1.3197996456692913
21
1.2576711023622047
0
LINE
8
BLACK
6
CONTINUOUS
10
1.3197996456692913
20
1.2576711023622047
11
1.3171448031496062
21
1.2470515354330709
0
LINE
8
BLACK
6
CONTINUOUS
10
1.3171448031496062
20
1.2470515354330709
11
1.3168283858267715
21
1.2464815748031495
0
LINE
8
BLACK
6
CONTINUOUS
10
1.3168283858267715
20
1.2464815748031495
11
1.3166976771653542
21
1.2458427559055119
0
LINE
8
BLACK
6
CONTINUOUS
10
1.3166976771653542
20
1.2458427559055119
11
1.3138855118110235
21
1.2402185039370079
0
LINE
8
BLACK
6
CONTINUOUS
10
1.3138855118110235
20
1.2402185039370079
11
1.31325468503937
21
1.2395071259842518
0
LINE
8
BLACK
6
CONTINUOUS
10
1.31325468503937
20
1.2395071259842518
11
1.3127793307086615
21
1.2386837401574804
0
LINE
8
BLACK
6
CONTINUOUS
10
1.3127793307086615
20
1.2386837401574804
11
1.3099672047244095
21
1.2358715748031497
0
LINE
8
BLACK
6
CONTINUOUS
10
1.3099672047244095
20
1.2358715748031497
11
1.3091437401574804
21
1.2353961417322834
0
LINE
8
BLACK
6
CONTINUOUS
10
1.3091437401574804
20
1.2353961417322834
11
1.3084323622047245
21
1.2347653149606299
0
LINE
8
BLACK
6
CONTINUOUS
10
1.3084323622047245
20
1.2347653149606299
11
1.3028080314960631
21
1.2319531496062992
0
LINE
8
BLACK
6
CONTINUOUS
10
1.3028080314960631
20
1.2319531496062992
11
1.3014780708661418
21
1.2316809842519685
0
LINE
8
BLACK
6
CONTINUOUS
10
1.3014780708661418
20
1.2316809842519685
11
1.3001670078740157
21
1.23132968503937
0
LINE
8
BLACK
6
CONTINUOUS
10
1.3001670078740157
20
1.23132968503937
11
1.2945427165354331
21
1.23132968503937
0
LINE
8
BLACK
6
CONTINUOUS
10
1.2945427165354331
20
1.23132968503937
11
1.293231653543307
21
1.2316809448818897
0
LINE
8
BLACK
6
CONTINUOUS
10
1.293231653543307
20
1.2316809448818897
11
1.291901653543307
21
1.2319531496062992
0
LINE
8
BLACK
6
CONTINUOUS
10
1.291901653543307
20
1.2319531496062992
11
1.2862774015748031
21
1.2347653149606299
0
LINE
8
BLACK
6
CONTINUOUS
10
1.2862774015748031
20
1.2347653149606299
11
1.2855660236220472
21
1.2353961023622047
0
LINE
8
BLACK
6
CONTINUOUS
10
1.2855660236220472
20
1.2353961023622047
11
1.284742559055118
21
1.2358715748031497
0
LINE
8
BLACK
6
CONTINUOUS
10
1.284742559055118
20
1.2358715748031497
11
1.2819304330708661
21
1.2386837401574804
0
LINE
8
BLACK
6
CONTINUOUS
10
1.2819304330708661
20
1.2386837401574804
11
1.2814550393700788
21
1.2395071259842518
0
LINE
8
BLACK
6
CONTINUOUS
10
1.2814550393700788
20
1.2395071259842518
11
1.2808242519685038
21
1.2402185039370079
0
LINE
8
BLACK
6
CONTINUOUS
10
1.2808242519685038
20
1.2402185039370079
11
1.2780120866141731
21
1.2458427952755906
0
LINE
8
BLACK
6
CONTINUOUS
10
1.2780120866141731
20
1.2458427952755906
11
1.2777399212598426
21
1.2471727165354329
0
LINE
8
BLACK
6
CONTINUOUS
10
1.2777399212598426
20
1.2471727165354329
11
1.2773886220472441
21
1.2484838188976377
0
LINE
8
BLACK
6
CONTINUOUS
10
1.2773886220472441
20
1.2484838188976377
11
1.2773886220472441
21
1.2625445669291337
0
LINE
8
BLACK
6
CONTINUOUS
10
1.2773886220472441
20
1.2625445669291337
11
1.2776346850393701
21
1.2634629921259841
0
LINE
8
BLACK
6
CONTINUOUS
10
1.2776346850393701
20
1.2634629921259841
11
1.2776916929133857
21
1.2644120866141733
0
LINE
8
BLACK
6
CONTINUOUS
10
1.2776916929133857
20
1.2644120866141733
11
1.2805038582677164
21
1.2728484645669291
0
LINE
8
BLACK
6
CONTINUOUS
10
1.2805038582677164
20
1.2728484645669291
11
1.282188188976378
21
1.2753994881889763
0
LINE
8
BLACK
6
CONTINUOUS
10
1.282188188976378
20
1.2753994881889763
11
1.2849223622047243
21
1.2767666141732283
0
LINE
8
BLACK
6
CONTINUOUS
10
1.2849223622047243
20
1.2767666141732283
11
1.287973779527559
21
1.2765834251968504
0
LINE
8
BLACK
6
CONTINUOUS
10
1.287973779527559
20
1.2765834251968504
11
1.2905248425196849
21
1.2748990944881891
0
LINE
8
BLACK
6
CONTINUOUS
10
1.2905248425196849
20
1.2748990944881891
11
1.2918919291338582
21
1.2721648818897637
0
LINE
8
BLACK
6
CONTINUOUS
10
1.2918919291338582
20
1.2721648818897637
11
1.2917087401574803
21
1.2691134645669291
0
LINE
8
BLACK
6
CONTINUOUS
10
1.2917087401574803
20
1.2691134645669291
11
1.2891996456692913
21
1.2615862204724408
0
LINE
8
BLACK
6
CONTINUOUS
10
1.2891996456692913
20
1.2615862204724408
11
1.2891996456692913
21
1.2498779133858267
0
LINE
8
BLACK
6
CONTINUOUS
10
1.2891996456692913
20
1.2498779133858267
11
1.2909597637795276
21
1.2463576377952756
0
LINE
8
BLACK
6
CONTINUOUS
10
1.2909597637795276
20
1.2463576377952756
11
1.2924166141732283
21
1.2449007874015747
0
LINE
8
BLACK
6
CONTINUOUS
10
1.2924166141732283
20
1.2449007874015747
11
1.295936811023622
21
1.2431407086614172
0
LINE
8
BLACK
6
CONTINUOUS
10
1.295936811023622
20
1.2431407086614172
11
1.2987729133858268
21
1.2431407086614172
0
LINE
8
BLACK
6
CONTINUOUS
10
1.2987729133858268
20
1.2431407086614172
11
1.3022931102362205
21
1.2449007874015747
0
LINE
8
BLACK
6
CONTINUOUS
10
1.3022931102362205
20
1.2449007874015747
11
1.3037499606299212
21
1.2463576771653544
0
LINE
8
BLACK
6
CONTINUOUS
10
1.3037499606299212
20
1.2463576771653544
11
1.3058436614173228
21
1.2505450787401575
0
LINE
8
BLACK
6
CONTINUOUS
10
1.3058436614173228
20
1.2505450787401575
11
1.3084985826771653
21
1.2611646850393701
0
LINE
8
BLACK
6
CONTINUOUS
10
1.3084985826771653
20
1.2611646850393701
11
1.3088149606299213
21
1.2617346456692913
0
LINE
8
BLACK
6
CONTINUOUS
10
1.3088149606299213
20
1.2617346456692913
11
1.3089457086614174
21
1.2623734251968504
0
LINE
8
BLACK
6
CONTINUOUS
10
1.3089457086614174
20
1.2623734251968504
11
1.3117578740157481
21
1.267997716535433
0
LINE
8
BLACK
6
CONTINUOUS
10
1.3117578740157481
20
1.267997716535433
11
1.3123886614173228
21
1.2687090551181102
0
LINE
8
BLACK
6
CONTINUOUS
10
1.3123886614173228
20
1.2687090551181102
11
1.3128640551181101
21
1.2695324803149606
0
LINE
8
BLACK
6
CONTINUOUS
10
1.3128640551181101
20
1.2695324803149606
11
1.3156761811023623
21
1.2723446456692913
0
LINE
8
BLACK
6
CONTINUOUS
10
1.3156761811023623
20
1.2723446456692913
11
1.31649968503937
21
1.2728201181102361
0
LINE
8
BLACK
6
CONTINUOUS
10
1.31649968503937
20
1.2728201181102361
11
1.3172110629921259
21
1.2734509055118111
0
LINE
8
BLACK
6
CONTINUOUS
10
1.3172110629921259
20
1.2734509055118111
11
1.3228353937007873
21
1.2762630708661418
0
LINE
8
BLACK
6
CONTINUOUS
10
1.3228353937007873
20
1.2762630708661418
11
1.3241654724409448
21
1.2765352362204725
0
LINE
8
BLACK
6
CONTINUOUS
10
1.3241654724409448
20
1.2765352362204725
11
1.3254763779527559
21
1.2768864960629922
0
LINE
8
BLACK
6
CONTINUOUS
10
1.3254763779527559
20
1.2768864960629922
11
1.3311006692913385
21
1.2768864960629922
0
LINE
8
BLACK
6
CONTINUOUS
10
1.3311006692913385
20
1.2768864960629922
11
1.3324118110236221
21
1.276535157480315
0
LINE
8
BLACK
6
CONTINUOUS
10
1.032411811023622
20
1.2815351574803149
11
1.0337416929133858
21
1.2812630314960629
0
LINE
8
BLACK
6
CONTINUOUS
10
1.0337416929133858
20
1.2812630314960629
11
1.0393659842519685
21
1.278450905511811
0
LINE
8
BLACK
6
CONTINUOUS
10
1.0393659842519685
20
1.278450905511811
11
1.0400773622047244
21
1.2778200393700787
0
LINE
8
BLACK
6
CONTINUOUS
10
1.0400773622047244
20
1.2778200393700787
11
1.0409008267716535
21
1.2773446456692914
0
LINE
8
BLACK
6
CONTINUOUS
10
1.0409008267716535
20
1.2773446456692914
11
1.0437129527559055
21
1.2745324803149607
0
LINE
8
BLACK
6
CONTINUOUS
10
1.0437129527559055
20
1.2745324803149607
11
1.0441883070866143
21
1.2737090551181103
0
LINE
8
BLACK
6
CONTINUOUS
10
1.0441883070866143
20
1.2737090551181103
11
1.0448191338582677
21
1.2729977165354331
0
LINE
8
BLACK
6
CONTINUOUS
10
1.0448191338582677
20
1.2729977165354331
11
1.0476312992125985
21
1.267373464566929
0
LINE
8
BLACK
6
CONTINUOUS
10
1.0476312992125985
20
1.267373464566929
11
1.0479034645669292
21
1.2660434251968504
0
LINE
8
BLACK
6
CONTINUOUS
10
1.0479034645669292
20
1.2660434251968504
11
1.0482547637795276
21
1.2647324015748032
0
LINE
8
BLACK
6
CONTINUOUS
10
1.0482547637795276
20
1.2647324015748032
11
1.0482547637795276
21
1.2506716535433071
0
LINE
8
BLACK
6
CONTINUOUS
10
1.0482547637795276
20
1.2506716535433071
11
1.0480086614173227
21
1.249753188976378
0
LINE
8
BLACK
6
CONTINUOUS
10
1.0480086614173227
20
1.249753188976378
11
1.0479516929133859
21
1.2488041338582676
0
LINE
8
BLACK
6
CONTINUOUS
10
1.0479516929133859
20
1.2488041338582676
11
1.0451395275590551
21
1.240367716535433
0
LINE
8
BLACK
6
CONTINUOUS
10
1.0451395275590551
20
1.240367716535433
11
1.0434552362204723
21
1.2378166535433071
0
LINE
8
BLACK
6
CONTINUOUS
10
1.0434552362204723
20
1.2378166535433071
11
1.0407210236220472
21
1.2364495669291338
0
LINE
8
BLACK
6
CONTINUOUS
10
1.0407210236220472
20
1.2364495669291338
11
1.0376696062992126
21
1.2366327559055117
0
LINE
8
BLACK
6
CONTINUOUS
10
1.0376696062992126
20
1.2366327559055117
11
1.0351185433070866
21
1.2383170472440945
0
LINE
8
BLACK
6
CONTINUOUS
10
1.0351185433070866
20
1.2383170472440945
11
1.0337514566929134
21
1.2410512598425196
0
LINE
8
BLACK
6
CONTINUOUS
10
1.0337514566929134
20
1.2410512598425196
11
1.0339346456692913
21
1.2441026771653543
0
LINE
8
BLACK
6
CONTINUOUS
10
1.0339346456692913
20
1.2441026771653543
11
1.0364437401574802
21
1.25163
0
LINE
8
BLACK
6
CONTINUOUS
10
1.0364437401574802
20
1.25163
11
1.0364437401574802
21
1.2633382677165355
0
LINE
8
BLACK
6
CONTINUOUS
10
1.0364437401574802
20
1.2633382677165355
11
1.0346835826771654
21
1.2668585039370079
0
LINE
8
BLACK
6
CONTINUOUS
10
1.0346835826771654
20
1.2668585039370079
11
1.0332266929133858
21
1.2683153937007874
0
LINE
8
BLACK
6
CONTINUOUS
10
1.0332266929133858
20
1.2683153937007874
11
1.0297065748031495
21
1.2700754724409449
0
LINE
8
BLACK
6
CONTINUOUS
10
1.0297065748031495
20
1.2700754724409449
11
1.0268704330708662
21
1.2700754724409449
0
LINE
8
BLACK
6
CONTINUOUS
10
1.0268704330708662
20
1.2700754724409449
11
1.0233502755905513
21
1.2683153937007874
0
LINE
8
BLACK
6
CONTINUOUS
10
1.0233502755905513
20
1.2683153937007874
11
1.0218933858267716
21
1.2668585433070867
0
LINE
8
BLACK
6
CONTINUOUS
10
1.0218933858267716
20
1.2668585433070867
11
1.0197996456692913
21
1.2626711023622046
0
LINE
8
BLACK
6
CONTINUOUS
10
1.0197996456692913
20
1.2626711023622046
11
1.0171448031496062
21
1.2520515354330708
0
LINE
8
BLACK
6
CONTINUOUS
10
1.0171448031496062
20
1.2520515354330708
11
1.0168283858267717
21
1.2514815748031496
0
LINE
8
BLACK
6
CONTINUOUS
10
1.0168283858267717
20
1.2514815748031496
11
1.0166976771653542
21
1.2508427559055117
0
LINE
8
BLACK
6
CONTINUOUS
10
1.0166976771653542
20
1.2508427559055117
11
1.0138855118110237
21
1.2452185039370078
0
LINE
8
BLACK
6
CONTINUOUS
10
1.0138855118110237
20
1.2452185039370078
11
1.01325468503937
21
1.2445071259842519
0
LINE
8
BLACK
6
CONTINUOUS
10
1.01325468503937
20
1.2445071259842519
11
1.0127793307086614
21
1.2436837401574803
0
LINE
8
BLACK
6
CONTINUOUS
10
1.0127793307086614
20
1.2436837401574803
11
1.0099672047244095
21
1.2408715748031496
0
LINE
8
BLACK
6
CONTINUOUS
10
1.0099672047244095
20
1.2408715748031496
11
1.0091437401574803
21
1.2403961417322835
0
LINE
8
BLACK
6
CONTINUOUS
10
1.0091437401574803
20
1.2403961417322835
11
1.0084323622047244
21
1.2397653149606298
0
LINE
8
BLACK
6
CONTINUOUS
10
1.0084323622047244
20
1.2397653149606298
11
1.002808031496063
21
1.2369531496062991
0
LINE
8
BLACK
6
CONTINUOUS
10
1.002808031496063
20
1.2369531496062991
11
1.0014780708661417
21
1.2366809842519684
0
LINE
8
BLACK
6
CONTINUOUS
10
1.0014780708661417
20
1.2366809842519684
11
1.0001670078740157
21
1.2363296850393701
0
LINE
8
BLACK
6
CONTINUOUS
10
1.0001670078740157
20
1.2363296850393701
11
0.994542716535433
21
1.2363296850393701
0
LINE
8
BLACK
6
CONTINUOUS
10
0.994542716535433
20
1.2363296850393701
11
0.9932316535433071
21
1.2366809448818898
0
LINE
8
BLACK
6
CONTINUOUS
10
0.9932316535433071
20
1.2366809448818898
11
0.9919016535433071
21
1.2369531496062991
0
LINE
8
BLACK
6
CONTINUOUS
10
0.9919016535433071
20
1.2369531496062991
11
0.9862774015748031
21
1.2397653149606298
0
LINE
8
BLACK
6
CONTINUOUS
10
0.9862774015748031
20
1.2397653149606298
11
0.9855660236220473
21
1.2403961023622048
0
LINE
8
BLACK
6
CONTINUOUS
10
0.9855660236220473
20
1.2403961023622048
11
0.9847425590551181
21
1.2408715748031496
0
LINE
8
BLACK
6
CONTINUOUS
10
0.9847425590551181
20
1.2408715748031496
11
0.9819304330708661
21
1.2436837401574803
0
LINE
8
BLACK
6
CONTINUOUS
10
0.9819304330708661
20
1.2436837401574803
11
0.9814550393700787
21
1.2445071259842519
0
LINE
8
BLACK
6
CONTINUOUS
10
0.9814550393700787
20
1.2445071259842519
11
0.9808242519685039
21
1.2452185039370078
0
LINE
8
BLACK
6
CONTINUOUS
10
0.9808242519685039
20
1.2452185039370078
11
0.9780120866141732
21
1.2508427952755905
0
LINE
8
BLACK
6
CONTINUOUS
10
0.9780120866141732
20
1.2508427952755905
11
0.9777399212598425
21
1.2521727165354331
0
LINE
8
BLACK
6
CONTINUOUS
10
0.9777399212598425
20
1.2521727165354331
11
0.9773886220472441
21
1.2534838188976378
0
LINE
8
BLACK
6
CONTINUOUS
10
0.9773886220472441
20
1.2534838188976378
11
0.9773886220472441
21
1.2675445669291339
0
LINE
8
BLACK
6
CONTINUOUS
10
0.9773886220472441
20
1.2675445669291339
11
0.97763468503937
21
1.2684629921259842
0
LINE
8
BLACK
6
CONTINUOUS
10
0.97763468503937
20
1.2684629921259842
11
0.9776916929133858
21
1.2694120866141732
0
LINE
8
BLACK
6
CONTINUOUS
10
0.9776916929133858
20
1.2694120866141732
11
0.9805038582677165
21
1.277848464566929
0
LINE
8
BLACK
6
CONTINUOUS
10
0.9805038582677165
20
1.277848464566929
11
0.9821881889763779
21
1.2803994881889764
0
LINE
8
BLACK
6
CONTINUOUS
10
0.9821881889763779
20
1.2803994881889764
11
0.9849223622047244
21
1.2817666141732282
0
LINE
8
BLACK
6
CONTINUOUS
10
0.9849223622047244
20
1.2817666141732282
11
0.987973779527559
21
1.2815834251968503
0
LINE
8
BLACK
6
CONTINUOUS
10
0.987973779527559
20
1.2815834251968503
11
0.990524842519685
21
1.2798990944881889
0
LINE
8
BLACK
6
CONTINUOUS
10
0.990524842519685
20
1.2798990944881889
11
0.9918919291338583
21
1.2771648818897638
0
LINE
8
BLACK
6
CONTINUOUS
10
0.9918919291338583
20
1.2771648818897638
11
0.9917087401574803
21
1.2741134645669292
0
LINE
8
BLACK
6
CONTINUOUS
10
0.9917087401574803
20
1.2741134645669292
11
0.9891996456692913
21
1.266586220472441
0
LINE
8
BLACK
6
CONTINUOUS
10
0.9891996456692913
20
1.266586220472441
11
0.9891996456692913
21
1.2548779133858268
0
LINE
8
BLACK
6
CONTINUOUS
10
0.9891996456692913
20
1.2548779133858268
11
0.9909597637795275
21
1.2513576377952755
0
LINE
8
BLACK
6
CONTINUOUS
10
0.9909597637795275
20
1.2513576377952755
11
0.9924166141732284
21
1.2499007874015748
0
LINE
8
BLACK
6
CONTINUOUS
10
0.9924166141732284
20
1.2499007874015748
11
0.995936811023622
21
1.2481407086614174
0
LINE
8
BLACK
6
CONTINUOUS
10
0.995936811023622
20
1.2481407086614174
11
0.9987729133858267
21
1.2481407086614174
0
LINE
8
BLACK
6
CONTINUOUS
10
0.9987729133858267
20
1.2481407086614174
11
1.0022931102362205
21
1.2499007874015748
0
LINE
8
BLACK
6
CONTINUOUS
10
1.0022931102362205
20
1.2499007874015748
11
1.0037499606299212
21
1.2513576771653543
0
LINE
8
BLACK
6
CONTINUOUS
10
1.0037499606299212
20
1.2513576771653543
11
1.0058436614173227
21
1.2555450787401574
0
LINE
8
BLACK
6
CONTINUOUS
10
1.0058436614173227
20
1.2555450787401574
11
1.0084985826771653
21
1.26616468503937
0
LINE
8
BLACK
6
CONTINUOUS
10
1.0084985826771653
20
1.26616468503937
11
1.0088149606299213
21
1.2667346456692914
0
LINE
8
BLACK
6
CONTINUOUS
10
1.0088149606299213
20
1.2667346456692914
11
1.0089457086614173
21
1.2673734251968503
0
LINE
8
BLACK
6
CONTINUOUS
10
1.0089457086614173
20
1.2673734251968503
11
1.011757874015748
21
1.2729977165354331
0
LINE
8
BLACK
6
CONTINUOUS
10
1.011757874015748
20
1.2729977165354331
11
1.0123886614173228
21
1.2737090551181103
0
LINE
8
BLACK
6
CONTINUOUS
10
1.0123886614173228
20
1.2737090551181103
11
1.0128640551181103
21
1.2745324803149607
0
LINE
8
BLACK
6
CONTINUOUS
10
1.0128640551181103
20
1.2745324803149607
11
1.0156761811023622
21
1.2773446456692914
0
LINE
8
BLACK
6
CONTINUOUS
10
1.0156761811023622
20
1.2773446456692914
11
1.0164996850393702
21
1.2778201181102362
0
LINE
8
BLACK
6
CONTINUOUS
10
1.0164996850393702
20
1.2778201181102362
11
1.017211062992126
21
1.278450905511811
0
LINE
8
BLACK
6
CONTINUOUS
10
1.017211062992126
20
1.278450905511811
11
1.0228353937007875
21
1.2812630708661417
0
LINE
8
BLACK
6
CONTINUOUS
10
1.0228353937007875
20
1.2812630708661417
11
1.0241654724409448
21
1.2815352362204724
0
LINE
8
BLACK
6
CONTINUOUS
10
1.0241654724409448
20
1.2815352362204724
11
1.0254763779527558
21
1.2818864960629921
0
LINE
8
BLACK
6
CONTINUOUS
10
1.0254763779527558
20
1.2818864960629921
11
1.0311006692913385
21
1.2818864960629921
0
LINE
8
BLACK
6
CONTINUOUS
10
1.0311006692913385
20
1.2818864960629921
11
1.032411811023622
21
1.2815351574803149
0
LINE
8
BLACK
6
CONTINUOUS
10
0.627411811023622
20
1.296535157480315
11
0.6287416929133858
21
1.296263031496063
0
LINE
8
BLACK
6
CONTINUOUS
10
0.6287416929133858
20
1.296263031496063
11
0.6343659842519684
21
1.2934509055118111
0
LINE
8
BLACK
6
CONTINUOUS
10
0.6343659842519684
20
1.2934509055118111
11
0.6350773622047244
21
1.2928200393700786
0
LINE
8
BLACK
6
CONTINUOUS
10
0.6350773622047244
20
1.2928200393700786
11
0.6359008267716535
21
1.2923446456692913
0
LINE
8
BLACK
6
CONTINUOUS
10
0.6359008267716535
20
1.2923446456692913
11
0.6387129527559054
21
1.2895324803149606
0
LINE
8
BLACK
6
CONTINUOUS
10
0.6387129527559054
20
1.2895324803149606
11
0.6391883070866141
21
1.2887090551181102
0
LINE
8
BLACK
6
CONTINUOUS
10
0.6391883070866141
20
1.2887090551181102
11
0.6398191338582677
21
1.287997716535433
0
LINE
8
BLACK
6
CONTINUOUS
10
0.6398191338582677
20
1.287997716535433
11
0.6426312992125984
21
1.2823734645669291
0
LINE
8
BLACK
6
CONTINUOUS
10
0.6426312992125984
20
1.2823734645669291
11
0.6429034645669292
21
1.2810434251968503
0
LINE
8
BLACK
6
CONTINUOUS
10
0.6429034645669292
20
1.2810434251968503
11
0.6432547637795275
21
1.2797324015748031
0
LINE
8
BLACK
6
CONTINUOUS
10
0.6432547637795275
20
1.2797324015748031
11
0.6432547637795275
21
1.265671653543307
0
LINE
8
BLACK
6
CONTINUOUS
10
0.6432547637795275
20
1.265671653543307
11
0.6430086614173228
21
1.2647531889763779
0
LINE
8
BLACK
6
CONTINUOUS
10
0.6430086614173228
20
1.2647531889763779
11
0.6429516929133858
21
1.2638041338582677
0
LINE
8
BLACK
6
CONTINUOUS
10
0.6429516929133858
20
1.2638041338582677
11
0.6401395275590551
21
1.2553677165354331
0
LINE
8
BLACK
6
CONTINUOUS
10
0.6401395275590551
20
1.2553677165354331
11
0.6384552362204724
21
1.252816653543307
0
LINE
8
BLACK
6
CONTINUOUS
10
0.6384552362204724
20
1.252816653543307
11
0.6357210236220472
21
1.2514495669291339
0
LINE
8
BLACK
6
CONTINUOUS
10
0.6357210236220472
20
1.2514495669291339
11
0.6326696062992125
21
1.2516327559055118
0
LINE
8
BLACK
6
CONTINUOUS
10
0.6326696062992125
20
1.2516327559055118
11
0.6301185433070866
21
1.2533170472440944
0
LINE
8
BLACK
6
CONTINUOUS
10
0.6301185433070866
20
1.2533170472440944
11
0.6287514566929133
21
1.2560512598425198
0
LINE
8
BLACK
6
CONTINUOUS
10
0.6287514566929133
20
1.2560512598425198
11
0.6289346456692914
21
1.2591026771653544
0
LINE
8
BLACK
6
CONTINUOUS
10
0.6289346456692914
20
1.2591026771653544
11
0.6314437401574803
21
1.2666299999999999
0
LINE
8
BLACK
6
CONTINUOUS
10
0.6314437401574803
20
1.2666299999999999
11
0.6314437401574803
21
1.2783382677165354
0
LINE
8
BLACK
6
CONTINUOUS
10
0.6314437401574803
20
1.2783382677165354
11
0.6296835826771653
21
1.2818585039370078
0
LINE
8
BLACK
6
CONTINUOUS
10
0.6296835826771653
20
1.2818585039370078
11
0.6282266929133858
21
1.2833153937007873
0
LINE
8
BLACK
6
CONTINUOUS
10
0.6282266929133858
20
1.2833153937007873
11
0.6247065748031496
21
1.2850754724409448
0
LINE
8
BLACK
6
CONTINUOUS
10
0.6247065748031496
20
1.2850754724409448
11
0.6218704330708661
21
1.2850754724409448
0
LINE
8
BLACK
6
CONTINUOUS
10
0.6218704330708661
20
1.2850754724409448
11
0.6183502755905511
21
1.2833153937007873
0
LINE
8
BLACK
6
CONTINUOUS
10
0.6183502755905511
20
1.2833153937007873
11
0.6168933858267717
21
1.2818585433070866
0
LINE
8
BLACK
6
CONTINUOUS
10
0.6168933858267717
20
1.2818585433070866
11
0.6147996456692914
21
1.2776711023622047
0
LINE
8
BLACK
6
CONTINUOUS
10
0.6147996456692914
20
1.2776711023622047
11
0.6121448031496063
21
1.2670515354330709
0
LINE
8
BLACK
6
CONTINUOUS
10
0.6121448031496063
20
1.2670515354330709
11
0.6118283858267717
21
1.2664815748031495
0
LINE
8
BLACK
6
CONTINUOUS
10
0.6118283858267717
20
1.2664815748031495
11
0.6116976771653543
21
1.2658427559055119
0
LINE
8
BLACK
6
CONTINUOUS
10
0.6116976771653543
20
1.2658427559055119
11
0.6088855118110236
21
1.2602185039370077
0
LINE
8
BLACK
6
CONTINUOUS
10
0.6088855118110236
20
1.2602185039370077
11
0.6082546850393701
21
1.2595071259842519
0
LINE
8
BLACK
6
CONTINUOUS
10
0.6082546850393701
20
1.2595071259842519
11
0.6077793307086614
21
1.2586837401574802
0
LINE
8
BLACK
6
CONTINUOUS
10
0.6077793307086614
20
1.2586837401574802
11
0.6049672047244095
21
1.2558715748031495
0
LINE
8
BLACK
6
CONTINUOUS
10
0.6049672047244095
20
1.2558715748031495
11
0.6041437401574803
21
1.2553961417322834
0
LINE
8
BLACK
6
CONTINUOUS
10
0.6041437401574803
20
1.2553961417322834
11
0.6034323622047244
21
1.2547653149606299
0
LINE
8
BLACK
6
CONTINUOUS
10
0.6034323622047244
20
1.2547653149606299
11
0.597808031496063
21
1.2519531496062992
0
LINE
8
BLACK
6
CONTINUOUS
10
0.597808031496063
20
1.2519531496062992
11
0.5964780708661417
21
1.2516809842519685
0
LINE
8
BLACK
6
CONTINUOUS
10
0.5964780708661417
20
1.2516809842519685
11
0.5951670078740158
21
1.25132968503937
0
LINE
8
BLACK
6
CONTINUOUS
10
0.5951670078740158
20
1.25132968503937
11
0.5895427165354331
21
1.25132968503937
0
LINE
8
BLACK
6
CONTINUOUS
10
0.5895427165354331
20
1.25132968503937
11
0.5882316535433071
21
1.2516809448818897
0
LINE
8
BLACK
6
CONTINUOUS
10
0.5882316535433071
20
1.2516809448818897
11
0.586901653543307
21
1.2519531496062992
0
LINE
8
BLACK
6
CONTINUOUS
10
0.586901653543307
20
1.2519531496062992
11
0.5812774015748031
21
1.2547653149606299
0
LINE
8
BLACK
6
CONTINUOUS
10
0.5812774015748031
20
1.2547653149606299
11
0.5805660236220472
21
1.2553961023622047
0
LINE
8
BLACK
6
CONTINUOUS
10
0.5805660236220472
20
1.2553961023622047
11
0.5797425590551181
21
1.2558715748031495
0
LINE
8
BLACK
6
CONTINUOUS
10
0.5797425590551181
20
1.2558715748031495
11
0.5769304330708661
21
1.2586837401574802
0
LINE
8
BLACK
6
CONTINUOUS
10
0.5769304330708661
20
1.2586837401574802
11
0.5764550393700787
21
1.2595071259842519
0
LINE
8
BLACK
6
CONTINUOUS
10
0.5764550393700787
20
1.2595071259842519
11
0.575824251968504
21
1.2602185039370077
0
LINE
8
BLACK
6
CONTINUOUS
10
0.575824251968504
20
1.2602185039370077
11
0.5730120866141732
21
1.2658427952755906
0
LINE
8
BLACK
6
CONTINUOUS
10
0.5730120866141732
20
1.2658427952755906
11
0.5727399212598425
21
1.267172716535433
0
LINE
8
BLACK
6
CONTINUOUS
10
0.5727399212598425
20
1.267172716535433
11
0.5723886220472441
21
1.2684838188976377
0
LINE
8
BLACK
6
CONTINUOUS
10
0.5723886220472441
20
1.2684838188976377
11
0.5723886220472441
21
1.2825445669291338
0
LINE
8
BLACK
6
CONTINUOUS
10
0.5723886220472441
20
1.2825445669291338
11
0.5726346850393701
21
1.2834629921259841
0
LINE
8
BLACK
6
CONTINUOUS
10
0.5726346850393701
20
1.2834629921259841
11
0.5726916929133858
21
1.2844120866141733
0
LINE
8
BLACK
6
CONTINUOUS
10
0.5726916929133858
20
1.2844120866141733
11
0.5755038582677166
21
1.2928484645669291
0
LINE
8
BLACK
6
CONTINUOUS
10
0.5755038582677166
20
1.2928484645669291
11
0.5771881889763779
21
1.2953994881889763
0
LINE
8
BLACK
6
CONTINUOUS
10
0.5771881889763779
20
1.2953994881889763
11
0.5799223622047244
21
1.2967666141732284
0
LINE
8
BLACK
6
CONTINUOUS
10
0.5799223622047244
20
1.2967666141732284
11
0.582973779527559
21
1.2965834251968504
0
LINE
8
BLACK
6
CONTINUOUS
10
0.582973779527559
20
1.2965834251968504
11
0.5855248425196851
21
1.2948990944881889
0
LINE
8
BLACK
6
CONTINUOUS
10
0.5855248425196851
20
1.2948990944881889
11
0.5868919291338582
21
1.2921648818897638
0
LINE
8
BLACK
6
CONTINUOUS
10
0.5868919291338582
20
1.2921648818897638
11
0.5867087401574803
21
1.2891134645669291
0
LINE
8
BLACK
6
CONTINUOUS
10
0.5867087401574803
20
1.2891134645669291
11
0.5841996456692913
21
1.2815862204724409
0
LINE
8
BLACK
6
CONTINUOUS
10
0.5841996456692913
20
1.2815862204724409
11
0.5841996456692913
21
1.2698779133858267
0
LINE
8
BLACK
6
CONTINUOUS
10
0.5841996456692913
20
1.2698779133858267
11
0.5859597637795275
21
1.2663576377952757
0
LINE
8
BLACK
6
CONTINUOUS
10
0.5859597637795275
20
1.2663576377952757
11
0.5874166141732283
21
1.2649007874015747
0
LINE
8
BLACK
6
CONTINUOUS
10
0.5874166141732283
20
1.2649007874015747
11
0.5909368110236221
21
1.2631407086614173
0
LINE
8
BLACK
6
CONTINUOUS
10
0.5909368110236221
20
1.2631407086614173
11
0.5937729133858267
21
1.2631407086614173
0
LINE
8
BLACK
6
CONTINUOUS
10
0.5937729133858267
20
1.2631407086614173
11
0.5972931102362204
21
1.2649007874015747
0
LINE
8
BLACK
6
CONTINUOUS
10
0.5972931102362204
20
1.2649007874015747
11
0.5987499606299213
21
1.2663576771653544
0
LINE
8
BLACK
6
CONTINUOUS
10
0.5987499606299213
20
1.2663576771653544
11
0.6008436614173228
21
1.2705450787401575
0
LINE
8
BLACK
6
CONTINUOUS
10
0.6008436614173228
20
1.2705450787401575
11
0.6034985826771654
21
1.2811646850393701
0
LINE
8
BLACK
6
CONTINUOUS
10
0.6034985826771654
20
1.2811646850393701
11
0.6038149606299212
21
1.2817346456692913
0
LINE
8
BLACK
6
CONTINUOUS
10
0.6038149606299212
20
1.2817346456692913
11
0.6039457086614173
21
1.2823734251968504
0
LINE
8
BLACK
6
CONTINUOUS
10
0.6039457086614173
20
1.2823734251968504
11
0.606757874015748
21
1.287997716535433
0
LINE
8
BLACK
6
CONTINUOUS
10
0.606757874015748
20
1.287997716535433
11
0.6073886614173228
21
1.2887090551181102
0
LINE
8
BLACK
6
CONTINUOUS
10
0.6073886614173228
20
1.2887090551181102
11
0.6078640551181103
21
1.2895324803149606
0
LINE
8
BLACK
6
CONTINUOUS
10
0.6078640551181103
20
1.2895324803149606
11
0.6106761811023622
21
1.2923446456692913
0
LINE
8
BLACK
6
CONTINUOUS
10
0.6106761811023622
20
1.2923446456692913
11
0.61149968503937
21
1.2928201181102361
0
LINE
8
BLACK
6
CONTINUOUS
10
0.61149968503937
20
1.2928201181102361
11
0.612211062992126
21
1.2934509055118111
0
LINE
8
BLACK
6
CONTINUOUS
10
0.612211062992126
20
1.2934509055118111
11
0.6178353937007874
21
1.2962630708661418
0
LINE
8
BLACK
6
CONTINUOUS
10
0.6178353937007874
20
1.2962630708661418
11
0.6191654724409449
21
1.2965352362204725
0
LINE
8
BLACK
6
CONTINUOUS
10
0.6191654724409449
20
1.2965352362204725
11
0.6204763779527559
21
1.296886496062992
0
LINE
8
BLACK
6
CONTINUOUS
10
0.6204763779527559
20
1.296886496062992
11
0.6261006692913386
21
1.296886496062992
0
LINE
8
BLACK
6
CONTINUOUS
10
0.6261006692913386
20
1.296886496062992
11
0.627411811023622
21
1.296535157480315
0
LINE
8
BLACK
6
CONTINUOUS
10
0.7453020078740157
20
1.2782831889763779
11
0.7474635826771653
21
1.2761216141732283
0
LINE
8
BLACK
6
CONTINUOUS
10
0.7474635826771653
20
1.2761216141732283
11
0.7482547637795275
21
1.2731688582677165
0
LINE
8
BLACK
6
CONTINUOUS
10
0.7482547637795275
20
1.2731688582677165
11
0.7474635826771653
21
1.2702161023622047
0
LINE
8
BLACK
6
CONTINUOUS
10
0.7474635826771653
20
1.2702161023622047
11
0.7453020078740157
21
1.2680545275590551
0
LINE
8
BLACK
6
CONTINUOUS
10
0.7453020078740157
20
1.2680545275590551
11
0.7423492519685039
21
1.2672633464566929
0
LINE
8
BLACK
6
CONTINUOUS
10
0.7423492519685039
20
1.2672633464566929
11
0.6832941338582676
21
1.2672633464566929
0
LINE
8
BLACK
6
CONTINUOUS
10
0.6832941338582676
20
1.2672633464566929
11
0.6803413779527558
21
1.2680545275590551
0
LINE
8
BLACK
6
CONTINUOUS
10
0.6803413779527558
20
1.2680545275590551
11
0.6781798031496062
21
1.2702161023622047
0
LINE
8
BLACK
6
CONTINUOUS
10
0.6781798031496062
20
1.2702161023622047
11
0.677388622047244
21
1.2731688582677165
0
LINE
8
BLACK
6
CONTINUOUS
10
0.677388622047244
20
1.2731688582677165
11
0.6781798031496062
21
1.2761216141732283
0
LINE
8
BLACK
6
CONTINUOUS
10
0.6781798031496062
20
1.2761216141732283
11
0.6803413779527558
21
1.2782831889763779
0
LINE
8
BLACK
6
CONTINUOUS
10
0.6803413779527558
20
1.2782831889763779
11
0.6832941338582676
21
1.2790743700787401
0
LINE
8
BLACK
6
CONTINUOUS
10
0.6832941338582676
20
1.2790743700787401
11
0.7423492519685039
21
1.2790743700787401
0
LINE
8
BLACK
6
CONTINUOUS
10
0.7423492519685039
20
1.2790743700787401
11
0.7453020078740157
21
1.2782831889763779
0
LINE
8
BLACK
6
CONTINUOUS
10
0.9453020078740157
20
1.2782831889763779
11
0.9474635826771654
21
1.2761216141732283
0
LINE
8
BLACK
6
CONTINUOUS
10
0.9474635826771654
20
1.2761216141732283
11
0.9482547637795276
21
1.2731688582677165
0
LINE
8
BLACK
6
CONTINUOUS
10
0.9482547637795276
20
1.2731688582677165
11
0.9474635826771654
21
1.2702161023622047
0
LINE
8
BLACK
6
CONTINUOUS
10
0.9474635826771654
20
1.2702161023622047
11
0.9453020078740157
21
1.2680545275590551
0
LINE
8
BLACK
6
CONTINUOUS
10
0.9453020078740157
20
1.2680545275590551
11
0.9423492519685039
21
1.2672633464566929
0
LINE
8
BLACK
6
CONTINUOUS
10
0.9423492519685039
20
1.2672633464566929
11
0.8832941338582677
21
1.2672633464566929
0
LINE
8
BLACK
6
CONTINUOUS
10
0.8832941338582677
20
1.2672633464566929
11
0.8803413779527559
21
1.2680545275590551
0
LINE
8
BLACK
6
CONTINUOUS
10
0.8803413779527559
20
1.2680545275590551
11
0.8781798031496063
21
1.2702161023622047
0
LINE
8
BLACK
6
CONTINUOUS
10
0.8781798031496063
20
1.2702161023622047
11
0.8773886220472441
21
1.2731688582677165
0
LINE
8
BLACK
6
CONTINUOUS
10
0.8773886220472441
20
1.2731688582677165
11
0.8781798031496063
21
1.2761216141732283
0
LINE
8
BLACK
6
CONTINUOUS
10
0.8781798031496063
20
1.2761216141732283
11
0.8803413779527559
21
1.2782831889763779
0
LINE
8
BLACK
6
CONTINUOUS
10
0.8803413779527559
20
1.2782831889763779
11
0.8832941338582677
21
1.2790743700787401
0
LINE
8
BLACK
6
CONTINUOUS
10
0.8832941338582677
20
1.2790743700787401
11
0.9423492519685039
21
1.2790743700787401
0
LINE
8
BLACK
6
CONTINUOUS
10
0.9423492519685039
20
1.2790743700787401
11
0.9453020078740157
21
1.2782831889763779
0
LINE
8
BLACK
6
CONTINUOUS
10
1.1403020078740158
20
1.2782831889763779
11
1.1424635826771654
21
1.2761216141732283
0
LINE
8
BLACK
6
CONTINUOUS
10
1.1424635826771654
20
1.2761216141732283
11
1.1432547637795276
21
1.2731688582677165
0
LINE
8
BLACK
6
CONTINUOUS
10
1.1432547637795276
20
1.2731688582677165
11
1.1424635826771654
21
1.2702161023622047
0
LINE
8
BLACK
6
CONTINUOUS
10
1.1424635826771654
20
1.2702161023622047
11
1.1403020078740158
21
1.2680545275590551
0
LINE
8
BLACK
6
CONTINUOUS
10
1.1403020078740158
20
1.2680545275590551
11
1.137349251968504
21
1.2672633464566929
0
LINE
8
BLACK
6
CONTINUOUS
10
1.137349251968504
20
1.2672633464566929
11
1.0782941338582677
21
1.2672633464566929
0
LINE
8
BLACK
6
CONTINUOUS
10
1.0782941338582677
20
1.2672633464566929
11
1.0753413779527559
21
1.2680545275590551
0
LINE
8
BLACK
6
CONTINUOUS
10
1.0753413779527559
20
1.2680545275590551
11
1.0731798031496063
21
1.2702161023622047
0
LINE
8
BLACK
6
CONTINUOUS
10
1.0731798031496063
20
1.2702161023622047
11
1.0723886220472441
21
1.2731688582677165
0
LINE
8
BLACK
6
CONTINUOUS
10
1.0723886220472441
20
1.2731688582677165
11
1.0731798031496063
21
1.2761216141732283
0
LINE
8
BLACK
6
CONTINUOUS
10
1.0731798031496063
20
1.2761216141732283
11
1.0753413779527559
21
1.2782831889763779
0
LINE
8
BLACK
6
CONTINUOUS
10
1.0753413779527559
20
1.2782831889763779
11
1.0782941338582677
21
1.2790743700787401
0
LINE
8
BLACK
6
CONTINUOUS
10
1.0782941338582677
20
1.2790743700787401
11
1.137349251968504
21
1.2790743700787401
0
LINE
8
BLACK
6
CONTINUOUS
10
1.137349251968504
20
1.2790743700787401
11
1.1403020078740158
21
1.2782831889763779
0
LINE
8
BLACK
6
CONTINUOUS
10
1.4453020078740157
20
1.2882831889763779
11
1.4474635826771654
21
1.2861216141732283
0
LINE
8
BLACK
6
CONTINUOUS
10
1.4474635826771654
20
1.2861216141732283
11
1.4482547637795276
21
1.2831688582677165
0
LINE
8
BLACK
6
CONTINUOUS
10
1.4482547637795276
20
1.2831688582677165
11
1.4474635826771654
21
1.2802161023622047
0
LINE
8
BLACK
6
CONTINUOUS
10
1.4474635826771654
20
1.2802161023622047
11
1.4453020078740157
21
1.2780545275590551
0
LINE
8
BLACK
6
CONTINUOUS
10
1.4453020078740157
20
1.2780545275590551
11
1.4423492519685039
21
1.2772633464566929
0
LINE
8
BLACK
6
CONTINUOUS
10
1.4423492519685039
20
1.2772633464566929
11
1.3832941338582676
21
1.2772633464566929
0
LINE
8
BLACK
6
CONTINUOUS
10
1.3832941338582676
20
1.2772633464566929
11
1.3803413779527558
21
1.2780545275590551
0
LINE
8
BLACK
6
CONTINUOUS
10
1.3803413779527558
20
1.2780545275590551
11
1.3781798031496062
21
1.2802161023622047
0
LINE
8
BLACK
6
CONTINUOUS
10
1.3781798031496062
20
1.2802161023622047
11
1.377388622047244
21
1.2831688582677165
0
LINE
8
BLACK
6
CONTINUOUS
10
1.377388622047244
20
1.2831688582677165
11
1.3781798031496062
21
1.2861216141732283
0
LINE
8
BLACK
6
CONTINUOUS
10
1.3781798031496062
20
1.2861216141732283
11
1.3803413779527558
21
1.2882831889763779
0
LINE
8
BLACK
6
CONTINUOUS
10
1.3803413779527558
20
1.2882831889763779
11
1.3832941338582676
21
1.2890743700787402
0
LINE
8
BLACK
6
CONTINUOUS
10
1.3832941338582676
20
1.2890743700787402
11
1.4423492519685039
21
1.2890743700787402
0
LINE
8
BLACK
6
CONTINUOUS
10
1.4423492519685039
20
1.2890743700787402
11
1.4453020078740157
21
1.2882831889763779
0
LINE
8
BLACK
6
CONTINUOUS
10
1.4399999999999999
20
1.325
11
1.3799999999999999
21
1.325
0
LINE
8
BLACK
6
CONTINUOUS
10
1.3799999999999999
20
1.325
11
1.3799999999999999
21
1.385
0
LINE
8
BLACK
6
CONTINUOUS
10
1.3799999999999999
20
1.385
11
1.4399999999999999
21
1.385
0
LINE
8
BLACK
6
CONTINUOUS
10
1.4399999999999999
20
1.385
11
1.4399999999999999
21
1.325
0
LINE
8
BLACK
6
CONTINUOUS
10
1.4399999999999999
20
1.425
11
1.3799999999999999
21
1.425
0
LINE
8
BLACK
6
CONTINUOUS
10
1.3799999999999999
20
1.425
11
1.3799999999999999
21
1.4849999999999999
0
LINE
8
BLACK
6
CONTINUOUS
10
1.3799999999999999
20
1.4849999999999999
11
1.4399999999999999
21
1.4849999999999999
0
LINE
8
BLACK
6
CONTINUOUS
10
1.4399999999999999
20
1.4849999999999999
11
1.4399999999999999
21
1.425
0
LINE
8
BLACK
6
CONTINUOUS
10
1.3400000000000001
20
1.325
11
1.28
21
1.325
0
LINE
8
BLACK
6
CONTINUOUS
10
1.28
20
1.325
11
1.28
21
1.385
0
LINE
8
BLACK
6
CONTINUOUS
10
1.28
20
1.385
11
1.3400000000000001
21
1.385
0
LINE
8
BLACK
6
CONTINUOUS
10
1.3400000000000001
20
1.385
11
1.3400000000000001
21
1.325
0
LINE
8
BLACK
6
CONTINUOUS
10
1.3400000000000001
20
1.425
11
1.28
21
1.425
0
LINE
8
BLACK
6
CONTINUOUS
10
1.28
20
1.425
11
1.28
21
1.4849999999999999
0
LINE
8
BLACK
6
CONTINUOUS
10
1.28
20
1.4849999999999999
11
1.3400000000000001
21
1.4849999999999999
0
LINE
8
BLACK
6
CONTINUOUS
10
1.3400000000000001
20
1.4849999999999999
11
1.3400000000000001
21
1.425
0
LINE
8
BLACK
6
CONTINUOUS
10
1.24
20
1.325
11
1.1799999999999999
21
1.325
0
LINE
8
BLACK
6
CONTINUOUS
10
1.1799999999999999
20
1.325
11
1.1799999999999999
21
1.385
0
LINE
8
BLACK
6
CONTINUOUS
10
1.1799999999999999
20
1.385
11
1.24
21
1.385
0
LINE
8
BLACK
6
CONTINUOUS
10
1.24
20
1.385
11
1.24
21
1.325
0
LINE
8
BLACK
6
CONTINUOUS
10
1.24
20
1.425
11
1.1799999999999999
21
1.425
0
LINE
8
BLACK
6
CONTINUOUS
10
1.1799999999999999
20
1.425
11
1.1799999999999999
21
1.4849999999999999
0
LINE
8
BLACK
6
CONTINUOUS
10
1.1799999999999999
20
1.4849999999999999
11
1.24
21
1.4849999999999999
0
LINE
8
BLACK
6
CONTINUOUS
10
1.24
20
1.4849999999999999
11
1.24
21
1.425
0
LINE
8
BLACK
6
CONTINUOUS
10
1.1399999999999999
20
1.325
11
1.0800000000000001
21
1.325
0
LINE
8
BLACK
6
CONTINUOUS
10
1.0800000000000001
20
1.325
11
1.0800000000000001
21
1.385
0
LINE
8
BLACK
6
CONTINUOUS
10
1.0800000000000001
20
1.385
11
1.1399999999999999
21
1.385
0
LINE
8
BLACK
6
CONTINUOUS
10
1.1399999999999999
20
1.385
11
1.1399999999999999
21
1.325
0
LINE
8
BLACK
6
CONTINUOUS
10
1.1399999999999999
20
1.425
11
1.0800000000000001
21
1.425
0
LINE
8
BLACK
6
CONTINUOUS
10
1.0800000000000001
20
1.425
11
1.0800000000000001
21
1.4849999999999999
0
LINE
8
BLACK
6
CONTINUOUS
10
1.0800000000000001
20
1.4849999999999999
11
1.1399999999999999
21
1.4849999999999999
0
LINE
8
BLACK
6
CONTINUOUS
10
1.1399999999999999
20
1.4849999999999999
11
1.1399999999999999
21
1.425
0
LINE
8
BLACK
6
CONTINUOUS
10
1.04
20
1.325
11
0.98
21
1.325
0
LINE
8
BLACK
6
CONTINUOUS
10
0.98
20
1.325
11
0.98
21
1.385
0
LINE
8
BLACK
6
CONTINUOUS
10
0.98
20
1.385
11
1.04
21
1.385
0
LINE
8
BLACK
6
CONTINUOUS
10
1.04
20
1.385
11
1.04
21
1.325
0
LINE
8
BLACK
6
CONTINUOUS
10
1.04
20
1.425
11
0.98
21
1.425
0
LINE
8
BLACK
6
CONTINUOUS
10
0.98
20
1.425
11
0.98
21
1.4849999999999999
0
LINE
8
BLACK
6
CONTINUOUS
10
0.98
20
1.4849999999999999
11
1.04
21
1.4849999999999999
0
LINE
8
BLACK
6
CONTINUOUS
10
1.04
20
1.4849999999999999
11
1.04
21
1.425
0
LINE
8
BLACK
6
CONTINUOUS
10
0.9399999999999999
20
1.325
11
0.88
21
1.325
0
LINE
8
BLACK
6
CONTINUOUS
10
0.88
20
1.325
11
0.88
21
1.385
0
LINE
8
BLACK
6
CONTINUOUS
10
0.88
20
1.385
11
0.9399999999999999
21
1.385
0
LINE
8
BLACK
6
CONTINUOUS
10
0.9399999999999999
20
1.385
11
0.9399999999999999
21
1.325
0
LINE
8
BLACK
6
CONTINUOUS
10
0.9399999999999999
20
1.425
11
0.88
21
1.425
0
LINE
8
BLACK
6
CONTINUOUS
10
0.88
20
1.425
11
0.88
21
1.4849999999999999
0
LINE
8
BLACK
6
CONTINUOUS
10
0.88
20
1.4849999999999999
11
0.9399999999999999
21
1.4849999999999999
0
LINE
8
BLACK
6
CONTINUOUS
10
0.9399999999999999
20
1.4849999999999999
11
0.9399999999999999
21
1.425
0
LINE
8
BLACK
6
CONTINUOUS
10
0.84
20
1.325
11
0.78
21
1.325
0
LINE
8
BLACK
6
CONTINUOUS
10
0.78
20
1.325
11
0.78
21
1.385
0
LINE
8
BLACK
6
CONTINUOUS
10
0.78
20
1.385
11
0.84
21
1.385
0
LINE
8
BLACK
6
CONTINUOUS
10
0.84
20
1.385
11
0.84
21
1.325
0
LINE
8
BLACK
6
CONTINUOUS
10
0.84
20
1.425
11
0.78
21
1.425
0
LINE
8
BLACK
6
CONTINUOUS
10
0.78
20
1.425
11
0.78
21
1.4849999999999999
0
LINE
8
BLACK
6
CONTINUOUS
10
0.78
20
1.4849999999999999
11
0.84
21
1.4849999999999999
0
LINE
8
BLACK
6
CONTINUOUS
10
0.84
20
1.4849999999999999
11
0.84
21
1.425
0
LINE
8
BLACK
6
CONTINUOUS
10
0.74
20
1.325
11
0.6799999999999999
21
1.325
0
LINE
8
BLACK
6
CONTINUOUS
10
0.6799999999999999
20
1.325
11
0.6799999999999999
21
1.385
0
LINE
8
BLACK
6
CONTINUOUS
10
0.6799999999999999
20
1.385
11
0.74
21
1.385
0
LINE
8
BLACK
6
CONTINUOUS
10
0.74
20
1.385
11
0.74
21
1.325
0
LINE
8
BLACK
6
CONTINUOUS
10
0.74
20
1.425
11
0.6799999999999999
21
1.425
0
LINE
8
BLACK
6
CONTINUOUS
10
0.6799999999999999
20
1.425
11
0.6799999999999999
21
1.4849999999999999
0
LINE
8
BLACK
6
CONTINUOUS
10
0.6799999999999999
20
1.4849999999999999
11
0.74
21
1.4849999999999999
0
LINE
8
BLACK
6
CONTINUOUS
10
0.74
20
1.4849999999999999
11
0.74
21
1.425
0
LINE
8
BLACK
6
CONTINUOUS
10
0.635
20
1.325
11
0.575
21
1.325
0
LINE
8
BLACK
6
CONTINUOUS
10
0.575
20
1.325
11
0.575
21
1.385
0
LINE
8
BLACK
6
CONTINUOUS
10
0.575
20
1.385
11
0.635
21
1.385
0
LINE
8
BLACK
6
CONTINUOUS
10
0.635
20
1.385
11
0.635
21
1.325
0
LINE
8
BLACK
6
CONTINUOUS
10
0.635
20
1.425
11
0.575
21
1.425
0
LINE
8
BLACK
6
CONTINUOUS
10
0.575
20
1.425
11
0.575
21
1.4849999999999999
0
LINE
8
BLACK
6
CONTINUOUS
10
0.575
20
1.4849999999999999
11
0.635
21
1.4849999999999999
0
LINE
8
BLACK
6
CONTINUOUS
10
0.635
20
1.4849999999999999
11
0.635
21
1.425
0
LINE
8
BLACK
6
CONTINUOUS
10
0.6553835039370078
20
1.5078851181102362
11
0.6555127559055118
21
1.5079079133858266
0
LINE
8
BLACK
6
CONTINUOUS
10
0.6555127559055118
20
1.5079079133858266
11
0.6556263385826772
21
1.5078422834645668
0
LINE
8
BLACK
6
CONTINUOUS
10
0.6556263385826772
20
1.5078422834645668
11
0.6560099212598425
21
1.5077746850393701
0
LINE
8
BLACK
6
CONTINUOUS
10
0.6560099212598425
20
1.5077746850393701
11
0.6565975984251968
21
1.5072815354330709
0
LINE
8
BLACK
6
CONTINUOUS
10
0.6565975984251968
20
1.5072815354330709
11
0.6572619291338583
21
1.5068979921259842
0
LINE
8
BLACK
6
CONTINUOUS
10
0.6572619291338583
20
1.5068979921259842
11
0.6573530314960629
21
1.5066476377952756
0
LINE
8
BLACK
6
CONTINUOUS
10
0.6573530314960629
20
1.5066476377952756
11
0.6575571653543307
21
1.5064763779527559
0
LINE
8
BLACK
6
CONTINUOUS
10
0.6575571653543307
20
1.5064763779527559
11
0.6575674803149606
21
1.5064177165354331
0
LINE
8
BLACK
6
CONTINUOUS
10
0.6575674803149606
20
1.5064177165354331
11
0.6577184251968504
21
1.5065975984251969
0
LINE
8
BLACK
6
CONTINUOUS
10
0.6577184251968504
20
1.5065975984251969
11
0.6581020078740157
21
1.5072619291338583
0
LINE
8
BLACK
6
CONTINUOUS
10
0.6581020078740157
20
1.5072619291338583
11
0.6583523228346456
21
1.507353031496063
0
LINE
8
BLACK
6
CONTINUOUS
10
0.6583523228346456
20
1.507353031496063
11
0.6585236220472441
21
1.5075571653543307
0
LINE
8
BLACK
6
CONTINUOUS
10
0.6585236220472441
20
1.5075571653543307
11
0.6592791732283464
21
1.5076903937007873
0
LINE
8
BLACK
6
CONTINUOUS
10
0.6592791732283464
20
1.5076903937007873
11
0.66
21
1.5079527559055117
0
LINE
8
BLACK
6
CONTINUOUS
10
0.66
20
1.5079527559055117
11
0.76
21
1.5079527559055117
0
LINE
8
BLACK
6
CONTINUOUS
10
0.76
20
1.5079527559055117
11
0.86
21
1.5079527559055117
0
LINE
8
BLACK
6
CONTINUOUS
10
0.86
20
1.5079527559055117
11
0.96
21
1.5079527559055117
0
LINE
8
BLACK
6
CONTINUOUS
10
0.96
20
1.5079527559055117
11
1.0600000000000001
21
1.5079527559055117
0
LINE
8
BLACK
6
CONTINUOUS
10
1.0600000000000001
20
1.5079527559055117
11
1.1599999999999999
21
1.5079527559055117
0
LINE
8
BLACK
6
CONTINUOUS
10
1.1599999999999999
20
1.5079527559055117
11
1.26
21
1.5079527559055117
0
LINE
8
BLACK
6
CONTINUOUS
10
1.26
20
1.5079527559055117
11
1.3599999999999999
21
1.5079527559055117
0
LINE
8
BLACK
6
CONTINUOUS
10
1.3599999999999999
20
1.5079527559055117
11
1.46
21
1.5079527559055117
0
LINE
8
BLACK
6
CONTINUOUS
10
1.46
20
1.5079527559055117
11
1.4603835039370079
21
1.5078851181102362
0
LINE
8
BLACK
6
CONTINUOUS
10
1.4603835039370079
20
1.5078851181102362
11
1.4605127559055118
21
1.5079079133858266
0
LINE
8
BLACK
6
CONTINUOUS
10
1.4605127559055118
20
1.5079079133858266
11
1.4606263385826772
21
1.5078422834645668
0
LINE
8
BLACK
6
CONTINUOUS
10
1.4606263385826772
20
1.5078422834645668
11
1.4610099212598424
21
1.5077746850393701
0
LINE
8
BLACK
6
CONTINUOUS
10
1.4610099212598424
20
1.5077746850393701
11
1.4615975984251968
21
1.5072815354330709
0
LINE
8
BLACK
6
CONTINUOUS
10
1.4615975984251968
20
1.5072815354330709
11
1.4622619291338583
21
1.5068979921259842
0
LINE
8
BLACK
6
CONTINUOUS
10
1.4622619291338583
20
1.5068979921259842
11
1.4623530314960629
21
1.5066476377952756
0
LINE
8
BLACK
6
CONTINUOUS
10
1.4623530314960629
20
1.5066476377952756
11
1.4625571653543308
21
1.5064763779527559
0
LINE
8
BLACK
6
CONTINUOUS
10
1.4625571653543308
20
1.5064763779527559
11
1.4626903937007874
21
1.5057207874015748
0
LINE
8
BLACK
6
CONTINUOUS
10
1.4626903937007874
20
1.5057207874015748
11
1.4629527559055118
21
1.5049999999999999
0
LINE
8
BLACK
6
CONTINUOUS
10
1.4629527559055118
20
1.5049999999999999
11
1.4629527559055118
21
1.3049999999999999
0
LINE
8
BLACK
6
CONTINUOUS
10
1.4629527559055118
20
1.3049999999999999
11
1.4628851181102362
21
1.3046164566929133
0
LINE
8
BLACK
6
CONTINUOUS
10
1.4628851181102362
20
1.3046164566929133
11
1.4629079133858267
21
1.3044872440944881
0
LINE
8
BLACK
6
CONTINUOUS
10
1.4629079133858267
20
1.3044872440944881
11
1.4628422834645669
21
1.3043736220472442
0
LINE
8
BLACK
6
CONTINUOUS
10
1.4628422834645669
20
1.3043736220472442
11
1.4627746850393701
21
1.3039900787401575
0
LINE
8
BLACK
6
CONTINUOUS
10
1.4627746850393701
20
1.3039900787401575
11
1.4622815354330709
21
1.3034023622047244
0
LINE
8
BLACK
6
CONTINUOUS
10
1.4622815354330709
20
1.3034023622047244
11
1.4618979921259843
21
1.3027380708661418
0
LINE
8
BLACK
6
CONTINUOUS
10
1.4618979921259843
20
1.3027380708661418
11
1.4616476377952756
21
1.3026469291338583
0
LINE
8
BLACK
6
CONTINUOUS
10
1.4616476377952756
20
1.3026469291338583
11
1.461476377952756
21
1.3024428346456693
0
LINE
8
BLACK
6
CONTINUOUS
10
1.461476377952756
20
1.3024428346456693
11
1.4607207874015748
21
1.3023095669291338
0
LINE
8
BLACK
6
CONTINUOUS
10
1.4607207874015748
20
1.3023095669291338
11
1.46
21
1.3020472440944881
0
LINE
8
BLACK
6
CONTINUOUS
10
1.46
20
1.3020472440944881
11
1.3599999999999999
21
1.3020472440944881
0
LINE
8
BLACK
6
CONTINUOUS
10
1.3599999999999999
20
1.3020472440944881
11
1.26
21
1.3020472440944881
0
LINE
8
BLACK
6
CONTINUOUS
10
1.26
20
1.3020472440944881
11
1.1599999999999999
21
1.3020472440944881
0
LINE
8
BLACK
6
CONTINUOUS
10
1.1599999999999999
20
1.3020472440944881
11
1.0600000000000001
21
1.3020472440944881
0
LINE
8
BLACK
6
CONTINUOUS
10
1.0600000000000001
20
1.3020472440944881
11
0.96
21
1.3020472440944881
0
LINE
8
BLACK
6
CONTINUOUS
10
0.96
20
1.3020472440944881
11
0.86
21
1.3020472440944881
0
LINE
8
BLACK
6
CONTINUOUS
10
0.86
20
1.3020472440944881
11
0.76
21
1.3020472440944881
0
LINE
8
BLACK
6
CONTINUOUS
10
0.76
20
1.3020472440944881
11
0.66
21
1.3020472440944881
0
LINE
8
BLACK
6
CONTINUOUS
10
0.66
20
1.3020472440944881
11
0.6596164566929134
21
1.3021148425196849
0
LINE
8
BLACK
6
CONTINUOUS
10
0.6596164566929134
20
1.3021148425196849
11
0.6594872440944882
21
1.3020920866141732
0
LINE
8
BLACK
6
CONTINUOUS
10
0.6594872440944882
20
1.3020920866141732
11
0.659373622047244
21
1.3021576771653542
0
LINE
8
BLACK
6
CONTINUOUS
10
0.659373622047244
20
1.3021576771653542
11
0.6589900787401575
21
1.30222531496063
0
LINE
8
BLACK
6
CONTINUOUS
10
0.6589900787401575
20
1.30222531496063
11
0.6584023622047244
21
1.3027184251968504
0
LINE
8
BLACK
6
CONTINUOUS
10
0.6584023622047244
20
1.3027184251968504
11
0.6577380708661417
21
1.3031020078740156
0
LINE
8
BLACK
6
CONTINUOUS
10
0.6577380708661417
20
1.3031020078740156
11
0.6576469291338582
21
1.3033523228346457
0
LINE
8
BLACK
6
CONTINUOUS
10
0.6576469291338582
20
1.3033523228346457
11
0.6574428346456693
21
1.3035236220472441
0
LINE
8
BLACK
6
CONTINUOUS
10
0.6574428346456693
20
1.3035236220472441
11
0.6574324803149606
21
1.3035822440944882
0
LINE
8
BLACK
6
CONTINUOUS
10
0.6574324803149606
20
1.3035822440944882
11
0.6572815354330709
21
1.3034023622047244
0
LINE
8
BLACK
6
CONTINUOUS
10
0.6572815354330709
20
1.3034023622047244
11
0.6568979921259842
21
1.3027380708661418
0
LINE
8
BLACK
6
CONTINUOUS
10
0.6568979921259842
20
1.3027380708661418
11
0.6566476377952756
21
1.3026469291338583
0
LINE
8
BLACK
6
CONTINUOUS
10
0.6566476377952756
20
1.3026469291338583
11
0.6564763779527559
21
1.3024428346456693
0
LINE
8
BLACK
6
CONTINUOUS
10
0.6564763779527559
20
1.3024428346456693
11
0.6557207874015748
21
1.3023095669291338
0
LINE
8
BLACK
6
CONTINUOUS
10
0.6557207874015748
20
1.3023095669291338
11
0.655
21
1.3020472440944881
0
LINE
8
BLACK
6
CONTINUOUS
10
0.655
20
1.3020472440944881
11
0.5549999999999999
21
1.3020472440944881
0
LINE
8
BLACK
6
CONTINUOUS
10
0.5549999999999999
20
1.3020472440944881
11
0.5546164566929134
21
1.3021148425196849
0
LINE
8
BLACK
6
CONTINUOUS
10
0.5546164566929134
20
1.3021148425196849
11
0.5544872440944881
21
1.3020920866141732
0
LINE
8
BLACK
6
CONTINUOUS
10
0.5544872440944881
20
1.3020920866141732
11
0.5543736220472441
21
1.3021576771653542
0
LINE
8
BLACK
6
CONTINUOUS
10
0.5543736220472441
20
1.3021576771653542
11
0.5539900787401575
21
1.30222531496063
0
LINE
8
BLACK
6
CONTINUOUS
10
0.5539900787401575
20
1.30222531496063
11
0.5534023622047244
21
1.3027184251968504
0
LINE
8
BLACK
6
CONTINUOUS
10
0.5534023622047244
20
1.3027184251968504
11
0.5527380708661417
21
1.3031020078740156
0
LINE
8
BLACK
6
CONTINUOUS
10
0.5527380708661417
20
1.3031020078740156
11
0.5526469291338583
21
1.3033523228346457
0
LINE
8
BLACK
6
CONTINUOUS
10
0.5526469291338583
20
1.3033523228346457
11
0.5524428346456692
21
1.3035236220472441
0
LINE
8
BLACK
6
CONTINUOUS
10
0.5524428346456692
20
1.3035236220472441
11
0.5523095669291338
21
1.3042791732283465
0
LINE
8
BLACK
6
CONTINUOUS
10
0.5523095669291338
20
1.3042791732283465
11
0.5520472440944881
21
1.3049999999999999
0
LINE
8
BLACK
6
CONTINUOUS
10
0.5520472440944881
20
1.3049999999999999
11
0.5520472440944881
21
1.5049999999999999
0
LINE
8
BLACK
6
CONTINUOUS
10
0.5520472440944881
20
1.5049999999999999
11
0.552114842519685
21
1.5053835039370078
0
LINE
8
BLACK
6
CONTINUOUS
10
0.552114842519685
20
1.5053835039370078
11
0.5520920866141732
21
1.5055127559055117
0
LINE
8
BLACK
6
CONTINUOUS
10
0.5520920866141732
20
1.5055127559055117
11
0.5521576771653544
21
1.5056263385826771
0
LINE
8
BLACK
6
CONTINUOUS
10
0.5521576771653544
20
1.5056263385826771
11
0.5522253149606299
21
1.5060099212598426
0
LINE
8
BLACK
6
CONTINUOUS
10
0.5522253149606299
20
1.5060099212598426
11
0.5527184251968503
21
1.5065975984251969
0
LINE
8
BLACK
6
CONTINUOUS
10
0.5527184251968503
20
1.5065975984251969
11
0.5531020078740158
21
1.5072619291338583
0
LINE
8
BLACK
6
CONTINUOUS
10
0.5531020078740158
20
1.5072619291338583
11
0.5533523228346456
21
1.507353031496063
0
LINE
8
BLACK
6
CONTINUOUS
10
0.5533523228346456
20
1.507353031496063
11
0.553523622047244
21
1.5075571653543307
0
LINE
8
BLACK
6
CONTINUOUS
10
0.553523622047244
20
1.5075571653543307
11
0.5542791732283464
21
1.5076903937007873
0
LINE
8
BLACK
6
CONTINUOUS
10
0.5542791732283464
20
1.5076903937007873
11
0.5549999999999999
21
1.5079527559055117
0
LINE
8
BLACK
6
CONTINUOUS
10
0.5549999999999999
20
1.5079527559055117
11
0.655
21
1.5079527559055117
0
LINE
8
BLACK
6
CONTINUOUS
10
0.655
20
1.5079527559055117
11
0.6553835039370078
21
1.5078851181102362
0
LINE
8
BLACK
6
CONTINUOUS
10
1.3629527559055117
20
1.5020472440944881
11
1.3629527559055117
21
1.3079527559055117
0
LINE
8
BLACK
6
CONTINUOUS
10
1.3629527559055117
20
1.3079527559055117
11
1.4570472440944882
21
1.3079527559055117
0
LINE
8
BLACK
6
CONTINUOUS
10
1.4570472440944882
20
1.3079527559055117
11
1.4570472440944882
21
1.5020472440944881
0
LINE
8
BLACK
6
CONTINUOUS
10
1.4570472440944882
20
1.5020472440944881
11
1.3629527559055117
21
1.5020472440944881
0
LINE
8
BLACK
6
CONTINUOUS
10
1.2629527559055118
20
1.5020472440944881
11
1.2629527559055118
21
1.3079527559055117
0
LINE
8
BLACK
6
CONTINUOUS
10
1.2629527559055118
20
1.3079527559055117
11
1.3570472440944881
21
1.3079527559055117
0
LINE
8
BLACK
6
CONTINUOUS
10
1.3570472440944881
20
1.3079527559055117
11
1.3570472440944881
21
1.5020472440944881
0
LINE
8
BLACK
6
CONTINUOUS
10
1.3570472440944881
20
1.5020472440944881
11
1.2629527559055118
21
1.5020472440944881
0
LINE
8
BLACK
6
CONTINUOUS
10
1.1629527559055117
20
1.5020472440944881
11
1.1629527559055117
21
1.3079527559055117
0
LINE
8
BLACK
6
CONTINUOUS
10
1.1629527559055117
20
1.3079527559055117
11
1.2570472440944882
21
1.3079527559055117
0
LINE
8
BLACK
6
CONTINUOUS
10
1.2570472440944882
20
1.3079527559055117
11
1.2570472440944882
21
1.5020472440944881
0
LINE
8
BLACK
6
CONTINUOUS
10
1.2570472440944882
20
1.5020472440944881
11
1.1629527559055117
21
1.5020472440944881
0
LINE
8
BLACK
6
CONTINUOUS
10
1.0629527559055119
20
1.5020472440944881
11
1.0629527559055119
21
1.3079527559055117
0
LINE
8
BLACK
6
CONTINUOUS
10
1.0629527559055119
20
1.3079527559055117
11
1.1570472440944881
21
1.3079527559055117
0
LINE
8
BLACK
6
CONTINUOUS
10
1.1570472440944881
20
1.3079527559055117
11
1.1570472440944881
21
1.5020472440944881
0
LINE
8
BLACK
6
CONTINUOUS
10
1.1570472440944881
20
1.5020472440944881
11
1.0629527559055119
21
1.5020472440944881
0
LINE
8
BLACK
6
CONTINUOUS
10
0.9629527559055118
20
1.5020472440944881
11
0.9629527559055118
21
1.3079527559055117
0
LINE
8
BLACK
6
CONTINUOUS
10
0.9629527559055118
20
1.3079527559055117
11
1.0570472440944882
21
1.3079527559055117
0
LINE
8
BLACK
6
CONTINUOUS
10
1.0570472440944882
20
1.3079527559055117
11
1.0570472440944882
21
1.5020472440944881
0
LINE
8
BLACK
6
CONTINUOUS
10
1.0570472440944882
20
1.5020472440944881
11
0.9629527559055118
21
1.5020472440944881
0
LINE
8
BLACK
6
CONTINUOUS
10
0.8629527559055118
20
1.5020472440944881
11
0.8629527559055118
21
1.3079527559055117
0
LINE
8
BLACK
6
CONTINUOUS
10
0.8629527559055118
20
1.3079527559055117
11
0.9570472440944882
21
1.3079527559055117
0
LINE
8
BLACK
6
CONTINUOUS
10
0.9570472440944882
20
1.3079527559055117
11
0.9570472440944882
21
1.5020472440944881
0
LINE
8
BLACK
6
CONTINUOUS
10
0.9570472440944882
20
1.5020472440944881
11
0.8629527559055118
21
1.5020472440944881
0
LINE
8
BLACK
6
CONTINUOUS
10
0.7629527559055118
20
1.5020472440944881
11
0.7629527559055118
21
1.3079527559055117
0
LINE
8
BLACK
6
CONTINUOUS
10
0.7629527559055118
20
1.3079527559055117
11
0.8570472440944882
21
1.3079527559055117
0
LINE
8
BLACK
6
CONTINUOUS
10
0.8570472440944882
20
1.3079527559055117
11
0.8570472440944882
21
1.5020472440944881
0
LINE
8
BLACK
6
CONTINUOUS
10
0.8570472440944882
20
1.5020472440944881
11
0.7629527559055118
21
1.5020472440944881
0
LINE
8
BLACK
6
CONTINUOUS
10
0.6629527559055118
20
1.5020472440944881
11
0.6629527559055118
21
1.3079527559055117
0
LINE
8
BLACK
6
CONTINUOUS
10
0.6629527559055118
20
1.3079527559055117
11
0.7570472440944882
21
1.3079527559055117
0
LINE
8
BLACK
6
CONTINUOUS
10
0.7570472440944882
20
1.3079527559055117
11
0.7570472440944882
21
1.5020472440944881
0
LINE
8
BLACK
6
CONTINUOUS
10
0.7570472440944882
20
1.5020472440944881
11
0.6629527559055118
21
1.5020472440944881
0
LINE
8
BLACK
6
CONTINUOUS
10
0.5579527559055117
20
1.5020472440944881
11
0.5579527559055117
21
1.3079527559055117
0
LINE
8
BLACK
6
CONTINUOUS
10
0.5579527559055117
20
1.3079527559055117
11
0.6520472440944882
21
1.3079527559055117
0
LINE
8
BLACK
6
CONTINUOUS
10
0.6520472440944882
20
1.3079527559055117
11
0.6520472440944882
21
1.5020472440944881
0
LINE
8
BLACK
6
CONTINUOUS
10
0.6520472440944882
20
1.5020472440944881
11
0.5579527559055117
21
1.5020472440944881
0
CIRCLE
8
BLACK
10
0.2
20
0.2
40
0.0068897637795276
0
CIRCLE
8
BLACK
10
1.8
20
0.2
40
0.0068897637795276
0
CIRCLE
8
BLACK
10
1.8
20
1.3999999999999999
40
0.0068897637795276
0
CIRCLE
8
BLACK
10
0.2
20
1.3999999999999999
40
0.0068897637795276
0
CIRCLE
8
BLACK
10
1.21
20
1.355
40
0.0068897637795276
0
CIRCLE
8
BLACK
10
1.21
20
1.4550000000000001
40
0.0068897637795276
0
CIRCLE
8
BLACK
10
0.71
20
1.355
40
0.0068897637795276
0
CIRCLE
8
BLACK
10
0.71
20
1.4550000000000001
40
0.0068897637795276
0
CIRCLE
8
BLACK
10
0.91
20
1.355
40
0.0068897637795276
0
CIRCLE
8
BLACK
10
0.91
20
1.4550000000000001
40
0.0068897637795276
0
CIRCLE
8
BLACK
10
1.4099999999999999
20
1.355
40
0.0068897637795276
0
CIRCLE
8
BLACK
10
1.4099999999999999
20
1.4550000000000001
40
0.0068897637795276
0
CIRCLE
8
BLACK
10
1.1099999999999999
20
1.355
40
0.0068897637795276
0
CIRCLE
8
BLACK
10
1.1099999999999999
20
1.4550000000000001
40
0.0068897637795276
0
CIRCLE
8
BLACK
10
1.3100000000000001
20
1.355
40
0.0068897637795276
0
CIRCLE
8
BLACK
10
1.3100000000000001
20
1.4550000000000001
40
0.0068897637795276
0
CIRCLE
8
BLACK
10
1.01
20
1.355
40
0.0068897637795276
0
CIRCLE
8
BLACK
10
1.01
20
1.4550000000000001
40
0.0068897637795276
0
CIRCLE
8
BLACK
10
0.605
20
1.355
40
0.0068897637795276
0
CIRCLE
8
BLACK
10
0.605
20
1.4550000000000001
40
0.0068897637795276
0
CIRCLE
8
BLACK
10
0.8099999999999999
20
1.355
40
0.0068897637795276
0
CIRCLE
8
BLACK
10
0.8099999999999999
20
1.4550000000000001
40
0.0068897637795276
0
CIRCLE
8
BLACK
10
0.125
20
0.45
40
0.0068897637795276
0
CIRCLE
8
BLACK
10
0.125
20
0.5499999999999999
40
0.0068897637795276
0
CIRCLE
8
BLACK
10
0.91
20
0.2331496062992126
40
0.0068897637795276
0
CIRCLE
8
BLACK
10
0.91
20
0.43
40
0.0068897637795276
0
CIRCLE
8
BLACK
10
0.71
20
0.2331496062992126
40
0.0068897637795276
0
CIRCLE
8
BLACK
10
0.71
20
0.43
40
0.0068897637795276
0
CIRCLE
8
BLACK
10
0.2081496062992126
20
0.85
40
0.0068897637795276
0
CIRCLE
8
BLACK
10
0.405
20
0.85
40
0.0068897637795276
0
CIRCLE
8
BLACK
10
0.2081496062992126
20
1.0449999999999999
40
0.0068897637795276
0
CIRCLE
8
BLACK
10
0.405
20
1.0449999999999999
40
0.0068897637795276
0
CIRCLE
8
BLACK
10
1.7868503937007874
20
1.0449999999999999
40
0.0068897637795276
0
CIRCLE
8
BLACK
10
1.5899999999999999
20
1.0449999999999999
40
0.0068897637795276
0
CIRCLE
8
BLACK
10
1.7868503937007874
20
0.85
40
0.0068897637795276
0
CIRCLE
8
BLACK
10
1.5899999999999999
20
0.85
40
0.0068897637795276
0
CIRCLE
8
BLACK
10
0.515
20
0.2331496062992126
40
0.0068897637795276
0
CIRCLE
8
BLACK
10
0.515
20
0.43
40
0.0068897637795276
0
CIRCLE
8
BLACK
10
1.1099999999999999
20
0.2331496062992126
40
0.0068897637795276
0
CIRCLE
8
BLACK
10
1.1099999999999999
20
0.43
40
0.0068897637795276
0
CIRCLE
8
BLACK
10
1.3100000000000001
20
0.2331496062992126
40
0.0068897637795276
0
CIRCLE
8
BLACK
10
1.3100000000000001
20
0.43
40
0.0068897637795276
0
CIRCLE
8
BLACK
10
1.51
20
0.2331496062992126
40
0.0068897637795276
0
CIRCLE
8
BLACK
10
1.51
20
0.43
40
0.0068897637795276
0
CIRCLE
8
BLACK
10
0.9813779527559054
20
0.8909448818897637
40
0.0068897637795276
0
CIRCLE
8
BLACK
10
1.0286220472440946
20
0.8909448818897637
40
0.0068897637795276
0
CIRCLE
8
BLACK
10
0.9813779527559054
20
0.9303149606299213
40
0.0068897637795276
0
CIRCLE
8
BLACK
10
1.0286220472440946
20
0.9303149606299213
40
0.0068897637795276
0
CIRCLE
8
BLACK
10
0.9813779527559054
20
0.9696850393700788
40
0.0068897637795276
0
CIRCLE
8
BLACK
10
1.0286220472440946
20
0.9696850393700788
40
0.0068897637795276
0
CIRCLE
8
BLACK
10
0.9813779527559054
20
1.0090551181102363
40
0.0068897637795276
0
CIRCLE
8
BLACK
10
1.0286220472440946
20
1.0090551181102363
40
0.0068897637795276
  0
ENDSEC
  0
EOF
