  0
SECTION
  2
HEADER
  9
$ANGBASE
  50
0.0
  9
$ANGDIR
  70
1
  9
$MEASUREMENT
  70
0
  0
ENDSEC
  0
SECTION
  2
TABLES
  0
TABLE
  2
LTYPE
  70
4
  0
LTYPE
  5
40F
  2
CONTINUOUS
  70
0
  3
Solid line
  72
65
  73
0
  40
0.0
  0
LTYPE
  5
410
  2
DASHDOT
 70
0
  3
Dash Dot ____ _ ____ _
 72
65
 73
4
 40
2.0
 49
1.25
 49
-0.25
 49
0.25
 49
-0.25
  0
LTYPE
  5
411
  2
DASHED
 70
0
  3
Dashed __ __ __ __ __
 72
65
 73
2
 40
0.75
 49
0.5
 49
-0.25
  0
LTYPE
  5
43B
  2
DOTTED
 70
0
  3
Dotted .  .  .  .
 72
65
 73
2
 40
0.2
 49
0.0
 49
-0.2
  0
ENDTAB
  0
TABLE
  2
STYLE
  70
4
  0
STYLE
  2
KICAD
  70
0
  40
0
  41
1
  42
1
  50
0
  71
0
  3
isocp.shx
  0
STYLE
  2
KICADB
  70
0
  40
0
  41
1
  42
1
  50
0
  71
0
  3
isocp.shx
  0
STYLE
  2
KICADI
  70
0
  40
0
  41
1
  42
1
  50
15
  71
0
  3
isocp.shx
  0
STYLE
  2
KICADBI
  70
0
  40
0
  41
1
  42
1
  50
15
  71
0
  3
isocp.shx
  0
ENDTAB
  0
TABLE
  2
LAYER
  70
1
  0
LAYER
  2
BLACK
  70
0
  62
7
  6
CONTINUOUS
  0
ENDTAB
  0
ENDSEC
  0
SECTION
  2
ENTITIES
0
LINE
8
BLACK
6
CONTINUOUS
10
0.2033930708661417
20
0.3257937007874016
11
0.2068202362204724
21
0.3257937007874016
0
LINE
8
BLACK
6
CONTINUOUS
10
0.2068202362204724
20
0.3257937007874016
11
0.2104794094488189
21
0.3253957086614173
0
LINE
8
BLACK
6
CONTINUOUS
10
0.2104794094488189
20
0.3253957086614173
11
0.2141057480314961
21
0.3251920866141732
0
LINE
8
BLACK
6
CONTINUOUS
10
0.2141057480314961
20
0.3251920866141732
11
0.2172249212598425
21
0.3246620866141732
0
LINE
8
BLACK
6
CONTINUOUS
10
0.2172249212598425
20
0.3246620866141732
11
0.2203811023622047
21
0.3243188582677165
0
LINE
8
BLACK
6
CONTINUOUS
10
0.2203811023622047
20
0.3243188582677165
11
0.2242248818897638
21
0.3234727559055118
0
LINE
8
BLACK
6
CONTINUOUS
10
0.2242248818897638
20
0.3234727559055118
11
0.2280341338582677
21
0.3228255511811023
0
LINE
8
BLACK
6
CONTINUOUS
10
0.2280341338582677
20
0.3228255511811023
11
0.2308478346456693
21
0.3220149212598425
0
LINE
8
BLACK
6
CONTINUOUS
10
0.2308478346456693
20
0.3220149212598425
11
0.233702874015748
21
0.3213864960629921
0
LINE
8
BLACK
6
CONTINUOUS
10
0.233702874015748
20
0.3213864960629921
11
0.2376761023622047
21
0.3200477559055118
0
LINE
8
BLACK
6
CONTINUOUS
10
0.2376761023622047
20
0.3200477559055118
11
0.2416099606299213
21
0.3189144488188976
0
LINE
8
BLACK
6
CONTINUOUS
10
0.2416099606299213
20
0.3189144488188976
11
0.2440963779527559
21
0.3178845275590551
0
LINE
8
BLACK
6
CONTINUOUS
10
0.2440963779527559
20
0.3178845275590551
11
0.2466292913385827
21
0.3170311023622047
0
LINE
8
BLACK
6
CONTINUOUS
10
0.2466292913385827
20
0.3170311023622047
11
0.2506707874015748
21
0.3151612992125984
0
LINE
8
BLACK
6
CONTINUOUS
10
0.2506707874015748
20
0.3151612992125984
11
0.2546625196850394
21
0.313507874015748
0
LINE
8
BLACK
6
CONTINUOUS
10
0.2546625196850394
20
0.313507874015748
11
0.2568098031496063
21
0.312321062992126
0
LINE
8
BLACK
6
CONTINUOUS
10
0.2568098031496063
20
0.312321062992126
11
0.2590093307086614
21
0.3113035039370078
0
LINE
8
BLACK
6
CONTINUOUS
10
0.2590093307086614
20
0.3113035039370078
11
0.2630505511811024
21
0.308871968503937
0
LINE
8
BLACK
6
CONTINUOUS
10
0.2630505511811024
20
0.308871968503937
11
0.2670276771653543
21
0.3066738976377953
0
LINE
8
BLACK
6
CONTINUOUS
10
0.2670276771653543
20
0.3066738976377953
11
0.2688345669291339
21
0.3053918110236221
0
LINE
8
BLACK
6
CONTINUOUS
10
0.2688345669291339
20
0.3053918110236221
11
0.2706976377952756
21
0.3042708661417323
0
LINE
8
BLACK
6
CONTINUOUS
10
0.2706976377952756
20
0.3042708661417323
11
0.2746654724409449
21
0.3012545669291338
0
LINE
8
BLACK
6
CONTINUOUS
10
0.2746654724409449
20
0.3012545669291338
11
0.2785498818897638
21
0.2984984645669291
0
LINE
8
BLACK
6
CONTINUOUS
10
0.2785498818897638
20
0.2984984645669291
11
0.2800237007874016
21
0.2971813779527559
0
LINE
8
BLACK
6
CONTINUOUS
10
0.2800237007874016
20
0.2971813779527559
11
0.2815566535433071
21
0.296016062992126
0
LINE
8
BLACK
6
CONTINUOUS
10
0.2815566535433071
20
0.296016062992126
11
0.285373937007874
21
0.2924000787401575
0
LINE
8
BLACK
6
CONTINUOUS
10
0.285373937007874
20
0.2924000787401575
11
0.2890843307086614
21
0.2890843307086614
0
LINE
8
BLACK
6
CONTINUOUS
10
0.2890843307086614
20
0.2890843307086614
11
0.2902422440944882
21
0.2877885826771653
0
LINE
8
BLACK
6
CONTINUOUS
10
0.2902422440944882
20
0.2877885826771653
11
0.2914596456692913
21
0.2866354330708661
0
LINE
8
BLACK
6
CONTINUOUS
10
0.2914596456692913
20
0.2866354330708661
11
0.2950464960629921
21
0.2824126377952756
0
LINE
8
BLACK
6
CONTINUOUS
10
0.2950464960629921
20
0.2824126377952756
11
0.2984984645669291
21
0.2785498818897638
0
LINE
8
BLACK
6
CONTINUOUS
10
0.2984984645669291
20
0.2785498818897638
11
0.2993655118110236
21
0.2773278346456693
0
LINE
8
BLACK
6
CONTINUOUS
10
0.2993655118110236
20
0.2773278346456693
11
0.3002906692913386
21
0.2762387007874016
0
LINE
8
BLACK
6
CONTINUOUS
10
0.3002906692913386
20
0.2762387007874016
11
0.303567874015748
21
0.271405157480315
0
LINE
8
BLACK
6
CONTINUOUS
10
0.303567874015748
20
0.271405157480315
11
0.3066738976377953
21
0.2670276771653543
0
LINE
8
BLACK
6
CONTINUOUS
10
0.3066738976377953
20
0.2670276771653543
11
0.3072822047244094
21
0.2659269291338582
0
LINE
8
BLACK
6
CONTINUOUS
10
0.3072822047244094
20
0.2659269291338582
11
0.3079456299212598
21
0.2649485433070866
0
LINE
8
BLACK
6
CONTINUOUS
10
0.3079456299212598
20
0.2649485433070866
11
0.3108335433070866
21
0.2595013385826772
0
LINE
8
BLACK
6
CONTINUOUS
10
0.3108335433070866
20
0.2595013385826772
11
0.313507874015748
21
0.2546625196850394
0
LINE
8
BLACK
6
CONTINUOUS
10
0.313507874015748
20
0.2546625196850394
11
0.3138970078740158
21
0.2537229527559055
0
LINE
8
BLACK
6
CONTINUOUS
10
0.3138970078740158
20
0.2537229527559055
11
0.3143348031496063
21
0.2528972834645669
0
LINE
8
BLACK
6
CONTINUOUS
10
0.3143348031496063
20
0.2528972834645669
11
0.3167526377952756
21
0.2468289763779528
0
LINE
8
BLACK
6
CONTINUOUS
10
0.3167526377952756
20
0.2468289763779528
11
0.3189144488188976
21
0.2416099606299213
0
LINE
8
BLACK
6
CONTINUOUS
10
0.3189144488188976
20
0.2416099606299213
11
0.3191294094488189
21
0.2408637401574803
0
LINE
8
BLACK
6
CONTINUOUS
10
0.3191294094488189
20
0.2408637401574803
11
0.3193839763779527
21
0.2402248818897638
0
LINE
8
BLACK
6
CONTINUOUS
10
0.3193839763779527
20
0.2402248818897638
11
0.3212576771653543
21
0.2334763385826772
0
LINE
8
BLACK
6
CONTINUOUS
10
0.3212576771653543
20
0.2334763385826772
11
0.3228255511811023
21
0.2280341338582677
0
LINE
8
BLACK
6
CONTINUOUS
10
0.3228255511811023
20
0.2280341338582677
11
0.3229151968503937
21
0.2275064566929134
0
LINE
8
BLACK
6
CONTINUOUS
10
0.3229151968503937
20
0.2275064566929134
11
0.3230331102362204
21
0.227081811023622
0
LINE
8
BLACK
6
CONTINUOUS
10
0.3230331102362204
20
0.227081811023622
11
0.3242899212598425
21
0.2194154724409449
0
LINE
8
BLACK
6
CONTINUOUS
10
0.3242899212598425
20
0.2194154724409449
11
0.3251920866141732
21
0.2141057480314961
0
LINE
8
BLACK
6
CONTINUOUS
10
0.3251920866141732
20
0.2141057480314961
11
0.3252085826771653
21
0.2138117322834646
0
LINE
8
BLACK
6
CONTINUOUS
10
0.3252085826771653
20
0.2138117322834646
11
0.3252399606299213
21
0.2136204330708661
0
LINE
8
BLACK
6
CONTINUOUS
10
0.3252399606299213
20
0.2136204330708661
11
0.3258165748031496
21
0.2029851181102362
0
LINE
8
BLACK
6
CONTINUOUS
10
0.3258165748031496
20
0.2029851181102362
11
0.3259842519685039
21
0.2
0
LINE
8
BLACK
6
CONTINUOUS
10
0.3259842519685039
20
0.2
11
0.3258166141732283
21
0.1970151181102362
0
LINE
8
BLACK
6
CONTINUOUS
10
0.3258166141732283
20
0.1970151181102362
11
0.3252399606299213
21
0.1863795275590551
0
LINE
8
BLACK
6
CONTINUOUS
10
0.3252399606299213
20
0.1863795275590551
11
0.3252085826771653
21
0.186188188976378
0
LINE
8
BLACK
6
CONTINUOUS
10
0.3252085826771653
20
0.186188188976378
11
0.3251920866141732
21
0.1858942519685039
0
LINE
8
BLACK
6
CONTINUOUS
10
0.3251920866141732
20
0.1858942519685039
11
0.3242900787401575
21
0.1805855905511811
0
LINE
8
BLACK
6
CONTINUOUS
10
0.3242900787401575
20
0.1805855905511811
11
0.3230331102362204
21
0.1729181496062992
0
LINE
8
BLACK
6
CONTINUOUS
10
0.3230331102362204
20
0.1729181496062992
11
0.322915157480315
21
0.1724934251968504
0
LINE
8
BLACK
6
CONTINUOUS
10
0.322915157480315
20
0.1724934251968504
11
0.3228255511811023
21
0.1719658661417323
0
LINE
8
BLACK
6
CONTINUOUS
10
0.3228255511811023
20
0.1719658661417323
11
0.3212579527559055
21
0.1665246456692913
0
LINE
8
BLACK
6
CONTINUOUS
10
0.3212579527559055
20
0.1665246456692913
11
0.3193839763779527
21
0.1597750787401575
0
LINE
8
BLACK
6
CONTINUOUS
10
0.3193839763779527
20
0.1597750787401575
11
0.3191293700787401
21
0.1591361023622047
0
LINE
8
BLACK
6
CONTINUOUS
10
0.3191293700787401
20
0.1591361023622047
11
0.3189144488188976
21
0.1583900393700787
0
LINE
8
BLACK
6
CONTINUOUS
10
0.3189144488188976
20
0.1583900393700787
11
0.316753031496063
21
0.1531720078740157
0
LINE
8
BLACK
6
CONTINUOUS
10
0.316753031496063
20
0.1531720078740157
11
0.3143348031496063
21
0.1471026771653543
0
LINE
8
BLACK
6
CONTINUOUS
10
0.3143348031496063
20
0.1471026771653543
11
0.313896968503937
21
0.1462768110236221
0
LINE
8
BLACK
6
CONTINUOUS
10
0.313896968503937
20
0.1462768110236221
11
0.313507874015748
21
0.1453374803149606
0
LINE
8
BLACK
6
CONTINUOUS
10
0.313507874015748
20
0.1453374803149606
11
0.3108340551181102
21
0.1404995669291338
0
LINE
8
BLACK
6
CONTINUOUS
10
0.3108340551181102
20
0.1404995669291338
11
0.3079456299212598
21
0.1350514173228347
0
LINE
8
BLACK
6
CONTINUOUS
10
0.3079456299212598
20
0.1350514173228347
11
0.3072820866141732
21
0.1340727952755905
0
LINE
8
BLACK
6
CONTINUOUS
10
0.3072820866141732
20
0.1340727952755905
11
0.3066738976377953
21
0.1329723228346457
0
LINE
8
BLACK
6
CONTINUOUS
10
0.3066738976377953
20
0.1329723228346457
11
0.3035684645669292
21
0.1285956299212598
0
LINE
8
BLACK
6
CONTINUOUS
10
0.3035684645669292
20
0.1285956299212598
11
0.3002906692913386
21
0.1237612598425197
0
LINE
8
BLACK
6
CONTINUOUS
10
0.3002906692913386
20
0.1237612598425197
11
0.2993653543307087
21
0.1226718897637795
0
LINE
8
BLACK
6
CONTINUOUS
10
0.2993653543307087
20
0.1226718897637795
11
0.2984984645669291
21
0.1214501181102362
0
LINE
8
BLACK
6
CONTINUOUS
10
0.2984984645669291
20
0.1214501181102362
11
0.2950471653543307
21
0.1175881102362205
0
LINE
8
BLACK
6
CONTINUOUS
10
0.2950471653543307
20
0.1175881102362205
11
0.2914596456692913
21
0.1133645275590551
0
LINE
8
BLACK
6
CONTINUOUS
10
0.2914596456692913
20
0.1133645275590551
11
0.2902420078740157
21
0.1122111023622047
0
LINE
8
BLACK
6
CONTINUOUS
10
0.2902420078740157
20
0.1122111023622047
11
0.2890843307086614
21
0.1109156692913386
0
LINE
8
BLACK
6
CONTINUOUS
10
0.2890843307086614
20
0.1109156692913386
11
0.2853746850393701
21
0.1076005118110236
0
LINE
8
BLACK
6
CONTINUOUS
10
0.2853746850393701
20
0.1076005118110236
11
0.2815566535433071
21
0.1039838976377953
0
LINE
8
BLACK
6
CONTINUOUS
10
0.2815566535433071
20
0.1039838976377953
11
0.2800233858267717
21
0.1028183464566929
0
LINE
8
BLACK
6
CONTINUOUS
10
0.2800233858267717
20
0.1028183464566929
11
0.2785498818897638
21
0.1015015354330709
0
LINE
8
BLACK
6
CONTINUOUS
10
0.2785498818897638
20
0.1015015354330709
11
0.2746662598425197
21
0.0987459448818898
0
LINE
8
BLACK
6
CONTINUOUS
10
0.2746662598425197
20
0.0987459448818898
11
0.2706976377952756
21
0.095729094488189
0
LINE
8
BLACK
6
CONTINUOUS
10
0.2706976377952756
20
0.095729094488189
11
0.2688341732283465
21
0.094607874015748
0
LINE
8
BLACK
6
CONTINUOUS
10
0.2688341732283465
20
0.094607874015748
11
0.2670276771653543
21
0.0933261023622047
0
LINE
8
BLACK
6
CONTINUOUS
10
0.2670276771653543
20
0.0933261023622047
11
0.2630513385826772
21
0.0911284645669291
0
LINE
8
BLACK
6
CONTINUOUS
10
0.2630513385826772
20
0.0911284645669291
11
0.2590093307086614
21
0.0886964566929134
0
LINE
8
BLACK
6
CONTINUOUS
10
0.2590093307086614
20
0.0886964566929134
11
0.2568093700787402
21
0.0876786220472441
0
LINE
8
BLACK
6
CONTINUOUS
10
0.2568093700787402
20
0.0876786220472441
11
0.2546625196850394
21
0.086492125984252
0
LINE
8
BLACK
6
CONTINUOUS
10
0.2546625196850394
20
0.086492125984252
11
0.2506716141732284
21
0.0848390157480315
0
LINE
8
BLACK
6
CONTINUOUS
10
0.2506716141732284
20
0.0848390157480315
11
0.2466292913385827
21
0.0829688582677165
0
LINE
8
BLACK
6
CONTINUOUS
10
0.2466292913385827
20
0.0829688582677165
11
0.2440958661417323
21
0.0821152362204724
0
LINE
8
BLACK
6
CONTINUOUS
10
0.2440958661417323
20
0.0821152362204724
11
0.2416099606299213
21
0.0810855511811024
0
LINE
8
BLACK
6
CONTINUOUS
10
0.2416099606299213
20
0.0810855511811024
11
0.2376768897637795
21
0.0799524409448819
0
LINE
8
BLACK
6
CONTINUOUS
10
0.2376768897637795
20
0.0799524409448819
11
0.233702874015748
21
0.0786134645669291
0
LINE
8
BLACK
6
CONTINUOUS
10
0.233702874015748
20
0.0786134645669291
11
0.2308472440944882
21
0.0779848818897638
0
LINE
8
BLACK
6
CONTINUOUS
10
0.2308472440944882
20
0.0779848818897638
11
0.2280341338582677
21
0.0771744488188976
0
LINE
8
BLACK
6
CONTINUOUS
10
0.2280341338582677
20
0.0771744488188976
11
0.2242256692913386
21
0.0765273622047244
0
LINE
8
BLACK
6
CONTINUOUS
10
0.2242256692913386
20
0.0765273622047244
11
0.2203811023622047
21
0.0756811023622047
0
LINE
8
BLACK
6
CONTINUOUS
10
0.2203811023622047
20
0.0756811023622047
11
0.2172244094488189
21
0.0753377952755905
0
LINE
8
BLACK
6
CONTINUOUS
10
0.2172244094488189
20
0.0753377952755905
11
0.2141057480314961
21
0.0748079133858268
0
LINE
8
BLACK
6
CONTINUOUS
10
0.2141057480314961
20
0.0748079133858268
11
0.2104796062992126
21
0.0746042519685039
0
LINE
8
BLACK
6
CONTINUOUS
10
0.2104796062992126
20
0.0746042519685039
11
0.2068202362204724
21
0.0742062992125984
0
LINE
8
BLACK
6
CONTINUOUS
10
0.2068202362204724
20
0.0742062992125984
11
0.2033930708661417
21
0.0742062992125984
0
LINE
8
BLACK
6
CONTINUOUS
10
0.2033930708661417
20
0.0742062992125984
11
0.2
21
0.0740157480314961
0
LINE
8
BLACK
6
CONTINUOUS
10
0.2
20
0.0740157480314961
11
0.1966069291338583
21
0.0742062992125984
0
LINE
8
BLACK
6
CONTINUOUS
10
0.1966069291338583
20
0.0742062992125984
11
0.1931797637795276
21
0.0742062992125984
0
LINE
8
BLACK
6
CONTINUOUS
10
0.1931797637795276
20
0.0742062992125984
11
0.1895203149606299
21
0.0746042519685039
0
LINE
8
BLACK
6
CONTINUOUS
10
0.1895203149606299
20
0.0746042519685039
11
0.1858942519685039
21
0.0748079133858268
0
LINE
8
BLACK
6
CONTINUOUS
10
0.1858942519685039
20
0.0748079133858268
11
0.1827755905511811
21
0.0753377559055118
0
LINE
8
BLACK
6
CONTINUOUS
10
0.1827755905511811
20
0.0753377559055118
11
0.1796188582677165
21
0.0756811023622047
0
LINE
8
BLACK
6
CONTINUOUS
10
0.1796188582677165
20
0.0756811023622047
11
0.175774094488189
21
0.0765273622047244
0
LINE
8
BLACK
6
CONTINUOUS
10
0.175774094488189
20
0.0765273622047244
11
0.1719658661417323
21
0.0771744488188976
0
LINE
8
BLACK
6
CONTINUOUS
10
0.1719658661417323
20
0.0771744488188976
11
0.1691528346456693
21
0.077984842519685
0
LINE
8
BLACK
6
CONTINUOUS
10
0.1691528346456693
20
0.077984842519685
11
0.1662970866141732
21
0.0786134645669291
0
LINE
8
BLACK
6
CONTINUOUS
10
0.1662970866141732
20
0.0786134645669291
11
0.1623227952755905
21
0.0799525196850394
0
LINE
8
BLACK
6
CONTINUOUS
10
0.1623227952755905
20
0.0799525196850394
11
0.1583900393700787
21
0.0810855511811024
0
LINE
8
BLACK
6
CONTINUOUS
10
0.1583900393700787
20
0.0810855511811024
11
0.1559042913385827
21
0.082115157480315
0
LINE
8
BLACK
6
CONTINUOUS
10
0.1559042913385827
20
0.082115157480315
11
0.1533706692913386
21
0.0829688582677165
0
LINE
8
BLACK
6
CONTINUOUS
10
0.1533706692913386
20
0.0829688582677165
11
0.1493279921259842
21
0.0848391732283465
0
LINE
8
BLACK
6
CONTINUOUS
10
0.1493279921259842
20
0.0848391732283465
11
0.1453374803149606
21
0.086492125984252
0
LINE
8
BLACK
6
CONTINUOUS
10
0.1453374803149606
20
0.086492125984252
11
0.1431907874015748
21
0.0876785433070866
0
LINE
8
BLACK
6
CONTINUOUS
10
0.1431907874015748
20
0.0876785433070866
11
0.1409906299212599
21
0.0886964566929134
0
LINE
8
BLACK
6
CONTINUOUS
10
0.1409906299212599
20
0.0886964566929134
11
0.1369481496062992
21
0.0911287401574803
0
LINE
8
BLACK
6
CONTINUOUS
10
0.1369481496062992
20
0.0911287401574803
11
0.1329723228346457
21
0.0933261023622047
0
LINE
8
BLACK
6
CONTINUOUS
10
0.1329723228346457
20
0.0933261023622047
11
0.1311659842519685
21
0.0946077165354331
0
LINE
8
BLACK
6
CONTINUOUS
10
0.1311659842519685
20
0.0946077165354331
11
0.1293023228346457
21
0.095729094488189
0
LINE
8
BLACK
6
CONTINUOUS
10
0.1293023228346457
20
0.095729094488189
11
0.1253331102362205
21
0.0987463779527559
0
LINE
8
BLACK
6
CONTINUOUS
10
0.1253331102362205
20
0.0987463779527559
11
0.1214501181102362
21
0.1015015354330709
0
LINE
8
BLACK
6
CONTINUOUS
10
0.1214501181102362
20
0.1015015354330709
11
0.1199768110236221
21
0.1028181496062992
0
LINE
8
BLACK
6
CONTINUOUS
10
0.1199768110236221
20
0.1028181496062992
11
0.1184433070866142
21
0.1039838976377953
0
LINE
8
BLACK
6
CONTINUOUS
10
0.1184433070866142
20
0.1039838976377953
11
0.1146246062992126
21
0.1076011417322835
0
LINE
8
BLACK
6
CONTINUOUS
10
0.1146246062992126
20
0.1076011417322835
11
0.1109156692913386
21
0.1109156692913386
0
LINE
8
BLACK
6
CONTINUOUS
10
0.1109156692913386
20
0.1109156692913386
11
0.1097581496062992
21
0.1122108661417323
0
LINE
8
BLACK
6
CONTINUOUS
10
0.1097581496062992
20
0.1122108661417323
11
0.1085403149606299
21
0.1133645275590551
0
LINE
8
BLACK
6
CONTINUOUS
10
0.1085403149606299
20
0.1133645275590551
11
0.1049520078740157
21
0.1175889763779528
0
LINE
8
BLACK
6
CONTINUOUS
10
0.1049520078740157
20
0.1175889763779528
11
0.1015015354330709
21
0.1214501181102362
0
LINE
8
BLACK
6
CONTINUOUS
10
0.1015015354330709
20
0.1214501181102362
11
0.1006348031496063
21
0.1226716141732283
0
LINE
8
BLACK
6
CONTINUOUS
10
0.1006348031496063
20
0.1226716141732283
11
0.0997092913385827
21
0.1237612598425197
0
LINE
8
BLACK
6
CONTINUOUS
10
0.0997092913385827
20
0.1237612598425197
11
0.0964305905511811
21
0.1285968897637795
0
LINE
8
BLACK
6
CONTINUOUS
10
0.0964305905511811
20
0.1285968897637795
11
0.0933261023622047
21
0.1329723228346457
0
LINE
8
BLACK
6
CONTINUOUS
10
0.0933261023622047
20
0.1329723228346457
11
0.092718031496063
21
0.1340724803149606
0
LINE
8
BLACK
6
CONTINUOUS
10
0.092718031496063
20
0.1340724803149606
11
0.0920543307086614
21
0.1350514173228347
0
LINE
8
BLACK
6
CONTINUOUS
10
0.0920543307086614
20
0.1350514173228347
11
0.0891649606299213
21
0.1405012992125984
0
LINE
8
BLACK
6
CONTINUOUS
10
0.0891649606299213
20
0.1405012992125984
11
0.086492125984252
21
0.1453374803149606
0
LINE
8
BLACK
6
CONTINUOUS
10
0.086492125984252
20
0.1453374803149606
11
0.0861031496062992
21
0.1462764960629921
0
LINE
8
BLACK
6
CONTINUOUS
10
0.0861031496062992
20
0.1462764960629921
11
0.085665157480315
21
0.1471026771653543
0
LINE
8
BLACK
6
CONTINUOUS
10
0.085665157480315
20
0.1471026771653543
11
0.0832458661417323
21
0.1531744881889764
0
LINE
8
BLACK
6
CONTINUOUS
10
0.0832458661417323
20
0.1531744881889764
11
0.0810855511811024
21
0.1583900393700787
0
LINE
8
BLACK
6
CONTINUOUS
10
0.0810855511811024
20
0.1583900393700787
11
0.0808707086614173
21
0.159135748031496
0
LINE
8
BLACK
6
CONTINUOUS
10
0.0808707086614173
20
0.159135748031496
11
0.0806159842519685
21
0.1597750787401575
0
LINE
8
BLACK
6
CONTINUOUS
10
0.0806159842519685
20
0.1597750787401575
11
0.078740905511811
21
0.1665284251968504
0
LINE
8
BLACK
6
CONTINUOUS
10
0.078740905511811
20
0.1665284251968504
11
0.0771744488188976
21
0.1719658661417323
0
LINE
8
BLACK
6
CONTINUOUS
10
0.0771744488188976
20
0.1719658661417323
11
0.077084842519685
21
0.172493031496063
0
LINE
8
BLACK
6
CONTINUOUS
10
0.077084842519685
20
0.172493031496063
11
0.0769668503937008
21
0.1729181496062992
0
LINE
8
BLACK
6
CONTINUOUS
10
0.0769668503937008
20
0.1729181496062992
11
0.0757087401574803
21
0.1805921653543307
0
LINE
8
BLACK
6
CONTINUOUS
10
0.0757087401574803
20
0.1805921653543307
11
0.0748079133858268
21
0.1858942519685039
0
LINE
8
BLACK
6
CONTINUOUS
10
0.0748079133858268
20
0.1858942519685039
11
0.0747914173228346
21
0.1861877952755905
0
LINE
8
BLACK
6
CONTINUOUS
10
0.0747914173228346
20
0.1861877952755905
11
0.07476
21
0.1863795275590551
0
LINE
8
BLACK
6
CONTINUOUS
10
0.07476
20
0.1863795275590551
11
0.0741822047244095
21
0.1970353937007874
0
LINE
8
BLACK
6
CONTINUOUS
10
0.0741822047244095
20
0.1970353937007874
11
0.0740157480314961
21
0.2
0
LINE
8
BLACK
6
CONTINUOUS
10
0.0740157480314961
20
0.2
11
0.0741822440944882
21
0.2029648031496063
0
LINE
8
BLACK
6
CONTINUOUS
10
0.0741822440944882
20
0.2029648031496063
11
0.07476
21
0.2136204330708661
0
LINE
8
BLACK
6
CONTINUOUS
10
0.07476
20
0.2136204330708661
11
0.0747914173228346
21
0.2138120866141732
0
LINE
8
BLACK
6
CONTINUOUS
10
0.0747914173228346
20
0.2138120866141732
11
0.0748079133858268
21
0.2141057480314961
0
LINE
8
BLACK
6
CONTINUOUS
10
0.0748079133858268
20
0.2141057480314961
11
0.075708937007874
21
0.2194088582677165
0
LINE
8
BLACK
6
CONTINUOUS
10
0.075708937007874
20
0.2194088582677165
11
0.0769668503937008
21
0.227081811023622
0
LINE
8
BLACK
6
CONTINUOUS
10
0.0769668503937008
20
0.227081811023622
11
0.077084842519685
21
0.2275068110236221
0
LINE
8
BLACK
6
CONTINUOUS
10
0.077084842519685
20
0.2275068110236221
11
0.0771744488188976
21
0.2280341338582677
0
LINE
8
BLACK
6
CONTINUOUS
10
0.0771744488188976
20
0.2280341338582677
11
0.0787412204724409
21
0.2334725984251969
0
LINE
8
BLACK
6
CONTINUOUS
10
0.0787412204724409
20
0.2334725984251969
11
0.0806159842519685
21
0.2402248818897638
0
LINE
8
BLACK
6
CONTINUOUS
10
0.0806159842519685
20
0.2402248818897638
11
0.0808706692913386
21
0.240864094488189
0
LINE
8
BLACK
6
CONTINUOUS
10
0.0808706692913386
20
0.240864094488189
11
0.0810855511811024
21
0.2416099606299213
0
LINE
8
BLACK
6
CONTINUOUS
10
0.0810855511811024
20
0.2416099606299213
11
0.0832462992125984
21
0.2468264566929134
0
LINE
8
BLACK
6
CONTINUOUS
10
0.0832462992125984
20
0.2468264566929134
11
0.085665157480315
21
0.2528972834645669
0
LINE
8
BLACK
6
CONTINUOUS
10
0.085665157480315
20
0.2528972834645669
11
0.0861030708661417
21
0.2537233070866142
0
LINE
8
BLACK
6
CONTINUOUS
10
0.0861030708661417
20
0.2537233070866142
11
0.086492125984252
21
0.2546625196850394
0
LINE
8
BLACK
6
CONTINUOUS
10
0.086492125984252
20
0.2546625196850394
11
0.0891654724409449
21
0.2594995669291338
0
LINE
8
BLACK
6
CONTINUOUS
10
0.0891654724409449
20
0.2594995669291338
11
0.0920543307086614
21
0.2649485433070866
0
LINE
8
BLACK
6
CONTINUOUS
10
0.0920543307086614
20
0.2649485433070866
11
0.0927179133858268
21
0.2659272440944882
0
LINE
8
BLACK
6
CONTINUOUS
10
0.0927179133858268
20
0.2659272440944882
11
0.0933261023622047
21
0.2670276771653543
0
LINE
8
BLACK
6
CONTINUOUS
10
0.0933261023622047
20
0.2670276771653543
11
0.0964311811023622
21
0.2714038976377953
0
LINE
8
BLACK
6
CONTINUOUS
10
0.0964311811023622
20
0.2714038976377953
11
0.0997092913385827
21
0.2762387007874016
0
LINE
8
BLACK
6
CONTINUOUS
10
0.0997092913385827
20
0.2762387007874016
11
0.1006346456692913
21
0.2773281102362204
0
LINE
8
BLACK
6
CONTINUOUS
10
0.1006346456692913
20
0.2773281102362204
11
0.1015015354330709
21
0.2785498818897638
0
LINE
8
BLACK
6
CONTINUOUS
10
0.1015015354330709
20
0.2785498818897638
11
0.1049526771653543
21
0.2824117322834646
0
LINE
8
BLACK
6
CONTINUOUS
10
0.1049526771653543
20
0.2824117322834646
11
0.1085403149606299
21
0.2866354330708661
0
LINE
8
BLACK
6
CONTINUOUS
10
0.1085403149606299
20
0.2866354330708661
11
0.1097579527559055
21
0.2877888188976378
0
LINE
8
BLACK
6
CONTINUOUS
10
0.1097579527559055
20
0.2877888188976378
11
0.1109156692913386
21
0.2890843307086614
0
LINE
8
BLACK
6
CONTINUOUS
10
0.1109156692913386
20
0.2890843307086614
11
0.1146253149606299
21
0.2923994881889764
0
LINE
8
BLACK
6
CONTINUOUS
10
0.1146253149606299
20
0.2923994881889764
11
0.1184433070866142
21
0.296016062992126
0
LINE
8
BLACK
6
CONTINUOUS
10
0.1184433070866142
20
0.296016062992126
11
0.1199764960629921
21
0.2971815748031496
0
LINE
8
BLACK
6
CONTINUOUS
10
0.1199764960629921
20
0.2971815748031496
11
0.1214501181102362
21
0.2984984645669291
0
LINE
8
BLACK
6
CONTINUOUS
10
0.1214501181102362
20
0.2984984645669291
11
0.1253338976377953
21
0.3012541338582677
0
LINE
8
BLACK
6
CONTINUOUS
10
0.1253338976377953
20
0.3012541338582677
11
0.1293023228346457
21
0.3042708661417323
0
LINE
8
BLACK
6
CONTINUOUS
10
0.1293023228346457
20
0.3042708661417323
11
0.1311656299212599
21
0.305391968503937
0
LINE
8
BLACK
6
CONTINUOUS
10
0.1311656299212599
20
0.305391968503937
11
0.1329723228346457
21
0.3066738976377953
0
LINE
8
BLACK
6
CONTINUOUS
10
0.1329723228346457
20
0.3066738976377953
11
0.136948937007874
21
0.3088716929133858
0
LINE
8
BLACK
6
CONTINUOUS
10
0.136948937007874
20
0.3088716929133858
11
0.1409906299212599
21
0.3113035039370078
0
LINE
8
BLACK
6
CONTINUOUS
10
0.1409906299212599
20
0.3113035039370078
11
0.1431903543307086
21
0.3123211811023622
0
LINE
8
BLACK
6
CONTINUOUS
10
0.1431903543307086
20
0.3123211811023622
11
0.1453374803149606
21
0.313507874015748
0
LINE
8
BLACK
6
CONTINUOUS
10
0.1453374803149606
20
0.313507874015748
11
0.1493288188976378
21
0.3151611417322834
0
LINE
8
BLACK
6
CONTINUOUS
10
0.1493288188976378
20
0.3151611417322834
11
0.1533706692913386
21
0.3170311023622047
0
LINE
8
BLACK
6
CONTINUOUS
10
0.1533706692913386
20
0.3170311023622047
11
0.155903779527559
21
0.3178846062992126
0
LINE
8
BLACK
6
CONTINUOUS
10
0.155903779527559
20
0.3178846062992126
11
0.1583900393700787
21
0.3189144488188976
0
LINE
8
BLACK
6
CONTINUOUS
10
0.1583900393700787
20
0.3189144488188976
11
0.1623235826771653
21
0.3200476771653543
0
LINE
8
BLACK
6
CONTINUOUS
10
0.1623235826771653
20
0.3200476771653543
11
0.1662970866141732
21
0.3213864960629921
0
LINE
8
BLACK
6
CONTINUOUS
10
0.1662970866141732
20
0.3213864960629921
11
0.1691522440944882
21
0.3220149606299212
0
LINE
8
BLACK
6
CONTINUOUS
10
0.1691522440944882
20
0.3220149606299212
11
0.1719658661417323
21
0.3228255511811023
0
LINE
8
BLACK
6
CONTINUOUS
10
0.1719658661417323
20
0.3228255511811023
11
0.1757748818897638
21
0.3234727165354331
0
LINE
8
BLACK
6
CONTINUOUS
10
0.1757748818897638
20
0.3234727165354331
11
0.1796188582677165
21
0.3243188582677165
0
LINE
8
BLACK
6
CONTINUOUS
10
0.1796188582677165
20
0.3243188582677165
11
0.1827751181102362
21
0.3246620866141732
0
LINE
8
BLACK
6
CONTINUOUS
10
0.1827751181102362
20
0.3246620866141732
11
0.1858942519685039
21
0.3251920866141732
0
LINE
8
BLACK
6
CONTINUOUS
10
0.1858942519685039
20
0.3251920866141732
11
0.1895205511811024
21
0.3253957086614173
0
LINE
8
BLACK
6
CONTINUOUS
10
0.1895205511811024
20
0.3253957086614173
11
0.1931797637795276
21
0.3257937007874016
0
LINE
8
BLACK
6
CONTINUOUS
10
0.1931797637795276
20
0.3257937007874016
11
0.1966069291338583
21
0.3257937007874016
0
LINE
8
BLACK
6
CONTINUOUS
10
0.1966069291338583
20
0.3257937007874016
11
0.2
21
0.3259842519685039
0
LINE
8
BLACK
6
CONTINUOUS
10
0.2
20
0.3259842519685039
11
0.2033930708661417
21
0.3257937007874016
0
LINE
8
BLACK
6
CONTINUOUS
10
1.8033930708661416
20
0.3257937007874016
11
1.8068202362204724
21
0.3257937007874016
0
LINE
8
BLACK
6
CONTINUOUS
10
1.8068202362204724
20
0.3257937007874016
11
1.8104794094488188
21
0.3253957086614173
0
LINE
8
BLACK
6
CONTINUOUS
10
1.8104794094488188
20
0.3253957086614173
11
1.8141057480314959
21
0.3251920866141732
0
LINE
8
BLACK
6
CONTINUOUS
10
1.8141057480314959
20
0.3251920866141732
11
1.8172249212598426
21
0.3246620866141732
0
LINE
8
BLACK
6
CONTINUOUS
10
1.8172249212598426
20
0.3246620866141732
11
1.8203811023622047
21
0.3243188582677165
0
LINE
8
BLACK
6
CONTINUOUS
10
1.8203811023622047
20
0.3243188582677165
11
1.8242248818897637
21
0.3234727559055118
0
LINE
8
BLACK
6
CONTINUOUS
10
1.8242248818897637
20
0.3234727559055118
11
1.8280341338582677
21
0.3228255511811023
0
LINE
8
BLACK
6
CONTINUOUS
10
1.8280341338582677
20
0.3228255511811023
11
1.8308478346456694
21
0.3220149212598425
0
LINE
8
BLACK
6
CONTINUOUS
10
1.8308478346456694
20
0.3220149212598425
11
1.8337028740157479
21
0.3213864960629921
0
LINE
8
BLACK
6
CONTINUOUS
10
1.8337028740157479
20
0.3213864960629921
11
1.8376761023622046
21
0.3200477559055118
0
LINE
8
BLACK
6
CONTINUOUS
10
1.8376761023622046
20
0.3200477559055118
11
1.8416099606299212
21
0.3189144488188976
0
LINE
8
BLACK
6
CONTINUOUS
10
1.8416099606299212
20
0.3189144488188976
11
1.8440963779527559
21
0.3178845275590551
0
LINE
8
BLACK
6
CONTINUOUS
10
1.8440963779527559
20
0.3178845275590551
11
1.8466292913385827
21
0.3170311023622047
0
LINE
8
BLACK
6
CONTINUOUS
10
1.8466292913385827
20
0.3170311023622047
11
1.8506707874015749
21
0.3151612992125984
0
LINE
8
BLACK
6
CONTINUOUS
10
1.8506707874015749
20
0.3151612992125984
11
1.8546625196850393
21
0.313507874015748
0
LINE
8
BLACK
6
CONTINUOUS
10
1.8546625196850393
20
0.313507874015748
11
1.8568098031496063
21
0.312321062992126
0
LINE
8
BLACK
6
CONTINUOUS
10
1.8568098031496063
20
0.312321062992126
11
1.8590093307086615
21
0.3113035039370078
0
LINE
8
BLACK
6
CONTINUOUS
10
1.8590093307086615
20
0.3113035039370078
11
1.8630505511811024
21
0.308871968503937
0
LINE
8
BLACK
6
CONTINUOUS
10
1.8630505511811024
20
0.308871968503937
11
1.8670276771653542
21
0.3066738976377953
0
LINE
8
BLACK
6
CONTINUOUS
10
1.8670276771653542
20
0.3066738976377953
11
1.8688345669291337
21
0.3053918110236221
0
LINE
8
BLACK
6
CONTINUOUS
10
1.8688345669291337
20
0.3053918110236221
11
1.8706976377952755
21
0.3042708661417323
0
LINE
8
BLACK
6
CONTINUOUS
10
1.8706976377952755
20
0.3042708661417323
11
1.8746654724409448
21
0.3012545669291338
0
LINE
8
BLACK
6
CONTINUOUS
10
1.8746654724409448
20
0.3012545669291338
11
1.8785498818897637
21
0.2984984645669291
0
LINE
8
BLACK
6
CONTINUOUS
10
1.8785498818897637
20
0.2984984645669291
11
1.8800237007874014
21
0.2971813779527559
0
LINE
8
BLACK
6
CONTINUOUS
10
1.8800237007874014
20
0.2971813779527559
11
1.881556653543307
21
0.296016062992126
0
LINE
8
BLACK
6
CONTINUOUS
10
1.881556653543307
20
0.296016062992126
11
1.8853739370078739
21
0.2924000787401575
0
LINE
8
BLACK
6
CONTINUOUS
10
1.8853739370078739
20
0.2924000787401575
11
1.8890843307086613
21
0.2890843307086614
0
LINE
8
BLACK
6
CONTINUOUS
10
1.8890843307086613
20
0.2890843307086614
11
1.8902422440944882
21
0.2877885826771653
0
LINE
8
BLACK
6
CONTINUOUS
10
1.8902422440944882
20
0.2877885826771653
11
1.8914596456692914
21
0.2866354330708661
0
LINE
8
BLACK
6
CONTINUOUS
10
1.8914596456692914
20
0.2866354330708661
11
1.895046496062992
21
0.2824126377952756
0
LINE
8
BLACK
6
CONTINUOUS
10
1.895046496062992
20
0.2824126377952756
11
1.8984984645669292
21
0.2785498818897638
0
LINE
8
BLACK
6
CONTINUOUS
10
1.8984984645669292
20
0.2785498818897638
11
1.8993655118110235
21
0.2773278346456693
0
LINE
8
BLACK
6
CONTINUOUS
10
1.8993655118110235
20
0.2773278346456693
11
1.9002906692913386
21
0.2762387007874016
0
LINE
8
BLACK
6
CONTINUOUS
10
1.9002906692913386
20
0.2762387007874016
11
1.903567874015748
21
0.271405157480315
0
LINE
8
BLACK
6
CONTINUOUS
10
1.903567874015748
20
0.271405157480315
11
1.9066738976377953
21
0.2670276771653543
0
LINE
8
BLACK
6
CONTINUOUS
10
1.9066738976377953
20
0.2670276771653543
11
1.9072822047244093
21
0.2659269291338582
0
LINE
8
BLACK
6
CONTINUOUS
10
1.9072822047244093
20
0.2659269291338582
11
1.9079456299212598
21
0.2649485433070866
0
LINE
8
BLACK
6
CONTINUOUS
10
1.9079456299212598
20
0.2649485433070866
11
1.9108335433070867
21
0.2595013385826772
0
LINE
8
BLACK
6
CONTINUOUS
10
1.9108335433070867
20
0.2595013385826772
11
1.9135078740157481
21
0.2546625196850394
0
LINE
8
BLACK
6
CONTINUOUS
10
1.9135078740157481
20
0.2546625196850394
11
1.9138970078740156
21
0.2537229527559055
0
LINE
8
BLACK
6
CONTINUOUS
10
1.9138970078740156
20
0.2537229527559055
11
1.9143348031496064
21
0.2528972834645669
0
LINE
8
BLACK
6
CONTINUOUS
10
1.9143348031496064
20
0.2528972834645669
11
1.9167526377952755
21
0.2468289763779528
0
LINE
8
BLACK
6
CONTINUOUS
10
1.9167526377952755
20
0.2468289763779528
11
1.9189144488188976
21
0.2416099606299213
0
LINE
8
BLACK
6
CONTINUOUS
10
1.9189144488188976
20
0.2416099606299213
11
1.9191294094488189
21
0.2408637401574803
0
LINE
8
BLACK
6
CONTINUOUS
10
1.9191294094488189
20
0.2408637401574803
11
1.9193839763779528
21
0.2402248818897638
0
LINE
8
BLACK
6
CONTINUOUS
10
1.9193839763779528
20
0.2402248818897638
11
1.9212576771653542
21
0.2334763385826772
0
LINE
8
BLACK
6
CONTINUOUS
10
1.9212576771653542
20
0.2334763385826772
11
1.9228255511811023
21
0.2280341338582677
0
LINE
8
BLACK
6
CONTINUOUS
10
1.9228255511811023
20
0.2280341338582677
11
1.9229151968503937
21
0.2275064566929134
0
LINE
8
BLACK
6
CONTINUOUS
10
1.9229151968503937
20
0.2275064566929134
11
1.9230331102362204
21
0.227081811023622
0
LINE
8
BLACK
6
CONTINUOUS
10
1.9230331102362204
20
0.227081811023622
11
1.9242899212598426
21
0.2194154724409449
0
LINE
8
BLACK
6
CONTINUOUS
10
1.9242899212598426
20
0.2194154724409449
11
1.9251920866141732
21
0.2141057480314961
0
LINE
8
BLACK
6
CONTINUOUS
10
1.9251920866141732
20
0.2141057480314961
11
1.9252085826771652
21
0.2138117322834646
0
LINE
8
BLACK
6
CONTINUOUS
10
1.9252085826771652
20
0.2138117322834646
11
1.9252399606299213
21
0.2136204330708661
0
LINE
8
BLACK
6
CONTINUOUS
10
1.9252399606299213
20
0.2136204330708661
11
1.9258165748031495
21
0.2029851181102362
0
LINE
8
BLACK
6
CONTINUOUS
10
1.9258165748031495
20
0.2029851181102362
11
1.925984251968504
21
0.2
0
LINE
8
BLACK
6
CONTINUOUS
10
1.925984251968504
20
0.2
11
1.9258166141732282
21
0.1970151181102362
0
LINE
8
BLACK
6
CONTINUOUS
10
1.9258166141732282
20
0.1970151181102362
11
1.9252399606299213
21
0.1863795275590551
0
LINE
8
BLACK
6
CONTINUOUS
10
1.9252399606299213
20
0.1863795275590551
11
1.9252085826771652
21
0.186188188976378
0
LINE
8
BLACK
6
CONTINUOUS
10
1.9252085826771652
20
0.186188188976378
11
1.9251920866141732
21
0.1858942519685039
0
LINE
8
BLACK
6
CONTINUOUS
10
1.9251920866141732
20
0.1858942519685039
11
1.9242900787401573
21
0.1805855905511811
0
LINE
8
BLACK
6
CONTINUOUS
10
1.9242900787401573
20
0.1805855905511811
11
1.9230331102362204
21
0.1729181496062992
0
LINE
8
BLACK
6
CONTINUOUS
10
1.9230331102362204
20
0.1729181496062992
11
1.9229151574803149
21
0.1724934251968504
0
LINE
8
BLACK
6
CONTINUOUS
10
1.9229151574803149
20
0.1724934251968504
11
1.9228255511811023
21
0.1719658661417323
0
LINE
8
BLACK
6
CONTINUOUS
10
1.9228255511811023
20
0.1719658661417323
11
1.9212579527559055
21
0.1665246456692913
0
LINE
8
BLACK
6
CONTINUOUS
10
1.9212579527559055
20
0.1665246456692913
11
1.9193839763779528
21
0.1597750787401575
0
LINE
8
BLACK
6
CONTINUOUS
10
1.9193839763779528
20
0.1597750787401575
11
1.9191293700787402
21
0.1591361023622047
0
LINE
8
BLACK
6
CONTINUOUS
10
1.9191293700787402
20
0.1591361023622047
11
1.9189144488188976
21
0.1583900393700787
0
LINE
8
BLACK
6
CONTINUOUS
10
1.9189144488188976
20
0.1583900393700787
11
1.916753031496063
21
0.1531720078740157
0
LINE
8
BLACK
6
CONTINUOUS
10
1.916753031496063
20
0.1531720078740157
11
1.9143348031496064
21
0.1471026771653543
0
LINE
8
BLACK
6
CONTINUOUS
10
1.9143348031496064
20
0.1471026771653543
11
1.9138969685039369
21
0.1462768110236221
0
LINE
8
BLACK
6
CONTINUOUS
10
1.9138969685039369
20
0.1462768110236221
11
1.9135078740157481
21
0.1453374803149606
0
LINE
8
BLACK
6
CONTINUOUS
10
1.9135078740157481
20
0.1453374803149606
11
1.9108340551181102
21
0.1404995669291338
0
LINE
8
BLACK
6
CONTINUOUS
10
1.9108340551181102
20
0.1404995669291338
11
1.9079456299212598
21
0.1350514173228347
0
LINE
8
BLACK
6
CONTINUOUS
10
1.9079456299212598
20
0.1350514173228347
11
1.9072820866141731
21
0.1340727952755905
0
LINE
8
BLACK
6
CONTINUOUS
10
1.9072820866141731
20
0.1340727952755905
11
1.9066738976377953
21
0.1329723228346457
0
LINE
8
BLACK
6
CONTINUOUS
10
1.9066738976377953
20
0.1329723228346457
11
1.9035684645669291
21
0.1285956299212598
0
LINE
8
BLACK
6
CONTINUOUS
10
1.9035684645669291
20
0.1285956299212598
11
1.9002906692913386
21
0.1237612598425197
0
LINE
8
BLACK
6
CONTINUOUS
10
1.9002906692913386
20
0.1237612598425197
11
1.8993653543307085
21
0.1226718897637795
0
LINE
8
BLACK
6
CONTINUOUS
10
1.8993653543307085
20
0.1226718897637795
11
1.8984984645669292
21
0.1214501181102362
0
LINE
8
BLACK
6
CONTINUOUS
10
1.8984984645669292
20
0.1214501181102362
11
1.8950471653543306
21
0.1175881102362205
0
LINE
8
BLACK
6
CONTINUOUS
10
1.8950471653543306
20
0.1175881102362205
11
1.8914596456692914
21
0.1133645275590551
0
LINE
8
BLACK
6
CONTINUOUS
10
1.8914596456692914
20
0.1133645275590551
11
1.8902420078740156
21
0.1122111023622047
0
LINE
8
BLACK
6
CONTINUOUS
10
1.8902420078740156
20
0.1122111023622047
11
1.8890843307086613
21
0.1109156692913386
0
LINE
8
BLACK
6
CONTINUOUS
10
1.8890843307086613
20
0.1109156692913386
11
1.88537468503937
21
0.1076005118110236
0
LINE
8
BLACK
6
CONTINUOUS
10
1.88537468503937
20
0.1076005118110236
11
1.881556653543307
21
0.1039838976377953
0
LINE
8
BLACK
6
CONTINUOUS
10
1.881556653543307
20
0.1039838976377953
11
1.8800233858267716
21
0.1028183464566929
0
LINE
8
BLACK
6
CONTINUOUS
10
1.8800233858267716
20
0.1028183464566929
11
1.8785498818897637
21
0.1015015354330709
0
LINE
8
BLACK
6
CONTINUOUS
10
1.8785498818897637
20
0.1015015354330709
11
1.8746662598425197
21
0.0987459448818898
0
LINE
8
BLACK
6
CONTINUOUS
10
1.8746662598425197
20
0.0987459448818898
11
1.8706976377952755
21
0.095729094488189
0
LINE
8
BLACK
6
CONTINUOUS
10
1.8706976377952755
20
0.095729094488189
11
1.8688341732283464
21
0.094607874015748
0
LINE
8
BLACK
6
CONTINUOUS
10
1.8688341732283464
20
0.094607874015748
11
1.8670276771653542
21
0.0933261023622047
0
LINE
8
BLACK
6
CONTINUOUS
10
1.8670276771653542
20
0.0933261023622047
11
1.863051338582677
21
0.0911284645669291
0
LINE
8
BLACK
6
CONTINUOUS
10
1.863051338582677
20
0.0911284645669291
11
1.8590093307086615
21
0.0886964566929134
0
LINE
8
BLACK
6
CONTINUOUS
10
1.8590093307086615
20
0.0886964566929134
11
1.85680937007874
21
0.0876786220472441
0
LINE
8
BLACK
6
CONTINUOUS
10
1.85680937007874
20
0.0876786220472441
11
1.8546625196850393
21
0.086492125984252
0
LINE
8
BLACK
6
CONTINUOUS
10
1.8546625196850393
20
0.086492125984252
11
1.8506716141732282
21
0.0848390157480315
0
LINE
8
BLACK
6
CONTINUOUS
10
1.8506716141732282
20
0.0848390157480315
11
1.8466292913385827
21
0.0829688582677165
0
LINE
8
BLACK
6
CONTINUOUS
10
1.8466292913385827
20
0.0829688582677165
11
1.8440958661417322
21
0.0821152362204724
0
LINE
8
BLACK
6
CONTINUOUS
10
1.8440958661417322
20
0.0821152362204724
11
1.8416099606299212
21
0.0810855511811024
0
LINE
8
BLACK
6
CONTINUOUS
10
1.8416099606299212
20
0.0810855511811024
11
1.8376768897637794
21
0.0799524409448819
0
LINE
8
BLACK
6
CONTINUOUS
10
1.8376768897637794
20
0.0799524409448819
11
1.8337028740157479
21
0.0786134645669291
0
LINE
8
BLACK
6
CONTINUOUS
10
1.8337028740157479
20
0.0786134645669291
11
1.8308472440944881
21
0.0779848818897638
0
LINE
8
BLACK
6
CONTINUOUS
10
1.8308472440944881
20
0.0779848818897638
11
1.8280341338582677
21
0.0771744488188976
0
LINE
8
BLACK
6
CONTINUOUS
10
1.8280341338582677
20
0.0771744488188976
11
1.8242256692913386
21
0.0765273622047244
0
LINE
8
BLACK
6
CONTINUOUS
10
1.8242256692913386
20
0.0765273622047244
11
1.8203811023622047
21
0.0756811023622047
0
LINE
8
BLACK
6
CONTINUOUS
10
1.8203811023622047
20
0.0756811023622047
11
1.8172244094488188
21
0.0753377952755905
0
LINE
8
BLACK
6
CONTINUOUS
10
1.8172244094488188
20
0.0753377952755905
11
1.8141057480314959
21
0.0748079133858268
0
LINE
8
BLACK
6
CONTINUOUS
10
1.8141057480314959
20
0.0748079133858268
11
1.8104796062992126
21
0.0746042519685039
0
LINE
8
BLACK
6
CONTINUOUS
10
1.8104796062992126
20
0.0746042519685039
11
1.8068202362204724
21
0.0742062992125984
0
LINE
8
BLACK
6
CONTINUOUS
10
1.8068202362204724
20
0.0742062992125984
11
1.8033930708661416
21
0.0742062992125984
0
LINE
8
BLACK
6
CONTINUOUS
10
1.8033930708661416
20
0.0742062992125984
11
1.8
21
0.0740157480314961
0
LINE
8
BLACK
6
CONTINUOUS
10
1.8
20
0.0740157480314961
11
1.7966069291338582
21
0.0742062992125984
0
LINE
8
BLACK
6
CONTINUOUS
10
1.7966069291338582
20
0.0742062992125984
11
1.7931797637795275
21
0.0742062992125984
0
LINE
8
BLACK
6
CONTINUOUS
10
1.7931797637795275
20
0.0742062992125984
11
1.7895203149606298
21
0.0746042519685039
0
LINE
8
BLACK
6
CONTINUOUS
10
1.7895203149606298
20
0.0746042519685039
11
1.7858942519685039
21
0.0748079133858268
0
LINE
8
BLACK
6
CONTINUOUS
10
1.7858942519685039
20
0.0748079133858268
11
1.7827755905511811
21
0.0753377559055118
0
LINE
8
BLACK
6
CONTINUOUS
10
1.7827755905511811
20
0.0753377559055118
11
1.7796188582677166
21
0.0756811023622047
0
LINE
8
BLACK
6
CONTINUOUS
10
1.7796188582677166
20
0.0756811023622047
11
1.775774094488189
21
0.0765273622047244
0
LINE
8
BLACK
6
CONTINUOUS
10
1.775774094488189
20
0.0765273622047244
11
1.7719658661417323
21
0.0771744488188976
0
LINE
8
BLACK
6
CONTINUOUS
10
1.7719658661417323
20
0.0771744488188976
11
1.7691528346456693
21
0.077984842519685
0
LINE
8
BLACK
6
CONTINUOUS
10
1.7691528346456693
20
0.077984842519685
11
1.7662970866141732
21
0.0786134645669291
0
LINE
8
BLACK
6
CONTINUOUS
10
1.7662970866141732
20
0.0786134645669291
11
1.7623227952755904
21
0.0799525196850394
0
LINE
8
BLACK
6
CONTINUOUS
10
1.7623227952755904
20
0.0799525196850394
11
1.7583900393700787
21
0.0810855511811024
0
LINE
8
BLACK
6
CONTINUOUS
10
1.7583900393700787
20
0.0810855511811024
11
1.7559042913385827
21
0.082115157480315
0
LINE
8
BLACK
6
CONTINUOUS
10
1.7559042913385827
20
0.082115157480315
11
1.7533706692913384
21
0.0829688582677165
0
LINE
8
BLACK
6
CONTINUOUS
10
1.7533706692913384
20
0.0829688582677165
11
1.7493279921259841
21
0.0848391732283465
0
LINE
8
BLACK
6
CONTINUOUS
10
1.7493279921259841
20
0.0848391732283465
11
1.7453374803149606
21
0.086492125984252
0
LINE
8
BLACK
6
CONTINUOUS
10
1.7453374803149606
20
0.086492125984252
11
1.7431907874015748
21
0.0876785433070866
0
LINE
8
BLACK
6
CONTINUOUS
10
1.7431907874015748
20
0.0876785433070866
11
1.7409906299212599
21
0.0886964566929134
0
LINE
8
BLACK
6
CONTINUOUS
10
1.7409906299212599
20
0.0886964566929134
11
1.7369481496062991
21
0.0911287401574803
0
LINE
8
BLACK
6
CONTINUOUS
10
1.7369481496062991
20
0.0911287401574803
11
1.7329723228346456
21
0.0933261023622047
0
LINE
8
BLACK
6
CONTINUOUS
10
1.7329723228346456
20
0.0933261023622047
11
1.7311659842519684
21
0.0946077165354331
0
LINE
8
BLACK
6
CONTINUOUS
10
1.7311659842519684
20
0.0946077165354331
11
1.7293023228346456
21
0.095729094488189
0
LINE
8
BLACK
6
CONTINUOUS
10
1.7293023228346456
20
0.095729094488189
11
1.7253331102362204
21
0.0987463779527559
0
LINE
8
BLACK
6
CONTINUOUS
10
1.7253331102362204
20
0.0987463779527559
11
1.7214501181102362
21
0.1015015354330709
0
LINE
8
BLACK
6
CONTINUOUS
10
1.7214501181102362
20
0.1015015354330709
11
1.719976811023622
21
0.1028181496062992
0
LINE
8
BLACK
6
CONTINUOUS
10
1.719976811023622
20
0.1028181496062992
11
1.7184433070866141
21
0.1039838976377953
0
LINE
8
BLACK
6
CONTINUOUS
10
1.7184433070866141
20
0.1039838976377953
11
1.7146246062992125
21
0.1076011417322835
0
LINE
8
BLACK
6
CONTINUOUS
10
1.7146246062992125
20
0.1076011417322835
11
1.7109156692913385
21
0.1109156692913386
0
LINE
8
BLACK
6
CONTINUOUS
10
1.7109156692913385
20
0.1109156692913386
11
1.7097581496062992
21
0.1122108661417323
0
LINE
8
BLACK
6
CONTINUOUS
10
1.7097581496062992
20
0.1122108661417323
11
1.70854031496063
21
0.1133645275590551
0
LINE
8
BLACK
6
CONTINUOUS
10
1.70854031496063
20
0.1133645275590551
11
1.7049520078740157
21
0.1175889763779528
0
LINE
8
BLACK
6
CONTINUOUS
10
1.7049520078740157
20
0.1175889763779528
11
1.7015015354330709
21
0.1214501181102362
0
LINE
8
BLACK
6
CONTINUOUS
10
1.7015015354330709
20
0.1214501181102362
11
1.7006348031496064
21
0.1226716141732283
0
LINE
8
BLACK
6
CONTINUOUS
10
1.7006348031496064
20
0.1226716141732283
11
1.6997092913385827
21
0.1237612598425197
0
LINE
8
BLACK
6
CONTINUOUS
10
1.6997092913385827
20
0.1237612598425197
11
1.6964305905511812
21
0.1285968897637795
0
LINE
8
BLACK
6
CONTINUOUS
10
1.6964305905511812
20
0.1285968897637795
11
1.6933261023622046
21
0.1329723228346457
0
LINE
8
BLACK
6
CONTINUOUS
10
1.6933261023622046
20
0.1329723228346457
11
1.692718031496063
21
0.1340724803149606
0
LINE
8
BLACK
6
CONTINUOUS
10
1.692718031496063
20
0.1340724803149606
11
1.6920543307086613
21
0.1350514173228347
0
LINE
8
BLACK
6
CONTINUOUS
10
1.6920543307086613
20
0.1350514173228347
11
1.6891649606299213
21
0.1405012992125984
0
LINE
8
BLACK
6
CONTINUOUS
10
1.6891649606299213
20
0.1405012992125984
11
1.686492125984252
21
0.1453374803149606
0
LINE
8
BLACK
6
CONTINUOUS
10
1.686492125984252
20
0.1453374803149606
11
1.6861031496062993
21
0.1462764960629921
0
LINE
8
BLACK
6
CONTINUOUS
10
1.6861031496062993
20
0.1462764960629921
11
1.685665157480315
21
0.1471026771653543
0
LINE
8
BLACK
6
CONTINUOUS
10
1.685665157480315
20
0.1471026771653543
11
1.6832458661417322
21
0.1531744881889764
0
LINE
8
BLACK
6
CONTINUOUS
10
1.6832458661417322
20
0.1531744881889764
11
1.6810855511811023
21
0.1583900393700787
0
LINE
8
BLACK
6
CONTINUOUS
10
1.6810855511811023
20
0.1583900393700787
11
1.6808707086614172
21
0.159135748031496
0
LINE
8
BLACK
6
CONTINUOUS
10
1.6808707086614172
20
0.159135748031496
11
1.6806159842519686
21
0.1597750787401575
0
LINE
8
BLACK
6
CONTINUOUS
10
1.6806159842519686
20
0.1597750787401575
11
1.678740905511811
21
0.1665284251968504
0
LINE
8
BLACK
6
CONTINUOUS
10
1.678740905511811
20
0.1665284251968504
11
1.6771744488188975
21
0.1719658661417323
0
LINE
8
BLACK
6
CONTINUOUS
10
1.6771744488188975
20
0.1719658661417323
11
1.6770848425196849
21
0.172493031496063
0
LINE
8
BLACK
6
CONTINUOUS
10
1.6770848425196849
20
0.172493031496063
11
1.6769668503937007
21
0.1729181496062992
0
LINE
8
BLACK
6
CONTINUOUS
10
1.6769668503937007
20
0.1729181496062992
11
1.6757087401574802
21
0.1805921653543307
0
LINE
8
BLACK
6
CONTINUOUS
10
1.6757087401574802
20
0.1805921653543307
11
1.6748079133858267
21
0.1858942519685039
0
LINE
8
BLACK
6
CONTINUOUS
10
1.6748079133858267
20
0.1858942519685039
11
1.6747914173228347
21
0.1861877952755905
0
LINE
8
BLACK
6
CONTINUOUS
10
1.6747914173228347
20
0.1861877952755905
11
1.67476
21
0.1863795275590551
0
LINE
8
BLACK
6
CONTINUOUS
10
1.67476
20
0.1863795275590551
11
1.6741822047244095
21
0.1970353937007874
0
LINE
8
BLACK
6
CONTINUOUS
10
1.6741822047244095
20
0.1970353937007874
11
1.6740157480314961
21
0.2
0
LINE
8
BLACK
6
CONTINUOUS
10
1.6740157480314961
20
0.2
11
1.6741822440944882
21
0.2029648031496063
0
LINE
8
BLACK
6
CONTINUOUS
10
1.6741822440944882
20
0.2029648031496063
11
1.67476
21
0.2136204330708661
0
LINE
8
BLACK
6
CONTINUOUS
10
1.67476
20
0.2136204330708661
11
1.6747914173228347
21
0.2138120866141732
0
LINE
8
BLACK
6
CONTINUOUS
10
1.6747914173228347
20
0.2138120866141732
11
1.6748079133858267
21
0.2141057480314961
0
LINE
8
BLACK
6
CONTINUOUS
10
1.6748079133858267
20
0.2141057480314961
11
1.6757089370078739
21
0.2194088582677165
0
LINE
8
BLACK
6
CONTINUOUS
10
1.6757089370078739
20
0.2194088582677165
11
1.6769668503937007
21
0.227081811023622
0
LINE
8
BLACK
6
CONTINUOUS
10
1.6769668503937007
20
0.227081811023622
11
1.6770848425196849
21
0.2275068110236221
0
LINE
8
BLACK
6
CONTINUOUS
10
1.6770848425196849
20
0.2275068110236221
11
1.6771744488188975
21
0.2280341338582677
0
LINE
8
BLACK
6
CONTINUOUS
10
1.6771744488188975
20
0.2280341338582677
11
1.678741220472441
21
0.2334725984251969
0
LINE
8
BLACK
6
CONTINUOUS
10
1.678741220472441
20
0.2334725984251969
11
1.6806159842519686
21
0.2402248818897638
0
LINE
8
BLACK
6
CONTINUOUS
10
1.6806159842519686
20
0.2402248818897638
11
1.6808706692913384
21
0.240864094488189
0
LINE
8
BLACK
6
CONTINUOUS
10
1.6808706692913384
20
0.240864094488189
11
1.6810855511811023
21
0.2416099606299213
0
LINE
8
BLACK
6
CONTINUOUS
10
1.6810855511811023
20
0.2416099606299213
11
1.6832462992125985
21
0.2468264566929134
0
LINE
8
BLACK
6
CONTINUOUS
10
1.6832462992125985
20
0.2468264566929134
11
1.685665157480315
21
0.2528972834645669
0
LINE
8
BLACK
6
CONTINUOUS
10
1.685665157480315
20
0.2528972834645669
11
1.6861030708661418
21
0.2537233070866142
0
LINE
8
BLACK
6
CONTINUOUS
10
1.6861030708661418
20
0.2537233070866142
11
1.686492125984252
21
0.2546625196850394
0
LINE
8
BLACK
6
CONTINUOUS
10
1.686492125984252
20
0.2546625196850394
11
1.6891654724409448
21
0.2594995669291338
0
LINE
8
BLACK
6
CONTINUOUS
10
1.6891654724409448
20
0.2594995669291338
11
1.6920543307086613
21
0.2649485433070866
0
LINE
8
BLACK
6
CONTINUOUS
10
1.6920543307086613
20
0.2649485433070866
11
1.6927179133858268
21
0.2659272440944882
0
LINE
8
BLACK
6
CONTINUOUS
10
1.6927179133858268
20
0.2659272440944882
11
1.6933261023622046
21
0.2670276771653543
0
LINE
8
BLACK
6
CONTINUOUS
10
1.6933261023622046
20
0.2670276771653543
11
1.6964311811023622
21
0.2714038976377953
0
LINE
8
BLACK
6
CONTINUOUS
10
1.6964311811023622
20
0.2714038976377953
11
1.6997092913385827
21
0.2762387007874016
0
LINE
8
BLACK
6
CONTINUOUS
10
1.6997092913385827
20
0.2762387007874016
11
1.7006346456692913
21
0.2773281102362204
0
LINE
8
BLACK
6
CONTINUOUS
10
1.7006346456692913
20
0.2773281102362204
11
1.7015015354330709
21
0.2785498818897638
0
LINE
8
BLACK
6
CONTINUOUS
10
1.7015015354330709
20
0.2785498818897638
11
1.7049526771653543
21
0.2824117322834646
0
LINE
8
BLACK
6
CONTINUOUS
10
1.7049526771653543
20
0.2824117322834646
11
1.70854031496063
21
0.2866354330708661
0
LINE
8
BLACK
6
CONTINUOUS
10
1.70854031496063
20
0.2866354330708661
11
1.7097579527559055
21
0.2877888188976378
0
LINE
8
BLACK
6
CONTINUOUS
10
1.7097579527559055
20
0.2877888188976378
11
1.7109156692913385
21
0.2890843307086614
0
LINE
8
BLACK
6
CONTINUOUS
10
1.7109156692913385
20
0.2890843307086614
11
1.7146253149606299
21
0.2923994881889764
0
LINE
8
BLACK
6
CONTINUOUS
10
1.7146253149606299
20
0.2923994881889764
11
1.7184433070866141
21
0.296016062992126
0
LINE
8
BLACK
6
CONTINUOUS
10
1.7184433070866141
20
0.296016062992126
11
1.7199764960629922
21
0.2971815748031496
0
LINE
8
BLACK
6
CONTINUOUS
10
1.7199764960629922
20
0.2971815748031496
11
1.7214501181102362
21
0.2984984645669291
0
LINE
8
BLACK
6
CONTINUOUS
10
1.7214501181102362
20
0.2984984645669291
11
1.7253338976377952
21
0.3012541338582677
0
LINE
8
BLACK
6
CONTINUOUS
10
1.7253338976377952
20
0.3012541338582677
11
1.7293023228346456
21
0.3042708661417323
0
LINE
8
BLACK
6
CONTINUOUS
10
1.7293023228346456
20
0.3042708661417323
11
1.7311656299212599
21
0.305391968503937
0
LINE
8
BLACK
6
CONTINUOUS
10
1.7311656299212599
20
0.305391968503937
11
1.7329723228346456
21
0.3066738976377953
0
LINE
8
BLACK
6
CONTINUOUS
10
1.7329723228346456
20
0.3066738976377953
11
1.7369489370078739
21
0.3088716929133858
0
LINE
8
BLACK
6
CONTINUOUS
10
1.7369489370078739
20
0.3088716929133858
11
1.7409906299212599
21
0.3113035039370078
0
LINE
8
BLACK
6
CONTINUOUS
10
1.7409906299212599
20
0.3113035039370078
11
1.7431903543307086
21
0.3123211811023622
0
LINE
8
BLACK
6
CONTINUOUS
10
1.7431903543307086
20
0.3123211811023622
11
1.7453374803149606
21
0.313507874015748
0
LINE
8
BLACK
6
CONTINUOUS
10
1.7453374803149606
20
0.313507874015748
11
1.7493288188976377
21
0.3151611417322834
0
LINE
8
BLACK
6
CONTINUOUS
10
1.7493288188976377
20
0.3151611417322834
11
1.7533706692913384
21
0.3170311023622047
0
LINE
8
BLACK
6
CONTINUOUS
10
1.7533706692913384
20
0.3170311023622047
11
1.7559037795275589
21
0.3178846062992126
0
LINE
8
BLACK
6
CONTINUOUS
10
1.7559037795275589
20
0.3178846062992126
11
1.7583900393700787
21
0.3189144488188976
0
LINE
8
BLACK
6
CONTINUOUS
10
1.7583900393700787
20
0.3189144488188976
11
1.7623235826771653
21
0.3200476771653543
0
LINE
8
BLACK
6
CONTINUOUS
10
1.7623235826771653
20
0.3200476771653543
11
1.7662970866141732
21
0.3213864960629921
0
LINE
8
BLACK
6
CONTINUOUS
10
1.7662970866141732
20
0.3213864960629921
11
1.7691522440944882
21
0.3220149606299212
0
LINE
8
BLACK
6
CONTINUOUS
10
1.7691522440944882
20
0.3220149606299212
11
1.7719658661417323
21
0.3228255511811023
0
LINE
8
BLACK
6
CONTINUOUS
10
1.7719658661417323
20
0.3228255511811023
11
1.7757748818897638
21
0.3234727165354331
0
LINE
8
BLACK
6
CONTINUOUS
10
1.7757748818897638
20
0.3234727165354331
11
1.7796188582677166
21
0.3243188582677165
0
LINE
8
BLACK
6
CONTINUOUS
10
1.7796188582677166
20
0.3243188582677165
11
1.7827751181102363
21
0.3246620866141732
0
LINE
8
BLACK
6
CONTINUOUS
10
1.7827751181102363
20
0.3246620866141732
11
1.7858942519685039
21
0.3251920866141732
0
LINE
8
BLACK
6
CONTINUOUS
10
1.7858942519685039
20
0.3251920866141732
11
1.7895205511811023
21
0.3253957086614173
0
LINE
8
BLACK
6
CONTINUOUS
10
1.7895205511811023
20
0.3253957086614173
11
1.7931797637795275
21
0.3257937007874016
0
LINE
8
BLACK
6
CONTINUOUS
10
1.7931797637795275
20
0.3257937007874016
11
1.7966069291338582
21
0.3257937007874016
0
LINE
8
BLACK
6
CONTINUOUS
10
1.7966069291338582
20
0.3257937007874016
11
1.8
21
0.3259842519685039
0
LINE
8
BLACK
6
CONTINUOUS
10
1.8
20
0.3259842519685039
11
1.8033930708661416
21
0.3257937007874016
0
LINE
8
BLACK
6
CONTINUOUS
10
0.5903191732283465
20
0.3159601181102362
11
0.5916588188976378
21
0.3158047244094488
0
LINE
8
BLACK
6
CONTINUOUS
10
0.5916588188976378
20
0.3158047244094488
11
0.5921164960629921
21
0.3156025984251968
0
LINE
8
BLACK
6
CONTINUOUS
10
0.5921164960629921
20
0.3156025984251968
11
0.5930132677165354
21
0.3154242519685039
0
LINE
8
BLACK
6
CONTINUOUS
10
0.5930132677165354
20
0.3154242519685039
11
0.5939732677165355
21
0.3147827559055118
0
LINE
8
BLACK
6
CONTINUOUS
10
0.5939732677165355
20
0.3147827559055118
11
0.5944112992125984
21
0.3145893700787402
0
LINE
8
BLACK
6
CONTINUOUS
10
0.5944112992125984
20
0.3145893700787402
11
0.5947104724409449
21
0.314290157480315
0
LINE
8
BLACK
6
CONTINUOUS
10
0.5947104724409449
20
0.314290157480315
11
0.5955677559055118
21
0.3137173622047244
0
LINE
8
BLACK
6
CONTINUOUS
10
0.5955677559055118
20
0.3137173622047244
11
0.5961405511811023
21
0.3128600787401575
0
LINE
8
BLACK
6
CONTINUOUS
10
0.5961405511811023
20
0.3128600787401575
11
0.5964397637795276
21
0.312560905511811
0
LINE
8
BLACK
6
CONTINUOUS
10
0.5964397637795276
20
0.312560905511811
11
0.5966331496062992
21
0.312122874015748
0
LINE
8
BLACK
6
CONTINUOUS
10
0.5966331496062992
20
0.312122874015748
11
0.5972746456692913
21
0.311162874015748
0
LINE
8
BLACK
6
CONTINUOUS
10
0.5972746456692913
20
0.311162874015748
11
0.5974529921259842
21
0.3102661023622047
0
LINE
8
BLACK
6
CONTINUOUS
10
0.5974529921259842
20
0.3102661023622047
11
0.5976551181102362
21
0.3098084251968504
0
LINE
8
BLACK
6
CONTINUOUS
10
0.5976551181102362
20
0.3098084251968504
11
0.5978105118110236
21
0.3084687007874016
0
LINE
8
BLACK
6
CONTINUOUS
10
0.5978105118110236
20
0.3084687007874016
11
0.5978740157480315
21
0.3081496062992126
0
LINE
8
BLACK
6
CONTINUOUS
10
0.5978740157480315
20
0.3081496062992126
11
0.5978740157480315
21
0.1581496062992126
0
LINE
8
BLACK
6
CONTINUOUS
10
0.5978740157480315
20
0.1581496062992126
11
0.5978105118110236
21
0.1578304724409449
0
LINE
8
BLACK
6
CONTINUOUS
10
0.5978105118110236
20
0.1578304724409449
11
0.5976551181102362
21
0.1564907480314961
0
LINE
8
BLACK
6
CONTINUOUS
10
0.5976551181102362
20
0.1564907480314961
11
0.5974529921259842
21
0.1560329921259843
0
LINE
8
BLACK
6
CONTINUOUS
10
0.5974529921259842
20
0.1560329921259843
11
0.5972746456692913
21
0.1551363385826772
0
LINE
8
BLACK
6
CONTINUOUS
10
0.5972746456692913
20
0.1551363385826772
11
0.596633188976378
21
0.1541763779527559
0
LINE
8
BLACK
6
CONTINUOUS
10
0.596633188976378
20
0.1541763779527559
11
0.5964397637795276
21
0.1537382677165354
0
LINE
8
BLACK
6
CONTINUOUS
10
0.5964397637795276
20
0.1537382677165354
11
0.5961404724409448
21
0.1534389763779528
0
LINE
8
BLACK
6
CONTINUOUS
10
0.5961404724409448
20
0.1534389763779528
11
0.5955677559055118
21
0.1525818503937008
0
LINE
8
BLACK
6
CONTINUOUS
10
0.5955677559055118
20
0.1525818503937008
11
0.5947105905511811
21
0.152009094488189
0
LINE
8
BLACK
6
CONTINUOUS
10
0.5947105905511811
20
0.152009094488189
11
0.5944112992125984
21
0.1517098031496063
0
LINE
8
BLACK
6
CONTINUOUS
10
0.5944112992125984
20
0.1517098031496063
11
0.5939731102362205
21
0.1515162992125984
0
LINE
8
BLACK
6
CONTINUOUS
10
0.5939731102362205
20
0.1515162992125984
11
0.5930132677165354
21
0.1508749606299213
0
LINE
8
BLACK
6
CONTINUOUS
10
0.5930132677165354
20
0.1508749606299213
11
0.5921166929133859
21
0.1506966141732284
0
LINE
8
BLACK
6
CONTINUOUS
10
0.5921166929133859
20
0.1506966141732284
11
0.5916588188976378
21
0.1504944488188976
0
LINE
8
BLACK
6
CONTINUOUS
10
0.5916588188976378
20
0.1504944488188976
11
0.5903186220472441
21
0.150338937007874
0
LINE
8
BLACK
6
CONTINUOUS
10
0.5903186220472441
20
0.150338937007874
11
0.59
21
0.1502755905511811
0
LINE
8
BLACK
6
CONTINUOUS
10
0.59
20
0.1502755905511811
11
0.5897723228346456
21
0.1502755905511811
0
LINE
8
BLACK
6
CONTINUOUS
10
0.5897723228346456
20
0.1502755905511811
11
0.4402277165354331
21
0.1502755905511811
0
LINE
8
BLACK
6
CONTINUOUS
10
0.4402277165354331
20
0.1502755905511811
11
0.44
21
0.1502755905511811
0
LINE
8
BLACK
6
CONTINUOUS
10
0.44
20
0.1502755905511811
11
0.4396813385826772
21
0.150338937007874
0
LINE
8
BLACK
6
CONTINUOUS
10
0.4396813385826772
20
0.150338937007874
11
0.4383411417322834
21
0.1504944488188976
0
LINE
8
BLACK
6
CONTINUOUS
10
0.4383411417322834
20
0.1504944488188976
11
0.4378832283464567
21
0.1506966141732284
0
LINE
8
BLACK
6
CONTINUOUS
10
0.4378832283464567
20
0.1506966141732284
11
0.4369867322834646
21
0.1508749606299213
0
LINE
8
BLACK
6
CONTINUOUS
10
0.4369867322834646
20
0.1508749606299213
11
0.4360269291338583
21
0.1515162598425197
0
LINE
8
BLACK
6
CONTINUOUS
10
0.4360269291338583
20
0.1515162598425197
11
0.4355886614173228
21
0.1517098031496063
0
LINE
8
BLACK
6
CONTINUOUS
10
0.4355886614173228
20
0.1517098031496063
11
0.4352892519685039
21
0.1520091732283465
0
LINE
8
BLACK
6
CONTINUOUS
10
0.4352892519685039
20
0.1520091732283465
11
0.4344322440944882
21
0.1525818503937008
0
LINE
8
BLACK
6
CONTINUOUS
10
0.4344322440944882
20
0.1525818503937008
11
0.4338595669291339
21
0.1534388582677165
0
LINE
8
BLACK
6
CONTINUOUS
10
0.4338595669291339
20
0.1534388582677165
11
0.4335601968503937
21
0.1537382677165354
0
LINE
8
BLACK
6
CONTINUOUS
10
0.4335601968503937
20
0.1537382677165354
11
0.4333666535433071
21
0.1541765354330709
0
LINE
8
BLACK
6
CONTINUOUS
10
0.4333666535433071
20
0.1541765354330709
11
0.4327253543307086
21
0.1551363385826772
0
LINE
8
BLACK
6
CONTINUOUS
10
0.4327253543307086
20
0.1551363385826772
11
0.4325470078740157
21
0.1560328346456693
0
LINE
8
BLACK
6
CONTINUOUS
10
0.4325470078740157
20
0.1560328346456693
11
0.432344842519685
21
0.1564907480314961
0
LINE
8
BLACK
6
CONTINUOUS
10
0.432344842519685
20
0.1564907480314961
11
0.4321893307086614
21
0.1578310236220472
0
LINE
8
BLACK
6
CONTINUOUS
10
0.4321893307086614
20
0.1578310236220472
11
0.4321259842519685
21
0.1581496062992126
0
LINE
8
BLACK
6
CONTINUOUS
10
0.4321259842519685
20
0.1581496062992126
11
0.4321259842519685
21
0.3081496062992126
0
LINE
8
BLACK
6
CONTINUOUS
10
0.4321259842519685
20
0.3081496062992126
11
0.4321893700787401
21
0.3084683070866142
0
LINE
8
BLACK
6
CONTINUOUS
10
0.4321893700787401
20
0.3084683070866142
11
0.432344842519685
21
0.3098084251968504
0
LINE
8
BLACK
6
CONTINUOUS
10
0.432344842519685
20
0.3098084251968504
11
0.4325470078740157
21
0.3102662992125984
0
LINE
8
BLACK
6
CONTINUOUS
10
0.4325470078740157
20
0.3102662992125984
11
0.4327253543307086
21
0.311162874015748
0
LINE
8
BLACK
6
CONTINUOUS
10
0.4327253543307086
20
0.311162874015748
11
0.4333666929133858
21
0.3121227165354331
0
LINE
8
BLACK
6
CONTINUOUS
10
0.4333666929133858
20
0.3121227165354331
11
0.4335601968503937
21
0.312560905511811
0
LINE
8
BLACK
6
CONTINUOUS
10
0.4335601968503937
20
0.312560905511811
11
0.4338594881889763
21
0.3128601968503937
0
LINE
8
BLACK
6
CONTINUOUS
10
0.4338594881889763
20
0.3128601968503937
11
0.4344322440944882
21
0.3137173622047244
0
LINE
8
BLACK
6
CONTINUOUS
10
0.4344322440944882
20
0.3137173622047244
11
0.4352893700787401
21
0.3142900787401575
0
LINE
8
BLACK
6
CONTINUOUS
10
0.4352893700787401
20
0.3142900787401575
11
0.4355886614173228
21
0.3145893700787402
0
LINE
8
BLACK
6
CONTINUOUS
10
0.4355886614173228
20
0.3145893700787402
11
0.4360267716535433
21
0.3147827952755906
0
LINE
8
BLACK
6
CONTINUOUS
10
0.4360267716535433
20
0.3147827952755906
11
0.4369867322834646
21
0.3154242519685039
0
LINE
8
BLACK
6
CONTINUOUS
10
0.4369867322834646
20
0.3154242519685039
11
0.4378833858267717
21
0.3156025984251968
0
LINE
8
BLACK
6
CONTINUOUS
10
0.4378833858267717
20
0.3156025984251968
11
0.4383411417322834
21
0.3158047244094488
0
LINE
8
BLACK
6
CONTINUOUS
10
0.4383411417322834
20
0.3158047244094488
11
0.4396809448818897
21
0.315960157480315
0
LINE
8
BLACK
6
CONTINUOUS
10
0.4396809448818897
20
0.315960157480315
11
0.44
21
0.3160236220472441
0
LINE
8
BLACK
6
CONTINUOUS
10
0.44
20
0.3160236220472441
11
0.59
21
0.3160236220472441
0
LINE
8
BLACK
6
CONTINUOUS
10
0.59
20
0.3160236220472441
11
0.5903191732283465
21
0.3159601181102362
0
LINE
8
BLACK
6
CONTINUOUS
10
0.7853191732283464
20
0.3159601181102362
11
0.7866588188976378
21
0.3158047244094488
0
LINE
8
BLACK
6
CONTINUOUS
10
0.7866588188976378
20
0.3158047244094488
11
0.7871164960629921
21
0.3156025984251968
0
LINE
8
BLACK
6
CONTINUOUS
10
0.7871164960629921
20
0.3156025984251968
11
0.7880132677165355
21
0.3154242519685039
0
LINE
8
BLACK
6
CONTINUOUS
10
0.7880132677165355
20
0.3154242519685039
11
0.7889732677165354
21
0.3147827559055118
0
LINE
8
BLACK
6
CONTINUOUS
10
0.7889732677165354
20
0.3147827559055118
11
0.7894112992125984
21
0.3145893700787402
0
LINE
8
BLACK
6
CONTINUOUS
10
0.7894112992125984
20
0.3145893700787402
11
0.7897104724409448
21
0.314290157480315
0
LINE
8
BLACK
6
CONTINUOUS
10
0.7897104724409448
20
0.314290157480315
11
0.7905677559055118
21
0.3137173622047244
0
LINE
8
BLACK
6
CONTINUOUS
10
0.7905677559055118
20
0.3137173622047244
11
0.7911405511811024
21
0.3128600787401575
0
LINE
8
BLACK
6
CONTINUOUS
10
0.7911405511811024
20
0.3128600787401575
11
0.7914397637795275
21
0.312560905511811
0
LINE
8
BLACK
6
CONTINUOUS
10
0.7914397637795275
20
0.312560905511811
11
0.7916331496062992
21
0.312122874015748
0
LINE
8
BLACK
6
CONTINUOUS
10
0.7916331496062992
20
0.312122874015748
11
0.7922746456692913
21
0.311162874015748
0
LINE
8
BLACK
6
CONTINUOUS
10
0.7922746456692913
20
0.311162874015748
11
0.7924529921259842
21
0.3102661023622047
0
LINE
8
BLACK
6
CONTINUOUS
10
0.7924529921259842
20
0.3102661023622047
11
0.7926551181102363
21
0.3098084251968504
0
LINE
8
BLACK
6
CONTINUOUS
10
0.7926551181102363
20
0.3098084251968504
11
0.7928105118110236
21
0.3084687007874016
0
LINE
8
BLACK
6
CONTINUOUS
10
0.7928105118110236
20
0.3084687007874016
11
0.7928740157480315
21
0.3081496062992126
0
LINE
8
BLACK
6
CONTINUOUS
10
0.7928740157480315
20
0.3081496062992126
11
0.7928740157480315
21
0.1581496062992126
0
LINE
8
BLACK
6
CONTINUOUS
10
0.7928740157480315
20
0.1581496062992126
11
0.7928105118110236
21
0.1578304724409449
0
LINE
8
BLACK
6
CONTINUOUS
10
0.7928105118110236
20
0.1578304724409449
11
0.7926551181102363
21
0.1564907480314961
0
LINE
8
BLACK
6
CONTINUOUS
10
0.7926551181102363
20
0.1564907480314961
11
0.7924529921259842
21
0.1560329921259843
0
LINE
8
BLACK
6
CONTINUOUS
10
0.7924529921259842
20
0.1560329921259843
11
0.7922746456692913
21
0.1551363385826772
0
LINE
8
BLACK
6
CONTINUOUS
10
0.7922746456692913
20
0.1551363385826772
11
0.7916331889763779
21
0.1541763779527559
0
LINE
8
BLACK
6
CONTINUOUS
10
0.7916331889763779
20
0.1541763779527559
11
0.7914397637795275
21
0.1537382677165354
0
LINE
8
BLACK
6
CONTINUOUS
10
0.7914397637795275
20
0.1537382677165354
11
0.7911404724409449
21
0.1534389763779528
0
LINE
8
BLACK
6
CONTINUOUS
10
0.7911404724409449
20
0.1534389763779528
11
0.7905677559055118
21
0.1525818503937008
0
LINE
8
BLACK
6
CONTINUOUS
10
0.7905677559055118
20
0.1525818503937008
11
0.7897105905511811
21
0.152009094488189
0
LINE
8
BLACK
6
CONTINUOUS
10
0.7897105905511811
20
0.152009094488189
11
0.7894112992125984
21
0.1517098031496063
0
LINE
8
BLACK
6
CONTINUOUS
10
0.7894112992125984
20
0.1517098031496063
11
0.7889731102362204
21
0.1515162992125984
0
LINE
8
BLACK
6
CONTINUOUS
10
0.7889731102362204
20
0.1515162992125984
11
0.7880132677165355
21
0.1508749606299213
0
LINE
8
BLACK
6
CONTINUOUS
10
0.7880132677165355
20
0.1508749606299213
11
0.7871166929133858
21
0.1506966141732284
0
LINE
8
BLACK
6
CONTINUOUS
10
0.7871166929133858
20
0.1506966141732284
11
0.7866588188976378
21
0.1504944488188976
0
LINE
8
BLACK
6
CONTINUOUS
10
0.7866588188976378
20
0.1504944488188976
11
0.7853186220472441
21
0.150338937007874
0
LINE
8
BLACK
6
CONTINUOUS
10
0.7853186220472441
20
0.150338937007874
11
0.785
21
0.1502755905511811
0
LINE
8
BLACK
6
CONTINUOUS
10
0.785
20
0.1502755905511811
11
0.7847723228346456
21
0.1502755905511811
0
LINE
8
BLACK
6
CONTINUOUS
10
0.7847723228346456
20
0.1502755905511811
11
0.6352277165354331
21
0.1502755905511811
0
LINE
8
BLACK
6
CONTINUOUS
10
0.6352277165354331
20
0.1502755905511811
11
0.635
21
0.1502755905511811
0
LINE
8
BLACK
6
CONTINUOUS
10
0.635
20
0.1502755905511811
11
0.6346813385826772
21
0.150338937007874
0
LINE
8
BLACK
6
CONTINUOUS
10
0.6346813385826772
20
0.150338937007874
11
0.6333411417322834
21
0.1504944488188976
0
LINE
8
BLACK
6
CONTINUOUS
10
0.6333411417322834
20
0.1504944488188976
11
0.6328832283464567
21
0.1506966141732284
0
LINE
8
BLACK
6
CONTINUOUS
10
0.6328832283464567
20
0.1506966141732284
11
0.6319867322834646
21
0.1508749606299213
0
LINE
8
BLACK
6
CONTINUOUS
10
0.6319867322834646
20
0.1508749606299213
11
0.6310269291338583
21
0.1515162598425197
0
LINE
8
BLACK
6
CONTINUOUS
10
0.6310269291338583
20
0.1515162598425197
11
0.6305886614173228
21
0.1517098031496063
0
LINE
8
BLACK
6
CONTINUOUS
10
0.6305886614173228
20
0.1517098031496063
11
0.6302892519685039
21
0.1520091732283465
0
LINE
8
BLACK
6
CONTINUOUS
10
0.6302892519685039
20
0.1520091732283465
11
0.6294322440944882
21
0.1525818503937008
0
LINE
8
BLACK
6
CONTINUOUS
10
0.6294322440944882
20
0.1525818503937008
11
0.6288595669291338
21
0.1534388582677165
0
LINE
8
BLACK
6
CONTINUOUS
10
0.6288595669291338
20
0.1534388582677165
11
0.6285601968503937
21
0.1537382677165354
0
LINE
8
BLACK
6
CONTINUOUS
10
0.6285601968503937
20
0.1537382677165354
11
0.6283666535433071
21
0.1541765354330709
0
LINE
8
BLACK
6
CONTINUOUS
10
0.6283666535433071
20
0.1541765354330709
11
0.6277253543307086
21
0.1551363385826772
0
LINE
8
BLACK
6
CONTINUOUS
10
0.6277253543307086
20
0.1551363385826772
11
0.6275470078740157
21
0.1560328346456693
0
LINE
8
BLACK
6
CONTINUOUS
10
0.6275470078740157
20
0.1560328346456693
11
0.627344842519685
21
0.1564907480314961
0
LINE
8
BLACK
6
CONTINUOUS
10
0.627344842519685
20
0.1564907480314961
11
0.6271893307086615
21
0.1578310236220472
0
LINE
8
BLACK
6
CONTINUOUS
10
0.6271893307086615
20
0.1578310236220472
11
0.6271259842519685
21
0.1581496062992126
0
LINE
8
BLACK
6
CONTINUOUS
10
0.6271259842519685
20
0.1581496062992126
11
0.6271259842519685
21
0.3081496062992126
0
LINE
8
BLACK
6
CONTINUOUS
10
0.6271259842519685
20
0.3081496062992126
11
0.6271893700787401
21
0.3084683070866142
0
LINE
8
BLACK
6
CONTINUOUS
10
0.6271893700787401
20
0.3084683070866142
11
0.627344842519685
21
0.3098084251968504
0
LINE
8
BLACK
6
CONTINUOUS
10
0.627344842519685
20
0.3098084251968504
11
0.6275470078740157
21
0.3102662992125984
0
LINE
8
BLACK
6
CONTINUOUS
10
0.6275470078740157
20
0.3102662992125984
11
0.6277253543307086
21
0.311162874015748
0
LINE
8
BLACK
6
CONTINUOUS
10
0.6277253543307086
20
0.311162874015748
11
0.6283666929133858
21
0.3121227165354331
0
LINE
8
BLACK
6
CONTINUOUS
10
0.6283666929133858
20
0.3121227165354331
11
0.6285601968503937
21
0.312560905511811
0
LINE
8
BLACK
6
CONTINUOUS
10
0.6285601968503937
20
0.312560905511811
11
0.6288594881889764
21
0.3128601968503937
0
LINE
8
BLACK
6
CONTINUOUS
10
0.6288594881889764
20
0.3128601968503937
11
0.6294322440944882
21
0.3137173622047244
0
LINE
8
BLACK
6
CONTINUOUS
10
0.6294322440944882
20
0.3137173622047244
11
0.6302893700787402
21
0.3142900787401575
0
LINE
8
BLACK
6
CONTINUOUS
10
0.6302893700787402
20
0.3142900787401575
11
0.6305886614173228
21
0.3145893700787402
0
LINE
8
BLACK
6
CONTINUOUS
10
0.6305886614173228
20
0.3145893700787402
11
0.6310267716535433
21
0.3147827952755906
0
LINE
8
BLACK
6
CONTINUOUS
10
0.6310267716535433
20
0.3147827952755906
11
0.6319867322834646
21
0.3154242519685039
0
LINE
8
BLACK
6
CONTINUOUS
10
0.6319867322834646
20
0.3154242519685039
11
0.6328833858267716
21
0.3156025984251968
0
LINE
8
BLACK
6
CONTINUOUS
10
0.6328833858267716
20
0.3156025984251968
11
0.6333411417322834
21
0.3158047244094488
0
LINE
8
BLACK
6
CONTINUOUS
10
0.6333411417322834
20
0.3158047244094488
11
0.6346809448818898
21
0.315960157480315
0
LINE
8
BLACK
6
CONTINUOUS
10
0.6346809448818898
20
0.315960157480315
11
0.635
21
0.3160236220472441
0
LINE
8
BLACK
6
CONTINUOUS
10
0.635
20
0.3160236220472441
11
0.785
21
0.3160236220472441
0
LINE
8
BLACK
6
CONTINUOUS
10
0.785
20
0.3160236220472441
11
0.7853191732283464
21
0.3159601181102362
0
LINE
8
BLACK
6
CONTINUOUS
10
0.9853191732283464
20
0.3159601181102362
11
0.9866588188976377
21
0.3158047244094488
0
LINE
8
BLACK
6
CONTINUOUS
10
0.9866588188976377
20
0.3158047244094488
11
0.9871164960629921
21
0.3156025984251968
0
LINE
8
BLACK
6
CONTINUOUS
10
0.9871164960629921
20
0.3156025984251968
11
0.9880132677165354
21
0.3154242519685039
0
LINE
8
BLACK
6
CONTINUOUS
10
0.9880132677165354
20
0.3154242519685039
11
0.9889732677165354
21
0.3147827559055118
0
LINE
8
BLACK
6
CONTINUOUS
10
0.9889732677165354
20
0.3147827559055118
11
0.9894112992125984
21
0.3145893700787402
0
LINE
8
BLACK
6
CONTINUOUS
10
0.9894112992125984
20
0.3145893700787402
11
0.9897104724409449
21
0.314290157480315
0
LINE
8
BLACK
6
CONTINUOUS
10
0.9897104724409449
20
0.314290157480315
11
0.9905677559055118
21
0.3137173622047244
0
LINE
8
BLACK
6
CONTINUOUS
10
0.9905677559055118
20
0.3137173622047244
11
0.9911405511811023
21
0.3128600787401575
0
LINE
8
BLACK
6
CONTINUOUS
10
0.9911405511811023
20
0.3128600787401575
11
0.9914397637795276
21
0.312560905511811
0
LINE
8
BLACK
6
CONTINUOUS
10
0.9914397637795276
20
0.312560905511811
11
0.9916331496062992
21
0.312122874015748
0
LINE
8
BLACK
6
CONTINUOUS
10
0.9916331496062992
20
0.312122874015748
11
0.9922746456692914
21
0.311162874015748
0
LINE
8
BLACK
6
CONTINUOUS
10
0.9922746456692914
20
0.311162874015748
11
0.9924529921259843
21
0.3102661023622047
0
LINE
8
BLACK
6
CONTINUOUS
10
0.9924529921259843
20
0.3102661023622047
11
0.9926551181102362
21
0.3098084251968504
0
LINE
8
BLACK
6
CONTINUOUS
10
0.9926551181102362
20
0.3098084251968504
11
0.9928105118110236
21
0.3084687007874016
0
LINE
8
BLACK
6
CONTINUOUS
10
0.9928105118110236
20
0.3084687007874016
11
0.9928740157480315
21
0.3081496062992126
0
LINE
8
BLACK
6
CONTINUOUS
10
0.9928740157480315
20
0.3081496062992126
11
0.9928740157480315
21
0.1581496062992126
0
LINE
8
BLACK
6
CONTINUOUS
10
0.9928740157480315
20
0.1581496062992126
11
0.9928105118110236
21
0.1578304724409449
0
LINE
8
BLACK
6
CONTINUOUS
10
0.9928105118110236
20
0.1578304724409449
11
0.9926551181102362
21
0.1564907480314961
0
LINE
8
BLACK
6
CONTINUOUS
10
0.9926551181102362
20
0.1564907480314961
11
0.9924529921259843
21
0.1560329921259843
0
LINE
8
BLACK
6
CONTINUOUS
10
0.9924529921259843
20
0.1560329921259843
11
0.9922746456692914
21
0.1551363385826772
0
LINE
8
BLACK
6
CONTINUOUS
10
0.9922746456692914
20
0.1551363385826772
11
0.991633188976378
21
0.1541763779527559
0
LINE
8
BLACK
6
CONTINUOUS
10
0.991633188976378
20
0.1541763779527559
11
0.9914397637795276
21
0.1537382677165354
0
LINE
8
BLACK
6
CONTINUOUS
10
0.9914397637795276
20
0.1537382677165354
11
0.9911404724409448
21
0.1534389763779528
0
LINE
8
BLACK
6
CONTINUOUS
10
0.9911404724409448
20
0.1534389763779528
11
0.9905677559055118
21
0.1525818503937008
0
LINE
8
BLACK
6
CONTINUOUS
10
0.9905677559055118
20
0.1525818503937008
11
0.989710590551181
21
0.152009094488189
0
LINE
8
BLACK
6
CONTINUOUS
10
0.989710590551181
20
0.152009094488189
11
0.9894112992125984
21
0.1517098031496063
0
LINE
8
BLACK
6
CONTINUOUS
10
0.9894112992125984
20
0.1517098031496063
11
0.9889731102362205
21
0.1515162992125984
0
LINE
8
BLACK
6
CONTINUOUS
10
0.9889731102362205
20
0.1515162992125984
11
0.9880132677165354
21
0.1508749606299213
0
LINE
8
BLACK
6
CONTINUOUS
10
0.9880132677165354
20
0.1508749606299213
11
0.9871166929133858
21
0.1506966141732284
0
LINE
8
BLACK
6
CONTINUOUS
10
0.9871166929133858
20
0.1506966141732284
11
0.9866588188976377
21
0.1504944488188976
0
LINE
8
BLACK
6
CONTINUOUS
10
0.9866588188976377
20
0.1504944488188976
11
0.9853186220472441
21
0.150338937007874
0
LINE
8
BLACK
6
CONTINUOUS
10
0.9853186220472441
20
0.150338937007874
11
0.985
21
0.1502755905511811
0
LINE
8
BLACK
6
CONTINUOUS
10
0.985
20
0.1502755905511811
11
0.9847723228346457
21
0.1502755905511811
0
LINE
8
BLACK
6
CONTINUOUS
10
0.9847723228346457
20
0.1502755905511811
11
0.835227716535433
21
0.1502755905511811
0
LINE
8
BLACK
6
CONTINUOUS
10
0.835227716535433
20
0.1502755905511811
11
0.835
21
0.1502755905511811
0
LINE
8
BLACK
6
CONTINUOUS
10
0.835
20
0.1502755905511811
11
0.8346813385826771
21
0.150338937007874
0
LINE
8
BLACK
6
CONTINUOUS
10
0.8346813385826771
20
0.150338937007874
11
0.8333411417322835
21
0.1504944488188976
0
LINE
8
BLACK
6
CONTINUOUS
10
0.8333411417322835
20
0.1504944488188976
11
0.8328832283464567
21
0.1506966141732284
0
LINE
8
BLACK
6
CONTINUOUS
10
0.8328832283464567
20
0.1506966141732284
11
0.8319867322834645
21
0.1508749606299213
0
LINE
8
BLACK
6
CONTINUOUS
10
0.8319867322834645
20
0.1508749606299213
11
0.8310269291338582
21
0.1515162598425197
0
LINE
8
BLACK
6
CONTINUOUS
10
0.8310269291338582
20
0.1515162598425197
11
0.8305886614173228
21
0.1517098031496063
0
LINE
8
BLACK
6
CONTINUOUS
10
0.8305886614173228
20
0.1517098031496063
11
0.8302892519685039
21
0.1520091732283465
0
LINE
8
BLACK
6
CONTINUOUS
10
0.8302892519685039
20
0.1520091732283465
11
0.8294322440944881
21
0.1525818503937008
0
LINE
8
BLACK
6
CONTINUOUS
10
0.8294322440944881
20
0.1525818503937008
11
0.8288595669291339
21
0.1534388582677165
0
LINE
8
BLACK
6
CONTINUOUS
10
0.8288595669291339
20
0.1534388582677165
11
0.8285601968503937
21
0.1537382677165354
0
LINE
8
BLACK
6
CONTINUOUS
10
0.8285601968503937
20
0.1537382677165354
11
0.8283666535433071
21
0.1541765354330709
0
LINE
8
BLACK
6
CONTINUOUS
10
0.8283666535433071
20
0.1541765354330709
11
0.8277253543307086
21
0.1551363385826772
0
LINE
8
BLACK
6
CONTINUOUS
10
0.8277253543307086
20
0.1551363385826772
11
0.8275470078740157
21
0.1560328346456693
0
LINE
8
BLACK
6
CONTINUOUS
10
0.8275470078740157
20
0.1560328346456693
11
0.827344842519685
21
0.1564907480314961
0
LINE
8
BLACK
6
CONTINUOUS
10
0.827344842519685
20
0.1564907480314961
11
0.8271893307086614
21
0.1578310236220472
0
LINE
8
BLACK
6
CONTINUOUS
10
0.8271893307086614
20
0.1578310236220472
11
0.8271259842519685
21
0.1581496062992126
0
LINE
8
BLACK
6
CONTINUOUS
10
0.8271259842519685
20
0.1581496062992126
11
0.8271259842519685
21
0.3081496062992126
0
LINE
8
BLACK
6
CONTINUOUS
10
0.8271259842519685
20
0.3081496062992126
11
0.8271893700787402
21
0.3084683070866142
0
LINE
8
BLACK
6
CONTINUOUS
10
0.8271893700787402
20
0.3084683070866142
11
0.827344842519685
21
0.3098084251968504
0
LINE
8
BLACK
6
CONTINUOUS
10
0.827344842519685
20
0.3098084251968504
11
0.8275470078740157
21
0.3102662992125984
0
LINE
8
BLACK
6
CONTINUOUS
10
0.8275470078740157
20
0.3102662992125984
11
0.8277253543307086
21
0.311162874015748
0
LINE
8
BLACK
6
CONTINUOUS
10
0.8277253543307086
20
0.311162874015748
11
0.8283666929133858
21
0.3121227165354331
0
LINE
8
BLACK
6
CONTINUOUS
10
0.8283666929133858
20
0.3121227165354331
11
0.8285601968503937
21
0.312560905511811
0
LINE
8
BLACK
6
CONTINUOUS
10
0.8285601968503937
20
0.312560905511811
11
0.8288594881889764
21
0.3128601968503937
0
LINE
8
BLACK
6
CONTINUOUS
10
0.8288594881889764
20
0.3128601968503937
11
0.8294322440944881
21
0.3137173622047244
0
LINE
8
BLACK
6
CONTINUOUS
10
0.8294322440944881
20
0.3137173622047244
11
0.8302893700787402
21
0.3142900787401575
0
LINE
8
BLACK
6
CONTINUOUS
10
0.8302893700787402
20
0.3142900787401575
11
0.8305886614173228
21
0.3145893700787402
0
LINE
8
BLACK
6
CONTINUOUS
10
0.8305886614173228
20
0.3145893700787402
11
0.8310267716535433
21
0.3147827952755906
0
LINE
8
BLACK
6
CONTINUOUS
10
0.8310267716535433
20
0.3147827952755906
11
0.8319867322834645
21
0.3154242519685039
0
LINE
8
BLACK
6
CONTINUOUS
10
0.8319867322834645
20
0.3154242519685039
11
0.8328833858267717
21
0.3156025984251968
0
LINE
8
BLACK
6
CONTINUOUS
10
0.8328833858267717
20
0.3156025984251968
11
0.8333411417322835
21
0.3158047244094488
0
LINE
8
BLACK
6
CONTINUOUS
10
0.8333411417322835
20
0.3158047244094488
11
0.8346809448818897
21
0.315960157480315
0
LINE
8
BLACK
6
CONTINUOUS
10
0.8346809448818897
20
0.315960157480315
11
0.835
21
0.3160236220472441
0
LINE
8
BLACK
6
CONTINUOUS
10
0.835
20
0.3160236220472441
11
0.985
21
0.3160236220472441
0
LINE
8
BLACK
6
CONTINUOUS
10
0.985
20
0.3160236220472441
11
0.9853191732283464
21
0.3159601181102362
0
LINE
8
BLACK
6
CONTINUOUS
10
1.1853191732283463
20
0.3159601181102362
11
1.1866588188976377
21
0.3158047244094488
0
LINE
8
BLACK
6
CONTINUOUS
10
1.1866588188976377
20
0.3158047244094488
11
1.1871164960629921
21
0.3156025984251968
0
LINE
8
BLACK
6
CONTINUOUS
10
1.1871164960629921
20
0.3156025984251968
11
1.1880132677165354
21
0.3154242519685039
0
LINE
8
BLACK
6
CONTINUOUS
10
1.1880132677165354
20
0.3154242519685039
11
1.1889732677165354
21
0.3147827559055118
0
LINE
8
BLACK
6
CONTINUOUS
10
1.1889732677165354
20
0.3147827559055118
11
1.1894112992125985
21
0.3145893700787402
0
LINE
8
BLACK
6
CONTINUOUS
10
1.1894112992125985
20
0.3145893700787402
11
1.1897104724409449
21
0.314290157480315
0
LINE
8
BLACK
6
CONTINUOUS
10
1.1897104724409449
20
0.314290157480315
11
1.1905677559055119
21
0.3137173622047244
0
LINE
8
BLACK
6
CONTINUOUS
10
1.1905677559055119
20
0.3137173622047244
11
1.1911405511811024
21
0.3128600787401575
0
LINE
8
BLACK
6
CONTINUOUS
10
1.1911405511811024
20
0.3128600787401575
11
1.1914397637795275
21
0.312560905511811
0
LINE
8
BLACK
6
CONTINUOUS
10
1.1914397637795275
20
0.312560905511811
11
1.1916331496062993
21
0.312122874015748
0
LINE
8
BLACK
6
CONTINUOUS
10
1.1916331496062993
20
0.312122874015748
11
1.1922746456692914
21
0.311162874015748
0
LINE
8
BLACK
6
CONTINUOUS
10
1.1922746456692914
20
0.311162874015748
11
1.1924529921259843
21
0.3102661023622047
0
LINE
8
BLACK
6
CONTINUOUS
10
1.1924529921259843
20
0.3102661023622047
11
1.1926551181102363
21
0.3098084251968504
0
LINE
8
BLACK
6
CONTINUOUS
10
1.1926551181102363
20
0.3098084251968504
11
1.1928105118110235
21
0.3084687007874016
0
LINE
8
BLACK
6
CONTINUOUS
10
1.1928105118110235
20
0.3084687007874016
11
1.1928740157480315
21
0.3081496062992126
0
LINE
8
BLACK
6
CONTINUOUS
10
1.1928740157480315
20
0.3081496062992126
11
1.1928740157480315
21
0.1581496062992126
0
LINE
8
BLACK
6
CONTINUOUS
10
1.1928740157480315
20
0.1581496062992126
11
1.1928105118110235
21
0.1578304724409449
0
LINE
8
BLACK
6
CONTINUOUS
10
1.1928105118110235
20
0.1578304724409449
11
1.1926551181102363
21
0.1564907480314961
0
LINE
8
BLACK
6
CONTINUOUS
10
1.1926551181102363
20
0.1564907480314961
11
1.1924529921259843
21
0.1560329921259843
0
LINE
8
BLACK
6
CONTINUOUS
10
1.1924529921259843
20
0.1560329921259843
11
1.1922746456692914
21
0.1551363385826772
0
LINE
8
BLACK
6
CONTINUOUS
10
1.1922746456692914
20
0.1551363385826772
11
1.1916331889763778
21
0.1541763779527559
0
LINE
8
BLACK
6
CONTINUOUS
10
1.1916331889763778
20
0.1541763779527559
11
1.1914397637795275
21
0.1537382677165354
0
LINE
8
BLACK
6
CONTINUOUS
10
1.1914397637795275
20
0.1537382677165354
11
1.1911404724409449
21
0.1534389763779528
0
LINE
8
BLACK
6
CONTINUOUS
10
1.1911404724409449
20
0.1534389763779528
11
1.1905677559055119
21
0.1525818503937008
0
LINE
8
BLACK
6
CONTINUOUS
10
1.1905677559055119
20
0.1525818503937008
11
1.1897105905511811
21
0.152009094488189
0
LINE
8
BLACK
6
CONTINUOUS
10
1.1897105905511811
20
0.152009094488189
11
1.1894112992125985
21
0.1517098031496063
0
LINE
8
BLACK
6
CONTINUOUS
10
1.1894112992125985
20
0.1517098031496063
11
1.1889731102362204
21
0.1515162992125984
0
LINE
8
BLACK
6
CONTINUOUS
10
1.1889731102362204
20
0.1515162992125984
11
1.1880132677165354
21
0.1508749606299213
0
LINE
8
BLACK
6
CONTINUOUS
10
1.1880132677165354
20
0.1508749606299213
11
1.1871166929133858
21
0.1506966141732284
0
LINE
8
BLACK
6
CONTINUOUS
10
1.1871166929133858
20
0.1506966141732284
11
1.1866588188976377
21
0.1504944488188976
0
LINE
8
BLACK
6
CONTINUOUS
10
1.1866588188976377
20
0.1504944488188976
11
1.185318622047244
21
0.150338937007874
0
LINE
8
BLACK
6
CONTINUOUS
10
1.185318622047244
20
0.150338937007874
11
1.1850000000000001
21
0.1502755905511811
0
LINE
8
BLACK
6
CONTINUOUS
10
1.1850000000000001
20
0.1502755905511811
11
1.1847723228346456
21
0.1502755905511811
0
LINE
8
BLACK
6
CONTINUOUS
10
1.1847723228346456
20
0.1502755905511811
11
1.0352277165354331
21
0.1502755905511811
0
LINE
8
BLACK
6
CONTINUOUS
10
1.0352277165354331
20
0.1502755905511811
11
1.0349999999999999
21
0.1502755905511811
0
LINE
8
BLACK
6
CONTINUOUS
10
1.0349999999999999
20
0.1502755905511811
11
1.0346813385826772
21
0.150338937007874
0
LINE
8
BLACK
6
CONTINUOUS
10
1.0346813385826772
20
0.150338937007874
11
1.0333411417322835
21
0.1504944488188976
0
LINE
8
BLACK
6
CONTINUOUS
10
1.0333411417322835
20
0.1504944488188976
11
1.0328832283464566
21
0.1506966141732284
0
LINE
8
BLACK
6
CONTINUOUS
10
1.0328832283464566
20
0.1506966141732284
11
1.0319867322834646
21
0.1508749606299213
0
LINE
8
BLACK
6
CONTINUOUS
10
1.0319867322834646
20
0.1508749606299213
11
1.0310269291338583
21
0.1515162598425197
0
LINE
8
BLACK
6
CONTINUOUS
10
1.0310269291338583
20
0.1515162598425197
11
1.0305886614173227
21
0.1517098031496063
0
LINE
8
BLACK
6
CONTINUOUS
10
1.0305886614173227
20
0.1517098031496063
11
1.0302892519685038
21
0.1520091732283465
0
LINE
8
BLACK
6
CONTINUOUS
10
1.0302892519685038
20
0.1520091732283465
11
1.0294322440944881
21
0.1525818503937008
0
LINE
8
BLACK
6
CONTINUOUS
10
1.0294322440944881
20
0.1525818503937008
11
1.0288595669291338
21
0.1534388582677165
0
LINE
8
BLACK
6
CONTINUOUS
10
1.0288595669291338
20
0.1534388582677165
11
1.0285601968503937
21
0.1537382677165354
0
LINE
8
BLACK
6
CONTINUOUS
10
1.0285601968503937
20
0.1537382677165354
11
1.0283666535433071
21
0.1541765354330709
0
LINE
8
BLACK
6
CONTINUOUS
10
1.0283666535433071
20
0.1541765354330709
11
1.0277253543307086
21
0.1551363385826772
0
LINE
8
BLACK
6
CONTINUOUS
10
1.0277253543307086
20
0.1551363385826772
11
1.0275470078740156
21
0.1560328346456693
0
LINE
8
BLACK
6
CONTINUOUS
10
1.0275470078740156
20
0.1560328346456693
11
1.0273448425196849
21
0.1564907480314961
0
LINE
8
BLACK
6
CONTINUOUS
10
1.0273448425196849
20
0.1564907480314961
11
1.0271893307086615
21
0.1578310236220472
0
LINE
8
BLACK
6
CONTINUOUS
10
1.0271893307086615
20
0.1578310236220472
11
1.0271259842519684
21
0.1581496062992126
0
LINE
8
BLACK
6
CONTINUOUS
10
1.0271259842519684
20
0.1581496062992126
11
1.0271259842519684
21
0.3081496062992126
0
LINE
8
BLACK
6
CONTINUOUS
10
1.0271259842519684
20
0.3081496062992126
11
1.0271893700787402
21
0.3084683070866142
0
LINE
8
BLACK
6
CONTINUOUS
10
1.0271893700787402
20
0.3084683070866142
11
1.0273448425196849
21
0.3098084251968504
0
LINE
8
BLACK
6
CONTINUOUS
10
1.0273448425196849
20
0.3098084251968504
11
1.0275470078740156
21
0.3102662992125984
0
LINE
8
BLACK
6
CONTINUOUS
10
1.0275470078740156
20
0.3102662992125984
11
1.0277253543307086
21
0.311162874015748
0
LINE
8
BLACK
6
CONTINUOUS
10
1.0277253543307086
20
0.311162874015748
11
1.0283666929133859
21
0.3121227165354331
0
LINE
8
BLACK
6
CONTINUOUS
10
1.0283666929133859
20
0.3121227165354331
11
1.0285601968503937
21
0.312560905511811
0
LINE
8
BLACK
6
CONTINUOUS
10
1.0285601968503937
20
0.312560905511811
11
1.0288594881889763
21
0.3128601968503937
0
LINE
8
BLACK
6
CONTINUOUS
10
1.0288594881889763
20
0.3128601968503937
11
1.0294322440944881
21
0.3137173622047244
0
LINE
8
BLACK
6
CONTINUOUS
10
1.0294322440944881
20
0.3137173622047244
11
1.0302893700787401
21
0.3142900787401575
0
LINE
8
BLACK
6
CONTINUOUS
10
1.0302893700787401
20
0.3142900787401575
11
1.0305886614173227
21
0.3145893700787402
0
LINE
8
BLACK
6
CONTINUOUS
10
1.0305886614173227
20
0.3145893700787402
11
1.0310267716535433
21
0.3147827952755906
0
LINE
8
BLACK
6
CONTINUOUS
10
1.0310267716535433
20
0.3147827952755906
11
1.0319867322834646
21
0.3154242519685039
0
LINE
8
BLACK
6
CONTINUOUS
10
1.0319867322834646
20
0.3154242519685039
11
1.0328833858267716
21
0.3156025984251968
0
LINE
8
BLACK
6
CONTINUOUS
10
1.0328833858267716
20
0.3156025984251968
11
1.0333411417322835
21
0.3158047244094488
0
LINE
8
BLACK
6
CONTINUOUS
10
1.0333411417322835
20
0.3158047244094488
11
1.0346809448818897
21
0.315960157480315
0
LINE
8
BLACK
6
CONTINUOUS
10
1.0346809448818897
20
0.315960157480315
11
1.0349999999999999
21
0.3160236220472441
0
LINE
8
BLACK
6
CONTINUOUS
10
1.0349999999999999
20
0.3160236220472441
11
1.1850000000000001
21
0.3160236220472441
0
LINE
8
BLACK
6
CONTINUOUS
10
1.1850000000000001
20
0.3160236220472441
11
1.1853191732283463
21
0.3159601181102362
0
LINE
8
BLACK
6
CONTINUOUS
10
1.3853191732283465
20
0.3159601181102362
11
1.3866588188976379
21
0.3158047244094488
0
LINE
8
BLACK
6
CONTINUOUS
10
1.3866588188976379
20
0.3158047244094488
11
1.387116496062992
21
0.3156025984251968
0
LINE
8
BLACK
6
CONTINUOUS
10
1.387116496062992
20
0.3156025984251968
11
1.3880132677165353
21
0.3154242519685039
0
LINE
8
BLACK
6
CONTINUOUS
10
1.3880132677165353
20
0.3154242519685039
11
1.3889732677165354
21
0.3147827559055118
0
LINE
8
BLACK
6
CONTINUOUS
10
1.3889732677165354
20
0.3147827559055118
11
1.3894112992125984
21
0.3145893700787402
0
LINE
8
BLACK
6
CONTINUOUS
10
1.3894112992125984
20
0.3145893700787402
11
1.3897104724409448
21
0.314290157480315
0
LINE
8
BLACK
6
CONTINUOUS
10
1.3897104724409448
20
0.314290157480315
11
1.3905677559055118
21
0.3137173622047244
0
LINE
8
BLACK
6
CONTINUOUS
10
1.3905677559055118
20
0.3137173622047244
11
1.3911405511811024
21
0.3128600787401575
0
LINE
8
BLACK
6
CONTINUOUS
10
1.3911405511811024
20
0.3128600787401575
11
1.3914397637795275
21
0.312560905511811
0
LINE
8
BLACK
6
CONTINUOUS
10
1.3914397637795275
20
0.312560905511811
11
1.3916331496062992
21
0.312122874015748
0
LINE
8
BLACK
6
CONTINUOUS
10
1.3916331496062992
20
0.312122874015748
11
1.3922746456692914
21
0.311162874015748
0
LINE
8
BLACK
6
CONTINUOUS
10
1.3922746456692914
20
0.311162874015748
11
1.3924529921259843
21
0.3102661023622047
0
LINE
8
BLACK
6
CONTINUOUS
10
1.3924529921259843
20
0.3102661023622047
11
1.3926551181102362
21
0.3098084251968504
0
LINE
8
BLACK
6
CONTINUOUS
10
1.3926551181102362
20
0.3098084251968504
11
1.3928105118110237
21
0.3084687007874016
0
LINE
8
BLACK
6
CONTINUOUS
10
1.3928105118110237
20
0.3084687007874016
11
1.3928740157480315
21
0.3081496062992126
0
LINE
8
BLACK
6
CONTINUOUS
10
1.3928740157480315
20
0.3081496062992126
11
1.3928740157480315
21
0.1581496062992126
0
LINE
8
BLACK
6
CONTINUOUS
10
1.3928740157480315
20
0.1581496062992126
11
1.3928105118110237
21
0.1578304724409449
0
LINE
8
BLACK
6
CONTINUOUS
10
1.3928105118110237
20
0.1578304724409449
11
1.3926551181102362
21
0.1564907480314961
0
LINE
8
BLACK
6
CONTINUOUS
10
1.3926551181102362
20
0.1564907480314961
11
1.3924529921259843
21
0.1560329921259843
0
LINE
8
BLACK
6
CONTINUOUS
10
1.3924529921259843
20
0.1560329921259843
11
1.3922746456692914
21
0.1551363385826772
0
LINE
8
BLACK
6
CONTINUOUS
10
1.3922746456692914
20
0.1551363385826772
11
1.391633188976378
21
0.1541763779527559
0
LINE
8
BLACK
6
CONTINUOUS
10
1.391633188976378
20
0.1541763779527559
11
1.3914397637795275
21
0.1537382677165354
0
LINE
8
BLACK
6
CONTINUOUS
10
1.3914397637795275
20
0.1537382677165354
11
1.3911404724409449
21
0.1534389763779528
0
LINE
8
BLACK
6
CONTINUOUS
10
1.3911404724409449
20
0.1534389763779528
11
1.3905677559055118
21
0.1525818503937008
0
LINE
8
BLACK
6
CONTINUOUS
10
1.3905677559055118
20
0.1525818503937008
11
1.3897105905511811
21
0.152009094488189
0
LINE
8
BLACK
6
CONTINUOUS
10
1.3897105905511811
20
0.152009094488189
11
1.3894112992125984
21
0.1517098031496063
0
LINE
8
BLACK
6
CONTINUOUS
10
1.3894112992125984
20
0.1517098031496063
11
1.3889731102362204
21
0.1515162992125984
0
LINE
8
BLACK
6
CONTINUOUS
10
1.3889731102362204
20
0.1515162992125984
11
1.3880132677165353
21
0.1508749606299213
0
LINE
8
BLACK
6
CONTINUOUS
10
1.3880132677165353
20
0.1508749606299213
11
1.3871166929133858
21
0.1506966141732284
0
LINE
8
BLACK
6
CONTINUOUS
10
1.3871166929133858
20
0.1506966141732284
11
1.3866588188976379
21
0.1504944488188976
0
LINE
8
BLACK
6
CONTINUOUS
10
1.3866588188976379
20
0.1504944488188976
11
1.385318622047244
21
0.150338937007874
0
LINE
8
BLACK
6
CONTINUOUS
10
1.385318622047244
20
0.150338937007874
11
1.385
21
0.1502755905511811
0
LINE
8
BLACK
6
CONTINUOUS
10
1.385
20
0.1502755905511811
11
1.3847723228346456
21
0.1502755905511811
0
LINE
8
BLACK
6
CONTINUOUS
10
1.3847723228346456
20
0.1502755905511811
11
1.2352277165354331
21
0.1502755905511811
0
LINE
8
BLACK
6
CONTINUOUS
10
1.2352277165354331
20
0.1502755905511811
11
1.2349999999999999
21
0.1502755905511811
0
LINE
8
BLACK
6
CONTINUOUS
10
1.2349999999999999
20
0.1502755905511811
11
1.2346813385826771
21
0.150338937007874
0
LINE
8
BLACK
6
CONTINUOUS
10
1.2346813385826771
20
0.150338937007874
11
1.2333411417322835
21
0.1504944488188976
0
LINE
8
BLACK
6
CONTINUOUS
10
1.2333411417322835
20
0.1504944488188976
11
1.2328832283464566
21
0.1506966141732284
0
LINE
8
BLACK
6
CONTINUOUS
10
1.2328832283464566
20
0.1506966141732284
11
1.2319867322834646
21
0.1508749606299213
0
LINE
8
BLACK
6
CONTINUOUS
10
1.2319867322834646
20
0.1508749606299213
11
1.2310269291338582
21
0.1515162598425197
0
LINE
8
BLACK
6
CONTINUOUS
10
1.2310269291338582
20
0.1515162598425197
11
1.2305886614173227
21
0.1517098031496063
0
LINE
8
BLACK
6
CONTINUOUS
10
1.2305886614173227
20
0.1517098031496063
11
1.2302892519685038
21
0.1520091732283465
0
LINE
8
BLACK
6
CONTINUOUS
10
1.2302892519685038
20
0.1520091732283465
11
1.2294322440944883
21
0.1525818503937008
0
LINE
8
BLACK
6
CONTINUOUS
10
1.2294322440944883
20
0.1525818503937008
11
1.2288595669291338
21
0.1534388582677165
0
LINE
8
BLACK
6
CONTINUOUS
10
1.2288595669291338
20
0.1534388582677165
11
1.2285601968503936
21
0.1537382677165354
0
LINE
8
BLACK
6
CONTINUOUS
10
1.2285601968503936
20
0.1537382677165354
11
1.2283666535433071
21
0.1541765354330709
0
LINE
8
BLACK
6
CONTINUOUS
10
1.2283666535433071
20
0.1541765354330709
11
1.2277253543307087
21
0.1551363385826772
0
LINE
8
BLACK
6
CONTINUOUS
10
1.2277253543307087
20
0.1551363385826772
11
1.2275470078740158
21
0.1560328346456693
0
LINE
8
BLACK
6
CONTINUOUS
10
1.2275470078740158
20
0.1560328346456693
11
1.2273448425196851
21
0.1564907480314961
0
LINE
8
BLACK
6
CONTINUOUS
10
1.2273448425196851
20
0.1564907480314961
11
1.2271893307086614
21
0.1578310236220472
0
LINE
8
BLACK
6
CONTINUOUS
10
1.2271893307086614
20
0.1578310236220472
11
1.2271259842519684
21
0.1581496062992126
0
LINE
8
BLACK
6
CONTINUOUS
10
1.2271259842519684
20
0.1581496062992126
11
1.2271259842519684
21
0.3081496062992126
0
LINE
8
BLACK
6
CONTINUOUS
10
1.2271259842519684
20
0.3081496062992126
11
1.2271893700787402
21
0.3084683070866142
0
LINE
8
BLACK
6
CONTINUOUS
10
1.2271893700787402
20
0.3084683070866142
11
1.2273448425196851
21
0.3098084251968504
0
LINE
8
BLACK
6
CONTINUOUS
10
1.2273448425196851
20
0.3098084251968504
11
1.2275470078740158
21
0.3102662992125984
0
LINE
8
BLACK
6
CONTINUOUS
10
1.2275470078740158
20
0.3102662992125984
11
1.2277253543307087
21
0.311162874015748
0
LINE
8
BLACK
6
CONTINUOUS
10
1.2277253543307087
20
0.311162874015748
11
1.2283666929133858
21
0.3121227165354331
0
LINE
8
BLACK
6
CONTINUOUS
10
1.2283666929133858
20
0.3121227165354331
11
1.2285601968503936
21
0.312560905511811
0
LINE
8
BLACK
6
CONTINUOUS
10
1.2285601968503936
20
0.312560905511811
11
1.2288594881889763
21
0.3128601968503937
0
LINE
8
BLACK
6
CONTINUOUS
10
1.2288594881889763
20
0.3128601968503937
11
1.2294322440944883
21
0.3137173622047244
0
LINE
8
BLACK
6
CONTINUOUS
10
1.2294322440944883
20
0.3137173622047244
11
1.2302893700787401
21
0.3142900787401575
0
LINE
8
BLACK
6
CONTINUOUS
10
1.2302893700787401
20
0.3142900787401575
11
1.2305886614173227
21
0.3145893700787402
0
LINE
8
BLACK
6
CONTINUOUS
10
1.2305886614173227
20
0.3145893700787402
11
1.2310267716535432
21
0.3147827952755906
0
LINE
8
BLACK
6
CONTINUOUS
10
1.2310267716535432
20
0.3147827952755906
11
1.2319867322834646
21
0.3154242519685039
0
LINE
8
BLACK
6
CONTINUOUS
10
1.2319867322834646
20
0.3154242519685039
11
1.2328833858267716
21
0.3156025984251968
0
LINE
8
BLACK
6
CONTINUOUS
10
1.2328833858267716
20
0.3156025984251968
11
1.2333411417322835
21
0.3158047244094488
0
LINE
8
BLACK
6
CONTINUOUS
10
1.2333411417322835
20
0.3158047244094488
11
1.2346809448818898
21
0.315960157480315
0
LINE
8
BLACK
6
CONTINUOUS
10
1.2346809448818898
20
0.315960157480315
11
1.2349999999999999
21
0.3160236220472441
0
LINE
8
BLACK
6
CONTINUOUS
10
1.2349999999999999
20
0.3160236220472441
11
1.385
21
0.3160236220472441
0
LINE
8
BLACK
6
CONTINUOUS
10
1.385
20
0.3160236220472441
11
1.3853191732283465
21
0.3159601181102362
0
LINE
8
BLACK
6
CONTINUOUS
10
1.5853191732283465
20
0.3159601181102362
11
1.5866588188976378
21
0.3158047244094488
0
LINE
8
BLACK
6
CONTINUOUS
10
1.5866588188976378
20
0.3158047244094488
11
1.587116496062992
21
0.3156025984251968
0
LINE
8
BLACK
6
CONTINUOUS
10
1.587116496062992
20
0.3156025984251968
11
1.5880132677165355
21
0.3154242519685039
0
LINE
8
BLACK
6
CONTINUOUS
10
1.5880132677165355
20
0.3154242519685039
11
1.5889732677165354
21
0.3147827559055118
0
LINE
8
BLACK
6
CONTINUOUS
10
1.5889732677165354
20
0.3147827559055118
11
1.5894112992125984
21
0.3145893700787402
0
LINE
8
BLACK
6
CONTINUOUS
10
1.5894112992125984
20
0.3145893700787402
11
1.5897104724409448
21
0.314290157480315
0
LINE
8
BLACK
6
CONTINUOUS
10
1.5897104724409448
20
0.314290157480315
11
1.5905677559055118
21
0.3137173622047244
0
LINE
8
BLACK
6
CONTINUOUS
10
1.5905677559055118
20
0.3137173622047244
11
1.5911405511811023
21
0.3128600787401575
0
LINE
8
BLACK
6
CONTINUOUS
10
1.5911405511811023
20
0.3128600787401575
11
1.5914397637795274
21
0.312560905511811
0
LINE
8
BLACK
6
CONTINUOUS
10
1.5914397637795274
20
0.312560905511811
11
1.5916331496062992
21
0.312122874015748
0
LINE
8
BLACK
6
CONTINUOUS
10
1.5916331496062992
20
0.312122874015748
11
1.5922746456692913
21
0.311162874015748
0
LINE
8
BLACK
6
CONTINUOUS
10
1.5922746456692913
20
0.311162874015748
11
1.5924529921259842
21
0.3102661023622047
0
LINE
8
BLACK
6
CONTINUOUS
10
1.5924529921259842
20
0.3102661023622047
11
1.5926551181102362
21
0.3098084251968504
0
LINE
8
BLACK
6
CONTINUOUS
10
1.5926551181102362
20
0.3098084251968504
11
1.5928105118110236
21
0.3084687007874016
0
LINE
8
BLACK
6
CONTINUOUS
10
1.5928105118110236
20
0.3084687007874016
11
1.5928740157480314
21
0.3081496062992126
0
LINE
8
BLACK
6
CONTINUOUS
10
1.5928740157480314
20
0.3081496062992126
11
1.5928740157480314
21
0.1581496062992126
0
LINE
8
BLACK
6
CONTINUOUS
10
1.5928740157480314
20
0.1581496062992126
11
1.5928105118110236
21
0.1578304724409449
0
LINE
8
BLACK
6
CONTINUOUS
10
1.5928105118110236
20
0.1578304724409449
11
1.5926551181102362
21
0.1564907480314961
0
LINE
8
BLACK
6
CONTINUOUS
10
1.5926551181102362
20
0.1564907480314961
11
1.5924529921259842
21
0.1560329921259843
0
LINE
8
BLACK
6
CONTINUOUS
10
1.5924529921259842
20
0.1560329921259843
11
1.5922746456692913
21
0.1551363385826772
0
LINE
8
BLACK
6
CONTINUOUS
10
1.5922746456692913
20
0.1551363385826772
11
1.591633188976378
21
0.1541763779527559
0
LINE
8
BLACK
6
CONTINUOUS
10
1.591633188976378
20
0.1541763779527559
11
1.5914397637795274
21
0.1537382677165354
0
LINE
8
BLACK
6
CONTINUOUS
10
1.5914397637795274
20
0.1537382677165354
11
1.5911404724409448
21
0.1534389763779528
0
LINE
8
BLACK
6
CONTINUOUS
10
1.5911404724409448
20
0.1534389763779528
11
1.5905677559055118
21
0.1525818503937008
0
LINE
8
BLACK
6
CONTINUOUS
10
1.5905677559055118
20
0.1525818503937008
11
1.589710590551181
21
0.152009094488189
0
LINE
8
BLACK
6
CONTINUOUS
10
1.589710590551181
20
0.152009094488189
11
1.5894112992125984
21
0.1517098031496063
0
LINE
8
BLACK
6
CONTINUOUS
10
1.5894112992125984
20
0.1517098031496063
11
1.5889731102362203
21
0.1515162992125984
0
LINE
8
BLACK
6
CONTINUOUS
10
1.5889731102362203
20
0.1515162992125984
11
1.5880132677165355
21
0.1508749606299213
0
LINE
8
BLACK
6
CONTINUOUS
10
1.5880132677165355
20
0.1508749606299213
11
1.5871166929133858
21
0.1506966141732284
0
LINE
8
BLACK
6
CONTINUOUS
10
1.5871166929133858
20
0.1506966141732284
11
1.5866588188976378
21
0.1504944488188976
0
LINE
8
BLACK
6
CONTINUOUS
10
1.5866588188976378
20
0.1504944488188976
11
1.5853186220472442
21
0.150338937007874
0
LINE
8
BLACK
6
CONTINUOUS
10
1.5853186220472442
20
0.150338937007874
11
1.585
21
0.1502755905511811
0
LINE
8
BLACK
6
CONTINUOUS
10
1.585
20
0.1502755905511811
11
1.5847723228346455
21
0.1502755905511811
0
LINE
8
BLACK
6
CONTINUOUS
10
1.5847723228346455
20
0.1502755905511811
11
1.435227716535433
21
0.1502755905511811
0
LINE
8
BLACK
6
CONTINUOUS
10
1.435227716535433
20
0.1502755905511811
11
1.4350000000000001
21
0.1502755905511811
0
LINE
8
BLACK
6
CONTINUOUS
10
1.4350000000000001
20
0.1502755905511811
11
1.4346813385826771
21
0.150338937007874
0
LINE
8
BLACK
6
CONTINUOUS
10
1.4346813385826771
20
0.150338937007874
11
1.4333411417322834
21
0.1504944488188976
0
LINE
8
BLACK
6
CONTINUOUS
10
1.4333411417322834
20
0.1504944488188976
11
1.4328832283464568
21
0.1506966141732284
0
LINE
8
BLACK
6
CONTINUOUS
10
1.4328832283464568
20
0.1506966141732284
11
1.4319867322834645
21
0.1508749606299213
0
LINE
8
BLACK
6
CONTINUOUS
10
1.4319867322834645
20
0.1508749606299213
11
1.4310269291338582
21
0.1515162598425197
0
LINE
8
BLACK
6
CONTINUOUS
10
1.4310269291338582
20
0.1515162598425197
11
1.4305886614173229
21
0.1517098031496063
0
LINE
8
BLACK
6
CONTINUOUS
10
1.4305886614173229
20
0.1517098031496063
11
1.430289251968504
21
0.1520091732283465
0
LINE
8
BLACK
6
CONTINUOUS
10
1.430289251968504
20
0.1520091732283465
11
1.4294322440944882
21
0.1525818503937008
0
LINE
8
BLACK
6
CONTINUOUS
10
1.4294322440944882
20
0.1525818503937008
11
1.4288595669291337
21
0.1534388582677165
0
LINE
8
BLACK
6
CONTINUOUS
10
1.4288595669291337
20
0.1534388582677165
11
1.4285601968503936
21
0.1537382677165354
0
LINE
8
BLACK
6
CONTINUOUS
10
1.4285601968503936
20
0.1537382677165354
11
1.4283666535433071
21
0.1541765354330709
0
LINE
8
BLACK
6
CONTINUOUS
10
1.4283666535433071
20
0.1541765354330709
11
1.4277253543307087
21
0.1551363385826772
0
LINE
8
BLACK
6
CONTINUOUS
10
1.4277253543307087
20
0.1551363385826772
11
1.4275470078740158
21
0.1560328346456693
0
LINE
8
BLACK
6
CONTINUOUS
10
1.4275470078740158
20
0.1560328346456693
11
1.4273448425196851
21
0.1564907480314961
0
LINE
8
BLACK
6
CONTINUOUS
10
1.4273448425196851
20
0.1564907480314961
11
1.4271893307086614
21
0.1578310236220472
0
LINE
8
BLACK
6
CONTINUOUS
10
1.4271893307086614
20
0.1578310236220472
11
1.4271259842519686
21
0.1581496062992126
0
LINE
8
BLACK
6
CONTINUOUS
10
1.4271259842519686
20
0.1581496062992126
11
1.4271259842519686
21
0.3081496062992126
0
LINE
8
BLACK
6
CONTINUOUS
10
1.4271259842519686
20
0.3081496062992126
11
1.4271893700787401
21
0.3084683070866142
0
LINE
8
BLACK
6
CONTINUOUS
10
1.4271893700787401
20
0.3084683070866142
11
1.4273448425196851
21
0.3098084251968504
0
LINE
8
BLACK
6
CONTINUOUS
10
1.4273448425196851
20
0.3098084251968504
11
1.4275470078740158
21
0.3102662992125984
0
LINE
8
BLACK
6
CONTINUOUS
10
1.4275470078740158
20
0.3102662992125984
11
1.4277253543307087
21
0.311162874015748
0
LINE
8
BLACK
6
CONTINUOUS
10
1.4277253543307087
20
0.311162874015748
11
1.4283666929133858
21
0.3121227165354331
0
LINE
8
BLACK
6
CONTINUOUS
10
1.4283666929133858
20
0.3121227165354331
11
1.4285601968503936
21
0.312560905511811
0
LINE
8
BLACK
6
CONTINUOUS
10
1.4285601968503936
20
0.312560905511811
11
1.4288594881889762
21
0.3128601968503937
0
LINE
8
BLACK
6
CONTINUOUS
10
1.4288594881889762
20
0.3128601968503937
11
1.4294322440944882
21
0.3137173622047244
0
LINE
8
BLACK
6
CONTINUOUS
10
1.4294322440944882
20
0.3137173622047244
11
1.43028937007874
21
0.3142900787401575
0
LINE
8
BLACK
6
CONTINUOUS
10
1.43028937007874
20
0.3142900787401575
11
1.4305886614173229
21
0.3145893700787402
0
LINE
8
BLACK
6
CONTINUOUS
10
1.4305886614173229
20
0.3145893700787402
11
1.4310267716535432
21
0.3147827952755906
0
LINE
8
BLACK
6
CONTINUOUS
10
1.4310267716535432
20
0.3147827952755906
11
1.4319867322834645
21
0.3154242519685039
0
LINE
8
BLACK
6
CONTINUOUS
10
1.4319867322834645
20
0.3154242519685039
11
1.4328833858267715
21
0.3156025984251968
0
LINE
8
BLACK
6
CONTINUOUS
10
1.4328833858267715
20
0.3156025984251968
11
1.4333411417322834
21
0.3158047244094488
0
LINE
8
BLACK
6
CONTINUOUS
10
1.4333411417322834
20
0.3158047244094488
11
1.4346809448818898
21
0.315960157480315
0
LINE
8
BLACK
6
CONTINUOUS
10
1.4346809448818898
20
0.315960157480315
11
1.4350000000000001
21
0.3160236220472441
0
LINE
8
BLACK
6
CONTINUOUS
10
1.4350000000000001
20
0.3160236220472441
11
1.585
21
0.3160236220472441
0
LINE
8
BLACK
6
CONTINUOUS
10
1.585
20
0.3160236220472441
11
1.5853191732283465
21
0.3159601181102362
0
LINE
8
BLACK
6
CONTINUOUS
10
0.5903191732283465
20
0.5128105118110237
11
0.5916588188976378
21
0.5126551181102362
0
LINE
8
BLACK
6
CONTINUOUS
10
0.5916588188976378
20
0.5126551181102362
11
0.5921164960629921
21
0.5124529921259843
0
LINE
8
BLACK
6
CONTINUOUS
10
0.5921164960629921
20
0.5124529921259843
11
0.5930132677165354
21
0.5122746456692914
0
LINE
8
BLACK
6
CONTINUOUS
10
0.5930132677165354
20
0.5122746456692914
11
0.5939732677165355
21
0.5116331496062992
0
LINE
8
BLACK
6
CONTINUOUS
10
0.5939732677165355
20
0.5116331496062992
11
0.5944112992125984
21
0.5114397637795276
0
LINE
8
BLACK
6
CONTINUOUS
10
0.5944112992125984
20
0.5114397637795276
11
0.5947104724409449
21
0.5111405511811024
0
LINE
8
BLACK
6
CONTINUOUS
10
0.5947104724409449
20
0.5111405511811024
11
0.5955677559055118
21
0.5105677559055118
0
LINE
8
BLACK
6
CONTINUOUS
10
0.5955677559055118
20
0.5105677559055118
11
0.5961405511811023
21
0.5097104724409449
0
LINE
8
BLACK
6
CONTINUOUS
10
0.5961405511811023
20
0.5097104724409449
11
0.5964397637795276
21
0.5094112992125984
0
LINE
8
BLACK
6
CONTINUOUS
10
0.5964397637795276
20
0.5094112992125984
11
0.5966331496062992
21
0.5089732677165354
0
LINE
8
BLACK
6
CONTINUOUS
10
0.5966331496062992
20
0.5089732677165354
11
0.5972746456692913
21
0.5080132677165354
0
LINE
8
BLACK
6
CONTINUOUS
10
0.5972746456692913
20
0.5080132677165354
11
0.5974529921259842
21
0.5071164960629921
0
LINE
8
BLACK
6
CONTINUOUS
10
0.5974529921259842
20
0.5071164960629921
11
0.5976551181102362
21
0.5066588188976378
0
LINE
8
BLACK
6
CONTINUOUS
10
0.5976551181102362
20
0.5066588188976378
11
0.5978105118110236
21
0.505319094488189
0
LINE
8
BLACK
6
CONTINUOUS
10
0.5978105118110236
20
0.505319094488189
11
0.5978740157480315
21
0.505
0
LINE
8
BLACK
6
CONTINUOUS
10
0.5978740157480315
20
0.505
11
0.5978740157480315
21
0.355
0
LINE
8
BLACK
6
CONTINUOUS
10
0.5978740157480315
20
0.355
11
0.5978105118110236
21
0.3546808661417323
0
LINE
8
BLACK
6
CONTINUOUS
10
0.5978105118110236
20
0.3546808661417323
11
0.5976551181102362
21
0.3533411417322835
0
LINE
8
BLACK
6
CONTINUOUS
10
0.5976551181102362
20
0.3533411417322835
11
0.5974529921259842
21
0.3528833858267716
0
LINE
8
BLACK
6
CONTINUOUS
10
0.5974529921259842
20
0.3528833858267716
11
0.5972746456692913
21
0.3519867322834646
0
LINE
8
BLACK
6
CONTINUOUS
10
0.5972746456692913
20
0.3519867322834646
11
0.596633188976378
21
0.3510267716535433
0
LINE
8
BLACK
6
CONTINUOUS
10
0.596633188976378
20
0.3510267716535433
11
0.5964397637795276
21
0.3505886614173228
0
LINE
8
BLACK
6
CONTINUOUS
10
0.5964397637795276
20
0.3505886614173228
11
0.5961404724409448
21
0.3502893700787402
0
LINE
8
BLACK
6
CONTINUOUS
10
0.5961404724409448
20
0.3502893700787402
11
0.5955677559055118
21
0.3494322440944882
0
LINE
8
BLACK
6
CONTINUOUS
10
0.5955677559055118
20
0.3494322440944882
11
0.5947105905511811
21
0.3488594881889764
0
LINE
8
BLACK
6
CONTINUOUS
10
0.5947105905511811
20
0.3488594881889764
11
0.5944112992125984
21
0.3485601968503937
0
LINE
8
BLACK
6
CONTINUOUS
10
0.5944112992125984
20
0.3485601968503937
11
0.5939731102362205
21
0.3483666929133858
0
LINE
8
BLACK
6
CONTINUOUS
10
0.5939731102362205
20
0.3483666929133858
11
0.5930132677165354
21
0.3477253543307087
0
LINE
8
BLACK
6
CONTINUOUS
10
0.5930132677165354
20
0.3477253543307087
11
0.5921166929133859
21
0.3475470078740158
0
LINE
8
BLACK
6
CONTINUOUS
10
0.5921166929133859
20
0.3475470078740158
11
0.5916588188976378
21
0.347344842519685
0
LINE
8
BLACK
6
CONTINUOUS
10
0.5916588188976378
20
0.347344842519685
11
0.5903186220472441
21
0.3471893307086614
0
LINE
8
BLACK
6
CONTINUOUS
10
0.5903186220472441
20
0.3471893307086614
11
0.59
21
0.3471259842519685
0
LINE
8
BLACK
6
CONTINUOUS
10
0.59
20
0.3471259842519685
11
0.5897723228346456
21
0.3471259842519685
0
LINE
8
BLACK
6
CONTINUOUS
10
0.5897723228346456
20
0.3471259842519685
11
0.4402277165354331
21
0.3471259842519685
0
LINE
8
BLACK
6
CONTINUOUS
10
0.4402277165354331
20
0.3471259842519685
11
0.44
21
0.3471259842519685
0
LINE
8
BLACK
6
CONTINUOUS
10
0.44
20
0.3471259842519685
11
0.4396813385826772
21
0.3471893307086614
0
LINE
8
BLACK
6
CONTINUOUS
10
0.4396813385826772
20
0.3471893307086614
11
0.4383411417322834
21
0.347344842519685
0
LINE
8
BLACK
6
CONTINUOUS
10
0.4383411417322834
20
0.347344842519685
11
0.4378832283464567
21
0.3475470078740158
0
LINE
8
BLACK
6
CONTINUOUS
10
0.4378832283464567
20
0.3475470078740158
11
0.4369867322834646
21
0.3477253543307087
0
LINE
8
BLACK
6
CONTINUOUS
10
0.4369867322834646
20
0.3477253543307087
11
0.4360269291338583
21
0.3483666535433071
0
LINE
8
BLACK
6
CONTINUOUS
10
0.4360269291338583
20
0.3483666535433071
11
0.4355886614173228
21
0.3485601968503937
0
LINE
8
BLACK
6
CONTINUOUS
10
0.4355886614173228
20
0.3485601968503937
11
0.4352892519685039
21
0.3488595669291338
0
LINE
8
BLACK
6
CONTINUOUS
10
0.4352892519685039
20
0.3488595669291338
11
0.4344322440944882
21
0.3494322440944882
0
LINE
8
BLACK
6
CONTINUOUS
10
0.4344322440944882
20
0.3494322440944882
11
0.4338595669291339
21
0.3502892519685039
0
LINE
8
BLACK
6
CONTINUOUS
10
0.4338595669291339
20
0.3502892519685039
11
0.4335601968503937
21
0.3505886614173228
0
LINE
8
BLACK
6
CONTINUOUS
10
0.4335601968503937
20
0.3505886614173228
11
0.4333666535433071
21
0.3510269291338582
0
LINE
8
BLACK
6
CONTINUOUS
10
0.4333666535433071
20
0.3510269291338582
11
0.4327253543307086
21
0.3519867322834646
0
LINE
8
BLACK
6
CONTINUOUS
10
0.4327253543307086
20
0.3519867322834646
11
0.4325470078740157
21
0.3528832283464567
0
LINE
8
BLACK
6
CONTINUOUS
10
0.4325470078740157
20
0.3528832283464567
11
0.432344842519685
21
0.3533411417322835
0
LINE
8
BLACK
6
CONTINUOUS
10
0.432344842519685
20
0.3533411417322835
11
0.4321893307086614
21
0.3546814173228346
0
LINE
8
BLACK
6
CONTINUOUS
10
0.4321893307086614
20
0.3546814173228346
11
0.4321259842519685
21
0.355
0
LINE
8
BLACK
6
CONTINUOUS
10
0.4321259842519685
20
0.355
11
0.4321259842519685
21
0.505
0
LINE
8
BLACK
6
CONTINUOUS
10
0.4321259842519685
20
0.505
11
0.4321893700787401
21
0.5053187007874016
0
LINE
8
BLACK
6
CONTINUOUS
10
0.4321893700787401
20
0.5053187007874016
11
0.432344842519685
21
0.5066588188976378
0
LINE
8
BLACK
6
CONTINUOUS
10
0.432344842519685
20
0.5066588188976378
11
0.4325470078740157
21
0.5071166929133858
0
LINE
8
BLACK
6
CONTINUOUS
10
0.4325470078740157
20
0.5071166929133858
11
0.4327253543307086
21
0.5080132677165354
0
LINE
8
BLACK
6
CONTINUOUS
10
0.4327253543307086
20
0.5080132677165354
11
0.4333666929133858
21
0.5089731102362205
0
LINE
8
BLACK
6
CONTINUOUS
10
0.4333666929133858
20
0.5089731102362205
11
0.4335601968503937
21
0.5094112992125984
0
LINE
8
BLACK
6
CONTINUOUS
10
0.4335601968503937
20
0.5094112992125984
11
0.4338594881889763
21
0.5097105905511811
0
LINE
8
BLACK
6
CONTINUOUS
10
0.4338594881889763
20
0.5097105905511811
11
0.4344322440944882
21
0.5105677559055118
0
LINE
8
BLACK
6
CONTINUOUS
10
0.4344322440944882
20
0.5105677559055118
11
0.4352893700787401
21
0.5111404724409448
0
LINE
8
BLACK
6
CONTINUOUS
10
0.4352893700787401
20
0.5111404724409448
11
0.4355886614173228
21
0.5114397637795276
0
LINE
8
BLACK
6
CONTINUOUS
10
0.4355886614173228
20
0.5114397637795276
11
0.4360267716535433
21
0.511633188976378
0
LINE
8
BLACK
6
CONTINUOUS
10
0.4360267716535433
20
0.511633188976378
11
0.4369867322834646
21
0.5122746456692914
0
LINE
8
BLACK
6
CONTINUOUS
10
0.4369867322834646
20
0.5122746456692914
11
0.4378833858267717
21
0.5124529921259843
0
LINE
8
BLACK
6
CONTINUOUS
10
0.4378833858267717
20
0.5124529921259843
11
0.4383411417322834
21
0.5126551181102362
0
LINE
8
BLACK
6
CONTINUOUS
10
0.4383411417322834
20
0.5126551181102362
11
0.4396809448818897
21
0.5128105511811023
0
LINE
8
BLACK
6
CONTINUOUS
10
0.4396809448818897
20
0.5128105511811023
11
0.44
21
0.5128740157480315
0
LINE
8
BLACK
6
CONTINUOUS
10
0.44
20
0.5128740157480315
11
0.59
21
0.5128740157480315
0
LINE
8
BLACK
6
CONTINUOUS
10
0.59
20
0.5128740157480315
11
0.5903191732283465
21
0.5128105118110237
0
LINE
8
BLACK
6
CONTINUOUS
10
0.7853191732283464
20
0.5128105118110237
11
0.7866588188976378
21
0.5126551181102362
0
LINE
8
BLACK
6
CONTINUOUS
10
0.7866588188976378
20
0.5126551181102362
11
0.7871164960629921
21
0.5124529921259843
0
LINE
8
BLACK
6
CONTINUOUS
10
0.7871164960629921
20
0.5124529921259843
11
0.7880132677165355
21
0.5122746456692914
0
LINE
8
BLACK
6
CONTINUOUS
10
0.7880132677165355
20
0.5122746456692914
11
0.7889732677165354
21
0.5116331496062992
0
LINE
8
BLACK
6
CONTINUOUS
10
0.7889732677165354
20
0.5116331496062992
11
0.7894112992125984
21
0.5114397637795276
0
LINE
8
BLACK
6
CONTINUOUS
10
0.7894112992125984
20
0.5114397637795276
11
0.7897104724409448
21
0.5111405511811024
0
LINE
8
BLACK
6
CONTINUOUS
10
0.7897104724409448
20
0.5111405511811024
11
0.7905677559055118
21
0.5105677559055118
0
LINE
8
BLACK
6
CONTINUOUS
10
0.7905677559055118
20
0.5105677559055118
11
0.7911405511811024
21
0.5097104724409449
0
LINE
8
BLACK
6
CONTINUOUS
10
0.7911405511811024
20
0.5097104724409449
11
0.7914397637795275
21
0.5094112992125984
0
LINE
8
BLACK
6
CONTINUOUS
10
0.7914397637795275
20
0.5094112992125984
11
0.7916331496062992
21
0.5089732677165354
0
LINE
8
BLACK
6
CONTINUOUS
10
0.7916331496062992
20
0.5089732677165354
11
0.7922746456692913
21
0.5080132677165354
0
LINE
8
BLACK
6
CONTINUOUS
10
0.7922746456692913
20
0.5080132677165354
11
0.7924529921259842
21
0.5071164960629921
0
LINE
8
BLACK
6
CONTINUOUS
10
0.7924529921259842
20
0.5071164960629921
11
0.7926551181102363
21
0.5066588188976378
0
LINE
8
BLACK
6
CONTINUOUS
10
0.7926551181102363
20
0.5066588188976378
11
0.7928105118110236
21
0.505319094488189
0
LINE
8
BLACK
6
CONTINUOUS
10
0.7928105118110236
20
0.505319094488189
11
0.7928740157480315
21
0.505
0
LINE
8
BLACK
6
CONTINUOUS
10
0.7928740157480315
20
0.505
11
0.7928740157480315
21
0.355
0
LINE
8
BLACK
6
CONTINUOUS
10
0.7928740157480315
20
0.355
11
0.7928105118110236
21
0.3546808661417323
0
LINE
8
BLACK
6
CONTINUOUS
10
0.7928105118110236
20
0.3546808661417323
11
0.7926551181102363
21
0.3533411417322835
0
LINE
8
BLACK
6
CONTINUOUS
10
0.7926551181102363
20
0.3533411417322835
11
0.7924529921259842
21
0.3528833858267716
0
LINE
8
BLACK
6
CONTINUOUS
10
0.7924529921259842
20
0.3528833858267716
11
0.7922746456692913
21
0.3519867322834646
0
LINE
8
BLACK
6
CONTINUOUS
10
0.7922746456692913
20
0.3519867322834646
11
0.7916331889763779
21
0.3510267716535433
0
LINE
8
BLACK
6
CONTINUOUS
10
0.7916331889763779
20
0.3510267716535433
11
0.7914397637795275
21
0.3505886614173228
0
LINE
8
BLACK
6
CONTINUOUS
10
0.7914397637795275
20
0.3505886614173228
11
0.7911404724409449
21
0.3502893700787402
0
LINE
8
BLACK
6
CONTINUOUS
10
0.7911404724409449
20
0.3502893700787402
11
0.7905677559055118
21
0.3494322440944882
0
LINE
8
BLACK
6
CONTINUOUS
10
0.7905677559055118
20
0.3494322440944882
11
0.7897105905511811
21
0.3488594881889764
0
LINE
8
BLACK
6
CONTINUOUS
10
0.7897105905511811
20
0.3488594881889764
11
0.7894112992125984
21
0.3485601968503937
0
LINE
8
BLACK
6
CONTINUOUS
10
0.7894112992125984
20
0.3485601968503937
11
0.7889731102362204
21
0.3483666929133858
0
LINE
8
BLACK
6
CONTINUOUS
10
0.7889731102362204
20
0.3483666929133858
11
0.7880132677165355
21
0.3477253543307087
0
LINE
8
BLACK
6
CONTINUOUS
10
0.7880132677165355
20
0.3477253543307087
11
0.7871166929133858
21
0.3475470078740158
0
LINE
8
BLACK
6
CONTINUOUS
10
0.7871166929133858
20
0.3475470078740158
11
0.7866588188976378
21
0.347344842519685
0
LINE
8
BLACK
6
CONTINUOUS
10
0.7866588188976378
20
0.347344842519685
11
0.7853186220472441
21
0.3471893307086614
0
LINE
8
BLACK
6
CONTINUOUS
10
0.7853186220472441
20
0.3471893307086614
11
0.785
21
0.3471259842519685
0
LINE
8
BLACK
6
CONTINUOUS
10
0.785
20
0.3471259842519685
11
0.7847723228346456
21
0.3471259842519685
0
LINE
8
BLACK
6
CONTINUOUS
10
0.7847723228346456
20
0.3471259842519685
11
0.6352277165354331
21
0.3471259842519685
0
LINE
8
BLACK
6
CONTINUOUS
10
0.6352277165354331
20
0.3471259842519685
11
0.635
21
0.3471259842519685
0
LINE
8
BLACK
6
CONTINUOUS
10
0.635
20
0.3471259842519685
11
0.6346813385826772
21
0.3471893307086614
0
LINE
8
BLACK
6
CONTINUOUS
10
0.6346813385826772
20
0.3471893307086614
11
0.6333411417322834
21
0.347344842519685
0
LINE
8
BLACK
6
CONTINUOUS
10
0.6333411417322834
20
0.347344842519685
11
0.6328832283464567
21
0.3475470078740158
0
LINE
8
BLACK
6
CONTINUOUS
10
0.6328832283464567
20
0.3475470078740158
11
0.6319867322834646
21
0.3477253543307087
0
LINE
8
BLACK
6
CONTINUOUS
10
0.6319867322834646
20
0.3477253543307087
11
0.6310269291338583
21
0.3483666535433071
0
LINE
8
BLACK
6
CONTINUOUS
10
0.6310269291338583
20
0.3483666535433071
11
0.6305886614173228
21
0.3485601968503937
0
LINE
8
BLACK
6
CONTINUOUS
10
0.6305886614173228
20
0.3485601968503937
11
0.6302892519685039
21
0.3488595669291338
0
LINE
8
BLACK
6
CONTINUOUS
10
0.6302892519685039
20
0.3488595669291338
11
0.6294322440944882
21
0.3494322440944882
0
LINE
8
BLACK
6
CONTINUOUS
10
0.6294322440944882
20
0.3494322440944882
11
0.6288595669291338
21
0.3502892519685039
0
LINE
8
BLACK
6
CONTINUOUS
10
0.6288595669291338
20
0.3502892519685039
11
0.6285601968503937
21
0.3505886614173228
0
LINE
8
BLACK
6
CONTINUOUS
10
0.6285601968503937
20
0.3505886614173228
11
0.6283666535433071
21
0.3510269291338582
0
LINE
8
BLACK
6
CONTINUOUS
10
0.6283666535433071
20
0.3510269291338582
11
0.6277253543307086
21
0.3519867322834646
0
LINE
8
BLACK
6
CONTINUOUS
10
0.6277253543307086
20
0.3519867322834646
11
0.6275470078740157
21
0.3528832283464567
0
LINE
8
BLACK
6
CONTINUOUS
10
0.6275470078740157
20
0.3528832283464567
11
0.627344842519685
21
0.3533411417322835
0
LINE
8
BLACK
6
CONTINUOUS
10
0.627344842519685
20
0.3533411417322835
11
0.6271893307086615
21
0.3546814173228346
0
LINE
8
BLACK
6
CONTINUOUS
10
0.6271893307086615
20
0.3546814173228346
11
0.6271259842519685
21
0.355
0
LINE
8
BLACK
6
CONTINUOUS
10
0.6271259842519685
20
0.355
11
0.6271259842519685
21
0.505
0
LINE
8
BLACK
6
CONTINUOUS
10
0.6271259842519685
20
0.505
11
0.6271893700787401
21
0.5053187007874016
0
LINE
8
BLACK
6
CONTINUOUS
10
0.6271893700787401
20
0.5053187007874016
11
0.627344842519685
21
0.5066588188976378
0
LINE
8
BLACK
6
CONTINUOUS
10
0.627344842519685
20
0.5066588188976378
11
0.6275470078740157
21
0.5071166929133858
0
LINE
8
BLACK
6
CONTINUOUS
10
0.6275470078740157
20
0.5071166929133858
11
0.6277253543307086
21
0.5080132677165354
0
LINE
8
BLACK
6
CONTINUOUS
10
0.6277253543307086
20
0.5080132677165354
11
0.6283666929133858
21
0.5089731102362205
0
LINE
8
BLACK
6
CONTINUOUS
10
0.6283666929133858
20
0.5089731102362205
11
0.6285601968503937
21
0.5094112992125984
0
LINE
8
BLACK
6
CONTINUOUS
10
0.6285601968503937
20
0.5094112992125984
11
0.6288594881889764
21
0.5097105905511811
0
LINE
8
BLACK
6
CONTINUOUS
10
0.6288594881889764
20
0.5097105905511811
11
0.6294322440944882
21
0.5105677559055118
0
LINE
8
BLACK
6
CONTINUOUS
10
0.6294322440944882
20
0.5105677559055118
11
0.6302893700787402
21
0.5111404724409448
0
LINE
8
BLACK
6
CONTINUOUS
10
0.6302893700787402
20
0.5111404724409448
11
0.6305886614173228
21
0.5114397637795276
0
LINE
8
BLACK
6
CONTINUOUS
10
0.6305886614173228
20
0.5114397637795276
11
0.6310267716535433
21
0.511633188976378
0
LINE
8
BLACK
6
CONTINUOUS
10
0.6310267716535433
20
0.511633188976378
11
0.6319867322834646
21
0.5122746456692914
0
LINE
8
BLACK
6
CONTINUOUS
10
0.6319867322834646
20
0.5122746456692914
11
0.6328833858267716
21
0.5124529921259843
0
LINE
8
BLACK
6
CONTINUOUS
10
0.6328833858267716
20
0.5124529921259843
11
0.6333411417322834
21
0.5126551181102362
0
LINE
8
BLACK
6
CONTINUOUS
10
0.6333411417322834
20
0.5126551181102362
11
0.6346809448818898
21
0.5128105511811023
0
LINE
8
BLACK
6
CONTINUOUS
10
0.6346809448818898
20
0.5128105511811023
11
0.635
21
0.5128740157480315
0
LINE
8
BLACK
6
CONTINUOUS
10
0.635
20
0.5128740157480315
11
0.785
21
0.5128740157480315
0
LINE
8
BLACK
6
CONTINUOUS
10
0.785
20
0.5128740157480315
11
0.7853191732283464
21
0.5128105118110237
0
LINE
8
BLACK
6
CONTINUOUS
10
0.9853191732283464
20
0.5128105118110237
11
0.9866588188976377
21
0.5126551181102362
0
LINE
8
BLACK
6
CONTINUOUS
10
0.9866588188976377
20
0.5126551181102362
11
0.9871164960629921
21
0.5124529921259843
0
LINE
8
BLACK
6
CONTINUOUS
10
0.9871164960629921
20
0.5124529921259843
11
0.9880132677165354
21
0.5122746456692914
0
LINE
8
BLACK
6
CONTINUOUS
10
0.9880132677165354
20
0.5122746456692914
11
0.9889732677165354
21
0.5116331496062992
0
LINE
8
BLACK
6
CONTINUOUS
10
0.9889732677165354
20
0.5116331496062992
11
0.9894112992125984
21
0.5114397637795276
0
LINE
8
BLACK
6
CONTINUOUS
10
0.9894112992125984
20
0.5114397637795276
11
0.9897104724409449
21
0.5111405511811024
0
LINE
8
BLACK
6
CONTINUOUS
10
0.9897104724409449
20
0.5111405511811024
11
0.9905677559055118
21
0.5105677559055118
0
LINE
8
BLACK
6
CONTINUOUS
10
0.9905677559055118
20
0.5105677559055118
11
0.9911405511811023
21
0.5097104724409449
0
LINE
8
BLACK
6
CONTINUOUS
10
0.9911405511811023
20
0.5097104724409449
11
0.9914397637795276
21
0.5094112992125984
0
LINE
8
BLACK
6
CONTINUOUS
10
0.9914397637795276
20
0.5094112992125984
11
0.9916331496062992
21
0.5089732677165354
0
LINE
8
BLACK
6
CONTINUOUS
10
0.9916331496062992
20
0.5089732677165354
11
0.9922746456692914
21
0.5080132677165354
0
LINE
8
BLACK
6
CONTINUOUS
10
0.9922746456692914
20
0.5080132677165354
11
0.9924529921259843
21
0.5071164960629921
0
LINE
8
BLACK
6
CONTINUOUS
10
0.9924529921259843
20
0.5071164960629921
11
0.9926551181102362
21
0.5066588188976378
0
LINE
8
BLACK
6
CONTINUOUS
10
0.9926551181102362
20
0.5066588188976378
11
0.9928105118110236
21
0.505319094488189
0
LINE
8
BLACK
6
CONTINUOUS
10
0.9928105118110236
20
0.505319094488189
11
0.9928740157480315
21
0.505
0
LINE
8
BLACK
6
CONTINUOUS
10
0.9928740157480315
20
0.505
11
0.9928740157480315
21
0.355
0
LINE
8
BLACK
6
CONTINUOUS
10
0.9928740157480315
20
0.355
11
0.9928105118110236
21
0.3546808661417323
0
LINE
8
BLACK
6
CONTINUOUS
10
0.9928105118110236
20
0.3546808661417323
11
0.9926551181102362
21
0.3533411417322835
0
LINE
8
BLACK
6
CONTINUOUS
10
0.9926551181102362
20
0.3533411417322835
11
0.9924529921259843
21
0.3528833858267716
0
LINE
8
BLACK
6
CONTINUOUS
10
0.9924529921259843
20
0.3528833858267716
11
0.9922746456692914
21
0.3519867322834646
0
LINE
8
BLACK
6
CONTINUOUS
10
0.9922746456692914
20
0.3519867322834646
11
0.991633188976378
21
0.3510267716535433
0
LINE
8
BLACK
6
CONTINUOUS
10
0.991633188976378
20
0.3510267716535433
11
0.9914397637795276
21
0.3505886614173228
0
LINE
8
BLACK
6
CONTINUOUS
10
0.9914397637795276
20
0.3505886614173228
11
0.9911404724409448
21
0.3502893700787402
0
LINE
8
BLACK
6
CONTINUOUS
10
0.9911404724409448
20
0.3502893700787402
11
0.9905677559055118
21
0.3494322440944882
0
LINE
8
BLACK
6
CONTINUOUS
10
0.9905677559055118
20
0.3494322440944882
11
0.989710590551181
21
0.3488594881889764
0
LINE
8
BLACK
6
CONTINUOUS
10
0.989710590551181
20
0.3488594881889764
11
0.9894112992125984
21
0.3485601968503937
0
LINE
8
BLACK
6
CONTINUOUS
10
0.9894112992125984
20
0.3485601968503937
11
0.9889731102362205
21
0.3483666929133858
0
LINE
8
BLACK
6
CONTINUOUS
10
0.9889731102362205
20
0.3483666929133858
11
0.9880132677165354
21
0.3477253543307087
0
LINE
8
BLACK
6
CONTINUOUS
10
0.9880132677165354
20
0.3477253543307087
11
0.9871166929133858
21
0.3475470078740158
0
LINE
8
BLACK
6
CONTINUOUS
10
0.9871166929133858
20
0.3475470078740158
11
0.9866588188976377
21
0.347344842519685
0
LINE
8
BLACK
6
CONTINUOUS
10
0.9866588188976377
20
0.347344842519685
11
0.9853186220472441
21
0.3471893307086614
0
LINE
8
BLACK
6
CONTINUOUS
10
0.9853186220472441
20
0.3471893307086614
11
0.985
21
0.3471259842519685
0
LINE
8
BLACK
6
CONTINUOUS
10
0.985
20
0.3471259842519685
11
0.9847723228346457
21
0.3471259842519685
0
LINE
8
BLACK
6
CONTINUOUS
10
0.9847723228346457
20
0.3471259842519685
11
0.835227716535433
21
0.3471259842519685
0
LINE
8
BLACK
6
CONTINUOUS
10
0.835227716535433
20
0.3471259842519685
11
0.835
21
0.3471259842519685
0
LINE
8
BLACK
6
CONTINUOUS
10
0.835
20
0.3471259842519685
11
0.8346813385826771
21
0.3471893307086614
0
LINE
8
BLACK
6
CONTINUOUS
10
0.8346813385826771
20
0.3471893307086614
11
0.8333411417322835
21
0.347344842519685
0
LINE
8
BLACK
6
CONTINUOUS
10
0.8333411417322835
20
0.347344842519685
11
0.8328832283464567
21
0.3475470078740158
0
LINE
8
BLACK
6
CONTINUOUS
10
0.8328832283464567
20
0.3475470078740158
11
0.8319867322834645
21
0.3477253543307087
0
LINE
8
BLACK
6
CONTINUOUS
10
0.8319867322834645
20
0.3477253543307087
11
0.8310269291338582
21
0.3483666535433071
0
LINE
8
BLACK
6
CONTINUOUS
10
0.8310269291338582
20
0.3483666535433071
11
0.8305886614173228
21
0.3485601968503937
0
LINE
8
BLACK
6
CONTINUOUS
10
0.8305886614173228
20
0.3485601968503937
11
0.8302892519685039
21
0.3488595669291338
0
LINE
8
BLACK
6
CONTINUOUS
10
0.8302892519685039
20
0.3488595669291338
11
0.8294322440944881
21
0.3494322440944882
0
LINE
8
BLACK
6
CONTINUOUS
10
0.8294322440944881
20
0.3494322440944882
11
0.8288595669291339
21
0.3502892519685039
0
LINE
8
BLACK
6
CONTINUOUS
10
0.8288595669291339
20
0.3502892519685039
11
0.8285601968503937
21
0.3505886614173228
0
LINE
8
BLACK
6
CONTINUOUS
10
0.8285601968503937
20
0.3505886614173228
11
0.8283666535433071
21
0.3510269291338582
0
LINE
8
BLACK
6
CONTINUOUS
10
0.8283666535433071
20
0.3510269291338582
11
0.8277253543307086
21
0.3519867322834646
0
LINE
8
BLACK
6
CONTINUOUS
10
0.8277253543307086
20
0.3519867322834646
11
0.8275470078740157
21
0.3528832283464567
0
LINE
8
BLACK
6
CONTINUOUS
10
0.8275470078740157
20
0.3528832283464567
11
0.827344842519685
21
0.3533411417322835
0
LINE
8
BLACK
6
CONTINUOUS
10
0.827344842519685
20
0.3533411417322835
11
0.8271893307086614
21
0.3546814173228346
0
LINE
8
BLACK
6
CONTINUOUS
10
0.8271893307086614
20
0.3546814173228346
11
0.8271259842519685
21
0.355
0
LINE
8
BLACK
6
CONTINUOUS
10
0.8271259842519685
20
0.355
11
0.8271259842519685
21
0.505
0
LINE
8
BLACK
6
CONTINUOUS
10
0.8271259842519685
20
0.505
11
0.8271893700787402
21
0.5053187007874016
0
LINE
8
BLACK
6
CONTINUOUS
10
0.8271893700787402
20
0.5053187007874016
11
0.827344842519685
21
0.5066588188976378
0
LINE
8
BLACK
6
CONTINUOUS
10
0.827344842519685
20
0.5066588188976378
11
0.8275470078740157
21
0.5071166929133858
0
LINE
8
BLACK
6
CONTINUOUS
10
0.8275470078740157
20
0.5071166929133858
11
0.8277253543307086
21
0.5080132677165354
0
LINE
8
BLACK
6
CONTINUOUS
10
0.8277253543307086
20
0.5080132677165354
11
0.8283666929133858
21
0.5089731102362205
0
LINE
8
BLACK
6
CONTINUOUS
10
0.8283666929133858
20
0.5089731102362205
11
0.8285601968503937
21
0.5094112992125984
0
LINE
8
BLACK
6
CONTINUOUS
10
0.8285601968503937
20
0.5094112992125984
11
0.8288594881889764
21
0.5097105905511811
0
LINE
8
BLACK
6
CONTINUOUS
10
0.8288594881889764
20
0.5097105905511811
11
0.8294322440944881
21
0.5105677559055118
0
LINE
8
BLACK
6
CONTINUOUS
10
0.8294322440944881
20
0.5105677559055118
11
0.8302893700787402
21
0.5111404724409448
0
LINE
8
BLACK
6
CONTINUOUS
10
0.8302893700787402
20
0.5111404724409448
11
0.8305886614173228
21
0.5114397637795276
0
LINE
8
BLACK
6
CONTINUOUS
10
0.8305886614173228
20
0.5114397637795276
11
0.8310267716535433
21
0.511633188976378
0
LINE
8
BLACK
6
CONTINUOUS
10
0.8310267716535433
20
0.511633188976378
11
0.8319867322834645
21
0.5122746456692914
0
LINE
8
BLACK
6
CONTINUOUS
10
0.8319867322834645
20
0.5122746456692914
11
0.8328833858267717
21
0.5124529921259843
0
LINE
8
BLACK
6
CONTINUOUS
10
0.8328833858267717
20
0.5124529921259843
11
0.8333411417322835
21
0.5126551181102362
0
LINE
8
BLACK
6
CONTINUOUS
10
0.8333411417322835
20
0.5126551181102362
11
0.8346809448818897
21
0.5128105511811023
0
LINE
8
BLACK
6
CONTINUOUS
10
0.8346809448818897
20
0.5128105511811023
11
0.835
21
0.5128740157480315
0
LINE
8
BLACK
6
CONTINUOUS
10
0.835
20
0.5128740157480315
11
0.985
21
0.5128740157480315
0
LINE
8
BLACK
6
CONTINUOUS
10
0.985
20
0.5128740157480315
11
0.9853191732283464
21
0.5128105118110237
0
LINE
8
BLACK
6
CONTINUOUS
10
1.1853191732283463
20
0.5128105118110237
11
1.1866588188976377
21
0.5126551181102362
0
LINE
8
BLACK
6
CONTINUOUS
10
1.1866588188976377
20
0.5126551181102362
11
1.1871164960629921
21
0.5124529921259843
0
LINE
8
BLACK
6
CONTINUOUS
10
1.1871164960629921
20
0.5124529921259843
11
1.1880132677165354
21
0.5122746456692914
0
LINE
8
BLACK
6
CONTINUOUS
10
1.1880132677165354
20
0.5122746456692914
11
1.1889732677165354
21
0.5116331496062992
0
LINE
8
BLACK
6
CONTINUOUS
10
1.1889732677165354
20
0.5116331496062992
11
1.1894112992125985
21
0.5114397637795276
0
LINE
8
BLACK
6
CONTINUOUS
10
1.1894112992125985
20
0.5114397637795276
11
1.1897104724409449
21
0.5111405511811024
0
LINE
8
BLACK
6
CONTINUOUS
10
1.1897104724409449
20
0.5111405511811024
11
1.1905677559055119
21
0.5105677559055118
0
LINE
8
BLACK
6
CONTINUOUS
10
1.1905677559055119
20
0.5105677559055118
11
1.1911405511811024
21
0.5097104724409449
0
LINE
8
BLACK
6
CONTINUOUS
10
1.1911405511811024
20
0.5097104724409449
11
1.1914397637795275
21
0.5094112992125984
0
LINE
8
BLACK
6
CONTINUOUS
10
1.1914397637795275
20
0.5094112992125984
11
1.1916331496062993
21
0.5089732677165354
0
LINE
8
BLACK
6
CONTINUOUS
10
1.1916331496062993
20
0.5089732677165354
11
1.1922746456692914
21
0.5080132677165354
0
LINE
8
BLACK
6
CONTINUOUS
10
1.1922746456692914
20
0.5080132677165354
11
1.1924529921259843
21
0.5071164960629921
0
LINE
8
BLACK
6
CONTINUOUS
10
1.1924529921259843
20
0.5071164960629921
11
1.1926551181102363
21
0.5066588188976378
0
LINE
8
BLACK
6
CONTINUOUS
10
1.1926551181102363
20
0.5066588188976378
11
1.1928105118110235
21
0.505319094488189
0
LINE
8
BLACK
6
CONTINUOUS
10
1.1928105118110235
20
0.505319094488189
11
1.1928740157480315
21
0.505
0
LINE
8
BLACK
6
CONTINUOUS
10
1.1928740157480315
20
0.505
11
1.1928740157480315
21
0.355
0
LINE
8
BLACK
6
CONTINUOUS
10
1.1928740157480315
20
0.355
11
1.1928105118110235
21
0.3546808661417323
0
LINE
8
BLACK
6
CONTINUOUS
10
1.1928105118110235
20
0.3546808661417323
11
1.1926551181102363
21
0.3533411417322835
0
LINE
8
BLACK
6
CONTINUOUS
10
1.1926551181102363
20
0.3533411417322835
11
1.1924529921259843
21
0.3528833858267716
0
LINE
8
BLACK
6
CONTINUOUS
10
1.1924529921259843
20
0.3528833858267716
11
1.1922746456692914
21
0.3519867322834646
0
LINE
8
BLACK
6
CONTINUOUS
10
1.1922746456692914
20
0.3519867322834646
11
1.1916331889763778
21
0.3510267716535433
0
LINE
8
BLACK
6
CONTINUOUS
10
1.1916331889763778
20
0.3510267716535433
11
1.1914397637795275
21
0.3505886614173228
0
LINE
8
BLACK
6
CONTINUOUS
10
1.1914397637795275
20
0.3505886614173228
11
1.1911404724409449
21
0.3502893700787402
0
LINE
8
BLACK
6
CONTINUOUS
10
1.1911404724409449
20
0.3502893700787402
11
1.1905677559055119
21
0.3494322440944882
0
LINE
8
BLACK
6
CONTINUOUS
10
1.1905677559055119
20
0.3494322440944882
11
1.1897105905511811
21
0.3488594881889764
0
LINE
8
BLACK
6
CONTINUOUS
10
1.1897105905511811
20
0.3488594881889764
11
1.1894112992125985
21
0.3485601968503937
0
LINE
8
BLACK
6
CONTINUOUS
10
1.1894112992125985
20
0.3485601968503937
11
1.1889731102362204
21
0.3483666929133858
0
LINE
8
BLACK
6
CONTINUOUS
10
1.1889731102362204
20
0.3483666929133858
11
1.1880132677165354
21
0.3477253543307087
0
LINE
8
BLACK
6
CONTINUOUS
10
1.1880132677165354
20
0.3477253543307087
11
1.1871166929133858
21
0.3475470078740158
0
LINE
8
BLACK
6
CONTINUOUS
10
1.1871166929133858
20
0.3475470078740158
11
1.1866588188976377
21
0.347344842519685
0
LINE
8
BLACK
6
CONTINUOUS
10
1.1866588188976377
20
0.347344842519685
11
1.185318622047244
21
0.3471893307086614
0
LINE
8
BLACK
6
CONTINUOUS
10
1.185318622047244
20
0.3471893307086614
11
1.1850000000000001
21
0.3471259842519685
0
LINE
8
BLACK
6
CONTINUOUS
10
1.1850000000000001
20
0.3471259842519685
11
1.1847723228346456
21
0.3471259842519685
0
LINE
8
BLACK
6
CONTINUOUS
10
1.1847723228346456
20
0.3471259842519685
11
1.0352277165354331
21
0.3471259842519685
0
LINE
8
BLACK
6
CONTINUOUS
10
1.0352277165354331
20
0.3471259842519685
11
1.0349999999999999
21
0.3471259842519685
0
LINE
8
BLACK
6
CONTINUOUS
10
1.0349999999999999
20
0.3471259842519685
11
1.0346813385826772
21
0.3471893307086614
0
LINE
8
BLACK
6
CONTINUOUS
10
1.0346813385826772
20
0.3471893307086614
11
1.0333411417322835
21
0.347344842519685
0
LINE
8
BLACK
6
CONTINUOUS
10
1.0333411417322835
20
0.347344842519685
11
1.0328832283464566
21
0.3475470078740158
0
LINE
8
BLACK
6
CONTINUOUS
10
1.0328832283464566
20
0.3475470078740158
11
1.0319867322834646
21
0.3477253543307087
0
LINE
8
BLACK
6
CONTINUOUS
10
1.0319867322834646
20
0.3477253543307087
11
1.0310269291338583
21
0.3483666535433071
0
LINE
8
BLACK
6
CONTINUOUS
10
1.0310269291338583
20
0.3483666535433071
11
1.0305886614173227
21
0.3485601968503937
0
LINE
8
BLACK
6
CONTINUOUS
10
1.0305886614173227
20
0.3485601968503937
11
1.0302892519685038
21
0.3488595669291338
0
LINE
8
BLACK
6
CONTINUOUS
10
1.0302892519685038
20
0.3488595669291338
11
1.0294322440944881
21
0.3494322440944882
0
LINE
8
BLACK
6
CONTINUOUS
10
1.0294322440944881
20
0.3494322440944882
11
1.0288595669291338
21
0.3502892519685039
0
LINE
8
BLACK
6
CONTINUOUS
10
1.0288595669291338
20
0.3502892519685039
11
1.0285601968503937
21
0.3505886614173228
0
LINE
8
BLACK
6
CONTINUOUS
10
1.0285601968503937
20
0.3505886614173228
11
1.0283666535433071
21
0.3510269291338582
0
LINE
8
BLACK
6
CONTINUOUS
10
1.0283666535433071
20
0.3510269291338582
11
1.0277253543307086
21
0.3519867322834646
0
LINE
8
BLACK
6
CONTINUOUS
10
1.0277253543307086
20
0.3519867322834646
11
1.0275470078740156
21
0.3528832283464567
0
LINE
8
BLACK
6
CONTINUOUS
10
1.0275470078740156
20
0.3528832283464567
11
1.0273448425196849
21
0.3533411417322835
0
LINE
8
BLACK
6
CONTINUOUS
10
1.0273448425196849
20
0.3533411417322835
11
1.0271893307086615
21
0.3546814173228346
0
LINE
8
BLACK
6
CONTINUOUS
10
1.0271893307086615
20
0.3546814173228346
11
1.0271259842519684
21
0.355
0
LINE
8
BLACK
6
CONTINUOUS
10
1.0271259842519684
20
0.355
11
1.0271259842519684
21
0.505
0
LINE
8
BLACK
6
CONTINUOUS
10
1.0271259842519684
20
0.505
11
1.0271893700787402
21
0.5053187007874016
0
LINE
8
BLACK
6
CONTINUOUS
10
1.0271893700787402
20
0.5053187007874016
11
1.0273448425196849
21
0.5066588188976378
0
LINE
8
BLACK
6
CONTINUOUS
10
1.0273448425196849
20
0.5066588188976378
11
1.0275470078740156
21
0.5071166929133858
0
LINE
8
BLACK
6
CONTINUOUS
10
1.0275470078740156
20
0.5071166929133858
11
1.0277253543307086
21
0.5080132677165354
0
LINE
8
BLACK
6
CONTINUOUS
10
1.0277253543307086
20
0.5080132677165354
11
1.0283666929133859
21
0.5089731102362205
0
LINE
8
BLACK
6
CONTINUOUS
10
1.0283666929133859
20
0.5089731102362205
11
1.0285601968503937
21
0.5094112992125984
0
LINE
8
BLACK
6
CONTINUOUS
10
1.0285601968503937
20
0.5094112992125984
11
1.0288594881889763
21
0.5097105905511811
0
LINE
8
BLACK
6
CONTINUOUS
10
1.0288594881889763
20
0.5097105905511811
11
1.0294322440944881
21
0.5105677559055118
0
LINE
8
BLACK
6
CONTINUOUS
10
1.0294322440944881
20
0.5105677559055118
11
1.0302893700787401
21
0.5111404724409448
0
LINE
8
BLACK
6
CONTINUOUS
10
1.0302893700787401
20
0.5111404724409448
11
1.0305886614173227
21
0.5114397637795276
0
LINE
8
BLACK
6
CONTINUOUS
10
1.0305886614173227
20
0.5114397637795276
11
1.0310267716535433
21
0.511633188976378
0
LINE
8
BLACK
6
CONTINUOUS
10
1.0310267716535433
20
0.511633188976378
11
1.0319867322834646
21
0.5122746456692914
0
LINE
8
BLACK
6
CONTINUOUS
10
1.0319867322834646
20
0.5122746456692914
11
1.0328833858267716
21
0.5124529921259843
0
LINE
8
BLACK
6
CONTINUOUS
10
1.0328833858267716
20
0.5124529921259843
11
1.0333411417322835
21
0.5126551181102362
0
LINE
8
BLACK
6
CONTINUOUS
10
1.0333411417322835
20
0.5126551181102362
11
1.0346809448818897
21
0.5128105511811023
0
LINE
8
BLACK
6
CONTINUOUS
10
1.0346809448818897
20
0.5128105511811023
11
1.0349999999999999
21
0.5128740157480315
0
LINE
8
BLACK
6
CONTINUOUS
10
1.0349999999999999
20
0.5128740157480315
11
1.1850000000000001
21
0.5128740157480315
0
LINE
8
BLACK
6
CONTINUOUS
10
1.1850000000000001
20
0.5128740157480315
11
1.1853191732283463
21
0.5128105118110237
0
LINE
8
BLACK
6
CONTINUOUS
10
1.3853191732283465
20
0.5128105118110237
11
1.3866588188976379
21
0.5126551181102362
0
LINE
8
BLACK
6
CONTINUOUS
10
1.3866588188976379
20
0.5126551181102362
11
1.387116496062992
21
0.5124529921259843
0
LINE
8
BLACK
6
CONTINUOUS
10
1.387116496062992
20
0.5124529921259843
11
1.3880132677165353
21
0.5122746456692914
0
LINE
8
BLACK
6
CONTINUOUS
10
1.3880132677165353
20
0.5122746456692914
11
1.3889732677165354
21
0.5116331496062992
0
LINE
8
BLACK
6
CONTINUOUS
10
1.3889732677165354
20
0.5116331496062992
11
1.3894112992125984
21
0.5114397637795276
0
LINE
8
BLACK
6
CONTINUOUS
10
1.3894112992125984
20
0.5114397637795276
11
1.3897104724409448
21
0.5111405511811024
0
LINE
8
BLACK
6
CONTINUOUS
10
1.3897104724409448
20
0.5111405511811024
11
1.3905677559055118
21
0.5105677559055118
0
LINE
8
BLACK
6
CONTINUOUS
10
1.3905677559055118
20
0.5105677559055118
11
1.3911405511811024
21
0.5097104724409449
0
LINE
8
BLACK
6
CONTINUOUS
10
1.3911405511811024
20
0.5097104724409449
11
1.3914397637795275
21
0.5094112992125984
0
LINE
8
BLACK
6
CONTINUOUS
10
1.3914397637795275
20
0.5094112992125984
11
1.3916331496062992
21
0.5089732677165354
0
LINE
8
BLACK
6
CONTINUOUS
10
1.3916331496062992
20
0.5089732677165354
11
1.3922746456692914
21
0.5080132677165354
0
LINE
8
BLACK
6
CONTINUOUS
10
1.3922746456692914
20
0.5080132677165354
11
1.3924529921259843
21
0.5071164960629921
0
LINE
8
BLACK
6
CONTINUOUS
10
1.3924529921259843
20
0.5071164960629921
11
1.3926551181102362
21
0.5066588188976378
0
LINE
8
BLACK
6
CONTINUOUS
10
1.3926551181102362
20
0.5066588188976378
11
1.3928105118110237
21
0.505319094488189
0
LINE
8
BLACK
6
CONTINUOUS
10
1.3928105118110237
20
0.505319094488189
11
1.3928740157480315
21
0.505
0
LINE
8
BLACK
6
CONTINUOUS
10
1.3928740157480315
20
0.505
11
1.3928740157480315
21
0.355
0
LINE
8
BLACK
6
CONTINUOUS
10
1.3928740157480315
20
0.355
11
1.3928105118110237
21
0.3546808661417323
0
LINE
8
BLACK
6
CONTINUOUS
10
1.3928105118110237
20
0.3546808661417323
11
1.3926551181102362
21
0.3533411417322835
0
LINE
8
BLACK
6
CONTINUOUS
10
1.3926551181102362
20
0.3533411417322835
11
1.3924529921259843
21
0.3528833858267716
0
LINE
8
BLACK
6
CONTINUOUS
10
1.3924529921259843
20
0.3528833858267716
11
1.3922746456692914
21
0.3519867322834646
0
LINE
8
BLACK
6
CONTINUOUS
10
1.3922746456692914
20
0.3519867322834646
11
1.391633188976378
21
0.3510267716535433
0
LINE
8
BLACK
6
CONTINUOUS
10
1.391633188976378
20
0.3510267716535433
11
1.3914397637795275
21
0.3505886614173228
0
LINE
8
BLACK
6
CONTINUOUS
10
1.3914397637795275
20
0.3505886614173228
11
1.3911404724409449
21
0.3502893700787402
0
LINE
8
BLACK
6
CONTINUOUS
10
1.3911404724409449
20
0.3502893700787402
11
1.3905677559055118
21
0.3494322440944882
0
LINE
8
BLACK
6
CONTINUOUS
10
1.3905677559055118
20
0.3494322440944882
11
1.3897105905511811
21
0.3488594881889764
0
LINE
8
BLACK
6
CONTINUOUS
10
1.3897105905511811
20
0.3488594881889764
11
1.3894112992125984
21
0.3485601968503937
0
LINE
8
BLACK
6
CONTINUOUS
10
1.3894112992125984
20
0.3485601968503937
11
1.3889731102362204
21
0.3483666929133858
0
LINE
8
BLACK
6
CONTINUOUS
10
1.3889731102362204
20
0.3483666929133858
11
1.3880132677165353
21
0.3477253543307087
0
LINE
8
BLACK
6
CONTINUOUS
10
1.3880132677165353
20
0.3477253543307087
11
1.3871166929133858
21
0.3475470078740158
0
LINE
8
BLACK
6
CONTINUOUS
10
1.3871166929133858
20
0.3475470078740158
11
1.3866588188976379
21
0.347344842519685
0
LINE
8
BLACK
6
CONTINUOUS
10
1.3866588188976379
20
0.347344842519685
11
1.385318622047244
21
0.3471893307086614
0
LINE
8
BLACK
6
CONTINUOUS
10
1.385318622047244
20
0.3471893307086614
11
1.385
21
0.3471259842519685
0
LINE
8
BLACK
6
CONTINUOUS
10
1.385
20
0.3471259842519685
11
1.3847723228346456
21
0.3471259842519685
0
LINE
8
BLACK
6
CONTINUOUS
10
1.3847723228346456
20
0.3471259842519685
11
1.2352277165354331
21
0.3471259842519685
0
LINE
8
BLACK
6
CONTINUOUS
10
1.2352277165354331
20
0.3471259842519685
11
1.2349999999999999
21
0.3471259842519685
0
LINE
8
BLACK
6
CONTINUOUS
10
1.2349999999999999
20
0.3471259842519685
11
1.2346813385826771
21
0.3471893307086614
0
LINE
8
BLACK
6
CONTINUOUS
10
1.2346813385826771
20
0.3471893307086614
11
1.2333411417322835
21
0.347344842519685
0
LINE
8
BLACK
6
CONTINUOUS
10
1.2333411417322835
20
0.347344842519685
11
1.2328832283464566
21
0.3475470078740158
0
LINE
8
BLACK
6
CONTINUOUS
10
1.2328832283464566
20
0.3475470078740158
11
1.2319867322834646
21
0.3477253543307087
0
LINE
8
BLACK
6
CONTINUOUS
10
1.2319867322834646
20
0.3477253543307087
11
1.2310269291338582
21
0.3483666535433071
0
LINE
8
BLACK
6
CONTINUOUS
10
1.2310269291338582
20
0.3483666535433071
11
1.2305886614173227
21
0.3485601968503937
0
LINE
8
BLACK
6
CONTINUOUS
10
1.2305886614173227
20
0.3485601968503937
11
1.2302892519685038
21
0.3488595669291338
0
LINE
8
BLACK
6
CONTINUOUS
10
1.2302892519685038
20
0.3488595669291338
11
1.2294322440944883
21
0.3494322440944882
0
LINE
8
BLACK
6
CONTINUOUS
10
1.2294322440944883
20
0.3494322440944882
11
1.2288595669291338
21
0.3502892519685039
0
LINE
8
BLACK
6
CONTINUOUS
10
1.2288595669291338
20
0.3502892519685039
11
1.2285601968503936
21
0.3505886614173228
0
LINE
8
BLACK
6
CONTINUOUS
10
1.2285601968503936
20
0.3505886614173228
11
1.2283666535433071
21
0.3510269291338582
0
LINE
8
BLACK
6
CONTINUOUS
10
1.2283666535433071
20
0.3510269291338582
11
1.2277253543307087
21
0.3519867322834646
0
LINE
8
BLACK
6
CONTINUOUS
10
1.2277253543307087
20
0.3519867322834646
11
1.2275470078740158
21
0.3528832283464567
0
LINE
8
BLACK
6
CONTINUOUS
10
1.2275470078740158
20
0.3528832283464567
11
1.2273448425196851
21
0.3533411417322835
0
LINE
8
BLACK
6
CONTINUOUS
10
1.2273448425196851
20
0.3533411417322835
11
1.2271893307086614
21
0.3546814173228346
0
LINE
8
BLACK
6
CONTINUOUS
10
1.2271893307086614
20
0.3546814173228346
11
1.2271259842519684
21
0.355
0
LINE
8
BLACK
6
CONTINUOUS
10
1.2271259842519684
20
0.355
11
1.2271259842519684
21
0.505
0
LINE
8
BLACK
6
CONTINUOUS
10
1.2271259842519684
20
0.505
11
1.2271893700787402
21
0.5053187007874016
0
LINE
8
BLACK
6
CONTINUOUS
10
1.2271893700787402
20
0.5053187007874016
11
1.2273448425196851
21
0.5066588188976378
0
LINE
8
BLACK
6
CONTINUOUS
10
1.2273448425196851
20
0.5066588188976378
11
1.2275470078740158
21
0.5071166929133858
0
LINE
8
BLACK
6
CONTINUOUS
10
1.2275470078740158
20
0.5071166929133858
11
1.2277253543307087
21
0.5080132677165354
0
LINE
8
BLACK
6
CONTINUOUS
10
1.2277253543307087
20
0.5080132677165354
11
1.2283666929133858
21
0.5089731102362205
0
LINE
8
BLACK
6
CONTINUOUS
10
1.2283666929133858
20
0.5089731102362205
11
1.2285601968503936
21
0.5094112992125984
0
LINE
8
BLACK
6
CONTINUOUS
10
1.2285601968503936
20
0.5094112992125984
11
1.2288594881889763
21
0.5097105905511811
0
LINE
8
BLACK
6
CONTINUOUS
10
1.2288594881889763
20
0.5097105905511811
11
1.2294322440944883
21
0.5105677559055118
0
LINE
8
BLACK
6
CONTINUOUS
10
1.2294322440944883
20
0.5105677559055118
11
1.2302893700787401
21
0.5111404724409448
0
LINE
8
BLACK
6
CONTINUOUS
10
1.2302893700787401
20
0.5111404724409448
11
1.2305886614173227
21
0.5114397637795276
0
LINE
8
BLACK
6
CONTINUOUS
10
1.2305886614173227
20
0.5114397637795276
11
1.2310267716535432
21
0.511633188976378
0
LINE
8
BLACK
6
CONTINUOUS
10
1.2310267716535432
20
0.511633188976378
11
1.2319867322834646
21
0.5122746456692914
0
LINE
8
BLACK
6
CONTINUOUS
10
1.2319867322834646
20
0.5122746456692914
11
1.2328833858267716
21
0.5124529921259843
0
LINE
8
BLACK
6
CONTINUOUS
10
1.2328833858267716
20
0.5124529921259843
11
1.2333411417322835
21
0.5126551181102362
0
LINE
8
BLACK
6
CONTINUOUS
10
1.2333411417322835
20
0.5126551181102362
11
1.2346809448818898
21
0.5128105511811023
0
LINE
8
BLACK
6
CONTINUOUS
10
1.2346809448818898
20
0.5128105511811023
11
1.2349999999999999
21
0.5128740157480315
0
LINE
8
BLACK
6
CONTINUOUS
10
1.2349999999999999
20
0.5128740157480315
11
1.385
21
0.5128740157480315
0
LINE
8
BLACK
6
CONTINUOUS
10
1.385
20
0.5128740157480315
11
1.3853191732283465
21
0.5128105118110237
0
LINE
8
BLACK
6
CONTINUOUS
10
1.5853191732283465
20
0.5128105118110237
11
1.5866588188976378
21
0.5126551181102362
0
LINE
8
BLACK
6
CONTINUOUS
10
1.5866588188976378
20
0.5126551181102362
11
1.587116496062992
21
0.5124529921259843
0
LINE
8
BLACK
6
CONTINUOUS
10
1.587116496062992
20
0.5124529921259843
11
1.5880132677165355
21
0.5122746456692914
0
LINE
8
BLACK
6
CONTINUOUS
10
1.5880132677165355
20
0.5122746456692914
11
1.5889732677165354
21
0.5116331496062992
0
LINE
8
BLACK
6
CONTINUOUS
10
1.5889732677165354
20
0.5116331496062992
11
1.5894112992125984
21
0.5114397637795276
0
LINE
8
BLACK
6
CONTINUOUS
10
1.5894112992125984
20
0.5114397637795276
11
1.5897104724409448
21
0.5111405511811024
0
LINE
8
BLACK
6
CONTINUOUS
10
1.5897104724409448
20
0.5111405511811024
11
1.5905677559055118
21
0.5105677559055118
0
LINE
8
BLACK
6
CONTINUOUS
10
1.5905677559055118
20
0.5105677559055118
11
1.5911405511811023
21
0.5097104724409449
0
LINE
8
BLACK
6
CONTINUOUS
10
1.5911405511811023
20
0.5097104724409449
11
1.5914397637795274
21
0.5094112992125984
0
LINE
8
BLACK
6
CONTINUOUS
10
1.5914397637795274
20
0.5094112992125984
11
1.5916331496062992
21
0.5089732677165354
0
LINE
8
BLACK
6
CONTINUOUS
10
1.5916331496062992
20
0.5089732677165354
11
1.5922746456692913
21
0.5080132677165354
0
LINE
8
BLACK
6
CONTINUOUS
10
1.5922746456692913
20
0.5080132677165354
11
1.5924529921259842
21
0.5071164960629921
0
LINE
8
BLACK
6
CONTINUOUS
10
1.5924529921259842
20
0.5071164960629921
11
1.5926551181102362
21
0.5066588188976378
0
LINE
8
BLACK
6
CONTINUOUS
10
1.5926551181102362
20
0.5066588188976378
11
1.5928105118110236
21
0.505319094488189
0
LINE
8
BLACK
6
CONTINUOUS
10
1.5928105118110236
20
0.505319094488189
11
1.5928740157480314
21
0.505
0
LINE
8
BLACK
6
CONTINUOUS
10
1.5928740157480314
20
0.505
11
1.5928740157480314
21
0.355
0
LINE
8
BLACK
6
CONTINUOUS
10
1.5928740157480314
20
0.355
11
1.5928105118110236
21
0.3546808661417323
0
LINE
8
BLACK
6
CONTINUOUS
10
1.5928105118110236
20
0.3546808661417323
11
1.5926551181102362
21
0.3533411417322835
0
LINE
8
BLACK
6
CONTINUOUS
10
1.5926551181102362
20
0.3533411417322835
11
1.5924529921259842
21
0.3528833858267716
0
LINE
8
BLACK
6
CONTINUOUS
10
1.5924529921259842
20
0.3528833858267716
11
1.5922746456692913
21
0.3519867322834646
0
LINE
8
BLACK
6
CONTINUOUS
10
1.5922746456692913
20
0.3519867322834646
11
1.591633188976378
21
0.3510267716535433
0
LINE
8
BLACK
6
CONTINUOUS
10
1.591633188976378
20
0.3510267716535433
11
1.5914397637795274
21
0.3505886614173228
0
LINE
8
BLACK
6
CONTINUOUS
10
1.5914397637795274
20
0.3505886614173228
11
1.5911404724409448
21
0.3502893700787402
0
LINE
8
BLACK
6
CONTINUOUS
10
1.5911404724409448
20
0.3502893700787402
11
1.5905677559055118
21
0.3494322440944882
0
LINE
8
BLACK
6
CONTINUOUS
10
1.5905677559055118
20
0.3494322440944882
11
1.589710590551181
21
0.3488594881889764
0
LINE
8
BLACK
6
CONTINUOUS
10
1.589710590551181
20
0.3488594881889764
11
1.5894112992125984
21
0.3485601968503937
0
LINE
8
BLACK
6
CONTINUOUS
10
1.5894112992125984
20
0.3485601968503937
11
1.5889731102362203
21
0.3483666929133858
0
LINE
8
BLACK
6
CONTINUOUS
10
1.5889731102362203
20
0.3483666929133858
11
1.5880132677165355
21
0.3477253543307087
0
LINE
8
BLACK
6
CONTINUOUS
10
1.5880132677165355
20
0.3477253543307087
11
1.5871166929133858
21
0.3475470078740158
0
LINE
8
BLACK
6
CONTINUOUS
10
1.5871166929133858
20
0.3475470078740158
11
1.5866588188976378
21
0.347344842519685
0
LINE
8
BLACK
6
CONTINUOUS
10
1.5866588188976378
20
0.347344842519685
11
1.5853186220472442
21
0.3471893307086614
0
LINE
8
BLACK
6
CONTINUOUS
10
1.5853186220472442
20
0.3471893307086614
11
1.585
21
0.3471259842519685
0
LINE
8
BLACK
6
CONTINUOUS
10
1.585
20
0.3471259842519685
11
1.5847723228346455
21
0.3471259842519685
0
LINE
8
BLACK
6
CONTINUOUS
10
1.5847723228346455
20
0.3471259842519685
11
1.435227716535433
21
0.3471259842519685
0
LINE
8
BLACK
6
CONTINUOUS
10
1.435227716535433
20
0.3471259842519685
11
1.4350000000000001
21
0.3471259842519685
0
LINE
8
BLACK
6
CONTINUOUS
10
1.4350000000000001
20
0.3471259842519685
11
1.4346813385826771
21
0.3471893307086614
0
LINE
8
BLACK
6
CONTINUOUS
10
1.4346813385826771
20
0.3471893307086614
11
1.4333411417322834
21
0.347344842519685
0
LINE
8
BLACK
6
CONTINUOUS
10
1.4333411417322834
20
0.347344842519685
11
1.4328832283464568
21
0.3475470078740158
0
LINE
8
BLACK
6
CONTINUOUS
10
1.4328832283464568
20
0.3475470078740158
11
1.4319867322834645
21
0.3477253543307087
0
LINE
8
BLACK
6
CONTINUOUS
10
1.4319867322834645
20
0.3477253543307087
11
1.4310269291338582
21
0.3483666535433071
0
LINE
8
BLACK
6
CONTINUOUS
10
1.4310269291338582
20
0.3483666535433071
11
1.4305886614173229
21
0.3485601968503937
0
LINE
8
BLACK
6
CONTINUOUS
10
1.4305886614173229
20
0.3485601968503937
11
1.430289251968504
21
0.3488595669291338
0
LINE
8
BLACK
6
CONTINUOUS
10
1.430289251968504
20
0.3488595669291338
11
1.4294322440944882
21
0.3494322440944882
0
LINE
8
BLACK
6
CONTINUOUS
10
1.4294322440944882
20
0.3494322440944882
11
1.4288595669291337
21
0.3502892519685039
0
LINE
8
BLACK
6
CONTINUOUS
10
1.4288595669291337
20
0.3502892519685039
11
1.4285601968503936
21
0.3505886614173228
0
LINE
8
BLACK
6
CONTINUOUS
10
1.4285601968503936
20
0.3505886614173228
11
1.4283666535433071
21
0.3510269291338582
0
LINE
8
BLACK
6
CONTINUOUS
10
1.4283666535433071
20
0.3510269291338582
11
1.4277253543307087
21
0.3519867322834646
0
LINE
8
BLACK
6
CONTINUOUS
10
1.4277253543307087
20
0.3519867322834646
11
1.4275470078740158
21
0.3528832283464567
0
LINE
8
BLACK
6
CONTINUOUS
10
1.4275470078740158
20
0.3528832283464567
11
1.4273448425196851
21
0.3533411417322835
0
LINE
8
BLACK
6
CONTINUOUS
10
1.4273448425196851
20
0.3533411417322835
11
1.4271893307086614
21
0.3546814173228346
0
LINE
8
BLACK
6
CONTINUOUS
10
1.4271893307086614
20
0.3546814173228346
11
1.4271259842519686
21
0.355
0
LINE
8
BLACK
6
CONTINUOUS
10
1.4271259842519686
20
0.355
11
1.4271259842519686
21
0.505
0
LINE
8
BLACK
6
CONTINUOUS
10
1.4271259842519686
20
0.505
11
1.4271893700787401
21
0.5053187007874016
0
LINE
8
BLACK
6
CONTINUOUS
10
1.4271893700787401
20
0.5053187007874016
11
1.4273448425196851
21
0.5066588188976378
0
LINE
8
BLACK
6
CONTINUOUS
10
1.4273448425196851
20
0.5066588188976378
11
1.4275470078740158
21
0.5071166929133858
0
LINE
8
BLACK
6
CONTINUOUS
10
1.4275470078740158
20
0.5071166929133858
11
1.4277253543307087
21
0.5080132677165354
0
LINE
8
BLACK
6
CONTINUOUS
10
1.4277253543307087
20
0.5080132677165354
11
1.4283666929133858
21
0.5089731102362205
0
LINE
8
BLACK
6
CONTINUOUS
10
1.4283666929133858
20
0.5089731102362205
11
1.4285601968503936
21
0.5094112992125984
0
LINE
8
BLACK
6
CONTINUOUS
10
1.4285601968503936
20
0.5094112992125984
11
1.4288594881889762
21
0.5097105905511811
0
LINE
8
BLACK
6
CONTINUOUS
10
1.4288594881889762
20
0.5097105905511811
11
1.4294322440944882
21
0.5105677559055118
0
LINE
8
BLACK
6
CONTINUOUS
10
1.4294322440944882
20
0.5105677559055118
11
1.43028937007874
21
0.5111404724409448
0
LINE
8
BLACK
6
CONTINUOUS
10
1.43028937007874
20
0.5111404724409448
11
1.4305886614173229
21
0.5114397637795276
0
LINE
8
BLACK
6
CONTINUOUS
10
1.4305886614173229
20
0.5114397637795276
11
1.4310267716535432
21
0.511633188976378
0
LINE
8
BLACK
6
CONTINUOUS
10
1.4310267716535432
20
0.511633188976378
11
1.4319867322834645
21
0.5122746456692914
0
LINE
8
BLACK
6
CONTINUOUS
10
1.4319867322834645
20
0.5122746456692914
11
1.4328833858267715
21
0.5124529921259843
0
LINE
8
BLACK
6
CONTINUOUS
10
1.4328833858267715
20
0.5124529921259843
11
1.4333411417322834
21
0.5126551181102362
0
LINE
8
BLACK
6
CONTINUOUS
10
1.4333411417322834
20
0.5126551181102362
11
1.4346809448818898
21
0.5128105511811023
0
LINE
8
BLACK
6
CONTINUOUS
10
1.4346809448818898
20
0.5128105511811023
11
1.4350000000000001
21
0.5128740157480315
0
LINE
8
BLACK
6
CONTINUOUS
10
1.4350000000000001
20
0.5128740157480315
11
1.585
21
0.5128740157480315
0
LINE
8
BLACK
6
CONTINUOUS
10
1.585
20
0.5128740157480315
11
1.5853191732283465
21
0.5128105118110237
0
LINE
8
BLACK
6
CONTINUOUS
10
0.3356191732283464
20
0.5078105118110237
11
0.3369588188976378
21
0.5076551181102362
0
LINE
8
BLACK
6
CONTINUOUS
10
0.3369588188976378
20
0.5076551181102362
11
0.3374164960629921
21
0.5074529921259843
0
LINE
8
BLACK
6
CONTINUOUS
10
0.3374164960629921
20
0.5074529921259843
11
0.3383132677165354
21
0.5072746456692914
0
LINE
8
BLACK
6
CONTINUOUS
10
0.3383132677165354
20
0.5072746456692914
11
0.3392732677165354
21
0.5066331496062992
0
LINE
8
BLACK
6
CONTINUOUS
10
0.3392732677165354
20
0.5066331496062992
11
0.3397112992125984
21
0.5064397637795276
0
LINE
8
BLACK
6
CONTINUOUS
10
0.3397112992125984
20
0.5064397637795276
11
0.3400104724409449
21
0.5061405511811023
0
LINE
8
BLACK
6
CONTINUOUS
10
0.3400104724409449
20
0.5061405511811023
11
0.3408677559055118
21
0.5055677559055118
0
LINE
8
BLACK
6
CONTINUOUS
10
0.3408677559055118
20
0.5055677559055118
11
0.3414405511811023
21
0.5047104724409449
0
LINE
8
BLACK
6
CONTINUOUS
10
0.3414405511811023
20
0.5047104724409449
11
0.3417397637795275
21
0.5044112992125984
0
LINE
8
BLACK
6
CONTINUOUS
10
0.3417397637795275
20
0.5044112992125984
11
0.3419331496062992
21
0.5039732677165354
0
LINE
8
BLACK
6
CONTINUOUS
10
0.3419331496062992
20
0.5039732677165354
11
0.3425746456692914
21
0.5030132677165354
0
LINE
8
BLACK
6
CONTINUOUS
10
0.3425746456692914
20
0.5030132677165354
11
0.3427529921259843
21
0.5021164960629921
0
LINE
8
BLACK
6
CONTINUOUS
10
0.3427529921259843
20
0.5021164960629921
11
0.3429551181102362
21
0.5016588188976377
0
LINE
8
BLACK
6
CONTINUOUS
10
0.3429551181102362
20
0.5016588188976377
11
0.3431105118110236
21
0.500319094488189
0
LINE
8
BLACK
6
CONTINUOUS
10
0.3431105118110236
20
0.500319094488189
11
0.3431740157480315
21
0.5
0
LINE
8
BLACK
6
CONTINUOUS
10
0.3431740157480315
20
0.5
11
0.3431740157480315
21
0.4016
0
LINE
8
BLACK
6
CONTINUOUS
10
0.3431740157480315
20
0.4016
11
0.3431105118110236
21
0.4012808661417323
0
LINE
8
BLACK
6
CONTINUOUS
10
0.3431105118110236
20
0.4012808661417323
11
0.3429551181102362
21
0.3999411417322835
0
LINE
8
BLACK
6
CONTINUOUS
10
0.3429551181102362
20
0.3999411417322835
11
0.3427529921259843
21
0.3994833858267716
0
LINE
8
BLACK
6
CONTINUOUS
10
0.3427529921259843
20
0.3994833858267716
11
0.3425746456692914
21
0.3985867322834646
0
LINE
8
BLACK
6
CONTINUOUS
10
0.3425746456692914
20
0.3985867322834646
11
0.3419331889763779
21
0.3976267716535433
0
LINE
8
BLACK
6
CONTINUOUS
10
0.3419331889763779
20
0.3976267716535433
11
0.3417397637795275
21
0.3971886614173228
0
LINE
8
BLACK
6
CONTINUOUS
10
0.3417397637795275
20
0.3971886614173228
11
0.3414404724409449
21
0.3968893700787401
0
LINE
8
BLACK
6
CONTINUOUS
10
0.3414404724409449
20
0.3968893700787401
11
0.3408677559055118
21
0.3960322440944882
0
LINE
8
BLACK
6
CONTINUOUS
10
0.3408677559055118
20
0.3960322440944882
11
0.3400105905511811
21
0.3954594881889764
0
LINE
8
BLACK
6
CONTINUOUS
10
0.3400105905511811
20
0.3954594881889764
11
0.3397112992125984
21
0.3951601968503937
0
LINE
8
BLACK
6
CONTINUOUS
10
0.3397112992125984
20
0.3951601968503937
11
0.3392731102362205
21
0.3949666929133858
0
LINE
8
BLACK
6
CONTINUOUS
10
0.3392731102362205
20
0.3949666929133858
11
0.3383132677165354
21
0.3943253543307086
0
LINE
8
BLACK
6
CONTINUOUS
10
0.3383132677165354
20
0.3943253543307086
11
0.3374166929133858
21
0.3941470078740157
0
LINE
8
BLACK
6
CONTINUOUS
10
0.3374166929133858
20
0.3941470078740157
11
0.3369588188976378
21
0.393944842519685
0
LINE
8
BLACK
6
CONTINUOUS
10
0.3369588188976378
20
0.393944842519685
11
0.3356186220472441
21
0.3937893307086614
0
LINE
8
BLACK
6
CONTINUOUS
10
0.3356186220472441
20
0.3937893307086614
11
0.3353
21
0.3937259842519685
0
LINE
8
BLACK
6
CONTINUOUS
10
0.3353
20
0.3937259842519685
11
0.3350723228346457
21
0.3937259842519685
0
LINE
8
BLACK
6
CONTINUOUS
10
0.3350723228346457
20
0.3937259842519685
11
0.2449277165354331
21
0.3937259842519685
0
LINE
8
BLACK
6
CONTINUOUS
10
0.2449277165354331
20
0.3937259842519685
11
0.2447
21
0.3937259842519685
0
LINE
8
BLACK
6
CONTINUOUS
10
0.2447
20
0.3937259842519685
11
0.2443813385826772
21
0.3937893307086614
0
LINE
8
BLACK
6
CONTINUOUS
10
0.2443813385826772
20
0.3937893307086614
11
0.2430411417322835
21
0.393944842519685
0
LINE
8
BLACK
6
CONTINUOUS
10
0.2430411417322835
20
0.393944842519685
11
0.2425832283464567
21
0.3941470078740157
0
LINE
8
BLACK
6
CONTINUOUS
10
0.2425832283464567
20
0.3941470078740157
11
0.2416867322834646
21
0.3943253543307086
0
LINE
8
BLACK
6
CONTINUOUS
10
0.2416867322834646
20
0.3943253543307086
11
0.2407269291338583
21
0.3949666535433071
0
LINE
8
BLACK
6
CONTINUOUS
10
0.2407269291338583
20
0.3949666535433071
11
0.2402886614173228
21
0.3951601968503937
0
LINE
8
BLACK
6
CONTINUOUS
10
0.2402886614173228
20
0.3951601968503937
11
0.2399892519685039
21
0.3954595669291339
0
LINE
8
BLACK
6
CONTINUOUS
10
0.2399892519685039
20
0.3954595669291339
11
0.2391322440944882
21
0.3960322440944882
0
LINE
8
BLACK
6
CONTINUOUS
10
0.2391322440944882
20
0.3960322440944882
11
0.2385595669291339
21
0.3968892519685039
0
LINE
8
BLACK
6
CONTINUOUS
10
0.2385595669291339
20
0.3968892519685039
11
0.2382601968503937
21
0.3971886614173228
0
LINE
8
BLACK
6
CONTINUOUS
10
0.2382601968503937
20
0.3971886614173228
11
0.2380666535433071
21
0.3976269291338583
0
LINE
8
BLACK
6
CONTINUOUS
10
0.2380666535433071
20
0.3976269291338583
11
0.2374253543307087
21
0.3985867322834646
0
LINE
8
BLACK
6
CONTINUOUS
10
0.2374253543307087
20
0.3985867322834646
11
0.2372470078740157
21
0.3994832283464567
0
LINE
8
BLACK
6
CONTINUOUS
10
0.2372470078740157
20
0.3994832283464567
11
0.237044842519685
21
0.3999411417322835
0
LINE
8
BLACK
6
CONTINUOUS
10
0.237044842519685
20
0.3999411417322835
11
0.2368893307086614
21
0.4012814173228346
0
LINE
8
BLACK
6
CONTINUOUS
10
0.2368893307086614
20
0.4012814173228346
11
0.2368259842519685
21
0.4016
0
LINE
8
BLACK
6
CONTINUOUS
10
0.2368259842519685
20
0.4016
11
0.2368259842519685
21
0.5
0
LINE
8
BLACK
6
CONTINUOUS
10
0.2368259842519685
20
0.5
11
0.2368893700787401
21
0.5003187007874016
0
LINE
8
BLACK
6
CONTINUOUS
10
0.2368893700787401
20
0.5003187007874016
11
0.237044842519685
21
0.5016588188976377
0
LINE
8
BLACK
6
CONTINUOUS
10
0.237044842519685
20
0.5016588188976377
11
0.2372470078740157
21
0.5021166929133858
0
LINE
8
BLACK
6
CONTINUOUS
10
0.2372470078740157
20
0.5021166929133858
11
0.2374253543307087
21
0.5030132677165354
0
LINE
8
BLACK
6
CONTINUOUS
10
0.2374253543307087
20
0.5030132677165354
11
0.2380666929133858
21
0.5039731102362205
0
LINE
8
BLACK
6
CONTINUOUS
10
0.2380666929133858
20
0.5039731102362205
11
0.2382601968503937
21
0.5044112992125984
0
LINE
8
BLACK
6
CONTINUOUS
10
0.2382601968503937
20
0.5044112992125984
11
0.2385594881889764
21
0.5047105905511811
0
LINE
8
BLACK
6
CONTINUOUS
10
0.2385594881889764
20
0.5047105905511811
11
0.2391322440944882
21
0.5055677559055118
0
LINE
8
BLACK
6
CONTINUOUS
10
0.2391322440944882
20
0.5055677559055118
11
0.2399893700787402
21
0.5061404724409448
0
LINE
8
BLACK
6
CONTINUOUS
10
0.2399893700787402
20
0.5061404724409448
11
0.2402886614173228
21
0.5064397637795276
0
LINE
8
BLACK
6
CONTINUOUS
10
0.2402886614173228
20
0.5064397637795276
11
0.2407267716535433
21
0.506633188976378
0
LINE
8
BLACK
6
CONTINUOUS
10
0.2407267716535433
20
0.506633188976378
11
0.2416867322834646
21
0.5072746456692914
0
LINE
8
BLACK
6
CONTINUOUS
10
0.2416867322834646
20
0.5072746456692914
11
0.2425833858267716
21
0.5074529921259843
0
LINE
8
BLACK
6
CONTINUOUS
10
0.2425833858267716
20
0.5074529921259843
11
0.2430411417322835
21
0.5076551181102362
0
LINE
8
BLACK
6
CONTINUOUS
10
0.2430411417322835
20
0.5076551181102362
11
0.2443809448818897
21
0.5078105511811023
0
LINE
8
BLACK
6
CONTINUOUS
10
0.2443809448818897
20
0.5078105511811023
11
0.2447
21
0.5078740157480315
0
LINE
8
BLACK
6
CONTINUOUS
10
0.2447
20
0.5078740157480315
11
0.3353
21
0.5078740157480315
0
LINE
8
BLACK
6
CONTINUOUS
10
0.3353
20
0.5078740157480315
11
0.3356191732283464
21
0.5078105118110237
0
LINE
8
BLACK
6
CONTINUOUS
10
0.1553191732283465
20
0.4878105118110236
11
0.1566588188976378
21
0.4876551181102362
0
LINE
8
BLACK
6
CONTINUOUS
10
0.1566588188976378
20
0.4876551181102362
11
0.1571164960629921
21
0.4874529921259843
0
LINE
8
BLACK
6
CONTINUOUS
10
0.1571164960629921
20
0.4874529921259843
11
0.1580132677165354
21
0.4872746456692914
0
LINE
8
BLACK
6
CONTINUOUS
10
0.1580132677165354
20
0.4872746456692914
11
0.1589732677165354
21
0.4866331496062992
0
LINE
8
BLACK
6
CONTINUOUS
10
0.1589732677165354
20
0.4866331496062992
11
0.1594112992125984
21
0.4864397637795275
0
LINE
8
BLACK
6
CONTINUOUS
10
0.1594112992125984
20
0.4864397637795275
11
0.1597104724409449
21
0.4861405511811023
0
LINE
8
BLACK
6
CONTINUOUS
10
0.1597104724409449
20
0.4861405511811023
11
0.1605677559055118
21
0.4855677559055118
0
LINE
8
BLACK
6
CONTINUOUS
10
0.1605677559055118
20
0.4855677559055118
11
0.1611405511811023
21
0.4847104724409449
0
LINE
8
BLACK
6
CONTINUOUS
10
0.1611405511811023
20
0.4847104724409449
11
0.1614397637795276
21
0.4844112992125984
0
LINE
8
BLACK
6
CONTINUOUS
10
0.1614397637795276
20
0.4844112992125984
11
0.1616331496062992
21
0.4839732677165354
0
LINE
8
BLACK
6
CONTINUOUS
10
0.1616331496062992
20
0.4839732677165354
11
0.1622746456692913
21
0.4830132677165354
0
LINE
8
BLACK
6
CONTINUOUS
10
0.1622746456692913
20
0.4830132677165354
11
0.1624529921259842
21
0.4821164960629921
0
LINE
8
BLACK
6
CONTINUOUS
10
0.1624529921259842
20
0.4821164960629921
11
0.1626551181102362
21
0.4816588188976378
0
LINE
8
BLACK
6
CONTINUOUS
10
0.1626551181102362
20
0.4816588188976378
11
0.1628105118110236
21
0.480319094488189
0
LINE
8
BLACK
6
CONTINUOUS
10
0.1628105118110236
20
0.480319094488189
11
0.1628740157480315
21
0.48
0
LINE
8
BLACK
6
CONTINUOUS
10
0.1628740157480315
20
0.48
11
0.1628740157480315
21
0.42
0
LINE
8
BLACK
6
CONTINUOUS
10
0.1628740157480315
20
0.42
11
0.1628105118110236
21
0.4196808661417323
0
LINE
8
BLACK
6
CONTINUOUS
10
0.1628105118110236
20
0.4196808661417323
11
0.1626551181102362
21
0.4183411417322834
0
LINE
8
BLACK
6
CONTINUOUS
10
0.1626551181102362
20
0.4183411417322834
11
0.1624529921259842
21
0.4178833858267716
0
LINE
8
BLACK
6
CONTINUOUS
10
0.1624529921259842
20
0.4178833858267716
11
0.1622746456692913
21
0.4169867322834646
0
LINE
8
BLACK
6
CONTINUOUS
10
0.1622746456692913
20
0.4169867322834646
11
0.161633188976378
21
0.4160267716535433
0
LINE
8
BLACK
6
CONTINUOUS
10
0.161633188976378
20
0.4160267716535433
11
0.1614397637795276
21
0.4155886614173228
0
LINE
8
BLACK
6
CONTINUOUS
10
0.1614397637795276
20
0.4155886614173228
11
0.1611404724409449
21
0.4152893700787402
0
LINE
8
BLACK
6
CONTINUOUS
10
0.1611404724409449
20
0.4152893700787402
11
0.1605677559055118
21
0.4144322440944882
0
LINE
8
BLACK
6
CONTINUOUS
10
0.1605677559055118
20
0.4144322440944882
11
0.1597105905511811
21
0.4138594881889764
0
LINE
8
BLACK
6
CONTINUOUS
10
0.1597105905511811
20
0.4138594881889764
11
0.1594112992125984
21
0.4135601968503937
0
LINE
8
BLACK
6
CONTINUOUS
10
0.1594112992125984
20
0.4135601968503937
11
0.1589731102362205
21
0.4133666929133858
0
LINE
8
BLACK
6
CONTINUOUS
10
0.1589731102362205
20
0.4133666929133858
11
0.1580132677165354
21
0.4127253543307087
0
LINE
8
BLACK
6
CONTINUOUS
10
0.1580132677165354
20
0.4127253543307087
11
0.1571166929133858
21
0.4125470078740157
0
LINE
8
BLACK
6
CONTINUOUS
10
0.1571166929133858
20
0.4125470078740157
11
0.1566588188976378
21
0.412344842519685
0
LINE
8
BLACK
6
CONTINUOUS
10
0.1566588188976378
20
0.412344842519685
11
0.1553186220472441
21
0.4121893307086614
0
LINE
8
BLACK
6
CONTINUOUS
10
0.1553186220472441
20
0.4121893307086614
11
0.155
21
0.4121259842519685
0
LINE
8
BLACK
6
CONTINUOUS
10
0.155
20
0.4121259842519685
11
0.1547723228346457
21
0.4121259842519685
0
LINE
8
BLACK
6
CONTINUOUS
10
0.1547723228346457
20
0.4121259842519685
11
0.0952277165354331
21
0.4121259842519685
0
LINE
8
BLACK
6
CONTINUOUS
10
0.0952277165354331
20
0.4121259842519685
11
0.095
21
0.4121259842519685
0
LINE
8
BLACK
6
CONTINUOUS
10
0.095
20
0.4121259842519685
11
0.0946813385826772
21
0.4121893307086614
0
LINE
8
BLACK
6
CONTINUOUS
10
0.0946813385826772
20
0.4121893307086614
11
0.0933411417322835
21
0.412344842519685
0
LINE
8
BLACK
6
CONTINUOUS
10
0.0933411417322835
20
0.412344842519685
11
0.0928832283464567
21
0.4125470078740157
0
LINE
8
BLACK
6
CONTINUOUS
10
0.0928832283464567
20
0.4125470078740157
11
0.0919867322834646
21
0.4127253543307087
0
LINE
8
BLACK
6
CONTINUOUS
10
0.0919867322834646
20
0.4127253543307087
11
0.0910269291338583
21
0.4133666535433071
0
LINE
8
BLACK
6
CONTINUOUS
10
0.0910269291338583
20
0.4133666535433071
11
0.0905886614173228
21
0.4135601968503937
0
LINE
8
BLACK
6
CONTINUOUS
10
0.0905886614173228
20
0.4135601968503937
11
0.0902892519685039
21
0.4138595669291338
0
LINE
8
BLACK
6
CONTINUOUS
10
0.0902892519685039
20
0.4138595669291338
11
0.0894322440944882
21
0.4144322440944882
0
LINE
8
BLACK
6
CONTINUOUS
10
0.0894322440944882
20
0.4144322440944882
11
0.0888595669291339
21
0.4152892519685039
0
LINE
8
BLACK
6
CONTINUOUS
10
0.0888595669291339
20
0.4152892519685039
11
0.0885601968503937
21
0.4155886614173228
0
LINE
8
BLACK
6
CONTINUOUS
10
0.0885601968503937
20
0.4155886614173228
11
0.0883666535433071
21
0.4160269291338582
0
LINE
8
BLACK
6
CONTINUOUS
10
0.0883666535433071
20
0.4160269291338582
11
0.0877253543307087
21
0.4169867322834646
0
LINE
8
BLACK
6
CONTINUOUS
10
0.0877253543307087
20
0.4169867322834646
11
0.0875470078740157
21
0.4178832283464567
0
LINE
8
BLACK
6
CONTINUOUS
10
0.0875470078740157
20
0.4178832283464567
11
0.087344842519685
21
0.4183411417322834
0
LINE
8
BLACK
6
CONTINUOUS
10
0.087344842519685
20
0.4183411417322834
11
0.0871893307086614
21
0.4196814173228346
0
LINE
8
BLACK
6
CONTINUOUS
10
0.0871893307086614
20
0.4196814173228346
11
0.0871259842519685
21
0.42
0
LINE
8
BLACK
6
CONTINUOUS
10
0.0871259842519685
20
0.42
11
0.0871259842519685
21
0.48
0
LINE
8
BLACK
6
CONTINUOUS
10
0.0871259842519685
20
0.48
11
0.0871893700787402
21
0.4803187007874016
0
LINE
8
BLACK
6
CONTINUOUS
10
0.0871893700787402
20
0.4803187007874016
11
0.087344842519685
21
0.4816588188976378
0
LINE
8
BLACK
6
CONTINUOUS
10
0.087344842519685
20
0.4816588188976378
11
0.0875470078740157
21
0.4821166929133858
0
LINE
8
BLACK
6
CONTINUOUS
10
0.0875470078740157
20
0.4821166929133858
11
0.0877253543307087
21
0.4830132677165354
0
LINE
8
BLACK
6
CONTINUOUS
10
0.0877253543307087
20
0.4830132677165354
11
0.0883666929133858
21
0.4839731102362205
0
LINE
8
BLACK
6
CONTINUOUS
10
0.0883666929133858
20
0.4839731102362205
11
0.0885601968503937
21
0.4844112992125984
0
LINE
8
BLACK
6
CONTINUOUS
10
0.0885601968503937
20
0.4844112992125984
11
0.0888594881889764
21
0.4847105905511811
0
LINE
8
BLACK
6
CONTINUOUS
10
0.0888594881889764
20
0.4847105905511811
11
0.0894322440944882
21
0.4855677559055118
0
LINE
8
BLACK
6
CONTINUOUS
10
0.0894322440944882
20
0.4855677559055118
11
0.0902893700787402
21
0.4861404724409449
0
LINE
8
BLACK
6
CONTINUOUS
10
0.0902893700787402
20
0.4861404724409449
11
0.0905886614173228
21
0.4864397637795275
0
LINE
8
BLACK
6
CONTINUOUS
10
0.0905886614173228
20
0.4864397637795275
11
0.0910267716535433
21
0.4866331889763779
0
LINE
8
BLACK
6
CONTINUOUS
10
0.0910267716535433
20
0.4866331889763779
11
0.0919867322834646
21
0.4872746456692914
0
LINE
8
BLACK
6
CONTINUOUS
10
0.0919867322834646
20
0.4872746456692914
11
0.0928833858267717
21
0.4874529921259843
0
LINE
8
BLACK
6
CONTINUOUS
10
0.0928833858267717
20
0.4874529921259843
11
0.0933411417322835
21
0.4876551181102362
0
LINE
8
BLACK
6
CONTINUOUS
10
0.0933411417322835
20
0.4876551181102362
11
0.0946809448818898
21
0.4878105511811023
0
LINE
8
BLACK
6
CONTINUOUS
10
0.0946809448818898
20
0.4878105511811023
11
0.095
21
0.4878740157480315
0
LINE
8
BLACK
6
CONTINUOUS
10
0.095
20
0.4878740157480315
11
0.155
21
0.4878740157480315
0
LINE
8
BLACK
6
CONTINUOUS
10
0.155
20
0.4878740157480315
11
0.1553191732283465
21
0.4878105118110236
0
LINE
8
BLACK
6
CONTINUOUS
10
1.7806191732283465
20
0.5328105118110236
11
1.7819588188976379
21
0.5326551181102362
0
LINE
8
BLACK
6
CONTINUOUS
10
1.7819588188976379
20
0.5326551181102362
11
1.782416496062992
21
0.5324529921259843
0
LINE
8
BLACK
6
CONTINUOUS
10
1.782416496062992
20
0.5324529921259843
11
1.7833132677165353
21
0.5322746456692913
0
LINE
8
BLACK
6
CONTINUOUS
10
1.7833132677165353
20
0.5322746456692913
11
1.7842732677165354
21
0.5316331496062991
0
LINE
8
BLACK
6
CONTINUOUS
10
1.7842732677165354
20
0.5316331496062991
11
1.7847112992125984
21
0.5314397637795275
0
LINE
8
BLACK
6
CONTINUOUS
10
1.7847112992125984
20
0.5314397637795275
11
1.7850104724409448
21
0.5311405511811024
0
LINE
8
BLACK
6
CONTINUOUS
10
1.7850104724409448
20
0.5311405511811024
11
1.7858677559055118
21
0.5305677559055118
0
LINE
8
BLACK
6
CONTINUOUS
10
1.7858677559055118
20
0.5305677559055118
11
1.7864405511811023
21
0.5297104724409448
0
LINE
8
BLACK
6
CONTINUOUS
10
1.7864405511811023
20
0.5297104724409448
11
1.7867397637795275
21
0.5294112992125984
0
LINE
8
BLACK
6
CONTINUOUS
10
1.7867397637795275
20
0.5294112992125984
11
1.7869331496062992
21
0.5289732677165354
0
LINE
8
BLACK
6
CONTINUOUS
10
1.7869331496062992
20
0.5289732677165354
11
1.7875746456692914
21
0.5280132677165355
0
LINE
8
BLACK
6
CONTINUOUS
10
1.7875746456692914
20
0.5280132677165355
11
1.7877529921259843
21
0.5271164960629922
0
LINE
8
BLACK
6
CONTINUOUS
10
1.7877529921259843
20
0.5271164960629922
11
1.7879551181102362
21
0.5266588188976378
0
LINE
8
BLACK
6
CONTINUOUS
10
1.7879551181102362
20
0.5266588188976378
11
1.7881105118110237
21
0.5253190944881889
0
LINE
8
BLACK
6
CONTINUOUS
10
1.7881105118110237
20
0.5253190944881889
11
1.7881740157480315
21
0.525
0
LINE
8
BLACK
6
CONTINUOUS
10
1.7881740157480315
20
0.525
11
1.7881740157480315
21
0.4266
0
LINE
8
BLACK
6
CONTINUOUS
10
1.7881740157480315
20
0.4266
11
1.7881105118110237
21
0.4262808661417323
0
LINE
8
BLACK
6
CONTINUOUS
10
1.7881105118110237
20
0.4262808661417323
11
1.7879551181102362
21
0.4249411417322835
0
LINE
8
BLACK
6
CONTINUOUS
10
1.7879551181102362
20
0.4249411417322835
11
1.7877529921259843
21
0.4244833858267716
0
LINE
8
BLACK
6
CONTINUOUS
10
1.7877529921259843
20
0.4244833858267716
11
1.7875746456692914
21
0.4235867322834646
0
LINE
8
BLACK
6
CONTINUOUS
10
1.7875746456692914
20
0.4235867322834646
11
1.786933188976378
21
0.4226267716535433
0
LINE
8
BLACK
6
CONTINUOUS
10
1.786933188976378
20
0.4226267716535433
11
1.7867397637795275
21
0.4221886614173228
0
LINE
8
BLACK
6
CONTINUOUS
10
1.7867397637795275
20
0.4221886614173228
11
1.7864404724409448
21
0.4218893700787402
0
LINE
8
BLACK
6
CONTINUOUS
10
1.7864404724409448
20
0.4218893700787402
11
1.7858677559055118
21
0.4210322440944882
0
LINE
8
BLACK
6
CONTINUOUS
10
1.7858677559055118
20
0.4210322440944882
11
1.7850105905511811
21
0.4204594881889764
0
LINE
8
BLACK
6
CONTINUOUS
10
1.7850105905511811
20
0.4204594881889764
11
1.7847112992125984
21
0.4201601968503937
0
LINE
8
BLACK
6
CONTINUOUS
10
1.7847112992125984
20
0.4201601968503937
11
1.7842731102362204
21
0.4199666929133858
0
LINE
8
BLACK
6
CONTINUOUS
10
1.7842731102362204
20
0.4199666929133858
11
1.7833132677165353
21
0.4193253543307087
0
LINE
8
BLACK
6
CONTINUOUS
10
1.7833132677165353
20
0.4193253543307087
11
1.7824166929133858
21
0.4191470078740158
0
LINE
8
BLACK
6
CONTINUOUS
10
1.7824166929133858
20
0.4191470078740158
11
1.7819588188976379
21
0.4189448425196851
0
LINE
8
BLACK
6
CONTINUOUS
10
1.7819588188976379
20
0.4189448425196851
11
1.780618622047244
21
0.4187893307086614
0
LINE
8
BLACK
6
CONTINUOUS
10
1.780618622047244
20
0.4187893307086614
11
1.7803
21
0.4187259842519685
0
LINE
8
BLACK
6
CONTINUOUS
10
1.7803
20
0.4187259842519685
11
1.7800723228346456
21
0.4187259842519685
0
LINE
8
BLACK
6
CONTINUOUS
10
1.7800723228346456
20
0.4187259842519685
11
1.6899277165354329
21
0.4187259842519685
0
LINE
8
BLACK
6
CONTINUOUS
10
1.6899277165354329
20
0.4187259842519685
11
1.6897
21
0.4187259842519685
0
LINE
8
BLACK
6
CONTINUOUS
10
1.6897
20
0.4187259842519685
11
1.689381338582677
21
0.4187893307086614
0
LINE
8
BLACK
6
CONTINUOUS
10
1.689381338582677
20
0.4187893307086614
11
1.6880411417322834
21
0.4189448425196851
0
LINE
8
BLACK
6
CONTINUOUS
10
1.6880411417322834
20
0.4189448425196851
11
1.6875832283464567
21
0.4191470078740158
0
LINE
8
BLACK
6
CONTINUOUS
10
1.6875832283464567
20
0.4191470078740158
11
1.6866867322834644
21
0.4193253543307087
0
LINE
8
BLACK
6
CONTINUOUS
10
1.6866867322834644
20
0.4193253543307087
11
1.6857269291338581
21
0.4199666535433071
0
LINE
8
BLACK
6
CONTINUOUS
10
1.6857269291338581
20
0.4199666535433071
11
1.6852886614173228
21
0.4201601968503937
0
LINE
8
BLACK
6
CONTINUOUS
10
1.6852886614173228
20
0.4201601968503937
11
1.6849892519685039
21
0.4204595669291338
0
LINE
8
BLACK
6
CONTINUOUS
10
1.6849892519685039
20
0.4204595669291338
11
1.6841322440944881
21
0.4210322440944882
0
LINE
8
BLACK
6
CONTINUOUS
10
1.6841322440944881
20
0.4210322440944882
11
1.6835595669291339
21
0.4218892519685039
0
LINE
8
BLACK
6
CONTINUOUS
10
1.6835595669291339
20
0.4218892519685039
11
1.6832601968503937
21
0.4221886614173228
0
LINE
8
BLACK
6
CONTINUOUS
10
1.6832601968503937
20
0.4221886614173228
11
1.683066653543307
21
0.4226269291338582
0
LINE
8
BLACK
6
CONTINUOUS
10
1.683066653543307
20
0.4226269291338582
11
1.6824253543307086
21
0.4235867322834646
0
LINE
8
BLACK
6
CONTINUOUS
10
1.6824253543307086
20
0.4235867322834646
11
1.6822470078740157
21
0.4244832283464567
0
LINE
8
BLACK
6
CONTINUOUS
10
1.6822470078740157
20
0.4244832283464567
11
1.682044842519685
21
0.4249411417322835
0
LINE
8
BLACK
6
CONTINUOUS
10
1.682044842519685
20
0.4249411417322835
11
1.6818893307086613
21
0.4262814173228346
0
LINE
8
BLACK
6
CONTINUOUS
10
1.6818893307086613
20
0.4262814173228346
11
1.6818259842519685
21
0.4266
0
LINE
8
BLACK
6
CONTINUOUS
10
1.6818259842519685
20
0.4266
11
1.6818259842519685
21
0.525
0
LINE
8
BLACK
6
CONTINUOUS
10
1.6818259842519685
20
0.525
11
1.6818893700787401
21
0.5253187007874016
0
LINE
8
BLACK
6
CONTINUOUS
10
1.6818893700787401
20
0.5253187007874016
11
1.682044842519685
21
0.5266588188976378
0
LINE
8
BLACK
6
CONTINUOUS
10
1.682044842519685
20
0.5266588188976378
11
1.6822470078740157
21
0.5271166929133858
0
LINE
8
BLACK
6
CONTINUOUS
10
1.6822470078740157
20
0.5271166929133858
11
1.6824253543307086
21
0.5280132677165355
0
LINE
8
BLACK
6
CONTINUOUS
10
1.6824253543307086
20
0.5280132677165355
11
1.6830666929133857
21
0.5289731102362205
0
LINE
8
BLACK
6
CONTINUOUS
10
1.6830666929133857
20
0.5289731102362205
11
1.6832601968503937
21
0.5294112992125984
0
LINE
8
BLACK
6
CONTINUOUS
10
1.6832601968503937
20
0.5294112992125984
11
1.6835594881889764
21
0.5297105905511811
0
LINE
8
BLACK
6
CONTINUOUS
10
1.6835594881889764
20
0.5297105905511811
11
1.6841322440944881
21
0.5305677559055118
0
LINE
8
BLACK
6
CONTINUOUS
10
1.6841322440944881
20
0.5305677559055118
11
1.6849893700787402
21
0.5311404724409449
0
LINE
8
BLACK
6
CONTINUOUS
10
1.6849893700787402
20
0.5311404724409449
11
1.6852886614173228
21
0.5314397637795275
0
LINE
8
BLACK
6
CONTINUOUS
10
1.6852886614173228
20
0.5314397637795275
11
1.6857267716535433
21
0.5316331889763779
0
LINE
8
BLACK
6
CONTINUOUS
10
1.6857267716535433
20
0.5316331889763779
11
1.6866867322834644
21
0.5322746456692913
0
LINE
8
BLACK
6
CONTINUOUS
10
1.6866867322834644
20
0.5322746456692913
11
1.6875833858267717
21
0.5324529921259843
0
LINE
8
BLACK
6
CONTINUOUS
10
1.6875833858267717
20
0.5324529921259843
11
1.6880411417322834
21
0.5326551181102362
0
LINE
8
BLACK
6
CONTINUOUS
10
1.6880411417322834
20
0.5326551181102362
11
1.6893809448818897
21
0.5328105511811023
0
LINE
8
BLACK
6
CONTINUOUS
10
1.6893809448818897
20
0.5328105511811023
11
1.6897
21
0.5328740157480315
0
LINE
8
BLACK
6
CONTINUOUS
10
1.6897
20
0.5328740157480315
11
1.7803
21
0.5328740157480315
0
LINE
8
BLACK
6
CONTINUOUS
10
1.7803
20
0.5328740157480315
11
1.7806191732283465
21
0.5328105118110236
0
LINE
8
BLACK
6
CONTINUOUS
10
0.1553191732283465
20
0.5878105118110236
11
0.1566588188976378
21
0.5876551181102362
0
LINE
8
BLACK
6
CONTINUOUS
10
0.1566588188976378
20
0.5876551181102362
11
0.1571164960629921
21
0.5874529921259842
0
LINE
8
BLACK
6
CONTINUOUS
10
0.1571164960629921
20
0.5874529921259842
11
0.1580132677165354
21
0.5872746456692913
0
LINE
8
BLACK
6
CONTINUOUS
10
0.1580132677165354
20
0.5872746456692913
11
0.1589732677165354
21
0.5866331496062992
0
LINE
8
BLACK
6
CONTINUOUS
10
0.1589732677165354
20
0.5866331496062992
11
0.1594112992125984
21
0.5864397637795276
0
LINE
8
BLACK
6
CONTINUOUS
10
0.1594112992125984
20
0.5864397637795276
11
0.1597104724409449
21
0.5861405511811023
0
LINE
8
BLACK
6
CONTINUOUS
10
0.1597104724409449
20
0.5861405511811023
11
0.1605677559055118
21
0.5855677559055118
0
LINE
8
BLACK
6
CONTINUOUS
10
0.1605677559055118
20
0.5855677559055118
11
0.1611405511811023
21
0.5847104724409449
0
LINE
8
BLACK
6
CONTINUOUS
10
0.1611405511811023
20
0.5847104724409449
11
0.1614397637795276
21
0.5844112992125984
0
LINE
8
BLACK
6
CONTINUOUS
10
0.1614397637795276
20
0.5844112992125984
11
0.1616331496062992
21
0.5839732677165355
0
LINE
8
BLACK
6
CONTINUOUS
10
0.1616331496062992
20
0.5839732677165355
11
0.1622746456692913
21
0.5830132677165354
0
LINE
8
BLACK
6
CONTINUOUS
10
0.1622746456692913
20
0.5830132677165354
11
0.1624529921259842
21
0.5821164960629921
0
LINE
8
BLACK
6
CONTINUOUS
10
0.1624529921259842
20
0.5821164960629921
11
0.1626551181102362
21
0.5816588188976378
0
LINE
8
BLACK
6
CONTINUOUS
10
0.1626551181102362
20
0.5816588188976378
11
0.1628105118110236
21
0.580319094488189
0
LINE
8
BLACK
6
CONTINUOUS
10
0.1628105118110236
20
0.580319094488189
11
0.1628740157480315
21
0.58
0
LINE
8
BLACK
6
CONTINUOUS
10
0.1628740157480315
20
0.58
11
0.1628740157480315
21
0.52
0
LINE
8
BLACK
6
CONTINUOUS
10
0.1628740157480315
20
0.52
11
0.1628105118110236
21
0.5196808661417323
0
LINE
8
BLACK
6
CONTINUOUS
10
0.1628105118110236
20
0.5196808661417323
11
0.1626551181102362
21
0.5183411417322834
0
LINE
8
BLACK
6
CONTINUOUS
10
0.1626551181102362
20
0.5183411417322834
11
0.1624529921259842
21
0.5178833858267716
0
LINE
8
BLACK
6
CONTINUOUS
10
0.1624529921259842
20
0.5178833858267716
11
0.1622746456692913
21
0.5169867322834646
0
LINE
8
BLACK
6
CONTINUOUS
10
0.1622746456692913
20
0.5169867322834646
11
0.161633188976378
21
0.5160267716535433
0
LINE
8
BLACK
6
CONTINUOUS
10
0.161633188976378
20
0.5160267716535433
11
0.1614397637795276
21
0.5155886614173228
0
LINE
8
BLACK
6
CONTINUOUS
10
0.1614397637795276
20
0.5155886614173228
11
0.1611404724409449
21
0.5152893700787401
0
LINE
8
BLACK
6
CONTINUOUS
10
0.1611404724409449
20
0.5152893700787401
11
0.1605677559055118
21
0.5144322440944882
0
LINE
8
BLACK
6
CONTINUOUS
10
0.1605677559055118
20
0.5144322440944882
11
0.1597105905511811
21
0.5138594881889764
0
LINE
8
BLACK
6
CONTINUOUS
10
0.1597105905511811
20
0.5138594881889764
11
0.1594112992125984
21
0.5135601968503937
0
LINE
8
BLACK
6
CONTINUOUS
10
0.1594112992125984
20
0.5135601968503937
11
0.1589731102362205
21
0.5133666929133858
0
LINE
8
BLACK
6
CONTINUOUS
10
0.1589731102362205
20
0.5133666929133858
11
0.1580132677165354
21
0.5127253543307086
0
LINE
8
BLACK
6
CONTINUOUS
10
0.1580132677165354
20
0.5127253543307086
11
0.1571166929133858
21
0.5125470078740157
0
LINE
8
BLACK
6
CONTINUOUS
10
0.1571166929133858
20
0.5125470078740157
11
0.1566588188976378
21
0.512344842519685
0
LINE
8
BLACK
6
CONTINUOUS
10
0.1566588188976378
20
0.512344842519685
11
0.1553186220472441
21
0.5121893307086615
0
LINE
8
BLACK
6
CONTINUOUS
10
0.1553186220472441
20
0.5121893307086615
11
0.155
21
0.5121259842519685
0
LINE
8
BLACK
6
CONTINUOUS
10
0.155
20
0.5121259842519685
11
0.1547723228346457
21
0.5121259842519685
0
LINE
8
BLACK
6
CONTINUOUS
10
0.1547723228346457
20
0.5121259842519685
11
0.0952277165354331
21
0.5121259842519685
0
LINE
8
BLACK
6
CONTINUOUS
10
0.0952277165354331
20
0.5121259842519685
11
0.095
21
0.5121259842519685
0
LINE
8
BLACK
6
CONTINUOUS
10
0.095
20
0.5121259842519685
11
0.0946813385826772
21
0.5121893307086615
0
LINE
8
BLACK
6
CONTINUOUS
10
0.0946813385826772
20
0.5121893307086615
11
0.0933411417322835
21
0.512344842519685
0
LINE
8
BLACK
6
CONTINUOUS
10
0.0933411417322835
20
0.512344842519685
11
0.0928832283464567
21
0.5125470078740157
0
LINE
8
BLACK
6
CONTINUOUS
10
0.0928832283464567
20
0.5125470078740157
11
0.0919867322834646
21
0.5127253543307086
0
LINE
8
BLACK
6
CONTINUOUS
10
0.0919867322834646
20
0.5127253543307086
11
0.0910269291338583
21
0.5133666535433071
0
LINE
8
BLACK
6
CONTINUOUS
10
0.0910269291338583
20
0.5133666535433071
11
0.0905886614173228
21
0.5135601968503937
0
LINE
8
BLACK
6
CONTINUOUS
10
0.0905886614173228
20
0.5135601968503937
11
0.0902892519685039
21
0.5138595669291338
0
LINE
8
BLACK
6
CONTINUOUS
10
0.0902892519685039
20
0.5138595669291338
11
0.0894322440944882
21
0.5144322440944882
0
LINE
8
BLACK
6
CONTINUOUS
10
0.0894322440944882
20
0.5144322440944882
11
0.0888595669291339
21
0.5152892519685039
0
LINE
8
BLACK
6
CONTINUOUS
10
0.0888595669291339
20
0.5152892519685039
11
0.0885601968503937
21
0.5155886614173228
0
LINE
8
BLACK
6
CONTINUOUS
10
0.0885601968503937
20
0.5155886614173228
11
0.0883666535433071
21
0.5160269291338583
0
LINE
8
BLACK
6
CONTINUOUS
10
0.0883666535433071
20
0.5160269291338583
11
0.0877253543307087
21
0.5169867322834646
0
LINE
8
BLACK
6
CONTINUOUS
10
0.0877253543307087
20
0.5169867322834646
11
0.0875470078740157
21
0.5178832283464567
0
LINE
8
BLACK
6
CONTINUOUS
10
0.0875470078740157
20
0.5178832283464567
11
0.087344842519685
21
0.5183411417322834
0
LINE
8
BLACK
6
CONTINUOUS
10
0.087344842519685
20
0.5183411417322834
11
0.0871893307086614
21
0.5196814173228347
0
LINE
8
BLACK
6
CONTINUOUS
10
0.0871893307086614
20
0.5196814173228347
11
0.0871259842519685
21
0.52
0
LINE
8
BLACK
6
CONTINUOUS
10
0.0871259842519685
20
0.52
11
0.0871259842519685
21
0.58
0
LINE
8
BLACK
6
CONTINUOUS
10
0.0871259842519685
20
0.58
11
0.0871893700787402
21
0.5803187007874016
0
LINE
8
BLACK
6
CONTINUOUS
10
0.0871893700787402
20
0.5803187007874016
11
0.087344842519685
21
0.5816588188976378
0
LINE
8
BLACK
6
CONTINUOUS
10
0.087344842519685
20
0.5816588188976378
11
0.0875470078740157
21
0.5821166929133859
0
LINE
8
BLACK
6
CONTINUOUS
10
0.0875470078740157
20
0.5821166929133859
11
0.0877253543307087
21
0.5830132677165354
0
LINE
8
BLACK
6
CONTINUOUS
10
0.0877253543307087
20
0.5830132677165354
11
0.0883666929133858
21
0.5839731102362204
0
LINE
8
BLACK
6
CONTINUOUS
10
0.0883666929133858
20
0.5839731102362204
11
0.0885601968503937
21
0.5844112992125984
0
LINE
8
BLACK
6
CONTINUOUS
10
0.0885601968503937
20
0.5844112992125984
11
0.0888594881889764
21
0.5847105905511811
0
LINE
8
BLACK
6
CONTINUOUS
10
0.0888594881889764
20
0.5847105905511811
11
0.0894322440944882
21
0.5855677559055118
0
LINE
8
BLACK
6
CONTINUOUS
10
0.0894322440944882
20
0.5855677559055118
11
0.0902893700787402
21
0.5861404724409449
0
LINE
8
BLACK
6
CONTINUOUS
10
0.0902893700787402
20
0.5861404724409449
11
0.0905886614173228
21
0.5864397637795276
0
LINE
8
BLACK
6
CONTINUOUS
10
0.0905886614173228
20
0.5864397637795276
11
0.0910267716535433
21
0.586633188976378
0
LINE
8
BLACK
6
CONTINUOUS
10
0.0910267716535433
20
0.586633188976378
11
0.0919867322834646
21
0.5872746456692913
0
LINE
8
BLACK
6
CONTINUOUS
10
0.0919867322834646
20
0.5872746456692913
11
0.0928833858267717
21
0.5874529921259842
0
LINE
8
BLACK
6
CONTINUOUS
10
0.0928833858267717
20
0.5874529921259842
11
0.0933411417322835
21
0.5876551181102362
0
LINE
8
BLACK
6
CONTINUOUS
10
0.0933411417322835
20
0.5876551181102362
11
0.0946809448818898
21
0.5878105511811024
0
LINE
8
BLACK
6
CONTINUOUS
10
0.0946809448818898
20
0.5878105511811024
11
0.095
21
0.5878740157480314
0
LINE
8
BLACK
6
CONTINUOUS
10
0.095
20
0.5878740157480314
11
0.155
21
0.5878740157480314
0
LINE
8
BLACK
6
CONTINUOUS
10
0.155
20
0.5878740157480314
11
0.1553191732283465
21
0.5878105118110236
0
LINE
8
BLACK
6
CONTINUOUS
10
0.3356191732283464
20
0.6770105118110236
11
0.3369588188976378
21
0.6768551181102362
0
LINE
8
BLACK
6
CONTINUOUS
10
0.3369588188976378
20
0.6768551181102362
11
0.3374164960629921
21
0.6766529921259843
0
LINE
8
BLACK
6
CONTINUOUS
10
0.3374164960629921
20
0.6766529921259843
11
0.3383132677165354
21
0.6764746456692913
0
LINE
8
BLACK
6
CONTINUOUS
10
0.3383132677165354
20
0.6764746456692913
11
0.3392732677165354
21
0.6758331496062991
0
LINE
8
BLACK
6
CONTINUOUS
10
0.3392732677165354
20
0.6758331496062991
11
0.3397112992125984
21
0.6756397637795275
0
LINE
8
BLACK
6
CONTINUOUS
10
0.3397112992125984
20
0.6756397637795275
11
0.3400104724409449
21
0.6753405511811024
0
LINE
8
BLACK
6
CONTINUOUS
10
0.3400104724409449
20
0.6753405511811024
11
0.3408677559055118
21
0.6747677559055117
0
LINE
8
BLACK
6
CONTINUOUS
10
0.3408677559055118
20
0.6747677559055117
11
0.3414405511811023
21
0.6739104724409448
0
LINE
8
BLACK
6
CONTINUOUS
10
0.3414405511811023
20
0.6739104724409448
11
0.3417397637795275
21
0.6736112992125984
0
LINE
8
BLACK
6
CONTINUOUS
10
0.3417397637795275
20
0.6736112992125984
11
0.3419331496062992
21
0.6731732677165354
0
LINE
8
BLACK
6
CONTINUOUS
10
0.3419331496062992
20
0.6731732677165354
11
0.3425746456692914
21
0.6722132677165354
0
LINE
8
BLACK
6
CONTINUOUS
10
0.3425746456692914
20
0.6722132677165354
11
0.3427529921259843
21
0.6713164960629922
0
LINE
8
BLACK
6
CONTINUOUS
10
0.3427529921259843
20
0.6713164960629922
11
0.3429551181102362
21
0.6708588188976378
0
LINE
8
BLACK
6
CONTINUOUS
10
0.3429551181102362
20
0.6708588188976378
11
0.3431105118110236
21
0.6695190944881889
0
LINE
8
BLACK
6
CONTINUOUS
10
0.3431105118110236
20
0.6695190944881889
11
0.3431740157480315
21
0.6692
0
LINE
8
BLACK
6
CONTINUOUS
10
0.3431740157480315
20
0.6692
11
0.3431740157480315
21
0.5708
0
LINE
8
BLACK
6
CONTINUOUS
10
0.3431740157480315
20
0.5708
11
0.3431105118110236
21
0.5704808661417323
0
LINE
8
BLACK
6
CONTINUOUS
10
0.3431105118110236
20
0.5704808661417323
11
0.3429551181102362
21
0.5691411417322835
0
LINE
8
BLACK
6
CONTINUOUS
10
0.3429551181102362
20
0.5691411417322835
11
0.3427529921259843
21
0.5686833858267717
0
LINE
8
BLACK
6
CONTINUOUS
10
0.3427529921259843
20
0.5686833858267717
11
0.3425746456692914
21
0.5677867322834645
0
LINE
8
BLACK
6
CONTINUOUS
10
0.3425746456692914
20
0.5677867322834645
11
0.3419331889763779
21
0.5668267716535433
0
LINE
8
BLACK
6
CONTINUOUS
10
0.3419331889763779
20
0.5668267716535433
11
0.3417397637795275
21
0.5663886614173228
0
LINE
8
BLACK
6
CONTINUOUS
10
0.3417397637795275
20
0.5663886614173228
11
0.3414404724409449
21
0.5660893700787402
0
LINE
8
BLACK
6
CONTINUOUS
10
0.3414404724409449
20
0.5660893700787402
11
0.3408677559055118
21
0.5652322440944881
0
LINE
8
BLACK
6
CONTINUOUS
10
0.3408677559055118
20
0.5652322440944881
11
0.3400105905511811
21
0.5646594881889764
0
LINE
8
BLACK
6
CONTINUOUS
10
0.3400105905511811
20
0.5646594881889764
11
0.3397112992125984
21
0.5643601968503937
0
LINE
8
BLACK
6
CONTINUOUS
10
0.3397112992125984
20
0.5643601968503937
11
0.3392731102362205
21
0.5641666929133858
0
LINE
8
BLACK
6
CONTINUOUS
10
0.3392731102362205
20
0.5641666929133858
11
0.3383132677165354
21
0.5635253543307086
0
LINE
8
BLACK
6
CONTINUOUS
10
0.3383132677165354
20
0.5635253543307086
11
0.3374166929133858
21
0.5633470078740157
0
LINE
8
BLACK
6
CONTINUOUS
10
0.3374166929133858
20
0.5633470078740157
11
0.3369588188976378
21
0.563144842519685
0
LINE
8
BLACK
6
CONTINUOUS
10
0.3369588188976378
20
0.563144842519685
11
0.3356186220472441
21
0.5629893307086614
0
LINE
8
BLACK
6
CONTINUOUS
10
0.3356186220472441
20
0.5629893307086614
11
0.3353
21
0.5629259842519685
0
LINE
8
BLACK
6
CONTINUOUS
10
0.3353
20
0.5629259842519685
11
0.3350723228346457
21
0.5629259842519685
0
LINE
8
BLACK
6
CONTINUOUS
10
0.3350723228346457
20
0.5629259842519685
11
0.2449277165354331
21
0.5629259842519685
0
LINE
8
BLACK
6
CONTINUOUS
10
0.2449277165354331
20
0.5629259842519685
11
0.2447
21
0.5629259842519685
0
LINE
8
BLACK
6
CONTINUOUS
10
0.2447
20
0.5629259842519685
11
0.2443813385826772
21
0.5629893307086614
0
LINE
8
BLACK
6
CONTINUOUS
10
0.2443813385826772
20
0.5629893307086614
11
0.2430411417322835
21
0.563144842519685
0
LINE
8
BLACK
6
CONTINUOUS
10
0.2430411417322835
20
0.563144842519685
11
0.2425832283464567
21
0.5633470078740157
0
LINE
8
BLACK
6
CONTINUOUS
10
0.2425832283464567
20
0.5633470078740157
11
0.2416867322834646
21
0.5635253543307086
0
LINE
8
BLACK
6
CONTINUOUS
10
0.2416867322834646
20
0.5635253543307086
11
0.2407269291338583
21
0.5641666535433071
0
LINE
8
BLACK
6
CONTINUOUS
10
0.2407269291338583
20
0.5641666535433071
11
0.2402886614173228
21
0.5643601968503937
0
LINE
8
BLACK
6
CONTINUOUS
10
0.2402886614173228
20
0.5643601968503937
11
0.2399892519685039
21
0.5646595669291339
0
LINE
8
BLACK
6
CONTINUOUS
10
0.2399892519685039
20
0.5646595669291339
11
0.2391322440944882
21
0.5652322440944881
0
LINE
8
BLACK
6
CONTINUOUS
10
0.2391322440944882
20
0.5652322440944881
11
0.2385595669291339
21
0.5660892519685039
0
LINE
8
BLACK
6
CONTINUOUS
10
0.2385595669291339
20
0.5660892519685039
11
0.2382601968503937
21
0.5663886614173228
0
LINE
8
BLACK
6
CONTINUOUS
10
0.2382601968503937
20
0.5663886614173228
11
0.2380666535433071
21
0.5668269291338582
0
LINE
8
BLACK
6
CONTINUOUS
10
0.2380666535433071
20
0.5668269291338582
11
0.2374253543307087
21
0.5677867322834645
0
LINE
8
BLACK
6
CONTINUOUS
10
0.2374253543307087
20
0.5677867322834645
11
0.2372470078740157
21
0.5686832283464567
0
LINE
8
BLACK
6
CONTINUOUS
10
0.2372470078740157
20
0.5686832283464567
11
0.237044842519685
21
0.5691411417322835
0
LINE
8
BLACK
6
CONTINUOUS
10
0.237044842519685
20
0.5691411417322835
11
0.2368893307086614
21
0.5704814173228346
0
LINE
8
BLACK
6
CONTINUOUS
10
0.2368893307086614
20
0.5704814173228346
11
0.2368259842519685
21
0.5708
0
LINE
8
BLACK
6
CONTINUOUS
10
0.2368259842519685
20
0.5708
11
0.2368259842519685
21
0.6692
0
LINE
8
BLACK
6
CONTINUOUS
10
0.2368259842519685
20
0.6692
11
0.2368893700787401
21
0.6695187007874016
0
LINE
8
BLACK
6
CONTINUOUS
10
0.2368893700787401
20
0.6695187007874016
11
0.237044842519685
21
0.6708588188976378
0
LINE
8
BLACK
6
CONTINUOUS
10
0.237044842519685
20
0.6708588188976378
11
0.2372470078740157
21
0.6713166929133858
0
LINE
8
BLACK
6
CONTINUOUS
10
0.2372470078740157
20
0.6713166929133858
11
0.2374253543307087
21
0.6722132677165354
0
LINE
8
BLACK
6
CONTINUOUS
10
0.2374253543307087
20
0.6722132677165354
11
0.2380666929133858
21
0.6731731102362205
0
LINE
8
BLACK
6
CONTINUOUS
10
0.2380666929133858
20
0.6731731102362205
11
0.2382601968503937
21
0.6736112992125984
0
LINE
8
BLACK
6
CONTINUOUS
10
0.2382601968503937
20
0.6736112992125984
11
0.2385594881889764
21
0.6739105905511811
0
LINE
8
BLACK
6
CONTINUOUS
10
0.2385594881889764
20
0.6739105905511811
11
0.2391322440944882
21
0.6747677559055117
0
LINE
8
BLACK
6
CONTINUOUS
10
0.2391322440944882
20
0.6747677559055117
11
0.2399893700787402
21
0.6753404724409449
0
LINE
8
BLACK
6
CONTINUOUS
10
0.2399893700787402
20
0.6753404724409449
11
0.2402886614173228
21
0.6756397637795275
0
LINE
8
BLACK
6
CONTINUOUS
10
0.2402886614173228
20
0.6756397637795275
11
0.2407267716535433
21
0.6758331889763779
0
LINE
8
BLACK
6
CONTINUOUS
10
0.2407267716535433
20
0.6758331889763779
11
0.2416867322834646
21
0.6764746456692913
0
LINE
8
BLACK
6
CONTINUOUS
10
0.2416867322834646
20
0.6764746456692913
11
0.2425833858267716
21
0.6766529921259843
0
LINE
8
BLACK
6
CONTINUOUS
10
0.2425833858267716
20
0.6766529921259843
11
0.2430411417322835
21
0.6768551181102362
0
LINE
8
BLACK
6
CONTINUOUS
10
0.2430411417322835
20
0.6768551181102362
11
0.2443809448818897
21
0.6770105511811023
0
LINE
8
BLACK
6
CONTINUOUS
10
0.2443809448818897
20
0.6770105511811023
11
0.2447
21
0.6770740157480315
0
LINE
8
BLACK
6
CONTINUOUS
10
0.2447
20
0.6770740157480315
11
0.3353
21
0.6770740157480315
0
LINE
8
BLACK
6
CONTINUOUS
10
0.3353
20
0.6770740157480315
11
0.3356191732283464
21
0.6770105118110236
0
LINE
8
BLACK
6
CONTINUOUS
10
1.7806191732283465
20
0.7020105118110236
11
1.7819588188976379
21
0.7018551181102362
0
LINE
8
BLACK
6
CONTINUOUS
10
1.7819588188976379
20
0.7018551181102362
11
1.782416496062992
21
0.7016529921259842
0
LINE
8
BLACK
6
CONTINUOUS
10
1.782416496062992
20
0.7016529921259842
11
1.7833132677165353
21
0.7014746456692913
0
LINE
8
BLACK
6
CONTINUOUS
10
1.7833132677165353
20
0.7014746456692913
11
1.7842732677165354
21
0.7008331496062992
0
LINE
8
BLACK
6
CONTINUOUS
10
1.7842732677165354
20
0.7008331496062992
11
1.7847112992125984
21
0.7006397637795275
0
LINE
8
BLACK
6
CONTINUOUS
10
1.7847112992125984
20
0.7006397637795275
11
1.7850104724409448
21
0.7003405511811024
0
LINE
8
BLACK
6
CONTINUOUS
10
1.7850104724409448
20
0.7003405511811024
11
1.7858677559055118
21
0.6997677559055118
0
LINE
8
BLACK
6
CONTINUOUS
10
1.7858677559055118
20
0.6997677559055118
11
1.7864405511811023
21
0.6989104724409448
0
LINE
8
BLACK
6
CONTINUOUS
10
1.7864405511811023
20
0.6989104724409448
11
1.7867397637795275
21
0.6986112992125985
0
LINE
8
BLACK
6
CONTINUOUS
10
1.7867397637795275
20
0.6986112992125985
11
1.7869331496062992
21
0.6981732677165354
0
LINE
8
BLACK
6
CONTINUOUS
10
1.7869331496062992
20
0.6981732677165354
11
1.7875746456692914
21
0.6972132677165355
0
LINE
8
BLACK
6
CONTINUOUS
10
1.7875746456692914
20
0.6972132677165355
11
1.7877529921259843
21
0.6963164960629921
0
LINE
8
BLACK
6
CONTINUOUS
10
1.7877529921259843
20
0.6963164960629921
11
1.7879551181102362
21
0.6958588188976378
0
LINE
8
BLACK
6
CONTINUOUS
10
1.7879551181102362
20
0.6958588188976378
11
1.7881105118110237
21
0.6945190944881889
0
LINE
8
BLACK
6
CONTINUOUS
10
1.7881105118110237
20
0.6945190944881889
11
1.7881740157480315
21
0.6942
0
LINE
8
BLACK
6
CONTINUOUS
10
1.7881740157480315
20
0.6942
11
1.7881740157480315
21
0.5958
0
LINE
8
BLACK
6
CONTINUOUS
10
1.7881740157480315
20
0.5958
11
1.7881105118110237
21
0.5954808661417322
0
LINE
8
BLACK
6
CONTINUOUS
10
1.7881105118110237
20
0.5954808661417322
11
1.7879551181102362
21
0.5941411417322835
0
LINE
8
BLACK
6
CONTINUOUS
10
1.7879551181102362
20
0.5941411417322835
11
1.7877529921259843
21
0.5936833858267716
0
LINE
8
BLACK
6
CONTINUOUS
10
1.7877529921259843
20
0.5936833858267716
11
1.7875746456692914
21
0.5927867322834646
0
LINE
8
BLACK
6
CONTINUOUS
10
1.7875746456692914
20
0.5927867322834646
11
1.786933188976378
21
0.5918267716535432
0
LINE
8
BLACK
6
CONTINUOUS
10
1.786933188976378
20
0.5918267716535432
11
1.7867397637795275
21
0.5913886614173228
0
LINE
8
BLACK
6
CONTINUOUS
10
1.7867397637795275
20
0.5913886614173228
11
1.7864404724409448
21
0.5910893700787402
0
LINE
8
BLACK
6
CONTINUOUS
10
1.7864404724409448
20
0.5910893700787402
11
1.7858677559055118
21
0.5902322440944882
0
LINE
8
BLACK
6
CONTINUOUS
10
1.7858677559055118
20
0.5902322440944882
11
1.7850105905511811
21
0.5896594881889764
0
LINE
8
BLACK
6
CONTINUOUS
10
1.7850105905511811
20
0.5896594881889764
11
1.7847112992125984
21
0.5893601968503936
0
LINE
8
BLACK
6
CONTINUOUS
10
1.7847112992125984
20
0.5893601968503936
11
1.7842731102362204
21
0.5891666929133859
0
LINE
8
BLACK
6
CONTINUOUS
10
1.7842731102362204
20
0.5891666929133859
11
1.7833132677165353
21
0.5885253543307086
0
LINE
8
BLACK
6
CONTINUOUS
10
1.7833132677165353
20
0.5885253543307086
11
1.7824166929133858
21
0.5883470078740157
0
LINE
8
BLACK
6
CONTINUOUS
10
1.7824166929133858
20
0.5883470078740157
11
1.7819588188976379
21
0.588144842519685
0
LINE
8
BLACK
6
CONTINUOUS
10
1.7819588188976379
20
0.588144842519685
11
1.780618622047244
21
0.5879893307086614
0
LINE
8
BLACK
6
CONTINUOUS
10
1.780618622047244
20
0.5879893307086614
11
1.7803
21
0.5879259842519685
0
LINE
8
BLACK
6
CONTINUOUS
10
1.7803
20
0.5879259842519685
11
1.7800723228346456
21
0.5879259842519685
0
LINE
8
BLACK
6
CONTINUOUS
10
1.7800723228346456
20
0.5879259842519685
11
1.6899277165354329
21
0.5879259842519685
0
LINE
8
BLACK
6
CONTINUOUS
10
1.6899277165354329
20
0.5879259842519685
11
1.6897
21
0.5879259842519685
0
LINE
8
BLACK
6
CONTINUOUS
10
1.6897
20
0.5879259842519685
11
1.689381338582677
21
0.5879893307086614
0
LINE
8
BLACK
6
CONTINUOUS
10
1.689381338582677
20
0.5879893307086614
11
1.6880411417322834
21
0.588144842519685
0
LINE
8
BLACK
6
CONTINUOUS
10
1.6880411417322834
20
0.588144842519685
11
1.6875832283464567
21
0.5883470078740157
0
LINE
8
BLACK
6
CONTINUOUS
10
1.6875832283464567
20
0.5883470078740157
11
1.6866867322834644
21
0.5885253543307086
0
LINE
8
BLACK
6
CONTINUOUS
10
1.6866867322834644
20
0.5885253543307086
11
1.6857269291338581
21
0.5891666535433071
0
LINE
8
BLACK
6
CONTINUOUS
10
1.6857269291338581
20
0.5891666535433071
11
1.6852886614173228
21
0.5893601968503936
0
LINE
8
BLACK
6
CONTINUOUS
10
1.6852886614173228
20
0.5893601968503936
11
1.6849892519685039
21
0.5896595669291338
0
LINE
8
BLACK
6
CONTINUOUS
10
1.6849892519685039
20
0.5896595669291338
11
1.6841322440944881
21
0.5902322440944882
0
LINE
8
BLACK
6
CONTINUOUS
10
1.6841322440944881
20
0.5902322440944882
11
1.6835595669291339
21
0.5910892519685039
0
LINE
8
BLACK
6
CONTINUOUS
10
1.6835595669291339
20
0.5910892519685039
11
1.6832601968503937
21
0.5913886614173228
0
LINE
8
BLACK
6
CONTINUOUS
10
1.6832601968503937
20
0.5913886614173228
11
1.683066653543307
21
0.5918269291338583
0
LINE
8
BLACK
6
CONTINUOUS
10
1.683066653543307
20
0.5918269291338583
11
1.6824253543307086
21
0.5927867322834646
0
LINE
8
BLACK
6
CONTINUOUS
10
1.6824253543307086
20
0.5927867322834646
11
1.6822470078740157
21
0.5936832283464567
0
LINE
8
BLACK
6
CONTINUOUS
10
1.6822470078740157
20
0.5936832283464567
11
1.682044842519685
21
0.5941411417322835
0
LINE
8
BLACK
6
CONTINUOUS
10
1.682044842519685
20
0.5941411417322835
11
1.6818893307086613
21
0.5954814173228347
0
LINE
8
BLACK
6
CONTINUOUS
10
1.6818893307086613
20
0.5954814173228347
11
1.6818259842519685
21
0.5958
0
LINE
8
BLACK
6
CONTINUOUS
10
1.6818259842519685
20
0.5958
11
1.6818259842519685
21
0.6942
0
LINE
8
BLACK
6
CONTINUOUS
10
1.6818259842519685
20
0.6942
11
1.6818893700787401
21
0.6945187007874015
0
LINE
8
BLACK
6
CONTINUOUS
10
1.6818893700787401
20
0.6945187007874015
11
1.682044842519685
21
0.6958588188976378
0
LINE
8
BLACK
6
CONTINUOUS
10
1.682044842519685
20
0.6958588188976378
11
1.6822470078740157
21
0.6963166929133858
0
LINE
8
BLACK
6
CONTINUOUS
10
1.6822470078740157
20
0.6963166929133858
11
1.6824253543307086
21
0.6972132677165355
0
LINE
8
BLACK
6
CONTINUOUS
10
1.6824253543307086
20
0.6972132677165355
11
1.6830666929133857
21
0.6981731102362204
0
LINE
8
BLACK
6
CONTINUOUS
10
1.6830666929133857
20
0.6981731102362204
11
1.6832601968503937
21
0.6986112992125985
0
LINE
8
BLACK
6
CONTINUOUS
10
1.6832601968503937
20
0.6986112992125985
11
1.6835594881889764
21
0.6989105905511811
0
LINE
8
BLACK
6
CONTINUOUS
10
1.6835594881889764
20
0.6989105905511811
11
1.6841322440944881
21
0.6997677559055118
0
LINE
8
BLACK
6
CONTINUOUS
10
1.6841322440944881
20
0.6997677559055118
11
1.6849893700787402
21
0.7003404724409449
0
LINE
8
BLACK
6
CONTINUOUS
10
1.6849893700787402
20
0.7003404724409449
11
1.6852886614173228
21
0.7006397637795275
0
LINE
8
BLACK
6
CONTINUOUS
10
1.6852886614173228
20
0.7006397637795275
11
1.6857267716535433
21
0.7008331889763779
0
LINE
8
BLACK
6
CONTINUOUS
10
1.6857267716535433
20
0.7008331889763779
11
1.6866867322834644
21
0.7014746456692913
0
LINE
8
BLACK
6
CONTINUOUS
10
1.6866867322834644
20
0.7014746456692913
11
1.6875833858267717
21
0.7016529921259842
0
LINE
8
BLACK
6
CONTINUOUS
10
1.6875833858267717
20
0.7016529921259842
11
1.6880411417322834
21
0.7018551181102362
0
LINE
8
BLACK
6
CONTINUOUS
10
1.6880411417322834
20
0.7018551181102362
11
1.6893809448818897
21
0.7020105511811023
0
LINE
8
BLACK
6
CONTINUOUS
10
1.6893809448818897
20
0.7020105511811023
11
1.6897
21
0.7020740157480315
0
LINE
8
BLACK
6
CONTINUOUS
10
1.6897
20
0.7020740157480315
11
1.7803
21
0.7020740157480315
0
LINE
8
BLACK
6
CONTINUOUS
10
1.7803
20
0.7020740157480315
11
1.7806191732283465
21
0.7020105118110236
0
LINE
8
BLACK
6
CONTINUOUS
10
1.3428191732283463
20
0.6478105118110236
11
1.3441588188976377
21
0.6476551181102362
0
LINE
8
BLACK
6
CONTINUOUS
10
1.3441588188976377
20
0.6476551181102362
11
1.3446164960629921
21
0.6474529921259843
0
LINE
8
BLACK
6
CONTINUOUS
10
1.3446164960629921
20
0.6474529921259843
11
1.3455132677165353
21
0.6472746456692913
0
LINE
8
BLACK
6
CONTINUOUS
10
1.3455132677165353
20
0.6472746456692913
11
1.3464732677165354
21
0.6466331496062993
0
LINE
8
BLACK
6
CONTINUOUS
10
1.3464732677165354
20
0.6466331496062993
11
1.3469112992125984
21
0.6464397637795275
0
LINE
8
BLACK
6
CONTINUOUS
10
1.3469112992125984
20
0.6464397637795275
11
1.3472104724409448
21
0.6461405511811024
0
LINE
8
BLACK
6
CONTINUOUS
10
1.3472104724409448
20
0.6461405511811024
11
1.3480677559055119
21
0.6455677559055117
0
LINE
8
BLACK
6
CONTINUOUS
10
1.3480677559055119
20
0.6455677559055117
11
1.3486405511811024
21
0.6447104724409448
0
LINE
8
BLACK
6
CONTINUOUS
10
1.3486405511811024
20
0.6447104724409448
11
1.3489397637795275
21
0.6444112992125984
0
LINE
8
BLACK
6
CONTINUOUS
10
1.3489397637795275
20
0.6444112992125984
11
1.3491331496062993
21
0.6439732677165354
0
LINE
8
BLACK
6
CONTINUOUS
10
1.3491331496062993
20
0.6439732677165354
11
1.3497746456692914
21
0.6430132677165354
0
LINE
8
BLACK
6
CONTINUOUS
10
1.3497746456692914
20
0.6430132677165354
11
1.3499529921259843
21
0.6421164960629921
0
LINE
8
BLACK
6
CONTINUOUS
10
1.3499529921259843
20
0.6421164960629921
11
1.3501551181102363
21
0.6416588188976378
0
LINE
8
BLACK
6
CONTINUOUS
10
1.3501551181102363
20
0.6416588188976378
11
1.3503105118110237
21
0.6403190944881889
0
LINE
8
BLACK
6
CONTINUOUS
10
1.3503105118110237
20
0.6403190944881889
11
1.3503740157480315
21
0.64
0
LINE
8
BLACK
6
CONTINUOUS
10
1.3503740157480315
20
0.64
11
1.3503740157480315
21
0.605
0
LINE
8
BLACK
6
CONTINUOUS
10
1.3503740157480315
20
0.605
11
1.3503105118110237
21
0.6046808661417322
0
LINE
8
BLACK
6
CONTINUOUS
10
1.3503105118110237
20
0.6046808661417322
11
1.3501551181102363
21
0.6033411417322835
0
LINE
8
BLACK
6
CONTINUOUS
10
1.3501551181102363
20
0.6033411417322835
11
1.3499529921259843
21
0.6028833858267716
0
LINE
8
BLACK
6
CONTINUOUS
10
1.3499529921259843
20
0.6028833858267716
11
1.3497746456692914
21
0.6019867322834646
0
LINE
8
BLACK
6
CONTINUOUS
10
1.3497746456692914
20
0.6019867322834646
11
1.349133188976378
21
0.6010267716535433
0
LINE
8
BLACK
6
CONTINUOUS
10
1.349133188976378
20
0.6010267716535433
11
1.3489397637795275
21
0.6005886614173228
0
LINE
8
BLACK
6
CONTINUOUS
10
1.3489397637795275
20
0.6005886614173228
11
1.3486404724409449
21
0.6002893700787402
0
LINE
8
BLACK
6
CONTINUOUS
10
1.3486404724409449
20
0.6002893700787402
11
1.3480677559055119
21
0.5994322440944881
0
LINE
8
BLACK
6
CONTINUOUS
10
1.3480677559055119
20
0.5994322440944881
11
1.3472105905511811
21
0.5988594881889764
0
LINE
8
BLACK
6
CONTINUOUS
10
1.3472105905511811
20
0.5988594881889764
11
1.3469112992125984
21
0.5985601968503936
0
LINE
8
BLACK
6
CONTINUOUS
10
1.3469112992125984
20
0.5985601968503936
11
1.3464731102362204
21
0.5983666929133858
0
LINE
8
BLACK
6
CONTINUOUS
10
1.3464731102362204
20
0.5983666929133858
11
1.3455132677165353
21
0.5977253543307086
0
LINE
8
BLACK
6
CONTINUOUS
10
1.3455132677165353
20
0.5977253543307086
11
1.3446166929133858
21
0.5975470078740157
0
LINE
8
BLACK
6
CONTINUOUS
10
1.3446166929133858
20
0.5975470078740157
11
1.3441588188976377
21
0.597344842519685
0
LINE
8
BLACK
6
CONTINUOUS
10
1.3441588188976377
20
0.597344842519685
11
1.342818622047244
21
0.5971893307086614
0
LINE
8
BLACK
6
CONTINUOUS
10
1.342818622047244
20
0.5971893307086614
11
1.3425
21
0.5971259842519685
0
LINE
8
BLACK
6
CONTINUOUS
10
1.3425
20
0.5971259842519685
11
1.3422723228346456
21
0.5971259842519685
0
LINE
8
BLACK
6
CONTINUOUS
10
1.3422723228346456
20
0.5971259842519685
11
1.2877277165354331
21
0.5971259842519685
0
LINE
8
BLACK
6
CONTINUOUS
10
1.2877277165354331
20
0.5971259842519685
11
1.2874999999999999
21
0.5971259842519685
0
LINE
8
BLACK
6
CONTINUOUS
10
1.2874999999999999
20
0.5971259842519685
11
1.2871813385826771
21
0.5971893307086614
0
LINE
8
BLACK
6
CONTINUOUS
10
1.2871813385826771
20
0.5971893307086614
11
1.2858411417322835
21
0.597344842519685
0
LINE
8
BLACK
6
CONTINUOUS
10
1.2858411417322835
20
0.597344842519685
11
1.2853832283464566
21
0.5975470078740157
0
LINE
8
BLACK
6
CONTINUOUS
10
1.2853832283464566
20
0.5975470078740157
11
1.2844867322834645
21
0.5977253543307086
0
LINE
8
BLACK
6
CONTINUOUS
10
1.2844867322834645
20
0.5977253543307086
11
1.2835269291338582
21
0.5983666535433071
0
LINE
8
BLACK
6
CONTINUOUS
10
1.2835269291338582
20
0.5983666535433071
11
1.2830886614173227
21
0.5985601968503936
0
LINE
8
BLACK
6
CONTINUOUS
10
1.2830886614173227
20
0.5985601968503936
11
1.282789251968504
21
0.5988595669291339
0
LINE
8
BLACK
6
CONTINUOUS
10
1.282789251968504
20
0.5988595669291339
11
1.2819322440944882
21
0.5994322440944881
0
LINE
8
BLACK
6
CONTINUOUS
10
1.2819322440944882
20
0.5994322440944881
11
1.2813595669291338
21
0.6002892519685039
0
LINE
8
BLACK
6
CONTINUOUS
10
1.2813595669291338
20
0.6002892519685039
11
1.2810601968503936
21
0.6005886614173228
0
LINE
8
BLACK
6
CONTINUOUS
10
1.2810601968503936
20
0.6005886614173228
11
1.2808666535433071
21
0.6010269291338582
0
LINE
8
BLACK
6
CONTINUOUS
10
1.2808666535433071
20
0.6010269291338582
11
1.2802253543307087
21
0.6019867322834646
0
LINE
8
BLACK
6
CONTINUOUS
10
1.2802253543307087
20
0.6019867322834646
11
1.2800470078740158
21
0.6028832283464567
0
LINE
8
BLACK
6
CONTINUOUS
10
1.2800470078740158
20
0.6028832283464567
11
1.2798448425196851
21
0.6033411417322835
0
LINE
8
BLACK
6
CONTINUOUS
10
1.2798448425196851
20
0.6033411417322835
11
1.2796893307086614
21
0.6046814173228346
0
LINE
8
BLACK
6
CONTINUOUS
10
1.2796893307086614
20
0.6046814173228346
11
1.2796259842519684
21
0.605
0
LINE
8
BLACK
6
CONTINUOUS
10
1.2796259842519684
20
0.605
11
1.2796259842519684
21
0.64
0
LINE
8
BLACK
6
CONTINUOUS
10
1.2796259842519684
20
0.64
11
1.2796893700787402
21
0.6403187007874016
0
LINE
8
BLACK
6
CONTINUOUS
10
1.2796893700787402
20
0.6403187007874016
11
1.2798448425196851
21
0.6416588188976378
0
LINE
8
BLACK
6
CONTINUOUS
10
1.2798448425196851
20
0.6416588188976378
11
1.2800470078740158
21
0.6421166929133858
0
LINE
8
BLACK
6
CONTINUOUS
10
1.2800470078740158
20
0.6421166929133858
11
1.2802253543307087
21
0.6430132677165354
0
LINE
8
BLACK
6
CONTINUOUS
10
1.2802253543307087
20
0.6430132677165354
11
1.2808666929133858
21
0.6439731102362205
0
LINE
8
BLACK
6
CONTINUOUS
10
1.2808666929133858
20
0.6439731102362205
11
1.2810601968503936
21
0.6444112992125984
0
LINE
8
BLACK
6
CONTINUOUS
10
1.2810601968503936
20
0.6444112992125984
11
1.2813594881889763
21
0.6447105905511811
0
LINE
8
BLACK
6
CONTINUOUS
10
1.2813594881889763
20
0.6447105905511811
11
1.2819322440944882
21
0.6455677559055117
0
LINE
8
BLACK
6
CONTINUOUS
10
1.2819322440944882
20
0.6455677559055117
11
1.2827893700787401
21
0.6461404724409449
0
LINE
8
BLACK
6
CONTINUOUS
10
1.2827893700787401
20
0.6461404724409449
11
1.2830886614173227
21
0.6464397637795275
0
LINE
8
BLACK
6
CONTINUOUS
10
1.2830886614173227
20
0.6464397637795275
11
1.2835267716535432
21
0.6466331889763779
0
LINE
8
BLACK
6
CONTINUOUS
10
1.2835267716535432
20
0.6466331889763779
11
1.2844867322834645
21
0.6472746456692913
0
LINE
8
BLACK
6
CONTINUOUS
10
1.2844867322834645
20
0.6472746456692913
11
1.2853833858267716
21
0.6474529921259843
0
LINE
8
BLACK
6
CONTINUOUS
10
1.2853833858267716
20
0.6474529921259843
11
1.2858411417322835
21
0.6476551181102362
0
LINE
8
BLACK
6
CONTINUOUS
10
1.2858411417322835
20
0.6476551181102362
11
1.2871809448818898
21
0.6478105511811023
0
LINE
8
BLACK
6
CONTINUOUS
10
1.2871809448818898
20
0.6478105511811023
11
1.2874999999999999
21
0.6478740157480315
0
LINE
8
BLACK
6
CONTINUOUS
10
1.2874999999999999
20
0.6478740157480315
11
1.3425
21
0.6478740157480315
0
LINE
8
BLACK
6
CONTINUOUS
10
1.3425
20
0.6478740157480315
11
1.3428191732283463
21
0.6478105118110236
0
LINE
8
BLACK
6
CONTINUOUS
10
1.0699191732283464
20
0.7081105118110236
11
1.0712588188976377
21
0.7079551181102363
0
LINE
8
BLACK
6
CONTINUOUS
10
1.0712588188976377
20
0.7079551181102363
11
1.0717164960629921
21
0.7077529921259842
0
LINE
8
BLACK
6
CONTINUOUS
10
1.0717164960629921
20
0.7077529921259842
11
1.0726132677165354
21
0.7075746456692913
0
LINE
8
BLACK
6
CONTINUOUS
10
1.0726132677165354
20
0.7075746456692913
11
1.0735732677165355
21
0.7069331496062992
0
LINE
8
BLACK
6
CONTINUOUS
10
1.0735732677165355
20
0.7069331496062992
11
1.0740112992125983
21
0.7067397637795275
0
LINE
8
BLACK
6
CONTINUOUS
10
1.0740112992125983
20
0.7067397637795275
11
1.0743104724409449
21
0.7064405511811024
0
LINE
8
BLACK
6
CONTINUOUS
10
1.0743104724409449
20
0.7064405511811024
11
1.0751677559055117
21
0.7058677559055118
0
LINE
8
BLACK
6
CONTINUOUS
10
1.0751677559055117
20
0.7058677559055118
11
1.0757405511811022
21
0.7050104724409448
0
LINE
8
BLACK
6
CONTINUOUS
10
1.0757405511811022
20
0.7050104724409448
11
1.0760397637795276
21
0.7047112992125985
0
LINE
8
BLACK
6
CONTINUOUS
10
1.0760397637795276
20
0.7047112992125985
11
1.0762331496062991
21
0.7042732677165354
0
LINE
8
BLACK
6
CONTINUOUS
10
1.0762331496062991
20
0.7042732677165354
11
1.0768746456692913
21
0.7033132677165355
0
LINE
8
BLACK
6
CONTINUOUS
10
1.0768746456692913
20
0.7033132677165355
11
1.0770529921259842
21
0.7024164960629921
0
LINE
8
BLACK
6
CONTINUOUS
10
1.0770529921259842
20
0.7024164960629921
11
1.0772551181102361
21
0.7019588188976378
0
LINE
8
BLACK
6
CONTINUOUS
10
1.0772551181102361
20
0.7019588188976378
11
1.0774105118110235
21
0.7006190944881889
0
LINE
8
BLACK
6
CONTINUOUS
10
1.0774105118110235
20
0.7006190944881889
11
1.0774740157480314
21
0.7003
0
LINE
8
BLACK
6
CONTINUOUS
10
1.0774740157480314
20
0.7003
11
1.0774740157480314
21
0.6097
0
LINE
8
BLACK
6
CONTINUOUS
10
1.0774740157480314
20
0.6097
11
1.0774105118110235
21
0.6093808661417323
0
LINE
8
BLACK
6
CONTINUOUS
10
1.0774105118110235
20
0.6093808661417323
11
1.0772551181102361
21
0.6080411417322834
0
LINE
8
BLACK
6
CONTINUOUS
10
1.0772551181102361
20
0.6080411417322834
11
1.0770529921259842
21
0.6075833858267716
0
LINE
8
BLACK
6
CONTINUOUS
10
1.0770529921259842
20
0.6075833858267716
11
1.0768746456692913
21
0.6066867322834646
0
LINE
8
BLACK
6
CONTINUOUS
10
1.0768746456692913
20
0.6066867322834646
11
1.0762331889763779
21
0.6057267716535433
0
LINE
8
BLACK
6
CONTINUOUS
10
1.0762331889763779
20
0.6057267716535433
11
1.0760397637795276
21
0.6052886614173228
0
LINE
8
BLACK
6
CONTINUOUS
10
1.0760397637795276
20
0.6052886614173228
11
1.075740472440945
21
0.6049893700787401
0
LINE
8
BLACK
6
CONTINUOUS
10
1.075740472440945
20
0.6049893700787401
11
1.0751677559055117
21
0.6041322440944882
0
LINE
8
BLACK
6
CONTINUOUS
10
1.0751677559055117
20
0.6041322440944882
11
1.0743105905511812
21
0.6035594881889763
0
LINE
8
BLACK
6
CONTINUOUS
10
1.0743105905511812
20
0.6035594881889763
11
1.0740112992125983
21
0.6032601968503937
0
LINE
8
BLACK
6
CONTINUOUS
10
1.0740112992125983
20
0.6032601968503937
11
1.0735731102362205
21
0.6030666929133858
0
LINE
8
BLACK
6
CONTINUOUS
10
1.0735731102362205
20
0.6030666929133858
11
1.0726132677165354
21
0.6024253543307087
0
LINE
8
BLACK
6
CONTINUOUS
10
1.0726132677165354
20
0.6024253543307087
11
1.0717166929133859
21
0.6022470078740157
0
LINE
8
BLACK
6
CONTINUOUS
10
1.0717166929133859
20
0.6022470078740157
11
1.0712588188976377
21
0.602044842519685
0
LINE
8
BLACK
6
CONTINUOUS
10
1.0712588188976377
20
0.602044842519685
11
1.0699186220472441
21
0.6018893307086614
0
LINE
8
BLACK
6
CONTINUOUS
10
1.0699186220472441
20
0.6018893307086614
11
1.0695999999999999
21
0.6018259842519685
0
LINE
8
BLACK
6
CONTINUOUS
10
1.0695999999999999
20
0.6018259842519685
11
1.0693723228346457
21
0.6018259842519685
0
LINE
8
BLACK
6
CONTINUOUS
10
1.0693723228346457
20
0.6018259842519685
11
0.971427716535433
21
0.6018259842519685
0
LINE
8
BLACK
6
CONTINUOUS
10
0.971427716535433
20
0.6018259842519685
11
0.9712
21
0.6018259842519685
0
LINE
8
BLACK
6
CONTINUOUS
10
0.9712
20
0.6018259842519685
11
0.9708813385826771
21
0.6018893307086614
0
LINE
8
BLACK
6
CONTINUOUS
10
0.9708813385826771
20
0.6018893307086614
11
0.9695411417322835
21
0.602044842519685
0
LINE
8
BLACK
6
CONTINUOUS
10
0.9695411417322835
20
0.602044842519685
11
0.9690832283464567
21
0.6022470078740157
0
LINE
8
BLACK
6
CONTINUOUS
10
0.9690832283464567
20
0.6022470078740157
11
0.9681867322834645
21
0.6024253543307087
0
LINE
8
BLACK
6
CONTINUOUS
10
0.9681867322834645
20
0.6024253543307087
11
0.9672269291338582
21
0.603066653543307
0
LINE
8
BLACK
6
CONTINUOUS
10
0.9672269291338582
20
0.603066653543307
11
0.9667886614173228
21
0.6032601968503937
0
LINE
8
BLACK
6
CONTINUOUS
10
0.9667886614173228
20
0.6032601968503937
11
0.9664892519685039
21
0.6035595669291338
0
LINE
8
BLACK
6
CONTINUOUS
10
0.9664892519685039
20
0.6035595669291338
11
0.9656322440944881
21
0.6041322440944882
0
LINE
8
BLACK
6
CONTINUOUS
10
0.9656322440944881
20
0.6041322440944882
11
0.9650595669291339
21
0.6049892519685039
0
LINE
8
BLACK
6
CONTINUOUS
10
0.9650595669291339
20
0.6049892519685039
11
0.9647601968503937
21
0.6052886614173228
0
LINE
8
BLACK
6
CONTINUOUS
10
0.9647601968503937
20
0.6052886614173228
11
0.9645666535433071
21
0.6057269291338583
0
LINE
8
BLACK
6
CONTINUOUS
10
0.9645666535433071
20
0.6057269291338583
11
0.9639253543307087
21
0.6066867322834646
0
LINE
8
BLACK
6
CONTINUOUS
10
0.9639253543307087
20
0.6066867322834646
11
0.9637470078740157
21
0.6075832283464567
0
LINE
8
BLACK
6
CONTINUOUS
10
0.9637470078740157
20
0.6075832283464567
11
0.963544842519685
21
0.6080411417322834
0
LINE
8
BLACK
6
CONTINUOUS
10
0.963544842519685
20
0.6080411417322834
11
0.9633893307086614
21
0.6093814173228347
0
LINE
8
BLACK
6
CONTINUOUS
10
0.9633893307086614
20
0.6093814173228347
11
0.9633259842519685
21
0.6097
0
LINE
8
BLACK
6
CONTINUOUS
10
0.9633259842519685
20
0.6097
11
0.9633259842519685
21
0.7003
0
LINE
8
BLACK
6
CONTINUOUS
10
0.9633259842519685
20
0.7003
11
0.9633893700787401
21
0.7006187007874015
0
LINE
8
BLACK
6
CONTINUOUS
10
0.9633893700787401
20
0.7006187007874015
11
0.963544842519685
21
0.7019588188976378
0
LINE
8
BLACK
6
CONTINUOUS
10
0.963544842519685
20
0.7019588188976378
11
0.9637470078740157
21
0.7024166929133858
0
LINE
8
BLACK
6
CONTINUOUS
10
0.9637470078740157
20
0.7024166929133858
11
0.9639253543307087
21
0.7033132677165355
0
LINE
8
BLACK
6
CONTINUOUS
10
0.9639253543307087
20
0.7033132677165355
11
0.9645666929133858
21
0.7042731102362204
0
LINE
8
BLACK
6
CONTINUOUS
10
0.9645666929133858
20
0.7042731102362204
11
0.9647601968503937
21
0.7047112992125985
0
LINE
8
BLACK
6
CONTINUOUS
10
0.9647601968503937
20
0.7047112992125985
11
0.9650594881889764
21
0.7050105905511811
0
LINE
8
BLACK
6
CONTINUOUS
10
0.9650594881889764
20
0.7050105905511811
11
0.9656322440944881
21
0.7058677559055118
0
LINE
8
BLACK
6
CONTINUOUS
10
0.9656322440944881
20
0.7058677559055118
11
0.9664893700787401
21
0.7064404724409449
0
LINE
8
BLACK
6
CONTINUOUS
10
0.9664893700787401
20
0.7064404724409449
11
0.9667886614173228
21
0.7067397637795275
0
LINE
8
BLACK
6
CONTINUOUS
10
0.9667886614173228
20
0.7067397637795275
11
0.9672267716535433
21
0.7069331889763779
0
LINE
8
BLACK
6
CONTINUOUS
10
0.9672267716535433
20
0.7069331889763779
11
0.9681867322834645
21
0.7075746456692913
0
LINE
8
BLACK
6
CONTINUOUS
10
0.9681867322834645
20
0.7075746456692913
11
0.9690833858267717
21
0.7077529921259842
0
LINE
8
BLACK
6
CONTINUOUS
10
0.9690833858267717
20
0.7077529921259842
11
0.9695411417322835
21
0.7079551181102363
0
LINE
8
BLACK
6
CONTINUOUS
10
0.9695411417322835
20
0.7079551181102363
11
0.9708809448818897
21
0.7081105511811023
0
LINE
8
BLACK
6
CONTINUOUS
10
0.9708809448818897
20
0.7081105511811023
11
0.9712
21
0.7081740157480315
0
LINE
8
BLACK
6
CONTINUOUS
10
0.9712
20
0.7081740157480315
11
1.0695999999999999
21
0.7081740157480315
0
LINE
8
BLACK
6
CONTINUOUS
10
1.0695999999999999
20
0.7081740157480315
11
1.0699191732283464
21
0.7081105118110236
0
LINE
8
BLACK
6
CONTINUOUS
10
1.2391191732283464
20
0.7081105118110236
11
1.2404588188976378
21
0.7079551181102363
0
LINE
8
BLACK
6
CONTINUOUS
10
1.2404588188976378
20
0.7079551181102363
11
1.2409164960629921
21
0.7077529921259842
0
LINE
8
BLACK
6
CONTINUOUS
10
1.2409164960629921
20
0.7077529921259842
11
1.2418132677165354
21
0.7075746456692913
0
LINE
8
BLACK
6
CONTINUOUS
10
1.2418132677165354
20
0.7075746456692913
11
1.2427732677165355
21
0.7069331496062992
0
LINE
8
BLACK
6
CONTINUOUS
10
1.2427732677165355
20
0.7069331496062992
11
1.2432112992125983
21
0.7067397637795275
0
LINE
8
BLACK
6
CONTINUOUS
10
1.2432112992125983
20
0.7067397637795275
11
1.2435104724409449
21
0.7064405511811024
0
LINE
8
BLACK
6
CONTINUOUS
10
1.2435104724409449
20
0.7064405511811024
11
1.2443677559055117
21
0.7058677559055118
0
LINE
8
BLACK
6
CONTINUOUS
10
1.2443677559055117
20
0.7058677559055118
11
1.2449405511811023
21
0.7050104724409448
0
LINE
8
BLACK
6
CONTINUOUS
10
1.2449405511811023
20
0.7050104724409448
11
1.2452397637795276
21
0.7047112992125985
0
LINE
8
BLACK
6
CONTINUOUS
10
1.2452397637795276
20
0.7047112992125985
11
1.2454331496062991
21
0.7042732677165354
0
LINE
8
BLACK
6
CONTINUOUS
10
1.2454331496062991
20
0.7042732677165354
11
1.2460746456692913
21
0.7033132677165355
0
LINE
8
BLACK
6
CONTINUOUS
10
1.2460746456692913
20
0.7033132677165355
11
1.2462529921259842
21
0.7024164960629921
0
LINE
8
BLACK
6
CONTINUOUS
10
1.2462529921259842
20
0.7024164960629921
11
1.2464551181102361
21
0.7019588188976378
0
LINE
8
BLACK
6
CONTINUOUS
10
1.2464551181102361
20
0.7019588188976378
11
1.2466105118110236
21
0.7006190944881889
0
LINE
8
BLACK
6
CONTINUOUS
10
1.2466105118110236
20
0.7006190944881889
11
1.2466740157480314
21
0.7003
0
LINE
8
BLACK
6
CONTINUOUS
10
1.2466740157480314
20
0.7003
11
1.2466740157480314
21
0.6097
0
LINE
8
BLACK
6
CONTINUOUS
10
1.2466740157480314
20
0.6097
11
1.2466105118110236
21
0.6093808661417323
0
LINE
8
BLACK
6
CONTINUOUS
10
1.2466105118110236
20
0.6093808661417323
11
1.2464551181102361
21
0.6080411417322834
0
LINE
8
BLACK
6
CONTINUOUS
10
1.2464551181102361
20
0.6080411417322834
11
1.2462529921259842
21
0.6075833858267716
0
LINE
8
BLACK
6
CONTINUOUS
10
1.2462529921259842
20
0.6075833858267716
11
1.2460746456692913
21
0.6066867322834646
0
LINE
8
BLACK
6
CONTINUOUS
10
1.2460746456692913
20
0.6066867322834646
11
1.2454331889763779
21
0.6057267716535433
0
LINE
8
BLACK
6
CONTINUOUS
10
1.2454331889763779
20
0.6057267716535433
11
1.2452397637795276
21
0.6052886614173228
0
LINE
8
BLACK
6
CONTINUOUS
10
1.2452397637795276
20
0.6052886614173228
11
1.2449404724409447
21
0.6049893700787401
0
LINE
8
BLACK
6
CONTINUOUS
10
1.2449404724409447
20
0.6049893700787401
11
1.2443677559055117
21
0.6041322440944882
0
LINE
8
BLACK
6
CONTINUOUS
10
1.2443677559055117
20
0.6041322440944882
11
1.2435105905511812
21
0.6035594881889763
0
LINE
8
BLACK
6
CONTINUOUS
10
1.2435105905511812
20
0.6035594881889763
11
1.2432112992125983
21
0.6032601968503937
0
LINE
8
BLACK
6
CONTINUOUS
10
1.2432112992125983
20
0.6032601968503937
11
1.2427731102362205
21
0.6030666929133858
0
LINE
8
BLACK
6
CONTINUOUS
10
1.2427731102362205
20
0.6030666929133858
11
1.2418132677165354
21
0.6024253543307087
0
LINE
8
BLACK
6
CONTINUOUS
10
1.2418132677165354
20
0.6024253543307087
11
1.2409166929133857
21
0.6022470078740157
0
LINE
8
BLACK
6
CONTINUOUS
10
1.2409166929133857
20
0.6022470078740157
11
1.2404588188976378
21
0.602044842519685
0
LINE
8
BLACK
6
CONTINUOUS
10
1.2404588188976378
20
0.602044842519685
11
1.2391186220472441
21
0.6018893307086614
0
LINE
8
BLACK
6
CONTINUOUS
10
1.2391186220472441
20
0.6018893307086614
11
1.2387999999999999
21
0.6018259842519685
0
LINE
8
BLACK
6
CONTINUOUS
10
1.2387999999999999
20
0.6018259842519685
11
1.2385723228346457
21
0.6018259842519685
0
LINE
8
BLACK
6
CONTINUOUS
10
1.2385723228346457
20
0.6018259842519685
11
1.140627716535433
21
0.6018259842519685
0
LINE
8
BLACK
6
CONTINUOUS
10
1.140627716535433
20
0.6018259842519685
11
1.1404000000000001
21
0.6018259842519685
0
LINE
8
BLACK
6
CONTINUOUS
10
1.1404000000000001
20
0.6018259842519685
11
1.1400813385826771
21
0.6018893307086614
0
LINE
8
BLACK
6
CONTINUOUS
10
1.1400813385826771
20
0.6018893307086614
11
1.1387411417322835
21
0.602044842519685
0
LINE
8
BLACK
6
CONTINUOUS
10
1.1387411417322835
20
0.602044842519685
11
1.1382832283464566
21
0.6022470078740157
0
LINE
8
BLACK
6
CONTINUOUS
10
1.1382832283464566
20
0.6022470078740157
11
1.1373867322834645
21
0.6024253543307087
0
LINE
8
BLACK
6
CONTINUOUS
10
1.1373867322834645
20
0.6024253543307087
11
1.1364269291338582
21
0.603066653543307
0
LINE
8
BLACK
6
CONTINUOUS
10
1.1364269291338582
20
0.603066653543307
11
1.1359886614173229
21
0.6032601968503937
0
LINE
8
BLACK
6
CONTINUOUS
10
1.1359886614173229
20
0.6032601968503937
11
1.135689251968504
21
0.6035595669291338
0
LINE
8
BLACK
6
CONTINUOUS
10
1.135689251968504
20
0.6035595669291338
11
1.1348322440944882
21
0.6041322440944882
0
LINE
8
BLACK
6
CONTINUOUS
10
1.1348322440944882
20
0.6041322440944882
11
1.1342595669291338
21
0.6049892519685039
0
LINE
8
BLACK
6
CONTINUOUS
10
1.1342595669291338
20
0.6049892519685039
11
1.1339601968503936
21
0.6052886614173228
0
LINE
8
BLACK
6
CONTINUOUS
10
1.1339601968503936
20
0.6052886614173228
11
1.1337666535433071
21
0.6057269291338583
0
LINE
8
BLACK
6
CONTINUOUS
10
1.1337666535433071
20
0.6057269291338583
11
1.1331253543307087
21
0.6066867322834646
0
LINE
8
BLACK
6
CONTINUOUS
10
1.1331253543307087
20
0.6066867322834646
11
1.1329470078740158
21
0.6075832283464567
0
LINE
8
BLACK
6
CONTINUOUS
10
1.1329470078740158
20
0.6075832283464567
11
1.1327448425196851
21
0.6080411417322834
0
LINE
8
BLACK
6
CONTINUOUS
10
1.1327448425196851
20
0.6080411417322834
11
1.1325893307086614
21
0.6093814173228347
0
LINE
8
BLACK
6
CONTINUOUS
10
1.1325893307086614
20
0.6093814173228347
11
1.1325259842519684
21
0.6097
0
LINE
8
BLACK
6
CONTINUOUS
10
1.1325259842519684
20
0.6097
11
1.1325259842519684
21
0.7003
0
LINE
8
BLACK
6
CONTINUOUS
10
1.1325259842519684
20
0.7003
11
1.1325893700787402
21
0.7006187007874015
0
LINE
8
BLACK
6
CONTINUOUS
10
1.1325893700787402
20
0.7006187007874015
11
1.1327448425196851
21
0.7019588188976378
0
LINE
8
BLACK
6
CONTINUOUS
10
1.1327448425196851
20
0.7019588188976378
11
1.1329470078740158
21
0.7024166929133858
0
LINE
8
BLACK
6
CONTINUOUS
10
1.1329470078740158
20
0.7024166929133858
11
1.1331253543307087
21
0.7033132677165355
0
LINE
8
BLACK
6
CONTINUOUS
10
1.1331253543307087
20
0.7033132677165355
11
1.1337666929133858
21
0.7042731102362204
0
LINE
8
BLACK
6
CONTINUOUS
10
1.1337666929133858
20
0.7042731102362204
11
1.1339601968503936
21
0.7047112992125985
0
LINE
8
BLACK
6
CONTINUOUS
10
1.1339601968503936
20
0.7047112992125985
11
1.1342594881889763
21
0.7050105905511811
0
LINE
8
BLACK
6
CONTINUOUS
10
1.1342594881889763
20
0.7050105905511811
11
1.1348322440944882
21
0.7058677559055118
0
LINE
8
BLACK
6
CONTINUOUS
10
1.1348322440944882
20
0.7058677559055118
11
1.13568937007874
21
0.7064404724409449
0
LINE
8
BLACK
6
CONTINUOUS
10
1.13568937007874
20
0.7064404724409449
11
1.1359886614173229
21
0.7067397637795275
0
LINE
8
BLACK
6
CONTINUOUS
10
1.1359886614173229
20
0.7067397637795275
11
1.1364267716535432
21
0.7069331889763779
0
LINE
8
BLACK
6
CONTINUOUS
10
1.1364267716535432
20
0.7069331889763779
11
1.1373867322834645
21
0.7075746456692913
0
LINE
8
BLACK
6
CONTINUOUS
10
1.1373867322834645
20
0.7075746456692913
11
1.1382833858267716
21
0.7077529921259842
0
LINE
8
BLACK
6
CONTINUOUS
10
1.1382833858267716
20
0.7077529921259842
11
1.1387411417322835
21
0.7079551181102363
0
LINE
8
BLACK
6
CONTINUOUS
10
1.1387411417322835
20
0.7079551181102363
11
1.1400809448818898
21
0.7081105511811023
0
LINE
8
BLACK
6
CONTINUOUS
10
1.1400809448818898
20
0.7081105511811023
11
1.1404000000000001
21
0.7081740157480315
0
LINE
8
BLACK
6
CONTINUOUS
10
1.1404000000000001
20
0.7081740157480315
11
1.2387999999999999
21
0.7081740157480315
0
LINE
8
BLACK
6
CONTINUOUS
10
1.2387999999999999
20
0.7081740157480315
11
1.2391191732283464
21
0.7081105118110236
0
LINE
8
BLACK
6
CONTINUOUS
10
0.7211191732283464
20
0.7270105118110236
11
0.7224588188976377
21
0.7268551181102362
0
LINE
8
BLACK
6
CONTINUOUS
10
0.7224588188976377
20
0.7268551181102362
11
0.7229164960629921
21
0.7266529921259842
0
LINE
8
BLACK
6
CONTINUOUS
10
0.7229164960629921
20
0.7266529921259842
11
0.7238132677165354
21
0.7264746456692913
0
LINE
8
BLACK
6
CONTINUOUS
10
0.7238132677165354
20
0.7264746456692913
11
0.7247732677165354
21
0.7258331496062992
0
LINE
8
BLACK
6
CONTINUOUS
10
0.7247732677165354
20
0.7258331496062992
11
0.7252112992125984
21
0.7256397637795275
0
LINE
8
BLACK
6
CONTINUOUS
10
0.7252112992125984
20
0.7256397637795275
11
0.7255104724409449
21
0.7253405511811023
0
LINE
8
BLACK
6
CONTINUOUS
10
0.7255104724409449
20
0.7253405511811023
11
0.7263677559055118
21
0.7247677559055118
0
LINE
8
BLACK
6
CONTINUOUS
10
0.7263677559055118
20
0.7247677559055118
11
0.7269405511811023
21
0.7239104724409449
0
LINE
8
BLACK
6
CONTINUOUS
10
0.7269405511811023
20
0.7239104724409449
11
0.7272397637795276
21
0.7236112992125984
0
LINE
8
BLACK
6
CONTINUOUS
10
0.7272397637795276
20
0.7236112992125984
11
0.7274331496062992
21
0.7231732677165355
0
LINE
8
BLACK
6
CONTINUOUS
10
0.7274331496062992
20
0.7231732677165355
11
0.7280746456692914
21
0.7222132677165354
0
LINE
8
BLACK
6
CONTINUOUS
10
0.7280746456692914
20
0.7222132677165354
11
0.7282529921259843
21
0.7213164960629921
0
LINE
8
BLACK
6
CONTINUOUS
10
0.7282529921259843
20
0.7213164960629921
11
0.7284551181102362
21
0.7208588188976378
0
LINE
8
BLACK
6
CONTINUOUS
10
0.7284551181102362
20
0.7208588188976378
11
0.7286105118110237
21
0.719519094488189
0
LINE
8
BLACK
6
CONTINUOUS
10
0.7286105118110237
20
0.719519094488189
11
0.7286740157480315
21
0.7192
0
LINE
8
BLACK
6
CONTINUOUS
10
0.7286740157480315
20
0.7192
11
0.7286740157480315
21
0.6208
0
LINE
8
BLACK
6
CONTINUOUS
10
0.7286740157480315
20
0.6208
11
0.7286105118110237
21
0.6204808661417323
0
LINE
8
BLACK
6
CONTINUOUS
10
0.7286105118110237
20
0.6204808661417323
11
0.7284551181102362
21
0.6191411417322834
0
LINE
8
BLACK
6
CONTINUOUS
10
0.7284551181102362
20
0.6191411417322834
11
0.7282529921259843
21
0.6186833858267716
0
LINE
8
BLACK
6
CONTINUOUS
10
0.7282529921259843
20
0.6186833858267716
11
0.7280746456692914
21
0.6177867322834646
0
LINE
8
BLACK
6
CONTINUOUS
10
0.7280746456692914
20
0.6177867322834646
11
0.727433188976378
21
0.6168267716535433
0
LINE
8
BLACK
6
CONTINUOUS
10
0.727433188976378
20
0.6168267716535433
11
0.7272397637795276
21
0.6163886614173228
0
LINE
8
BLACK
6
CONTINUOUS
10
0.7272397637795276
20
0.6163886614173228
11
0.7269404724409448
21
0.6160893700787401
0
LINE
8
BLACK
6
CONTINUOUS
10
0.7269404724409448
20
0.6160893700787401
11
0.7263677559055118
21
0.6152322440944882
0
LINE
8
BLACK
6
CONTINUOUS
10
0.7263677559055118
20
0.6152322440944882
11
0.7255105905511811
21
0.6146594881889763
0
LINE
8
BLACK
6
CONTINUOUS
10
0.7255105905511811
20
0.6146594881889763
11
0.7252112992125984
21
0.6143601968503937
0
LINE
8
BLACK
6
CONTINUOUS
10
0.7252112992125984
20
0.6143601968503937
11
0.7247731102362205
21
0.6141666929133858
0
LINE
8
BLACK
6
CONTINUOUS
10
0.7247731102362205
20
0.6141666929133858
11
0.7238132677165354
21
0.6135253543307086
0
LINE
8
BLACK
6
CONTINUOUS
10
0.7238132677165354
20
0.6135253543307086
11
0.7229166929133858
21
0.6133470078740157
0
LINE
8
BLACK
6
CONTINUOUS
10
0.7229166929133858
20
0.6133470078740157
11
0.7224588188976377
21
0.613144842519685
0
LINE
8
BLACK
6
CONTINUOUS
10
0.7224588188976377
20
0.613144842519685
11
0.7211186220472441
21
0.6129893307086614
0
LINE
8
BLACK
6
CONTINUOUS
10
0.7211186220472441
20
0.6129893307086614
11
0.7208
21
0.6129259842519685
0
LINE
8
BLACK
6
CONTINUOUS
10
0.7208
20
0.6129259842519685
11
0.7205723228346457
21
0.6129259842519685
0
LINE
8
BLACK
6
CONTINUOUS
10
0.7205723228346457
20
0.6129259842519685
11
0.620627716535433
21
0.6129259842519685
0
LINE
8
BLACK
6
CONTINUOUS
10
0.620627716535433
20
0.6129259842519685
11
0.6204
21
0.6129259842519685
0
LINE
8
BLACK
6
CONTINUOUS
10
0.6204
20
0.6129259842519685
11
0.6200813385826771
21
0.6129893307086614
0
LINE
8
BLACK
6
CONTINUOUS
10
0.6200813385826771
20
0.6129893307086614
11
0.6187411417322835
21
0.613144842519685
0
LINE
8
BLACK
6
CONTINUOUS
10
0.6187411417322835
20
0.613144842519685
11
0.6182832283464567
21
0.6133470078740157
0
LINE
8
BLACK
6
CONTINUOUS
10
0.6182832283464567
20
0.6133470078740157
11
0.6173867322834645
21
0.6135253543307086
0
LINE
8
BLACK
6
CONTINUOUS
10
0.6173867322834645
20
0.6135253543307086
11
0.6164269291338582
21
0.614166653543307
0
LINE
8
BLACK
6
CONTINUOUS
10
0.6164269291338582
20
0.614166653543307
11
0.6159886614173228
21
0.6143601968503937
0
LINE
8
BLACK
6
CONTINUOUS
10
0.6159886614173228
20
0.6143601968503937
11
0.6156892519685039
21
0.6146595669291338
0
LINE
8
BLACK
6
CONTINUOUS
10
0.6156892519685039
20
0.6146595669291338
11
0.6148322440944882
21
0.6152322440944882
0
LINE
8
BLACK
6
CONTINUOUS
10
0.6148322440944882
20
0.6152322440944882
11
0.6142595669291339
21
0.6160892519685039
0
LINE
8
BLACK
6
CONTINUOUS
10
0.6142595669291339
20
0.6160892519685039
11
0.6139601968503937
21
0.6163886614173228
0
LINE
8
BLACK
6
CONTINUOUS
10
0.6139601968503937
20
0.6163886614173228
11
0.6137666535433071
21
0.6168269291338583
0
LINE
8
BLACK
6
CONTINUOUS
10
0.6137666535433071
20
0.6168269291338583
11
0.6131253543307087
21
0.6177867322834646
0
LINE
8
BLACK
6
CONTINUOUS
10
0.6131253543307087
20
0.6177867322834646
11
0.6129470078740157
21
0.6186832283464567
0
LINE
8
BLACK
6
CONTINUOUS
10
0.6129470078740157
20
0.6186832283464567
11
0.612744842519685
21
0.6191411417322834
0
LINE
8
BLACK
6
CONTINUOUS
10
0.612744842519685
20
0.6191411417322834
11
0.6125893307086614
21
0.6204814173228347
0
LINE
8
BLACK
6
CONTINUOUS
10
0.6125893307086614
20
0.6204814173228347
11
0.6125259842519685
21
0.6208
0
LINE
8
BLACK
6
CONTINUOUS
10
0.6125259842519685
20
0.6208
11
0.6125259842519685
21
0.7192
0
LINE
8
BLACK
6
CONTINUOUS
10
0.6125259842519685
20
0.7192
11
0.6125893700787401
21
0.7195187007874015
0
LINE
8
BLACK
6
CONTINUOUS
10
0.6125893700787401
20
0.7195187007874015
11
0.612744842519685
21
0.7208588188976378
0
LINE
8
BLACK
6
CONTINUOUS
10
0.612744842519685
20
0.7208588188976378
11
0.6129470078740157
21
0.7213166929133858
0
LINE
8
BLACK
6
CONTINUOUS
10
0.6129470078740157
20
0.7213166929133858
11
0.6131253543307087
21
0.7222132677165354
0
LINE
8
BLACK
6
CONTINUOUS
10
0.6131253543307087
20
0.7222132677165354
11
0.6137666929133858
21
0.7231731102362204
0
LINE
8
BLACK
6
CONTINUOUS
10
0.6137666929133858
20
0.7231731102362204
11
0.6139601968503937
21
0.7236112992125984
0
LINE
8
BLACK
6
CONTINUOUS
10
0.6139601968503937
20
0.7236112992125984
11
0.6142594881889764
21
0.7239105905511811
0
LINE
8
BLACK
6
CONTINUOUS
10
0.6142594881889764
20
0.7239105905511811
11
0.6148322440944882
21
0.7247677559055118
0
LINE
8
BLACK
6
CONTINUOUS
10
0.6148322440944882
20
0.7247677559055118
11
0.6156893700787401
21
0.7253404724409449
0
LINE
8
BLACK
6
CONTINUOUS
10
0.6156893700787401
20
0.7253404724409449
11
0.6159886614173228
21
0.7256397637795275
0
LINE
8
BLACK
6
CONTINUOUS
10
0.6159886614173228
20
0.7256397637795275
11
0.6164267716535433
21
0.7258331889763779
0
LINE
8
BLACK
6
CONTINUOUS
10
0.6164267716535433
20
0.7258331889763779
11
0.6173867322834645
21
0.7264746456692913
0
LINE
8
BLACK
6
CONTINUOUS
10
0.6173867322834645
20
0.7264746456692913
11
0.6182833858267717
21
0.7266529921259842
0
LINE
8
BLACK
6
CONTINUOUS
10
0.6182833858267717
20
0.7266529921259842
11
0.6187411417322835
21
0.7268551181102362
0
LINE
8
BLACK
6
CONTINUOUS
10
0.6187411417322835
20
0.7268551181102362
11
0.6200809448818897
21
0.7270105511811024
0
LINE
8
BLACK
6
CONTINUOUS
10
0.6200809448818897
20
0.7270105511811024
11
0.6204
21
0.7270740157480314
0
LINE
8
BLACK
6
CONTINUOUS
10
0.6204
20
0.7270740157480314
11
0.7208
21
0.7270740157480314
0
LINE
8
BLACK
6
CONTINUOUS
10
0.7208
20
0.7270740157480314
11
0.7211191732283464
21
0.7270105118110236
0
LINE
8
BLACK
6
CONTINUOUS
10
0.9199191732283465
20
0.7270105118110236
11
0.9212588188976377
21
0.7268551181102362
0
LINE
8
BLACK
6
CONTINUOUS
10
0.9212588188976377
20
0.7268551181102362
11
0.9217164960629921
21
0.7266529921259842
0
LINE
8
BLACK
6
CONTINUOUS
10
0.9217164960629921
20
0.7266529921259842
11
0.9226132677165354
21
0.7264746456692913
0
LINE
8
BLACK
6
CONTINUOUS
10
0.9226132677165354
20
0.7264746456692913
11
0.9235732677165354
21
0.7258331496062992
0
LINE
8
BLACK
6
CONTINUOUS
10
0.9235732677165354
20
0.7258331496062992
11
0.9240112992125984
21
0.7256397637795275
0
LINE
8
BLACK
6
CONTINUOUS
10
0.9240112992125984
20
0.7256397637795275
11
0.9243104724409449
21
0.7253405511811023
0
LINE
8
BLACK
6
CONTINUOUS
10
0.9243104724409449
20
0.7253405511811023
11
0.9251677559055118
21
0.7247677559055118
0
LINE
8
BLACK
6
CONTINUOUS
10
0.9251677559055118
20
0.7247677559055118
11
0.9257405511811023
21
0.7239104724409449
0
LINE
8
BLACK
6
CONTINUOUS
10
0.9257405511811023
20
0.7239104724409449
11
0.9260397637795276
21
0.7236112992125984
0
LINE
8
BLACK
6
CONTINUOUS
10
0.9260397637795276
20
0.7236112992125984
11
0.9262331496062992
21
0.7231732677165355
0
LINE
8
BLACK
6
CONTINUOUS
10
0.9262331496062992
20
0.7231732677165355
11
0.9268746456692913
21
0.7222132677165354
0
LINE
8
BLACK
6
CONTINUOUS
10
0.9268746456692913
20
0.7222132677165354
11
0.9270529921259842
21
0.7213164960629921
0
LINE
8
BLACK
6
CONTINUOUS
10
0.9270529921259842
20
0.7213164960629921
11
0.9272551181102362
21
0.7208588188976378
0
LINE
8
BLACK
6
CONTINUOUS
10
0.9272551181102362
20
0.7208588188976378
11
0.9274105118110236
21
0.719519094488189
0
LINE
8
BLACK
6
CONTINUOUS
10
0.9274105118110236
20
0.719519094488189
11
0.9274740157480315
21
0.7192
0
LINE
8
BLACK
6
CONTINUOUS
10
0.9274740157480315
20
0.7192
11
0.9274740157480315
21
0.6208
0
LINE
8
BLACK
6
CONTINUOUS
10
0.9274740157480315
20
0.6208
11
0.9274105118110236
21
0.6204808661417323
0
LINE
8
BLACK
6
CONTINUOUS
10
0.9274105118110236
20
0.6204808661417323
11
0.9272551181102362
21
0.6191411417322834
0
LINE
8
BLACK
6
CONTINUOUS
10
0.9272551181102362
20
0.6191411417322834
11
0.9270529921259842
21
0.6186833858267716
0
LINE
8
BLACK
6
CONTINUOUS
10
0.9270529921259842
20
0.6186833858267716
11
0.9268746456692913
21
0.6177867322834646
0
LINE
8
BLACK
6
CONTINUOUS
10
0.9268746456692913
20
0.6177867322834646
11
0.926233188976378
21
0.6168267716535433
0
LINE
8
BLACK
6
CONTINUOUS
10
0.926233188976378
20
0.6168267716535433
11
0.9260397637795276
21
0.6163886614173228
0
LINE
8
BLACK
6
CONTINUOUS
10
0.9260397637795276
20
0.6163886614173228
11
0.9257404724409448
21
0.6160893700787401
0
LINE
8
BLACK
6
CONTINUOUS
10
0.9257404724409448
20
0.6160893700787401
11
0.9251677559055118
21
0.6152322440944882
0
LINE
8
BLACK
6
CONTINUOUS
10
0.9251677559055118
20
0.6152322440944882
11
0.924310590551181
21
0.6146594881889763
0
LINE
8
BLACK
6
CONTINUOUS
10
0.924310590551181
20
0.6146594881889763
11
0.9240112992125984
21
0.6143601968503937
0
LINE
8
BLACK
6
CONTINUOUS
10
0.9240112992125984
20
0.6143601968503937
11
0.9235731102362205
21
0.6141666929133858
0
LINE
8
BLACK
6
CONTINUOUS
10
0.9235731102362205
20
0.6141666929133858
11
0.9226132677165354
21
0.6135253543307086
0
LINE
8
BLACK
6
CONTINUOUS
10
0.9226132677165354
20
0.6135253543307086
11
0.9217166929133858
21
0.6133470078740157
0
LINE
8
BLACK
6
CONTINUOUS
10
0.9217166929133858
20
0.6133470078740157
11
0.9212588188976377
21
0.613144842519685
0
LINE
8
BLACK
6
CONTINUOUS
10
0.9212588188976377
20
0.613144842519685
11
0.9199186220472441
21
0.6129893307086614
0
LINE
8
BLACK
6
CONTINUOUS
10
0.9199186220472441
20
0.6129893307086614
11
0.9196
21
0.6129259842519685
0
LINE
8
BLACK
6
CONTINUOUS
10
0.9196
20
0.6129259842519685
11
0.9193723228346456
21
0.6129259842519685
0
LINE
8
BLACK
6
CONTINUOUS
10
0.9193723228346456
20
0.6129259842519685
11
0.819427716535433
21
0.6129259842519685
0
LINE
8
BLACK
6
CONTINUOUS
10
0.819427716535433
20
0.6129259842519685
11
0.8191999999999999
21
0.6129259842519685
0
LINE
8
BLACK
6
CONTINUOUS
10
0.8191999999999999
20
0.6129259842519685
11
0.8188813385826772
21
0.6129893307086614
0
LINE
8
BLACK
6
CONTINUOUS
10
0.8188813385826772
20
0.6129893307086614
11
0.8175411417322834
21
0.613144842519685
0
LINE
8
BLACK
6
CONTINUOUS
10
0.8175411417322834
20
0.613144842519685
11
0.8170832283464566
21
0.6133470078740157
0
LINE
8
BLACK
6
CONTINUOUS
10
0.8170832283464566
20
0.6133470078740157
11
0.8161867322834645
21
0.6135253543307086
0
LINE
8
BLACK
6
CONTINUOUS
10
0.8161867322834645
20
0.6135253543307086
11
0.8152269291338583
21
0.614166653543307
0
LINE
8
BLACK
6
CONTINUOUS
10
0.8152269291338583
20
0.614166653543307
11
0.8147886614173229
21
0.6143601968503937
0
LINE
8
BLACK
6
CONTINUOUS
10
0.8147886614173229
20
0.6143601968503937
11
0.814489251968504
21
0.6146595669291338
0
LINE
8
BLACK
6
CONTINUOUS
10
0.814489251968504
20
0.6146595669291338
11
0.8136322440944882
21
0.6152322440944882
0
LINE
8
BLACK
6
CONTINUOUS
10
0.8136322440944882
20
0.6152322440944882
11
0.8130595669291338
21
0.6160892519685039
0
LINE
8
BLACK
6
CONTINUOUS
10
0.8130595669291338
20
0.6160892519685039
11
0.8127601968503937
21
0.6163886614173228
0
LINE
8
BLACK
6
CONTINUOUS
10
0.8127601968503937
20
0.6163886614173228
11
0.812566653543307
21
0.6168269291338583
0
LINE
8
BLACK
6
CONTINUOUS
10
0.812566653543307
20
0.6168269291338583
11
0.8119253543307087
21
0.6177867322834646
0
LINE
8
BLACK
6
CONTINUOUS
10
0.8119253543307087
20
0.6177867322834646
11
0.8117470078740158
21
0.6186832283464567
0
LINE
8
BLACK
6
CONTINUOUS
10
0.8117470078740158
20
0.6186832283464567
11
0.8115448425196851
21
0.6191411417322834
0
LINE
8
BLACK
6
CONTINUOUS
10
0.8115448425196851
20
0.6191411417322834
11
0.8113893307086614
21
0.6204814173228347
0
LINE
8
BLACK
6
CONTINUOUS
10
0.8113893307086614
20
0.6204814173228347
11
0.8113259842519684
21
0.6208
0
LINE
8
BLACK
6
CONTINUOUS
10
0.8113259842519684
20
0.6208
11
0.8113259842519684
21
0.7192
0
LINE
8
BLACK
6
CONTINUOUS
10
0.8113259842519684
20
0.7192
11
0.8113893700787401
21
0.7195187007874015
0
LINE
8
BLACK
6
CONTINUOUS
10
0.8113893700787401
20
0.7195187007874015
11
0.8115448425196851
21
0.7208588188976378
0
LINE
8
BLACK
6
CONTINUOUS
10
0.8115448425196851
20
0.7208588188976378
11
0.8117470078740158
21
0.7213166929133858
0
LINE
8
BLACK
6
CONTINUOUS
10
0.8117470078740158
20
0.7213166929133858
11
0.8119253543307087
21
0.7222132677165354
0
LINE
8
BLACK
6
CONTINUOUS
10
0.8119253543307087
20
0.7222132677165354
11
0.8125666929133858
21
0.7231731102362204
0
LINE
8
BLACK
6
CONTINUOUS
10
0.8125666929133858
20
0.7231731102362204
11
0.8127601968503937
21
0.7236112992125984
0
LINE
8
BLACK
6
CONTINUOUS
10
0.8127601968503937
20
0.7236112992125984
11
0.8130594881889763
21
0.7239105905511811
0
LINE
8
BLACK
6
CONTINUOUS
10
0.8130594881889763
20
0.7239105905511811
11
0.8136322440944882
21
0.7247677559055118
0
LINE
8
BLACK
6
CONTINUOUS
10
0.8136322440944882
20
0.7247677559055118
11
0.8144893700787401
21
0.7253404724409449
0
LINE
8
BLACK
6
CONTINUOUS
10
0.8144893700787401
20
0.7253404724409449
11
0.8147886614173229
21
0.7256397637795275
0
LINE
8
BLACK
6
CONTINUOUS
10
0.8147886614173229
20
0.7256397637795275
11
0.8152267716535433
21
0.7258331889763779
0
LINE
8
BLACK
6
CONTINUOUS
10
0.8152267716535433
20
0.7258331889763779
11
0.8161867322834645
21
0.7264746456692913
0
LINE
8
BLACK
6
CONTINUOUS
10
0.8161867322834645
20
0.7264746456692913
11
0.8170833858267716
21
0.7266529921259842
0
LINE
8
BLACK
6
CONTINUOUS
10
0.8170833858267716
20
0.7266529921259842
11
0.8175411417322834
21
0.7268551181102362
0
LINE
8
BLACK
6
CONTINUOUS
10
0.8175411417322834
20
0.7268551181102362
11
0.8188809448818898
21
0.7270105511811024
0
LINE
8
BLACK
6
CONTINUOUS
10
0.8188809448818898
20
0.7270105511811024
11
0.8191999999999999
21
0.7270740157480314
0
LINE
8
BLACK
6
CONTINUOUS
10
0.8191999999999999
20
0.7270740157480314
11
0.9196
21
0.7270740157480314
0
LINE
8
BLACK
6
CONTINUOUS
10
0.9196
20
0.7270740157480314
11
0.9199191732283465
21
0.7270105118110236
0
LINE
8
BLACK
6
CONTINUOUS
10
0.1328191732283465
20
0.7103105118110236
11
0.1341588188976378
21
0.7101551181102362
0
LINE
8
BLACK
6
CONTINUOUS
10
0.1341588188976378
20
0.7101551181102362
11
0.1346164960629921
21
0.7099529921259843
0
LINE
8
BLACK
6
CONTINUOUS
10
0.1346164960629921
20
0.7099529921259843
11
0.1355132677165354
21
0.7097746456692913
0
LINE
8
BLACK
6
CONTINUOUS
10
0.1355132677165354
20
0.7097746456692913
11
0.1364732677165354
21
0.7091331496062993
0
LINE
8
BLACK
6
CONTINUOUS
10
0.1364732677165354
20
0.7091331496062993
11
0.1369112992125984
21
0.7089397637795275
0
LINE
8
BLACK
6
CONTINUOUS
10
0.1369112992125984
20
0.7089397637795275
11
0.1372104724409449
21
0.7086405511811024
0
LINE
8
BLACK
6
CONTINUOUS
10
0.1372104724409449
20
0.7086405511811024
11
0.1380677559055118
21
0.7080677559055117
0
LINE
8
BLACK
6
CONTINUOUS
10
0.1380677559055118
20
0.7080677559055117
11
0.1386405511811024
21
0.7072104724409448
0
LINE
8
BLACK
6
CONTINUOUS
10
0.1386405511811024
20
0.7072104724409448
11
0.1389397637795275
21
0.7069112992125984
0
LINE
8
BLACK
6
CONTINUOUS
10
0.1389397637795275
20
0.7069112992125984
11
0.1391331496062992
21
0.7064732677165354
0
LINE
8
BLACK
6
CONTINUOUS
10
0.1391331496062992
20
0.7064732677165354
11
0.1397746456692913
21
0.7055132677165354
0
LINE
8
BLACK
6
CONTINUOUS
10
0.1397746456692913
20
0.7055132677165354
11
0.1399529921259842
21
0.7046164960629921
0
LINE
8
BLACK
6
CONTINUOUS
10
0.1399529921259842
20
0.7046164960629921
11
0.1401551181102362
21
0.7041588188976378
0
LINE
8
BLACK
6
CONTINUOUS
10
0.1401551181102362
20
0.7041588188976378
11
0.1403105118110236
21
0.7028190944881889
0
LINE
8
BLACK
6
CONTINUOUS
10
0.1403105118110236
20
0.7028190944881889
11
0.1403740157480315
21
0.7025
0
LINE
8
BLACK
6
CONTINUOUS
10
0.1403740157480315
20
0.7025
11
0.1403740157480315
21
0.6475
0
LINE
8
BLACK
6
CONTINUOUS
10
0.1403740157480315
20
0.6475
11
0.1403105118110236
21
0.6471808661417323
0
LINE
8
BLACK
6
CONTINUOUS
10
0.1403105118110236
20
0.6471808661417323
11
0.1401551181102362
21
0.6458411417322835
0
LINE
8
BLACK
6
CONTINUOUS
10
0.1401551181102362
20
0.6458411417322835
11
0.1399529921259842
21
0.6453833858267717
0
LINE
8
BLACK
6
CONTINUOUS
10
0.1399529921259842
20
0.6453833858267717
11
0.1397746456692913
21
0.6444867322834645
0
LINE
8
BLACK
6
CONTINUOUS
10
0.1397746456692913
20
0.6444867322834645
11
0.1391331889763779
21
0.6435267716535433
0
LINE
8
BLACK
6
CONTINUOUS
10
0.1391331889763779
20
0.6435267716535433
11
0.1389397637795275
21
0.6430886614173228
0
LINE
8
BLACK
6
CONTINUOUS
10
0.1389397637795275
20
0.6430886614173228
11
0.1386404724409449
21
0.6427893700787402
0
LINE
8
BLACK
6
CONTINUOUS
10
0.1386404724409449
20
0.6427893700787402
11
0.1380677559055118
21
0.6419322440944881
0
LINE
8
BLACK
6
CONTINUOUS
10
0.1380677559055118
20
0.6419322440944881
11
0.1372105905511811
21
0.6413594881889764
0
LINE
8
BLACK
6
CONTINUOUS
10
0.1372105905511811
20
0.6413594881889764
11
0.1369112992125984
21
0.6410601968503937
0
LINE
8
BLACK
6
CONTINUOUS
10
0.1369112992125984
20
0.6410601968503937
11
0.1364731102362205
21
0.6408666929133858
0
LINE
8
BLACK
6
CONTINUOUS
10
0.1364731102362205
20
0.6408666929133858
11
0.1355132677165354
21
0.6402253543307086
0
LINE
8
BLACK
6
CONTINUOUS
10
0.1355132677165354
20
0.6402253543307086
11
0.1346166929133858
21
0.6400470078740157
0
LINE
8
BLACK
6
CONTINUOUS
10
0.1346166929133858
20
0.6400470078740157
11
0.1341588188976378
21
0.639844842519685
0
LINE
8
BLACK
6
CONTINUOUS
10
0.1341588188976378
20
0.639844842519685
11
0.1328186220472441
21
0.6396893307086614
0
LINE
8
BLACK
6
CONTINUOUS
10
0.1328186220472441
20
0.6396893307086614
11
0.1325
21
0.6396259842519685
0
LINE
8
BLACK
6
CONTINUOUS
10
0.1325
20
0.6396259842519685
11
0.1322723228346457
21
0.6396259842519685
0
LINE
8
BLACK
6
CONTINUOUS
10
0.1322723228346457
20
0.6396259842519685
11
0.0977277165354331
21
0.6396259842519685
0
LINE
8
BLACK
6
CONTINUOUS
10
0.0977277165354331
20
0.6396259842519685
11
0.0975
21
0.6396259842519685
0
LINE
8
BLACK
6
CONTINUOUS
10
0.0975
20
0.6396259842519685
11
0.0971813385826772
21
0.6396893307086614
0
LINE
8
BLACK
6
CONTINUOUS
10
0.0971813385826772
20
0.6396893307086614
11
0.0958411417322835
21
0.639844842519685
0
LINE
8
BLACK
6
CONTINUOUS
10
0.0958411417322835
20
0.639844842519685
11
0.0953832283464567
21
0.6400470078740157
0
LINE
8
BLACK
6
CONTINUOUS
10
0.0953832283464567
20
0.6400470078740157
11
0.0944867322834646
21
0.6402253543307086
0
LINE
8
BLACK
6
CONTINUOUS
10
0.0944867322834646
20
0.6402253543307086
11
0.0935269291338583
21
0.6408666535433071
0
LINE
8
BLACK
6
CONTINUOUS
10
0.0935269291338583
20
0.6408666535433071
11
0.0930886614173228
21
0.6410601968503937
0
LINE
8
BLACK
6
CONTINUOUS
10
0.0930886614173228
20
0.6410601968503937
11
0.0927892519685039
21
0.6413595669291339
0
LINE
8
BLACK
6
CONTINUOUS
10
0.0927892519685039
20
0.6413595669291339
11
0.0919322440944882
21
0.6419322440944881
0
LINE
8
BLACK
6
CONTINUOUS
10
0.0919322440944882
20
0.6419322440944881
11
0.0913595669291339
21
0.6427892519685039
0
LINE
8
BLACK
6
CONTINUOUS
10
0.0913595669291339
20
0.6427892519685039
11
0.0910601968503937
21
0.6430886614173228
0
LINE
8
BLACK
6
CONTINUOUS
10
0.0910601968503937
20
0.6430886614173228
11
0.0908666535433071
21
0.6435269291338582
0
LINE
8
BLACK
6
CONTINUOUS
10
0.0908666535433071
20
0.6435269291338582
11
0.0902253543307087
21
0.6444867322834645
0
LINE
8
BLACK
6
CONTINUOUS
10
0.0902253543307087
20
0.6444867322834645
11
0.0900470078740157
21
0.6453832283464567
0
LINE
8
BLACK
6
CONTINUOUS
10
0.0900470078740157
20
0.6453832283464567
11
0.089844842519685
21
0.6458411417322835
0
LINE
8
BLACK
6
CONTINUOUS
10
0.089844842519685
20
0.6458411417322835
11
0.0896893307086614
21
0.6471814173228346
0
LINE
8
BLACK
6
CONTINUOUS
10
0.0896893307086614
20
0.6471814173228346
11
0.0896259842519685
21
0.6475
0
LINE
8
BLACK
6
CONTINUOUS
10
0.0896259842519685
20
0.6475
11
0.0896259842519685
21
0.7025
0
LINE
8
BLACK
6
CONTINUOUS
10
0.0896259842519685
20
0.7025
11
0.0896893700787402
21
0.7028187007874016
0
LINE
8
BLACK
6
CONTINUOUS
10
0.0896893700787402
20
0.7028187007874016
11
0.089844842519685
21
0.7041588188976378
0
LINE
8
BLACK
6
CONTINUOUS
10
0.089844842519685
20
0.7041588188976378
11
0.0900470078740157
21
0.7046166929133858
0
LINE
8
BLACK
6
CONTINUOUS
10
0.0900470078740157
20
0.7046166929133858
11
0.0902253543307087
21
0.7055132677165354
0
LINE
8
BLACK
6
CONTINUOUS
10
0.0902253543307087
20
0.7055132677165354
11
0.0908666929133858
21
0.7064731102362205
0
LINE
8
BLACK
6
CONTINUOUS
10
0.0908666929133858
20
0.7064731102362205
11
0.0910601968503937
21
0.7069112992125984
0
LINE
8
BLACK
6
CONTINUOUS
10
0.0910601968503937
20
0.7069112992125984
11
0.0913594881889764
21
0.7072105905511811
0
LINE
8
BLACK
6
CONTINUOUS
10
0.0913594881889764
20
0.7072105905511811
11
0.0919322440944882
21
0.7080677559055117
0
LINE
8
BLACK
6
CONTINUOUS
10
0.0919322440944882
20
0.7080677559055117
11
0.0927893700787401
21
0.7086404724409449
0
LINE
8
BLACK
6
CONTINUOUS
10
0.0927893700787401
20
0.7086404724409449
11
0.0930886614173228
21
0.7089397637795275
0
LINE
8
BLACK
6
CONTINUOUS
10
0.0930886614173228
20
0.7089397637795275
11
0.0935267716535433
21
0.7091331889763779
0
LINE
8
BLACK
6
CONTINUOUS
10
0.0935267716535433
20
0.7091331889763779
11
0.0944867322834646
21
0.7097746456692913
0
LINE
8
BLACK
6
CONTINUOUS
10
0.0944867322834646
20
0.7097746456692913
11
0.0953833858267717
21
0.7099529921259843
0
LINE
8
BLACK
6
CONTINUOUS
10
0.0953833858267717
20
0.7099529921259843
11
0.0958411417322835
21
0.7101551181102362
0
LINE
8
BLACK
6
CONTINUOUS
10
0.0958411417322835
20
0.7101551181102362
11
0.0971809448818898
21
0.7103105511811023
0
LINE
8
BLACK
6
CONTINUOUS
10
0.0971809448818898
20
0.7103105511811023
11
0.0975
21
0.7103740157480315
0
LINE
8
BLACK
6
CONTINUOUS
10
0.0975
20
0.7103740157480315
11
0.1325
21
0.7103740157480315
0
LINE
8
BLACK
6
CONTINUOUS
10
0.1325
20
0.7103740157480315
11
0.1328191732283465
21
0.7103105118110236
0
LINE
8
BLACK
6
CONTINUOUS
10
0.2078191732283464
20
0.7103105118110236
11
0.2091588188976378
21
0.7101551181102362
0
LINE
8
BLACK
6
CONTINUOUS
10
0.2091588188976378
20
0.7101551181102362
11
0.2096164960629921
21
0.7099529921259843
0
LINE
8
BLACK
6
CONTINUOUS
10
0.2096164960629921
20
0.7099529921259843
11
0.2105132677165354
21
0.7097746456692913
0
LINE
8
BLACK
6
CONTINUOUS
10
0.2105132677165354
20
0.7097746456692913
11
0.2114732677165354
21
0.7091331496062993
0
LINE
8
BLACK
6
CONTINUOUS
10
0.2114732677165354
20
0.7091331496062993
11
0.2119112992125984
21
0.7089397637795275
0
LINE
8
BLACK
6
CONTINUOUS
10
0.2119112992125984
20
0.7089397637795275
11
0.2122104724409449
21
0.7086405511811024
0
LINE
8
BLACK
6
CONTINUOUS
10
0.2122104724409449
20
0.7086405511811024
11
0.2130677559055118
21
0.7080677559055117
0
LINE
8
BLACK
6
CONTINUOUS
10
0.2130677559055118
20
0.7080677559055117
11
0.2136405511811024
21
0.7072104724409448
0
LINE
8
BLACK
6
CONTINUOUS
10
0.2136405511811024
20
0.7072104724409448
11
0.2139397637795276
21
0.7069112992125984
0
LINE
8
BLACK
6
CONTINUOUS
10
0.2139397637795276
20
0.7069112992125984
11
0.2141331496062992
21
0.7064732677165354
0
LINE
8
BLACK
6
CONTINUOUS
10
0.2141331496062992
20
0.7064732677165354
11
0.2147746456692913
21
0.7055132677165354
0
LINE
8
BLACK
6
CONTINUOUS
10
0.2147746456692913
20
0.7055132677165354
11
0.2149529921259843
21
0.7046164960629921
0
LINE
8
BLACK
6
CONTINUOUS
10
0.2149529921259843
20
0.7046164960629921
11
0.2151551181102362
21
0.7041588188976378
0
LINE
8
BLACK
6
CONTINUOUS
10
0.2151551181102362
20
0.7041588188976378
11
0.2153105118110236
21
0.7028190944881889
0
LINE
8
BLACK
6
CONTINUOUS
10
0.2153105118110236
20
0.7028190944881889
11
0.2153740157480315
21
0.7025
0
LINE
8
BLACK
6
CONTINUOUS
10
0.2153740157480315
20
0.7025
11
0.2153740157480315
21
0.6475
0
LINE
8
BLACK
6
CONTINUOUS
10
0.2153740157480315
20
0.6475
11
0.2153105118110236
21
0.6471808661417323
0
LINE
8
BLACK
6
CONTINUOUS
10
0.2153105118110236
20
0.6471808661417323
11
0.2151551181102362
21
0.6458411417322835
0
LINE
8
BLACK
6
CONTINUOUS
10
0.2151551181102362
20
0.6458411417322835
11
0.2149529921259843
21
0.6453833858267717
0
LINE
8
BLACK
6
CONTINUOUS
10
0.2149529921259843
20
0.6453833858267717
11
0.2147746456692913
21
0.6444867322834645
0
LINE
8
BLACK
6
CONTINUOUS
10
0.2147746456692913
20
0.6444867322834645
11
0.214133188976378
21
0.6435267716535433
0
LINE
8
BLACK
6
CONTINUOUS
10
0.214133188976378
20
0.6435267716535433
11
0.2139397637795276
21
0.6430886614173228
0
LINE
8
BLACK
6
CONTINUOUS
10
0.2139397637795276
20
0.6430886614173228
11
0.2136404724409449
21
0.6427893700787402
0
LINE
8
BLACK
6
CONTINUOUS
10
0.2136404724409449
20
0.6427893700787402
11
0.2130677559055118
21
0.6419322440944881
0
LINE
8
BLACK
6
CONTINUOUS
10
0.2130677559055118
20
0.6419322440944881
11
0.2122105905511811
21
0.6413594881889764
0
LINE
8
BLACK
6
CONTINUOUS
10
0.2122105905511811
20
0.6413594881889764
11
0.2119112992125984
21
0.6410601968503937
0
LINE
8
BLACK
6
CONTINUOUS
10
0.2119112992125984
20
0.6410601968503937
11
0.2114731102362205
21
0.6408666929133858
0
LINE
8
BLACK
6
CONTINUOUS
10
0.2114731102362205
20
0.6408666929133858
11
0.2105132677165354
21
0.6402253543307086
0
LINE
8
BLACK
6
CONTINUOUS
10
0.2105132677165354
20
0.6402253543307086
11
0.2096166929133858
21
0.6400470078740157
0
LINE
8
BLACK
6
CONTINUOUS
10
0.2096166929133858
20
0.6400470078740157
11
0.2091588188976378
21
0.639844842519685
0
LINE
8
BLACK
6
CONTINUOUS
10
0.2091588188976378
20
0.639844842519685
11
0.2078186220472441
21
0.6396893307086614
0
LINE
8
BLACK
6
CONTINUOUS
10
0.2078186220472441
20
0.6396893307086614
11
0.2075
21
0.6396259842519685
0
LINE
8
BLACK
6
CONTINUOUS
10
0.2075
20
0.6396259842519685
11
0.2072723228346457
21
0.6396259842519685
0
LINE
8
BLACK
6
CONTINUOUS
10
0.2072723228346457
20
0.6396259842519685
11
0.1727277165354331
21
0.6396259842519685
0
LINE
8
BLACK
6
CONTINUOUS
10
0.1727277165354331
20
0.6396259842519685
11
0.1725
21
0.6396259842519685
0
LINE
8
BLACK
6
CONTINUOUS
10
0.1725
20
0.6396259842519685
11
0.1721813385826772
21
0.6396893307086614
0
LINE
8
BLACK
6
CONTINUOUS
10
0.1721813385826772
20
0.6396893307086614
11
0.1708411417322835
21
0.639844842519685
0
LINE
8
BLACK
6
CONTINUOUS
10
0.1708411417322835
20
0.639844842519685
11
0.1703832283464567
21
0.6400470078740157
0
LINE
8
BLACK
6
CONTINUOUS
10
0.1703832283464567
20
0.6400470078740157
11
0.1694867322834646
21
0.6402253543307086
0
LINE
8
BLACK
6
CONTINUOUS
10
0.1694867322834646
20
0.6402253543307086
11
0.1685269291338583
21
0.6408666535433071
0
LINE
8
BLACK
6
CONTINUOUS
10
0.1685269291338583
20
0.6408666535433071
11
0.1680886614173228
21
0.6410601968503937
0
LINE
8
BLACK
6
CONTINUOUS
10
0.1680886614173228
20
0.6410601968503937
11
0.1677892519685039
21
0.6413595669291339
0
LINE
8
BLACK
6
CONTINUOUS
10
0.1677892519685039
20
0.6413595669291339
11
0.1669322440944882
21
0.6419322440944881
0
LINE
8
BLACK
6
CONTINUOUS
10
0.1669322440944882
20
0.6419322440944881
11
0.1663595669291339
21
0.6427892519685039
0
LINE
8
BLACK
6
CONTINUOUS
10
0.1663595669291339
20
0.6427892519685039
11
0.1660601968503937
21
0.6430886614173228
0
LINE
8
BLACK
6
CONTINUOUS
10
0.1660601968503937
20
0.6430886614173228
11
0.1658666535433071
21
0.6435269291338582
0
LINE
8
BLACK
6
CONTINUOUS
10
0.1658666535433071
20
0.6435269291338582
11
0.1652253543307086
21
0.6444867322834645
0
LINE
8
BLACK
6
CONTINUOUS
10
0.1652253543307086
20
0.6444867322834645
11
0.1650470078740157
21
0.6453832283464567
0
LINE
8
BLACK
6
CONTINUOUS
10
0.1650470078740157
20
0.6453832283464567
11
0.164844842519685
21
0.6458411417322835
0
LINE
8
BLACK
6
CONTINUOUS
10
0.164844842519685
20
0.6458411417322835
11
0.1646893307086614
21
0.6471814173228346
0
LINE
8
BLACK
6
CONTINUOUS
10
0.1646893307086614
20
0.6471814173228346
11
0.1646259842519685
21
0.6475
0
LINE
8
BLACK
6
CONTINUOUS
10
0.1646259842519685
20
0.6475
11
0.1646259842519685
21
0.7025
0
LINE
8
BLACK
6
CONTINUOUS
10
0.1646259842519685
20
0.7025
11
0.1646893700787402
21
0.7028187007874016
0
LINE
8
BLACK
6
CONTINUOUS
10
0.1646893700787402
20
0.7028187007874016
11
0.164844842519685
21
0.7041588188976378
0
LINE
8
BLACK
6
CONTINUOUS
10
0.164844842519685
20
0.7041588188976378
11
0.1650470078740157
21
0.7046166929133858
0
LINE
8
BLACK
6
CONTINUOUS
10
0.1650470078740157
20
0.7046166929133858
11
0.1652253543307086
21
0.7055132677165354
0
LINE
8
BLACK
6
CONTINUOUS
10
0.1652253543307086
20
0.7055132677165354
11
0.1658666929133858
21
0.7064731102362205
0
LINE
8
BLACK
6
CONTINUOUS
10
0.1658666929133858
20
0.7064731102362205
11
0.1660601968503937
21
0.7069112992125984
0
LINE
8
BLACK
6
CONTINUOUS
10
0.1660601968503937
20
0.7069112992125984
11
0.1663594881889764
21
0.7072105905511811
0
LINE
8
BLACK
6
CONTINUOUS
10
0.1663594881889764
20
0.7072105905511811
11
0.1669322440944882
21
0.7080677559055117
0
LINE
8
BLACK
6
CONTINUOUS
10
0.1669322440944882
20
0.7080677559055117
11
0.1677893700787401
21
0.7086404724409449
0
LINE
8
BLACK
6
CONTINUOUS
10
0.1677893700787401
20
0.7086404724409449
11
0.1680886614173228
21
0.7089397637795275
0
LINE
8
BLACK
6
CONTINUOUS
10
0.1680886614173228
20
0.7089397637795275
11
0.1685267716535433
21
0.7091331889763779
0
LINE
8
BLACK
6
CONTINUOUS
10
0.1685267716535433
20
0.7091331889763779
11
0.1694867322834646
21
0.7097746456692913
0
LINE
8
BLACK
6
CONTINUOUS
10
0.1694867322834646
20
0.7097746456692913
11
0.1703833858267716
21
0.7099529921259843
0
LINE
8
BLACK
6
CONTINUOUS
10
0.1703833858267716
20
0.7099529921259843
11
0.1708411417322835
21
0.7101551181102362
0
LINE
8
BLACK
6
CONTINUOUS
10
0.1708411417322835
20
0.7101551181102362
11
0.1721809448818898
21
0.7103105511811023
0
LINE
8
BLACK
6
CONTINUOUS
10
0.1721809448818898
20
0.7103105511811023
11
0.1725
21
0.7103740157480315
0
LINE
8
BLACK
6
CONTINUOUS
10
0.1725
20
0.7103740157480315
11
0.2075
21
0.7103740157480315
0
LINE
8
BLACK
6
CONTINUOUS
10
0.2075
20
0.7103740157480315
11
0.2078191732283464
21
0.7103105118110236
0
LINE
8
BLACK
6
CONTINUOUS
10
0.4128191732283464
20
0.7103105118110236
11
0.4141588188976378
21
0.7101551181102362
0
LINE
8
BLACK
6
CONTINUOUS
10
0.4141588188976378
20
0.7101551181102362
11
0.4146164960629921
21
0.7099529921259843
0
LINE
8
BLACK
6
CONTINUOUS
10
0.4146164960629921
20
0.7099529921259843
11
0.4155132677165354
21
0.7097746456692913
0
LINE
8
BLACK
6
CONTINUOUS
10
0.4155132677165354
20
0.7097746456692913
11
0.4164732677165354
21
0.7091331496062993
0
LINE
8
BLACK
6
CONTINUOUS
10
0.4164732677165354
20
0.7091331496062993
11
0.4169112992125984
21
0.7089397637795275
0
LINE
8
BLACK
6
CONTINUOUS
10
0.4169112992125984
20
0.7089397637795275
11
0.4172104724409449
21
0.7086405511811024
0
LINE
8
BLACK
6
CONTINUOUS
10
0.4172104724409449
20
0.7086405511811024
11
0.4180677559055118
21
0.7080677559055117
0
LINE
8
BLACK
6
CONTINUOUS
10
0.4180677559055118
20
0.7080677559055117
11
0.4186405511811023
21
0.7072104724409448
0
LINE
8
BLACK
6
CONTINUOUS
10
0.4186405511811023
20
0.7072104724409448
11
0.4189397637795276
21
0.7069112992125984
0
LINE
8
BLACK
6
CONTINUOUS
10
0.4189397637795276
20
0.7069112992125984
11
0.4191331496062992
21
0.7064732677165354
0
LINE
8
BLACK
6
CONTINUOUS
10
0.4191331496062992
20
0.7064732677165354
11
0.4197746456692913
21
0.7055132677165354
0
LINE
8
BLACK
6
CONTINUOUS
10
0.4197746456692913
20
0.7055132677165354
11
0.4199529921259842
21
0.7046164960629921
0
LINE
8
BLACK
6
CONTINUOUS
10
0.4199529921259842
20
0.7046164960629921
11
0.4201551181102362
21
0.7041588188976378
0
LINE
8
BLACK
6
CONTINUOUS
10
0.4201551181102362
20
0.7041588188976378
11
0.4203105118110236
21
0.7028190944881889
0
LINE
8
BLACK
6
CONTINUOUS
10
0.4203105118110236
20
0.7028190944881889
11
0.4203740157480315
21
0.7025
0
LINE
8
BLACK
6
CONTINUOUS
10
0.4203740157480315
20
0.7025
11
0.4203740157480315
21
0.6475
0
LINE
8
BLACK
6
CONTINUOUS
10
0.4203740157480315
20
0.6475
11
0.4203105118110236
21
0.6471808661417323
0
LINE
8
BLACK
6
CONTINUOUS
10
0.4203105118110236
20
0.6471808661417323
11
0.4201551181102362
21
0.6458411417322835
0
LINE
8
BLACK
6
CONTINUOUS
10
0.4201551181102362
20
0.6458411417322835
11
0.4199529921259842
21
0.6453833858267717
0
LINE
8
BLACK
6
CONTINUOUS
10
0.4199529921259842
20
0.6453833858267717
11
0.4197746456692913
21
0.6444867322834645
0
LINE
8
BLACK
6
CONTINUOUS
10
0.4197746456692913
20
0.6444867322834645
11
0.419133188976378
21
0.6435267716535433
0
LINE
8
BLACK
6
CONTINUOUS
10
0.419133188976378
20
0.6435267716535433
11
0.4189397637795276
21
0.6430886614173228
0
LINE
8
BLACK
6
CONTINUOUS
10
0.4189397637795276
20
0.6430886614173228
11
0.4186404724409449
21
0.6427893700787402
0
LINE
8
BLACK
6
CONTINUOUS
10
0.4186404724409449
20
0.6427893700787402
11
0.4180677559055118
21
0.6419322440944881
0
LINE
8
BLACK
6
CONTINUOUS
10
0.4180677559055118
20
0.6419322440944881
11
0.4172105905511811
21
0.6413594881889764
0
LINE
8
BLACK
6
CONTINUOUS
10
0.4172105905511811
20
0.6413594881889764
11
0.4169112992125984
21
0.6410601968503937
0
LINE
8
BLACK
6
CONTINUOUS
10
0.4169112992125984
20
0.6410601968503937
11
0.4164731102362205
21
0.6408666929133858
0
LINE
8
BLACK
6
CONTINUOUS
10
0.4164731102362205
20
0.6408666929133858
11
0.4155132677165354
21
0.6402253543307086
0
LINE
8
BLACK
6
CONTINUOUS
10
0.4155132677165354
20
0.6402253543307086
11
0.4146166929133858
21
0.6400470078740157
0
LINE
8
BLACK
6
CONTINUOUS
10
0.4146166929133858
20
0.6400470078740157
11
0.4141588188976378
21
0.639844842519685
0
LINE
8
BLACK
6
CONTINUOUS
10
0.4141588188976378
20
0.639844842519685
11
0.4128186220472441
21
0.6396893307086614
0
LINE
8
BLACK
6
CONTINUOUS
10
0.4128186220472441
20
0.6396893307086614
11
0.4125
21
0.6396259842519685
0
LINE
8
BLACK
6
CONTINUOUS
10
0.4125
20
0.6396259842519685
11
0.4122723228346457
21
0.6396259842519685
0
LINE
8
BLACK
6
CONTINUOUS
10
0.4122723228346457
20
0.6396259842519685
11
0.3777277165354331
21
0.6396259842519685
0
LINE
8
BLACK
6
CONTINUOUS
10
0.3777277165354331
20
0.6396259842519685
11
0.3775
21
0.6396259842519685
0
LINE
8
BLACK
6
CONTINUOUS
10
0.3775
20
0.6396259842519685
11
0.3771813385826772
21
0.6396893307086614
0
LINE
8
BLACK
6
CONTINUOUS
10
0.3771813385826772
20
0.6396893307086614
11
0.3758411417322834
21
0.639844842519685
0
LINE
8
BLACK
6
CONTINUOUS
10
0.3758411417322834
20
0.639844842519685
11
0.3753832283464567
21
0.6400470078740157
0
LINE
8
BLACK
6
CONTINUOUS
10
0.3753832283464567
20
0.6400470078740157
11
0.3744867322834646
21
0.6402253543307086
0
LINE
8
BLACK
6
CONTINUOUS
10
0.3744867322834646
20
0.6402253543307086
11
0.3735269291338583
21
0.6408666535433071
0
LINE
8
BLACK
6
CONTINUOUS
10
0.3735269291338583
20
0.6408666535433071
11
0.3730886614173228
21
0.6410601968503937
0
LINE
8
BLACK
6
CONTINUOUS
10
0.3730886614173228
20
0.6410601968503937
11
0.3727892519685039
21
0.6413595669291339
0
LINE
8
BLACK
6
CONTINUOUS
10
0.3727892519685039
20
0.6413595669291339
11
0.3719322440944882
21
0.6419322440944881
0
LINE
8
BLACK
6
CONTINUOUS
10
0.3719322440944882
20
0.6419322440944881
11
0.3713595669291339
21
0.6427892519685039
0
LINE
8
BLACK
6
CONTINUOUS
10
0.3713595669291339
20
0.6427892519685039
11
0.3710601968503937
21
0.6430886614173228
0
LINE
8
BLACK
6
CONTINUOUS
10
0.3710601968503937
20
0.6430886614173228
11
0.3708666535433071
21
0.6435269291338582
0
LINE
8
BLACK
6
CONTINUOUS
10
0.3708666535433071
20
0.6435269291338582
11
0.3702253543307086
21
0.6444867322834645
0
LINE
8
BLACK
6
CONTINUOUS
10
0.3702253543307086
20
0.6444867322834645
11
0.3700470078740157
21
0.6453832283464567
0
LINE
8
BLACK
6
CONTINUOUS
10
0.3700470078740157
20
0.6453832283464567
11
0.369844842519685
21
0.6458411417322835
0
LINE
8
BLACK
6
CONTINUOUS
10
0.369844842519685
20
0.6458411417322835
11
0.3696893307086614
21
0.6471814173228346
0
LINE
8
BLACK
6
CONTINUOUS
10
0.3696893307086614
20
0.6471814173228346
11
0.3696259842519685
21
0.6475
0
LINE
8
BLACK
6
CONTINUOUS
10
0.3696259842519685
20
0.6475
11
0.3696259842519685
21
0.7025
0
LINE
8
BLACK
6
CONTINUOUS
10
0.3696259842519685
20
0.7025
11
0.3696893700787401
21
0.7028187007874016
0
LINE
8
BLACK
6
CONTINUOUS
10
0.3696893700787401
20
0.7028187007874016
11
0.369844842519685
21
0.7041588188976378
0
LINE
8
BLACK
6
CONTINUOUS
10
0.369844842519685
20
0.7041588188976378
11
0.3700470078740157
21
0.7046166929133858
0
LINE
8
BLACK
6
CONTINUOUS
10
0.3700470078740157
20
0.7046166929133858
11
0.3702253543307086
21
0.7055132677165354
0
LINE
8
BLACK
6
CONTINUOUS
10
0.3702253543307086
20
0.7055132677165354
11
0.3708666929133858
21
0.7064731102362205
0
LINE
8
BLACK
6
CONTINUOUS
10
0.3708666929133858
20
0.7064731102362205
11
0.3710601968503937
21
0.7069112992125984
0
LINE
8
BLACK
6
CONTINUOUS
10
0.3710601968503937
20
0.7069112992125984
11
0.3713594881889763
21
0.7072105905511811
0
LINE
8
BLACK
6
CONTINUOUS
10
0.3713594881889763
20
0.7072105905511811
11
0.3719322440944882
21
0.7080677559055117
0
LINE
8
BLACK
6
CONTINUOUS
10
0.3719322440944882
20
0.7080677559055117
11
0.3727893700787401
21
0.7086404724409449
0
LINE
8
BLACK
6
CONTINUOUS
10
0.3727893700787401
20
0.7086404724409449
11
0.3730886614173228
21
0.7089397637795275
0
LINE
8
BLACK
6
CONTINUOUS
10
0.3730886614173228
20
0.7089397637795275
11
0.3735267716535433
21
0.7091331889763779
0
LINE
8
BLACK
6
CONTINUOUS
10
0.3735267716535433
20
0.7091331889763779
11
0.3744867322834646
21
0.7097746456692913
0
LINE
8
BLACK
6
CONTINUOUS
10
0.3744867322834646
20
0.7097746456692913
11
0.3753833858267717
21
0.7099529921259843
0
LINE
8
BLACK
6
CONTINUOUS
10
0.3753833858267717
20
0.7099529921259843
11
0.3758411417322834
21
0.7101551181102362
0
LINE
8
BLACK
6
CONTINUOUS
10
0.3758411417322834
20
0.7101551181102362
11
0.3771809448818897
21
0.7103105511811023
0
LINE
8
BLACK
6
CONTINUOUS
10
0.3771809448818897
20
0.7103105511811023
11
0.3775
21
0.7103740157480315
0
LINE
8
BLACK
6
CONTINUOUS
10
0.3775
20
0.7103740157480315
11
0.4125
21
0.7103740157480315
0
LINE
8
BLACK
6
CONTINUOUS
10
0.4125
20
0.7103740157480315
11
0.4128191732283464
21
0.7103105118110236
0
LINE
8
BLACK
6
CONTINUOUS
10
0.4878191732283464
20
0.7103105118110236
11
0.4891588188976378
21
0.7101551181102362
0
LINE
8
BLACK
6
CONTINUOUS
10
0.4891588188976378
20
0.7101551181102362
11
0.4896164960629921
21
0.7099529921259843
0
LINE
8
BLACK
6
CONTINUOUS
10
0.4896164960629921
20
0.7099529921259843
11
0.4905132677165354
21
0.7097746456692913
0
LINE
8
BLACK
6
CONTINUOUS
10
0.4905132677165354
20
0.7097746456692913
11
0.4914732677165354
21
0.7091331496062993
0
LINE
8
BLACK
6
CONTINUOUS
10
0.4914732677165354
20
0.7091331496062993
11
0.4919112992125984
21
0.7089397637795275
0
LINE
8
BLACK
6
CONTINUOUS
10
0.4919112992125984
20
0.7089397637795275
11
0.4922104724409448
21
0.7086405511811024
0
LINE
8
BLACK
6
CONTINUOUS
10
0.4922104724409448
20
0.7086405511811024
11
0.4930677559055118
21
0.7080677559055117
0
LINE
8
BLACK
6
CONTINUOUS
10
0.4930677559055118
20
0.7080677559055117
11
0.4936405511811023
21
0.7072104724409448
0
LINE
8
BLACK
6
CONTINUOUS
10
0.4936405511811023
20
0.7072104724409448
11
0.4939397637795275
21
0.7069112992125984
0
LINE
8
BLACK
6
CONTINUOUS
10
0.4939397637795275
20
0.7069112992125984
11
0.4941331496062992
21
0.7064732677165354
0
LINE
8
BLACK
6
CONTINUOUS
10
0.4941331496062992
20
0.7064732677165354
11
0.4947746456692913
21
0.7055132677165354
0
LINE
8
BLACK
6
CONTINUOUS
10
0.4947746456692913
20
0.7055132677165354
11
0.4949529921259843
21
0.7046164960629921
0
LINE
8
BLACK
6
CONTINUOUS
10
0.4949529921259843
20
0.7046164960629921
11
0.4951551181102362
21
0.7041588188976378
0
LINE
8
BLACK
6
CONTINUOUS
10
0.4951551181102362
20
0.7041588188976378
11
0.4953105118110236
21
0.7028190944881889
0
LINE
8
BLACK
6
CONTINUOUS
10
0.4953105118110236
20
0.7028190944881889
11
0.4953740157480315
21
0.7025
0
LINE
8
BLACK
6
CONTINUOUS
10
0.4953740157480315
20
0.7025
11
0.4953740157480315
21
0.6475
0
LINE
8
BLACK
6
CONTINUOUS
10
0.4953740157480315
20
0.6475
11
0.4953105118110236
21
0.6471808661417323
0
LINE
8
BLACK
6
CONTINUOUS
10
0.4953105118110236
20
0.6471808661417323
11
0.4951551181102362
21
0.6458411417322835
0
LINE
8
BLACK
6
CONTINUOUS
10
0.4951551181102362
20
0.6458411417322835
11
0.4949529921259843
21
0.6453833858267717
0
LINE
8
BLACK
6
CONTINUOUS
10
0.4949529921259843
20
0.6453833858267717
11
0.4947746456692913
21
0.6444867322834645
0
LINE
8
BLACK
6
CONTINUOUS
10
0.4947746456692913
20
0.6444867322834645
11
0.4941331889763779
21
0.6435267716535433
0
LINE
8
BLACK
6
CONTINUOUS
10
0.4941331889763779
20
0.6435267716535433
11
0.4939397637795275
21
0.6430886614173228
0
LINE
8
BLACK
6
CONTINUOUS
10
0.4939397637795275
20
0.6430886614173228
11
0.4936404724409449
21
0.6427893700787402
0
LINE
8
BLACK
6
CONTINUOUS
10
0.4936404724409449
20
0.6427893700787402
11
0.4930677559055118
21
0.6419322440944881
0
LINE
8
BLACK
6
CONTINUOUS
10
0.4930677559055118
20
0.6419322440944881
11
0.4922105905511811
21
0.6413594881889764
0
LINE
8
BLACK
6
CONTINUOUS
10
0.4922105905511811
20
0.6413594881889764
11
0.4919112992125984
21
0.6410601968503937
0
LINE
8
BLACK
6
CONTINUOUS
10
0.4919112992125984
20
0.6410601968503937
11
0.4914731102362205
21
0.6408666929133858
0
LINE
8
BLACK
6
CONTINUOUS
10
0.4914731102362205
20
0.6408666929133858
11
0.4905132677165354
21
0.6402253543307086
0
LINE
8
BLACK
6
CONTINUOUS
10
0.4905132677165354
20
0.6402253543307086
11
0.4896166929133858
21
0.6400470078740157
0
LINE
8
BLACK
6
CONTINUOUS
10
0.4896166929133858
20
0.6400470078740157
11
0.4891588188976378
21
0.639844842519685
0
LINE
8
BLACK
6
CONTINUOUS
10
0.4891588188976378
20
0.639844842519685
11
0.4878186220472441
21
0.6396893307086614
0
LINE
8
BLACK
6
CONTINUOUS
10
0.4878186220472441
20
0.6396893307086614
11
0.4875
21
0.6396259842519685
0
LINE
8
BLACK
6
CONTINUOUS
10
0.4875
20
0.6396259842519685
11
0.4872723228346457
21
0.6396259842519685
0
LINE
8
BLACK
6
CONTINUOUS
10
0.4872723228346457
20
0.6396259842519685
11
0.452727716535433
21
0.6396259842519685
0
LINE
8
BLACK
6
CONTINUOUS
10
0.452727716535433
20
0.6396259842519685
11
0.4525
21
0.6396259842519685
0
LINE
8
BLACK
6
CONTINUOUS
10
0.4525
20
0.6396259842519685
11
0.4521813385826772
21
0.6396893307086614
0
LINE
8
BLACK
6
CONTINUOUS
10
0.4521813385826772
20
0.6396893307086614
11
0.4508411417322835
21
0.639844842519685
0
LINE
8
BLACK
6
CONTINUOUS
10
0.4508411417322835
20
0.639844842519685
11
0.4503832283464567
21
0.6400470078740157
0
LINE
8
BLACK
6
CONTINUOUS
10
0.4503832283464567
20
0.6400470078740157
11
0.4494867322834645
21
0.6402253543307086
0
LINE
8
BLACK
6
CONTINUOUS
10
0.4494867322834645
20
0.6402253543307086
11
0.4485269291338583
21
0.6408666535433071
0
LINE
8
BLACK
6
CONTINUOUS
10
0.4485269291338583
20
0.6408666535433071
11
0.4480886614173228
21
0.6410601968503937
0
LINE
8
BLACK
6
CONTINUOUS
10
0.4480886614173228
20
0.6410601968503937
11
0.4477892519685039
21
0.6413595669291339
0
LINE
8
BLACK
6
CONTINUOUS
10
0.4477892519685039
20
0.6413595669291339
11
0.4469322440944882
21
0.6419322440944881
0
LINE
8
BLACK
6
CONTINUOUS
10
0.4469322440944882
20
0.6419322440944881
11
0.4463595669291339
21
0.6427892519685039
0
LINE
8
BLACK
6
CONTINUOUS
10
0.4463595669291339
20
0.6427892519685039
11
0.4460601968503937
21
0.6430886614173228
0
LINE
8
BLACK
6
CONTINUOUS
10
0.4460601968503937
20
0.6430886614173228
11
0.4458666535433071
21
0.6435269291338582
0
LINE
8
BLACK
6
CONTINUOUS
10
0.4458666535433071
20
0.6435269291338582
11
0.4452253543307086
21
0.6444867322834645
0
LINE
8
BLACK
6
CONTINUOUS
10
0.4452253543307086
20
0.6444867322834645
11
0.4450470078740157
21
0.6453832283464567
0
LINE
8
BLACK
6
CONTINUOUS
10
0.4450470078740157
20
0.6453832283464567
11
0.444844842519685
21
0.6458411417322835
0
LINE
8
BLACK
6
CONTINUOUS
10
0.444844842519685
20
0.6458411417322835
11
0.4446893307086614
21
0.6471814173228346
0
LINE
8
BLACK
6
CONTINUOUS
10
0.4446893307086614
20
0.6471814173228346
11
0.4446259842519685
21
0.6475
0
LINE
8
BLACK
6
CONTINUOUS
10
0.4446259842519685
20
0.6475
11
0.4446259842519685
21
0.7025
0
LINE
8
BLACK
6
CONTINUOUS
10
0.4446259842519685
20
0.7025
11
0.4446893700787402
21
0.7028187007874016
0
LINE
8
BLACK
6
CONTINUOUS
10
0.4446893700787402
20
0.7028187007874016
11
0.444844842519685
21
0.7041588188976378
0
LINE
8
BLACK
6
CONTINUOUS
10
0.444844842519685
20
0.7041588188976378
11
0.4450470078740157
21
0.7046166929133858
0
LINE
8
BLACK
6
CONTINUOUS
10
0.4450470078740157
20
0.7046166929133858
11
0.4452253543307086
21
0.7055132677165354
0
LINE
8
BLACK
6
CONTINUOUS
10
0.4452253543307086
20
0.7055132677165354
11
0.4458666929133858
21
0.7064731102362205
0
LINE
8
BLACK
6
CONTINUOUS
10
0.4458666929133858
20
0.7064731102362205
11
0.4460601968503937
21
0.7069112992125984
0
LINE
8
BLACK
6
CONTINUOUS
10
0.4460601968503937
20
0.7069112992125984
11
0.4463594881889764
21
0.7072105905511811
0
LINE
8
BLACK
6
CONTINUOUS
10
0.4463594881889764
20
0.7072105905511811
11
0.4469322440944882
21
0.7080677559055117
0
LINE
8
BLACK
6
CONTINUOUS
10
0.4469322440944882
20
0.7080677559055117
11
0.4477893700787401
21
0.7086404724409449
0
LINE
8
BLACK
6
CONTINUOUS
10
0.4477893700787401
20
0.7086404724409449
11
0.4480886614173228
21
0.7089397637795275
0
LINE
8
BLACK
6
CONTINUOUS
10
0.4480886614173228
20
0.7089397637795275
11
0.4485267716535433
21
0.7091331889763779
0
LINE
8
BLACK
6
CONTINUOUS
10
0.4485267716535433
20
0.7091331889763779
11
0.4494867322834645
21
0.7097746456692913
0
LINE
8
BLACK
6
CONTINUOUS
10
0.4494867322834645
20
0.7097746456692913
11
0.4503833858267716
21
0.7099529921259843
0
LINE
8
BLACK
6
CONTINUOUS
10
0.4503833858267716
20
0.7099529921259843
11
0.4508411417322835
21
0.7101551181102362
0
LINE
8
BLACK
6
CONTINUOUS
10
0.4508411417322835
20
0.7101551181102362
11
0.4521809448818898
21
0.7103105511811023
0
LINE
8
BLACK
6
CONTINUOUS
10
0.4521809448818898
20
0.7103105511811023
11
0.4525
21
0.7103740157480315
0
LINE
8
BLACK
6
CONTINUOUS
10
0.4525
20
0.7103740157480315
11
0.4875
21
0.7103740157480315
0
LINE
8
BLACK
6
CONTINUOUS
10
0.4875
20
0.7103740157480315
11
0.4878191732283464
21
0.7103105118110236
0
LINE
8
BLACK
6
CONTINUOUS
10
1.8528191732283463
20
0.7103105118110236
11
1.8541588188976377
21
0.7101551181102362
0
LINE
8
BLACK
6
CONTINUOUS
10
1.8541588188976377
20
0.7101551181102362
11
1.8546164960629921
21
0.7099529921259843
0
LINE
8
BLACK
6
CONTINUOUS
10
1.8546164960629921
20
0.7099529921259843
11
1.8555132677165354
21
0.7097746456692913
0
LINE
8
BLACK
6
CONTINUOUS
10
1.8555132677165354
20
0.7097746456692913
11
1.8564732677165354
21
0.7091331496062993
0
LINE
8
BLACK
6
CONTINUOUS
10
1.8564732677165354
20
0.7091331496062993
11
1.8569112992125985
21
0.7089397637795275
0
LINE
8
BLACK
6
CONTINUOUS
10
1.8569112992125985
20
0.7089397637795275
11
1.8572104724409448
21
0.7086405511811024
0
LINE
8
BLACK
6
CONTINUOUS
10
1.8572104724409448
20
0.7086405511811024
11
1.8580677559055119
21
0.7080677559055117
0
LINE
8
BLACK
6
CONTINUOUS
10
1.8580677559055119
20
0.7080677559055117
11
1.8586405511811024
21
0.7072104724409448
0
LINE
8
BLACK
6
CONTINUOUS
10
1.8586405511811024
20
0.7072104724409448
11
1.8589397637795275
21
0.7069112992125984
0
LINE
8
BLACK
6
CONTINUOUS
10
1.8589397637795275
20
0.7069112992125984
11
1.8591331496062993
21
0.7064732677165354
0
LINE
8
BLACK
6
CONTINUOUS
10
1.8591331496062993
20
0.7064732677165354
11
1.8597746456692914
21
0.7055132677165354
0
LINE
8
BLACK
6
CONTINUOUS
10
1.8597746456692914
20
0.7055132677165354
11
1.8599529921259843
21
0.7046164960629921
0
LINE
8
BLACK
6
CONTINUOUS
10
1.8599529921259843
20
0.7046164960629921
11
1.8601551181102363
21
0.7041588188976378
0
LINE
8
BLACK
6
CONTINUOUS
10
1.8601551181102363
20
0.7041588188976378
11
1.8603105118110235
21
0.7028190944881889
0
LINE
8
BLACK
6
CONTINUOUS
10
1.8603105118110235
20
0.7028190944881889
11
1.8603740157480315
21
0.7025
0
LINE
8
BLACK
6
CONTINUOUS
10
1.8603740157480315
20
0.7025
11
1.8603740157480315
21
0.6475
0
LINE
8
BLACK
6
CONTINUOUS
10
1.8603740157480315
20
0.6475
11
1.8603105118110235
21
0.6471808661417323
0
LINE
8
BLACK
6
CONTINUOUS
10
1.8603105118110235
20
0.6471808661417323
11
1.8601551181102363
21
0.6458411417322835
0
LINE
8
BLACK
6
CONTINUOUS
10
1.8601551181102363
20
0.6458411417322835
11
1.8599529921259843
21
0.6453833858267717
0
LINE
8
BLACK
6
CONTINUOUS
10
1.8599529921259843
20
0.6453833858267717
11
1.8597746456692914
21
0.6444867322834645
0
LINE
8
BLACK
6
CONTINUOUS
10
1.8597746456692914
20
0.6444867322834645
11
1.8591331889763778
21
0.6435267716535433
0
LINE
8
BLACK
6
CONTINUOUS
10
1.8591331889763778
20
0.6435267716535433
11
1.8589397637795275
21
0.6430886614173228
0
LINE
8
BLACK
6
CONTINUOUS
10
1.8589397637795275
20
0.6430886614173228
11
1.8586404724409449
21
0.6427893700787402
0
LINE
8
BLACK
6
CONTINUOUS
10
1.8586404724409449
20
0.6427893700787402
11
1.8580677559055119
21
0.6419322440944881
0
LINE
8
BLACK
6
CONTINUOUS
10
1.8580677559055119
20
0.6419322440944881
11
1.8572105905511811
21
0.6413594881889764
0
LINE
8
BLACK
6
CONTINUOUS
10
1.8572105905511811
20
0.6413594881889764
11
1.8569112992125985
21
0.6410601968503937
0
LINE
8
BLACK
6
CONTINUOUS
10
1.8569112992125985
20
0.6410601968503937
11
1.8564731102362204
21
0.6408666929133858
0
LINE
8
BLACK
6
CONTINUOUS
10
1.8564731102362204
20
0.6408666929133858
11
1.8555132677165354
21
0.6402253543307086
0
LINE
8
BLACK
6
CONTINUOUS
10
1.8555132677165354
20
0.6402253543307086
11
1.8546166929133858
21
0.6400470078740157
0
LINE
8
BLACK
6
CONTINUOUS
10
1.8546166929133858
20
0.6400470078740157
11
1.8541588188976377
21
0.639844842519685
0
LINE
8
BLACK
6
CONTINUOUS
10
1.8541588188976377
20
0.639844842519685
11
1.852818622047244
21
0.6396893307086614
0
LINE
8
BLACK
6
CONTINUOUS
10
1.852818622047244
20
0.6396893307086614
11
1.8525
21
0.6396259842519685
0
LINE
8
BLACK
6
CONTINUOUS
10
1.8525
20
0.6396259842519685
11
1.8522723228346456
21
0.6396259842519685
0
LINE
8
BLACK
6
CONTINUOUS
10
1.8522723228346456
20
0.6396259842519685
11
1.8177277165354331
21
0.6396259842519685
0
LINE
8
BLACK
6
CONTINUOUS
10
1.8177277165354331
20
0.6396259842519685
11
1.8174999999999999
21
0.6396259842519685
0
LINE
8
BLACK
6
CONTINUOUS
10
1.8174999999999999
20
0.6396259842519685
11
1.8171813385826772
21
0.6396893307086614
0
LINE
8
BLACK
6
CONTINUOUS
10
1.8171813385826772
20
0.6396893307086614
11
1.8158411417322835
21
0.639844842519685
0
LINE
8
BLACK
6
CONTINUOUS
10
1.8158411417322835
20
0.639844842519685
11
1.8153832283464566
21
0.6400470078740157
0
LINE
8
BLACK
6
CONTINUOUS
10
1.8153832283464566
20
0.6400470078740157
11
1.8144867322834646
21
0.6402253543307086
0
LINE
8
BLACK
6
CONTINUOUS
10
1.8144867322834646
20
0.6402253543307086
11
1.8135269291338583
21
0.6408666535433071
0
LINE
8
BLACK
6
CONTINUOUS
10
1.8135269291338583
20
0.6408666535433071
11
1.8130886614173227
21
0.6410601968503937
0
LINE
8
BLACK
6
CONTINUOUS
10
1.8130886614173227
20
0.6410601968503937
11
1.8127892519685038
21
0.6413595669291339
0
LINE
8
BLACK
6
CONTINUOUS
10
1.8127892519685038
20
0.6413595669291339
11
1.8119322440944881
21
0.6419322440944881
0
LINE
8
BLACK
6
CONTINUOUS
10
1.8119322440944881
20
0.6419322440944881
11
1.8113595669291338
21
0.6427892519685039
0
LINE
8
BLACK
6
CONTINUOUS
10
1.8113595669291338
20
0.6427892519685039
11
1.8110601968503937
21
0.6430886614173228
0
LINE
8
BLACK
6
CONTINUOUS
10
1.8110601968503937
20
0.6430886614173228
11
1.8108666535433071
21
0.6435269291338582
0
LINE
8
BLACK
6
CONTINUOUS
10
1.8108666535433071
20
0.6435269291338582
11
1.8102253543307085
21
0.6444867322834645
0
LINE
8
BLACK
6
CONTINUOUS
10
1.8102253543307085
20
0.6444867322834645
11
1.8100470078740156
21
0.6453832283464567
0
LINE
8
BLACK
6
CONTINUOUS
10
1.8100470078740156
20
0.6453832283464567
11
1.8098448425196849
21
0.6458411417322835
0
LINE
8
BLACK
6
CONTINUOUS
10
1.8098448425196849
20
0.6458411417322835
11
1.8096893307086614
21
0.6471814173228346
0
LINE
8
BLACK
6
CONTINUOUS
10
1.8096893307086614
20
0.6471814173228346
11
1.8096259842519684
21
0.6475
0
LINE
8
BLACK
6
CONTINUOUS
10
1.8096259842519684
20
0.6475
11
1.8096259842519684
21
0.7025
0
LINE
8
BLACK
6
CONTINUOUS
10
1.8096259842519684
20
0.7025
11
1.8096893700787402
21
0.7028187007874016
0
LINE
8
BLACK
6
CONTINUOUS
10
1.8096893700787402
20
0.7028187007874016
11
1.8098448425196849
21
0.7041588188976378
0
LINE
8
BLACK
6
CONTINUOUS
10
1.8098448425196849
20
0.7041588188976378
11
1.8100470078740156
21
0.7046166929133858
0
LINE
8
BLACK
6
CONTINUOUS
10
1.8100470078740156
20
0.7046166929133858
11
1.8102253543307085
21
0.7055132677165354
0
LINE
8
BLACK
6
CONTINUOUS
10
1.8102253543307085
20
0.7055132677165354
11
1.8108666929133859
21
0.7064731102362205
0
LINE
8
BLACK
6
CONTINUOUS
10
1.8108666929133859
20
0.7064731102362205
11
1.8110601968503937
21
0.7069112992125984
0
LINE
8
BLACK
6
CONTINUOUS
10
1.8110601968503937
20
0.7069112992125984
11
1.8113594881889763
21
0.7072105905511811
0
LINE
8
BLACK
6
CONTINUOUS
10
1.8113594881889763
20
0.7072105905511811
11
1.8119322440944881
21
0.7080677559055117
0
LINE
8
BLACK
6
CONTINUOUS
10
1.8119322440944881
20
0.7080677559055117
11
1.8127893700787401
21
0.7086404724409449
0
LINE
8
BLACK
6
CONTINUOUS
10
1.8127893700787401
20
0.7086404724409449
11
1.8130886614173227
21
0.7089397637795275
0
LINE
8
BLACK
6
CONTINUOUS
10
1.8130886614173227
20
0.7089397637795275
11
1.8135267716535433
21
0.7091331889763779
0
LINE
8
BLACK
6
CONTINUOUS
10
1.8135267716535433
20
0.7091331889763779
11
1.8144867322834646
21
0.7097746456692913
0
LINE
8
BLACK
6
CONTINUOUS
10
1.8144867322834646
20
0.7097746456692913
11
1.8153833858267716
21
0.7099529921259843
0
LINE
8
BLACK
6
CONTINUOUS
10
1.8153833858267716
20
0.7099529921259843
11
1.8158411417322835
21
0.7101551181102362
0
LINE
8
BLACK
6
CONTINUOUS
10
1.8158411417322835
20
0.7101551181102362
11
1.8171809448818896
21
0.7103105511811023
0
LINE
8
BLACK
6
CONTINUOUS
10
1.8171809448818896
20
0.7103105511811023
11
1.8174999999999999
21
0.7103740157480315
0
LINE
8
BLACK
6
CONTINUOUS
10
1.8174999999999999
20
0.7103740157480315
11
1.8525
21
0.7103740157480315
0
LINE
8
BLACK
6
CONTINUOUS
10
1.8525
20
0.7103740157480315
11
1.8528191732283463
21
0.7103105118110236
0
LINE
8
BLACK
6
CONTINUOUS
10
1.9278191732283465
20
0.7103105118110236
11
1.9291588188976379
21
0.7101551181102362
0
LINE
8
BLACK
6
CONTINUOUS
10
1.9291588188976379
20
0.7101551181102362
11
1.929616496062992
21
0.7099529921259843
0
LINE
8
BLACK
6
CONTINUOUS
10
1.929616496062992
20
0.7099529921259843
11
1.9305132677165353
21
0.7097746456692913
0
LINE
8
BLACK
6
CONTINUOUS
10
1.9305132677165353
20
0.7097746456692913
11
1.9314732677165354
21
0.7091331496062993
0
LINE
8
BLACK
6
CONTINUOUS
10
1.9314732677165354
20
0.7091331496062993
11
1.9319112992125984
21
0.7089397637795275
0
LINE
8
BLACK
6
CONTINUOUS
10
1.9319112992125984
20
0.7089397637795275
11
1.9322104724409448
21
0.7086405511811024
0
LINE
8
BLACK
6
CONTINUOUS
10
1.9322104724409448
20
0.7086405511811024
11
1.9330677559055118
21
0.7080677559055117
0
LINE
8
BLACK
6
CONTINUOUS
10
1.9330677559055118
20
0.7080677559055117
11
1.9336405511811023
21
0.7072104724409448
0
LINE
8
BLACK
6
CONTINUOUS
10
1.9336405511811023
20
0.7072104724409448
11
1.9339397637795275
21
0.7069112992125984
0
LINE
8
BLACK
6
CONTINUOUS
10
1.9339397637795275
20
0.7069112992125984
11
1.9341331496062992
21
0.7064732677165354
0
LINE
8
BLACK
6
CONTINUOUS
10
1.9341331496062992
20
0.7064732677165354
11
1.9347746456692914
21
0.7055132677165354
0
LINE
8
BLACK
6
CONTINUOUS
10
1.9347746456692914
20
0.7055132677165354
11
1.9349529921259843
21
0.7046164960629921
0
LINE
8
BLACK
6
CONTINUOUS
10
1.9349529921259843
20
0.7046164960629921
11
1.9351551181102362
21
0.7041588188976378
0
LINE
8
BLACK
6
CONTINUOUS
10
1.9351551181102362
20
0.7041588188976378
11
1.9353105118110236
21
0.7028190944881889
0
LINE
8
BLACK
6
CONTINUOUS
10
1.9353105118110236
20
0.7028190944881889
11
1.9353740157480315
21
0.7025
0
LINE
8
BLACK
6
CONTINUOUS
10
1.9353740157480315
20
0.7025
11
1.9353740157480315
21
0.6475
0
LINE
8
BLACK
6
CONTINUOUS
10
1.9353740157480315
20
0.6475
11
1.9353105118110236
21
0.6471808661417323
0
LINE
8
BLACK
6
CONTINUOUS
10
1.9353105118110236
20
0.6471808661417323
11
1.9351551181102362
21
0.6458411417322835
0
LINE
8
BLACK
6
CONTINUOUS
10
1.9351551181102362
20
0.6458411417322835
11
1.9349529921259843
21
0.6453833858267717
0
LINE
8
BLACK
6
CONTINUOUS
10
1.9349529921259843
20
0.6453833858267717
11
1.9347746456692914
21
0.6444867322834645
0
LINE
8
BLACK
6
CONTINUOUS
10
1.9347746456692914
20
0.6444867322834645
11
1.934133188976378
21
0.6435267716535433
0
LINE
8
BLACK
6
CONTINUOUS
10
1.934133188976378
20
0.6435267716535433
11
1.9339397637795275
21
0.6430886614173228
0
LINE
8
BLACK
6
CONTINUOUS
10
1.9339397637795275
20
0.6430886614173228
11
1.9336404724409448
21
0.6427893700787402
0
LINE
8
BLACK
6
CONTINUOUS
10
1.9336404724409448
20
0.6427893700787402
11
1.9330677559055118
21
0.6419322440944881
0
LINE
8
BLACK
6
CONTINUOUS
10
1.9330677559055118
20
0.6419322440944881
11
1.9322105905511811
21
0.6413594881889764
0
LINE
8
BLACK
6
CONTINUOUS
10
1.9322105905511811
20
0.6413594881889764
11
1.9319112992125984
21
0.6410601968503937
0
LINE
8
BLACK
6
CONTINUOUS
10
1.9319112992125984
20
0.6410601968503937
11
1.9314731102362204
21
0.6408666929133858
0
LINE
8
BLACK
6
CONTINUOUS
10
1.9314731102362204
20
0.6408666929133858
11
1.9305132677165353
21
0.6402253543307086
0
LINE
8
BLACK
6
CONTINUOUS
10
1.9305132677165353
20
0.6402253543307086
11
1.9296166929133858
21
0.6400470078740157
0
LINE
8
BLACK
6
CONTINUOUS
10
1.9296166929133858
20
0.6400470078740157
11
1.9291588188976379
21
0.639844842519685
0
LINE
8
BLACK
6
CONTINUOUS
10
1.9291588188976379
20
0.639844842519685
11
1.927818622047244
21
0.6396893307086614
0
LINE
8
BLACK
6
CONTINUOUS
10
1.927818622047244
20
0.6396893307086614
11
1.9275
21
0.6396259842519685
0
LINE
8
BLACK
6
CONTINUOUS
10
1.9275
20
0.6396259842519685
11
1.9272723228346456
21
0.6396259842519685
0
LINE
8
BLACK
6
CONTINUOUS
10
1.9272723228346456
20
0.6396259842519685
11
1.892727716535433
21
0.6396259842519685
0
LINE
8
BLACK
6
CONTINUOUS
10
1.892727716535433
20
0.6396259842519685
11
1.8924999999999998
21
0.6396259842519685
0
LINE
8
BLACK
6
CONTINUOUS
10
1.8924999999999998
20
0.6396259842519685
11
1.8921813385826771
21
0.6396893307086614
0
LINE
8
BLACK
6
CONTINUOUS
10
1.8921813385826771
20
0.6396893307086614
11
1.8908411417322835
21
0.639844842519685
0
LINE
8
BLACK
6
CONTINUOUS
10
1.8908411417322835
20
0.639844842519685
11
1.8903832283464566
21
0.6400470078740157
0
LINE
8
BLACK
6
CONTINUOUS
10
1.8903832283464566
20
0.6400470078740157
11
1.8894867322834645
21
0.6402253543307086
0
LINE
8
BLACK
6
CONTINUOUS
10
1.8894867322834645
20
0.6402253543307086
11
1.8885269291338582
21
0.6408666535433071
0
LINE
8
BLACK
6
CONTINUOUS
10
1.8885269291338582
20
0.6408666535433071
11
1.8880886614173229
21
0.6410601968503937
0
LINE
8
BLACK
6
CONTINUOUS
10
1.8880886614173229
20
0.6410601968503937
11
1.887789251968504
21
0.6413595669291339
0
LINE
8
BLACK
6
CONTINUOUS
10
1.887789251968504
20
0.6413595669291339
11
1.8869322440944882
21
0.6419322440944881
0
LINE
8
BLACK
6
CONTINUOUS
10
1.8869322440944882
20
0.6419322440944881
11
1.8863595669291338
21
0.6427892519685039
0
LINE
8
BLACK
6
CONTINUOUS
10
1.8863595669291338
20
0.6427892519685039
11
1.8860601968503936
21
0.6430886614173228
0
LINE
8
BLACK
6
CONTINUOUS
10
1.8860601968503936
20
0.6430886614173228
11
1.8858666535433071
21
0.6435269291338582
0
LINE
8
BLACK
6
CONTINUOUS
10
1.8858666535433071
20
0.6435269291338582
11
1.8852253543307087
21
0.6444867322834645
0
LINE
8
BLACK
6
CONTINUOUS
10
1.8852253543307087
20
0.6444867322834645
11
1.8850470078740158
21
0.6453832283464567
0
LINE
8
BLACK
6
CONTINUOUS
10
1.8850470078740158
20
0.6453832283464567
11
1.8848448425196851
21
0.6458411417322835
0
LINE
8
BLACK
6
CONTINUOUS
10
1.8848448425196851
20
0.6458411417322835
11
1.8846893307086614
21
0.6471814173228346
0
LINE
8
BLACK
6
CONTINUOUS
10
1.8846893307086614
20
0.6471814173228346
11
1.8846259842519684
21
0.6475
0
LINE
8
BLACK
6
CONTINUOUS
10
1.8846259842519684
20
0.6475
11
1.8846259842519684
21
0.7025
0
LINE
8
BLACK
6
CONTINUOUS
10
1.8846259842519684
20
0.7025
11
1.8846893700787402
21
0.7028187007874016
0
LINE
8
BLACK
6
CONTINUOUS
10
1.8846893700787402
20
0.7028187007874016
11
1.8848448425196851
21
0.7041588188976378
0
LINE
8
BLACK
6
CONTINUOUS
10
1.8848448425196851
20
0.7041588188976378
11
1.8850470078740158
21
0.7046166929133858
0
LINE
8
BLACK
6
CONTINUOUS
10
1.8850470078740158
20
0.7046166929133858
11
1.8852253543307087
21
0.7055132677165354
0
LINE
8
BLACK
6
CONTINUOUS
10
1.8852253543307087
20
0.7055132677165354
11
1.8858666929133858
21
0.7064731102362205
0
LINE
8
BLACK
6
CONTINUOUS
10
1.8858666929133858
20
0.7064731102362205
11
1.8860601968503936
21
0.7069112992125984
0
LINE
8
BLACK
6
CONTINUOUS
10
1.8860601968503936
20
0.7069112992125984
11
1.8863594881889763
21
0.7072105905511811
0
LINE
8
BLACK
6
CONTINUOUS
10
1.8863594881889763
20
0.7072105905511811
11
1.8869322440944882
21
0.7080677559055117
0
LINE
8
BLACK
6
CONTINUOUS
10
1.8869322440944882
20
0.7080677559055117
11
1.88778937007874
21
0.7086404724409449
0
LINE
8
BLACK
6
CONTINUOUS
10
1.88778937007874
20
0.7086404724409449
11
1.8880886614173229
21
0.7089397637795275
0
LINE
8
BLACK
6
CONTINUOUS
10
1.8880886614173229
20
0.7089397637795275
11
1.8885267716535432
21
0.7091331889763779
0
LINE
8
BLACK
6
CONTINUOUS
10
1.8885267716535432
20
0.7091331889763779
11
1.8894867322834645
21
0.7097746456692913
0
LINE
8
BLACK
6
CONTINUOUS
10
1.8894867322834645
20
0.7097746456692913
11
1.8903833858267716
21
0.7099529921259843
0
LINE
8
BLACK
6
CONTINUOUS
10
1.8903833858267716
20
0.7099529921259843
11
1.8908411417322835
21
0.7101551181102362
0
LINE
8
BLACK
6
CONTINUOUS
10
1.8908411417322835
20
0.7101551181102362
11
1.8921809448818898
21
0.7103105511811023
0
LINE
8
BLACK
6
CONTINUOUS
10
1.8921809448818898
20
0.7103105511811023
11
1.8924999999999998
21
0.7103740157480315
0
LINE
8
BLACK
6
CONTINUOUS
10
1.8924999999999998
20
0.7103740157480315
11
1.9275
21
0.7103740157480315
0
LINE
8
BLACK
6
CONTINUOUS
10
1.9275
20
0.7103740157480315
11
1.9278191732283465
21
0.7103105118110236
0
LINE
8
BLACK
6
CONTINUOUS
10
1.5553191732283465
20
0.7128105118110236
11
1.5566588188976378
21
0.7126551181102362
0
LINE
8
BLACK
6
CONTINUOUS
10
1.5566588188976378
20
0.7126551181102362
11
1.5571164960629922
21
0.7124529921259842
0
LINE
8
BLACK
6
CONTINUOUS
10
1.5571164960629922
20
0.7124529921259842
11
1.5580132677165355
21
0.7122746456692913
0
LINE
8
BLACK
6
CONTINUOUS
10
1.5580132677165355
20
0.7122746456692913
11
1.5589732677165353
21
0.7116331496062992
0
LINE
8
BLACK
6
CONTINUOUS
10
1.5589732677165353
20
0.7116331496062992
11
1.5594112992125984
21
0.7114397637795276
0
LINE
8
BLACK
6
CONTINUOUS
10
1.5594112992125984
20
0.7114397637795276
11
1.5597104724409447
21
0.7111405511811023
0
LINE
8
BLACK
6
CONTINUOUS
10
1.5597104724409447
20
0.7111405511811023
11
1.5605677559055118
21
0.7105677559055118
0
LINE
8
BLACK
6
CONTINUOUS
10
1.5605677559055118
20
0.7105677559055118
11
1.5611405511811023
21
0.7097104724409449
0
LINE
8
BLACK
6
CONTINUOUS
10
1.5611405511811023
20
0.7097104724409449
11
1.5614397637795274
21
0.7094112992125984
0
LINE
8
BLACK
6
CONTINUOUS
10
1.5614397637795274
20
0.7094112992125984
11
1.5616331496062992
21
0.7089732677165355
0
LINE
8
BLACK
6
CONTINUOUS
10
1.5616331496062992
20
0.7089732677165355
11
1.5622746456692913
21
0.7080132677165354
0
LINE
8
BLACK
6
CONTINUOUS
10
1.5622746456692913
20
0.7080132677165354
11
1.5624529921259842
21
0.7071164960629921
0
LINE
8
BLACK
6
CONTINUOUS
10
1.5624529921259842
20
0.7071164960629921
11
1.5626551181102362
21
0.7066588188976378
0
LINE
8
BLACK
6
CONTINUOUS
10
1.5626551181102362
20
0.7066588188976378
11
1.5628105118110236
21
0.705319094488189
0
LINE
8
BLACK
6
CONTINUOUS
10
1.5628105118110236
20
0.705319094488189
11
1.5628740157480314
21
0.705
0
LINE
8
BLACK
6
CONTINUOUS
10
1.5628740157480314
20
0.705
11
1.5628740157480314
21
0.65
0
LINE
8
BLACK
6
CONTINUOUS
10
1.5628740157480314
20
0.65
11
1.5628105118110236
21
0.6496808661417323
0
LINE
8
BLACK
6
CONTINUOUS
10
1.5628105118110236
20
0.6496808661417323
11
1.5626551181102362
21
0.6483411417322834
0
LINE
8
BLACK
6
CONTINUOUS
10
1.5626551181102362
20
0.6483411417322834
11
1.5624529921259842
21
0.6478833858267716
0
LINE
8
BLACK
6
CONTINUOUS
10
1.5624529921259842
20
0.6478833858267716
11
1.5622746456692913
21
0.6469867322834646
0
LINE
8
BLACK
6
CONTINUOUS
10
1.5622746456692913
20
0.6469867322834646
11
1.5616331889763779
21
0.6460267716535433
0
LINE
8
BLACK
6
CONTINUOUS
10
1.5616331889763779
20
0.6460267716535433
11
1.5614397637795274
21
0.6455886614173229
0
LINE
8
BLACK
6
CONTINUOUS
10
1.5614397637795274
20
0.6455886614173229
11
1.5611404724409448
21
0.6452893700787401
0
LINE
8
BLACK
6
CONTINUOUS
10
1.5611404724409448
20
0.6452893700787401
11
1.5605677559055118
21
0.6444322440944882
0
LINE
8
BLACK
6
CONTINUOUS
10
1.5605677559055118
20
0.6444322440944882
11
1.559710590551181
21
0.6438594881889763
0
LINE
8
BLACK
6
CONTINUOUS
10
1.559710590551181
20
0.6438594881889763
11
1.5594112992125984
21
0.6435601968503937
0
LINE
8
BLACK
6
CONTINUOUS
10
1.5594112992125984
20
0.6435601968503937
11
1.5589731102362205
21
0.6433666929133858
0
LINE
8
BLACK
6
CONTINUOUS
10
1.5589731102362205
20
0.6433666929133858
11
1.5580132677165355
21
0.6427253543307087
0
LINE
8
BLACK
6
CONTINUOUS
10
1.5580132677165355
20
0.6427253543307087
11
1.5571166929133857
21
0.6425470078740158
0
LINE
8
BLACK
6
CONTINUOUS
10
1.5571166929133857
20
0.6425470078740158
11
1.5566588188976378
21
0.642344842519685
0
LINE
8
BLACK
6
CONTINUOUS
10
1.5566588188976378
20
0.642344842519685
11
1.5553186220472441
21
0.6421893307086614
0
LINE
8
BLACK
6
CONTINUOUS
10
1.5553186220472441
20
0.6421893307086614
11
1.5549999999999999
21
0.6421259842519685
0
LINE
8
BLACK
6
CONTINUOUS
10
1.5549999999999999
20
0.6421259842519685
11
1.5547723228346457
21
0.6421259842519685
0
LINE
8
BLACK
6
CONTINUOUS
10
1.5547723228346457
20
0.6421259842519685
11
1.520227716535433
21
0.6421259842519685
0
LINE
8
BLACK
6
CONTINUOUS
10
1.520227716535433
20
0.6421259842519685
11
1.52
21
0.6421259842519685
0
LINE
8
BLACK
6
CONTINUOUS
10
1.52
20
0.6421259842519685
11
1.5196813385826771
21
0.6421893307086614
0
LINE
8
BLACK
6
CONTINUOUS
10
1.5196813385826771
20
0.6421893307086614
11
1.5183411417322834
21
0.642344842519685
0
LINE
8
BLACK
6
CONTINUOUS
10
1.5183411417322834
20
0.642344842519685
11
1.5178832283464567
21
0.6425470078740158
0
LINE
8
BLACK
6
CONTINUOUS
10
1.5178832283464567
20
0.6425470078740158
11
1.5169867322834645
21
0.6427253543307087
0
LINE
8
BLACK
6
CONTINUOUS
10
1.5169867322834645
20
0.6427253543307087
11
1.5160269291338582
21
0.643366653543307
0
LINE
8
BLACK
6
CONTINUOUS
10
1.5160269291338582
20
0.643366653543307
11
1.5155886614173228
21
0.6435601968503937
0
LINE
8
BLACK
6
CONTINUOUS
10
1.5155886614173228
20
0.6435601968503937
11
1.5152892519685039
21
0.6438595669291338
0
LINE
8
BLACK
6
CONTINUOUS
10
1.5152892519685039
20
0.6438595669291338
11
1.5144322440944882
21
0.6444322440944882
0
LINE
8
BLACK
6
CONTINUOUS
10
1.5144322440944882
20
0.6444322440944882
11
1.5138595669291339
21
0.645289251968504
0
LINE
8
BLACK
6
CONTINUOUS
10
1.5138595669291339
20
0.645289251968504
11
1.5135601968503936
21
0.6455886614173229
0
LINE
8
BLACK
6
CONTINUOUS
10
1.5135601968503936
20
0.6455886614173229
11
1.513366653543307
21
0.6460269291338583
0
LINE
8
BLACK
6
CONTINUOUS
10
1.513366653543307
20
0.6460269291338583
11
1.5127253543307086
21
0.6469867322834646
0
LINE
8
BLACK
6
CONTINUOUS
10
1.5127253543307086
20
0.6469867322834646
11
1.5125470078740157
21
0.6478832283464567
0
LINE
8
BLACK
6
CONTINUOUS
10
1.5125470078740157
20
0.6478832283464567
11
1.512344842519685
21
0.6483411417322834
0
LINE
8
BLACK
6
CONTINUOUS
10
1.512344842519685
20
0.6483411417322834
11
1.5121893307086614
21
0.6496814173228346
0
LINE
8
BLACK
6
CONTINUOUS
10
1.5121893307086614
20
0.6496814173228346
11
1.5121259842519685
21
0.65
0
LINE
8
BLACK
6
CONTINUOUS
10
1.5121259842519685
20
0.65
11
1.5121259842519685
21
0.705
0
LINE
8
BLACK
6
CONTINUOUS
10
1.5121259842519685
20
0.705
11
1.5121893700787401
21
0.7053187007874016
0
LINE
8
BLACK
6
CONTINUOUS
10
1.5121893700787401
20
0.7053187007874016
11
1.512344842519685
21
0.7066588188976378
0
LINE
8
BLACK
6
CONTINUOUS
10
1.512344842519685
20
0.7066588188976378
11
1.5125470078740157
21
0.7071166929133859
0
LINE
8
BLACK
6
CONTINUOUS
10
1.5125470078740157
20
0.7071166929133859
11
1.5127253543307086
21
0.7080132677165354
0
LINE
8
BLACK
6
CONTINUOUS
10
1.5127253543307086
20
0.7080132677165354
11
1.5133666929133858
21
0.7089731102362204
0
LINE
8
BLACK
6
CONTINUOUS
10
1.5133666929133858
20
0.7089731102362204
11
1.5135601968503936
21
0.7094112992125984
0
LINE
8
BLACK
6
CONTINUOUS
10
1.5135601968503936
20
0.7094112992125984
11
1.5138594881889764
21
0.7097105905511811
0
LINE
8
BLACK
6
CONTINUOUS
10
1.5138594881889764
20
0.7097105905511811
11
1.5144322440944882
21
0.7105677559055118
0
LINE
8
BLACK
6
CONTINUOUS
10
1.5144322440944882
20
0.7105677559055118
11
1.5152893700787402
21
0.7111404724409449
0
LINE
8
BLACK
6
CONTINUOUS
10
1.5152893700787402
20
0.7111404724409449
11
1.5155886614173228
21
0.7114397637795276
0
LINE
8
BLACK
6
CONTINUOUS
10
1.5155886614173228
20
0.7114397637795276
11
1.5160267716535434
21
0.711633188976378
0
LINE
8
BLACK
6
CONTINUOUS
10
1.5160267716535434
20
0.711633188976378
11
1.5169867322834645
21
0.7122746456692913
0
LINE
8
BLACK
6
CONTINUOUS
10
1.5169867322834645
20
0.7122746456692913
11
1.5178833858267715
21
0.7124529921259842
0
LINE
8
BLACK
6
CONTINUOUS
10
1.5178833858267715
20
0.7124529921259842
11
1.5183411417322834
21
0.7126551181102362
0
LINE
8
BLACK
6
CONTINUOUS
10
1.5183411417322834
20
0.7126551181102362
11
1.5196809448818898
21
0.7128105511811024
0
LINE
8
BLACK
6
CONTINUOUS
10
1.5196809448818898
20
0.7128105511811024
11
1.52
21
0.7128740157480314
0
LINE
8
BLACK
6
CONTINUOUS
10
1.52
20
0.7128740157480314
11
1.5549999999999999
21
0.7128740157480314
0
LINE
8
BLACK
6
CONTINUOUS
10
1.5549999999999999
20
0.7128740157480314
11
1.5553191732283465
21
0.7128105118110236
0
LINE
8
BLACK
6
CONTINUOUS
10
1.6303191732283464
20
0.7128105118110236
11
1.6316588188976378
21
0.7126551181102362
0
LINE
8
BLACK
6
CONTINUOUS
10
1.6316588188976378
20
0.7126551181102362
11
1.6321164960629921
21
0.7124529921259842
0
LINE
8
BLACK
6
CONTINUOUS
10
1.6321164960629921
20
0.7124529921259842
11
1.6330132677165354
21
0.7122746456692913
0
LINE
8
BLACK
6
CONTINUOUS
10
1.6330132677165354
20
0.7122746456692913
11
1.6339732677165355
21
0.7116331496062992
0
LINE
8
BLACK
6
CONTINUOUS
10
1.6339732677165355
20
0.7116331496062992
11
1.6344112992125983
21
0.7114397637795276
0
LINE
8
BLACK
6
CONTINUOUS
10
1.6344112992125983
20
0.7114397637795276
11
1.6347104724409449
21
0.7111405511811023
0
LINE
8
BLACK
6
CONTINUOUS
10
1.6347104724409449
20
0.7111405511811023
11
1.6355677559055117
21
0.7105677559055118
0
LINE
8
BLACK
6
CONTINUOUS
10
1.6355677559055117
20
0.7105677559055118
11
1.6361405511811022
21
0.7097104724409449
0
LINE
8
BLACK
6
CONTINUOUS
10
1.6361405511811022
20
0.7097104724409449
11
1.6364397637795276
21
0.7094112992125984
0
LINE
8
BLACK
6
CONTINUOUS
10
1.6364397637795276
20
0.7094112992125984
11
1.6366331496062991
21
0.7089732677165355
0
LINE
8
BLACK
6
CONTINUOUS
10
1.6366331496062991
20
0.7089732677165355
11
1.6372746456692913
21
0.7080132677165354
0
LINE
8
BLACK
6
CONTINUOUS
10
1.6372746456692913
20
0.7080132677165354
11
1.6374529921259842
21
0.7071164960629921
0
LINE
8
BLACK
6
CONTINUOUS
10
1.6374529921259842
20
0.7071164960629921
11
1.6376551181102361
21
0.7066588188976378
0
LINE
8
BLACK
6
CONTINUOUS
10
1.6376551181102361
20
0.7066588188976378
11
1.6378105118110236
21
0.705319094488189
0
LINE
8
BLACK
6
CONTINUOUS
10
1.6378105118110236
20
0.705319094488189
11
1.6378740157480314
21
0.705
0
LINE
8
BLACK
6
CONTINUOUS
10
1.6378740157480314
20
0.705
11
1.6378740157480314
21
0.65
0
LINE
8
BLACK
6
CONTINUOUS
10
1.6378740157480314
20
0.65
11
1.6378105118110236
21
0.6496808661417323
0
LINE
8
BLACK
6
CONTINUOUS
10
1.6378105118110236
20
0.6496808661417323
11
1.6376551181102361
21
0.6483411417322834
0
LINE
8
BLACK
6
CONTINUOUS
10
1.6376551181102361
20
0.6483411417322834
11
1.6374529921259842
21
0.6478833858267716
0
LINE
8
BLACK
6
CONTINUOUS
10
1.6374529921259842
20
0.6478833858267716
11
1.6372746456692913
21
0.6469867322834646
0
LINE
8
BLACK
6
CONTINUOUS
10
1.6372746456692913
20
0.6469867322834646
11
1.6366331889763779
21
0.6460267716535433
0
LINE
8
BLACK
6
CONTINUOUS
10
1.6366331889763779
20
0.6460267716535433
11
1.6364397637795276
21
0.6455886614173229
0
LINE
8
BLACK
6
CONTINUOUS
10
1.6364397637795276
20
0.6455886614173229
11
1.6361404724409447
21
0.6452893700787401
0
LINE
8
BLACK
6
CONTINUOUS
10
1.6361404724409447
20
0.6452893700787401
11
1.6355677559055117
21
0.6444322440944882
0
LINE
8
BLACK
6
CONTINUOUS
10
1.6355677559055117
20
0.6444322440944882
11
1.6347105905511812
21
0.6438594881889763
0
LINE
8
BLACK
6
CONTINUOUS
10
1.6347105905511812
20
0.6438594881889763
11
1.6344112992125983
21
0.6435601968503937
0
LINE
8
BLACK
6
CONTINUOUS
10
1.6344112992125983
20
0.6435601968503937
11
1.6339731102362205
21
0.6433666929133858
0
LINE
8
BLACK
6
CONTINUOUS
10
1.6339731102362205
20
0.6433666929133858
11
1.6330132677165354
21
0.6427253543307087
0
LINE
8
BLACK
6
CONTINUOUS
10
1.6330132677165354
20
0.6427253543307087
11
1.6321166929133857
21
0.6425470078740158
0
LINE
8
BLACK
6
CONTINUOUS
10
1.6321166929133857
20
0.6425470078740158
11
1.6316588188976378
21
0.642344842519685
0
LINE
8
BLACK
6
CONTINUOUS
10
1.6316588188976378
20
0.642344842519685
11
1.6303186220472441
21
0.6421893307086614
0
LINE
8
BLACK
6
CONTINUOUS
10
1.6303186220472441
20
0.6421893307086614
11
1.6299999999999999
21
0.6421259842519685
0
LINE
8
BLACK
6
CONTINUOUS
10
1.6299999999999999
20
0.6421259842519685
11
1.6297723228346457
21
0.6421259842519685
0
LINE
8
BLACK
6
CONTINUOUS
10
1.6297723228346457
20
0.6421259842519685
11
1.5952277165354329
21
0.6421259842519685
0
LINE
8
BLACK
6
CONTINUOUS
10
1.5952277165354329
20
0.6421259842519685
11
1.595
21
0.6421259842519685
0
LINE
8
BLACK
6
CONTINUOUS
10
1.595
20
0.6421259842519685
11
1.594681338582677
21
0.6421893307086614
0
LINE
8
BLACK
6
CONTINUOUS
10
1.594681338582677
20
0.6421893307086614
11
1.5933411417322834
21
0.642344842519685
0
LINE
8
BLACK
6
CONTINUOUS
10
1.5933411417322834
20
0.642344842519685
11
1.5928832283464567
21
0.6425470078740158
0
LINE
8
BLACK
6
CONTINUOUS
10
1.5928832283464567
20
0.6425470078740158
11
1.5919867322834644
21
0.6427253543307087
0
LINE
8
BLACK
6
CONTINUOUS
10
1.5919867322834644
20
0.6427253543307087
11
1.5910269291338581
21
0.643366653543307
0
LINE
8
BLACK
6
CONTINUOUS
10
1.5910269291338581
20
0.643366653543307
11
1.5905886614173228
21
0.6435601968503937
0
LINE
8
BLACK
6
CONTINUOUS
10
1.5905886614173228
20
0.6435601968503937
11
1.5902892519685039
21
0.6438595669291338
0
LINE
8
BLACK
6
CONTINUOUS
10
1.5902892519685039
20
0.6438595669291338
11
1.5894322440944881
21
0.6444322440944882
0
LINE
8
BLACK
6
CONTINUOUS
10
1.5894322440944881
20
0.6444322440944882
11
1.5888595669291339
21
0.645289251968504
0
LINE
8
BLACK
6
CONTINUOUS
10
1.5888595669291339
20
0.645289251968504
11
1.5885601968503937
21
0.6455886614173229
0
LINE
8
BLACK
6
CONTINUOUS
10
1.5885601968503937
20
0.6455886614173229
11
1.588366653543307
21
0.6460269291338583
0
LINE
8
BLACK
6
CONTINUOUS
10
1.588366653543307
20
0.6460269291338583
11
1.5877253543307086
21
0.6469867322834646
0
LINE
8
BLACK
6
CONTINUOUS
10
1.5877253543307086
20
0.6469867322834646
11
1.5875470078740157
21
0.6478832283464567
0
LINE
8
BLACK
6
CONTINUOUS
10
1.5875470078740157
20
0.6478832283464567
11
1.587344842519685
21
0.6483411417322834
0
LINE
8
BLACK
6
CONTINUOUS
10
1.587344842519685
20
0.6483411417322834
11
1.5871893307086613
21
0.6496814173228346
0
LINE
8
BLACK
6
CONTINUOUS
10
1.5871893307086613
20
0.6496814173228346
11
1.5871259842519685
21
0.65
0
LINE
8
BLACK
6
CONTINUOUS
10
1.5871259842519685
20
0.65
11
1.5871259842519685
21
0.705
0
LINE
8
BLACK
6
CONTINUOUS
10
1.5871259842519685
20
0.705
11
1.5871893700787401
21
0.7053187007874016
0
LINE
8
BLACK
6
CONTINUOUS
10
1.5871893700787401
20
0.7053187007874016
11
1.587344842519685
21
0.7066588188976378
0
LINE
8
BLACK
6
CONTINUOUS
10
1.587344842519685
20
0.7066588188976378
11
1.5875470078740157
21
0.7071166929133859
0
LINE
8
BLACK
6
CONTINUOUS
10
1.5875470078740157
20
0.7071166929133859
11
1.5877253543307086
21
0.7080132677165354
0
LINE
8
BLACK
6
CONTINUOUS
10
1.5877253543307086
20
0.7080132677165354
11
1.5883666929133857
21
0.7089731102362204
0
LINE
8
BLACK
6
CONTINUOUS
10
1.5883666929133857
20
0.7089731102362204
11
1.5885601968503937
21
0.7094112992125984
0
LINE
8
BLACK
6
CONTINUOUS
10
1.5885601968503937
20
0.7094112992125984
11
1.5888594881889764
21
0.7097105905511811
0
LINE
8
BLACK
6
CONTINUOUS
10
1.5888594881889764
20
0.7097105905511811
11
1.5894322440944881
21
0.7105677559055118
0
LINE
8
BLACK
6
CONTINUOUS
10
1.5894322440944881
20
0.7105677559055118
11
1.5902893700787402
21
0.7111404724409449
0
LINE
8
BLACK
6
CONTINUOUS
10
1.5902893700787402
20
0.7111404724409449
11
1.5905886614173228
21
0.7114397637795276
0
LINE
8
BLACK
6
CONTINUOUS
10
1.5905886614173228
20
0.7114397637795276
11
1.5910267716535433
21
0.711633188976378
0
LINE
8
BLACK
6
CONTINUOUS
10
1.5910267716535433
20
0.711633188976378
11
1.5919867322834644
21
0.7122746456692913
0
LINE
8
BLACK
6
CONTINUOUS
10
1.5919867322834644
20
0.7122746456692913
11
1.5928833858267717
21
0.7124529921259842
0
LINE
8
BLACK
6
CONTINUOUS
10
1.5928833858267717
20
0.7124529921259842
11
1.5933411417322834
21
0.7126551181102362
0
LINE
8
BLACK
6
CONTINUOUS
10
1.5933411417322834
20
0.7126551181102362
11
1.5946809448818897
21
0.7128105511811024
0
LINE
8
BLACK
6
CONTINUOUS
10
1.5946809448818897
20
0.7128105511811024
11
1.595
21
0.7128740157480314
0
LINE
8
BLACK
6
CONTINUOUS
10
1.595
20
0.7128740157480314
11
1.6299999999999999
21
0.7128740157480314
0
LINE
8
BLACK
6
CONTINUOUS
10
1.6299999999999999
20
0.7128740157480314
11
1.6303191732283464
21
0.7128105118110236
0
LINE
8
BLACK
6
CONTINUOUS
10
1.3428191732283463
20
0.7228105118110236
11
1.3441588188976377
21
0.7226551181102362
0
LINE
8
BLACK
6
CONTINUOUS
10
1.3441588188976377
20
0.7226551181102362
11
1.3446164960629921
21
0.7224529921259842
0
LINE
8
BLACK
6
CONTINUOUS
10
1.3446164960629921
20
0.7224529921259842
11
1.3455132677165353
21
0.7222746456692913
0
LINE
8
BLACK
6
CONTINUOUS
10
1.3455132677165353
20
0.7222746456692913
11
1.3464732677165354
21
0.7216331496062992
0
LINE
8
BLACK
6
CONTINUOUS
10
1.3464732677165354
20
0.7216331496062992
11
1.3469112992125984
21
0.7214397637795276
0
LINE
8
BLACK
6
CONTINUOUS
10
1.3469112992125984
20
0.7214397637795276
11
1.3472104724409448
21
0.7211405511811023
0
LINE
8
BLACK
6
CONTINUOUS
10
1.3472104724409448
20
0.7211405511811023
11
1.3480677559055119
21
0.7205677559055118
0
LINE
8
BLACK
6
CONTINUOUS
10
1.3480677559055119
20
0.7205677559055118
11
1.3486405511811024
21
0.7197104724409449
0
LINE
8
BLACK
6
CONTINUOUS
10
1.3486405511811024
20
0.7197104724409449
11
1.3489397637795275
21
0.7194112992125984
0
LINE
8
BLACK
6
CONTINUOUS
10
1.3489397637795275
20
0.7194112992125984
11
1.3491331496062993
21
0.7189732677165355
0
LINE
8
BLACK
6
CONTINUOUS
10
1.3491331496062993
20
0.7189732677165355
11
1.3497746456692914
21
0.7180132677165354
0
LINE
8
BLACK
6
CONTINUOUS
10
1.3497746456692914
20
0.7180132677165354
11
1.3499529921259843
21
0.7171164960629921
0
LINE
8
BLACK
6
CONTINUOUS
10
1.3499529921259843
20
0.7171164960629921
11
1.3501551181102363
21
0.7166588188976378
0
LINE
8
BLACK
6
CONTINUOUS
10
1.3501551181102363
20
0.7166588188976378
11
1.3503105118110237
21
0.715319094488189
0
LINE
8
BLACK
6
CONTINUOUS
10
1.3503105118110237
20
0.715319094488189
11
1.3503740157480315
21
0.715
0
LINE
8
BLACK
6
CONTINUOUS
10
1.3503740157480315
20
0.715
11
1.3503740157480315
21
0.6799999999999999
0
LINE
8
BLACK
6
CONTINUOUS
10
1.3503740157480315
20
0.6799999999999999
11
1.3503105118110237
21
0.6796808661417323
0
LINE
8
BLACK
6
CONTINUOUS
10
1.3503105118110237
20
0.6796808661417323
11
1.3501551181102363
21
0.6783411417322834
0
LINE
8
BLACK
6
CONTINUOUS
10
1.3501551181102363
20
0.6783411417322834
11
1.3499529921259843
21
0.6778833858267717
0
LINE
8
BLACK
6
CONTINUOUS
10
1.3499529921259843
20
0.6778833858267717
11
1.3497746456692914
21
0.6769867322834645
0
LINE
8
BLACK
6
CONTINUOUS
10
1.3497746456692914
20
0.6769867322834645
11
1.349133188976378
21
0.6760267716535433
0
LINE
8
BLACK
6
CONTINUOUS
10
1.349133188976378
20
0.6760267716535433
11
1.3489397637795275
21
0.6755886614173228
0
LINE
8
BLACK
6
CONTINUOUS
10
1.3489397637795275
20
0.6755886614173228
11
1.3486404724409449
21
0.6752893700787401
0
LINE
8
BLACK
6
CONTINUOUS
10
1.3486404724409449
20
0.6752893700787401
11
1.3480677559055119
21
0.6744322440944882
0
LINE
8
BLACK
6
CONTINUOUS
10
1.3480677559055119
20
0.6744322440944882
11
1.3472105905511811
21
0.6738594881889763
0
LINE
8
BLACK
6
CONTINUOUS
10
1.3472105905511811
20
0.6738594881889763
11
1.3469112992125984
21
0.6735601968503937
0
LINE
8
BLACK
6
CONTINUOUS
10
1.3469112992125984
20
0.6735601968503937
11
1.3464731102362204
21
0.6733666929133858
0
LINE
8
BLACK
6
CONTINUOUS
10
1.3464731102362204
20
0.6733666929133858
11
1.3455132677165353
21
0.6727253543307087
0
LINE
8
BLACK
6
CONTINUOUS
10
1.3455132677165353
20
0.6727253543307087
11
1.3446166929133858
21
0.6725470078740158
0
LINE
8
BLACK
6
CONTINUOUS
10
1.3446166929133858
20
0.6725470078740158
11
1.3441588188976377
21
0.6723448425196851
0
LINE
8
BLACK
6
CONTINUOUS
10
1.3441588188976377
20
0.6723448425196851
11
1.342818622047244
21
0.6721893307086614
0
LINE
8
BLACK
6
CONTINUOUS
10
1.342818622047244
20
0.6721893307086614
11
1.3425
21
0.6721259842519685
0
LINE
8
BLACK
6
CONTINUOUS
10
1.3425
20
0.6721259842519685
11
1.3422723228346456
21
0.6721259842519685
0
LINE
8
BLACK
6
CONTINUOUS
10
1.3422723228346456
20
0.6721259842519685
11
1.2877277165354331
21
0.6721259842519685
0
LINE
8
BLACK
6
CONTINUOUS
10
1.2877277165354331
20
0.6721259842519685
11
1.2874999999999999
21
0.6721259842519685
0
LINE
8
BLACK
6
CONTINUOUS
10
1.2874999999999999
20
0.6721259842519685
11
1.2871813385826771
21
0.6721893307086614
0
LINE
8
BLACK
6
CONTINUOUS
10
1.2871813385826771
20
0.6721893307086614
11
1.2858411417322835
21
0.6723448425196851
0
LINE
8
BLACK
6
CONTINUOUS
10
1.2858411417322835
20
0.6723448425196851
11
1.2853832283464566
21
0.6725470078740158
0
LINE
8
BLACK
6
CONTINUOUS
10
1.2853832283464566
20
0.6725470078740158
11
1.2844867322834645
21
0.6727253543307087
0
LINE
8
BLACK
6
CONTINUOUS
10
1.2844867322834645
20
0.6727253543307087
11
1.2835269291338582
21
0.673366653543307
0
LINE
8
BLACK
6
CONTINUOUS
10
1.2835269291338582
20
0.673366653543307
11
1.2830886614173227
21
0.6735601968503937
0
LINE
8
BLACK
6
CONTINUOUS
10
1.2830886614173227
20
0.6735601968503937
11
1.282789251968504
21
0.6738595669291338
0
LINE
8
BLACK
6
CONTINUOUS
10
1.282789251968504
20
0.6738595669291338
11
1.2819322440944882
21
0.6744322440944882
0
LINE
8
BLACK
6
CONTINUOUS
10
1.2819322440944882
20
0.6744322440944882
11
1.2813595669291338
21
0.6752892519685039
0
LINE
8
BLACK
6
CONTINUOUS
10
1.2813595669291338
20
0.6752892519685039
11
1.2810601968503936
21
0.6755886614173228
0
LINE
8
BLACK
6
CONTINUOUS
10
1.2810601968503936
20
0.6755886614173228
11
1.2808666535433071
21
0.6760269291338582
0
LINE
8
BLACK
6
CONTINUOUS
10
1.2808666535433071
20
0.6760269291338582
11
1.2802253543307087
21
0.6769867322834645
0
LINE
8
BLACK
6
CONTINUOUS
10
1.2802253543307087
20
0.6769867322834645
11
1.2800470078740158
21
0.6778832283464566
0
LINE
8
BLACK
6
CONTINUOUS
10
1.2800470078740158
20
0.6778832283464566
11
1.2798448425196851
21
0.6783411417322834
0
LINE
8
BLACK
6
CONTINUOUS
10
1.2798448425196851
20
0.6783411417322834
11
1.2796893307086614
21
0.6796814173228346
0
LINE
8
BLACK
6
CONTINUOUS
10
1.2796893307086614
20
0.6796814173228346
11
1.2796259842519684
21
0.6799999999999999
0
LINE
8
BLACK
6
CONTINUOUS
10
1.2796259842519684
20
0.6799999999999999
11
1.2796259842519684
21
0.715
0
LINE
8
BLACK
6
CONTINUOUS
10
1.2796259842519684
20
0.715
11
1.2796893700787402
21
0.7153187007874016
0
LINE
8
BLACK
6
CONTINUOUS
10
1.2796893700787402
20
0.7153187007874016
11
1.2798448425196851
21
0.7166588188976378
0
LINE
8
BLACK
6
CONTINUOUS
10
1.2798448425196851
20
0.7166588188976378
11
1.2800470078740158
21
0.7171166929133858
0
LINE
8
BLACK
6
CONTINUOUS
10
1.2800470078740158
20
0.7171166929133858
11
1.2802253543307087
21
0.7180132677165354
0
LINE
8
BLACK
6
CONTINUOUS
10
1.2802253543307087
20
0.7180132677165354
11
1.2808666929133858
21
0.7189731102362205
0
LINE
8
BLACK
6
CONTINUOUS
10
1.2808666929133858
20
0.7189731102362205
11
1.2810601968503936
21
0.7194112992125984
0
LINE
8
BLACK
6
CONTINUOUS
10
1.2810601968503936
20
0.7194112992125984
11
1.2813594881889763
21
0.7197105905511811
0
LINE
8
BLACK
6
CONTINUOUS
10
1.2813594881889763
20
0.7197105905511811
11
1.2819322440944882
21
0.7205677559055118
0
LINE
8
BLACK
6
CONTINUOUS
10
1.2819322440944882
20
0.7205677559055118
11
1.2827893700787401
21
0.7211404724409448
0
LINE
8
BLACK
6
CONTINUOUS
10
1.2827893700787401
20
0.7211404724409448
11
1.2830886614173227
21
0.7214397637795276
0
LINE
8
BLACK
6
CONTINUOUS
10
1.2830886614173227
20
0.7214397637795276
11
1.2835267716535432
21
0.721633188976378
0
LINE
8
BLACK
6
CONTINUOUS
10
1.2835267716535432
20
0.721633188976378
11
1.2844867322834645
21
0.7222746456692913
0
LINE
8
BLACK
6
CONTINUOUS
10
1.2844867322834645
20
0.7222746456692913
11
1.2853833858267716
21
0.7224529921259842
0
LINE
8
BLACK
6
CONTINUOUS
10
1.2853833858267716
20
0.7224529921259842
11
1.2858411417322835
21
0.7226551181102362
0
LINE
8
BLACK
6
CONTINUOUS
10
1.2858411417322835
20
0.7226551181102362
11
1.2871809448818898
21
0.7228105511811024
0
LINE
8
BLACK
6
CONTINUOUS
10
1.2871809448818898
20
0.7228105511811024
11
1.2874999999999999
21
0.7228740157480315
0
LINE
8
BLACK
6
CONTINUOUS
10
1.2874999999999999
20
0.7228740157480315
11
1.3425
21
0.7228740157480315
0
LINE
8
BLACK
6
CONTINUOUS
10
1.3425
20
0.7228740157480315
11
1.3428191732283463
21
0.7228105118110236
0
LINE
8
BLACK
6
CONTINUOUS
10
1.0353191732283464
20
0.8303105118110236
11
1.0366588188976378
21
0.8301551181102362
0
LINE
8
BLACK
6
CONTINUOUS
10
1.0366588188976378
20
0.8301551181102362
11
1.0371164960629922
21
0.8299529921259843
0
LINE
8
BLACK
6
CONTINUOUS
10
1.0371164960629922
20
0.8299529921259843
11
1.0380132677165355
21
0.8297746456692913
0
LINE
8
BLACK
6
CONTINUOUS
10
1.0380132677165355
20
0.8297746456692913
11
1.0389732677165353
21
0.8291331496062992
0
LINE
8
BLACK
6
CONTINUOUS
10
1.0389732677165353
20
0.8291331496062992
11
1.0394112992125983
21
0.8289397637795275
0
LINE
8
BLACK
6
CONTINUOUS
10
1.0394112992125983
20
0.8289397637795275
11
1.0397104724409449
21
0.8286405511811024
0
LINE
8
BLACK
6
CONTINUOUS
10
1.0397104724409449
20
0.8286405511811024
11
1.0405677559055118
21
0.8280677559055117
0
LINE
8
BLACK
6
CONTINUOUS
10
1.0405677559055118
20
0.8280677559055117
11
1.0411405511811023
21
0.8272104724409448
0
LINE
8
BLACK
6
CONTINUOUS
10
1.0411405511811023
20
0.8272104724409448
11
1.0414397637795276
21
0.8269112992125984
0
LINE
8
BLACK
6
CONTINUOUS
10
1.0414397637795276
20
0.8269112992125984
11
1.0416331496062992
21
0.8264732677165354
0
LINE
8
BLACK
6
CONTINUOUS
10
1.0416331496062992
20
0.8264732677165354
11
1.0422746456692913
21
0.8255132677165354
0
LINE
8
BLACK
6
CONTINUOUS
10
1.0422746456692913
20
0.8255132677165354
11
1.0424529921259842
21
0.8246164960629921
0
LINE
8
BLACK
6
CONTINUOUS
10
1.0424529921259842
20
0.8246164960629921
11
1.0426551181102361
21
0.8241588188976378
0
LINE
8
BLACK
6
CONTINUOUS
10
1.0426551181102361
20
0.8241588188976378
11
1.0428105118110236
21
0.8228190944881889
0
LINE
8
BLACK
6
CONTINUOUS
10
1.0428105118110236
20
0.8228190944881889
11
1.0428740157480314
21
0.8225
0
LINE
8
BLACK
6
CONTINUOUS
10
1.0428740157480314
20
0.8225
11
1.0428740157480314
21
0.7675
0
LINE
8
BLACK
6
CONTINUOUS
10
1.0428740157480314
20
0.7675
11
1.0428105118110236
21
0.7671808661417323
0
LINE
8
BLACK
6
CONTINUOUS
10
1.0428105118110236
20
0.7671808661417323
11
1.0426551181102361
21
0.7658411417322835
0
LINE
8
BLACK
6
CONTINUOUS
10
1.0426551181102361
20
0.7658411417322835
11
1.0424529921259842
21
0.7653833858267717
0
LINE
8
BLACK
6
CONTINUOUS
10
1.0424529921259842
20
0.7653833858267717
11
1.0422746456692913
21
0.7644867322834645
0
LINE
8
BLACK
6
CONTINUOUS
10
1.0422746456692913
20
0.7644867322834645
11
1.0416331889763779
21
0.7635267716535433
0
LINE
8
BLACK
6
CONTINUOUS
10
1.0416331889763779
20
0.7635267716535433
11
1.0414397637795276
21
0.7630886614173228
0
LINE
8
BLACK
6
CONTINUOUS
10
1.0414397637795276
20
0.7630886614173228
11
1.0411404724409448
21
0.7627893700787401
0
LINE
8
BLACK
6
CONTINUOUS
10
1.0411404724409448
20
0.7627893700787401
11
1.0405677559055118
21
0.7619322440944881
0
LINE
8
BLACK
6
CONTINUOUS
10
1.0405677559055118
20
0.7619322440944881
11
1.039710590551181
21
0.7613594881889764
0
LINE
8
BLACK
6
CONTINUOUS
10
1.039710590551181
20
0.7613594881889764
11
1.0394112992125983
21
0.7610601968503937
0
LINE
8
BLACK
6
CONTINUOUS
10
1.0394112992125983
20
0.7610601968503937
11
1.0389731102362205
21
0.7608666929133858
0
LINE
8
BLACK
6
CONTINUOUS
10
1.0389731102362205
20
0.7608666929133858
11
1.0380132677165355
21
0.7602253543307086
0
LINE
8
BLACK
6
CONTINUOUS
10
1.0380132677165355
20
0.7602253543307086
11
1.0371166929133857
21
0.7600470078740157
0
LINE
8
BLACK
6
CONTINUOUS
10
1.0371166929133857
20
0.7600470078740157
11
1.0366588188976378
21
0.759844842519685
0
LINE
8
BLACK
6
CONTINUOUS
10
1.0366588188976378
20
0.759844842519685
11
1.0353186220472441
21
0.7596893307086614
0
LINE
8
BLACK
6
CONTINUOUS
10
1.0353186220472441
20
0.7596893307086614
11
1.0349999999999999
21
0.7596259842519685
0
LINE
8
BLACK
6
CONTINUOUS
10
1.0349999999999999
20
0.7596259842519685
11
1.0347723228346457
21
0.7596259842519685
0
LINE
8
BLACK
6
CONTINUOUS
10
1.0347723228346457
20
0.7596259842519685
11
1.000227716535433
21
0.7596259842519685
0
LINE
8
BLACK
6
CONTINUOUS
10
1.000227716535433
20
0.7596259842519685
11
1.
21
0.7596259842519685
0
LINE
8
BLACK
6
CONTINUOUS
10
1.
20
0.7596259842519685
11
0.9996813385826772
21
0.7596893307086614
0
LINE
8
BLACK
6
CONTINUOUS
10
0.9996813385826772
20
0.7596893307086614
11
0.9983411417322834
21
0.759844842519685
0
LINE
8
BLACK
6
CONTINUOUS
10
0.9983411417322834
20
0.759844842519685
11
0.9978832283464567
21
0.7600470078740157
0
LINE
8
BLACK
6
CONTINUOUS
10
0.9978832283464567
20
0.7600470078740157
11
0.9969867322834646
21
0.7602253543307086
0
LINE
8
BLACK
6
CONTINUOUS
10
0.9969867322834646
20
0.7602253543307086
11
0.9960269291338583
21
0.7608666535433071
0
LINE
8
BLACK
6
CONTINUOUS
10
0.9960269291338583
20
0.7608666535433071
11
0.9955886614173228
21
0.7610601968503937
0
LINE
8
BLACK
6
CONTINUOUS
10
0.9955886614173228
20
0.7610601968503937
11
0.9952892519685039
21
0.7613595669291339
0
LINE
8
BLACK
6
CONTINUOUS
10
0.9952892519685039
20
0.7613595669291339
11
0.9944322440944882
21
0.7619322440944881
0
LINE
8
BLACK
6
CONTINUOUS
10
0.9944322440944882
20
0.7619322440944881
11
0.9938595669291338
21
0.7627892519685039
0
LINE
8
BLACK
6
CONTINUOUS
10
0.9938595669291338
20
0.7627892519685039
11
0.9935601968503937
21
0.7630886614173228
0
LINE
8
BLACK
6
CONTINUOUS
10
0.9935601968503937
20
0.7630886614173228
11
0.9933666535433071
21
0.7635269291338582
0
LINE
8
BLACK
6
CONTINUOUS
10
0.9933666535433071
20
0.7635269291338582
11
0.9927253543307086
21
0.7644867322834645
0
LINE
8
BLACK
6
CONTINUOUS
10
0.9927253543307086
20
0.7644867322834645
11
0.9925470078740157
21
0.7653832283464567
0
LINE
8
BLACK
6
CONTINUOUS
10
0.9925470078740157
20
0.7653832283464567
11
0.992344842519685
21
0.7658411417322835
0
LINE
8
BLACK
6
CONTINUOUS
10
0.992344842519685
20
0.7658411417322835
11
0.9921893307086614
21
0.7671814173228346
0
LINE
8
BLACK
6
CONTINUOUS
10
0.9921893307086614
20
0.7671814173228346
11
0.9921259842519685
21
0.7675
0
LINE
8
BLACK
6
CONTINUOUS
10
0.9921259842519685
20
0.7675
11
0.9921259842519685
21
0.8225
0
LINE
8
BLACK
6
CONTINUOUS
10
0.9921259842519685
20
0.8225
11
0.9921893700787401
21
0.8228187007874016
0
LINE
8
BLACK
6
CONTINUOUS
10
0.9921893700787401
20
0.8228187007874016
11
0.992344842519685
21
0.8241588188976378
0
LINE
8
BLACK
6
CONTINUOUS
10
0.992344842519685
20
0.8241588188976378
11
0.9925470078740157
21
0.8246166929133858
0
LINE
8
BLACK
6
CONTINUOUS
10
0.9925470078740157
20
0.8246166929133858
11
0.9927253543307086
21
0.8255132677165354
0
LINE
8
BLACK
6
CONTINUOUS
10
0.9927253543307086
20
0.8255132677165354
11
0.9933666929133858
21
0.8264731102362205
0
LINE
8
BLACK
6
CONTINUOUS
10
0.9933666929133858
20
0.8264731102362205
11
0.9935601968503937
21
0.8269112992125984
0
LINE
8
BLACK
6
CONTINUOUS
10
0.9935601968503937
20
0.8269112992125984
11
0.9938594881889764
21
0.8272105905511811
0
LINE
8
BLACK
6
CONTINUOUS
10
0.9938594881889764
20
0.8272105905511811
11
0.9944322440944882
21
0.8280677559055117
0
LINE
8
BLACK
6
CONTINUOUS
10
0.9944322440944882
20
0.8280677559055117
11
0.9952893700787402
21
0.8286404724409449
0
LINE
8
BLACK
6
CONTINUOUS
10
0.9952893700787402
20
0.8286404724409449
11
0.9955886614173228
21
0.8289397637795275
0
LINE
8
BLACK
6
CONTINUOUS
10
0.9955886614173228
20
0.8289397637795275
11
0.9960267716535433
21
0.8291331889763779
0
LINE
8
BLACK
6
CONTINUOUS
10
0.9960267716535433
20
0.8291331889763779
11
0.9969867322834646
21
0.8297746456692913
0
LINE
8
BLACK
6
CONTINUOUS
10
0.9969867322834646
20
0.8297746456692913
11
0.9978833858267716
21
0.8299529921259843
0
LINE
8
BLACK
6
CONTINUOUS
10
0.9978833858267716
20
0.8299529921259843
11
0.9983411417322834
21
0.8301551181102362
0
LINE
8
BLACK
6
CONTINUOUS
10
0.9983411417322834
20
0.8301551181102362
11
0.9996809448818897
21
0.8303105511811023
0
LINE
8
BLACK
6
CONTINUOUS
10
0.9996809448818897
20
0.8303105511811023
11
1.
21
0.8303740157480315
0
LINE
8
BLACK
6
CONTINUOUS
10
1.
20
0.8303740157480315
11
1.0349999999999999
21
0.8303740157480315
0
LINE
8
BLACK
6
CONTINUOUS
10
1.0349999999999999
20
0.8303740157480315
11
1.0353191732283464
21
0.8303105118110236
0
LINE
8
BLACK
6
CONTINUOUS
10
1.1103191732283464
20
0.8303105118110236
11
1.1116588188976377
21
0.8301551181102362
0
LINE
8
BLACK
6
CONTINUOUS
10
1.1116588188976377
20
0.8301551181102362
11
1.1121164960629921
21
0.8299529921259843
0
LINE
8
BLACK
6
CONTINUOUS
10
1.1121164960629921
20
0.8299529921259843
11
1.1130132677165354
21
0.8297746456692913
0
LINE
8
BLACK
6
CONTINUOUS
10
1.1130132677165354
20
0.8297746456692913
11
1.1139732677165355
21
0.8291331496062992
0
LINE
8
BLACK
6
CONTINUOUS
10
1.1139732677165355
20
0.8291331496062992
11
1.1144112992125983
21
0.8289397637795275
0
LINE
8
BLACK
6
CONTINUOUS
10
1.1144112992125983
20
0.8289397637795275
11
1.1147104724409449
21
0.8286405511811024
0
LINE
8
BLACK
6
CONTINUOUS
10
1.1147104724409449
20
0.8286405511811024
11
1.1155677559055117
21
0.8280677559055117
0
LINE
8
BLACK
6
CONTINUOUS
10
1.1155677559055117
20
0.8280677559055117
11
1.1161405511811024
21
0.8272104724409448
0
LINE
8
BLACK
6
CONTINUOUS
10
1.1161405511811024
20
0.8272104724409448
11
1.1164397637795276
21
0.8269112992125984
0
LINE
8
BLACK
6
CONTINUOUS
10
1.1164397637795276
20
0.8269112992125984
11
1.1166331496062991
21
0.8264732677165354
0
LINE
8
BLACK
6
CONTINUOUS
10
1.1166331496062991
20
0.8264732677165354
11
1.1172746456692912
21
0.8255132677165354
0
LINE
8
BLACK
6
CONTINUOUS
10
1.1172746456692912
20
0.8255132677165354
11
1.1174529921259841
21
0.8246164960629921
0
LINE
8
BLACK
6
CONTINUOUS
10
1.1174529921259841
20
0.8246164960629921
11
1.1176551181102361
21
0.8241588188976378
0
LINE
8
BLACK
6
CONTINUOUS
10
1.1176551181102361
20
0.8241588188976378
11
1.1178105118110235
21
0.8228190944881889
0
LINE
8
BLACK
6
CONTINUOUS
10
1.1178105118110235
20
0.8228190944881889
11
1.1178740157480316
21
0.8225
0
LINE
8
BLACK
6
CONTINUOUS
10
1.1178740157480316
20
0.8225
11
1.1178740157480316
21
0.7675
0
LINE
8
BLACK
6
CONTINUOUS
10
1.1178740157480316
20
0.7675
11
1.1178105118110235
21
0.7671808661417323
0
LINE
8
BLACK
6
CONTINUOUS
10
1.1178105118110235
20
0.7671808661417323
11
1.1176551181102361
21
0.7658411417322835
0
LINE
8
BLACK
6
CONTINUOUS
10
1.1176551181102361
20
0.7658411417322835
11
1.1174529921259841
21
0.7653833858267717
0
LINE
8
BLACK
6
CONTINUOUS
10
1.1174529921259841
20
0.7653833858267717
11
1.1172746456692912
21
0.7644867322834645
0
LINE
8
BLACK
6
CONTINUOUS
10
1.1172746456692912
20
0.7644867322834645
11
1.1166331889763779
21
0.7635267716535433
0
LINE
8
BLACK
6
CONTINUOUS
10
1.1166331889763779
20
0.7635267716535433
11
1.1164397637795276
21
0.7630886614173228
0
LINE
8
BLACK
6
CONTINUOUS
10
1.1164397637795276
20
0.7630886614173228
11
1.1161404724409449
21
0.7627893700787401
0
LINE
8
BLACK
6
CONTINUOUS
10
1.1161404724409449
20
0.7627893700787401
11
1.1155677559055117
21
0.7619322440944881
0
LINE
8
BLACK
6
CONTINUOUS
10
1.1155677559055117
20
0.7619322440944881
11
1.1147105905511812
21
0.7613594881889764
0
LINE
8
BLACK
6
CONTINUOUS
10
1.1147105905511812
20
0.7613594881889764
11
1.1144112992125983
21
0.7610601968503937
0
LINE
8
BLACK
6
CONTINUOUS
10
1.1144112992125983
20
0.7610601968503937
11
1.1139731102362205
21
0.7608666929133858
0
LINE
8
BLACK
6
CONTINUOUS
10
1.1139731102362205
20
0.7608666929133858
11
1.1130132677165354
21
0.7602253543307086
0
LINE
8
BLACK
6
CONTINUOUS
10
1.1130132677165354
20
0.7602253543307086
11
1.1121166929133859
21
0.7600470078740157
0
LINE
8
BLACK
6
CONTINUOUS
10
1.1121166929133859
20
0.7600470078740157
11
1.1116588188976377
21
0.759844842519685
0
LINE
8
BLACK
6
CONTINUOUS
10
1.1116588188976377
20
0.759844842519685
11
1.1103186220472441
21
0.7596893307086614
0
LINE
8
BLACK
6
CONTINUOUS
10
1.1103186220472441
20
0.7596893307086614
11
1.1099999999999999
21
0.7596259842519685
0
LINE
8
BLACK
6
CONTINUOUS
10
1.1099999999999999
20
0.7596259842519685
11
1.1097723228346457
21
0.7596259842519685
0
LINE
8
BLACK
6
CONTINUOUS
10
1.1097723228346457
20
0.7596259842519685
11
1.0752277165354331
21
0.7596259842519685
0
LINE
8
BLACK
6
CONTINUOUS
10
1.0752277165354331
20
0.7596259842519685
11
1.075
21
0.7596259842519685
0
LINE
8
BLACK
6
CONTINUOUS
10
1.075
20
0.7596259842519685
11
1.0746813385826772
21
0.7596893307086614
0
LINE
8
BLACK
6
CONTINUOUS
10
1.0746813385826772
20
0.7596893307086614
11
1.0733411417322833
21
0.759844842519685
0
LINE
8
BLACK
6
CONTINUOUS
10
1.0733411417322833
20
0.759844842519685
11
1.0728832283464567
21
0.7600470078740157
0
LINE
8
BLACK
6
CONTINUOUS
10
1.0728832283464567
20
0.7600470078740157
11
1.0719867322834646
21
0.7602253543307086
0
LINE
8
BLACK
6
CONTINUOUS
10
1.0719867322834646
20
0.7602253543307086
11
1.0710269291338583
21
0.7608666535433071
0
LINE
8
BLACK
6
CONTINUOUS
10
1.0710269291338583
20
0.7608666535433071
11
1.0705886614173228
21
0.7610601968503937
0
LINE
8
BLACK
6
CONTINUOUS
10
1.0705886614173228
20
0.7610601968503937
11
1.0702892519685039
21
0.7613595669291339
0
LINE
8
BLACK
6
CONTINUOUS
10
1.0702892519685039
20
0.7613595669291339
11
1.0694322440944881
21
0.7619322440944881
0
LINE
8
BLACK
6
CONTINUOUS
10
1.0694322440944881
20
0.7619322440944881
11
1.0688595669291339
21
0.7627892519685039
0
LINE
8
BLACK
6
CONTINUOUS
10
1.0688595669291339
20
0.7627892519685039
11
1.0685601968503937
21
0.7630886614173228
0
LINE
8
BLACK
6
CONTINUOUS
10
1.0685601968503937
20
0.7630886614173228
11
1.068366653543307
21
0.7635269291338582
0
LINE
8
BLACK
6
CONTINUOUS
10
1.068366653543307
20
0.7635269291338582
11
1.0677253543307086
21
0.7644867322834645
0
LINE
8
BLACK
6
CONTINUOUS
10
1.0677253543307086
20
0.7644867322834645
11
1.0675470078740157
21
0.7653832283464567
0
LINE
8
BLACK
6
CONTINUOUS
10
1.0675470078740157
20
0.7653832283464567
11
1.067344842519685
21
0.7658411417322835
0
LINE
8
BLACK
6
CONTINUOUS
10
1.067344842519685
20
0.7658411417322835
11
1.0671893307086613
21
0.7671814173228346
0
LINE
8
BLACK
6
CONTINUOUS
10
1.0671893307086613
20
0.7671814173228346
11
1.0671259842519685
21
0.7675
0
LINE
8
BLACK
6
CONTINUOUS
10
1.0671259842519685
20
0.7675
11
1.0671259842519685
21
0.8225
0
LINE
8
BLACK
6
CONTINUOUS
10
1.0671259842519685
20
0.8225
11
1.06718937007874
21
0.8228187007874016
0
LINE
8
BLACK
6
CONTINUOUS
10
1.06718937007874
20
0.8228187007874016
11
1.067344842519685
21
0.8241588188976378
0
LINE
8
BLACK
6
CONTINUOUS
10
1.067344842519685
20
0.8241588188976378
11
1.0675470078740157
21
0.8246166929133858
0
LINE
8
BLACK
6
CONTINUOUS
10
1.0675470078740157
20
0.8246166929133858
11
1.0677253543307086
21
0.8255132677165354
0
LINE
8
BLACK
6
CONTINUOUS
10
1.0677253543307086
20
0.8255132677165354
11
1.0683666929133857
21
0.8264731102362205
0
LINE
8
BLACK
6
CONTINUOUS
10
1.0683666929133857
20
0.8264731102362205
11
1.0685601968503937
21
0.8269112992125984
0
LINE
8
BLACK
6
CONTINUOUS
10
1.0685601968503937
20
0.8269112992125984
11
1.0688594881889764
21
0.8272105905511811
0
LINE
8
BLACK
6
CONTINUOUS
10
1.0688594881889764
20
0.8272105905511811
11
1.0694322440944881
21
0.8280677559055117
0
LINE
8
BLACK
6
CONTINUOUS
10
1.0694322440944881
20
0.8280677559055117
11
1.0702893700787401
21
0.8286404724409449
0
LINE
8
BLACK
6
CONTINUOUS
10
1.0702893700787401
20
0.8286404724409449
11
1.0705886614173228
21
0.8289397637795275
0
LINE
8
BLACK
6
CONTINUOUS
10
1.0705886614173228
20
0.8289397637795275
11
1.0710267716535433
21
0.8291331889763779
0
LINE
8
BLACK
6
CONTINUOUS
10
1.0710267716535433
20
0.8291331889763779
11
1.0719867322834646
21
0.8297746456692913
0
LINE
8
BLACK
6
CONTINUOUS
10
1.0719867322834646
20
0.8297746456692913
11
1.0728833858267717
21
0.8299529921259843
0
LINE
8
BLACK
6
CONTINUOUS
10
1.0728833858267717
20
0.8299529921259843
11
1.0733411417322833
21
0.8301551181102362
0
LINE
8
BLACK
6
CONTINUOUS
10
1.0733411417322833
20
0.8301551181102362
11
1.0746809448818897
21
0.8303105511811023
0
LINE
8
BLACK
6
CONTINUOUS
10
1.0746809448818897
20
0.8303105511811023
11
1.075
21
0.8303740157480315
0
LINE
8
BLACK
6
CONTINUOUS
10
1.075
20
0.8303740157480315
11
1.1099999999999999
21
0.8303740157480315
0
LINE
8
BLACK
6
CONTINUOUS
10
1.1099999999999999
20
0.8303740157480315
11
1.1103191732283464
21
0.8303105118110236
0
LINE
8
BLACK
6
CONTINUOUS
10
0.2834687795275591
20
0.9328105118110236
11
0.2848084251968504
21
0.9326551181102362
0
LINE
8
BLACK
6
CONTINUOUS
10
0.2848084251968504
20
0.9326551181102362
11
0.2852661023622047
21
0.9324529921259842
0
LINE
8
BLACK
6
CONTINUOUS
10
0.2852661023622047
20
0.9324529921259842
11
0.286162874015748
21
0.9322746456692913
0
LINE
8
BLACK
6
CONTINUOUS
10
0.286162874015748
20
0.9322746456692913
11
0.287122874015748
21
0.9316331496062992
0
LINE
8
BLACK
6
CONTINUOUS
10
0.287122874015748
20
0.9316331496062992
11
0.287560905511811
21
0.9314397637795275
0
LINE
8
BLACK
6
CONTINUOUS
10
0.287560905511811
20
0.9314397637795275
11
0.2878600787401575
21
0.9311405511811024
0
LINE
8
BLACK
6
CONTINUOUS
10
0.2878600787401575
20
0.9311405511811024
11
0.2887173622047244
21
0.9305677559055118
0
LINE
8
BLACK
6
CONTINUOUS
10
0.2887173622047244
20
0.9305677559055118
11
0.2892901574803149
21
0.9297104724409448
0
LINE
8
BLACK
6
CONTINUOUS
10
0.2892901574803149
20
0.9297104724409448
11
0.2895893700787401
21
0.9294112992125984
0
LINE
8
BLACK
6
CONTINUOUS
10
0.2895893700787401
20
0.9294112992125984
11
0.2897827559055118
21
0.9289732677165354
0
LINE
8
BLACK
6
CONTINUOUS
10
0.2897827559055118
20
0.9289732677165354
11
0.2904242519685039
21
0.9280132677165354
0
LINE
8
BLACK
6
CONTINUOUS
10
0.2904242519685039
20
0.9280132677165354
11
0.2906025984251969
21
0.9271164960629921
0
LINE
8
BLACK
6
CONTINUOUS
10
0.2906025984251969
20
0.9271164960629921
11
0.2908047244094488
21
0.9266588188976378
0
LINE
8
BLACK
6
CONTINUOUS
10
0.2908047244094488
20
0.9266588188976378
11
0.2909601181102362
21
0.9253190944881889
0
LINE
8
BLACK
6
CONTINUOUS
10
0.2909601181102362
20
0.9253190944881889
11
0.2910236220472441
21
0.9249999999999999
0
LINE
8
BLACK
6
CONTINUOUS
10
0.2910236220472441
20
0.9249999999999999
11
0.2910236220472441
21
0.775
0
LINE
8
BLACK
6
CONTINUOUS
10
0.2910236220472441
20
0.775
11
0.2909601181102362
21
0.7746808661417323
0
LINE
8
BLACK
6
CONTINUOUS
10
0.2909601181102362
20
0.7746808661417323
11
0.2908047244094488
21
0.7733411417322834
0
LINE
8
BLACK
6
CONTINUOUS
10
0.2908047244094488
20
0.7733411417322834
11
0.2906025984251969
21
0.7728833858267716
0
LINE
8
BLACK
6
CONTINUOUS
10
0.2906025984251969
20
0.7728833858267716
11
0.2904242519685039
21
0.7719867322834646
0
LINE
8
BLACK
6
CONTINUOUS
10
0.2904242519685039
20
0.7719867322834646
11
0.2897827952755905
21
0.7710267716535433
0
LINE
8
BLACK
6
CONTINUOUS
10
0.2897827952755905
20
0.7710267716535433
11
0.2895893700787401
21
0.7705886614173229
0
LINE
8
BLACK
6
CONTINUOUS
10
0.2895893700787401
20
0.7705886614173229
11
0.2892900787401575
21
0.7702893700787401
0
LINE
8
BLACK
6
CONTINUOUS
10
0.2892900787401575
20
0.7702893700787401
11
0.2887173622047244
21
0.7694322440944882
0
LINE
8
BLACK
6
CONTINUOUS
10
0.2887173622047244
20
0.7694322440944882
11
0.2878601968503937
21
0.7688594881889763
0
LINE
8
BLACK
6
CONTINUOUS
10
0.2878601968503937
20
0.7688594881889763
11
0.287560905511811
21
0.7685601968503937
0
LINE
8
BLACK
6
CONTINUOUS
10
0.287560905511811
20
0.7685601968503937
11
0.2871227165354331
21
0.7683666929133858
0
LINE
8
BLACK
6
CONTINUOUS
10
0.2871227165354331
20
0.7683666929133858
11
0.286162874015748
21
0.7677253543307087
0
LINE
8
BLACK
6
CONTINUOUS
10
0.286162874015748
20
0.7677253543307087
11
0.2852662992125984
21
0.7675470078740158
0
LINE
8
BLACK
6
CONTINUOUS
10
0.2852662992125984
20
0.7675470078740158
11
0.2848084251968504
21
0.767344842519685
0
LINE
8
BLACK
6
CONTINUOUS
10
0.2848084251968504
20
0.767344842519685
11
0.2834682283464567
21
0.7671893307086614
0
LINE
8
BLACK
6
CONTINUOUS
10
0.2834682283464567
20
0.7671893307086614
11
0.2831496062992126
21
0.7671259842519685
0
LINE
8
BLACK
6
CONTINUOUS
10
0.2831496062992126
20
0.7671259842519685
11
0.2829219291338583
21
0.7671259842519685
0
LINE
8
BLACK
6
CONTINUOUS
10
0.2829219291338583
20
0.7671259842519685
11
0.1333773228346457
21
0.7671259842519685
0
LINE
8
BLACK
6
CONTINUOUS
10
0.1333773228346457
20
0.7671259842519685
11
0.1331496062992126
21
0.7671259842519685
0
LINE
8
BLACK
6
CONTINUOUS
10
0.1331496062992126
20
0.7671259842519685
11
0.1328309448818898
21
0.7671893307086614
0
LINE
8
BLACK
6
CONTINUOUS
10
0.1328309448818898
20
0.7671893307086614
11
0.131490748031496
21
0.767344842519685
0
LINE
8
BLACK
6
CONTINUOUS
10
0.131490748031496
20
0.767344842519685
11
0.1310328346456693
21
0.7675470078740158
0
LINE
8
BLACK
6
CONTINUOUS
10
0.1310328346456693
20
0.7675470078740158
11
0.1301363385826772
21
0.7677253543307087
0
LINE
8
BLACK
6
CONTINUOUS
10
0.1301363385826772
20
0.7677253543307087
11
0.1291765354330709
21
0.768366653543307
0
LINE
8
BLACK
6
CONTINUOUS
10
0.1291765354330709
20
0.768366653543307
11
0.1287382677165354
21
0.7685601968503937
0
LINE
8
BLACK
6
CONTINUOUS
10
0.1287382677165354
20
0.7685601968503937
11
0.1284388582677165
21
0.7688595669291338
0
LINE
8
BLACK
6
CONTINUOUS
10
0.1284388582677165
20
0.7688595669291338
11
0.1275818503937008
21
0.7694322440944882
0
LINE
8
BLACK
6
CONTINUOUS
10
0.1275818503937008
20
0.7694322440944882
11
0.1270091732283465
21
0.770289251968504
0
LINE
8
BLACK
6
CONTINUOUS
10
0.1270091732283465
20
0.770289251968504
11
0.1267098031496063
21
0.7705886614173229
0
LINE
8
BLACK
6
CONTINUOUS
10
0.1267098031496063
20
0.7705886614173229
11
0.1265162598425197
21
0.7710269291338583
0
LINE
8
BLACK
6
CONTINUOUS
10
0.1265162598425197
20
0.7710269291338583
11
0.1258749606299213
21
0.7719867322834646
0
LINE
8
BLACK
6
CONTINUOUS
10
0.1258749606299213
20
0.7719867322834646
11
0.1256966141732283
21
0.7728832283464567
0
LINE
8
BLACK
6
CONTINUOUS
10
0.1256966141732283
20
0.7728832283464567
11
0.1254944488188976
21
0.7733411417322834
0
LINE
8
BLACK
6
CONTINUOUS
10
0.1254944488188976
20
0.7733411417322834
11
0.125338937007874
21
0.7746814173228346
0
LINE
8
BLACK
6
CONTINUOUS
10
0.125338937007874
20
0.7746814173228346
11
0.1252755905511811
21
0.775
0
LINE
8
BLACK
6
CONTINUOUS
10
0.1252755905511811
20
0.775
11
0.1252755905511811
21
0.9249999999999999
0
LINE
8
BLACK
6
CONTINUOUS
10
0.1252755905511811
20
0.9249999999999999
11
0.1253389763779527
21
0.9253187007874015
0
LINE
8
BLACK
6
CONTINUOUS
10
0.1253389763779527
20
0.9253187007874015
11
0.1254944488188976
21
0.9266588188976378
0
LINE
8
BLACK
6
CONTINUOUS
10
0.1254944488188976
20
0.9266588188976378
11
0.1256966141732283
21
0.9271166929133858
0
LINE
8
BLACK
6
CONTINUOUS
10
0.1256966141732283
20
0.9271166929133858
11
0.1258749606299213
21
0.9280132677165354
0
LINE
8
BLACK
6
CONTINUOUS
10
0.1258749606299213
20
0.9280132677165354
11
0.1265162992125984
21
0.9289731102362204
0
LINE
8
BLACK
6
CONTINUOUS
10
0.1265162992125984
20
0.9289731102362204
11
0.1267098031496063
21
0.9294112992125984
0
LINE
8
BLACK
6
CONTINUOUS
10
0.1267098031496063
20
0.9294112992125984
11
0.127009094488189
21
0.9297105905511811
0
LINE
8
BLACK
6
CONTINUOUS
10
0.127009094488189
20
0.9297105905511811
11
0.1275818503937008
21
0.9305677559055118
0
LINE
8
BLACK
6
CONTINUOUS
10
0.1275818503937008
20
0.9305677559055118
11
0.1284389763779528
21
0.9311404724409449
0
LINE
8
BLACK
6
CONTINUOUS
10
0.1284389763779528
20
0.9311404724409449
11
0.1287382677165354
21
0.9314397637795275
0
LINE
8
BLACK
6
CONTINUOUS
10
0.1287382677165354
20
0.9314397637795275
11
0.1291763779527559
21
0.9316331889763779
0
LINE
8
BLACK
6
CONTINUOUS
10
0.1291763779527559
20
0.9316331889763779
11
0.1301363385826772
21
0.9322746456692913
0
LINE
8
BLACK
6
CONTINUOUS
10
0.1301363385826772
20
0.9322746456692913
11
0.1310329921259842
21
0.9324529921259842
0
LINE
8
BLACK
6
CONTINUOUS
10
0.1310329921259842
20
0.9324529921259842
11
0.131490748031496
21
0.9326551181102362
0
LINE
8
BLACK
6
CONTINUOUS
10
0.131490748031496
20
0.9326551181102362
11
0.1328305511811023
21
0.9328105511811023
0
LINE
8
BLACK
6
CONTINUOUS
10
0.1328305511811023
20
0.9328105511811023
11
0.1331496062992126
21
0.9328740157480315
0
LINE
8
BLACK
6
CONTINUOUS
10
0.1331496062992126
20
0.9328740157480315
11
0.2831496062992126
21
0.9328740157480315
0
LINE
8
BLACK
6
CONTINUOUS
10
0.2831496062992126
20
0.9328740157480315
11
0.2834687795275591
21
0.9328105118110236
0
LINE
8
BLACK
6
CONTINUOUS
10
0.4803191732283464
20
0.9328105118110236
11
0.4816588188976378
21
0.9326551181102362
0
LINE
8
BLACK
6
CONTINUOUS
10
0.4816588188976378
20
0.9326551181102362
11
0.4821164960629921
21
0.9324529921259842
0
LINE
8
BLACK
6
CONTINUOUS
10
0.4821164960629921
20
0.9324529921259842
11
0.4830132677165354
21
0.9322746456692913
0
LINE
8
BLACK
6
CONTINUOUS
10
0.4830132677165354
20
0.9322746456692913
11
0.4839732677165354
21
0.9316331496062992
0
LINE
8
BLACK
6
CONTINUOUS
10
0.4839732677165354
20
0.9316331496062992
11
0.4844112992125984
21
0.9314397637795275
0
LINE
8
BLACK
6
CONTINUOUS
10
0.4844112992125984
20
0.9314397637795275
11
0.4847104724409449
21
0.9311405511811024
0
LINE
8
BLACK
6
CONTINUOUS
10
0.4847104724409449
20
0.9311405511811024
11
0.4855677559055118
21
0.9305677559055118
0
LINE
8
BLACK
6
CONTINUOUS
10
0.4855677559055118
20
0.9305677559055118
11
0.4861405511811023
21
0.9297104724409448
0
LINE
8
BLACK
6
CONTINUOUS
10
0.4861405511811023
20
0.9297104724409448
11
0.4864397637795275
21
0.9294112992125984
0
LINE
8
BLACK
6
CONTINUOUS
10
0.4864397637795275
20
0.9294112992125984
11
0.4866331496062992
21
0.9289732677165354
0
LINE
8
BLACK
6
CONTINUOUS
10
0.4866331496062992
20
0.9289732677165354
11
0.4872746456692914
21
0.9280132677165354
0
LINE
8
BLACK
6
CONTINUOUS
10
0.4872746456692914
20
0.9280132677165354
11
0.4874529921259843
21
0.9271164960629921
0
LINE
8
BLACK
6
CONTINUOUS
10
0.4874529921259843
20
0.9271164960629921
11
0.4876551181102362
21
0.9266588188976378
0
LINE
8
BLACK
6
CONTINUOUS
10
0.4876551181102362
20
0.9266588188976378
11
0.4878105118110236
21
0.9253190944881889
0
LINE
8
BLACK
6
CONTINUOUS
10
0.4878105118110236
20
0.9253190944881889
11
0.4878740157480315
21
0.9249999999999999
0
LINE
8
BLACK
6
CONTINUOUS
10
0.4878740157480315
20
0.9249999999999999
11
0.4878740157480315
21
0.775
0
LINE
8
BLACK
6
CONTINUOUS
10
0.4878740157480315
20
0.775
11
0.4878105118110236
21
0.7746808661417323
0
LINE
8
BLACK
6
CONTINUOUS
10
0.4878105118110236
20
0.7746808661417323
11
0.4876551181102362
21
0.7733411417322834
0
LINE
8
BLACK
6
CONTINUOUS
10
0.4876551181102362
20
0.7733411417322834
11
0.4874529921259843
21
0.7728833858267716
0
LINE
8
BLACK
6
CONTINUOUS
10
0.4874529921259843
20
0.7728833858267716
11
0.4872746456692914
21
0.7719867322834646
0
LINE
8
BLACK
6
CONTINUOUS
10
0.4872746456692914
20
0.7719867322834646
11
0.4866331889763779
21
0.7710267716535433
0
LINE
8
BLACK
6
CONTINUOUS
10
0.4866331889763779
20
0.7710267716535433
11
0.4864397637795275
21
0.7705886614173229
0
LINE
8
BLACK
6
CONTINUOUS
10
0.4864397637795275
20
0.7705886614173229
11
0.4861404724409449
21
0.7702893700787401
0
LINE
8
BLACK
6
CONTINUOUS
10
0.4861404724409449
20
0.7702893700787401
11
0.4855677559055118
21
0.7694322440944882
0
LINE
8
BLACK
6
CONTINUOUS
10
0.4855677559055118
20
0.7694322440944882
11
0.4847105905511811
21
0.7688594881889763
0
LINE
8
BLACK
6
CONTINUOUS
10
0.4847105905511811
20
0.7688594881889763
11
0.4844112992125984
21
0.7685601968503937
0
LINE
8
BLACK
6
CONTINUOUS
10
0.4844112992125984
20
0.7685601968503937
11
0.4839731102362205
21
0.7683666929133858
0
LINE
8
BLACK
6
CONTINUOUS
10
0.4839731102362205
20
0.7683666929133858
11
0.4830132677165354
21
0.7677253543307087
0
LINE
8
BLACK
6
CONTINUOUS
10
0.4830132677165354
20
0.7677253543307087
11
0.4821166929133858
21
0.7675470078740158
0
LINE
8
BLACK
6
CONTINUOUS
10
0.4821166929133858
20
0.7675470078740158
11
0.4816588188976378
21
0.767344842519685
0
LINE
8
BLACK
6
CONTINUOUS
10
0.4816588188976378
20
0.767344842519685
11
0.4803186220472441
21
0.7671893307086614
0
LINE
8
BLACK
6
CONTINUOUS
10
0.4803186220472441
20
0.7671893307086614
11
0.48
21
0.7671259842519685
0
LINE
8
BLACK
6
CONTINUOUS
10
0.48
20
0.7671259842519685
11
0.4797723228346457
21
0.7671259842519685
0
LINE
8
BLACK
6
CONTINUOUS
10
0.4797723228346457
20
0.7671259842519685
11
0.330227716535433
21
0.7671259842519685
0
LINE
8
BLACK
6
CONTINUOUS
10
0.330227716535433
20
0.7671259842519685
11
0.33
21
0.7671259842519685
0
LINE
8
BLACK
6
CONTINUOUS
10
0.33
20
0.7671259842519685
11
0.3296813385826772
21
0.7671893307086614
0
LINE
8
BLACK
6
CONTINUOUS
10
0.3296813385826772
20
0.7671893307086614
11
0.3283411417322835
21
0.767344842519685
0
LINE
8
BLACK
6
CONTINUOUS
10
0.3283411417322835
20
0.767344842519685
11
0.3278832283464567
21
0.7675470078740158
0
LINE
8
BLACK
6
CONTINUOUS
10
0.3278832283464567
20
0.7675470078740158
11
0.3269867322834645
21
0.7677253543307087
0
LINE
8
BLACK
6
CONTINUOUS
10
0.3269867322834645
20
0.7677253543307087
11
0.3260269291338583
21
0.768366653543307
0
LINE
8
BLACK
6
CONTINUOUS
10
0.3260269291338583
20
0.768366653543307
11
0.3255886614173228
21
0.7685601968503937
0
LINE
8
BLACK
6
CONTINUOUS
10
0.3255886614173228
20
0.7685601968503937
11
0.3252892519685039
21
0.7688595669291338
0
LINE
8
BLACK
6
CONTINUOUS
10
0.3252892519685039
20
0.7688595669291338
11
0.3244322440944882
21
0.7694322440944882
0
LINE
8
BLACK
6
CONTINUOUS
10
0.3244322440944882
20
0.7694322440944882
11
0.3238595669291339
21
0.770289251968504
0
LINE
8
BLACK
6
CONTINUOUS
10
0.3238595669291339
20
0.770289251968504
11
0.3235601968503937
21
0.7705886614173229
0
LINE
8
BLACK
6
CONTINUOUS
10
0.3235601968503937
20
0.7705886614173229
11
0.3233666535433071
21
0.7710269291338583
0
LINE
8
BLACK
6
CONTINUOUS
10
0.3233666535433071
20
0.7710269291338583
11
0.3227253543307086
21
0.7719867322834646
0
LINE
8
BLACK
6
CONTINUOUS
10
0.3227253543307086
20
0.7719867322834646
11
0.3225470078740157
21
0.7728832283464567
0
LINE
8
BLACK
6
CONTINUOUS
10
0.3225470078740157
20
0.7728832283464567
11
0.322344842519685
21
0.7733411417322834
0
LINE
8
BLACK
6
CONTINUOUS
10
0.322344842519685
20
0.7733411417322834
11
0.3221893307086614
21
0.7746814173228346
0
LINE
8
BLACK
6
CONTINUOUS
10
0.3221893307086614
20
0.7746814173228346
11
0.3221259842519685
21
0.775
0
LINE
8
BLACK
6
CONTINUOUS
10
0.3221259842519685
20
0.775
11
0.3221259842519685
21
0.9249999999999999
0
LINE
8
BLACK
6
CONTINUOUS
10
0.3221259842519685
20
0.9249999999999999
11
0.3221893700787402
21
0.9253187007874015
0
LINE
8
BLACK
6
CONTINUOUS
10
0.3221893700787402
20
0.9253187007874015
11
0.322344842519685
21
0.9266588188976378
0
LINE
8
BLACK
6
CONTINUOUS
10
0.322344842519685
20
0.9266588188976378
11
0.3225470078740157
21
0.9271166929133858
0
LINE
8
BLACK
6
CONTINUOUS
10
0.3225470078740157
20
0.9271166929133858
11
0.3227253543307086
21
0.9280132677165354
0
LINE
8
BLACK
6
CONTINUOUS
10
0.3227253543307086
20
0.9280132677165354
11
0.3233666929133858
21
0.9289731102362204
0
LINE
8
BLACK
6
CONTINUOUS
10
0.3233666929133858
20
0.9289731102362204
11
0.3235601968503937
21
0.9294112992125984
0
LINE
8
BLACK
6
CONTINUOUS
10
0.3235601968503937
20
0.9294112992125984
11
0.3238594881889764
21
0.9297105905511811
0
LINE
8
BLACK
6
CONTINUOUS
10
0.3238594881889764
20
0.9297105905511811
11
0.3244322440944882
21
0.9305677559055118
0
LINE
8
BLACK
6
CONTINUOUS
10
0.3244322440944882
20
0.9305677559055118
11
0.3252893700787401
21
0.9311404724409449
0
LINE
8
BLACK
6
CONTINUOUS
10
0.3252893700787401
20
0.9311404724409449
11
0.3255886614173228
21
0.9314397637795275
0
LINE
8
BLACK
6
CONTINUOUS
10
0.3255886614173228
20
0.9314397637795275
11
0.3260267716535433
21
0.9316331889763779
0
LINE
8
BLACK
6
CONTINUOUS
10
0.3260267716535433
20
0.9316331889763779
11
0.3269867322834645
21
0.9322746456692913
0
LINE
8
BLACK
6
CONTINUOUS
10
0.3269867322834645
20
0.9322746456692913
11
0.3278833858267716
21
0.9324529921259842
0
LINE
8
BLACK
6
CONTINUOUS
10
0.3278833858267716
20
0.9324529921259842
11
0.3283411417322835
21
0.9326551181102362
0
LINE
8
BLACK
6
CONTINUOUS
10
0.3283411417322835
20
0.9326551181102362
11
0.3296809448818898
21
0.9328105511811023
0
LINE
8
BLACK
6
CONTINUOUS
10
0.3296809448818898
20
0.9328105511811023
11
0.33
21
0.9328740157480315
0
LINE
8
BLACK
6
CONTINUOUS
10
0.33
20
0.9328740157480315
11
0.48
21
0.9328740157480315
0
LINE
8
BLACK
6
CONTINUOUS
10
0.48
20
0.9328740157480315
11
0.4803191732283464
21
0.9328105118110236
0
LINE
8
BLACK
6
CONTINUOUS
10
1.6653191732283463
20
0.9328105118110236
11
1.6666588188976377
21
0.9326551181102362
0
LINE
8
BLACK
6
CONTINUOUS
10
1.6666588188976377
20
0.9326551181102362
11
1.6671164960629921
21
0.9324529921259842
0
LINE
8
BLACK
6
CONTINUOUS
10
1.6671164960629921
20
0.9324529921259842
11
1.6680132677165354
21
0.9322746456692913
0
LINE
8
BLACK
6
CONTINUOUS
10
1.6680132677165354
20
0.9322746456692913
11
1.6689732677165354
21
0.9316331496062992
0
LINE
8
BLACK
6
CONTINUOUS
10
1.6689732677165354
20
0.9316331496062992
11
1.6694112992125985
21
0.9314397637795275
0
LINE
8
BLACK
6
CONTINUOUS
10
1.6694112992125985
20
0.9314397637795275
11
1.6697104724409448
21
0.9311405511811024
0
LINE
8
BLACK
6
CONTINUOUS
10
1.6697104724409448
20
0.9311405511811024
11
1.6705677559055119
21
0.9305677559055118
0
LINE
8
BLACK
6
CONTINUOUS
10
1.6705677559055119
20
0.9305677559055118
11
1.6711405511811024
21
0.9297104724409448
0
LINE
8
BLACK
6
CONTINUOUS
10
1.6711405511811024
20
0.9297104724409448
11
1.6714397637795275
21
0.9294112992125984
0
LINE
8
BLACK
6
CONTINUOUS
10
1.6714397637795275
20
0.9294112992125984
11
1.6716331496062993
21
0.9289732677165354
0
LINE
8
BLACK
6
CONTINUOUS
10
1.6716331496062993
20
0.9289732677165354
11
1.6722746456692914
21
0.9280132677165354
0
LINE
8
BLACK
6
CONTINUOUS
10
1.6722746456692914
20
0.9280132677165354
11
1.6724529921259843
21
0.9271164960629921
0
LINE
8
BLACK
6
CONTINUOUS
10
1.6724529921259843
20
0.9271164960629921
11
1.6726551181102363
21
0.9266588188976378
0
LINE
8
BLACK
6
CONTINUOUS
10
1.6726551181102363
20
0.9266588188976378
11
1.6728105118110237
21
0.9253190944881889
0
LINE
8
BLACK
6
CONTINUOUS
10
1.6728105118110237
20
0.9253190944881889
11
1.6728740157480315
21
0.9249999999999999
0
LINE
8
BLACK
6
CONTINUOUS
10
1.6728740157480315
20
0.9249999999999999
11
1.6728740157480315
21
0.775
0
LINE
8
BLACK
6
CONTINUOUS
10
1.6728740157480315
20
0.775
11
1.6728105118110237
21
0.7746808661417323
0
LINE
8
BLACK
6
CONTINUOUS
10
1.6728105118110237
20
0.7746808661417323
11
1.6726551181102363
21
0.7733411417322834
0
LINE
8
BLACK
6
CONTINUOUS
10
1.6726551181102363
20
0.7733411417322834
11
1.6724529921259843
21
0.7728833858267716
0
LINE
8
BLACK
6
CONTINUOUS
10
1.6724529921259843
20
0.7728833858267716
11
1.6722746456692914
21
0.7719867322834646
0
LINE
8
BLACK
6
CONTINUOUS
10
1.6722746456692914
20
0.7719867322834646
11
1.6716331889763778
21
0.7710267716535433
0
LINE
8
BLACK
6
CONTINUOUS
10
1.6716331889763778
20
0.7710267716535433
11
1.6714397637795275
21
0.7705886614173229
0
LINE
8
BLACK
6
CONTINUOUS
10
1.6714397637795275
20
0.7705886614173229
11
1.6711404724409449
21
0.7702893700787401
0
LINE
8
BLACK
6
CONTINUOUS
10
1.6711404724409449
20
0.7702893700787401
11
1.6705677559055119
21
0.7694322440944882
0
LINE
8
BLACK
6
CONTINUOUS
10
1.6705677559055119
20
0.7694322440944882
11
1.6697105905511811
21
0.7688594881889763
0
LINE
8
BLACK
6
CONTINUOUS
10
1.6697105905511811
20
0.7688594881889763
11
1.6694112992125985
21
0.7685601968503937
0
LINE
8
BLACK
6
CONTINUOUS
10
1.6694112992125985
20
0.7685601968503937
11
1.6689731102362204
21
0.7683666929133858
0
LINE
8
BLACK
6
CONTINUOUS
10
1.6689731102362204
20
0.7683666929133858
11
1.6680132677165354
21
0.7677253543307087
0
LINE
8
BLACK
6
CONTINUOUS
10
1.6680132677165354
20
0.7677253543307087
11
1.6671166929133858
21
0.7675470078740158
0
LINE
8
BLACK
6
CONTINUOUS
10
1.6671166929133858
20
0.7675470078740158
11
1.6666588188976377
21
0.767344842519685
0
LINE
8
BLACK
6
CONTINUOUS
10
1.6666588188976377
20
0.767344842519685
11
1.665318622047244
21
0.7671893307086614
0
LINE
8
BLACK
6
CONTINUOUS
10
1.665318622047244
20
0.7671893307086614
11
1.665
21
0.7671259842519685
0
LINE
8
BLACK
6
CONTINUOUS
10
1.665
20
0.7671259842519685
11
1.6647723228346456
21
0.7671259842519685
0
LINE
8
BLACK
6
CONTINUOUS
10
1.6647723228346456
20
0.7671259842519685
11
1.5152277165354331
21
0.7671259842519685
0
LINE
8
BLACK
6
CONTINUOUS
10
1.5152277165354331
20
0.7671259842519685
11
1.5149999999999999
21
0.7671259842519685
0
LINE
8
BLACK
6
CONTINUOUS
10
1.5149999999999999
20
0.7671259842519685
11
1.5146813385826772
21
0.7671893307086614
0
LINE
8
BLACK
6
CONTINUOUS
10
1.5146813385826772
20
0.7671893307086614
11
1.5133411417322835
21
0.767344842519685
0
LINE
8
BLACK
6
CONTINUOUS
10
1.5133411417322835
20
0.767344842519685
11
1.5128832283464566
21
0.7675470078740158
0
LINE
8
BLACK
6
CONTINUOUS
10
1.5128832283464566
20
0.7675470078740158
11
1.5119867322834646
21
0.7677253543307087
0
LINE
8
BLACK
6
CONTINUOUS
10
1.5119867322834646
20
0.7677253543307087
11
1.5110269291338583
21
0.768366653543307
0
LINE
8
BLACK
6
CONTINUOUS
10
1.5110269291338583
20
0.768366653543307
11
1.5105886614173227
21
0.7685601968503937
0
LINE
8
BLACK
6
CONTINUOUS
10
1.5105886614173227
20
0.7685601968503937
11
1.5102892519685038
21
0.7688595669291338
0
LINE
8
BLACK
6
CONTINUOUS
10
1.5102892519685038
20
0.7688595669291338
11
1.5094322440944881
21
0.7694322440944882
0
LINE
8
BLACK
6
CONTINUOUS
10
1.5094322440944881
20
0.7694322440944882
11
1.5088595669291338
21
0.770289251968504
0
LINE
8
BLACK
6
CONTINUOUS
10
1.5088595669291338
20
0.770289251968504
11
1.5085601968503937
21
0.7705886614173229
0
LINE
8
BLACK
6
CONTINUOUS
10
1.5085601968503937
20
0.7705886614173229
11
1.5083666535433071
21
0.7710269291338583
0
LINE
8
BLACK
6
CONTINUOUS
10
1.5083666535433071
20
0.7710269291338583
11
1.5077253543307085
21
0.7719867322834646
0
LINE
8
BLACK
6
CONTINUOUS
10
1.5077253543307085
20
0.7719867322834646
11
1.5075470078740156
21
0.7728832283464567
0
LINE
8
BLACK
6
CONTINUOUS
10
1.5075470078740156
20
0.7728832283464567
11
1.5073448425196849
21
0.7733411417322834
0
LINE
8
BLACK
6
CONTINUOUS
10
1.5073448425196849
20
0.7733411417322834
11
1.5071893307086615
21
0.7746814173228346
0
LINE
8
BLACK
6
CONTINUOUS
10
1.5071893307086615
20
0.7746814173228346
11
1.5071259842519684
21
0.775
0
LINE
8
BLACK
6
CONTINUOUS
10
1.5071259842519684
20
0.775
11
1.5071259842519684
21
0.9249999999999999
0
LINE
8
BLACK
6
CONTINUOUS
10
1.5071259842519684
20
0.9249999999999999
11
1.5071893700787402
21
0.9253187007874015
0
LINE
8
BLACK
6
CONTINUOUS
10
1.5071893700787402
20
0.9253187007874015
11
1.5073448425196849
21
0.9266588188976378
0
LINE
8
BLACK
6
CONTINUOUS
10
1.5073448425196849
20
0.9266588188976378
11
1.5075470078740156
21
0.9271166929133858
0
LINE
8
BLACK
6
CONTINUOUS
10
1.5075470078740156
20
0.9271166929133858
11
1.5077253543307085
21
0.9280132677165354
0
LINE
8
BLACK
6
CONTINUOUS
10
1.5077253543307085
20
0.9280132677165354
11
1.5083666929133859
21
0.9289731102362204
0
LINE
8
BLACK
6
CONTINUOUS
10
1.5083666929133859
20
0.9289731102362204
11
1.5085601968503937
21
0.9294112992125984
0
LINE
8
BLACK
6
CONTINUOUS
10
1.5085601968503937
20
0.9294112992125984
11
1.5088594881889763
21
0.9297105905511811
0
LINE
8
BLACK
6
CONTINUOUS
10
1.5088594881889763
20
0.9297105905511811
11
1.5094322440944881
21
0.9305677559055118
0
LINE
8
BLACK
6
CONTINUOUS
10
1.5094322440944881
20
0.9305677559055118
11
1.5102893700787401
21
0.9311404724409449
0
LINE
8
BLACK
6
CONTINUOUS
10
1.5102893700787401
20
0.9311404724409449
11
1.5105886614173227
21
0.9314397637795275
0
LINE
8
BLACK
6
CONTINUOUS
10
1.5105886614173227
20
0.9314397637795275
11
1.5110267716535433
21
0.9316331889763779
0
LINE
8
BLACK
6
CONTINUOUS
10
1.5110267716535433
20
0.9316331889763779
11
1.5119867322834646
21
0.9322746456692913
0
LINE
8
BLACK
6
CONTINUOUS
10
1.5119867322834646
20
0.9322746456692913
11
1.5128833858267716
21
0.9324529921259842
0
LINE
8
BLACK
6
CONTINUOUS
10
1.5128833858267716
20
0.9324529921259842
11
1.5133411417322835
21
0.9326551181102362
0
LINE
8
BLACK
6
CONTINUOUS
10
1.5133411417322835
20
0.9326551181102362
11
1.5146809448818896
21
0.9328105511811023
0
LINE
8
BLACK
6
CONTINUOUS
10
1.5146809448818896
20
0.9328105511811023
11
1.5149999999999999
21
0.9328740157480315
0
LINE
8
BLACK
6
CONTINUOUS
10
1.5149999999999999
20
0.9328740157480315
11
1.665
21
0.9328740157480315
0
LINE
8
BLACK
6
CONTINUOUS
10
1.665
20
0.9328740157480315
11
1.6653191732283463
21
0.9328105118110236
0
LINE
8
BLACK
6
CONTINUOUS
10
1.8621695669291338
20
0.9328105118110236
11
1.8635092125984252
21
0.9326551181102362
0
LINE
8
BLACK
6
CONTINUOUS
10
1.8635092125984252
20
0.9326551181102362
11
1.8639668897637796
21
0.9324529921259842
0
LINE
8
BLACK
6
CONTINUOUS
10
1.8639668897637796
20
0.9324529921259842
11
1.8648636614173228
21
0.9322746456692913
0
LINE
8
BLACK
6
CONTINUOUS
10
1.8648636614173228
20
0.9322746456692913
11
1.8658236614173227
21
0.9316331496062992
0
LINE
8
BLACK
6
CONTINUOUS
10
1.8658236614173227
20
0.9316331496062992
11
1.8662616929133857
21
0.9314397637795275
0
LINE
8
BLACK
6
CONTINUOUS
10
1.8662616929133857
20
0.9314397637795275
11
1.8665608661417323
21
0.9311405511811024
0
LINE
8
BLACK
6
CONTINUOUS
10
1.8665608661417323
20
0.9311405511811024
11
1.8674181496062991
21
0.9305677559055118
0
LINE
8
BLACK
6
CONTINUOUS
10
1.8674181496062991
20
0.9305677559055118
11
1.8679909448818897
21
0.9297104724409448
0
LINE
8
BLACK
6
CONTINUOUS
10
1.8679909448818897
20
0.9297104724409448
11
1.868290157480315
21
0.9294112992125984
0
LINE
8
BLACK
6
CONTINUOUS
10
1.868290157480315
20
0.9294112992125984
11
1.8684835433070865
21
0.9289732677165354
0
LINE
8
BLACK
6
CONTINUOUS
10
1.8684835433070865
20
0.9289732677165354
11
1.8691250393700787
21
0.9280132677165354
0
LINE
8
BLACK
6
CONTINUOUS
10
1.8691250393700787
20
0.9280132677165354
11
1.8693033858267716
21
0.9271164960629921
0
LINE
8
BLACK
6
CONTINUOUS
10
1.8693033858267716
20
0.9271164960629921
11
1.8695055118110235
21
0.9266588188976378
0
LINE
8
BLACK
6
CONTINUOUS
10
1.8695055118110235
20
0.9266588188976378
11
1.869660905511811
21
0.9253190944881889
0
LINE
8
BLACK
6
CONTINUOUS
10
1.869660905511811
20
0.9253190944881889
11
1.8697244094488188
21
0.9249999999999999
0
LINE
8
BLACK
6
CONTINUOUS
10
1.8697244094488188
20
0.9249999999999999
11
1.8697244094488188
21
0.775
0
LINE
8
BLACK
6
CONTINUOUS
10
1.8697244094488188
20
0.775
11
1.869660905511811
21
0.7746808661417323
0
LINE
8
BLACK
6
CONTINUOUS
10
1.869660905511811
20
0.7746808661417323
11
1.8695055118110235
21
0.7733411417322834
0
LINE
8
BLACK
6
CONTINUOUS
10
1.8695055118110235
20
0.7733411417322834
11
1.8693033858267716
21
0.7728833858267716
0
LINE
8
BLACK
6
CONTINUOUS
10
1.8693033858267716
20
0.7728833858267716
11
1.8691250393700787
21
0.7719867322834646
0
LINE
8
BLACK
6
CONTINUOUS
10
1.8691250393700787
20
0.7719867322834646
11
1.8684835826771653
21
0.7710267716535433
0
LINE
8
BLACK
6
CONTINUOUS
10
1.8684835826771653
20
0.7710267716535433
11
1.868290157480315
21
0.7705886614173229
0
LINE
8
BLACK
6
CONTINUOUS
10
1.868290157480315
20
0.7705886614173229
11
1.8679908661417322
21
0.7702893700787401
0
LINE
8
BLACK
6
CONTINUOUS
10
1.8679908661417322
20
0.7702893700787401
11
1.8674181496062991
21
0.7694322440944882
0
LINE
8
BLACK
6
CONTINUOUS
10
1.8674181496062991
20
0.7694322440944882
11
1.8665609842519684
21
0.7688594881889763
0
LINE
8
BLACK
6
CONTINUOUS
10
1.8665609842519684
20
0.7688594881889763
11
1.8662616929133857
21
0.7685601968503937
0
LINE
8
BLACK
6
CONTINUOUS
10
1.8662616929133857
20
0.7685601968503937
11
1.8658235039370079
21
0.7683666929133858
0
LINE
8
BLACK
6
CONTINUOUS
10
1.8658235039370079
20
0.7683666929133858
11
1.8648636614173228
21
0.7677253543307087
0
LINE
8
BLACK
6
CONTINUOUS
10
1.8648636614173228
20
0.7677253543307087
11
1.8639670866141731
21
0.7675470078740158
0
LINE
8
BLACK
6
CONTINUOUS
10
1.8639670866141731
20
0.7675470078740158
11
1.8635092125984252
21
0.767344842519685
0
LINE
8
BLACK
6
CONTINUOUS
10
1.8635092125984252
20
0.767344842519685
11
1.8621690157480315
21
0.7671893307086614
0
LINE
8
BLACK
6
CONTINUOUS
10
1.8621690157480315
20
0.7671893307086614
11
1.8618503937007873
21
0.7671259842519685
0
LINE
8
BLACK
6
CONTINUOUS
10
1.8618503937007873
20
0.7671259842519685
11
1.8616227165354331
21
0.7671259842519685
0
LINE
8
BLACK
6
CONTINUOUS
10
1.8616227165354331
20
0.7671259842519685
11
1.7120781102362204
21
0.7671259842519685
0
LINE
8
BLACK
6
CONTINUOUS
10
1.7120781102362204
20
0.7671259842519685
11
1.7118503937007874
21
0.7671259842519685
0
LINE
8
BLACK
6
CONTINUOUS
10
1.7118503937007874
20
0.7671259842519685
11
1.7115317322834644
21
0.7671893307086614
0
LINE
8
BLACK
6
CONTINUOUS
10
1.7115317322834644
20
0.7671893307086614
11
1.7101915354330708
21
0.767344842519685
0
LINE
8
BLACK
6
CONTINUOUS
10
1.7101915354330708
20
0.767344842519685
11
1.7097336220472441
21
0.7675470078740158
0
LINE
8
BLACK
6
CONTINUOUS
10
1.7097336220472441
20
0.7675470078740158
11
1.7088371259842519
21
0.7677253543307087
0
LINE
8
BLACK
6
CONTINUOUS
10
1.7088371259842519
20
0.7677253543307087
11
1.7078773228346456
21
0.768366653543307
0
LINE
8
BLACK
6
CONTINUOUS
10
1.7078773228346456
20
0.768366653543307
11
1.7074390551181102
21
0.7685601968503937
0
LINE
8
BLACK
6
CONTINUOUS
10
1.7074390551181102
20
0.7685601968503937
11
1.7071396456692913
21
0.7688595669291338
0
LINE
8
BLACK
6
CONTINUOUS
10
1.7071396456692913
20
0.7688595669291338
11
1.7062826377952756
21
0.7694322440944882
0
LINE
8
BLACK
6
CONTINUOUS
10
1.7062826377952756
20
0.7694322440944882
11
1.7057099606299213
21
0.770289251968504
0
LINE
8
BLACK
6
CONTINUOUS
10
1.7057099606299213
20
0.770289251968504
11
1.7054105905511812
21
0.7705886614173229
0
LINE
8
BLACK
6
CONTINUOUS
10
1.7054105905511812
20
0.7705886614173229
11
1.7052170472440944
21
0.7710269291338583
0
LINE
8
BLACK
6
CONTINUOUS
10
1.7052170472440944
20
0.7710269291338583
11
1.704575748031496
21
0.7719867322834646
0
LINE
8
BLACK
6
CONTINUOUS
10
1.704575748031496
20
0.7719867322834646
11
1.7043974015748031
21
0.7728832283464567
0
LINE
8
BLACK
6
CONTINUOUS
10
1.7043974015748031
20
0.7728832283464567
11
1.7041952362204724
21
0.7733411417322834
0
LINE
8
BLACK
6
CONTINUOUS
10
1.7041952362204724
20
0.7733411417322834
11
1.7040397244094487
21
0.7746814173228346
0
LINE
8
BLACK
6
CONTINUOUS
10
1.7040397244094487
20
0.7746814173228346
11
1.7039763779527559
21
0.775
0
LINE
8
BLACK
6
CONTINUOUS
10
1.7039763779527559
20
0.775
11
1.7039763779527559
21
0.9249999999999999
0
LINE
8
BLACK
6
CONTINUOUS
10
1.7039763779527559
20
0.9249999999999999
11
1.7040397637795275
21
0.9253187007874015
0
LINE
8
BLACK
6
CONTINUOUS
10
1.7040397637795275
20
0.9253187007874015
11
1.7041952362204724
21
0.9266588188976378
0
LINE
8
BLACK
6
CONTINUOUS
10
1.7041952362204724
20
0.9266588188976378
11
1.7043974015748031
21
0.9271166929133858
0
LINE
8
BLACK
6
CONTINUOUS
10
1.7043974015748031
20
0.9271166929133858
11
1.704575748031496
21
0.9280132677165354
0
LINE
8
BLACK
6
CONTINUOUS
10
1.704575748031496
20
0.9280132677165354
11
1.7052170866141731
21
0.9289731102362204
0
LINE
8
BLACK
6
CONTINUOUS
10
1.7052170866141731
20
0.9289731102362204
11
1.7054105905511812
21
0.9294112992125984
0
LINE
8
BLACK
6
CONTINUOUS
10
1.7054105905511812
20
0.9294112992125984
11
1.7057098818897638
21
0.9297105905511811
0
LINE
8
BLACK
6
CONTINUOUS
10
1.7057098818897638
20
0.9297105905511811
11
1.7062826377952756
21
0.9305677559055118
0
LINE
8
BLACK
6
CONTINUOUS
10
1.7062826377952756
20
0.9305677559055118
11
1.7071397637795276
21
0.9311404724409449
0
LINE
8
BLACK
6
CONTINUOUS
10
1.7071397637795276
20
0.9311404724409449
11
1.7074390551181102
21
0.9314397637795275
0
LINE
8
BLACK
6
CONTINUOUS
10
1.7074390551181102
20
0.9314397637795275
11
1.7078771653543308
21
0.9316331889763779
0
LINE
8
BLACK
6
CONTINUOUS
10
1.7078771653543308
20
0.9316331889763779
11
1.7088371259842519
21
0.9322746456692913
0
LINE
8
BLACK
6
CONTINUOUS
10
1.7088371259842519
20
0.9322746456692913
11
1.7097337795275591
21
0.9324529921259842
0
LINE
8
BLACK
6
CONTINUOUS
10
1.7097337795275591
20
0.9324529921259842
11
1.7101915354330708
21
0.9326551181102362
0
LINE
8
BLACK
6
CONTINUOUS
10
1.7101915354330708
20
0.9326551181102362
11
1.7115313385826771
21
0.9328105511811023
0
LINE
8
BLACK
6
CONTINUOUS
10
1.7115313385826771
20
0.9328105511811023
11
1.7118503937007874
21
0.9328740157480315
0
LINE
8
BLACK
6
CONTINUOUS
10
1.7118503937007874
20
0.9328740157480315
11
1.8618503937007873
21
0.9328740157480315
0
LINE
8
BLACK
6
CONTINUOUS
10
1.8618503937007873
20
0.9328740157480315
11
1.8621695669291338
21
0.9328105118110236
0
LINE
8
BLACK
6
CONTINUOUS
10
0.918705
20
1.0326136614173229
11
0.9200446456692913
21
1.0324582677165355
0
LINE
8
BLACK
6
CONTINUOUS
10
0.9200446456692913
20
1.0324582677165355
11
0.9205023228346456
21
1.0322561417322835
0
LINE
8
BLACK
6
CONTINUOUS
10
0.9205023228346456
20
1.0322561417322835
11
0.9213990944881889
21
1.0320777952755906
0
LINE
8
BLACK
6
CONTINUOUS
10
0.9213990944881889
20
1.0320777952755906
11
0.922359094488189
21
1.0314362992125985
0
LINE
8
BLACK
6
CONTINUOUS
10
0.922359094488189
20
1.0314362992125985
11
0.9227971259842519
21
1.0312429133858267
0
LINE
8
BLACK
6
CONTINUOUS
10
0.9227971259842519
20
1.0312429133858267
11
0.9230962992125984
21
1.0309437007874016
0
LINE
8
BLACK
6
CONTINUOUS
10
0.9230962992125984
20
1.0309437007874016
11
0.9239535826771653
21
1.0303709055118111
0
LINE
8
BLACK
6
CONTINUOUS
10
0.9239535826771653
20
1.0303709055118111
11
0.9245263779527558
21
1.0295136220472441
0
LINE
8
BLACK
6
CONTINUOUS
10
0.9245263779527558
20
1.0295136220472441
11
0.9248255905511811
21
1.0292144488188977
0
LINE
8
BLACK
6
CONTINUOUS
10
0.9248255905511811
20
1.0292144488188977
11
0.9250189763779527
21
1.0287764173228346
0
LINE
8
BLACK
6
CONTINUOUS
10
0.9250189763779527
20
1.0287764173228346
11
0.9256604724409448
21
1.0278164173228346
0
LINE
8
BLACK
6
CONTINUOUS
10
0.9256604724409448
20
1.0278164173228346
11
0.9258388188976377
21
1.0269196456692913
0
LINE
8
BLACK
6
CONTINUOUS
10
0.9258388188976377
20
1.0269196456692913
11
0.9260409448818897
21
1.0264619685039369
0
LINE
8
BLACK
6
CONTINUOUS
10
0.9260409448818897
20
1.0264619685039369
11
0.9261963385826771
21
1.0251222834645668
0
LINE
8
BLACK
6
CONTINUOUS
10
0.9261963385826771
20
1.0251222834645668
11
0.9262598425196851
21
1.0248031496062993
0
LINE
8
BLACK
6
CONTINUOUS
10
0.9262598425196851
20
1.0248031496062993
11
0.9262598425196851
21
1.012992125984252
0
LINE
8
BLACK
6
CONTINUOUS
10
0.9262598425196851
20
1.012992125984252
11
0.9261963385826771
21
1.0126729921259843
0
LINE
8
BLACK
6
CONTINUOUS
10
0.9261963385826771
20
1.0126729921259843
11
0.9260409448818897
21
1.0113332677165354
0
LINE
8
BLACK
6
CONTINUOUS
10
0.9260409448818897
20
1.0113332677165354
11
0.9258388188976377
21
1.0108755118110235
0
LINE
8
BLACK
6
CONTINUOUS
10
0.9258388188976377
20
1.0108755118110235
11
0.9256604724409448
21
1.0099788582677165
0
LINE
8
BLACK
6
CONTINUOUS
10
0.9256604724409448
20
1.0099788582677165
11
0.9254017322834646
21
1.0095916141732284
0
LINE
8
BLACK
6
CONTINUOUS
10
0.9254017322834646
20
1.0095916141732284
11
0.9254017322834646
21
1.0085185826771654
0
LINE
8
BLACK
6
CONTINUOUS
10
0.9254017322834646
20
1.0085185826771654
11
0.9256604724409448
21
1.0081313779527559
0
LINE
8
BLACK
6
CONTINUOUS
10
0.9256604724409448
20
1.0081313779527559
11
0.9258388188976377
21
1.0072346456692913
0
LINE
8
BLACK
6
CONTINUOUS
10
0.9258388188976377
20
1.0072346456692913
11
0.9260409448818897
21
1.0067769291338582
0
LINE
8
BLACK
6
CONTINUOUS
10
0.9260409448818897
20
1.0067769291338582
11
0.9261963385826771
21
1.0054372440944881
0
LINE
8
BLACK
6
CONTINUOUS
10
0.9261963385826771
20
1.0054372440944881
11
0.9262598425196851
21
1.0051181102362206
0
LINE
8
BLACK
6
CONTINUOUS
10
0.9262598425196851
20
1.0051181102362206
11
0.9262598425196851
21
0.9933070866141732
0
LINE
8
BLACK
6
CONTINUOUS
10
0.9262598425196851
20
0.9933070866141732
11
0.9261963385826771
21
0.9929879527559055
0
LINE
8
BLACK
6
CONTINUOUS
10
0.9261963385826771
20
0.9929879527559055
11
0.9260409448818897
21
0.9916482283464567
0
LINE
8
BLACK
6
CONTINUOUS
10
0.9260409448818897
20
0.9916482283464567
11
0.9258388188976377
21
0.9911904724409448
0
LINE
8
BLACK
6
CONTINUOUS
10
0.9258388188976377
20
0.9911904724409448
11
0.9256604724409448
21
0.9902938188976378
0
LINE
8
BLACK
6
CONTINUOUS
10
0.9256604724409448
20
0.9902938188976378
11
0.9254017322834646
21
0.9899065748031496
0
LINE
8
BLACK
6
CONTINUOUS
10
0.9254017322834646
20
0.9899065748031496
11
0.9254017322834646
21
0.9888335433070866
0
LINE
8
BLACK
6
CONTINUOUS
10
0.9254017322834646
20
0.9888335433070866
11
0.9256604724409448
21
0.9884463385826772
0
LINE
8
BLACK
6
CONTINUOUS
10
0.9256604724409448
20
0.9884463385826772
11
0.9258388188976377
21
0.9875496062992126
0
LINE
8
BLACK
6
CONTINUOUS
10
0.9258388188976377
20
0.9875496062992126
11
0.9260409448818897
21
0.9870918897637795
0
LINE
8
BLACK
6
CONTINUOUS
10
0.9260409448818897
20
0.9870918897637795
11
0.9261963385826771
21
0.9857522047244094
0
LINE
8
BLACK
6
CONTINUOUS
10
0.9261963385826771
20
0.9857522047244094
11
0.9262598425196851
21
0.9854330708661417
0
LINE
8
BLACK
6
CONTINUOUS
10
0.9262598425196851
20
0.9854330708661417
11
0.9262598425196851
21
0.9736220472440945
0
LINE
8
BLACK
6
CONTINUOUS
10
0.9262598425196851
20
0.9736220472440945
11
0.9261963385826771
21
0.9733029133858268
0
LINE
8
BLACK
6
CONTINUOUS
10
0.9261963385826771
20
0.9733029133858268
11
0.9260409448818897
21
0.9719631889763779
0
LINE
8
BLACK
6
CONTINUOUS
10
0.9260409448818897
20
0.9719631889763779
11
0.9258388188976377
21
0.9715054330708661
0
LINE
8
BLACK
6
CONTINUOUS
10
0.9258388188976377
20
0.9715054330708661
11
0.9256604724409448
21
0.9706087795275591
0
LINE
8
BLACK
6
CONTINUOUS
10
0.9256604724409448
20
0.9706087795275591
11
0.9254017322834646
21
0.9702215354330709
0
LINE
8
BLACK
6
CONTINUOUS
10
0.9254017322834646
20
0.9702215354330709
11
0.9254017322834646
21
0.9691485039370078
0
LINE
8
BLACK
6
CONTINUOUS
10
0.9254017322834646
20
0.9691485039370078
11
0.9256604724409448
21
0.9687612992125983
0
LINE
8
BLACK
6
CONTINUOUS
10
0.9256604724409448
20
0.9687612992125983
11
0.9258388188976377
21
0.9678645669291338
0
LINE
8
BLACK
6
CONTINUOUS
10
0.9258388188976377
20
0.9678645669291338
11
0.9260409448818897
21
0.9674068503937008
0
LINE
8
BLACK
6
CONTINUOUS
10
0.9260409448818897
20
0.9674068503937008
11
0.9261963385826771
21
0.9660671653543307
0
LINE
8
BLACK
6
CONTINUOUS
10
0.9261963385826771
20
0.9660671653543307
11
0.9262598425196851
21
0.9657480314960629
0
LINE
8
BLACK
6
CONTINUOUS
10
0.9262598425196851
20
0.9657480314960629
11
0.9262598425196851
21
0.9539370078740157
0
LINE
8
BLACK
6
CONTINUOUS
10
0.9262598425196851
20
0.9539370078740157
11
0.9261963385826771
21
0.953617874015748
0
LINE
8
BLACK
6
CONTINUOUS
10
0.9261963385826771
20
0.953617874015748
11
0.9260409448818897
21
0.9522781496062992
0
LINE
8
BLACK
6
CONTINUOUS
10
0.9260409448818897
20
0.9522781496062992
11
0.9258388188976377
21
0.9518203937007874
0
LINE
8
BLACK
6
CONTINUOUS
10
0.9258388188976377
20
0.9518203937007874
11
0.9256604724409448
21
0.9509237401574803
0
LINE
8
BLACK
6
CONTINUOUS
10
0.9256604724409448
20
0.9509237401574803
11
0.9254017322834646
21
0.9505364960629921
0
LINE
8
BLACK
6
CONTINUOUS
10
0.9254017322834646
20
0.9505364960629921
11
0.9254017322834646
21
0.9494634645669291
0
LINE
8
BLACK
6
CONTINUOUS
10
0.9254017322834646
20
0.9494634645669291
11
0.9256604724409448
21
0.9490762598425196
0
LINE
8
BLACK
6
CONTINUOUS
10
0.9256604724409448
20
0.9490762598425196
11
0.9258388188976377
21
0.9481795275590551
0
LINE
8
BLACK
6
CONTINUOUS
10
0.9258388188976377
20
0.9481795275590551
11
0.9260409448818897
21
0.9477218110236221
0
LINE
8
BLACK
6
CONTINUOUS
10
0.9260409448818897
20
0.9477218110236221
11
0.9261963385826771
21
0.946382125984252
0
LINE
8
BLACK
6
CONTINUOUS
10
0.9261963385826771
20
0.946382125984252
11
0.9262598425196851
21
0.9460629921259842
0
LINE
8
BLACK
6
CONTINUOUS
10
0.9262598425196851
20
0.9460629921259842
11
0.9262598425196851
21
0.934251968503937
0
LINE
8
BLACK
6
CONTINUOUS
10
0.9262598425196851
20
0.934251968503937
11
0.9261963385826771
21
0.9339328346456692
0
LINE
8
BLACK
6
CONTINUOUS
10
0.9261963385826771
20
0.9339328346456692
11
0.9260409448818897
21
0.9325931102362205
0
LINE
8
BLACK
6
CONTINUOUS
10
0.9260409448818897
20
0.9325931102362205
11
0.9258388188976377
21
0.9321353543307086
0
LINE
8
BLACK
6
CONTINUOUS
10
0.9258388188976377
20
0.9321353543307086
11
0.9256604724409448
21
0.9312387007874016
0
LINE
8
BLACK
6
CONTINUOUS
10
0.9256604724409448
20
0.9312387007874016
11
0.9254017322834646
21
0.9308514566929134
0
LINE
8
BLACK
6
CONTINUOUS
10
0.9254017322834646
20
0.9308514566929134
11
0.9254017322834646
21
0.9297784251968504
0
LINE
8
BLACK
6
CONTINUOUS
10
0.9254017322834646
20
0.9297784251968504
11
0.9256604724409448
21
0.9293912204724409
0
LINE
8
BLACK
6
CONTINUOUS
10
0.9256604724409448
20
0.9293912204724409
11
0.9258388188976377
21
0.9284944881889764
0
LINE
8
BLACK
6
CONTINUOUS
10
0.9258388188976377
20
0.9284944881889764
11
0.9260409448818897
21
0.9280367716535433
0
LINE
8
BLACK
6
CONTINUOUS
10
0.9260409448818897
20
0.9280367716535433
11
0.9261963385826771
21
0.9266970866141732
0
LINE
8
BLACK
6
CONTINUOUS
10
0.9261963385826771
20
0.9266970866141732
11
0.9262598425196851
21
0.9263779527559055
0
LINE
8
BLACK
6
CONTINUOUS
10
0.9262598425196851
20
0.9263779527559055
11
0.9262598425196851
21
0.9145669291338583
0
LINE
8
BLACK
6
CONTINUOUS
10
0.9262598425196851
20
0.9145669291338583
11
0.9261963385826771
21
0.9142477952755905
0
LINE
8
BLACK
6
CONTINUOUS
10
0.9261963385826771
20
0.9142477952755905
11
0.9260409448818897
21
0.9129080708661417
0
LINE
8
BLACK
6
CONTINUOUS
10
0.9260409448818897
20
0.9129080708661417
11
0.9258388188976377
21
0.9124503149606299
0
LINE
8
BLACK
6
CONTINUOUS
10
0.9258388188976377
20
0.9124503149606299
11
0.9256604724409448
21
0.9115536614173229
0
LINE
8
BLACK
6
CONTINUOUS
10
0.9256604724409448
20
0.9115536614173229
11
0.9254017322834646
21
0.9111664173228347
0
LINE
8
BLACK
6
CONTINUOUS
10
0.9254017322834646
20
0.9111664173228347
11
0.9254017322834646
21
0.9100933858267717
0
LINE
8
BLACK
6
CONTINUOUS
10
0.9254017322834646
20
0.9100933858267717
11
0.9256604724409448
21
0.9097061811023622
0
LINE
8
BLACK
6
CONTINUOUS
10
0.9256604724409448
20
0.9097061811023622
11
0.9258388188976377
21
0.9088094488188976
0
LINE
8
BLACK
6
CONTINUOUS
10
0.9258388188976377
20
0.9088094488188976
11
0.9260409448818897
21
0.9083517322834646
0
LINE
8
BLACK
6
CONTINUOUS
10
0.9260409448818897
20
0.9083517322834646
11
0.9261963385826771
21
0.9070120472440945
0
LINE
8
BLACK
6
CONTINUOUS
10
0.9261963385826771
20
0.9070120472440945
11
0.9262598425196851
21
0.9066929133858268
0
LINE
8
BLACK
6
CONTINUOUS
10
0.9262598425196851
20
0.9066929133858268
11
0.9262598425196851
21
0.8948818897637795
0
LINE
8
BLACK
6
CONTINUOUS
10
0.9262598425196851
20
0.8948818897637795
11
0.9261963385826771
21
0.8945627559055118
0
LINE
8
BLACK
6
CONTINUOUS
10
0.9261963385826771
20
0.8945627559055118
11
0.9260409448818897
21
0.893223031496063
0
LINE
8
BLACK
6
CONTINUOUS
10
0.9260409448818897
20
0.893223031496063
11
0.9258388188976377
21
0.8927652755905512
0
LINE
8
BLACK
6
CONTINUOUS
10
0.9258388188976377
20
0.8927652755905512
11
0.9256604724409448
21
0.891868622047244
0
LINE
8
BLACK
6
CONTINUOUS
10
0.9256604724409448
20
0.891868622047244
11
0.9254017322834646
21
0.8914813779527558
0
LINE
8
BLACK
6
CONTINUOUS
10
0.9254017322834646
20
0.8914813779527558
11
0.9254017322834646
21
0.8904083464566929
0
LINE
8
BLACK
6
CONTINUOUS
10
0.9254017322834646
20
0.8904083464566929
11
0.9256604724409448
21
0.8900211417322834
0
LINE
8
BLACK
6
CONTINUOUS
10
0.9256604724409448
20
0.8900211417322834
11
0.9258388188976377
21
0.8891244094488189
0
LINE
8
BLACK
6
CONTINUOUS
10
0.9258388188976377
20
0.8891244094488189
11
0.9260409448818897
21
0.8886666929133858
0
LINE
8
BLACK
6
CONTINUOUS
10
0.9260409448818897
20
0.8886666929133858
11
0.9261963385826771
21
0.8873270078740157
0
LINE
8
BLACK
6
CONTINUOUS
10
0.9261963385826771
20
0.8873270078740157
11
0.9262598425196851
21
0.887007874015748
0
LINE
8
BLACK
6
CONTINUOUS
10
0.9262598425196851
20
0.887007874015748
11
0.9262598425196851
21
0.8751968503937008
0
LINE
8
BLACK
6
CONTINUOUS
10
0.9262598425196851
20
0.8751968503937008
11
0.9261963385826771
21
0.874877716535433
0
LINE
8
BLACK
6
CONTINUOUS
10
0.9261963385826771
20
0.874877716535433
11
0.9260409448818897
21
0.8735379921259843
0
LINE
8
BLACK
6
CONTINUOUS
10
0.9260409448818897
20
0.8735379921259843
11
0.9258388188976377
21
0.8730802362204724
0
LINE
8
BLACK
6
CONTINUOUS
10
0.9258388188976377
20
0.8730802362204724
11
0.9256604724409448
21
0.8721835826771653
0
LINE
8
BLACK
6
CONTINUOUS
10
0.9256604724409448
20
0.8721835826771653
11
0.9250190157480315
21
0.8712236220472441
0
LINE
8
BLACK
6
CONTINUOUS
10
0.9250190157480315
20
0.8712236220472441
11
0.9248255905511811
21
0.8707855118110236
0
LINE
8
BLACK
6
CONTINUOUS
10
0.9248255905511811
20
0.8707855118110236
11
0.9245262992125984
21
0.870486220472441
0
LINE
8
BLACK
6
CONTINUOUS
10
0.9245262992125984
20
0.870486220472441
11
0.9239535826771653
21
0.8696290944881889
0
LINE
8
BLACK
6
CONTINUOUS
10
0.9239535826771653
20
0.8696290944881889
11
0.9230964173228347
21
0.8690563385826772
0
LINE
8
BLACK
6
CONTINUOUS
10
0.9230964173228347
20
0.8690563385826772
11
0.9227971259842519
21
0.8687570472440944
0
LINE
8
BLACK
6
CONTINUOUS
10
0.9227971259842519
20
0.8687570472440944
11
0.922358937007874
21
0.8685635433070866
0
LINE
8
BLACK
6
CONTINUOUS
10
0.922358937007874
20
0.8685635433070866
11
0.9213990944881889
21
0.8679222047244094
0
LINE
8
BLACK
6
CONTINUOUS
10
0.9213990944881889
20
0.8679222047244094
11
0.9205025196850394
21
0.8677438582677165
0
LINE
8
BLACK
6
CONTINUOUS
10
0.9205025196850394
20
0.8677438582677165
11
0.9200446456692913
21
0.8675416929133858
0
LINE
8
BLACK
6
CONTINUOUS
10
0.9200446456692913
20
0.8675416929133858
11
0.9187044488188976
21
0.8673861811023622
0
LINE
8
BLACK
6
CONTINUOUS
10
0.9187044488188976
20
0.8673861811023622
11
0.9183858267716535
21
0.8673228346456693
0
LINE
8
BLACK
6
CONTINUOUS
10
0.9183858267716535
20
0.8673228346456693
11
0.9181581496062992
21
0.8673228346456693
0
LINE
8
BLACK
6
CONTINUOUS
10
0.9181581496062992
20
0.8673228346456693
11
0.8713694488188977
21
0.8673228346456693
0
LINE
8
BLACK
6
CONTINUOUS
10
0.8713694488188977
20
0.8673228346456693
11
0.8711417322834646
21
0.8673228346456693
0
LINE
8
BLACK
6
CONTINUOUS
10
0.8711417322834646
20
0.8673228346456693
11
0.8708230708661417
21
0.8673861811023622
0
LINE
8
BLACK
6
CONTINUOUS
10
0.8708230708661417
20
0.8673861811023622
11
0.869482874015748
21
0.8675416929133858
0
LINE
8
BLACK
6
CONTINUOUS
10
0.869482874015748
20
0.8675416929133858
11
0.8690249606299213
21
0.8677438582677165
0
LINE
8
BLACK
6
CONTINUOUS
10
0.8690249606299213
20
0.8677438582677165
11
0.8681284645669292
21
0.8679222047244094
0
LINE
8
BLACK
6
CONTINUOUS
10
0.8681284645669292
20
0.8679222047244094
11
0.8671686614173229
21
0.8685635039370079
0
LINE
8
BLACK
6
CONTINUOUS
10
0.8671686614173229
20
0.8685635039370079
11
0.8667303937007874
21
0.8687570472440944
0
LINE
8
BLACK
6
CONTINUOUS
10
0.8667303937007874
20
0.8687570472440944
11
0.8664309842519685
21
0.8690564173228347
0
LINE
8
BLACK
6
CONTINUOUS
10
0.8664309842519685
20
0.8690564173228347
11
0.8655739763779527
21
0.8696290944881889
0
LINE
8
BLACK
6
CONTINUOUS
10
0.8655739763779527
20
0.8696290944881889
11
0.8650012992125984
21
0.8704861023622047
0
LINE
8
BLACK
6
CONTINUOUS
10
0.8650012992125984
20
0.8704861023622047
11
0.8647019291338582
21
0.8707855118110236
0
LINE
8
BLACK
6
CONTINUOUS
10
0.8647019291338582
20
0.8707855118110236
11
0.8645083858267716
21
0.871223779527559
0
LINE
8
BLACK
6
CONTINUOUS
10
0.8645083858267716
20
0.871223779527559
11
0.8638670866141732
21
0.8721835826771653
0
LINE
8
BLACK
6
CONTINUOUS
10
0.8638670866141732
20
0.8721835826771653
11
0.8636887401574803
21
0.8730800787401575
0
LINE
8
BLACK
6
CONTINUOUS
10
0.8636887401574803
20
0.8730800787401575
11
0.8634865748031496
21
0.8735379921259843
0
LINE
8
BLACK
6
CONTINUOUS
10
0.8634865748031496
20
0.8735379921259843
11
0.8633310629921259
21
0.8748782283464567
0
LINE
8
BLACK
6
CONTINUOUS
10
0.8633310629921259
20
0.8748782283464567
11
0.8632677165354331
21
0.8751968503937008
0
LINE
8
BLACK
6
CONTINUOUS
10
0.8632677165354331
20
0.8751968503937008
11
0.8632677165354331
21
0.887007874015748
0
LINE
8
BLACK
6
CONTINUOUS
10
0.8632677165354331
20
0.887007874015748
11
0.8633311023622047
21
0.8873265354330708
0
LINE
8
BLACK
6
CONTINUOUS
10
0.8633311023622047
20
0.8873265354330708
11
0.8634865748031496
21
0.8886667716535432
0
LINE
8
BLACK
6
CONTINUOUS
10
0.8634865748031496
20
0.8886667716535432
11
0.8636887401574803
21
0.88912468503937
0
LINE
8
BLACK
6
CONTINUOUS
10
0.8636887401574803
20
0.88912468503937
11
0.8638670866141732
21
0.8900211417322834
0
LINE
8
BLACK
6
CONTINUOUS
10
0.8638670866141732
20
0.8900211417322834
11
0.8641257874015748
21
0.8904082677165354
0
LINE
8
BLACK
6
CONTINUOUS
10
0.8641257874015748
20
0.8904082677165354
11
0.8641257874015748
21
0.8914814566929133
0
LINE
8
BLACK
6
CONTINUOUS
10
0.8641257874015748
20
0.8914814566929133
11
0.8638670866141732
21
0.891868622047244
0
LINE
8
BLACK
6
CONTINUOUS
10
0.8638670866141732
20
0.891868622047244
11
0.8636887795275591
21
0.8927649606299213
0
LINE
8
BLACK
6
CONTINUOUS
10
0.8636887795275591
20
0.8927649606299213
11
0.8634865748031496
21
0.8932229527559055
0
LINE
8
BLACK
6
CONTINUOUS
10
0.8634865748031496
20
0.8932229527559055
11
0.8633310629921259
21
0.8945633070866141
0
LINE
8
BLACK
6
CONTINUOUS
10
0.8633310629921259
20
0.8945633070866141
11
0.8632677165354331
21
0.8948818897637795
0
LINE
8
BLACK
6
CONTINUOUS
10
0.8632677165354331
20
0.8948818897637795
11
0.8632677165354331
21
0.9066929133858268
0
LINE
8
BLACK
6
CONTINUOUS
10
0.8632677165354331
20
0.9066929133858268
11
0.8633311023622047
21
0.9070115748031495
0
LINE
8
BLACK
6
CONTINUOUS
10
0.8633311023622047
20
0.9070115748031495
11
0.8634865748031496
21
0.9083518110236221
0
LINE
8
BLACK
6
CONTINUOUS
10
0.8634865748031496
20
0.9083518110236221
11
0.8636887401574803
21
0.9088097244094488
0
LINE
8
BLACK
6
CONTINUOUS
10
0.8636887401574803
20
0.9088097244094488
11
0.8638670866141732
21
0.9097061811023622
0
LINE
8
BLACK
6
CONTINUOUS
10
0.8638670866141732
20
0.9097061811023622
11
0.8641257874015748
21
0.9100933070866142
0
LINE
8
BLACK
6
CONTINUOUS
10
0.8641257874015748
20
0.9100933070866142
11
0.8641257874015748
21
0.9111664960629922
0
LINE
8
BLACK
6
CONTINUOUS
10
0.8641257874015748
20
0.9111664960629922
11
0.8638670866141732
21
0.9115536614173229
0
LINE
8
BLACK
6
CONTINUOUS
10
0.8638670866141732
20
0.9115536614173229
11
0.8636887795275591
21
0.91245
0
LINE
8
BLACK
6
CONTINUOUS
10
0.8636887795275591
20
0.91245
11
0.8634865748031496
21
0.9129079921259843
0
LINE
8
BLACK
6
CONTINUOUS
10
0.8634865748031496
20
0.9129079921259843
11
0.8633310629921259
21
0.9142483464566928
0
LINE
8
BLACK
6
CONTINUOUS
10
0.8633310629921259
20
0.9142483464566928
11
0.8632677165354331
21
0.9145669291338583
0
LINE
8
BLACK
6
CONTINUOUS
10
0.8632677165354331
20
0.9145669291338583
11
0.8632677165354331
21
0.9263779527559055
0
LINE
8
BLACK
6
CONTINUOUS
10
0.8632677165354331
20
0.9263779527559055
11
0.8633311023622047
21
0.9266966141732284
0
LINE
8
BLACK
6
CONTINUOUS
10
0.8633311023622047
20
0.9266966141732284
11
0.8634865748031496
21
0.9280368503937008
0
LINE
8
BLACK
6
CONTINUOUS
10
0.8634865748031496
20
0.9280368503937008
11
0.8636887401574803
21
0.9284947637795276
0
LINE
8
BLACK
6
CONTINUOUS
10
0.8636887401574803
20
0.9284947637795276
11
0.8638670866141732
21
0.9293912204724409
0
LINE
8
BLACK
6
CONTINUOUS
10
0.8638670866141732
20
0.9293912204724409
11
0.8641257874015748
21
0.9297783464566929
0
LINE
8
BLACK
6
CONTINUOUS
10
0.8641257874015748
20
0.9297783464566929
11
0.8641257874015748
21
0.9308515354330709
0
LINE
8
BLACK
6
CONTINUOUS
10
0.8641257874015748
20
0.9308515354330709
11
0.8638670866141732
21
0.9312387007874016
0
LINE
8
BLACK
6
CONTINUOUS
10
0.8638670866141732
20
0.9312387007874016
11
0.8636887795275591
21
0.9321350393700787
0
LINE
8
BLACK
6
CONTINUOUS
10
0.8636887795275591
20
0.9321350393700787
11
0.8634865748031496
21
0.932593031496063
0
LINE
8
BLACK
6
CONTINUOUS
10
0.8634865748031496
20
0.932593031496063
11
0.8633310629921259
21
0.9339333858267717
0
LINE
8
BLACK
6
CONTINUOUS
10
0.8633310629921259
20
0.9339333858267717
11
0.8632677165354331
21
0.934251968503937
0
LINE
8
BLACK
6
CONTINUOUS
10
0.8632677165354331
20
0.934251968503937
11
0.8632677165354331
21
0.9460629921259842
0
LINE
8
BLACK
6
CONTINUOUS
10
0.8632677165354331
20
0.9460629921259842
11
0.8633311023622047
21
0.9463816535433071
0
LINE
8
BLACK
6
CONTINUOUS
10
0.8633311023622047
20
0.9463816535433071
11
0.8634865748031496
21
0.9477218897637795
0
LINE
8
BLACK
6
CONTINUOUS
10
0.8634865748031496
20
0.9477218897637795
11
0.8636887401574803
21
0.9481798031496063
0
LINE
8
BLACK
6
CONTINUOUS
10
0.8636887401574803
20
0.9481798031496063
11
0.8638670866141732
21
0.9490762598425196
0
LINE
8
BLACK
6
CONTINUOUS
10
0.8638670866141732
20
0.9490762598425196
11
0.8641257874015748
21
0.9494633858267716
0
LINE
8
BLACK
6
CONTINUOUS
10
0.8641257874015748
20
0.9494633858267716
11
0.8641257874015748
21
0.9505365748031496
0
LINE
8
BLACK
6
CONTINUOUS
10
0.8641257874015748
20
0.9505365748031496
11
0.8638670866141732
21
0.9509237401574803
0
LINE
8
BLACK
6
CONTINUOUS
10
0.8638670866141732
20
0.9509237401574803
11
0.8636887795275591
21
0.9518200787401575
0
LINE
8
BLACK
6
CONTINUOUS
10
0.8636887795275591
20
0.9518200787401575
11
0.8634865748031496
21
0.9522780708661417
0
LINE
8
BLACK
6
CONTINUOUS
10
0.8634865748031496
20
0.9522780708661417
11
0.8633310629921259
21
0.9536184251968504
0
LINE
8
BLACK
6
CONTINUOUS
10
0.8633310629921259
20
0.9536184251968504
11
0.8632677165354331
21
0.9539370078740157
0
LINE
8
BLACK
6
CONTINUOUS
10
0.8632677165354331
20
0.9539370078740157
11
0.8632677165354331
21
0.9657480314960629
0
LINE
8
BLACK
6
CONTINUOUS
10
0.8632677165354331
20
0.9657480314960629
11
0.8633311023622047
21
0.9660666929133858
0
LINE
8
BLACK
6
CONTINUOUS
10
0.8633311023622047
20
0.9660666929133858
11
0.8634865748031496
21
0.9674069291338583
0
LINE
8
BLACK
6
CONTINUOUS
10
0.8634865748031496
20
0.9674069291338583
11
0.8636887401574803
21
0.967864842519685
0
LINE
8
BLACK
6
CONTINUOUS
10
0.8636887401574803
20
0.967864842519685
11
0.8638670866141732
21
0.9687612992125983
0
LINE
8
BLACK
6
CONTINUOUS
10
0.8638670866141732
20
0.9687612992125983
11
0.8641257874015748
21
0.9691484251968504
0
LINE
8
BLACK
6
CONTINUOUS
10
0.8641257874015748
20
0.9691484251968504
11
0.8641257874015748
21
0.9702216141732283
0
LINE
8
BLACK
6
CONTINUOUS
10
0.8641257874015748
20
0.9702216141732283
11
0.8638670866141732
21
0.9706087795275591
0
LINE
8
BLACK
6
CONTINUOUS
10
0.8638670866141732
20
0.9706087795275591
11
0.8636887795275591
21
0.9715051181102362
0
LINE
8
BLACK
6
CONTINUOUS
10
0.8636887795275591
20
0.9715051181102362
11
0.8634865748031496
21
0.9719631102362204
0
LINE
8
BLACK
6
CONTINUOUS
10
0.8634865748031496
20
0.9719631102362204
11
0.8633310629921259
21
0.9733034645669291
0
LINE
8
BLACK
6
CONTINUOUS
10
0.8633310629921259
20
0.9733034645669291
11
0.8632677165354331
21
0.9736220472440945
0
LINE
8
BLACK
6
CONTINUOUS
10
0.8632677165354331
20
0.9736220472440945
11
0.8632677165354331
21
0.9854330708661417
0
LINE
8
BLACK
6
CONTINUOUS
10
0.8632677165354331
20
0.9854330708661417
11
0.8633311023622047
21
0.9857517322834646
0
LINE
8
BLACK
6
CONTINUOUS
10
0.8633311023622047
20
0.9857517322834646
11
0.8634865748031496
21
0.987091968503937
0
LINE
8
BLACK
6
CONTINUOUS
10
0.8634865748031496
20
0.987091968503937
11
0.8636887401574803
21
0.9875498818897638
0
LINE
8
BLACK
6
CONTINUOUS
10
0.8636887401574803
20
0.9875498818897638
11
0.8638670866141732
21
0.9884463385826772
0
LINE
8
BLACK
6
CONTINUOUS
10
0.8638670866141732
20
0.9884463385826772
11
0.8641257874015748
21
0.9888334645669291
0
LINE
8
BLACK
6
CONTINUOUS
10
0.8641257874015748
20
0.9888334645669291
11
0.8641257874015748
21
0.9899066535433071
0
LINE
8
BLACK
6
CONTINUOUS
10
0.8641257874015748
20
0.9899066535433071
11
0.8638670866141732
21
0.9902938188976378
0
LINE
8
BLACK
6
CONTINUOUS
10
0.8638670866141732
20
0.9902938188976378
11
0.8636887795275591
21
0.9911901574803149
0
LINE
8
BLACK
6
CONTINUOUS
10
0.8636887795275591
20
0.9911901574803149
11
0.8634865748031496
21
0.9916481496062992
0
LINE
8
BLACK
6
CONTINUOUS
10
0.8634865748031496
20
0.9916481496062992
11
0.8633310629921259
21
0.9929885039370079
0
LINE
8
BLACK
6
CONTINUOUS
10
0.8633310629921259
20
0.9929885039370079
11
0.8632677165354331
21
0.9933070866141732
0
LINE
8
BLACK
6
CONTINUOUS
10
0.8632677165354331
20
0.9933070866141732
11
0.8632677165354331
21
1.0051181102362206
0
LINE
8
BLACK
6
CONTINUOUS
10
0.8632677165354331
20
1.0051181102362206
11
0.8633311023622047
21
1.0054367716535433
0
LINE
8
BLACK
6
CONTINUOUS
10
0.8633311023622047
20
1.0054367716535433
11
0.8634865748031496
21
1.0067770078740157
0
LINE
8
BLACK
6
CONTINUOUS
10
0.8634865748031496
20
1.0067770078740157
11
0.8636887401574803
21
1.0072349212598426
0
LINE
8
BLACK
6
CONTINUOUS
10
0.8636887401574803
20
1.0072349212598426
11
0.8638670866141732
21
1.0081313779527559
0
LINE
8
BLACK
6
CONTINUOUS
10
0.8638670866141732
20
1.0081313779527559
11
0.8641257874015748
21
1.0085185039370079
0
LINE
8
BLACK
6
CONTINUOUS
10
0.8641257874015748
20
1.0085185039370079
11
0.8641257874015748
21
1.0095916929133859
0
LINE
8
BLACK
6
CONTINUOUS
10
0.8641257874015748
20
1.0095916929133859
11
0.8638670866141732
21
1.0099788582677165
0
LINE
8
BLACK
6
CONTINUOUS
10
0.8638670866141732
20
1.0099788582677165
11
0.8636887795275591
21
1.0108751968503937
0
LINE
8
BLACK
6
CONTINUOUS
10
0.8636887795275591
20
1.0108751968503937
11
0.8634865748031496
21
1.0113331889763779
0
LINE
8
BLACK
6
CONTINUOUS
10
0.8634865748031496
20
1.0113331889763779
11
0.8633310629921259
21
1.0126735433070866
0
LINE
8
BLACK
6
CONTINUOUS
10
0.8633310629921259
20
1.0126735433070866
11
0.8632677165354331
21
1.012992125984252
0
LINE
8
BLACK
6
CONTINUOUS
10
0.8632677165354331
20
1.012992125984252
11
0.8632677165354331
21
1.0248031496062993
0
LINE
8
BLACK
6
CONTINUOUS
10
0.8632677165354331
20
1.0248031496062993
11
0.8633311023622047
21
1.0251218503937007
0
LINE
8
BLACK
6
CONTINUOUS
10
0.8633311023622047
20
1.0251218503937007
11
0.8634865748031496
21
1.0264619685039369
0
LINE
8
BLACK
6
CONTINUOUS
10
0.8634865748031496
20
1.0264619685039369
11
0.8636887401574803
21
1.026919842519685
0
LINE
8
BLACK
6
CONTINUOUS
10
0.8636887401574803
20
1.026919842519685
11
0.8638670866141732
21
1.0278164173228346
0
LINE
8
BLACK
6
CONTINUOUS
10
0.8638670866141732
20
1.0278164173228346
11
0.8645084251968503
21
1.0287762598425196
0
LINE
8
BLACK
6
CONTINUOUS
10
0.8645084251968503
20
1.0287762598425196
11
0.8647019291338582
21
1.0292144488188977
0
LINE
8
BLACK
6
CONTINUOUS
10
0.8647019291338582
20
1.0292144488188977
11
0.8650012204724409
21
1.0295137401574803
0
LINE
8
BLACK
6
CONTINUOUS
10
0.8650012204724409
20
1.0295137401574803
11
0.8655739763779527
21
1.0303709055118111
0
LINE
8
BLACK
6
CONTINUOUS
10
0.8655739763779527
20
1.0303709055118111
11
0.8664311023622047
21
1.0309436220472441
0
LINE
8
BLACK
6
CONTINUOUS
10
0.8664311023622047
20
1.0309436220472441
11
0.8667303937007874
21
1.0312429133858267
0
LINE
8
BLACK
6
CONTINUOUS
10
0.8667303937007874
20
1.0312429133858267
11
0.8671685039370078
21
1.0314363385826772
0
LINE
8
BLACK
6
CONTINUOUS
10
0.8671685039370078
20
1.0314363385826772
11
0.8681284645669292
21
1.0320777952755906
0
LINE
8
BLACK
6
CONTINUOUS
10
0.8681284645669292
20
1.0320777952755906
11
0.8690251181102362
21
1.0322561417322835
0
LINE
8
BLACK
6
CONTINUOUS
10
0.8690251181102362
20
1.0322561417322835
11
0.869482874015748
21
1.0324582677165355
0
LINE
8
BLACK
6
CONTINUOUS
10
0.869482874015748
20
1.0324582677165355
11
0.8708226771653543
21
1.0326137007874014
0
LINE
8
BLACK
6
CONTINUOUS
10
0.8708226771653543
20
1.0326137007874014
11
0.8711417322834646
21
1.0326771653543307
0
LINE
8
BLACK
6
CONTINUOUS
10
0.8711417322834646
20
1.0326771653543307
11
0.9183858267716535
21
1.0326771653543307
0
LINE
8
BLACK
6
CONTINUOUS
10
0.9183858267716535
20
1.0326771653543307
11
0.918705
21
1.0326136614173229
0
LINE
8
BLACK
6
CONTINUOUS
10
1.0486262598425196
20
1.0326136614173229
11
1.0499659055118109
21
1.0324582677165355
0
LINE
8
BLACK
6
CONTINUOUS
10
1.0499659055118109
20
1.0324582677165355
11
1.0504235826771653
21
1.0322561417322835
0
LINE
8
BLACK
6
CONTINUOUS
10
1.0504235826771653
20
1.0322561417322835
11
1.0513203543307086
21
1.0320777952755906
0
LINE
8
BLACK
6
CONTINUOUS
10
1.0513203543307086
20
1.0320777952755906
11
1.0522803543307087
21
1.0314362992125985
0
LINE
8
BLACK
6
CONTINUOUS
10
1.0522803543307087
20
1.0314362992125985
11
1.0527183858267717
21
1.0312429133858267
0
LINE
8
BLACK
6
CONTINUOUS
10
1.0527183858267717
20
1.0312429133858267
11
1.0530175590551181
21
1.0309437007874016
0
LINE
8
BLACK
6
CONTINUOUS
10
1.0530175590551181
20
1.0309437007874016
11
1.0538748425196851
21
1.0303709055118111
0
LINE
8
BLACK
6
CONTINUOUS
10
1.0538748425196851
20
1.0303709055118111
11
1.0544476377952756
21
1.0295136220472441
0
LINE
8
BLACK
6
CONTINUOUS
10
1.0544476377952756
20
1.0295136220472441
11
1.0547468503937008
21
1.0292144488188977
0
LINE
8
BLACK
6
CONTINUOUS
10
1.0547468503937008
20
1.0292144488188977
11
1.0549402362204725
21
1.0287764173228346
0
LINE
8
BLACK
6
CONTINUOUS
10
1.0549402362204725
20
1.0287764173228346
11
1.0555817322834646
21
1.0278164173228346
0
LINE
8
BLACK
6
CONTINUOUS
10
1.0555817322834646
20
1.0278164173228346
11
1.0557600787401575
21
1.0269196456692913
0
LINE
8
BLACK
6
CONTINUOUS
10
1.0557600787401575
20
1.0269196456692913
11
1.0559622047244095
21
1.0264619685039369
0
LINE
8
BLACK
6
CONTINUOUS
10
1.0559622047244095
20
1.0264619685039369
11
1.0561175984251969
21
1.0251222440944883
0
LINE
8
BLACK
6
CONTINUOUS
10
1.0561175984251969
20
1.0251222440944883
11
1.0561811023622047
21
1.0248031496062993
0
LINE
8
BLACK
6
CONTINUOUS
10
1.0561811023622047
20
1.0248031496062993
11
1.0561811023622047
21
0.8751968503937008
0
LINE
8
BLACK
6
CONTINUOUS
10
1.0561811023622047
20
0.8751968503937008
11
1.0561175984251969
21
0.874877716535433
0
LINE
8
BLACK
6
CONTINUOUS
10
1.0561175984251969
20
0.874877716535433
11
1.0559622047244095
21
0.8735379921259843
0
LINE
8
BLACK
6
CONTINUOUS
10
1.0559622047244095
20
0.8735379921259843
11
1.0557600787401575
21
0.8730802362204724
0
LINE
8
BLACK
6
CONTINUOUS
10
1.0557600787401575
20
0.8730802362204724
11
1.0555817322834646
21
0.8721835826771653
0
LINE
8
BLACK
6
CONTINUOUS
10
1.0555817322834646
20
0.8721835826771653
11
1.0549402755905513
21
0.8712236220472441
0
LINE
8
BLACK
6
CONTINUOUS
10
1.0549402755905513
20
0.8712236220472441
11
1.0547468503937008
21
0.8707855118110236
0
LINE
8
BLACK
6
CONTINUOUS
10
1.0547468503937008
20
0.8707855118110236
11
1.0544475590551181
21
0.870486220472441
0
LINE
8
BLACK
6
CONTINUOUS
10
1.0544475590551181
20
0.870486220472441
11
1.0538748425196851
21
0.8696290944881889
0
LINE
8
BLACK
6
CONTINUOUS
10
1.0538748425196851
20
0.8696290944881889
11
1.0530176771653543
21
0.8690563385826772
0
LINE
8
BLACK
6
CONTINUOUS
10
1.0530176771653543
20
0.8690563385826772
11
1.0527183858267717
21
0.8687570472440944
0
LINE
8
BLACK
6
CONTINUOUS
10
1.0527183858267717
20
0.8687570472440944
11
1.0522801968503936
21
0.8685635433070866
0
LINE
8
BLACK
6
CONTINUOUS
10
1.0522801968503936
20
0.8685635433070866
11
1.0513203543307086
21
0.8679222047244094
0
LINE
8
BLACK
6
CONTINUOUS
10
1.0513203543307086
20
0.8679222047244094
11
1.0504237795275591
21
0.8677438582677165
0
LINE
8
BLACK
6
CONTINUOUS
10
1.0504237795275591
20
0.8677438582677165
11
1.0499659055118109
21
0.8675416929133858
0
LINE
8
BLACK
6
CONTINUOUS
10
1.0499659055118109
20
0.8675416929133858
11
1.0486257086614172
21
0.8673861811023622
0
LINE
8
BLACK
6
CONTINUOUS
10
1.0486257086614172
20
0.8673861811023622
11
1.0483070866141733
21
0.8673228346456693
0
LINE
8
BLACK
6
CONTINUOUS
10
1.0483070866141733
20
0.8673228346456693
11
1.0480794094488188
21
0.8673228346456693
0
LINE
8
BLACK
6
CONTINUOUS
10
1.0480794094488188
20
0.8673228346456693
11
0.9619206299212598
21
0.8673228346456693
0
LINE
8
BLACK
6
CONTINUOUS
10
0.9619206299212598
20
0.8673228346456693
11
0.9616929133858267
21
0.8673228346456693
0
LINE
8
BLACK
6
CONTINUOUS
10
0.9616929133858267
20
0.8673228346456693
11
0.9613742519685039
21
0.8673861811023622
0
LINE
8
BLACK
6
CONTINUOUS
10
0.9613742519685039
20
0.8673861811023622
11
0.9600340551181102
21
0.8675416929133858
0
LINE
8
BLACK
6
CONTINUOUS
10
0.9600340551181102
20
0.8675416929133858
11
0.9595761417322834
21
0.8677438582677165
0
LINE
8
BLACK
6
CONTINUOUS
10
0.9595761417322834
20
0.8677438582677165
11
0.9586796456692913
21
0.8679222047244094
0
LINE
8
BLACK
6
CONTINUOUS
10
0.9586796456692913
20
0.8679222047244094
11
0.957719842519685
21
0.8685635039370079
0
LINE
8
BLACK
6
CONTINUOUS
10
0.957719842519685
20
0.8685635039370079
11
0.9572815748031496
21
0.8687570472440944
0
LINE
8
BLACK
6
CONTINUOUS
10
0.9572815748031496
20
0.8687570472440944
11
0.9569821653543307
21
0.8690564173228347
0
LINE
8
BLACK
6
CONTINUOUS
10
0.9569821653543307
20
0.8690564173228347
11
0.9561251574803149
21
0.8696290944881889
0
LINE
8
BLACK
6
CONTINUOUS
10
0.9561251574803149
20
0.8696290944881889
11
0.9555524803149607
21
0.8704861023622047
0
LINE
8
BLACK
6
CONTINUOUS
10
0.9555524803149607
20
0.8704861023622047
11
0.9552531102362205
21
0.8707855118110236
0
LINE
8
BLACK
6
CONTINUOUS
10
0.9552531102362205
20
0.8707855118110236
11
0.9550595669291339
21
0.871223779527559
0
LINE
8
BLACK
6
CONTINUOUS
10
0.9550595669291339
20
0.871223779527559
11
0.9544182677165354
21
0.8721835826771653
0
LINE
8
BLACK
6
CONTINUOUS
10
0.9544182677165354
20
0.8721835826771653
11
0.9542399212598425
21
0.8730800787401575
0
LINE
8
BLACK
6
CONTINUOUS
10
0.9542399212598425
20
0.8730800787401575
11
0.9540377559055118
21
0.8735379921259843
0
LINE
8
BLACK
6
CONTINUOUS
10
0.9540377559055118
20
0.8735379921259843
11
0.9538822440944882
21
0.8748782677165354
0
LINE
8
BLACK
6
CONTINUOUS
10
0.9538822440944882
20
0.8748782677165354
11
0.9538188976377953
21
0.8751968503937008
0
LINE
8
BLACK
6
CONTINUOUS
10
0.9538188976377953
20
0.8751968503937008
11
0.9538188976377953
21
1.0248031496062993
0
LINE
8
BLACK
6
CONTINUOUS
10
0.9538188976377953
20
1.0248031496062993
11
0.9538822834645669
21
1.0251218503937007
0
LINE
8
BLACK
6
CONTINUOUS
10
0.9538822834645669
20
1.0251218503937007
11
0.9540377559055118
21
1.0264619685039369
0
LINE
8
BLACK
6
CONTINUOUS
10
0.9540377559055118
20
1.0264619685039369
11
0.9542399212598425
21
1.026919842519685
0
LINE
8
BLACK
6
CONTINUOUS
10
0.9542399212598425
20
1.026919842519685
11
0.9544182677165354
21
1.0278164173228346
0
LINE
8
BLACK
6
CONTINUOUS
10
0.9544182677165354
20
1.0278164173228346
11
0.9550596062992126
21
1.0287762598425196
0
LINE
8
BLACK
6
CONTINUOUS
10
0.9550596062992126
20
1.0287762598425196
11
0.9552531102362205
21
1.0292144488188977
0
LINE
8
BLACK
6
CONTINUOUS
10
0.9552531102362205
20
1.0292144488188977
11
0.9555524015748031
21
1.0295137401574803
0
LINE
8
BLACK
6
CONTINUOUS
10
0.9555524015748031
20
1.0295137401574803
11
0.9561251574803149
21
1.0303709055118111
0
LINE
8
BLACK
6
CONTINUOUS
10
0.9561251574803149
20
1.0303709055118111
11
0.9569822834645669
21
1.0309436220472441
0
LINE
8
BLACK
6
CONTINUOUS
10
0.9569822834645669
20
1.0309436220472441
11
0.9572815748031496
21
1.0312429133858267
0
LINE
8
BLACK
6
CONTINUOUS
10
0.9572815748031496
20
1.0312429133858267
11
0.9577196850393701
21
1.0314363385826772
0
LINE
8
BLACK
6
CONTINUOUS
10
0.9577196850393701
20
1.0314363385826772
11
0.9586796456692913
21
1.0320777952755906
0
LINE
8
BLACK
6
CONTINUOUS
10
0.9586796456692913
20
1.0320777952755906
11
0.9595762992125983
21
1.0322561417322835
0
LINE
8
BLACK
6
CONTINUOUS
10
0.9595762992125983
20
1.0322561417322835
11
0.9600340551181102
21
1.0324582677165355
0
LINE
8
BLACK
6
CONTINUOUS
10
0.9600340551181102
20
1.0324582677165355
11
0.9613738582677165
21
1.0326137007874014
0
LINE
8
BLACK
6
CONTINUOUS
10
0.9613738582677165
20
1.0326137007874014
11
0.9616929133858267
21
1.0326771653543307
0
LINE
8
BLACK
6
CONTINUOUS
10
0.9616929133858267
20
1.0326771653543307
11
1.0483070866141733
21
1.0326771653543307
0
LINE
8
BLACK
6
CONTINUOUS
10
1.0483070866141733
20
1.0326771653543307
11
1.0486262598425196
21
1.0326136614173229
0
LINE
8
BLACK
6
CONTINUOUS
10
1.1391774409448818
20
1.0326136614173229
11
1.1405170866141732
21
1.0324582677165355
0
LINE
8
BLACK
6
CONTINUOUS
10
1.1405170866141732
20
1.0324582677165355
11
1.1409747637795276
21
1.0322561417322835
0
LINE
8
BLACK
6
CONTINUOUS
10
1.1409747637795276
20
1.0322561417322835
11
1.1418715354330709
21
1.0320777952755906
0
LINE
8
BLACK
6
CONTINUOUS
10
1.1418715354330709
20
1.0320777952755906
11
1.1428315354330709
21
1.0314362992125985
0
LINE
8
BLACK
6
CONTINUOUS
10
1.1428315354330709
20
1.0314362992125985
11
1.1432695669291337
21
1.0312429133858267
0
LINE
8
BLACK
6
CONTINUOUS
10
1.1432695669291337
20
1.0312429133858267
11
1.1435687401574803
21
1.0309437007874016
0
LINE
8
BLACK
6
CONTINUOUS
10
1.1435687401574803
20
1.0309437007874016
11
1.1444260236220472
21
1.0303709055118111
0
LINE
8
BLACK
6
CONTINUOUS
10
1.1444260236220472
20
1.0303709055118111
11
1.1449988188976377
21
1.0295136220472441
0
LINE
8
BLACK
6
CONTINUOUS
10
1.1449988188976377
20
1.0295136220472441
11
1.145298031496063
21
1.0292144488188977
0
LINE
8
BLACK
6
CONTINUOUS
10
1.145298031496063
20
1.0292144488188977
11
1.1454914173228345
21
1.0287764173228346
0
LINE
8
BLACK
6
CONTINUOUS
10
1.1454914173228345
20
1.0287764173228346
11
1.1461329133858267
21
1.0278164173228346
0
LINE
8
BLACK
6
CONTINUOUS
10
1.1461329133858267
20
1.0278164173228346
11
1.1463112598425196
21
1.0269196456692913
0
LINE
8
BLACK
6
CONTINUOUS
10
1.1463112598425196
20
1.0269196456692913
11
1.1465133858267715
21
1.0264619685039369
0
LINE
8
BLACK
6
CONTINUOUS
10
1.1465133858267715
20
1.0264619685039369
11
1.146668779527559
21
1.0251222834645668
0
LINE
8
BLACK
6
CONTINUOUS
10
1.146668779527559
20
1.0251222834645668
11
1.1467322834645668
21
1.0248031496062993
0
LINE
8
BLACK
6
CONTINUOUS
10
1.1467322834645668
20
1.0248031496062993
11
1.1467322834645668
21
1.012992125984252
0
LINE
8
BLACK
6
CONTINUOUS
10
1.1467322834645668
20
1.012992125984252
11
1.146668779527559
21
1.0126729921259843
0
LINE
8
BLACK
6
CONTINUOUS
10
1.146668779527559
20
1.0126729921259843
11
1.1465133858267715
21
1.0113332677165354
0
LINE
8
BLACK
6
CONTINUOUS
10
1.1465133858267715
20
1.0113332677165354
11
1.1463112598425196
21
1.0108755118110235
0
LINE
8
BLACK
6
CONTINUOUS
10
1.1463112598425196
20
1.0108755118110235
11
1.1461329133858267
21
1.0099788582677165
0
LINE
8
BLACK
6
CONTINUOUS
10
1.1461329133858267
20
1.0099788582677165
11
1.1458741732283464
21
1.0095916141732284
0
LINE
8
BLACK
6
CONTINUOUS
10
1.1458741732283464
20
1.0095916141732284
11
1.1458741732283464
21
1.0085185826771654
0
LINE
8
BLACK
6
CONTINUOUS
10
1.1458741732283464
20
1.0085185826771654
11
1.1461329133858267
21
1.0081313779527559
0
LINE
8
BLACK
6
CONTINUOUS
10
1.1461329133858267
20
1.0081313779527559
11
1.1463112598425196
21
1.0072346456692913
0
LINE
8
BLACK
6
CONTINUOUS
10
1.1463112598425196
20
1.0072346456692913
11
1.1465133858267715
21
1.0067769291338582
0
LINE
8
BLACK
6
CONTINUOUS
10
1.1465133858267715
20
1.0067769291338582
11
1.146668779527559
21
1.0054372440944881
0
LINE
8
BLACK
6
CONTINUOUS
10
1.146668779527559
20
1.0054372440944881
11
1.1467322834645668
21
1.0051181102362206
0
LINE
8
BLACK
6
CONTINUOUS
10
1.1467322834645668
20
1.0051181102362206
11
1.1467322834645668
21
0.9933070866141732
0
LINE
8
BLACK
6
CONTINUOUS
10
1.1467322834645668
20
0.9933070866141732
11
1.146668779527559
21
0.9929879527559055
0
LINE
8
BLACK
6
CONTINUOUS
10
1.146668779527559
20
0.9929879527559055
11
1.1465133858267715
21
0.9916482283464567
0
LINE
8
BLACK
6
CONTINUOUS
10
1.1465133858267715
20
0.9916482283464567
11
1.1463112598425196
21
0.9911904724409448
0
LINE
8
BLACK
6
CONTINUOUS
10
1.1463112598425196
20
0.9911904724409448
11
1.1461329133858267
21
0.9902938188976378
0
LINE
8
BLACK
6
CONTINUOUS
10
1.1461329133858267
20
0.9902938188976378
11
1.1458741732283464
21
0.9899065748031496
0
LINE
8
BLACK
6
CONTINUOUS
10
1.1458741732283464
20
0.9899065748031496
11
1.1458741732283464
21
0.9888335433070866
0
LINE
8
BLACK
6
CONTINUOUS
10
1.1458741732283464
20
0.9888335433070866
11
1.1461329133858267
21
0.9884463385826772
0
LINE
8
BLACK
6
CONTINUOUS
10
1.1461329133858267
20
0.9884463385826772
11
1.1463112598425196
21
0.9875496062992126
0
LINE
8
BLACK
6
CONTINUOUS
10
1.1463112598425196
20
0.9875496062992126
11
1.1465133858267715
21
0.9870918897637795
0
LINE
8
BLACK
6
CONTINUOUS
10
1.1465133858267715
20
0.9870918897637795
11
1.146668779527559
21
0.9857522047244094
0
LINE
8
BLACK
6
CONTINUOUS
10
1.146668779527559
20
0.9857522047244094
11
1.1467322834645668
21
0.9854330708661417
0
LINE
8
BLACK
6
CONTINUOUS
10
1.1467322834645668
20
0.9854330708661417
11
1.1467322834645668
21
0.9736220472440945
0
LINE
8
BLACK
6
CONTINUOUS
10
1.1467322834645668
20
0.9736220472440945
11
1.146668779527559
21
0.9733029133858268
0
LINE
8
BLACK
6
CONTINUOUS
10
1.146668779527559
20
0.9733029133858268
11
1.1465133858267715
21
0.9719631889763779
0
LINE
8
BLACK
6
CONTINUOUS
10
1.1465133858267715
20
0.9719631889763779
11
1.1463112598425196
21
0.9715054330708661
0
LINE
8
BLACK
6
CONTINUOUS
10
1.1463112598425196
20
0.9715054330708661
11
1.1461329133858267
21
0.9706087795275591
0
LINE
8
BLACK
6
CONTINUOUS
10
1.1461329133858267
20
0.9706087795275591
11
1.1458741732283464
21
0.9702215354330709
0
LINE
8
BLACK
6
CONTINUOUS
10
1.1458741732283464
20
0.9702215354330709
11
1.1458741732283464
21
0.9691485039370078
0
LINE
8
BLACK
6
CONTINUOUS
10
1.1458741732283464
20
0.9691485039370078
11
1.1461329133858267
21
0.9687612992125983
0
LINE
8
BLACK
6
CONTINUOUS
10
1.1461329133858267
20
0.9687612992125983
11
1.1463112598425196
21
0.9678645669291338
0
LINE
8
BLACK
6
CONTINUOUS
10
1.1463112598425196
20
0.9678645669291338
11
1.1465133858267715
21
0.9674068503937008
0
LINE
8
BLACK
6
CONTINUOUS
10
1.1465133858267715
20
0.9674068503937008
11
1.146668779527559
21
0.9660671653543307
0
LINE
8
BLACK
6
CONTINUOUS
10
1.146668779527559
20
0.9660671653543307
11
1.1467322834645668
21
0.9657480314960629
0
LINE
8
BLACK
6
CONTINUOUS
10
1.1467322834645668
20
0.9657480314960629
11
1.1467322834645668
21
0.9539370078740157
0
LINE
8
BLACK
6
CONTINUOUS
10
1.1467322834645668
20
0.9539370078740157
11
1.146668779527559
21
0.953617874015748
0
LINE
8
BLACK
6
CONTINUOUS
10
1.146668779527559
20
0.953617874015748
11
1.1465133858267715
21
0.9522781496062992
0
LINE
8
BLACK
6
CONTINUOUS
10
1.1465133858267715
20
0.9522781496062992
11
1.1463112598425196
21
0.9518203937007874
0
LINE
8
BLACK
6
CONTINUOUS
10
1.1463112598425196
20
0.9518203937007874
11
1.1461329133858267
21
0.9509237401574803
0
LINE
8
BLACK
6
CONTINUOUS
10
1.1461329133858267
20
0.9509237401574803
11
1.1458741732283464
21
0.9505364960629921
0
LINE
8
BLACK
6
CONTINUOUS
10
1.1458741732283464
20
0.9505364960629921
11
1.1458741732283464
21
0.9494634645669291
0
LINE
8
BLACK
6
CONTINUOUS
10
1.1458741732283464
20
0.9494634645669291
11
1.1461329133858267
21
0.9490762598425196
0
LINE
8
BLACK
6
CONTINUOUS
10
1.1461329133858267
20
0.9490762598425196
11
1.1463112598425196
21
0.9481795275590551
0
LINE
8
BLACK
6
CONTINUOUS
10
1.1463112598425196
20
0.9481795275590551
11
1.1465133858267715
21
0.9477218110236221
0
LINE
8
BLACK
6
CONTINUOUS
10
1.1465133858267715
20
0.9477218110236221
11
1.146668779527559
21
0.946382125984252
0
LINE
8
BLACK
6
CONTINUOUS
10
1.146668779527559
20
0.946382125984252
11
1.1467322834645668
21
0.9460629921259842
0
LINE
8
BLACK
6
CONTINUOUS
10
1.1467322834645668
20
0.9460629921259842
11
1.1467322834645668
21
0.934251968503937
0
LINE
8
BLACK
6
CONTINUOUS
10
1.1467322834645668
20
0.934251968503937
11
1.146668779527559
21
0.9339328346456692
0
LINE
8
BLACK
6
CONTINUOUS
10
1.146668779527559
20
0.9339328346456692
11
1.1465133858267715
21
0.9325931102362205
0
LINE
8
BLACK
6
CONTINUOUS
10
1.1465133858267715
20
0.9325931102362205
11
1.1463112598425196
21
0.9321353543307086
0
LINE
8
BLACK
6
CONTINUOUS
10
1.1463112598425196
20
0.9321353543307086
11
1.1461329133858267
21
0.9312387007874016
0
LINE
8
BLACK
6
CONTINUOUS
10
1.1461329133858267
20
0.9312387007874016
11
1.1458741732283464
21
0.9308514566929134
0
LINE
8
BLACK
6
CONTINUOUS
10
1.1458741732283464
20
0.9308514566929134
11
1.1458741732283464
21
0.9297784251968504
0
LINE
8
BLACK
6
CONTINUOUS
10
1.1458741732283464
20
0.9297784251968504
11
1.1461329133858267
21
0.9293912204724409
0
LINE
8
BLACK
6
CONTINUOUS
10
1.1461329133858267
20
0.9293912204724409
11
1.1463112598425196
21
0.9284944881889764
0
LINE
8
BLACK
6
CONTINUOUS
10
1.1463112598425196
20
0.9284944881889764
11
1.1465133858267715
21
0.9280367716535433
0
LINE
8
BLACK
6
CONTINUOUS
10
1.1465133858267715
20
0.9280367716535433
11
1.146668779527559
21
0.9266970866141732
0
LINE
8
BLACK
6
CONTINUOUS
10
1.146668779527559
20
0.9266970866141732
11
1.1467322834645668
21
0.9263779527559055
0
LINE
8
BLACK
6
CONTINUOUS
10
1.1467322834645668
20
0.9263779527559055
11
1.1467322834645668
21
0.9145669291338583
0
LINE
8
BLACK
6
CONTINUOUS
10
1.1467322834645668
20
0.9145669291338583
11
1.146668779527559
21
0.9142477952755905
0
LINE
8
BLACK
6
CONTINUOUS
10
1.146668779527559
20
0.9142477952755905
11
1.1465133858267715
21
0.9129080708661417
0
LINE
8
BLACK
6
CONTINUOUS
10
1.1465133858267715
20
0.9129080708661417
11
1.1463112598425196
21
0.9124503149606299
0
LINE
8
BLACK
6
CONTINUOUS
10
1.1463112598425196
20
0.9124503149606299
11
1.1461329133858267
21
0.9115536614173229
0
LINE
8
BLACK
6
CONTINUOUS
10
1.1461329133858267
20
0.9115536614173229
11
1.1458741732283464
21
0.9111664173228347
0
LINE
8
BLACK
6
CONTINUOUS
10
1.1458741732283464
20
0.9111664173228347
11
1.1458741732283464
21
0.9100933858267717
0
LINE
8
BLACK
6
CONTINUOUS
10
1.1458741732283464
20
0.9100933858267717
11
1.1461329133858267
21
0.9097061811023622
0
LINE
8
BLACK
6
CONTINUOUS
10
1.1461329133858267
20
0.9097061811023622
11
1.1463112598425196
21
0.9088094488188976
0
LINE
8
BLACK
6
CONTINUOUS
10
1.1463112598425196
20
0.9088094488188976
11
1.1465133858267715
21
0.9083517322834646
0
LINE
8
BLACK
6
CONTINUOUS
10
1.1465133858267715
20
0.9083517322834646
11
1.146668779527559
21
0.9070120472440945
0
LINE
8
BLACK
6
CONTINUOUS
10
1.146668779527559
20
0.9070120472440945
11
1.1467322834645668
21
0.9066929133858268
0
LINE
8
BLACK
6
CONTINUOUS
10
1.1467322834645668
20
0.9066929133858268
11
1.1467322834645668
21
0.8948818897637795
0
LINE
8
BLACK
6
CONTINUOUS
10
1.1467322834645668
20
0.8948818897637795
11
1.146668779527559
21
0.8945627559055118
0
LINE
8
BLACK
6
CONTINUOUS
10
1.146668779527559
20
0.8945627559055118
11
1.1465133858267715
21
0.893223031496063
0
LINE
8
BLACK
6
CONTINUOUS
10
1.1465133858267715
20
0.893223031496063
11
1.1463112598425196
21
0.8927652755905512
0
LINE
8
BLACK
6
CONTINUOUS
10
1.1463112598425196
20
0.8927652755905512
11
1.1461329133858267
21
0.891868622047244
0
LINE
8
BLACK
6
CONTINUOUS
10
1.1461329133858267
20
0.891868622047244
11
1.1458741732283464
21
0.8914813779527558
0
LINE
8
BLACK
6
CONTINUOUS
10
1.1458741732283464
20
0.8914813779527558
11
1.1458741732283464
21
0.8904083464566929
0
LINE
8
BLACK
6
CONTINUOUS
10
1.1458741732283464
20
0.8904083464566929
11
1.1461329133858267
21
0.8900211417322834
0
LINE
8
BLACK
6
CONTINUOUS
10
1.1461329133858267
20
0.8900211417322834
11
1.1463112598425196
21
0.8891244094488189
0
LINE
8
BLACK
6
CONTINUOUS
10
1.1463112598425196
20
0.8891244094488189
11
1.1465133858267715
21
0.8886666929133858
0
LINE
8
BLACK
6
CONTINUOUS
10
1.1465133858267715
20
0.8886666929133858
11
1.146668779527559
21
0.8873270078740157
0
LINE
8
BLACK
6
CONTINUOUS
10
1.146668779527559
20
0.8873270078740157
11
1.1467322834645668
21
0.887007874015748
0
LINE
8
BLACK
6
CONTINUOUS
10
1.1467322834645668
20
0.887007874015748
11
1.1467322834645668
21
0.8751968503937008
0
LINE
8
BLACK
6
CONTINUOUS
10
1.1467322834645668
20
0.8751968503937008
11
1.146668779527559
21
0.874877716535433
0
LINE
8
BLACK
6
CONTINUOUS
10
1.146668779527559
20
0.874877716535433
11
1.1465133858267715
21
0.8735379921259843
0
LINE
8
BLACK
6
CONTINUOUS
10
1.1465133858267715
20
0.8735379921259843
11
1.1463112598425196
21
0.8730802362204724
0
LINE
8
BLACK
6
CONTINUOUS
10
1.1463112598425196
20
0.8730802362204724
11
1.1461329133858267
21
0.8721835826771653
0
LINE
8
BLACK
6
CONTINUOUS
10
1.1461329133858267
20
0.8721835826771653
11
1.1454914566929133
21
0.8712236220472441
0
LINE
8
BLACK
6
CONTINUOUS
10
1.1454914566929133
20
0.8712236220472441
11
1.145298031496063
21
0.8707855118110236
0
LINE
8
BLACK
6
CONTINUOUS
10
1.145298031496063
20
0.8707855118110236
11
1.1449987401574804
21
0.870486220472441
0
LINE
8
BLACK
6
CONTINUOUS
10
1.1449987401574804
20
0.870486220472441
11
1.1444260236220472
21
0.8696290944881889
0
LINE
8
BLACK
6
CONTINUOUS
10
1.1444260236220472
20
0.8696290944881889
11
1.1435688582677166
21
0.8690563385826772
0
LINE
8
BLACK
6
CONTINUOUS
10
1.1435688582677166
20
0.8690563385826772
11
1.1432695669291337
21
0.8687570472440944
0
LINE
8
BLACK
6
CONTINUOUS
10
1.1432695669291337
20
0.8687570472440944
11
1.1428313779527559
21
0.8685635433070866
0
LINE
8
BLACK
6
CONTINUOUS
10
1.1428313779527559
20
0.8685635433070866
11
1.1418715354330709
21
0.8679222047244094
0
LINE
8
BLACK
6
CONTINUOUS
10
1.1418715354330709
20
0.8679222047244094
11
1.1409749606299213
21
0.8677438582677165
0
LINE
8
BLACK
6
CONTINUOUS
10
1.1409749606299213
20
0.8677438582677165
11
1.1405170866141732
21
0.8675416929133858
0
LINE
8
BLACK
6
CONTINUOUS
10
1.1405170866141732
20
0.8675416929133858
11
1.1391768897637795
21
0.8673861811023622
0
LINE
8
BLACK
6
CONTINUOUS
10
1.1391768897637795
20
0.8673861811023622
11
1.1388582677165353
21
0.8673228346456693
0
LINE
8
BLACK
6
CONTINUOUS
10
1.1388582677165353
20
0.8673228346456693
11
1.1386305905511811
21
0.8673228346456693
0
LINE
8
BLACK
6
CONTINUOUS
10
1.1386305905511811
20
0.8673228346456693
11
1.0918418897637796
21
0.8673228346456693
0
LINE
8
BLACK
6
CONTINUOUS
10
1.0918418897637796
20
0.8673228346456693
11
1.0916141732283464
21
0.8673228346456693
0
LINE
8
BLACK
6
CONTINUOUS
10
1.0916141732283464
20
0.8673228346456693
11
1.0912955118110237
21
0.8673861811023622
0
LINE
8
BLACK
6
CONTINUOUS
10
1.0912955118110237
20
0.8673861811023622
11
1.0899553149606298
21
0.8675416929133858
0
LINE
8
BLACK
6
CONTINUOUS
10
1.0899553149606298
20
0.8675416929133858
11
1.0894974015748031
21
0.8677438582677165
0
LINE
8
BLACK
6
CONTINUOUS
10
1.0894974015748031
20
0.8677438582677165
11
1.0886009055118111
21
0.8679222047244094
0
LINE
8
BLACK
6
CONTINUOUS
10
1.0886009055118111
20
0.8679222047244094
11
1.0876411023622048
21
0.8685635039370079
0
LINE
8
BLACK
6
CONTINUOUS
10
1.0876411023622048
20
0.8685635039370079
11
1.0872028346456692
21
0.8687570472440944
0
LINE
8
BLACK
6
CONTINUOUS
10
1.0872028346456692
20
0.8687570472440944
11
1.0869034251968503
21
0.8690564173228347
0
LINE
8
BLACK
6
CONTINUOUS
10
1.0869034251968503
20
0.8690564173228347
11
1.0860464173228346
21
0.8696290944881889
0
LINE
8
BLACK
6
CONTINUOUS
10
1.0860464173228346
20
0.8696290944881889
11
1.0854737401574803
21
0.8704861023622047
0
LINE
8
BLACK
6
CONTINUOUS
10
1.0854737401574803
20
0.8704861023622047
11
1.0851743700787402
21
0.8707855118110236
0
LINE
8
BLACK
6
CONTINUOUS
10
1.0851743700787402
20
0.8707855118110236
11
1.0849808267716534
21
0.871223779527559
0
LINE
8
BLACK
6
CONTINUOUS
10
1.0849808267716534
20
0.871223779527559
11
1.084339527559055
21
0.8721835826771653
0
LINE
8
BLACK
6
CONTINUOUS
10
1.084339527559055
20
0.8721835826771653
11
1.0841611811023621
21
0.8730800787401575
0
LINE
8
BLACK
6
CONTINUOUS
10
1.0841611811023621
20
0.8730800787401575
11
1.0839590157480314
21
0.8735379921259843
0
LINE
8
BLACK
6
CONTINUOUS
10
1.0839590157480314
20
0.8735379921259843
11
1.0838035039370078
21
0.8748782283464567
0
LINE
8
BLACK
6
CONTINUOUS
10
1.0838035039370078
20
0.8748782283464567
11
1.0837401574803149
21
0.8751968503937008
0
LINE
8
BLACK
6
CONTINUOUS
10
1.0837401574803149
20
0.8751968503937008
11
1.0837401574803149
21
0.887007874015748
0
LINE
8
BLACK
6
CONTINUOUS
10
1.0837401574803149
20
0.887007874015748
11
1.0838035433070865
21
0.8873265354330708
0
LINE
8
BLACK
6
CONTINUOUS
10
1.0838035433070865
20
0.8873265354330708
11
1.0839590157480314
21
0.8886667716535432
0
LINE
8
BLACK
6
CONTINUOUS
10
1.0839590157480314
20
0.8886667716535432
11
1.0841611811023621
21
0.88912468503937
0
LINE
8
BLACK
6
CONTINUOUS
10
1.0841611811023621
20
0.88912468503937
11
1.084339527559055
21
0.8900211417322834
0
LINE
8
BLACK
6
CONTINUOUS
10
1.084339527559055
20
0.8900211417322834
11
1.0845982283464566
21
0.8904082677165354
0
LINE
8
BLACK
6
CONTINUOUS
10
1.0845982283464566
20
0.8904082677165354
11
1.0845982283464566
21
0.8914814566929133
0
LINE
8
BLACK
6
CONTINUOUS
10
1.0845982283464566
20
0.8914814566929133
11
1.084339527559055
21
0.891868622047244
0
LINE
8
BLACK
6
CONTINUOUS
10
1.084339527559055
20
0.891868622047244
11
1.0841612204724409
21
0.8927649606299213
0
LINE
8
BLACK
6
CONTINUOUS
10
1.0841612204724409
20
0.8927649606299213
11
1.0839590157480314
21
0.8932229527559055
0
LINE
8
BLACK
6
CONTINUOUS
10
1.0839590157480314
20
0.8932229527559055
11
1.0838035039370078
21
0.8945633070866141
0
LINE
8
BLACK
6
CONTINUOUS
10
1.0838035039370078
20
0.8945633070866141
11
1.0837401574803149
21
0.8948818897637795
0
LINE
8
BLACK
6
CONTINUOUS
10
1.0837401574803149
20
0.8948818897637795
11
1.0837401574803149
21
0.9066929133858268
0
LINE
8
BLACK
6
CONTINUOUS
10
1.0837401574803149
20
0.9066929133858268
11
1.0838035433070865
21
0.9070115748031495
0
LINE
8
BLACK
6
CONTINUOUS
10
1.0838035433070865
20
0.9070115748031495
11
1.0839590157480314
21
0.9083518110236221
0
LINE
8
BLACK
6
CONTINUOUS
10
1.0839590157480314
20
0.9083518110236221
11
1.0841611811023621
21
0.9088097244094488
0
LINE
8
BLACK
6
CONTINUOUS
10
1.0841611811023621
20
0.9088097244094488
11
1.084339527559055
21
0.9097061811023622
0
LINE
8
BLACK
6
CONTINUOUS
10
1.084339527559055
20
0.9097061811023622
11
1.0845982283464566
21
0.9100933070866142
0
LINE
8
BLACK
6
CONTINUOUS
10
1.0845982283464566
20
0.9100933070866142
11
1.0845982283464566
21
0.9111664960629922
0
LINE
8
BLACK
6
CONTINUOUS
10
1.0845982283464566
20
0.9111664960629922
11
1.084339527559055
21
0.9115536614173229
0
LINE
8
BLACK
6
CONTINUOUS
10
1.084339527559055
20
0.9115536614173229
11
1.0841612204724409
21
0.91245
0
LINE
8
BLACK
6
CONTINUOUS
10
1.0841612204724409
20
0.91245
11
1.0839590157480314
21
0.9129079921259843
0
LINE
8
BLACK
6
CONTINUOUS
10
1.0839590157480314
20
0.9129079921259843
11
1.0838035039370078
21
0.9142483464566928
0
LINE
8
BLACK
6
CONTINUOUS
10
1.0838035039370078
20
0.9142483464566928
11
1.0837401574803149
21
0.9145669291338583
0
LINE
8
BLACK
6
CONTINUOUS
10
1.0837401574803149
20
0.9145669291338583
11
1.0837401574803149
21
0.9263779527559055
0
LINE
8
BLACK
6
CONTINUOUS
10
1.0837401574803149
20
0.9263779527559055
11
1.0838035433070865
21
0.9266966141732284
0
LINE
8
BLACK
6
CONTINUOUS
10
1.0838035433070865
20
0.9266966141732284
11
1.0839590157480314
21
0.9280368503937008
0
LINE
8
BLACK
6
CONTINUOUS
10
1.0839590157480314
20
0.9280368503937008
11
1.0841611811023621
21
0.9284947637795276
0
LINE
8
BLACK
6
CONTINUOUS
10
1.0841611811023621
20
0.9284947637795276
11
1.084339527559055
21
0.9293912204724409
0
LINE
8
BLACK
6
CONTINUOUS
10
1.084339527559055
20
0.9293912204724409
11
1.0845982283464566
21
0.9297783464566929
0
LINE
8
BLACK
6
CONTINUOUS
10
1.0845982283464566
20
0.9297783464566929
11
1.0845982283464566
21
0.9308515354330709
0
LINE
8
BLACK
6
CONTINUOUS
10
1.0845982283464566
20
0.9308515354330709
11
1.084339527559055
21
0.9312387007874016
0
LINE
8
BLACK
6
CONTINUOUS
10
1.084339527559055
20
0.9312387007874016
11
1.0841612204724409
21
0.9321350393700787
0
LINE
8
BLACK
6
CONTINUOUS
10
1.0841612204724409
20
0.9321350393700787
11
1.0839590157480314
21
0.932593031496063
0
LINE
8
BLACK
6
CONTINUOUS
10
1.0839590157480314
20
0.932593031496063
11
1.0838035039370078
21
0.9339333858267717
0
LINE
8
BLACK
6
CONTINUOUS
10
1.0838035039370078
20
0.9339333858267717
11
1.0837401574803149
21
0.934251968503937
0
LINE
8
BLACK
6
CONTINUOUS
10
1.0837401574803149
20
0.934251968503937
11
1.0837401574803149
21
0.9460629921259842
0
LINE
8
BLACK
6
CONTINUOUS
10
1.0837401574803149
20
0.9460629921259842
11
1.0838035433070865
21
0.9463816535433071
0
LINE
8
BLACK
6
CONTINUOUS
10
1.0838035433070865
20
0.9463816535433071
11
1.0839590157480314
21
0.9477218897637795
0
LINE
8
BLACK
6
CONTINUOUS
10
1.0839590157480314
20
0.9477218897637795
11
1.0841611811023621
21
0.9481798031496063
0
LINE
8
BLACK
6
CONTINUOUS
10
1.0841611811023621
20
0.9481798031496063
11
1.084339527559055
21
0.9490762598425196
0
LINE
8
BLACK
6
CONTINUOUS
10
1.084339527559055
20
0.9490762598425196
11
1.0845982283464566
21
0.9494633858267716
0
LINE
8
BLACK
6
CONTINUOUS
10
1.0845982283464566
20
0.9494633858267716
11
1.0845982283464566
21
0.9505365748031496
0
LINE
8
BLACK
6
CONTINUOUS
10
1.0845982283464566
20
0.9505365748031496
11
1.084339527559055
21
0.9509237401574803
0
LINE
8
BLACK
6
CONTINUOUS
10
1.084339527559055
20
0.9509237401574803
11
1.0841612204724409
21
0.9518200787401575
0
LINE
8
BLACK
6
CONTINUOUS
10
1.0841612204724409
20
0.9518200787401575
11
1.0839590157480314
21
0.9522780708661417
0
LINE
8
BLACK
6
CONTINUOUS
10
1.0839590157480314
20
0.9522780708661417
11
1.0838035039370078
21
0.9536184251968504
0
LINE
8
BLACK
6
CONTINUOUS
10
1.0838035039370078
20
0.9536184251968504
11
1.0837401574803149
21
0.9539370078740157
0
LINE
8
BLACK
6
CONTINUOUS
10
1.0837401574803149
20
0.9539370078740157
11
1.0837401574803149
21
0.9657480314960629
0
LINE
8
BLACK
6
CONTINUOUS
10
1.0837401574803149
20
0.9657480314960629
11
1.0838035433070865
21
0.9660666929133858
0
LINE
8
BLACK
6
CONTINUOUS
10
1.0838035433070865
20
0.9660666929133858
11
1.0839590157480314
21
0.9674069291338583
0
LINE
8
BLACK
6
CONTINUOUS
10
1.0839590157480314
20
0.9674069291338583
11
1.0841611811023621
21
0.967864842519685
0
LINE
8
BLACK
6
CONTINUOUS
10
1.0841611811023621
20
0.967864842519685
11
1.084339527559055
21
0.9687612992125983
0
LINE
8
BLACK
6
CONTINUOUS
10
1.084339527559055
20
0.9687612992125983
11
1.0845982283464566
21
0.9691484251968504
0
LINE
8
BLACK
6
CONTINUOUS
10
1.0845982283464566
20
0.9691484251968504
11
1.0845982283464566
21
0.9702216141732283
0
LINE
8
BLACK
6
CONTINUOUS
10
1.0845982283464566
20
0.9702216141732283
11
1.084339527559055
21
0.9706087795275591
0
LINE
8
BLACK
6
CONTINUOUS
10
1.084339527559055
20
0.9706087795275591
11
1.0841612204724409
21
0.9715051181102362
0
LINE
8
BLACK
6
CONTINUOUS
10
1.0841612204724409
20
0.9715051181102362
11
1.0839590157480314
21
0.9719631102362204
0
LINE
8
BLACK
6
CONTINUOUS
10
1.0839590157480314
20
0.9719631102362204
11
1.0838035039370078
21
0.9733034645669291
0
LINE
8
BLACK
6
CONTINUOUS
10
1.0838035039370078
20
0.9733034645669291
11
1.0837401574803149
21
0.9736220472440945
0
LINE
8
BLACK
6
CONTINUOUS
10
1.0837401574803149
20
0.9736220472440945
11
1.0837401574803149
21
0.9854330708661417
0
LINE
8
BLACK
6
CONTINUOUS
10
1.0837401574803149
20
0.9854330708661417
11
1.0838035433070865
21
0.9857517322834646
0
LINE
8
BLACK
6
CONTINUOUS
10
1.0838035433070865
20
0.9857517322834646
11
1.0839590157480314
21
0.987091968503937
0
LINE
8
BLACK
6
CONTINUOUS
10
1.0839590157480314
20
0.987091968503937
11
1.0841611811023621
21
0.9875498818897638
0
LINE
8
BLACK
6
CONTINUOUS
10
1.0841611811023621
20
0.9875498818897638
11
1.084339527559055
21
0.9884463385826772
0
LINE
8
BLACK
6
CONTINUOUS
10
1.084339527559055
20
0.9884463385826772
11
1.0845982283464566
21
0.9888334645669291
0
LINE
8
BLACK
6
CONTINUOUS
10
1.0845982283464566
20
0.9888334645669291
11
1.0845982283464566
21
0.9899066535433071
0
LINE
8
BLACK
6
CONTINUOUS
10
1.0845982283464566
20
0.9899066535433071
11
1.084339527559055
21
0.9902938188976378
0
LINE
8
BLACK
6
CONTINUOUS
10
1.084339527559055
20
0.9902938188976378
11
1.0841612204724409
21
0.9911901574803149
0
LINE
8
BLACK
6
CONTINUOUS
10
1.0841612204724409
20
0.9911901574803149
11
1.0839590157480314
21
0.9916481496062992
0
LINE
8
BLACK
6
CONTINUOUS
10
1.0839590157480314
20
0.9916481496062992
11
1.0838035039370078
21
0.9929885039370079
0
LINE
8
BLACK
6
CONTINUOUS
10
1.0838035039370078
20
0.9929885039370079
11
1.0837401574803149
21
0.9933070866141732
0
LINE
8
BLACK
6
CONTINUOUS
10
1.0837401574803149
20
0.9933070866141732
11
1.0837401574803149
21
1.0051181102362206
0
LINE
8
BLACK
6
CONTINUOUS
10
1.0837401574803149
20
1.0051181102362206
11
1.0838035433070865
21
1.0054367716535433
0
LINE
8
BLACK
6
CONTINUOUS
10
1.0838035433070865
20
1.0054367716535433
11
1.0839590157480314
21
1.0067770078740157
0
LINE
8
BLACK
6
CONTINUOUS
10
1.0839590157480314
20
1.0067770078740157
11
1.0841611811023621
21
1.0072349212598426
0
LINE
8
BLACK
6
CONTINUOUS
10
1.0841611811023621
20
1.0072349212598426
11
1.084339527559055
21
1.0081313779527559
0
LINE
8
BLACK
6
CONTINUOUS
10
1.084339527559055
20
1.0081313779527559
11
1.0845982283464566
21
1.0085185039370079
0
LINE
8
BLACK
6
CONTINUOUS
10
1.0845982283464566
20
1.0085185039370079
11
1.0845982283464566
21
1.0095916929133859
0
LINE
8
BLACK
6
CONTINUOUS
10
1.0845982283464566
20
1.0095916929133859
11
1.084339527559055
21
1.0099788582677165
0
LINE
8
BLACK
6
CONTINUOUS
10
1.084339527559055
20
1.0099788582677165
11
1.0841612204724409
21
1.0108751968503937
0
LINE
8
BLACK
6
CONTINUOUS
10
1.0841612204724409
20
1.0108751968503937
11
1.0839590157480314
21
1.0113331889763779
0
LINE
8
BLACK
6
CONTINUOUS
10
1.0839590157480314
20
1.0113331889763779
11
1.0838035039370078
21
1.0126735433070866
0
LINE
8
BLACK
6
CONTINUOUS
10
1.0838035039370078
20
1.0126735433070866
11
1.0837401574803149
21
1.012992125984252
0
LINE
8
BLACK
6
CONTINUOUS
10
1.0837401574803149
20
1.012992125984252
11
1.0837401574803149
21
1.0248031496062993
0
LINE
8
BLACK
6
CONTINUOUS
10
1.0837401574803149
20
1.0248031496062993
11
1.0838035433070865
21
1.0251218503937007
0
LINE
8
BLACK
6
CONTINUOUS
10
1.0838035433070865
20
1.0251218503937007
11
1.0839590157480314
21
1.0264619685039369
0
LINE
8
BLACK
6
CONTINUOUS
10
1.0839590157480314
20
1.0264619685039369
11
1.0841611811023621
21
1.026919842519685
0
LINE
8
BLACK
6
CONTINUOUS
10
1.0841611811023621
20
1.026919842519685
11
1.084339527559055
21
1.0278164173228346
0
LINE
8
BLACK
6
CONTINUOUS
10
1.084339527559055
20
1.0278164173228346
11
1.0849808661417322
21
1.0287762598425196
0
LINE
8
BLACK
6
CONTINUOUS
10
1.0849808661417322
20
1.0287762598425196
11
1.0851743700787402
21
1.0292144488188977
0
LINE
8
BLACK
6
CONTINUOUS
10
1.0851743700787402
20
1.0292144488188977
11
1.0854736614173228
21
1.0295137401574803
0
LINE
8
BLACK
6
CONTINUOUS
10
1.0854736614173228
20
1.0295137401574803
11
1.0860464173228346
21
1.0303709055118111
0
LINE
8
BLACK
6
CONTINUOUS
10
1.0860464173228346
20
1.0303709055118111
11
1.0869035433070866
21
1.0309436220472441
0
LINE
8
BLACK
6
CONTINUOUS
10
1.0869035433070866
20
1.0309436220472441
11
1.0872028346456692
21
1.0312429133858267
0
LINE
8
BLACK
6
CONTINUOUS
10
1.0872028346456692
20
1.0312429133858267
11
1.0876409448818898
21
1.0314363385826772
0
LINE
8
BLACK
6
CONTINUOUS
10
1.0876409448818898
20
1.0314363385826772
11
1.0886009055118111
21
1.0320777952755906
0
LINE
8
BLACK
6
CONTINUOUS
10
1.0886009055118111
20
1.0320777952755906
11
1.0894975590551181
21
1.0322561417322835
0
LINE
8
BLACK
6
CONTINUOUS
10
1.0894975590551181
20
1.0322561417322835
11
1.0899553149606298
21
1.0324582677165355
0
LINE
8
BLACK
6
CONTINUOUS
10
1.0899553149606298
20
1.0324582677165355
11
1.0912951181102362
21
1.0326137007874014
0
LINE
8
BLACK
6
CONTINUOUS
10
1.0912951181102362
20
1.0326137007874014
11
1.0916141732283464
21
1.0326771653543307
0
LINE
8
BLACK
6
CONTINUOUS
10
1.0916141732283464
20
1.0326771653543307
11
1.1388582677165353
21
1.0326771653543307
0
LINE
8
BLACK
6
CONTINUOUS
10
1.1388582677165353
20
1.0326771653543307
11
1.1391774409448818
21
1.0326136614173229
0
LINE
8
BLACK
6
CONTINUOUS
10
0.2834687795275591
20
1.1278105118110235
11
0.2848084251968504
21
1.1276551181102361
0
LINE
8
BLACK
6
CONTINUOUS
10
0.2848084251968504
20
1.1276551181102361
11
0.2852661023622047
21
1.1274529921259842
0
LINE
8
BLACK
6
CONTINUOUS
10
0.2852661023622047
20
1.1274529921259842
11
0.286162874015748
21
1.1272746456692913
0
LINE
8
BLACK
6
CONTINUOUS
10
0.286162874015748
20
1.1272746456692913
11
0.287122874015748
21
1.1266331496062991
0
LINE
8
BLACK
6
CONTINUOUS
10
0.287122874015748
20
1.1266331496062991
11
0.287560905511811
21
1.1264397637795276
0
LINE
8
BLACK
6
CONTINUOUS
10
0.287560905511811
20
1.1264397637795276
11
0.2878600787401575
21
1.1261405511811022
0
LINE
8
BLACK
6
CONTINUOUS
10
0.2878600787401575
20
1.1261405511811022
11
0.2887173622047244
21
1.1255677559055117
0
LINE
8
BLACK
6
CONTINUOUS
10
0.2887173622047244
20
1.1255677559055117
11
0.2892901574803149
21
1.1247104724409449
0
LINE
8
BLACK
6
CONTINUOUS
10
0.2892901574803149
20
1.1247104724409449
11
0.2895893700787401
21
1.1244112992125983
0
LINE
8
BLACK
6
CONTINUOUS
10
0.2895893700787401
20
1.1244112992125983
11
0.2897827559055118
21
1.1239732677165355
0
LINE
8
BLACK
6
CONTINUOUS
10
0.2897827559055118
20
1.1239732677165355
11
0.2904242519685039
21
1.1230132677165354
0
LINE
8
BLACK
6
CONTINUOUS
10
0.2904242519685039
20
1.1230132677165354
11
0.2906025984251969
21
1.1221164960629921
0
LINE
8
BLACK
6
CONTINUOUS
10
0.2906025984251969
20
1.1221164960629921
11
0.2908047244094488
21
1.1216588188976377
0
LINE
8
BLACK
6
CONTINUOUS
10
0.2908047244094488
20
1.1216588188976377
11
0.2909601181102362
21
1.1203190944881889
0
LINE
8
BLACK
6
CONTINUOUS
10
0.2909601181102362
20
1.1203190944881889
11
0.2910236220472441
21
1.1199999999999999
0
LINE
8
BLACK
6
CONTINUOUS
10
0.2910236220472441
20
1.1199999999999999
11
0.2910236220472441
21
0.97
0
LINE
8
BLACK
6
CONTINUOUS
10
0.2910236220472441
20
0.97
11
0.2909601181102362
21
0.9696808661417322
0
LINE
8
BLACK
6
CONTINUOUS
10
0.2909601181102362
20
0.9696808661417322
11
0.2908047244094488
21
0.9683411417322835
0
LINE
8
BLACK
6
CONTINUOUS
10
0.2908047244094488
20
0.9683411417322835
11
0.2906025984251969
21
0.9678833858267716
0
LINE
8
BLACK
6
CONTINUOUS
10
0.2906025984251969
20
0.9678833858267716
11
0.2904242519685039
21
0.9669867322834645
0
LINE
8
BLACK
6
CONTINUOUS
10
0.2904242519685039
20
0.9669867322834645
11
0.2897827952755905
21
0.9660267716535433
0
LINE
8
BLACK
6
CONTINUOUS
10
0.2897827952755905
20
0.9660267716535433
11
0.2895893700787401
21
0.9655886614173228
0
LINE
8
BLACK
6
CONTINUOUS
10
0.2895893700787401
20
0.9655886614173228
11
0.2892900787401575
21
0.9652893700787402
0
LINE
8
BLACK
6
CONTINUOUS
10
0.2892900787401575
20
0.9652893700787402
11
0.2887173622047244
21
0.9644322440944881
0
LINE
8
BLACK
6
CONTINUOUS
10
0.2887173622047244
20
0.9644322440944881
11
0.2878601968503937
21
0.9638594881889764
0
LINE
8
BLACK
6
CONTINUOUS
10
0.2878601968503937
20
0.9638594881889764
11
0.287560905511811
21
0.9635601968503936
0
LINE
8
BLACK
6
CONTINUOUS
10
0.287560905511811
20
0.9635601968503936
11
0.2871227165354331
21
0.9633666929133858
0
LINE
8
BLACK
6
CONTINUOUS
10
0.2871227165354331
20
0.9633666929133858
11
0.286162874015748
21
0.9627253543307086
0
LINE
8
BLACK
6
CONTINUOUS
10
0.286162874015748
20
0.9627253543307086
11
0.2852662992125984
21
0.9625470078740157
0
LINE
8
BLACK
6
CONTINUOUS
10
0.2852662992125984
20
0.9625470078740157
11
0.2848084251968504
21
0.962344842519685
0
LINE
8
BLACK
6
CONTINUOUS
10
0.2848084251968504
20
0.962344842519685
11
0.2834682283464567
21
0.9621893307086614
0
LINE
8
BLACK
6
CONTINUOUS
10
0.2834682283464567
20
0.9621893307086614
11
0.2831496062992126
21
0.9621259842519685
0
LINE
8
BLACK
6
CONTINUOUS
10
0.2831496062992126
20
0.9621259842519685
11
0.2829219291338583
21
0.9621259842519685
0
LINE
8
BLACK
6
CONTINUOUS
10
0.2829219291338583
20
0.9621259842519685
11
0.1333773228346457
21
0.9621259842519685
0
LINE
8
BLACK
6
CONTINUOUS
10
0.1333773228346457
20
0.9621259842519685
11
0.1331496062992126
21
0.9621259842519685
0
LINE
8
BLACK
6
CONTINUOUS
10
0.1331496062992126
20
0.9621259842519685
11
0.1328309448818898
21
0.9621893307086614
0
LINE
8
BLACK
6
CONTINUOUS
10
0.1328309448818898
20
0.9621893307086614
11
0.131490748031496
21
0.962344842519685
0
LINE
8
BLACK
6
CONTINUOUS
10
0.131490748031496
20
0.962344842519685
11
0.1310328346456693
21
0.9625470078740157
0
LINE
8
BLACK
6
CONTINUOUS
10
0.1310328346456693
20
0.9625470078740157
11
0.1301363385826772
21
0.9627253543307086
0
LINE
8
BLACK
6
CONTINUOUS
10
0.1301363385826772
20
0.9627253543307086
11
0.1291765354330709
21
0.9633666535433071
0
LINE
8
BLACK
6
CONTINUOUS
10
0.1291765354330709
20
0.9633666535433071
11
0.1287382677165354
21
0.9635601968503936
0
LINE
8
BLACK
6
CONTINUOUS
10
0.1287382677165354
20
0.9635601968503936
11
0.1284388582677165
21
0.9638595669291339
0
LINE
8
BLACK
6
CONTINUOUS
10
0.1284388582677165
20
0.9638595669291339
11
0.1275818503937008
21
0.9644322440944881
0
LINE
8
BLACK
6
CONTINUOUS
10
0.1275818503937008
20
0.9644322440944881
11
0.1270091732283465
21
0.9652892519685039
0
LINE
8
BLACK
6
CONTINUOUS
10
0.1270091732283465
20
0.9652892519685039
11
0.1267098031496063
21
0.9655886614173228
0
LINE
8
BLACK
6
CONTINUOUS
10
0.1267098031496063
20
0.9655886614173228
11
0.1265162598425197
21
0.9660269291338582
0
LINE
8
BLACK
6
CONTINUOUS
10
0.1265162598425197
20
0.9660269291338582
11
0.1258749606299213
21
0.9669867322834645
0
LINE
8
BLACK
6
CONTINUOUS
10
0.1258749606299213
20
0.9669867322834645
11
0.1256966141732283
21
0.9678832283464567
0
LINE
8
BLACK
6
CONTINUOUS
10
0.1256966141732283
20
0.9678832283464567
11
0.1254944488188976
21
0.9683411417322835
0
LINE
8
BLACK
6
CONTINUOUS
10
0.1254944488188976
20
0.9683411417322835
11
0.125338937007874
21
0.9696814173228346
0
LINE
8
BLACK
6
CONTINUOUS
10
0.125338937007874
20
0.9696814173228346
11
0.1252755905511811
21
0.97
0
LINE
8
BLACK
6
CONTINUOUS
10
0.1252755905511811
20
0.97
11
0.1252755905511811
21
1.1199999999999999
0
LINE
8
BLACK
6
CONTINUOUS
10
0.1252755905511811
20
1.1199999999999999
11
0.1253389763779527
21
1.1203187007874016
0
LINE
8
BLACK
6
CONTINUOUS
10
0.1253389763779527
20
1.1203187007874016
11
0.1254944488188976
21
1.1216588188976377
0
LINE
8
BLACK
6
CONTINUOUS
10
0.1254944488188976
20
1.1216588188976377
11
0.1256966141732283
21
1.1221166929133859
0
LINE
8
BLACK
6
CONTINUOUS
10
0.1256966141732283
20
1.1221166929133859
11
0.1258749606299213
21
1.1230132677165354
0
LINE
8
BLACK
6
CONTINUOUS
10
0.1258749606299213
20
1.1230132677165354
11
0.1265162992125984
21
1.1239731102362205
0
LINE
8
BLACK
6
CONTINUOUS
10
0.1265162992125984
20
1.1239731102362205
11
0.1267098031496063
21
1.1244112992125983
0
LINE
8
BLACK
6
CONTINUOUS
10
0.1267098031496063
20
1.1244112992125983
11
0.127009094488189
21
1.1247105905511812
0
LINE
8
BLACK
6
CONTINUOUS
10
0.127009094488189
20
1.1247105905511812
11
0.1275818503937008
21
1.1255677559055117
0
LINE
8
BLACK
6
CONTINUOUS
10
0.1275818503937008
20
1.1255677559055117
11
0.1284389763779528
21
1.126140472440945
0
LINE
8
BLACK
6
CONTINUOUS
10
0.1284389763779528
20
1.126140472440945
11
0.1287382677165354
21
1.1264397637795276
0
LINE
8
BLACK
6
CONTINUOUS
10
0.1287382677165354
20
1.1264397637795276
11
0.1291763779527559
21
1.1266331889763779
0
LINE
8
BLACK
6
CONTINUOUS
10
0.1291763779527559
20
1.1266331889763779
11
0.1301363385826772
21
1.1272746456692913
0
LINE
8
BLACK
6
CONTINUOUS
10
0.1301363385826772
20
1.1272746456692913
11
0.1310329921259842
21
1.1274529921259842
0
LINE
8
BLACK
6
CONTINUOUS
10
0.1310329921259842
20
1.1274529921259842
11
0.131490748031496
21
1.1276551181102361
0
LINE
8
BLACK
6
CONTINUOUS
10
0.131490748031496
20
1.1276551181102361
11
0.1328305511811023
21
1.1278105511811023
0
LINE
8
BLACK
6
CONTINUOUS
10
0.1328305511811023
20
1.1278105511811023
11
0.1331496062992126
21
1.1278740157480314
0
LINE
8
BLACK
6
CONTINUOUS
10
0.1331496062992126
20
1.1278740157480314
11
0.2831496062992126
21
1.1278740157480314
0
LINE
8
BLACK
6
CONTINUOUS
10
0.2831496062992126
20
1.1278740157480314
11
0.2834687795275591
21
1.1278105118110235
0
LINE
8
BLACK
6
CONTINUOUS
10
0.4803191732283464
20
1.1278105118110235
11
0.4816588188976378
21
1.1276551181102361
0
LINE
8
BLACK
6
CONTINUOUS
10
0.4816588188976378
20
1.1276551181102361
11
0.4821164960629921
21
1.1274529921259842
0
LINE
8
BLACK
6
CONTINUOUS
10
0.4821164960629921
20
1.1274529921259842
11
0.4830132677165354
21
1.1272746456692913
0
LINE
8
BLACK
6
CONTINUOUS
10
0.4830132677165354
20
1.1272746456692913
11
0.4839732677165354
21
1.1266331496062991
0
LINE
8
BLACK
6
CONTINUOUS
10
0.4839732677165354
20
1.1266331496062991
11
0.4844112992125984
21
1.1264397637795276
0
LINE
8
BLACK
6
CONTINUOUS
10
0.4844112992125984
20
1.1264397637795276
11
0.4847104724409449
21
1.1261405511811022
0
LINE
8
BLACK
6
CONTINUOUS
10
0.4847104724409449
20
1.1261405511811022
11
0.4855677559055118
21
1.1255677559055117
0
LINE
8
BLACK
6
CONTINUOUS
10
0.4855677559055118
20
1.1255677559055117
11
0.4861405511811023
21
1.1247104724409449
0
LINE
8
BLACK
6
CONTINUOUS
10
0.4861405511811023
20
1.1247104724409449
11
0.4864397637795275
21
1.1244112992125983
0
LINE
8
BLACK
6
CONTINUOUS
10
0.4864397637795275
20
1.1244112992125983
11
0.4866331496062992
21
1.1239732677165355
0
LINE
8
BLACK
6
CONTINUOUS
10
0.4866331496062992
20
1.1239732677165355
11
0.4872746456692914
21
1.1230132677165354
0
LINE
8
BLACK
6
CONTINUOUS
10
0.4872746456692914
20
1.1230132677165354
11
0.4874529921259843
21
1.1221164960629921
0
LINE
8
BLACK
6
CONTINUOUS
10
0.4874529921259843
20
1.1221164960629921
11
0.4876551181102362
21
1.1216588188976377
0
LINE
8
BLACK
6
CONTINUOUS
10
0.4876551181102362
20
1.1216588188976377
11
0.4878105118110236
21
1.1203190944881889
0
LINE
8
BLACK
6
CONTINUOUS
10
0.4878105118110236
20
1.1203190944881889
11
0.4878740157480315
21
1.1199999999999999
0
LINE
8
BLACK
6
CONTINUOUS
10
0.4878740157480315
20
1.1199999999999999
11
0.4878740157480315
21
0.97
0
LINE
8
BLACK
6
CONTINUOUS
10
0.4878740157480315
20
0.97
11
0.4878105118110236
21
0.9696808661417322
0
LINE
8
BLACK
6
CONTINUOUS
10
0.4878105118110236
20
0.9696808661417322
11
0.4876551181102362
21
0.9683411417322835
0
LINE
8
BLACK
6
CONTINUOUS
10
0.4876551181102362
20
0.9683411417322835
11
0.4874529921259843
21
0.9678833858267716
0
LINE
8
BLACK
6
CONTINUOUS
10
0.4874529921259843
20
0.9678833858267716
11
0.4872746456692914
21
0.9669867322834645
0
LINE
8
BLACK
6
CONTINUOUS
10
0.4872746456692914
20
0.9669867322834645
11
0.4866331889763779
21
0.9660267716535433
0
LINE
8
BLACK
6
CONTINUOUS
10
0.4866331889763779
20
0.9660267716535433
11
0.4864397637795275
21
0.9655886614173228
0
LINE
8
BLACK
6
CONTINUOUS
10
0.4864397637795275
20
0.9655886614173228
11
0.4861404724409449
21
0.9652893700787402
0
LINE
8
BLACK
6
CONTINUOUS
10
0.4861404724409449
20
0.9652893700787402
11
0.4855677559055118
21
0.9644322440944881
0
LINE
8
BLACK
6
CONTINUOUS
10
0.4855677559055118
20
0.9644322440944881
11
0.4847105905511811
21
0.9638594881889764
0
LINE
8
BLACK
6
CONTINUOUS
10
0.4847105905511811
20
0.9638594881889764
11
0.4844112992125984
21
0.9635601968503936
0
LINE
8
BLACK
6
CONTINUOUS
10
0.4844112992125984
20
0.9635601968503936
11
0.4839731102362205
21
0.9633666929133858
0
LINE
8
BLACK
6
CONTINUOUS
10
0.4839731102362205
20
0.9633666929133858
11
0.4830132677165354
21
0.9627253543307086
0
LINE
8
BLACK
6
CONTINUOUS
10
0.4830132677165354
20
0.9627253543307086
11
0.4821166929133858
21
0.9625470078740157
0
LINE
8
BLACK
6
CONTINUOUS
10
0.4821166929133858
20
0.9625470078740157
11
0.4816588188976378
21
0.962344842519685
0
LINE
8
BLACK
6
CONTINUOUS
10
0.4816588188976378
20
0.962344842519685
11
0.4803186220472441
21
0.9621893307086614
0
LINE
8
BLACK
6
CONTINUOUS
10
0.4803186220472441
20
0.9621893307086614
11
0.48
21
0.9621259842519685
0
LINE
8
BLACK
6
CONTINUOUS
10
0.48
20
0.9621259842519685
11
0.4797723228346457
21
0.9621259842519685
0
LINE
8
BLACK
6
CONTINUOUS
10
0.4797723228346457
20
0.9621259842519685
11
0.330227716535433
21
0.9621259842519685
0
LINE
8
BLACK
6
CONTINUOUS
10
0.330227716535433
20
0.9621259842519685
11
0.33
21
0.9621259842519685
0
LINE
8
BLACK
6
CONTINUOUS
10
0.33
20
0.9621259842519685
11
0.3296813385826772
21
0.9621893307086614
0
LINE
8
BLACK
6
CONTINUOUS
10
0.3296813385826772
20
0.9621893307086614
11
0.3283411417322835
21
0.962344842519685
0
LINE
8
BLACK
6
CONTINUOUS
10
0.3283411417322835
20
0.962344842519685
11
0.3278832283464567
21
0.9625470078740157
0
LINE
8
BLACK
6
CONTINUOUS
10
0.3278832283464567
20
0.9625470078740157
11
0.3269867322834645
21
0.9627253543307086
0
LINE
8
BLACK
6
CONTINUOUS
10
0.3269867322834645
20
0.9627253543307086
11
0.3260269291338583
21
0.9633666535433071
0
LINE
8
BLACK
6
CONTINUOUS
10
0.3260269291338583
20
0.9633666535433071
11
0.3255886614173228
21
0.9635601968503936
0
LINE
8
BLACK
6
CONTINUOUS
10
0.3255886614173228
20
0.9635601968503936
11
0.3252892519685039
21
0.9638595669291339
0
LINE
8
BLACK
6
CONTINUOUS
10
0.3252892519685039
20
0.9638595669291339
11
0.3244322440944882
21
0.9644322440944881
0
LINE
8
BLACK
6
CONTINUOUS
10
0.3244322440944882
20
0.9644322440944881
11
0.3238595669291339
21
0.9652892519685039
0
LINE
8
BLACK
6
CONTINUOUS
10
0.3238595669291339
20
0.9652892519685039
11
0.3235601968503937
21
0.9655886614173228
0
LINE
8
BLACK
6
CONTINUOUS
10
0.3235601968503937
20
0.9655886614173228
11
0.3233666535433071
21
0.9660269291338582
0
LINE
8
BLACK
6
CONTINUOUS
10
0.3233666535433071
20
0.9660269291338582
11
0.3227253543307086
21
0.9669867322834645
0
LINE
8
BLACK
6
CONTINUOUS
10
0.3227253543307086
20
0.9669867322834645
11
0.3225470078740157
21
0.9678832283464567
0
LINE
8
BLACK
6
CONTINUOUS
10
0.3225470078740157
20
0.9678832283464567
11
0.322344842519685
21
0.9683411417322835
0
LINE
8
BLACK
6
CONTINUOUS
10
0.322344842519685
20
0.9683411417322835
11
0.3221893307086614
21
0.9696814173228346
0
LINE
8
BLACK
6
CONTINUOUS
10
0.3221893307086614
20
0.9696814173228346
11
0.3221259842519685
21
0.97
0
LINE
8
BLACK
6
CONTINUOUS
10
0.3221259842519685
20
0.97
11
0.3221259842519685
21
1.1199999999999999
0
LINE
8
BLACK
6
CONTINUOUS
10
0.3221259842519685
20
1.1199999999999999
11
0.3221893700787402
21
1.1203187007874016
0
LINE
8
BLACK
6
CONTINUOUS
10
0.3221893700787402
20
1.1203187007874016
11
0.322344842519685
21
1.1216588188976377
0
LINE
8
BLACK
6
CONTINUOUS
10
0.322344842519685
20
1.1216588188976377
11
0.3225470078740157
21
1.1221166929133859
0
LINE
8
BLACK
6
CONTINUOUS
10
0.3225470078740157
20
1.1221166929133859
11
0.3227253543307086
21
1.1230132677165354
0
LINE
8
BLACK
6
CONTINUOUS
10
0.3227253543307086
20
1.1230132677165354
11
0.3233666929133858
21
1.1239731102362205
0
LINE
8
BLACK
6
CONTINUOUS
10
0.3233666929133858
20
1.1239731102362205
11
0.3235601968503937
21
1.1244112992125983
0
LINE
8
BLACK
6
CONTINUOUS
10
0.3235601968503937
20
1.1244112992125983
11
0.3238594881889764
21
1.1247105905511812
0
LINE
8
BLACK
6
CONTINUOUS
10
0.3238594881889764
20
1.1247105905511812
11
0.3244322440944882
21
1.1255677559055117
0
LINE
8
BLACK
6
CONTINUOUS
10
0.3244322440944882
20
1.1255677559055117
11
0.3252893700787401
21
1.126140472440945
0
LINE
8
BLACK
6
CONTINUOUS
10
0.3252893700787401
20
1.126140472440945
11
0.3255886614173228
21
1.1264397637795276
0
LINE
8
BLACK
6
CONTINUOUS
10
0.3255886614173228
20
1.1264397637795276
11
0.3260267716535433
21
1.1266331889763779
0
LINE
8
BLACK
6
CONTINUOUS
10
0.3260267716535433
20
1.1266331889763779
11
0.3269867322834645
21
1.1272746456692913
0
LINE
8
BLACK
6
CONTINUOUS
10
0.3269867322834645
20
1.1272746456692913
11
0.3278833858267716
21
1.1274529921259842
0
LINE
8
BLACK
6
CONTINUOUS
10
0.3278833858267716
20
1.1274529921259842
11
0.3283411417322835
21
1.1276551181102361
0
LINE
8
BLACK
6
CONTINUOUS
10
0.3283411417322835
20
1.1276551181102361
11
0.3296809448818898
21
1.1278105511811023
0
LINE
8
BLACK
6
CONTINUOUS
10
0.3296809448818898
20
1.1278105511811023
11
0.33
21
1.1278740157480314
0
LINE
8
BLACK
6
CONTINUOUS
10
0.33
20
1.1278740157480314
11
0.48
21
1.1278740157480314
0
LINE
8
BLACK
6
CONTINUOUS
10
0.48
20
1.1278740157480314
11
0.4803191732283464
21
1.1278105118110235
0
LINE
8
BLACK
6
CONTINUOUS
10
1.6653191732283463
20
1.1278105118110235
11
1.6666588188976377
21
1.1276551181102361
0
LINE
8
BLACK
6
CONTINUOUS
10
1.6666588188976377
20
1.1276551181102361
11
1.6671164960629921
21
1.1274529921259842
0
LINE
8
BLACK
6
CONTINUOUS
10
1.6671164960629921
20
1.1274529921259842
11
1.6680132677165354
21
1.1272746456692913
0
LINE
8
BLACK
6
CONTINUOUS
10
1.6680132677165354
20
1.1272746456692913
11
1.6689732677165354
21
1.1266331496062991
0
LINE
8
BLACK
6
CONTINUOUS
10
1.6689732677165354
20
1.1266331496062991
11
1.6694112992125985
21
1.1264397637795276
0
LINE
8
BLACK
6
CONTINUOUS
10
1.6694112992125985
20
1.1264397637795276
11
1.6697104724409448
21
1.1261405511811022
0
LINE
8
BLACK
6
CONTINUOUS
10
1.6697104724409448
20
1.1261405511811022
11
1.6705677559055119
21
1.1255677559055117
0
LINE
8
BLACK
6
CONTINUOUS
10
1.6705677559055119
20
1.1255677559055117
11
1.6711405511811024
21
1.1247104724409449
0
LINE
8
BLACK
6
CONTINUOUS
10
1.6711405511811024
20
1.1247104724409449
11
1.6714397637795275
21
1.1244112992125983
0
LINE
8
BLACK
6
CONTINUOUS
10
1.6714397637795275
20
1.1244112992125983
11
1.6716331496062993
21
1.1239732677165355
0
LINE
8
BLACK
6
CONTINUOUS
10
1.6716331496062993
20
1.1239732677165355
11
1.6722746456692914
21
1.1230132677165354
0
LINE
8
BLACK
6
CONTINUOUS
10
1.6722746456692914
20
1.1230132677165354
11
1.6724529921259843
21
1.1221164960629921
0
LINE
8
BLACK
6
CONTINUOUS
10
1.6724529921259843
20
1.1221164960629921
11
1.6726551181102363
21
1.1216588188976377
0
LINE
8
BLACK
6
CONTINUOUS
10
1.6726551181102363
20
1.1216588188976377
11
1.6728105118110237
21
1.1203190944881889
0
LINE
8
BLACK
6
CONTINUOUS
10
1.6728105118110237
20
1.1203190944881889
11
1.6728740157480315
21
1.1199999999999999
0
LINE
8
BLACK
6
CONTINUOUS
10
1.6728740157480315
20
1.1199999999999999
11
1.6728740157480315
21
0.97
0
LINE
8
BLACK
6
CONTINUOUS
10
1.6728740157480315
20
0.97
11
1.6728105118110237
21
0.9696808661417322
0
LINE
8
BLACK
6
CONTINUOUS
10
1.6728105118110237
20
0.9696808661417322
11
1.6726551181102363
21
0.9683411417322835
0
LINE
8
BLACK
6
CONTINUOUS
10
1.6726551181102363
20
0.9683411417322835
11
1.6724529921259843
21
0.9678833858267716
0
LINE
8
BLACK
6
CONTINUOUS
10
1.6724529921259843
20
0.9678833858267716
11
1.6722746456692914
21
0.9669867322834645
0
LINE
8
BLACK
6
CONTINUOUS
10
1.6722746456692914
20
0.9669867322834645
11
1.6716331889763778
21
0.9660267716535433
0
LINE
8
BLACK
6
CONTINUOUS
10
1.6716331889763778
20
0.9660267716535433
11
1.6714397637795275
21
0.9655886614173228
0
LINE
8
BLACK
6
CONTINUOUS
10
1.6714397637795275
20
0.9655886614173228
11
1.6711404724409449
21
0.9652893700787402
0
LINE
8
BLACK
6
CONTINUOUS
10
1.6711404724409449
20
0.9652893700787402
11
1.6705677559055119
21
0.9644322440944881
0
LINE
8
BLACK
6
CONTINUOUS
10
1.6705677559055119
20
0.9644322440944881
11
1.6697105905511811
21
0.9638594881889764
0
LINE
8
BLACK
6
CONTINUOUS
10
1.6697105905511811
20
0.9638594881889764
11
1.6694112992125985
21
0.9635601968503936
0
LINE
8
BLACK
6
CONTINUOUS
10
1.6694112992125985
20
0.9635601968503936
11
1.6689731102362204
21
0.9633666929133858
0
LINE
8
BLACK
6
CONTINUOUS
10
1.6689731102362204
20
0.9633666929133858
11
1.6680132677165354
21
0.9627253543307086
0
LINE
8
BLACK
6
CONTINUOUS
10
1.6680132677165354
20
0.9627253543307086
11
1.6671166929133858
21
0.9625470078740157
0
LINE
8
BLACK
6
CONTINUOUS
10
1.6671166929133858
20
0.9625470078740157
11
1.6666588188976377
21
0.962344842519685
0
LINE
8
BLACK
6
CONTINUOUS
10
1.6666588188976377
20
0.962344842519685
11
1.665318622047244
21
0.9621893307086614
0
LINE
8
BLACK
6
CONTINUOUS
10
1.665318622047244
20
0.9621893307086614
11
1.665
21
0.9621259842519685
0
LINE
8
BLACK
6
CONTINUOUS
10
1.665
20
0.9621259842519685
11
1.6647723228346456
21
0.9621259842519685
0
LINE
8
BLACK
6
CONTINUOUS
10
1.6647723228346456
20
0.9621259842519685
11
1.5152277165354331
21
0.9621259842519685
0
LINE
8
BLACK
6
CONTINUOUS
10
1.5152277165354331
20
0.9621259842519685
11
1.5149999999999999
21
0.9621259842519685
0
LINE
8
BLACK
6
CONTINUOUS
10
1.5149999999999999
20
0.9621259842519685
11
1.5146813385826772
21
0.9621893307086614
0
LINE
8
BLACK
6
CONTINUOUS
10
1.5146813385826772
20
0.9621893307086614
11
1.5133411417322835
21
0.962344842519685
0
LINE
8
BLACK
6
CONTINUOUS
10
1.5133411417322835
20
0.962344842519685
11
1.5128832283464566
21
0.9625470078740157
0
LINE
8
BLACK
6
CONTINUOUS
10
1.5128832283464566
20
0.9625470078740157
11
1.5119867322834646
21
0.9627253543307086
0
LINE
8
BLACK
6
CONTINUOUS
10
1.5119867322834646
20
0.9627253543307086
11
1.5110269291338583
21
0.9633666535433071
0
LINE
8
BLACK
6
CONTINUOUS
10
1.5110269291338583
20
0.9633666535433071
11
1.5105886614173227
21
0.9635601968503936
0
LINE
8
BLACK
6
CONTINUOUS
10
1.5105886614173227
20
0.9635601968503936
11
1.5102892519685038
21
0.9638595669291339
0
LINE
8
BLACK
6
CONTINUOUS
10
1.5102892519685038
20
0.9638595669291339
11
1.5094322440944881
21
0.9644322440944881
0
LINE
8
BLACK
6
CONTINUOUS
10
1.5094322440944881
20
0.9644322440944881
11
1.5088595669291338
21
0.9652892519685039
0
LINE
8
BLACK
6
CONTINUOUS
10
1.5088595669291338
20
0.9652892519685039
11
1.5085601968503937
21
0.9655886614173228
0
LINE
8
BLACK
6
CONTINUOUS
10
1.5085601968503937
20
0.9655886614173228
11
1.5083666535433071
21
0.9660269291338582
0
LINE
8
BLACK
6
CONTINUOUS
10
1.5083666535433071
20
0.9660269291338582
11
1.5077253543307085
21
0.9669867322834645
0
LINE
8
BLACK
6
CONTINUOUS
10
1.5077253543307085
20
0.9669867322834645
11
1.5075470078740156
21
0.9678832283464567
0
LINE
8
BLACK
6
CONTINUOUS
10
1.5075470078740156
20
0.9678832283464567
11
1.5073448425196849
21
0.9683411417322835
0
LINE
8
BLACK
6
CONTINUOUS
10
1.5073448425196849
20
0.9683411417322835
11
1.5071893307086615
21
0.9696814173228346
0
LINE
8
BLACK
6
CONTINUOUS
10
1.5071893307086615
20
0.9696814173228346
11
1.5071259842519684
21
0.97
0
LINE
8
BLACK
6
CONTINUOUS
10
1.5071259842519684
20
0.97
11
1.5071259842519684
21
1.1199999999999999
0
LINE
8
BLACK
6
CONTINUOUS
10
1.5071259842519684
20
1.1199999999999999
11
1.5071893700787402
21
1.1203187007874016
0
LINE
8
BLACK
6
CONTINUOUS
10
1.5071893700787402
20
1.1203187007874016
11
1.5073448425196849
21
1.1216588188976377
0
LINE
8
BLACK
6
CONTINUOUS
10
1.5073448425196849
20
1.1216588188976377
11
1.5075470078740156
21
1.1221166929133859
0
LINE
8
BLACK
6
CONTINUOUS
10
1.5075470078740156
20
1.1221166929133859
11
1.5077253543307085
21
1.1230132677165354
0
LINE
8
BLACK
6
CONTINUOUS
10
1.5077253543307085
20
1.1230132677165354
11
1.5083666929133859
21
1.1239731102362205
0
LINE
8
BLACK
6
CONTINUOUS
10
1.5083666929133859
20
1.1239731102362205
11
1.5085601968503937
21
1.1244112992125983
0
LINE
8
BLACK
6
CONTINUOUS
10
1.5085601968503937
20
1.1244112992125983
11
1.5088594881889763
21
1.1247105905511812
0
LINE
8
BLACK
6
CONTINUOUS
10
1.5088594881889763
20
1.1247105905511812
11
1.5094322440944881
21
1.1255677559055117
0
LINE
8
BLACK
6
CONTINUOUS
10
1.5094322440944881
20
1.1255677559055117
11
1.5102893700787401
21
1.126140472440945
0
LINE
8
BLACK
6
CONTINUOUS
10
1.5102893700787401
20
1.126140472440945
11
1.5105886614173227
21
1.1264397637795276
0
LINE
8
BLACK
6
CONTINUOUS
10
1.5105886614173227
20
1.1264397637795276
11
1.5110267716535433
21
1.1266331889763779
0
LINE
8
BLACK
6
CONTINUOUS
10
1.5110267716535433
20
1.1266331889763779
11
1.5119867322834646
21
1.1272746456692913
0
LINE
8
BLACK
6
CONTINUOUS
10
1.5119867322834646
20
1.1272746456692913
11
1.5128833858267716
21
1.1274529921259842
0
LINE
8
BLACK
6
CONTINUOUS
10
1.5128833858267716
20
1.1274529921259842
11
1.5133411417322835
21
1.1276551181102361
0
LINE
8
BLACK
6
CONTINUOUS
10
1.5133411417322835
20
1.1276551181102361
11
1.5146809448818896
21
1.1278105511811023
0
LINE
8
BLACK
6
CONTINUOUS
10
1.5146809448818896
20
1.1278105511811023
11
1.5149999999999999
21
1.1278740157480314
0
LINE
8
BLACK
6
CONTINUOUS
10
1.5149999999999999
20
1.1278740157480314
11
1.665
21
1.1278740157480314
0
LINE
8
BLACK
6
CONTINUOUS
10
1.665
20
1.1278740157480314
11
1.6653191732283463
21
1.1278105118110235
0
LINE
8
BLACK
6
CONTINUOUS
10
1.8621695669291338
20
1.1278105118110235
11
1.8635092125984252
21
1.1276551181102361
0
LINE
8
BLACK
6
CONTINUOUS
10
1.8635092125984252
20
1.1276551181102361
11
1.8639668897637796
21
1.1274529921259842
0
LINE
8
BLACK
6
CONTINUOUS
10
1.8639668897637796
20
1.1274529921259842
11
1.8648636614173228
21
1.1272746456692913
0
LINE
8
BLACK
6
CONTINUOUS
10
1.8648636614173228
20
1.1272746456692913
11
1.8658236614173227
21
1.1266331496062991
0
LINE
8
BLACK
6
CONTINUOUS
10
1.8658236614173227
20
1.1266331496062991
11
1.8662616929133857
21
1.1264397637795276
0
LINE
8
BLACK
6
CONTINUOUS
10
1.8662616929133857
20
1.1264397637795276
11
1.8665608661417323
21
1.1261405511811022
0
LINE
8
BLACK
6
CONTINUOUS
10
1.8665608661417323
20
1.1261405511811022
11
1.8674181496062991
21
1.1255677559055117
0
LINE
8
BLACK
6
CONTINUOUS
10
1.8674181496062991
20
1.1255677559055117
11
1.8679909448818897
21
1.1247104724409449
0
LINE
8
BLACK
6
CONTINUOUS
10
1.8679909448818897
20
1.1247104724409449
11
1.868290157480315
21
1.1244112992125983
0
LINE
8
BLACK
6
CONTINUOUS
10
1.868290157480315
20
1.1244112992125983
11
1.8684835433070865
21
1.1239732677165355
0
LINE
8
BLACK
6
CONTINUOUS
10
1.8684835433070865
20
1.1239732677165355
11
1.8691250393700787
21
1.1230132677165354
0
LINE
8
BLACK
6
CONTINUOUS
10
1.8691250393700787
20
1.1230132677165354
11
1.8693033858267716
21
1.1221164960629921
0
LINE
8
BLACK
6
CONTINUOUS
10
1.8693033858267716
20
1.1221164960629921
11
1.8695055118110235
21
1.1216588188976377
0
LINE
8
BLACK
6
CONTINUOUS
10
1.8695055118110235
20
1.1216588188976377
11
1.869660905511811
21
1.1203190944881889
0
LINE
8
BLACK
6
CONTINUOUS
10
1.869660905511811
20
1.1203190944881889
11
1.8697244094488188
21
1.1199999999999999
0
LINE
8
BLACK
6
CONTINUOUS
10
1.8697244094488188
20
1.1199999999999999
11
1.8697244094488188
21
0.97
0
LINE
8
BLACK
6
CONTINUOUS
10
1.8697244094488188
20
0.97
11
1.869660905511811
21
0.9696808661417322
0
LINE
8
BLACK
6
CONTINUOUS
10
1.869660905511811
20
0.9696808661417322
11
1.8695055118110235
21
0.9683411417322835
0
LINE
8
BLACK
6
CONTINUOUS
10
1.8695055118110235
20
0.9683411417322835
11
1.8693033858267716
21
0.9678833858267716
0
LINE
8
BLACK
6
CONTINUOUS
10
1.8693033858267716
20
0.9678833858267716
11
1.8691250393700787
21
0.9669867322834645
0
LINE
8
BLACK
6
CONTINUOUS
10
1.8691250393700787
20
0.9669867322834645
11
1.8684835826771653
21
0.9660267716535433
0
LINE
8
BLACK
6
CONTINUOUS
10
1.8684835826771653
20
0.9660267716535433
11
1.868290157480315
21
0.9655886614173228
0
LINE
8
BLACK
6
CONTINUOUS
10
1.868290157480315
20
0.9655886614173228
11
1.8679908661417322
21
0.9652893700787402
0
LINE
8
BLACK
6
CONTINUOUS
10
1.8679908661417322
20
0.9652893700787402
11
1.8674181496062991
21
0.9644322440944881
0
LINE
8
BLACK
6
CONTINUOUS
10
1.8674181496062991
20
0.9644322440944881
11
1.8665609842519684
21
0.9638594881889764
0
LINE
8
BLACK
6
CONTINUOUS
10
1.8665609842519684
20
0.9638594881889764
11
1.8662616929133857
21
0.9635601968503936
0
LINE
8
BLACK
6
CONTINUOUS
10
1.8662616929133857
20
0.9635601968503936
11
1.8658235039370079
21
0.9633666929133858
0
LINE
8
BLACK
6
CONTINUOUS
10
1.8658235039370079
20
0.9633666929133858
11
1.8648636614173228
21
0.9627253543307086
0
LINE
8
BLACK
6
CONTINUOUS
10
1.8648636614173228
20
0.9627253543307086
11
1.8639670866141731
21
0.9625470078740157
0
LINE
8
BLACK
6
CONTINUOUS
10
1.8639670866141731
20
0.9625470078740157
11
1.8635092125984252
21
0.962344842519685
0
LINE
8
BLACK
6
CONTINUOUS
10
1.8635092125984252
20
0.962344842519685
11
1.8621690157480315
21
0.9621893307086614
0
LINE
8
BLACK
6
CONTINUOUS
10
1.8621690157480315
20
0.9621893307086614
11
1.8618503937007873
21
0.9621259842519685
0
LINE
8
BLACK
6
CONTINUOUS
10
1.8618503937007873
20
0.9621259842519685
11
1.8616227165354331
21
0.9621259842519685
0
LINE
8
BLACK
6
CONTINUOUS
10
1.8616227165354331
20
0.9621259842519685
11
1.7120781102362204
21
0.9621259842519685
0
LINE
8
BLACK
6
CONTINUOUS
10
1.7120781102362204
20
0.9621259842519685
11
1.7118503937007874
21
0.9621259842519685
0
LINE
8
BLACK
6
CONTINUOUS
10
1.7118503937007874
20
0.9621259842519685
11
1.7115317322834644
21
0.9621893307086614
0
LINE
8
BLACK
6
CONTINUOUS
10
1.7115317322834644
20
0.9621893307086614
11
1.7101915354330708
21
0.962344842519685
0
LINE
8
BLACK
6
CONTINUOUS
10
1.7101915354330708
20
0.962344842519685
11
1.7097336220472441
21
0.9625470078740157
0
LINE
8
BLACK
6
CONTINUOUS
10
1.7097336220472441
20
0.9625470078740157
11
1.7088371259842519
21
0.9627253543307086
0
LINE
8
BLACK
6
CONTINUOUS
10
1.7088371259842519
20
0.9627253543307086
11
1.7078773228346456
21
0.9633666535433071
0
LINE
8
BLACK
6
CONTINUOUS
10
1.7078773228346456
20
0.9633666535433071
11
1.7074390551181102
21
0.9635601968503936
0
LINE
8
BLACK
6
CONTINUOUS
10
1.7074390551181102
20
0.9635601968503936
11
1.7071396456692913
21
0.9638595669291339
0
LINE
8
BLACK
6
CONTINUOUS
10
1.7071396456692913
20
0.9638595669291339
11
1.7062826377952756
21
0.9644322440944881
0
LINE
8
BLACK
6
CONTINUOUS
10
1.7062826377952756
20
0.9644322440944881
11
1.7057099606299213
21
0.9652892519685039
0
LINE
8
BLACK
6
CONTINUOUS
10
1.7057099606299213
20
0.9652892519685039
11
1.7054105905511812
21
0.9655886614173228
0
LINE
8
BLACK
6
CONTINUOUS
10
1.7054105905511812
20
0.9655886614173228
11
1.7052170472440944
21
0.9660269291338582
0
LINE
8
BLACK
6
CONTINUOUS
10
1.7052170472440944
20
0.9660269291338582
11
1.704575748031496
21
0.9669867322834645
0
LINE
8
BLACK
6
CONTINUOUS
10
1.704575748031496
20
0.9669867322834645
11
1.7043974015748031
21
0.9678832283464567
0
LINE
8
BLACK
6
CONTINUOUS
10
1.7043974015748031
20
0.9678832283464567
11
1.7041952362204724
21
0.9683411417322835
0
LINE
8
BLACK
6
CONTINUOUS
10
1.7041952362204724
20
0.9683411417322835
11
1.7040397244094487
21
0.9696814173228346
0
LINE
8
BLACK
6
CONTINUOUS
10
1.7040397244094487
20
0.9696814173228346
11
1.7039763779527559
21
0.97
0
LINE
8
BLACK
6
CONTINUOUS
10
1.7039763779527559
20
0.97
11
1.7039763779527559
21
1.1199999999999999
0
LINE
8
BLACK
6
CONTINUOUS
10
1.7039763779527559
20
1.1199999999999999
11
1.7040397637795275
21
1.1203187007874016
0
LINE
8
BLACK
6
CONTINUOUS
10
1.7040397637795275
20
1.1203187007874016
11
1.7041952362204724
21
1.1216588188976377
0
LINE
8
BLACK
6
CONTINUOUS
10
1.7041952362204724
20
1.1216588188976377
11
1.7043974015748031
21
1.1221166929133859
0
LINE
8
BLACK
6
CONTINUOUS
10
1.7043974015748031
20
1.1221166929133859
11
1.704575748031496
21
1.1230132677165354
0
LINE
8
BLACK
6
CONTINUOUS
10
1.704575748031496
20
1.1230132677165354
11
1.7052170866141731
21
1.1239731102362205
0
LINE
8
BLACK
6
CONTINUOUS
10
1.7052170866141731
20
1.1239731102362205
11
1.7054105905511812
21
1.1244112992125983
0
LINE
8
BLACK
6
CONTINUOUS
10
1.7054105905511812
20
1.1244112992125983
11
1.7057098818897638
21
1.1247105905511812
0
LINE
8
BLACK
6
CONTINUOUS
10
1.7057098818897638
20
1.1247105905511812
11
1.7062826377952756
21
1.1255677559055117
0
LINE
8
BLACK
6
CONTINUOUS
10
1.7062826377952756
20
1.1255677559055117
11
1.7071397637795276
21
1.126140472440945
0
LINE
8
BLACK
6
CONTINUOUS
10
1.7071397637795276
20
1.126140472440945
11
1.7074390551181102
21
1.1264397637795276
0
LINE
8
BLACK
6
CONTINUOUS
10
1.7074390551181102
20
1.1264397637795276
11
1.7078771653543308
21
1.1266331889763779
0
LINE
8
BLACK
6
CONTINUOUS
10
1.7078771653543308
20
1.1266331889763779
11
1.7088371259842519
21
1.1272746456692913
0
LINE
8
BLACK
6
CONTINUOUS
10
1.7088371259842519
20
1.1272746456692913
11
1.7097337795275591
21
1.1274529921259842
0
LINE
8
BLACK
6
CONTINUOUS
10
1.7097337795275591
20
1.1274529921259842
11
1.7101915354330708
21
1.1276551181102361
0
LINE
8
BLACK
6
CONTINUOUS
10
1.7101915354330708
20
1.1276551181102361
11
1.7115313385826771
21
1.1278105511811023
0
LINE
8
BLACK
6
CONTINUOUS
10
1.7115313385826771
20
1.1278105511811023
11
1.7118503937007874
21
1.1278740157480314
0
LINE
8
BLACK
6
CONTINUOUS
10
1.7118503937007874
20
1.1278740157480314
11
1.8618503937007873
21
1.1278740157480314
0
LINE
8
BLACK
6
CONTINUOUS
10
1.8618503937007873
20
1.1278740157480314
11
1.8621695669291338
21
1.1278105118110235
0
LINE
8
BLACK
6
CONTINUOUS
10
0.1128191732283464
20
1.2253105118110237
11
0.1141588188976378
21
1.2251551181102363
0
LINE
8
BLACK
6
CONTINUOUS
10
0.1141588188976378
20
1.2251551181102363
11
0.1146164960629921
21
1.2249529921259843
0
LINE
8
BLACK
6
CONTINUOUS
10
0.1146164960629921
20
1.2249529921259843
11
0.1155132677165354
21
1.2247746456692914
0
LINE
8
BLACK
6
CONTINUOUS
10
0.1155132677165354
20
1.2247746456692914
11
0.1164732677165354
21
1.2241331496062993
0
LINE
8
BLACK
6
CONTINUOUS
10
0.1164732677165354
20
1.2241331496062993
11
0.1169112992125984
21
1.2239397637795275
0
LINE
8
BLACK
6
CONTINUOUS
10
0.1169112992125984
20
1.2239397637795275
11
0.1172104724409449
21
1.2236405511811024
0
LINE
8
BLACK
6
CONTINUOUS
10
0.1172104724409449
20
1.2236405511811024
11
0.1180677559055118
21
1.2230677559055119
0
LINE
8
BLACK
6
CONTINUOUS
10
0.1180677559055118
20
1.2230677559055119
11
0.1186405511811024
21
1.2222104724409448
0
LINE
8
BLACK
6
CONTINUOUS
10
0.1186405511811024
20
1.2222104724409448
11
0.1189397637795276
21
1.2219112992125984
0
LINE
8
BLACK
6
CONTINUOUS
10
0.1189397637795276
20
1.2219112992125984
11
0.1191331496062992
21
1.2214732677165354
0
LINE
8
BLACK
6
CONTINUOUS
10
0.1191331496062992
20
1.2214732677165354
11
0.1197746456692913
21
1.2205132677165353
0
LINE
8
BLACK
6
CONTINUOUS
10
0.1197746456692913
20
1.2205132677165353
11
0.1199529921259842
21
1.2196164960629921
0
LINE
8
BLACK
6
CONTINUOUS
10
0.1199529921259842
20
1.2196164960629921
11
0.1201551181102362
21
1.2191588188976377
0
LINE
8
BLACK
6
CONTINUOUS
10
0.1201551181102362
20
1.2191588188976377
11
0.1203105118110236
21
1.217819094488189
0
LINE
8
BLACK
6
CONTINUOUS
10
0.1203105118110236
20
1.217819094488189
11
0.1203740157480315
21
1.2175
0
LINE
8
BLACK
6
CONTINUOUS
10
0.1203740157480315
20
1.2175
11
0.1203740157480315
21
1.1624999999999999
0
LINE
8
BLACK
6
CONTINUOUS
10
0.1203740157480315
20
1.1624999999999999
11
0.1203105118110236
21
1.1621808661417323
0
LINE
8
BLACK
6
CONTINUOUS
10
0.1203105118110236
20
1.1621808661417323
11
0.1201551181102362
21
1.1608411417322835
0
LINE
8
BLACK
6
CONTINUOUS
10
0.1201551181102362
20
1.1608411417322835
11
0.1199529921259842
21
1.1603833858267716
0
LINE
8
BLACK
6
CONTINUOUS
10
0.1199529921259842
20
1.1603833858267716
11
0.1197746456692913
21
1.1594867322834645
0
LINE
8
BLACK
6
CONTINUOUS
10
0.1197746456692913
20
1.1594867322834645
11
0.119133188976378
21
1.1585267716535432
0
LINE
8
BLACK
6
CONTINUOUS
10
0.119133188976378
20
1.1585267716535432
11
0.1189397637795276
21
1.1580886614173229
0
LINE
8
BLACK
6
CONTINUOUS
10
0.1189397637795276
20
1.1580886614173229
11
0.1186404724409449
21
1.1577893700787401
0
LINE
8
BLACK
6
CONTINUOUS
10
0.1186404724409449
20
1.1577893700787401
11
0.1180677559055118
21
1.1569322440944882
0
LINE
8
BLACK
6
CONTINUOUS
10
0.1180677559055118
20
1.1569322440944882
11
0.1172105905511811
21
1.1563594881889763
0
LINE
8
BLACK
6
CONTINUOUS
10
0.1172105905511811
20
1.1563594881889763
11
0.1169112992125984
21
1.1560601968503936
0
LINE
8
BLACK
6
CONTINUOUS
10
0.1169112992125984
20
1.1560601968503936
11
0.1164731102362205
21
1.1558666929133858
0
LINE
8
BLACK
6
CONTINUOUS
10
0.1164731102362205
20
1.1558666929133858
11
0.1155132677165354
21
1.1552253543307087
0
LINE
8
BLACK
6
CONTINUOUS
10
0.1155132677165354
20
1.1552253543307087
11
0.1146166929133858
21
1.1550470078740158
0
LINE
8
BLACK
6
CONTINUOUS
10
0.1146166929133858
20
1.1550470078740158
11
0.1141588188976378
21
1.1548448425196851
0
LINE
8
BLACK
6
CONTINUOUS
10
0.1141588188976378
20
1.1548448425196851
11
0.1128186220472441
21
1.1546893307086614
0
LINE
8
BLACK
6
CONTINUOUS
10
0.1128186220472441
20
1.1546893307086614
11
0.1125
21
1.1546259842519684
0
LINE
8
BLACK
6
CONTINUOUS
10
0.1125
20
1.1546259842519684
11
0.1122723228346457
21
1.1546259842519684
0
LINE
8
BLACK
6
CONTINUOUS
10
0.1122723228346457
20
1.1546259842519684
11
0.0777277165354331
21
1.1546259842519684
0
LINE
8
BLACK
6
CONTINUOUS
10
0.0777277165354331
20
1.1546259842519684
11
0.0775
21
1.1546259842519684
0
LINE
8
BLACK
6
CONTINUOUS
10
0.0775
20
1.1546259842519684
11
0.0771813385826772
21
1.1546893307086614
0
LINE
8
BLACK
6
CONTINUOUS
10
0.0771813385826772
20
1.1546893307086614
11
0.0758411417322835
21
1.1548448425196851
0
LINE
8
BLACK
6
CONTINUOUS
10
0.0758411417322835
20
1.1548448425196851
11
0.0753832283464567
21
1.1550470078740158
0
LINE
8
BLACK
6
CONTINUOUS
10
0.0753832283464567
20
1.1550470078740158
11
0.0744867322834646
21
1.1552253543307087
0
LINE
8
BLACK
6
CONTINUOUS
10
0.0744867322834646
20
1.1552253543307087
11
0.0735269291338583
21
1.1558666535433071
0
LINE
8
BLACK
6
CONTINUOUS
10
0.0735269291338583
20
1.1558666535433071
11
0.0730886614173228
21
1.1560601968503936
0
LINE
8
BLACK
6
CONTINUOUS
10
0.0730886614173228
20
1.1560601968503936
11
0.0727892519685039
21
1.1563595669291338
0
LINE
8
BLACK
6
CONTINUOUS
10
0.0727892519685039
20
1.1563595669291338
11
0.0719322440944882
21
1.1569322440944882
0
LINE
8
BLACK
6
CONTINUOUS
10
0.0719322440944882
20
1.1569322440944882
11
0.0713595669291339
21
1.157789251968504
0
LINE
8
BLACK
6
CONTINUOUS
10
0.0713595669291339
20
1.157789251968504
11
0.0710601968503937
21
1.1580886614173229
0
LINE
8
BLACK
6
CONTINUOUS
10
0.0710601968503937
20
1.1580886614173229
11
0.0708666535433071
21
1.1585269291338582
0
LINE
8
BLACK
6
CONTINUOUS
10
0.0708666535433071
20
1.1585269291338582
11
0.0702253543307087
21
1.1594867322834645
0
LINE
8
BLACK
6
CONTINUOUS
10
0.0702253543307087
20
1.1594867322834645
11
0.0700470078740157
21
1.1603832283464566
0
LINE
8
BLACK
6
CONTINUOUS
10
0.0700470078740157
20
1.1603832283464566
11
0.069844842519685
21
1.1608411417322835
0
LINE
8
BLACK
6
CONTINUOUS
10
0.069844842519685
20
1.1608411417322835
11
0.0696893307086614
21
1.1621814173228346
0
LINE
8
BLACK
6
CONTINUOUS
10
0.0696893307086614
20
1.1621814173228346
11
0.0696259842519685
21
1.1624999999999999
0
LINE
8
BLACK
6
CONTINUOUS
10
0.0696259842519685
20
1.1624999999999999
11
0.0696259842519685
21
1.2175
0
LINE
8
BLACK
6
CONTINUOUS
10
0.0696259842519685
20
1.2175
11
0.0696893700787402
21
1.2178187007874015
0
LINE
8
BLACK
6
CONTINUOUS
10
0.0696893700787402
20
1.2178187007874015
11
0.069844842519685
21
1.2191588188976377
0
LINE
8
BLACK
6
CONTINUOUS
10
0.069844842519685
20
1.2191588188976377
11
0.0700470078740157
21
1.2196166929133858
0
LINE
8
BLACK
6
CONTINUOUS
10
0.0700470078740157
20
1.2196166929133858
11
0.0702253543307087
21
1.2205132677165353
0
LINE
8
BLACK
6
CONTINUOUS
10
0.0702253543307087
20
1.2205132677165353
11
0.0708666929133858
21
1.2214731102362204
0
LINE
8
BLACK
6
CONTINUOUS
10
0.0708666929133858
20
1.2214731102362204
11
0.0710601968503937
21
1.2219112992125984
0
LINE
8
BLACK
6
CONTINUOUS
10
0.0710601968503937
20
1.2219112992125984
11
0.0713594881889764
21
1.2222105905511811
0
LINE
8
BLACK
6
CONTINUOUS
10
0.0713594881889764
20
1.2222105905511811
11
0.0719322440944882
21
1.2230677559055119
0
LINE
8
BLACK
6
CONTINUOUS
10
0.0719322440944882
20
1.2230677559055119
11
0.0727893700787402
21
1.2236404724409449
0
LINE
8
BLACK
6
CONTINUOUS
10
0.0727893700787402
20
1.2236404724409449
11
0.0730886614173228
21
1.2239397637795275
0
LINE
8
BLACK
6
CONTINUOUS
10
0.0730886614173228
20
1.2239397637795275
11
0.0735267716535433
21
1.224133188976378
0
LINE
8
BLACK
6
CONTINUOUS
10
0.0735267716535433
20
1.224133188976378
11
0.0744867322834646
21
1.2247746456692914
0
LINE
8
BLACK
6
CONTINUOUS
10
0.0744867322834646
20
1.2247746456692914
11
0.0753833858267716
21
1.2249529921259843
0
LINE
8
BLACK
6
CONTINUOUS
10
0.0753833858267716
20
1.2249529921259843
11
0.0758411417322835
21
1.2251551181102363
0
LINE
8
BLACK
6
CONTINUOUS
10
0.0758411417322835
20
1.2251551181102363
11
0.0771809448818898
21
1.2253105511811024
0
LINE
8
BLACK
6
CONTINUOUS
10
0.0771809448818898
20
1.2253105511811024
11
0.0775
21
1.2253740157480315
0
LINE
8
BLACK
6
CONTINUOUS
10
0.0775
20
1.2253740157480315
11
0.1125
21
1.2253740157480315
0
LINE
8
BLACK
6
CONTINUOUS
10
0.1125
20
1.2253740157480315
11
0.1128191732283464
21
1.2253105118110237
0
LINE
8
BLACK
6
CONTINUOUS
10
0.1878191732283465
20
1.2253105118110237
11
0.1891588188976378
21
1.2251551181102363
0
LINE
8
BLACK
6
CONTINUOUS
10
0.1891588188976378
20
1.2251551181102363
11
0.1896164960629921
21
1.2249529921259843
0
LINE
8
BLACK
6
CONTINUOUS
10
0.1896164960629921
20
1.2249529921259843
11
0.1905132677165354
21
1.2247746456692914
0
LINE
8
BLACK
6
CONTINUOUS
10
0.1905132677165354
20
1.2247746456692914
11
0.1914732677165354
21
1.2241331496062993
0
LINE
8
BLACK
6
CONTINUOUS
10
0.1914732677165354
20
1.2241331496062993
11
0.1919112992125984
21
1.2239397637795275
0
LINE
8
BLACK
6
CONTINUOUS
10
0.1919112992125984
20
1.2239397637795275
11
0.1922104724409449
21
1.2236405511811024
0
LINE
8
BLACK
6
CONTINUOUS
10
0.1922104724409449
20
1.2236405511811024
11
0.1930677559055118
21
1.2230677559055119
0
LINE
8
BLACK
6
CONTINUOUS
10
0.1930677559055118
20
1.2230677559055119
11
0.1936405511811023
21
1.2222104724409448
0
LINE
8
BLACK
6
CONTINUOUS
10
0.1936405511811023
20
1.2222104724409448
11
0.1939397637795275
21
1.2219112992125984
0
LINE
8
BLACK
6
CONTINUOUS
10
0.1939397637795275
20
1.2219112992125984
11
0.1941331496062992
21
1.2214732677165354
0
LINE
8
BLACK
6
CONTINUOUS
10
0.1941331496062992
20
1.2214732677165354
11
0.1947746456692913
21
1.2205132677165353
0
LINE
8
BLACK
6
CONTINUOUS
10
0.1947746456692913
20
1.2205132677165353
11
0.1949529921259842
21
1.2196164960629921
0
LINE
8
BLACK
6
CONTINUOUS
10
0.1949529921259842
20
1.2196164960629921
11
0.1951551181102362
21
1.2191588188976377
0
LINE
8
BLACK
6
CONTINUOUS
10
0.1951551181102362
20
1.2191588188976377
11
0.1953105118110236
21
1.217819094488189
0
LINE
8
BLACK
6
CONTINUOUS
10
0.1953105118110236
20
1.217819094488189
11
0.1953740157480315
21
1.2175
0
LINE
8
BLACK
6
CONTINUOUS
10
0.1953740157480315
20
1.2175
11
0.1953740157480315
21
1.1624999999999999
0
LINE
8
BLACK
6
CONTINUOUS
10
0.1953740157480315
20
1.1624999999999999
11
0.1953105118110236
21
1.1621808661417323
0
LINE
8
BLACK
6
CONTINUOUS
10
0.1953105118110236
20
1.1621808661417323
11
0.1951551181102362
21
1.1608411417322835
0
LINE
8
BLACK
6
CONTINUOUS
10
0.1951551181102362
20
1.1608411417322835
11
0.1949529921259842
21
1.1603833858267716
0
LINE
8
BLACK
6
CONTINUOUS
10
0.1949529921259842
20
1.1603833858267716
11
0.1947746456692913
21
1.1594867322834645
0
LINE
8
BLACK
6
CONTINUOUS
10
0.1947746456692913
20
1.1594867322834645
11
0.1941331889763779
21
1.1585267716535432
0
LINE
8
BLACK
6
CONTINUOUS
10
0.1941331889763779
20
1.1585267716535432
11
0.1939397637795275
21
1.1580886614173229
0
LINE
8
BLACK
6
CONTINUOUS
10
0.1939397637795275
20
1.1580886614173229
11
0.1936404724409449
21
1.1577893700787401
0
LINE
8
BLACK
6
CONTINUOUS
10
0.1936404724409449
20
1.1577893700787401
11
0.1930677559055118
21
1.1569322440944882
0
LINE
8
BLACK
6
CONTINUOUS
10
0.1930677559055118
20
1.1569322440944882
11
0.1922105905511811
21
1.1563594881889763
0
LINE
8
BLACK
6
CONTINUOUS
10
0.1922105905511811
20
1.1563594881889763
11
0.1919112992125984
21
1.1560601968503936
0
LINE
8
BLACK
6
CONTINUOUS
10
0.1919112992125984
20
1.1560601968503936
11
0.1914731102362205
21
1.1558666929133858
0
LINE
8
BLACK
6
CONTINUOUS
10
0.1914731102362205
20
1.1558666929133858
11
0.1905132677165354
21
1.1552253543307087
0
LINE
8
BLACK
6
CONTINUOUS
10
0.1905132677165354
20
1.1552253543307087
11
0.1896166929133858
21
1.1550470078740158
0
LINE
8
BLACK
6
CONTINUOUS
10
0.1896166929133858
20
1.1550470078740158
11
0.1891588188976378
21
1.1548448425196851
0
LINE
8
BLACK
6
CONTINUOUS
10
0.1891588188976378
20
1.1548448425196851
11
0.1878186220472441
21
1.1546893307086614
0
LINE
8
BLACK
6
CONTINUOUS
10
0.1878186220472441
20
1.1546893307086614
11
0.1875
21
1.1546259842519684
0
LINE
8
BLACK
6
CONTINUOUS
10
0.1875
20
1.1546259842519684
11
0.1872723228346457
21
1.1546259842519684
0
LINE
8
BLACK
6
CONTINUOUS
10
0.1872723228346457
20
1.1546259842519684
11
0.1527277165354331
21
1.1546259842519684
0
LINE
8
BLACK
6
CONTINUOUS
10
0.1527277165354331
20
1.1546259842519684
11
0.1525
21
1.1546259842519684
0
LINE
8
BLACK
6
CONTINUOUS
10
0.1525
20
1.1546259842519684
11
0.1521813385826772
21
1.1546893307086614
0
LINE
8
BLACK
6
CONTINUOUS
10
0.1521813385826772
20
1.1546893307086614
11
0.1508411417322835
21
1.1548448425196851
0
LINE
8
BLACK
6
CONTINUOUS
10
0.1508411417322835
20
1.1548448425196851
11
0.1503832283464567
21
1.1550470078740158
0
LINE
8
BLACK
6
CONTINUOUS
10
0.1503832283464567
20
1.1550470078740158
11
0.1494867322834646
21
1.1552253543307087
0
LINE
8
BLACK
6
CONTINUOUS
10
0.1494867322834646
20
1.1552253543307087
11
0.1485269291338583
21
1.1558666535433071
0
LINE
8
BLACK
6
CONTINUOUS
10
0.1485269291338583
20
1.1558666535433071
11
0.1480886614173228
21
1.1560601968503936
0
LINE
8
BLACK
6
CONTINUOUS
10
0.1480886614173228
20
1.1560601968503936
11
0.1477892519685039
21
1.1563595669291338
0
LINE
8
BLACK
6
CONTINUOUS
10
0.1477892519685039
20
1.1563595669291338
11
0.1469322440944882
21
1.1569322440944882
0
LINE
8
BLACK
6
CONTINUOUS
10
0.1469322440944882
20
1.1569322440944882
11
0.1463595669291338
21
1.157789251968504
0
LINE
8
BLACK
6
CONTINUOUS
10
0.1463595669291338
20
1.157789251968504
11
0.1460601968503937
21
1.1580886614173229
0
LINE
8
BLACK
6
CONTINUOUS
10
0.1460601968503937
20
1.1580886614173229
11
0.1458666535433071
21
1.1585269291338582
0
LINE
8
BLACK
6
CONTINUOUS
10
0.1458666535433071
20
1.1585269291338582
11
0.1452253543307087
21
1.1594867322834645
0
LINE
8
BLACK
6
CONTINUOUS
10
0.1452253543307087
20
1.1594867322834645
11
0.1450470078740158
21
1.1603832283464566
0
LINE
8
BLACK
6
CONTINUOUS
10
0.1450470078740158
20
1.1603832283464566
11
0.144844842519685
21
1.1608411417322835
0
LINE
8
BLACK
6
CONTINUOUS
10
0.144844842519685
20
1.1608411417322835
11
0.1446893307086614
21
1.1621814173228346
0
LINE
8
BLACK
6
CONTINUOUS
10
0.1446893307086614
20
1.1621814173228346
11
0.1446259842519685
21
1.1624999999999999
0
LINE
8
BLACK
6
CONTINUOUS
10
0.1446259842519685
20
1.1624999999999999
11
0.1446259842519685
21
1.2175
0
LINE
8
BLACK
6
CONTINUOUS
10
0.1446259842519685
20
1.2175
11
0.1446893700787402
21
1.2178187007874015
0
LINE
8
BLACK
6
CONTINUOUS
10
0.1446893700787402
20
1.2178187007874015
11
0.144844842519685
21
1.2191588188976377
0
LINE
8
BLACK
6
CONTINUOUS
10
0.144844842519685
20
1.2191588188976377
11
0.1450470078740158
21
1.2196166929133858
0
LINE
8
BLACK
6
CONTINUOUS
10
0.1450470078740158
20
1.2196166929133858
11
0.1452253543307087
21
1.2205132677165353
0
LINE
8
BLACK
6
CONTINUOUS
10
0.1452253543307087
20
1.2205132677165353
11
0.1458666929133858
21
1.2214731102362204
0
LINE
8
BLACK
6
CONTINUOUS
10
0.1458666929133858
20
1.2214731102362204
11
0.1460601968503937
21
1.2219112992125984
0
LINE
8
BLACK
6
CONTINUOUS
10
0.1460601968503937
20
1.2219112992125984
11
0.1463594881889764
21
1.2222105905511811
0
LINE
8
BLACK
6
CONTINUOUS
10
0.1463594881889764
20
1.2222105905511811
11
0.1469322440944882
21
1.2230677559055119
0
LINE
8
BLACK
6
CONTINUOUS
10
0.1469322440944882
20
1.2230677559055119
11
0.1477893700787402
21
1.2236404724409449
0
LINE
8
BLACK
6
CONTINUOUS
10
0.1477893700787402
20
1.2236404724409449
11
0.1480886614173228
21
1.2239397637795275
0
LINE
8
BLACK
6
CONTINUOUS
10
0.1480886614173228
20
1.2239397637795275
11
0.1485267716535433
21
1.224133188976378
0
LINE
8
BLACK
6
CONTINUOUS
10
0.1485267716535433
20
1.224133188976378
11
0.1494867322834646
21
1.2247746456692914
0
LINE
8
BLACK
6
CONTINUOUS
10
0.1494867322834646
20
1.2247746456692914
11
0.1503833858267717
21
1.2249529921259843
0
LINE
8
BLACK
6
CONTINUOUS
10
0.1503833858267717
20
1.2249529921259843
11
0.1508411417322835
21
1.2251551181102363
0
LINE
8
BLACK
6
CONTINUOUS
10
0.1508411417322835
20
1.2251551181102363
11
0.1521809448818898
21
1.2253105511811024
0
LINE
8
BLACK
6
CONTINUOUS
10
0.1521809448818898
20
1.2253105511811024
11
0.1525
21
1.2253740157480315
0
LINE
8
BLACK
6
CONTINUOUS
10
0.1525
20
1.2253740157480315
11
0.1875
21
1.2253740157480315
0
LINE
8
BLACK
6
CONTINUOUS
10
0.1875
20
1.2253740157480315
11
0.1878191732283465
21
1.2253105118110237
0
LINE
8
BLACK
6
CONTINUOUS
10
0.2528191732283465
20
1.2253105118110237
11
0.2541588188976378
21
1.2251551181102363
0
LINE
8
BLACK
6
CONTINUOUS
10
0.2541588188976378
20
1.2251551181102363
11
0.2546164960629921
21
1.2249529921259843
0
LINE
8
BLACK
6
CONTINUOUS
10
0.2546164960629921
20
1.2249529921259843
11
0.2555132677165354
21
1.2247746456692914
0
LINE
8
BLACK
6
CONTINUOUS
10
0.2555132677165354
20
1.2247746456692914
11
0.2564732677165354
21
1.2241331496062993
0
LINE
8
BLACK
6
CONTINUOUS
10
0.2564732677165354
20
1.2241331496062993
11
0.2569112992125984
21
1.2239397637795275
0
LINE
8
BLACK
6
CONTINUOUS
10
0.2569112992125984
20
1.2239397637795275
11
0.2572104724409449
21
1.2236405511811024
0
LINE
8
BLACK
6
CONTINUOUS
10
0.2572104724409449
20
1.2236405511811024
11
0.2580677559055118
21
1.2230677559055119
0
LINE
8
BLACK
6
CONTINUOUS
10
0.2580677559055118
20
1.2230677559055119
11
0.2586405511811024
21
1.2222104724409448
0
LINE
8
BLACK
6
CONTINUOUS
10
0.2586405511811024
20
1.2222104724409448
11
0.2589397637795275
21
1.2219112992125984
0
LINE
8
BLACK
6
CONTINUOUS
10
0.2589397637795275
20
1.2219112992125984
11
0.2591331496062992
21
1.2214732677165354
0
LINE
8
BLACK
6
CONTINUOUS
10
0.2591331496062992
20
1.2214732677165354
11
0.2597746456692913
21
1.2205132677165353
0
LINE
8
BLACK
6
CONTINUOUS
10
0.2597746456692913
20
1.2205132677165353
11
0.2599529921259843
21
1.2196164960629921
0
LINE
8
BLACK
6
CONTINUOUS
10
0.2599529921259843
20
1.2196164960629921
11
0.2601551181102362
21
1.2191588188976377
0
LINE
8
BLACK
6
CONTINUOUS
10
0.2601551181102362
20
1.2191588188976377
11
0.2603105118110236
21
1.217819094488189
0
LINE
8
BLACK
6
CONTINUOUS
10
0.2603105118110236
20
1.217819094488189
11
0.2603740157480315
21
1.2175
0
LINE
8
BLACK
6
CONTINUOUS
10
0.2603740157480315
20
1.2175
11
0.2603740157480315
21
1.1624999999999999
0
LINE
8
BLACK
6
CONTINUOUS
10
0.2603740157480315
20
1.1624999999999999
11
0.2603105118110236
21
1.1621808661417323
0
LINE
8
BLACK
6
CONTINUOUS
10
0.2603105118110236
20
1.1621808661417323
11
0.2601551181102362
21
1.1608411417322835
0
LINE
8
BLACK
6
CONTINUOUS
10
0.2601551181102362
20
1.1608411417322835
11
0.2599529921259843
21
1.1603833858267716
0
LINE
8
BLACK
6
CONTINUOUS
10
0.2599529921259843
20
1.1603833858267716
11
0.2597746456692913
21
1.1594867322834645
0
LINE
8
BLACK
6
CONTINUOUS
10
0.2597746456692913
20
1.1594867322834645
11
0.2591331889763779
21
1.1585267716535432
0
LINE
8
BLACK
6
CONTINUOUS
10
0.2591331889763779
20
1.1585267716535432
11
0.2589397637795275
21
1.1580886614173229
0
LINE
8
BLACK
6
CONTINUOUS
10
0.2589397637795275
20
1.1580886614173229
11
0.2586404724409449
21
1.1577893700787401
0
LINE
8
BLACK
6
CONTINUOUS
10
0.2586404724409449
20
1.1577893700787401
11
0.2580677559055118
21
1.1569322440944882
0
LINE
8
BLACK
6
CONTINUOUS
10
0.2580677559055118
20
1.1569322440944882
11
0.2572105905511811
21
1.1563594881889763
0
LINE
8
BLACK
6
CONTINUOUS
10
0.2572105905511811
20
1.1563594881889763
11
0.2569112992125984
21
1.1560601968503936
0
LINE
8
BLACK
6
CONTINUOUS
10
0.2569112992125984
20
1.1560601968503936
11
0.2564731102362205
21
1.1558666929133858
0
LINE
8
BLACK
6
CONTINUOUS
10
0.2564731102362205
20
1.1558666929133858
11
0.2555132677165354
21
1.1552253543307087
0
LINE
8
BLACK
6
CONTINUOUS
10
0.2555132677165354
20
1.1552253543307087
11
0.2546166929133858
21
1.1550470078740158
0
LINE
8
BLACK
6
CONTINUOUS
10
0.2546166929133858
20
1.1550470078740158
11
0.2541588188976378
21
1.1548448425196851
0
LINE
8
BLACK
6
CONTINUOUS
10
0.2541588188976378
20
1.1548448425196851
11
0.2528186220472441
21
1.1546893307086614
0
LINE
8
BLACK
6
CONTINUOUS
10
0.2528186220472441
20
1.1546893307086614
11
0.2525
21
1.1546259842519684
0
LINE
8
BLACK
6
CONTINUOUS
10
0.2525
20
1.1546259842519684
11
0.2522723228346457
21
1.1546259842519684
0
LINE
8
BLACK
6
CONTINUOUS
10
0.2522723228346457
20
1.1546259842519684
11
0.2177277165354331
21
1.1546259842519684
0
LINE
8
BLACK
6
CONTINUOUS
10
0.2177277165354331
20
1.1546259842519684
11
0.2175
21
1.1546259842519684
0
LINE
8
BLACK
6
CONTINUOUS
10
0.2175
20
1.1546259842519684
11
0.2171813385826772
21
1.1546893307086614
0
LINE
8
BLACK
6
CONTINUOUS
10
0.2171813385826772
20
1.1546893307086614
11
0.2158411417322835
21
1.1548448425196851
0
LINE
8
BLACK
6
CONTINUOUS
10
0.2158411417322835
20
1.1548448425196851
11
0.2153832283464567
21
1.1550470078740158
0
LINE
8
BLACK
6
CONTINUOUS
10
0.2153832283464567
20
1.1550470078740158
11
0.2144867322834646
21
1.1552253543307087
0
LINE
8
BLACK
6
CONTINUOUS
10
0.2144867322834646
20
1.1552253543307087
11
0.2135269291338583
21
1.1558666535433071
0
LINE
8
BLACK
6
CONTINUOUS
10
0.2135269291338583
20
1.1558666535433071
11
0.2130886614173228
21
1.1560601968503936
0
LINE
8
BLACK
6
CONTINUOUS
10
0.2130886614173228
20
1.1560601968503936
11
0.2127892519685039
21
1.1563595669291338
0
LINE
8
BLACK
6
CONTINUOUS
10
0.2127892519685039
20
1.1563595669291338
11
0.2119322440944882
21
1.1569322440944882
0
LINE
8
BLACK
6
CONTINUOUS
10
0.2119322440944882
20
1.1569322440944882
11
0.2113595669291339
21
1.157789251968504
0
LINE
8
BLACK
6
CONTINUOUS
10
0.2113595669291339
20
1.157789251968504
11
0.2110601968503937
21
1.1580886614173229
0
LINE
8
BLACK
6
CONTINUOUS
10
0.2110601968503937
20
1.1580886614173229
11
0.2108666535433071
21
1.1585269291338582
0
LINE
8
BLACK
6
CONTINUOUS
10
0.2108666535433071
20
1.1585269291338582
11
0.2102253543307087
21
1.1594867322834645
0
LINE
8
BLACK
6
CONTINUOUS
10
0.2102253543307087
20
1.1594867322834645
11
0.2100470078740158
21
1.1603832283464566
0
LINE
8
BLACK
6
CONTINUOUS
10
0.2100470078740158
20
1.1603832283464566
11
0.209844842519685
21
1.1608411417322835
0
LINE
8
BLACK
6
CONTINUOUS
10
0.209844842519685
20
1.1608411417322835
11
0.2096893307086614
21
1.1621814173228346
0
LINE
8
BLACK
6
CONTINUOUS
10
0.2096893307086614
20
1.1621814173228346
11
0.2096259842519685
21
1.1624999999999999
0
LINE
8
BLACK
6
CONTINUOUS
10
0.2096259842519685
20
1.1624999999999999
11
0.2096259842519685
21
1.2175
0
LINE
8
BLACK
6
CONTINUOUS
10
0.2096259842519685
20
1.2175
11
0.2096893700787401
21
1.2178187007874015
0
LINE
8
BLACK
6
CONTINUOUS
10
0.2096893700787401
20
1.2178187007874015
11
0.209844842519685
21
1.2191588188976377
0
LINE
8
BLACK
6
CONTINUOUS
10
0.209844842519685
20
1.2191588188976377
11
0.2100470078740158
21
1.2196166929133858
0
LINE
8
BLACK
6
CONTINUOUS
10
0.2100470078740158
20
1.2196166929133858
11
0.2102253543307087
21
1.2205132677165353
0
LINE
8
BLACK
6
CONTINUOUS
10
0.2102253543307087
20
1.2205132677165353
11
0.2108666929133858
21
1.2214731102362204
0
LINE
8
BLACK
6
CONTINUOUS
10
0.2108666929133858
20
1.2214731102362204
11
0.2110601968503937
21
1.2219112992125984
0
LINE
8
BLACK
6
CONTINUOUS
10
0.2110601968503937
20
1.2219112992125984
11
0.2113594881889764
21
1.2222105905511811
0
LINE
8
BLACK
6
CONTINUOUS
10
0.2113594881889764
20
1.2222105905511811
11
0.2119322440944882
21
1.2230677559055119
0
LINE
8
BLACK
6
CONTINUOUS
10
0.2119322440944882
20
1.2230677559055119
11
0.2127893700787402
21
1.2236404724409449
0
LINE
8
BLACK
6
CONTINUOUS
10
0.2127893700787402
20
1.2236404724409449
11
0.2130886614173228
21
1.2239397637795275
0
LINE
8
BLACK
6
CONTINUOUS
10
0.2130886614173228
20
1.2239397637795275
11
0.2135267716535433
21
1.224133188976378
0
LINE
8
BLACK
6
CONTINUOUS
10
0.2135267716535433
20
1.224133188976378
11
0.2144867322834646
21
1.2247746456692914
0
LINE
8
BLACK
6
CONTINUOUS
10
0.2144867322834646
20
1.2247746456692914
11
0.2153833858267717
21
1.2249529921259843
0
LINE
8
BLACK
6
CONTINUOUS
10
0.2153833858267717
20
1.2249529921259843
11
0.2158411417322835
21
1.2251551181102363
0
LINE
8
BLACK
6
CONTINUOUS
10
0.2158411417322835
20
1.2251551181102363
11
0.2171809448818898
21
1.2253105511811024
0
LINE
8
BLACK
6
CONTINUOUS
10
0.2171809448818898
20
1.2253105511811024
11
0.2175
21
1.2253740157480315
0
LINE
8
BLACK
6
CONTINUOUS
10
0.2175
20
1.2253740157480315
11
0.2525
21
1.2253740157480315
0
LINE
8
BLACK
6
CONTINUOUS
10
0.2525
20
1.2253740157480315
11
0.2528191732283465
21
1.2253105118110237
0
LINE
8
BLACK
6
CONTINUOUS
10
0.3278191732283465
20
1.2253105118110237
11
0.3291588188976378
21
1.2251551181102363
0
LINE
8
BLACK
6
CONTINUOUS
10
0.3291588188976378
20
1.2251551181102363
11
0.3296164960629921
21
1.2249529921259843
0
LINE
8
BLACK
6
CONTINUOUS
10
0.3296164960629921
20
1.2249529921259843
11
0.3305132677165354
21
1.2247746456692914
0
LINE
8
BLACK
6
CONTINUOUS
10
0.3305132677165354
20
1.2247746456692914
11
0.3314732677165354
21
1.2241331496062993
0
LINE
8
BLACK
6
CONTINUOUS
10
0.3314732677165354
20
1.2241331496062993
11
0.3319112992125984
21
1.2239397637795275
0
LINE
8
BLACK
6
CONTINUOUS
10
0.3319112992125984
20
1.2239397637795275
11
0.3322104724409449
21
1.2236405511811024
0
LINE
8
BLACK
6
CONTINUOUS
10
0.3322104724409449
20
1.2236405511811024
11
0.3330677559055118
21
1.2230677559055119
0
LINE
8
BLACK
6
CONTINUOUS
10
0.3330677559055118
20
1.2230677559055119
11
0.3336405511811024
21
1.2222104724409448
0
LINE
8
BLACK
6
CONTINUOUS
10
0.3336405511811024
20
1.2222104724409448
11
0.3339397637795276
21
1.2219112992125984
0
LINE
8
BLACK
6
CONTINUOUS
10
0.3339397637795276
20
1.2219112992125984
11
0.3341331496062992
21
1.2214732677165354
0
LINE
8
BLACK
6
CONTINUOUS
10
0.3341331496062992
20
1.2214732677165354
11
0.3347746456692913
21
1.2205132677165353
0
LINE
8
BLACK
6
CONTINUOUS
10
0.3347746456692913
20
1.2205132677165353
11
0.3349529921259842
21
1.2196164960629921
0
LINE
8
BLACK
6
CONTINUOUS
10
0.3349529921259842
20
1.2196164960629921
11
0.3351551181102362
21
1.2191588188976377
0
LINE
8
BLACK
6
CONTINUOUS
10
0.3351551181102362
20
1.2191588188976377
11
0.3353105118110236
21
1.217819094488189
0
LINE
8
BLACK
6
CONTINUOUS
10
0.3353105118110236
20
1.217819094488189
11
0.3353740157480315
21
1.2175
0
LINE
8
BLACK
6
CONTINUOUS
10
0.3353740157480315
20
1.2175
11
0.3353740157480315
21
1.1624999999999999
0
LINE
8
BLACK
6
CONTINUOUS
10
0.3353740157480315
20
1.1624999999999999
11
0.3353105118110236
21
1.1621808661417323
0
LINE
8
BLACK
6
CONTINUOUS
10
0.3353105118110236
20
1.1621808661417323
11
0.3351551181102362
21
1.1608411417322835
0
LINE
8
BLACK
6
CONTINUOUS
10
0.3351551181102362
20
1.1608411417322835
11
0.3349529921259842
21
1.1603833858267716
0
LINE
8
BLACK
6
CONTINUOUS
10
0.3349529921259842
20
1.1603833858267716
11
0.3347746456692913
21
1.1594867322834645
0
LINE
8
BLACK
6
CONTINUOUS
10
0.3347746456692913
20
1.1594867322834645
11
0.3341331889763779
21
1.1585267716535432
0
LINE
8
BLACK
6
CONTINUOUS
10
0.3341331889763779
20
1.1585267716535432
11
0.3339397637795276
21
1.1580886614173229
0
LINE
8
BLACK
6
CONTINUOUS
10
0.3339397637795276
20
1.1580886614173229
11
0.3336404724409449
21
1.1577893700787401
0
LINE
8
BLACK
6
CONTINUOUS
10
0.3336404724409449
20
1.1577893700787401
11
0.3330677559055118
21
1.1569322440944882
0
LINE
8
BLACK
6
CONTINUOUS
10
0.3330677559055118
20
1.1569322440944882
11
0.3322105905511811
21
1.1563594881889763
0
LINE
8
BLACK
6
CONTINUOUS
10
0.3322105905511811
20
1.1563594881889763
11
0.3319112992125984
21
1.1560601968503936
0
LINE
8
BLACK
6
CONTINUOUS
10
0.3319112992125984
20
1.1560601968503936
11
0.3314731102362204
21
1.1558666929133858
0
LINE
8
BLACK
6
CONTINUOUS
10
0.3314731102362204
20
1.1558666929133858
11
0.3305132677165354
21
1.1552253543307087
0
LINE
8
BLACK
6
CONTINUOUS
10
0.3305132677165354
20
1.1552253543307087
11
0.3296166929133858
21
1.1550470078740158
0
LINE
8
BLACK
6
CONTINUOUS
10
0.3296166929133858
20
1.1550470078740158
11
0.3291588188976378
21
1.1548448425196851
0
LINE
8
BLACK
6
CONTINUOUS
10
0.3291588188976378
20
1.1548448425196851
11
0.3278186220472441
21
1.1546893307086614
0
LINE
8
BLACK
6
CONTINUOUS
10
0.3278186220472441
20
1.1546893307086614
11
0.3275
21
1.1546259842519684
0
LINE
8
BLACK
6
CONTINUOUS
10
0.3275
20
1.1546259842519684
11
0.3272723228346456
21
1.1546259842519684
0
LINE
8
BLACK
6
CONTINUOUS
10
0.3272723228346456
20
1.1546259842519684
11
0.2927277165354331
21
1.1546259842519684
0
LINE
8
BLACK
6
CONTINUOUS
10
0.2927277165354331
20
1.1546259842519684
11
0.2925
21
1.1546259842519684
0
LINE
8
BLACK
6
CONTINUOUS
10
0.2925
20
1.1546259842519684
11
0.2921813385826771
21
1.1546893307086614
0
LINE
8
BLACK
6
CONTINUOUS
10
0.2921813385826771
20
1.1546893307086614
11
0.2908411417322835
21
1.1548448425196851
0
LINE
8
BLACK
6
CONTINUOUS
10
0.2908411417322835
20
1.1548448425196851
11
0.2903832283464567
21
1.1550470078740158
0
LINE
8
BLACK
6
CONTINUOUS
10
0.2903832283464567
20
1.1550470078740158
11
0.2894867322834646
21
1.1552253543307087
0
LINE
8
BLACK
6
CONTINUOUS
10
0.2894867322834646
20
1.1552253543307087
11
0.2885269291338582
21
1.1558666535433071
0
LINE
8
BLACK
6
CONTINUOUS
10
0.2885269291338582
20
1.1558666535433071
11
0.2880886614173228
21
1.1560601968503936
0
LINE
8
BLACK
6
CONTINUOUS
10
0.2880886614173228
20
1.1560601968503936
11
0.2877892519685039
21
1.1563595669291338
0
LINE
8
BLACK
6
CONTINUOUS
10
0.2877892519685039
20
1.1563595669291338
11
0.2869322440944882
21
1.1569322440944882
0
LINE
8
BLACK
6
CONTINUOUS
10
0.2869322440944882
20
1.1569322440944882
11
0.2863595669291338
21
1.157789251968504
0
LINE
8
BLACK
6
CONTINUOUS
10
0.2863595669291338
20
1.157789251968504
11
0.2860601968503937
21
1.1580886614173229
0
LINE
8
BLACK
6
CONTINUOUS
10
0.2860601968503937
20
1.1580886614173229
11
0.2858666535433071
21
1.1585269291338582
0
LINE
8
BLACK
6
CONTINUOUS
10
0.2858666535433071
20
1.1585269291338582
11
0.2852253543307087
21
1.1594867322834645
0
LINE
8
BLACK
6
CONTINUOUS
10
0.2852253543307087
20
1.1594867322834645
11
0.2850470078740158
21
1.1603832283464566
0
LINE
8
BLACK
6
CONTINUOUS
10
0.2850470078740158
20
1.1603832283464566
11
0.2848448425196851
21
1.1608411417322835
0
LINE
8
BLACK
6
CONTINUOUS
10
0.2848448425196851
20
1.1608411417322835
11
0.2846893307086614
21
1.1621814173228346
0
LINE
8
BLACK
6
CONTINUOUS
10
0.2846893307086614
20
1.1621814173228346
11
0.2846259842519685
21
1.1624999999999999
0
LINE
8
BLACK
6
CONTINUOUS
10
0.2846259842519685
20
1.1624999999999999
11
0.2846259842519685
21
1.2175
0
LINE
8
BLACK
6
CONTINUOUS
10
0.2846259842519685
20
1.2175
11
0.2846893700787402
21
1.2178187007874015
0
LINE
8
BLACK
6
CONTINUOUS
10
0.2846893700787402
20
1.2178187007874015
11
0.2848448425196851
21
1.2191588188976377
0
LINE
8
BLACK
6
CONTINUOUS
10
0.2848448425196851
20
1.2191588188976377
11
0.2850470078740158
21
1.2196166929133858
0
LINE
8
BLACK
6
CONTINUOUS
10
0.2850470078740158
20
1.2196166929133858
11
0.2852253543307087
21
1.2205132677165353
0
LINE
8
BLACK
6
CONTINUOUS
10
0.2852253543307087
20
1.2205132677165353
11
0.2858666929133858
21
1.2214731102362204
0
LINE
8
BLACK
6
CONTINUOUS
10
0.2858666929133858
20
1.2214731102362204
11
0.2860601968503937
21
1.2219112992125984
0
LINE
8
BLACK
6
CONTINUOUS
10
0.2860601968503937
20
1.2219112992125984
11
0.2863594881889764
21
1.2222105905511811
0
LINE
8
BLACK
6
CONTINUOUS
10
0.2863594881889764
20
1.2222105905511811
11
0.2869322440944882
21
1.2230677559055119
0
LINE
8
BLACK
6
CONTINUOUS
10
0.2869322440944882
20
1.2230677559055119
11
0.2877893700787402
21
1.2236404724409449
0
LINE
8
BLACK
6
CONTINUOUS
10
0.2877893700787402
20
1.2236404724409449
11
0.2880886614173228
21
1.2239397637795275
0
LINE
8
BLACK
6
CONTINUOUS
10
0.2880886614173228
20
1.2239397637795275
11
0.2885267716535433
21
1.224133188976378
0
LINE
8
BLACK
6
CONTINUOUS
10
0.2885267716535433
20
1.224133188976378
11
0.2894867322834646
21
1.2247746456692914
0
LINE
8
BLACK
6
CONTINUOUS
10
0.2894867322834646
20
1.2247746456692914
11
0.2903833858267716
21
1.2249529921259843
0
LINE
8
BLACK
6
CONTINUOUS
10
0.2903833858267716
20
1.2249529921259843
11
0.2908411417322835
21
1.2251551181102363
0
LINE
8
BLACK
6
CONTINUOUS
10
0.2908411417322835
20
1.2251551181102363
11
0.2921809448818898
21
1.2253105511811024
0
LINE
8
BLACK
6
CONTINUOUS
10
0.2921809448818898
20
1.2253105511811024
11
0.2925
21
1.2253740157480315
0
LINE
8
BLACK
6
CONTINUOUS
10
0.2925
20
1.2253740157480315
11
0.3275
21
1.2253740157480315
0
LINE
8
BLACK
6
CONTINUOUS
10
0.3275
20
1.2253740157480315
11
0.3278191732283465
21
1.2253105118110237
0
LINE
8
BLACK
6
CONTINUOUS
10
1.6928191732283464
20
1.2303105118110236
11
1.6941588188976378
21
1.2301551181102361
0
LINE
8
BLACK
6
CONTINUOUS
10
1.6941588188976378
20
1.2301551181102361
11
1.6946164960629921
21
1.2299529921259842
0
LINE
8
BLACK
6
CONTINUOUS
10
1.6946164960629921
20
1.2299529921259842
11
1.6955132677165354
21
1.2297746456692913
0
LINE
8
BLACK
6
CONTINUOUS
10
1.6955132677165354
20
1.2297746456692913
11
1.6964732677165355
21
1.2291331496062992
0
LINE
8
BLACK
6
CONTINUOUS
10
1.6964732677165355
20
1.2291331496062992
11
1.6969112992125983
21
1.2289397637795276
0
LINE
8
BLACK
6
CONTINUOUS
10
1.6969112992125983
20
1.2289397637795276
11
1.6972104724409449
21
1.2286405511811023
0
LINE
8
BLACK
6
CONTINUOUS
10
1.6972104724409449
20
1.2286405511811023
11
1.6980677559055117
21
1.2280677559055118
0
LINE
8
BLACK
6
CONTINUOUS
10
1.6980677559055117
20
1.2280677559055118
11
1.6986405511811022
21
1.2272104724409449
0
LINE
8
BLACK
6
CONTINUOUS
10
1.6986405511811022
20
1.2272104724409449
11
1.6989397637795276
21
1.2269112992125983
0
LINE
8
BLACK
6
CONTINUOUS
10
1.6989397637795276
20
1.2269112992125983
11
1.6991331496062991
21
1.2264732677165353
0
LINE
8
BLACK
6
CONTINUOUS
10
1.6991331496062991
20
1.2264732677165353
11
1.6997746456692913
21
1.2255132677165355
0
LINE
8
BLACK
6
CONTINUOUS
10
1.6997746456692913
20
1.2255132677165355
11
1.6999529921259842
21
1.2246164960629922
0
LINE
8
BLACK
6
CONTINUOUS
10
1.6999529921259842
20
1.2246164960629922
11
1.7001551181102361
21
1.2241588188976378
0
LINE
8
BLACK
6
CONTINUOUS
10
1.7001551181102361
20
1.2241588188976378
11
1.7003105118110236
21
1.2228190944881889
0
LINE
8
BLACK
6
CONTINUOUS
10
1.7003105118110236
20
1.2228190944881889
11
1.7003740157480314
21
1.2224999999999999
0
LINE
8
BLACK
6
CONTINUOUS
10
1.7003740157480314
20
1.2224999999999999
11
1.7003740157480314
21
1.1675
0
LINE
8
BLACK
6
CONTINUOUS
10
1.7003740157480314
20
1.1675
11
1.7003105118110236
21
1.1671808661417322
0
LINE
8
BLACK
6
CONTINUOUS
10
1.7003105118110236
20
1.1671808661417322
11
1.7001551181102361
21
1.1658411417322834
0
LINE
8
BLACK
6
CONTINUOUS
10
1.7001551181102361
20
1.1658411417322834
11
1.6999529921259842
21
1.1653833858267717
0
LINE
8
BLACK
6
CONTINUOUS
10
1.6999529921259842
20
1.1653833858267717
11
1.6997746456692913
21
1.1644867322834644
0
LINE
8
BLACK
6
CONTINUOUS
10
1.6997746456692913
20
1.1644867322834644
11
1.6991331889763779
21
1.1635267716535433
0
LINE
8
BLACK
6
CONTINUOUS
10
1.6991331889763779
20
1.1635267716535433
11
1.6989397637795276
21
1.1630886614173228
0
LINE
8
BLACK
6
CONTINUOUS
10
1.6989397637795276
20
1.1630886614173228
11
1.6986404724409447
21
1.1627893700787402
0
LINE
8
BLACK
6
CONTINUOUS
10
1.6986404724409447
20
1.1627893700787402
11
1.6980677559055117
21
1.1619322440944881
0
LINE
8
BLACK
6
CONTINUOUS
10
1.6980677559055117
20
1.1619322440944881
11
1.697210590551181
21
1.1613594881889764
0
LINE
8
BLACK
6
CONTINUOUS
10
1.697210590551181
20
1.1613594881889764
11
1.6969112992125983
21
1.1610601968503937
0
LINE
8
BLACK
6
CONTINUOUS
10
1.6969112992125983
20
1.1610601968503937
11
1.6964731102362205
21
1.1608666929133857
0
LINE
8
BLACK
6
CONTINUOUS
10
1.6964731102362205
20
1.1608666929133857
11
1.6955132677165354
21
1.1602253543307086
0
LINE
8
BLACK
6
CONTINUOUS
10
1.6955132677165354
20
1.1602253543307086
11
1.6946166929133857
21
1.1600470078740157
0
LINE
8
BLACK
6
CONTINUOUS
10
1.6946166929133857
20
1.1600470078740157
11
1.6941588188976378
21
1.159844842519685
0
LINE
8
BLACK
6
CONTINUOUS
10
1.6941588188976378
20
1.159844842519685
11
1.6928186220472441
21
1.1596893307086613
0
LINE
8
BLACK
6
CONTINUOUS
10
1.6928186220472441
20
1.1596893307086613
11
1.6924999999999999
21
1.1596259842519685
0
LINE
8
BLACK
6
CONTINUOUS
10
1.6924999999999999
20
1.1596259842519685
11
1.6922723228346457
21
1.1596259842519685
0
LINE
8
BLACK
6
CONTINUOUS
10
1.6922723228346457
20
1.1596259842519685
11
1.6577277165354329
21
1.1596259842519685
0
LINE
8
BLACK
6
CONTINUOUS
10
1.6577277165354329
20
1.1596259842519685
11
1.6575
21
1.1596259842519685
0
LINE
8
BLACK
6
CONTINUOUS
10
1.6575
20
1.1596259842519685
11
1.657181338582677
21
1.1596893307086613
0
LINE
8
BLACK
6
CONTINUOUS
10
1.657181338582677
20
1.1596893307086613
11
1.6558411417322834
21
1.159844842519685
0
LINE
8
BLACK
6
CONTINUOUS
10
1.6558411417322834
20
1.159844842519685
11
1.6553832283464567
21
1.1600470078740157
0
LINE
8
BLACK
6
CONTINUOUS
10
1.6553832283464567
20
1.1600470078740157
11
1.6544867322834644
21
1.1602253543307086
0
LINE
8
BLACK
6
CONTINUOUS
10
1.6544867322834644
20
1.1602253543307086
11
1.6535269291338581
21
1.160866653543307
0
LINE
8
BLACK
6
CONTINUOUS
10
1.6535269291338581
20
1.160866653543307
11
1.6530886614173228
21
1.1610601968503937
0
LINE
8
BLACK
6
CONTINUOUS
10
1.6530886614173228
20
1.1610601968503937
11
1.6527892519685039
21
1.1613595669291339
0
LINE
8
BLACK
6
CONTINUOUS
10
1.6527892519685039
20
1.1613595669291339
11
1.6519322440944881
21
1.1619322440944881
0
LINE
8
BLACK
6
CONTINUOUS
10
1.6519322440944881
20
1.1619322440944881
11
1.6513595669291339
21
1.1627892519685039
0
LINE
8
BLACK
6
CONTINUOUS
10
1.6513595669291339
20
1.1627892519685039
11
1.6510601968503937
21
1.1630886614173228
0
LINE
8
BLACK
6
CONTINUOUS
10
1.6510601968503937
20
1.1630886614173228
11
1.650866653543307
21
1.1635269291338581
0
LINE
8
BLACK
6
CONTINUOUS
10
1.650866653543307
20
1.1635269291338581
11
1.6502253543307086
21
1.1644867322834644
0
LINE
8
BLACK
6
CONTINUOUS
10
1.6502253543307086
20
1.1644867322834644
11
1.6500470078740157
21
1.1653832283464567
0
LINE
8
BLACK
6
CONTINUOUS
10
1.6500470078740157
20
1.1653832283464567
11
1.649844842519685
21
1.1658411417322834
0
LINE
8
BLACK
6
CONTINUOUS
10
1.649844842519685
20
1.1658411417322834
11
1.6496893307086613
21
1.1671814173228345
0
LINE
8
BLACK
6
CONTINUOUS
10
1.6496893307086613
20
1.1671814173228345
11
1.6496259842519685
21
1.1675
0
LINE
8
BLACK
6
CONTINUOUS
10
1.6496259842519685
20
1.1675
11
1.6496259842519685
21
1.2224999999999999
0
LINE
8
BLACK
6
CONTINUOUS
10
1.6496259842519685
20
1.2224999999999999
11
1.6496893700787401
21
1.2228187007874016
0
LINE
8
BLACK
6
CONTINUOUS
10
1.6496893700787401
20
1.2228187007874016
11
1.649844842519685
21
1.2241588188976378
0
LINE
8
BLACK
6
CONTINUOUS
10
1.649844842519685
20
1.2241588188976378
11
1.6500470078740157
21
1.2246166929133857
0
LINE
8
BLACK
6
CONTINUOUS
10
1.6500470078740157
20
1.2246166929133857
11
1.6502253543307086
21
1.2255132677165355
0
LINE
8
BLACK
6
CONTINUOUS
10
1.6502253543307086
20
1.2255132677165355
11
1.6508666929133857
21
1.2264731102362205
0
LINE
8
BLACK
6
CONTINUOUS
10
1.6508666929133857
20
1.2264731102362205
11
1.6510601968503937
21
1.2269112992125983
0
LINE
8
BLACK
6
CONTINUOUS
10
1.6510601968503937
20
1.2269112992125983
11
1.6513594881889764
21
1.227210590551181
0
LINE
8
BLACK
6
CONTINUOUS
10
1.6513594881889764
20
1.227210590551181
11
1.6519322440944881
21
1.2280677559055118
0
LINE
8
BLACK
6
CONTINUOUS
10
1.6519322440944881
20
1.2280677559055118
11
1.6527893700787402
21
1.2286404724409448
0
LINE
8
BLACK
6
CONTINUOUS
10
1.6527893700787402
20
1.2286404724409448
11
1.6530886614173228
21
1.2289397637795276
0
LINE
8
BLACK
6
CONTINUOUS
10
1.6530886614173228
20
1.2289397637795276
11
1.6535267716535433
21
1.2291331889763779
0
LINE
8
BLACK
6
CONTINUOUS
10
1.6535267716535433
20
1.2291331889763779
11
1.6544867322834644
21
1.2297746456692913
0
LINE
8
BLACK
6
CONTINUOUS
10
1.6544867322834644
20
1.2297746456692913
11
1.6553833858267717
21
1.2299529921259842
0
LINE
8
BLACK
6
CONTINUOUS
10
1.6553833858267717
20
1.2299529921259842
11
1.6558411417322834
21
1.2301551181102361
0
LINE
8
BLACK
6
CONTINUOUS
10
1.6558411417322834
20
1.2301551181102361
11
1.6571809448818897
21
1.2303105511811023
0
LINE
8
BLACK
6
CONTINUOUS
10
1.6571809448818897
20
1.2303105511811023
11
1.6575
21
1.2303740157480314
0
LINE
8
BLACK
6
CONTINUOUS
10
1.6575
20
1.2303740157480314
11
1.6924999999999999
21
1.2303740157480314
0
LINE
8
BLACK
6
CONTINUOUS
10
1.6924999999999999
20
1.2303740157480314
11
1.6928191732283464
21
1.2303105118110236
0
LINE
8
BLACK
6
CONTINUOUS
10
1.7678191732283464
20
1.2303105118110236
11
1.7691588188976377
21
1.2301551181102361
0
LINE
8
BLACK
6
CONTINUOUS
10
1.7691588188976377
20
1.2301551181102361
11
1.7696164960629921
21
1.2299529921259842
0
LINE
8
BLACK
6
CONTINUOUS
10
1.7696164960629921
20
1.2299529921259842
11
1.7705132677165354
21
1.2297746456692913
0
LINE
8
BLACK
6
CONTINUOUS
10
1.7705132677165354
20
1.2297746456692913
11
1.7714732677165355
21
1.2291331496062992
0
LINE
8
BLACK
6
CONTINUOUS
10
1.7714732677165355
20
1.2291331496062992
11
1.7719112992125985
21
1.2289397637795276
0
LINE
8
BLACK
6
CONTINUOUS
10
1.7719112992125985
20
1.2289397637795276
11
1.7722104724409449
21
1.2286405511811023
0
LINE
8
BLACK
6
CONTINUOUS
10
1.7722104724409449
20
1.2286405511811023
11
1.7730677559055117
21
1.2280677559055118
0
LINE
8
BLACK
6
CONTINUOUS
10
1.7730677559055117
20
1.2280677559055118
11
1.7736405511811024
21
1.2272104724409449
0
LINE
8
BLACK
6
CONTINUOUS
10
1.7736405511811024
20
1.2272104724409449
11
1.7739397637795276
21
1.2269112992125983
0
LINE
8
BLACK
6
CONTINUOUS
10
1.7739397637795276
20
1.2269112992125983
11
1.7741331496062991
21
1.2264732677165353
0
LINE
8
BLACK
6
CONTINUOUS
10
1.7741331496062991
20
1.2264732677165353
11
1.7747746456692912
21
1.2255132677165355
0
LINE
8
BLACK
6
CONTINUOUS
10
1.7747746456692912
20
1.2255132677165355
11
1.7749529921259841
21
1.2246164960629922
0
LINE
8
BLACK
6
CONTINUOUS
10
1.7749529921259841
20
1.2246164960629922
11
1.7751551181102361
21
1.2241588188976378
0
LINE
8
BLACK
6
CONTINUOUS
10
1.7751551181102361
20
1.2241588188976378
11
1.7753105118110235
21
1.2228190944881889
0
LINE
8
BLACK
6
CONTINUOUS
10
1.7753105118110235
20
1.2228190944881889
11
1.7753740157480316
21
1.2224999999999999
0
LINE
8
BLACK
6
CONTINUOUS
10
1.7753740157480316
20
1.2224999999999999
11
1.7753740157480316
21
1.1675
0
LINE
8
BLACK
6
CONTINUOUS
10
1.7753740157480316
20
1.1675
11
1.7753105118110235
21
1.1671808661417322
0
LINE
8
BLACK
6
CONTINUOUS
10
1.7753105118110235
20
1.1671808661417322
11
1.7751551181102361
21
1.1658411417322834
0
LINE
8
BLACK
6
CONTINUOUS
10
1.7751551181102361
20
1.1658411417322834
11
1.7749529921259841
21
1.1653833858267717
0
LINE
8
BLACK
6
CONTINUOUS
10
1.7749529921259841
20
1.1653833858267717
11
1.7747746456692912
21
1.1644867322834644
0
LINE
8
BLACK
6
CONTINUOUS
10
1.7747746456692912
20
1.1644867322834644
11
1.7741331889763778
21
1.1635267716535433
0
LINE
8
BLACK
6
CONTINUOUS
10
1.7741331889763778
20
1.1635267716535433
11
1.7739397637795276
21
1.1630886614173228
0
LINE
8
BLACK
6
CONTINUOUS
10
1.7739397637795276
20
1.1630886614173228
11
1.7736404724409449
21
1.1627893700787402
0
LINE
8
BLACK
6
CONTINUOUS
10
1.7736404724409449
20
1.1627893700787402
11
1.7730677559055117
21
1.1619322440944881
0
LINE
8
BLACK
6
CONTINUOUS
10
1.7730677559055117
20
1.1619322440944881
11
1.7722105905511811
21
1.1613594881889764
0
LINE
8
BLACK
6
CONTINUOUS
10
1.7722105905511811
20
1.1613594881889764
11
1.7719112992125985
21
1.1610601968503937
0
LINE
8
BLACK
6
CONTINUOUS
10
1.7719112992125985
20
1.1610601968503937
11
1.7714731102362204
21
1.1608666929133857
0
LINE
8
BLACK
6
CONTINUOUS
10
1.7714731102362204
20
1.1608666929133857
11
1.7705132677165354
21
1.1602253543307086
0
LINE
8
BLACK
6
CONTINUOUS
10
1.7705132677165354
20
1.1602253543307086
11
1.7696166929133859
21
1.1600470078740157
0
LINE
8
BLACK
6
CONTINUOUS
10
1.7696166929133859
20
1.1600470078740157
11
1.7691588188976377
21
1.159844842519685
0
LINE
8
BLACK
6
CONTINUOUS
10
1.7691588188976377
20
1.159844842519685
11
1.767818622047244
21
1.1596893307086613
0
LINE
8
BLACK
6
CONTINUOUS
10
1.767818622047244
20
1.1596893307086613
11
1.7674999999999998
21
1.1596259842519685
0
LINE
8
BLACK
6
CONTINUOUS
10
1.7674999999999998
20
1.1596259842519685
11
1.7672723228346456
21
1.1596259842519685
0
LINE
8
BLACK
6
CONTINUOUS
10
1.7672723228346456
20
1.1596259842519685
11
1.7327277165354331
21
1.1596259842519685
0
LINE
8
BLACK
6
CONTINUOUS
10
1.7327277165354331
20
1.1596259842519685
11
1.7324999999999999
21
1.1596259842519685
0
LINE
8
BLACK
6
CONTINUOUS
10
1.7324999999999999
20
1.1596259842519685
11
1.7321813385826772
21
1.1596893307086613
0
LINE
8
BLACK
6
CONTINUOUS
10
1.7321813385826772
20
1.1596893307086613
11
1.7308411417322833
21
1.159844842519685
0
LINE
8
BLACK
6
CONTINUOUS
10
1.7308411417322833
20
1.159844842519685
11
1.7303832283464566
21
1.1600470078740157
0
LINE
8
BLACK
6
CONTINUOUS
10
1.7303832283464566
20
1.1600470078740157
11
1.7294867322834646
21
1.1602253543307086
0
LINE
8
BLACK
6
CONTINUOUS
10
1.7294867322834646
20
1.1602253543307086
11
1.7285269291338583
21
1.160866653543307
0
LINE
8
BLACK
6
CONTINUOUS
10
1.7285269291338583
20
1.160866653543307
11
1.7280886614173228
21
1.1610601968503937
0
LINE
8
BLACK
6
CONTINUOUS
10
1.7280886614173228
20
1.1610601968503937
11
1.7277892519685039
21
1.1613595669291339
0
LINE
8
BLACK
6
CONTINUOUS
10
1.7277892519685039
20
1.1613595669291339
11
1.7269322440944881
21
1.1619322440944881
0
LINE
8
BLACK
6
CONTINUOUS
10
1.7269322440944881
20
1.1619322440944881
11
1.7263595669291338
21
1.1627892519685039
0
LINE
8
BLACK
6
CONTINUOUS
10
1.7263595669291338
20
1.1627892519685039
11
1.7260601968503937
21
1.1630886614173228
0
LINE
8
BLACK
6
CONTINUOUS
10
1.7260601968503937
20
1.1630886614173228
11
1.7258666535433071
21
1.1635269291338581
0
LINE
8
BLACK
6
CONTINUOUS
10
1.7258666535433071
20
1.1635269291338581
11
1.7252253543307086
21
1.1644867322834644
0
LINE
8
BLACK
6
CONTINUOUS
10
1.7252253543307086
20
1.1644867322834644
11
1.7250470078740157
21
1.1653832283464567
0
LINE
8
BLACK
6
CONTINUOUS
10
1.7250470078740157
20
1.1653832283464567
11
1.724844842519685
21
1.1658411417322834
0
LINE
8
BLACK
6
CONTINUOUS
10
1.724844842519685
20
1.1658411417322834
11
1.7246893307086615
21
1.1671814173228345
0
LINE
8
BLACK
6
CONTINUOUS
10
1.7246893307086615
20
1.1671814173228345
11
1.7246259842519684
21
1.1675
0
LINE
8
BLACK
6
CONTINUOUS
10
1.7246259842519684
20
1.1675
11
1.7246259842519684
21
1.2224999999999999
0
LINE
8
BLACK
6
CONTINUOUS
10
1.7246259842519684
20
1.2224999999999999
11
1.72468937007874
21
1.2228187007874016
0
LINE
8
BLACK
6
CONTINUOUS
10
1.72468937007874
20
1.2228187007874016
11
1.724844842519685
21
1.2241588188976378
0
LINE
8
BLACK
6
CONTINUOUS
10
1.724844842519685
20
1.2241588188976378
11
1.7250470078740157
21
1.2246166929133857
0
LINE
8
BLACK
6
CONTINUOUS
10
1.7250470078740157
20
1.2246166929133857
11
1.7252253543307086
21
1.2255132677165355
0
LINE
8
BLACK
6
CONTINUOUS
10
1.7252253543307086
20
1.2255132677165355
11
1.7258666929133857
21
1.2264731102362205
0
LINE
8
BLACK
6
CONTINUOUS
10
1.7258666929133857
20
1.2264731102362205
11
1.7260601968503937
21
1.2269112992125983
0
LINE
8
BLACK
6
CONTINUOUS
10
1.7260601968503937
20
1.2269112992125983
11
1.7263594881889763
21
1.227210590551181
0
LINE
8
BLACK
6
CONTINUOUS
10
1.7263594881889763
20
1.227210590551181
11
1.7269322440944881
21
1.2280677559055118
0
LINE
8
BLACK
6
CONTINUOUS
10
1.7269322440944881
20
1.2280677559055118
11
1.7277893700787401
21
1.2286404724409448
0
LINE
8
BLACK
6
CONTINUOUS
10
1.7277893700787401
20
1.2286404724409448
11
1.7280886614173228
21
1.2289397637795276
0
LINE
8
BLACK
6
CONTINUOUS
10
1.7280886614173228
20
1.2289397637795276
11
1.7285267716535433
21
1.2291331889763779
0
LINE
8
BLACK
6
CONTINUOUS
10
1.7285267716535433
20
1.2291331889763779
11
1.7294867322834646
21
1.2297746456692913
0
LINE
8
BLACK
6
CONTINUOUS
10
1.7294867322834646
20
1.2297746456692913
11
1.7303833858267716
21
1.2299529921259842
0
LINE
8
BLACK
6
CONTINUOUS
10
1.7303833858267716
20
1.2299529921259842
11
1.7308411417322833
21
1.2301551181102361
0
LINE
8
BLACK
6
CONTINUOUS
10
1.7308411417322833
20
1.2301551181102361
11
1.7321809448818897
21
1.2303105511811023
0
LINE
8
BLACK
6
CONTINUOUS
10
1.7321809448818897
20
1.2303105511811023
11
1.7324999999999999
21
1.2303740157480314
0
LINE
8
BLACK
6
CONTINUOUS
10
1.7324999999999999
20
1.2303740157480314
11
1.7674999999999998
21
1.2303740157480314
0
LINE
8
BLACK
6
CONTINUOUS
10
1.7674999999999998
20
1.2303740157480314
11
1.7678191732283464
21
1.2303105118110236
0
LINE
8
BLACK
6
CONTINUOUS
10
1.8303191732283464
20
1.2328105118110235
11
1.8316588188976377
21
1.2326551181102361
0
LINE
8
BLACK
6
CONTINUOUS
10
1.8316588188976377
20
1.2326551181102361
11
1.8321164960629921
21
1.2324529921259841
0
LINE
8
BLACK
6
CONTINUOUS
10
1.8321164960629921
20
1.2324529921259841
11
1.8330132677165354
21
1.2322746456692912
0
LINE
8
BLACK
6
CONTINUOUS
10
1.8330132677165354
20
1.2322746456692912
11
1.8339732677165355
21
1.2316331496062991
0
LINE
8
BLACK
6
CONTINUOUS
10
1.8339732677165355
20
1.2316331496062991
11
1.8344112992125985
21
1.2314397637795276
0
LINE
8
BLACK
6
CONTINUOUS
10
1.8344112992125985
20
1.2314397637795276
11
1.8347104724409449
21
1.2311405511811024
0
LINE
8
BLACK
6
CONTINUOUS
10
1.8347104724409449
20
1.2311405511811024
11
1.8355677559055117
21
1.2305677559055117
0
LINE
8
BLACK
6
CONTINUOUS
10
1.8355677559055117
20
1.2305677559055117
11
1.8361405511811024
21
1.2297104724409449
0
LINE
8
BLACK
6
CONTINUOUS
10
1.8361405511811024
20
1.2297104724409449
11
1.8364397637795276
21
1.2294112992125985
0
LINE
8
BLACK
6
CONTINUOUS
10
1.8364397637795276
20
1.2294112992125985
11
1.8366331496062991
21
1.2289732677165355
0
LINE
8
BLACK
6
CONTINUOUS
10
1.8366331496062991
20
1.2289732677165355
11
1.8372746456692912
21
1.2280132677165354
0
LINE
8
BLACK
6
CONTINUOUS
10
1.8372746456692912
20
1.2280132677165354
11
1.8374529921259841
21
1.2271164960629921
0
LINE
8
BLACK
6
CONTINUOUS
10
1.8374529921259841
20
1.2271164960629921
11
1.8376551181102361
21
1.2266588188976377
0
LINE
8
BLACK
6
CONTINUOUS
10
1.8376551181102361
20
1.2266588188976377
11
1.8378105118110235
21
1.2253190944881889
0
LINE
8
BLACK
6
CONTINUOUS
10
1.8378105118110235
20
1.2253190944881889
11
1.8378740157480316
21
1.2249999999999999
0
LINE
8
BLACK
6
CONTINUOUS
10
1.8378740157480316
20
1.2249999999999999
11
1.8378740157480316
21
1.1699999999999999
0
LINE
8
BLACK
6
CONTINUOUS
10
1.8378740157480316
20
1.1699999999999999
11
1.8378105118110235
21
1.1696808661417322
0
LINE
8
BLACK
6
CONTINUOUS
10
1.8378105118110235
20
1.1696808661417322
11
1.8376551181102361
21
1.1683411417322835
0
LINE
8
BLACK
6
CONTINUOUS
10
1.8376551181102361
20
1.1683411417322835
11
1.8374529921259841
21
1.1678833858267716
0
LINE
8
BLACK
6
CONTINUOUS
10
1.8374529921259841
20
1.1678833858267716
11
1.8372746456692912
21
1.1669867322834646
0
LINE
8
BLACK
6
CONTINUOUS
10
1.8372746456692912
20
1.1669867322834646
11
1.8366331889763778
21
1.1660267716535433
0
LINE
8
BLACK
6
CONTINUOUS
10
1.8366331889763778
20
1.1660267716535433
11
1.8364397637795276
21
1.1655886614173228
0
LINE
8
BLACK
6
CONTINUOUS
10
1.8364397637795276
20
1.1655886614173228
11
1.8361404724409449
21
1.1652893700787401
0
LINE
8
BLACK
6
CONTINUOUS
10
1.8361404724409449
20
1.1652893700787401
11
1.8355677559055117
21
1.1644322440944881
0
LINE
8
BLACK
6
CONTINUOUS
10
1.8355677559055117
20
1.1644322440944881
11
1.8347105905511811
21
1.1638594881889763
0
LINE
8
BLACK
6
CONTINUOUS
10
1.8347105905511811
20
1.1638594881889763
11
1.8344112992125985
21
1.1635601968503937
0
LINE
8
BLACK
6
CONTINUOUS
10
1.8344112992125985
20
1.1635601968503937
11
1.8339731102362204
21
1.1633666929133859
0
LINE
8
BLACK
6
CONTINUOUS
10
1.8339731102362204
20
1.1633666929133859
11
1.8330132677165354
21
1.1627253543307086
0
LINE
8
BLACK
6
CONTINUOUS
10
1.8330132677165354
20
1.1627253543307086
11
1.8321166929133859
21
1.1625470078740157
0
LINE
8
BLACK
6
CONTINUOUS
10
1.8321166929133859
20
1.1625470078740157
11
1.8316588188976377
21
1.162344842519685
0
LINE
8
BLACK
6
CONTINUOUS
10
1.8316588188976377
20
1.162344842519685
11
1.830318622047244
21
1.1621893307086615
0
LINE
8
BLACK
6
CONTINUOUS
10
1.830318622047244
20
1.1621893307086615
11
1.8299999999999998
21
1.1621259842519684
0
LINE
8
BLACK
6
CONTINUOUS
10
1.8299999999999998
20
1.1621259842519684
11
1.8297723228346456
21
1.1621259842519684
0
LINE
8
BLACK
6
CONTINUOUS
10
1.8297723228346456
20
1.1621259842519684
11
1.7952277165354331
21
1.1621259842519684
0
LINE
8
BLACK
6
CONTINUOUS
10
1.7952277165354331
20
1.1621259842519684
11
1.7949999999999999
21
1.1621259842519684
0
LINE
8
BLACK
6
CONTINUOUS
10
1.7949999999999999
20
1.1621259842519684
11
1.7946813385826772
21
1.1621893307086615
0
LINE
8
BLACK
6
CONTINUOUS
10
1.7946813385826772
20
1.1621893307086615
11
1.7933411417322833
21
1.162344842519685
0
LINE
8
BLACK
6
CONTINUOUS
10
1.7933411417322833
20
1.162344842519685
11
1.7928832283464566
21
1.1625470078740157
0
LINE
8
BLACK
6
CONTINUOUS
10
1.7928832283464566
20
1.1625470078740157
11
1.7919867322834646
21
1.1627253543307086
0
LINE
8
BLACK
6
CONTINUOUS
10
1.7919867322834646
20
1.1627253543307086
11
1.7910269291338583
21
1.1633666535433071
0
LINE
8
BLACK
6
CONTINUOUS
10
1.7910269291338583
20
1.1633666535433071
11
1.7905886614173228
21
1.1635601968503937
0
LINE
8
BLACK
6
CONTINUOUS
10
1.7905886614173228
20
1.1635601968503937
11
1.7902892519685039
21
1.1638595669291338
0
LINE
8
BLACK
6
CONTINUOUS
10
1.7902892519685039
20
1.1638595669291338
11
1.7894322440944881
21
1.1644322440944881
0
LINE
8
BLACK
6
CONTINUOUS
10
1.7894322440944881
20
1.1644322440944881
11
1.7888595669291338
21
1.1652892519685039
0
LINE
8
BLACK
6
CONTINUOUS
10
1.7888595669291338
20
1.1652892519685039
11
1.7885601968503937
21
1.1655886614173228
0
LINE
8
BLACK
6
CONTINUOUS
10
1.7885601968503937
20
1.1655886614173228
11
1.7883666535433071
21
1.1660269291338583
0
LINE
8
BLACK
6
CONTINUOUS
10
1.7883666535433071
20
1.1660269291338583
11
1.7877253543307086
21
1.1669867322834646
0
LINE
8
BLACK
6
CONTINUOUS
10
1.7877253543307086
20
1.1669867322834646
11
1.7875470078740157
21
1.1678832283464566
0
LINE
8
BLACK
6
CONTINUOUS
10
1.7875470078740157
20
1.1678832283464566
11
1.787344842519685
21
1.1683411417322835
0
LINE
8
BLACK
6
CONTINUOUS
10
1.787344842519685
20
1.1683411417322835
11
1.7871893307086615
21
1.1696814173228347
0
LINE
8
BLACK
6
CONTINUOUS
10
1.7871893307086615
20
1.1696814173228347
11
1.7871259842519684
21
1.1699999999999999
0
LINE
8
BLACK
6
CONTINUOUS
10
1.7871259842519684
20
1.1699999999999999
11
1.7871259842519684
21
1.2249999999999999
0
LINE
8
BLACK
6
CONTINUOUS
10
1.7871259842519684
20
1.2249999999999999
11
1.78718937007874
21
1.2253187007874016
0
LINE
8
BLACK
6
CONTINUOUS
10
1.78718937007874
20
1.2253187007874016
11
1.787344842519685
21
1.2266588188976377
0
LINE
8
BLACK
6
CONTINUOUS
10
1.787344842519685
20
1.2266588188976377
11
1.7875470078740157
21
1.2271166929133859
0
LINE
8
BLACK
6
CONTINUOUS
10
1.7875470078740157
20
1.2271166929133859
11
1.7877253543307086
21
1.2280132677165354
0
LINE
8
BLACK
6
CONTINUOUS
10
1.7877253543307086
20
1.2280132677165354
11
1.7883666929133857
21
1.2289731102362205
0
LINE
8
BLACK
6
CONTINUOUS
10
1.7883666929133857
20
1.2289731102362205
11
1.7885601968503937
21
1.2294112992125985
0
LINE
8
BLACK
6
CONTINUOUS
10
1.7885601968503937
20
1.2294112992125985
11
1.7888594881889763
21
1.2297105905511811
0
LINE
8
BLACK
6
CONTINUOUS
10
1.7888594881889763
20
1.2297105905511811
11
1.7894322440944881
21
1.2305677559055117
0
LINE
8
BLACK
6
CONTINUOUS
10
1.7894322440944881
20
1.2305677559055117
11
1.7902893700787401
21
1.2311404724409449
0
LINE
8
BLACK
6
CONTINUOUS
10
1.7902893700787401
20
1.2311404724409449
11
1.7905886614173228
21
1.2314397637795276
0
LINE
8
BLACK
6
CONTINUOUS
10
1.7905886614173228
20
1.2314397637795276
11
1.7910267716535433
21
1.2316331889763779
0
LINE
8
BLACK
6
CONTINUOUS
10
1.7910267716535433
20
1.2316331889763779
11
1.7919867322834646
21
1.2322746456692912
0
LINE
8
BLACK
6
CONTINUOUS
10
1.7919867322834646
20
1.2322746456692912
11
1.7928833858267716
21
1.2324529921259841
0
LINE
8
BLACK
6
CONTINUOUS
10
1.7928833858267716
20
1.2324529921259841
11
1.7933411417322833
21
1.2326551181102361
0
LINE
8
BLACK
6
CONTINUOUS
10
1.7933411417322833
20
1.2326551181102361
11
1.7946809448818897
21
1.2328105511811023
0
LINE
8
BLACK
6
CONTINUOUS
10
1.7946809448818897
20
1.2328105511811023
11
1.7949999999999999
21
1.2328740157480316
0
LINE
8
BLACK
6
CONTINUOUS
10
1.7949999999999999
20
1.2328740157480316
11
1.8299999999999998
21
1.2328740157480316
0
LINE
8
BLACK
6
CONTINUOUS
10
1.8299999999999998
20
1.2328740157480316
11
1.8303191732283464
21
1.2328105118110235
0
LINE
8
BLACK
6
CONTINUOUS
10
1.9053191732283463
20
1.2328105118110235
11
1.9066588188976377
21
1.2326551181102361
0
LINE
8
BLACK
6
CONTINUOUS
10
1.9066588188976377
20
1.2326551181102361
11
1.9071164960629921
21
1.2324529921259841
0
LINE
8
BLACK
6
CONTINUOUS
10
1.9071164960629921
20
1.2324529921259841
11
1.9080132677165353
21
1.2322746456692912
0
LINE
8
BLACK
6
CONTINUOUS
10
1.9080132677165353
20
1.2322746456692912
11
1.9089732677165354
21
1.2316331496062991
0
LINE
8
BLACK
6
CONTINUOUS
10
1.9089732677165354
20
1.2316331496062991
11
1.9094112992125984
21
1.2314397637795276
0
LINE
8
BLACK
6
CONTINUOUS
10
1.9094112992125984
20
1.2314397637795276
11
1.9097104724409448
21
1.2311405511811024
0
LINE
8
BLACK
6
CONTINUOUS
10
1.9097104724409448
20
1.2311405511811024
11
1.9105677559055119
21
1.2305677559055117
0
LINE
8
BLACK
6
CONTINUOUS
10
1.9105677559055119
20
1.2305677559055117
11
1.9111405511811024
21
1.2297104724409449
0
LINE
8
BLACK
6
CONTINUOUS
10
1.9111405511811024
20
1.2297104724409449
11
1.9114397637795275
21
1.2294112992125985
0
LINE
8
BLACK
6
CONTINUOUS
10
1.9114397637795275
20
1.2294112992125985
11
1.9116331496062993
21
1.2289732677165355
0
LINE
8
BLACK
6
CONTINUOUS
10
1.9116331496062993
20
1.2289732677165355
11
1.9122746456692914
21
1.2280132677165354
0
LINE
8
BLACK
6
CONTINUOUS
10
1.9122746456692914
20
1.2280132677165354
11
1.9124529921259843
21
1.2271164960629921
0
LINE
8
BLACK
6
CONTINUOUS
10
1.9124529921259843
20
1.2271164960629921
11
1.9126551181102363
21
1.2266588188976377
0
LINE
8
BLACK
6
CONTINUOUS
10
1.9126551181102363
20
1.2266588188976377
11
1.9128105118110237
21
1.2253190944881889
0
LINE
8
BLACK
6
CONTINUOUS
10
1.9128105118110237
20
1.2253190944881889
11
1.9128740157480315
21
1.2249999999999999
0
LINE
8
BLACK
6
CONTINUOUS
10
1.9128740157480315
20
1.2249999999999999
11
1.9128740157480315
21
1.1699999999999999
0
LINE
8
BLACK
6
CONTINUOUS
10
1.9128740157480315
20
1.1699999999999999
11
1.9128105118110237
21
1.1696808661417322
0
LINE
8
BLACK
6
CONTINUOUS
10
1.9128105118110237
20
1.1696808661417322
11
1.9126551181102363
21
1.1683411417322835
0
LINE
8
BLACK
6
CONTINUOUS
10
1.9126551181102363
20
1.1683411417322835
11
1.9124529921259843
21
1.1678833858267716
0
LINE
8
BLACK
6
CONTINUOUS
10
1.9124529921259843
20
1.1678833858267716
11
1.9122746456692914
21
1.1669867322834646
0
LINE
8
BLACK
6
CONTINUOUS
10
1.9122746456692914
20
1.1669867322834646
11
1.911633188976378
21
1.1660267716535433
0
LINE
8
BLACK
6
CONTINUOUS
10
1.911633188976378
20
1.1660267716535433
11
1.9114397637795275
21
1.1655886614173228
0
LINE
8
BLACK
6
CONTINUOUS
10
1.9114397637795275
20
1.1655886614173228
11
1.9111404724409449
21
1.1652893700787401
0
LINE
8
BLACK
6
CONTINUOUS
10
1.9111404724409449
20
1.1652893700787401
11
1.9105677559055119
21
1.1644322440944881
0
LINE
8
BLACK
6
CONTINUOUS
10
1.9105677559055119
20
1.1644322440944881
11
1.9097105905511811
21
1.1638594881889763
0
LINE
8
BLACK
6
CONTINUOUS
10
1.9097105905511811
20
1.1638594881889763
11
1.9094112992125984
21
1.1635601968503937
0
LINE
8
BLACK
6
CONTINUOUS
10
1.9094112992125984
20
1.1635601968503937
11
1.9089731102362204
21
1.1633666929133859
0
LINE
8
BLACK
6
CONTINUOUS
10
1.9089731102362204
20
1.1633666929133859
11
1.9080132677165353
21
1.1627253543307086
0
LINE
8
BLACK
6
CONTINUOUS
10
1.9080132677165353
20
1.1627253543307086
11
1.9071166929133858
21
1.1625470078740157
0
LINE
8
BLACK
6
CONTINUOUS
10
1.9071166929133858
20
1.1625470078740157
11
1.9066588188976377
21
1.162344842519685
0
LINE
8
BLACK
6
CONTINUOUS
10
1.9066588188976377
20
1.162344842519685
11
1.905318622047244
21
1.1621893307086615
0
LINE
8
BLACK
6
CONTINUOUS
10
1.905318622047244
20
1.1621893307086615
11
1.905
21
1.1621259842519684
0
LINE
8
BLACK
6
CONTINUOUS
10
1.905
20
1.1621259842519684
11
1.9047723228346456
21
1.1621259842519684
0
LINE
8
BLACK
6
CONTINUOUS
10
1.9047723228346456
20
1.1621259842519684
11
1.8702277165354331
21
1.1621259842519684
0
LINE
8
BLACK
6
CONTINUOUS
10
1.8702277165354331
20
1.1621259842519684
11
1.8699999999999999
21
1.1621259842519684
0
LINE
8
BLACK
6
CONTINUOUS
10
1.8699999999999999
20
1.1621259842519684
11
1.8696813385826772
21
1.1621893307086615
0
LINE
8
BLACK
6
CONTINUOUS
10
1.8696813385826772
20
1.1621893307086615
11
1.8683411417322835
21
1.162344842519685
0
LINE
8
BLACK
6
CONTINUOUS
10
1.8683411417322835
20
1.162344842519685
11
1.8678832283464566
21
1.1625470078740157
0
LINE
8
BLACK
6
CONTINUOUS
10
1.8678832283464566
20
1.1625470078740157
11
1.8669867322834646
21
1.1627253543307086
0
LINE
8
BLACK
6
CONTINUOUS
10
1.8669867322834646
20
1.1627253543307086
11
1.8660269291338583
21
1.1633666535433071
0
LINE
8
BLACK
6
CONTINUOUS
10
1.8660269291338583
20
1.1633666535433071
11
1.8655886614173227
21
1.1635601968503937
0
LINE
8
BLACK
6
CONTINUOUS
10
1.8655886614173227
20
1.1635601968503937
11
1.8652892519685038
21
1.1638595669291338
0
LINE
8
BLACK
6
CONTINUOUS
10
1.8652892519685038
20
1.1638595669291338
11
1.864432244094488
21
1.1644322440944881
0
LINE
8
BLACK
6
CONTINUOUS
10
1.864432244094488
20
1.1644322440944881
11
1.8638595669291338
21
1.1652892519685039
0
LINE
8
BLACK
6
CONTINUOUS
10
1.8638595669291338
20
1.1652892519685039
11
1.8635601968503936
21
1.1655886614173228
0
LINE
8
BLACK
6
CONTINUOUS
10
1.8635601968503936
20
1.1655886614173228
11
1.8633666535433071
21
1.1660269291338583
0
LINE
8
BLACK
6
CONTINUOUS
10
1.8633666535433071
20
1.1660269291338583
11
1.8627253543307085
21
1.1669867322834646
0
LINE
8
BLACK
6
CONTINUOUS
10
1.8627253543307085
20
1.1669867322834646
11
1.8625470078740156
21
1.1678832283464566
0
LINE
8
BLACK
6
CONTINUOUS
10
1.8625470078740156
20
1.1678832283464566
11
1.8623448425196849
21
1.1683411417322835
0
LINE
8
BLACK
6
CONTINUOUS
10
1.8623448425196849
20
1.1683411417322835
11
1.8621893307086614
21
1.1696814173228347
0
LINE
8
BLACK
6
CONTINUOUS
10
1.8621893307086614
20
1.1696814173228347
11
1.8621259842519684
21
1.1699999999999999
0
LINE
8
BLACK
6
CONTINUOUS
10
1.8621259842519684
20
1.1699999999999999
11
1.8621259842519684
21
1.2249999999999999
0
LINE
8
BLACK
6
CONTINUOUS
10
1.8621259842519684
20
1.2249999999999999
11
1.8621893700787402
21
1.2253187007874016
0
LINE
8
BLACK
6
CONTINUOUS
10
1.8621893700787402
20
1.2253187007874016
11
1.8623448425196849
21
1.2266588188976377
0
LINE
8
BLACK
6
CONTINUOUS
10
1.8623448425196849
20
1.2266588188976377
11
1.8625470078740156
21
1.2271166929133859
0
LINE
8
BLACK
6
CONTINUOUS
10
1.8625470078740156
20
1.2271166929133859
11
1.8627253543307085
21
1.2280132677165354
0
LINE
8
BLACK
6
CONTINUOUS
10
1.8627253543307085
20
1.2280132677165354
11
1.8633666929133859
21
1.2289731102362205
0
LINE
8
BLACK
6
CONTINUOUS
10
1.8633666929133859
20
1.2289731102362205
11
1.8635601968503936
21
1.2294112992125985
0
LINE
8
BLACK
6
CONTINUOUS
10
1.8635601968503936
20
1.2294112992125985
11
1.8638594881889763
21
1.2297105905511811
0
LINE
8
BLACK
6
CONTINUOUS
10
1.8638594881889763
20
1.2297105905511811
11
1.864432244094488
21
1.2305677559055117
0
LINE
8
BLACK
6
CONTINUOUS
10
1.864432244094488
20
1.2305677559055117
11
1.8652893700787401
21
1.2311404724409449
0
LINE
8
BLACK
6
CONTINUOUS
10
1.8652893700787401
20
1.2311404724409449
11
1.8655886614173227
21
1.2314397637795276
0
LINE
8
BLACK
6
CONTINUOUS
10
1.8655886614173227
20
1.2314397637795276
11
1.8660267716535432
21
1.2316331889763779
0
LINE
8
BLACK
6
CONTINUOUS
10
1.8660267716535432
20
1.2316331889763779
11
1.8669867322834646
21
1.2322746456692912
0
LINE
8
BLACK
6
CONTINUOUS
10
1.8669867322834646
20
1.2322746456692912
11
1.8678833858267716
21
1.2324529921259841
0
LINE
8
BLACK
6
CONTINUOUS
10
1.8678833858267716
20
1.2324529921259841
11
1.8683411417322835
21
1.2326551181102361
0
LINE
8
BLACK
6
CONTINUOUS
10
1.8683411417322835
20
1.2326551181102361
11
1.8696809448818896
21
1.2328105511811023
0
LINE
8
BLACK
6
CONTINUOUS
10
1.8696809448818896
20
1.2328105511811023
11
1.8699999999999999
21
1.2328740157480316
0
LINE
8
BLACK
6
CONTINUOUS
10
1.8699999999999999
20
1.2328740157480316
11
1.905
21
1.2328740157480316
0
LINE
8
BLACK
6
CONTINUOUS
10
1.905
20
1.2328740157480316
11
1.9053191732283463
21
1.2328105118110235
0
LINE
8
BLACK
6
CONTINUOUS
10
1.2378191732283463
20
1.2153105118110237
11
1.2391588188976377
21
1.2151551181102362
0
LINE
8
BLACK
6
CONTINUOUS
10
1.2391588188976377
20
1.2151551181102362
11
1.2396164960629921
21
1.2149529921259843
0
LINE
8
BLACK
6
CONTINUOUS
10
1.2396164960629921
20
1.2149529921259843
11
1.2405132677165354
21
1.2147746456692914
0
LINE
8
BLACK
6
CONTINUOUS
10
1.2405132677165354
20
1.2147746456692914
11
1.2414732677165354
21
1.2141331496062993
0
LINE
8
BLACK
6
CONTINUOUS
10
1.2414732677165354
20
1.2141331496062993
11
1.2419112992125985
21
1.2139397637795275
0
LINE
8
BLACK
6
CONTINUOUS
10
1.2419112992125985
20
1.2139397637795275
11
1.2422104724409448
21
1.2136405511811024
0
LINE
8
BLACK
6
CONTINUOUS
10
1.2422104724409448
20
1.2136405511811024
11
1.2430677559055119
21
1.2130677559055119
0
LINE
8
BLACK
6
CONTINUOUS
10
1.2430677559055119
20
1.2130677559055119
11
1.2436405511811024
21
1.2122104724409448
0
LINE
8
BLACK
6
CONTINUOUS
10
1.2436405511811024
20
1.2122104724409448
11
1.2439397637795275
21
1.2119112992125984
0
LINE
8
BLACK
6
CONTINUOUS
10
1.2439397637795275
20
1.2119112992125984
11
1.2441331496062993
21
1.2114732677165354
0
LINE
8
BLACK
6
CONTINUOUS
10
1.2441331496062993
20
1.2114732677165354
11
1.2447746456692914
21
1.2105132677165353
0
LINE
8
BLACK
6
CONTINUOUS
10
1.2447746456692914
20
1.2105132677165353
11
1.2449529921259843
21
1.209616496062992
0
LINE
8
BLACK
6
CONTINUOUS
10
1.2449529921259843
20
1.209616496062992
11
1.2451551181102363
21
1.2091588188976379
0
LINE
8
BLACK
6
CONTINUOUS
10
1.2451551181102363
20
1.2091588188976379
11
1.2453105118110237
21
1.207819094488189
0
LINE
8
BLACK
6
CONTINUOUS
10
1.2453105118110237
20
1.207819094488189
11
1.2453740157480315
21
1.2075
0
LINE
8
BLACK
6
CONTINUOUS
10
1.2453740157480315
20
1.2075
11
1.2453740157480315
21
1.1724999999999999
0
LINE
8
BLACK
6
CONTINUOUS
10
1.2453740157480315
20
1.1724999999999999
11
1.2453105118110237
21
1.1721808661417323
0
LINE
8
BLACK
6
CONTINUOUS
10
1.2453105118110237
20
1.1721808661417323
11
1.2451551181102363
21
1.1708411417322835
0
LINE
8
BLACK
6
CONTINUOUS
10
1.2451551181102363
20
1.1708411417322835
11
1.2449529921259843
21
1.1703833858267716
0
LINE
8
BLACK
6
CONTINUOUS
10
1.2449529921259843
20
1.1703833858267716
11
1.2447746456692914
21
1.1694867322834646
0
LINE
8
BLACK
6
CONTINUOUS
10
1.2447746456692914
20
1.1694867322834646
11
1.244133188976378
21
1.1685267716535432
0
LINE
8
BLACK
6
CONTINUOUS
10
1.244133188976378
20
1.1685267716535432
11
1.2439397637795275
21
1.1680886614173227
0
LINE
8
BLACK
6
CONTINUOUS
10
1.2439397637795275
20
1.1680886614173227
11
1.2436404724409449
21
1.1677893700787401
0
LINE
8
BLACK
6
CONTINUOUS
10
1.2436404724409449
20
1.1677893700787401
11
1.2430677559055119
21
1.1669322440944883
0
LINE
8
BLACK
6
CONTINUOUS
10
1.2430677559055119
20
1.1669322440944883
11
1.2422105905511811
21
1.1663594881889763
0
LINE
8
BLACK
6
CONTINUOUS
10
1.2422105905511811
20
1.1663594881889763
11
1.2419112992125985
21
1.1660601968503936
0
LINE
8
BLACK
6
CONTINUOUS
10
1.2419112992125985
20
1.1660601968503936
11
1.2414731102362204
21
1.1658666929133858
0
LINE
8
BLACK
6
CONTINUOUS
10
1.2414731102362204
20
1.1658666929133858
11
1.2405132677165354
21
1.1652253543307087
0
LINE
8
BLACK
6
CONTINUOUS
10
1.2405132677165354
20
1.1652253543307087
11
1.2396166929133858
21
1.1650470078740158
0
LINE
8
BLACK
6
CONTINUOUS
10
1.2396166929133858
20
1.1650470078740158
11
1.2391588188976377
21
1.1648448425196851
0
LINE
8
BLACK
6
CONTINUOUS
10
1.2391588188976377
20
1.1648448425196851
11
1.237818622047244
21
1.1646893307086614
0
LINE
8
BLACK
6
CONTINUOUS
10
1.237818622047244
20
1.1646893307086614
11
1.2375
21
1.1646259842519684
0
LINE
8
BLACK
6
CONTINUOUS
10
1.2375
20
1.1646259842519684
11
1.2372723228346456
21
1.1646259842519684
0
LINE
8
BLACK
6
CONTINUOUS
10
1.2372723228346456
20
1.1646259842519684
11
1.1827277165354331
21
1.1646259842519684
0
LINE
8
BLACK
6
CONTINUOUS
10
1.1827277165354331
20
1.1646259842519684
11
1.1824999999999999
21
1.1646259842519684
0
LINE
8
BLACK
6
CONTINUOUS
10
1.1824999999999999
20
1.1646259842519684
11
1.1821813385826772
21
1.1646893307086614
0
LINE
8
BLACK
6
CONTINUOUS
10
1.1821813385826772
20
1.1646893307086614
11
1.1808411417322835
21
1.1648448425196851
0
LINE
8
BLACK
6
CONTINUOUS
10
1.1808411417322835
20
1.1648448425196851
11
1.1803832283464566
21
1.1650470078740158
0
LINE
8
BLACK
6
CONTINUOUS
10
1.1803832283464566
20
1.1650470078740158
11
1.1794867322834646
21
1.1652253543307087
0
LINE
8
BLACK
6
CONTINUOUS
10
1.1794867322834646
20
1.1652253543307087
11
1.1785269291338583
21
1.1658666535433071
0
LINE
8
BLACK
6
CONTINUOUS
10
1.1785269291338583
20
1.1658666535433071
11
1.1780886614173227
21
1.1660601968503936
0
LINE
8
BLACK
6
CONTINUOUS
10
1.1780886614173227
20
1.1660601968503936
11
1.1777892519685038
21
1.1663595669291338
0
LINE
8
BLACK
6
CONTINUOUS
10
1.1777892519685038
20
1.1663595669291338
11
1.1769322440944883
21
1.1669322440944883
0
LINE
8
BLACK
6
CONTINUOUS
10
1.1769322440944883
20
1.1669322440944883
11
1.1763595669291338
21
1.1677892519685038
0
LINE
8
BLACK
6
CONTINUOUS
10
1.1763595669291338
20
1.1677892519685038
11
1.1760601968503936
21
1.1680886614173227
0
LINE
8
BLACK
6
CONTINUOUS
10
1.1760601968503936
20
1.1680886614173227
11
1.1758666535433071
21
1.1685269291338582
0
LINE
8
BLACK
6
CONTINUOUS
10
1.1758666535433071
20
1.1685269291338582
11
1.1752253543307087
21
1.1694867322834646
0
LINE
8
BLACK
6
CONTINUOUS
10
1.1752253543307087
20
1.1694867322834646
11
1.1750470078740156
21
1.1703832283464566
0
LINE
8
BLACK
6
CONTINUOUS
10
1.1750470078740156
20
1.1703832283464566
11
1.1748448425196849
21
1.1708411417322835
0
LINE
8
BLACK
6
CONTINUOUS
10
1.1748448425196849
20
1.1708411417322835
11
1.1746893307086614
21
1.1721814173228347
0
LINE
8
BLACK
6
CONTINUOUS
10
1.1746893307086614
20
1.1721814173228347
11
1.1746259842519684
21
1.1724999999999999
0
LINE
8
BLACK
6
CONTINUOUS
10
1.1746259842519684
20
1.1724999999999999
11
1.1746259842519684
21
1.2075
0
LINE
8
BLACK
6
CONTINUOUS
10
1.1746259842519684
20
1.2075
11
1.1746893700787402
21
1.2078187007874015
0
LINE
8
BLACK
6
CONTINUOUS
10
1.1746893700787402
20
1.2078187007874015
11
1.1748448425196849
21
1.2091588188976379
0
LINE
8
BLACK
6
CONTINUOUS
10
1.1748448425196849
20
1.2091588188976379
11
1.1750470078740156
21
1.2096166929133858
0
LINE
8
BLACK
6
CONTINUOUS
10
1.1750470078740156
20
1.2096166929133858
11
1.1752253543307087
21
1.2105132677165353
0
LINE
8
BLACK
6
CONTINUOUS
10
1.1752253543307087
20
1.2105132677165353
11
1.1758666929133859
21
1.2114731102362204
0
LINE
8
BLACK
6
CONTINUOUS
10
1.1758666929133859
20
1.2114731102362204
11
1.1760601968503936
21
1.2119112992125984
0
LINE
8
BLACK
6
CONTINUOUS
10
1.1760601968503936
20
1.2119112992125984
11
1.1763594881889763
21
1.2122105905511811
0
LINE
8
BLACK
6
CONTINUOUS
10
1.1763594881889763
20
1.2122105905511811
11
1.1769322440944883
21
1.2130677559055119
0
LINE
8
BLACK
6
CONTINUOUS
10
1.1769322440944883
20
1.2130677559055119
11
1.1777893700787401
21
1.2136404724409449
0
LINE
8
BLACK
6
CONTINUOUS
10
1.1777893700787401
20
1.2136404724409449
11
1.1780886614173227
21
1.2139397637795275
0
LINE
8
BLACK
6
CONTINUOUS
10
1.1780886614173227
20
1.2139397637795275
11
1.1785267716535432
21
1.214133188976378
0
LINE
8
BLACK
6
CONTINUOUS
10
1.1785267716535432
20
1.214133188976378
11
1.1794867322834646
21
1.2147746456692914
0
LINE
8
BLACK
6
CONTINUOUS
10
1.1794867322834646
20
1.2147746456692914
11
1.1803833858267716
21
1.2149529921259843
0
LINE
8
BLACK
6
CONTINUOUS
10
1.1803833858267716
20
1.2149529921259843
11
1.1808411417322835
21
1.2151551181102362
0
LINE
8
BLACK
6
CONTINUOUS
10
1.1808411417322835
20
1.2151551181102362
11
1.1821809448818896
21
1.2153105511811024
0
LINE
8
BLACK
6
CONTINUOUS
10
1.1821809448818896
20
1.2153105511811024
11
1.1824999999999999
21
1.2153740157480315
0
LINE
8
BLACK
6
CONTINUOUS
10
1.1824999999999999
20
1.2153740157480315
11
1.2375
21
1.2153740157480315
0
LINE
8
BLACK
6
CONTINUOUS
10
1.2375
20
1.2153740157480315
11
1.2378191732283463
21
1.2153105118110237
0
LINE
8
BLACK
6
CONTINUOUS
10
1.3378191732283464
20
1.2153105118110237
11
1.3391588188976378
21
1.2151551181102362
0
LINE
8
BLACK
6
CONTINUOUS
10
1.3391588188976378
20
1.2151551181102362
11
1.3396164960629922
21
1.2149529921259843
0
LINE
8
BLACK
6
CONTINUOUS
10
1.3396164960629922
20
1.2149529921259843
11
1.3405132677165355
21
1.2147746456692914
0
LINE
8
BLACK
6
CONTINUOUS
10
1.3405132677165355
20
1.2147746456692914
11
1.3414732677165353
21
1.2141331496062993
0
LINE
8
BLACK
6
CONTINUOUS
10
1.3414732677165353
20
1.2141331496062993
11
1.3419112992125983
21
1.2139397637795275
0
LINE
8
BLACK
6
CONTINUOUS
10
1.3419112992125983
20
1.2139397637795275
11
1.3422104724409449
21
1.2136405511811024
0
LINE
8
BLACK
6
CONTINUOUS
10
1.3422104724409449
20
1.2136405511811024
11
1.3430677559055118
21
1.2130677559055119
0
LINE
8
BLACK
6
CONTINUOUS
10
1.3430677559055118
20
1.2130677559055119
11
1.3436405511811023
21
1.2122104724409448
0
LINE
8
BLACK
6
CONTINUOUS
10
1.3436405511811023
20
1.2122104724409448
11
1.3439397637795276
21
1.2119112992125984
0
LINE
8
BLACK
6
CONTINUOUS
10
1.3439397637795276
20
1.2119112992125984
11
1.3441331496062991
21
1.2114732677165354
0
LINE
8
BLACK
6
CONTINUOUS
10
1.3441331496062991
20
1.2114732677165354
11
1.3447746456692913
21
1.2105132677165353
0
LINE
8
BLACK
6
CONTINUOUS
10
1.3447746456692913
20
1.2105132677165353
11
1.3449529921259842
21
1.209616496062992
0
LINE
8
BLACK
6
CONTINUOUS
10
1.3449529921259842
20
1.209616496062992
11
1.3451551181102361
21
1.2091588188976379
0
LINE
8
BLACK
6
CONTINUOUS
10
1.3451551181102361
20
1.2091588188976379
11
1.3453105118110236
21
1.207819094488189
0
LINE
8
BLACK
6
CONTINUOUS
10
1.3453105118110236
20
1.207819094488189
11
1.3453740157480314
21
1.2075
0
LINE
8
BLACK
6
CONTINUOUS
10
1.3453740157480314
20
1.2075
11
1.3453740157480314
21
1.1724999999999999
0
LINE
8
BLACK
6
CONTINUOUS
10
1.3453740157480314
20
1.1724999999999999
11
1.3453105118110236
21
1.1721808661417323
0
LINE
8
BLACK
6
CONTINUOUS
10
1.3453105118110236
20
1.1721808661417323
11
1.3451551181102361
21
1.1708411417322835
0
LINE
8
BLACK
6
CONTINUOUS
10
1.3451551181102361
20
1.1708411417322835
11
1.3449529921259842
21
1.1703833858267716
0
LINE
8
BLACK
6
CONTINUOUS
10
1.3449529921259842
20
1.1703833858267716
11
1.3447746456692913
21
1.1694867322834646
0
LINE
8
BLACK
6
CONTINUOUS
10
1.3447746456692913
20
1.1694867322834646
11
1.3441331889763779
21
1.1685267716535432
0
LINE
8
BLACK
6
CONTINUOUS
10
1.3441331889763779
20
1.1685267716535432
11
1.3439397637795276
21
1.1680886614173227
0
LINE
8
BLACK
6
CONTINUOUS
10
1.3439397637795276
20
1.1680886614173227
11
1.3436404724409448
21
1.1677893700787401
0
LINE
8
BLACK
6
CONTINUOUS
10
1.3436404724409448
20
1.1677893700787401
11
1.3430677559055118
21
1.1669322440944883
0
LINE
8
BLACK
6
CONTINUOUS
10
1.3430677559055118
20
1.1669322440944883
11
1.342210590551181
21
1.1663594881889763
0
LINE
8
BLACK
6
CONTINUOUS
10
1.342210590551181
20
1.1663594881889763
11
1.3419112992125983
21
1.1660601968503936
0
LINE
8
BLACK
6
CONTINUOUS
10
1.3419112992125983
20
1.1660601968503936
11
1.3414731102362205
21
1.1658666929133858
0
LINE
8
BLACK
6
CONTINUOUS
10
1.3414731102362205
20
1.1658666929133858
11
1.3405132677165355
21
1.1652253543307087
0
LINE
8
BLACK
6
CONTINUOUS
10
1.3405132677165355
20
1.1652253543307087
11
1.3396166929133857
21
1.1650470078740158
0
LINE
8
BLACK
6
CONTINUOUS
10
1.3396166929133857
20
1.1650470078740158
11
1.3391588188976378
21
1.1648448425196851
0
LINE
8
BLACK
6
CONTINUOUS
10
1.3391588188976378
20
1.1648448425196851
11
1.3378186220472441
21
1.1646893307086614
0
LINE
8
BLACK
6
CONTINUOUS
10
1.3378186220472441
20
1.1646893307086614
11
1.3374999999999999
21
1.1646259842519684
0
LINE
8
BLACK
6
CONTINUOUS
10
1.3374999999999999
20
1.1646259842519684
11
1.3372723228346457
21
1.1646259842519684
0
LINE
8
BLACK
6
CONTINUOUS
10
1.3372723228346457
20
1.1646259842519684
11
1.2827277165354329
21
1.1646259842519684
0
LINE
8
BLACK
6
CONTINUOUS
10
1.2827277165354329
20
1.1646259842519684
11
1.2825
21
1.1646259842519684
0
LINE
8
BLACK
6
CONTINUOUS
10
1.2825
20
1.1646259842519684
11
1.2821813385826772
21
1.1646893307086614
0
LINE
8
BLACK
6
CONTINUOUS
10
1.2821813385826772
20
1.1646893307086614
11
1.2808411417322834
21
1.1648448425196851
0
LINE
8
BLACK
6
CONTINUOUS
10
1.2808411417322834
20
1.1648448425196851
11
1.2803832283464567
21
1.1650470078740158
0
LINE
8
BLACK
6
CONTINUOUS
10
1.2803832283464567
20
1.1650470078740158
11
1.2794867322834644
21
1.1652253543307087
0
LINE
8
BLACK
6
CONTINUOUS
10
1.2794867322834644
20
1.1652253543307087
11
1.2785269291338583
21
1.1658666535433071
0
LINE
8
BLACK
6
CONTINUOUS
10
1.2785269291338583
20
1.1658666535433071
11
1.2780886614173228
21
1.1660601968503936
0
LINE
8
BLACK
6
CONTINUOUS
10
1.2780886614173228
20
1.1660601968503936
11
1.2777892519685039
21
1.1663595669291338
0
LINE
8
BLACK
6
CONTINUOUS
10
1.2777892519685039
20
1.1663595669291338
11
1.2769322440944881
21
1.1669322440944883
0
LINE
8
BLACK
6
CONTINUOUS
10
1.2769322440944881
20
1.1669322440944883
11
1.2763595669291339
21
1.1677892519685038
0
LINE
8
BLACK
6
CONTINUOUS
10
1.2763595669291339
20
1.1677892519685038
11
1.2760601968503937
21
1.1680886614173227
0
LINE
8
BLACK
6
CONTINUOUS
10
1.2760601968503937
20
1.1680886614173227
11
1.275866653543307
21
1.1685269291338582
0
LINE
8
BLACK
6
CONTINUOUS
10
1.275866653543307
20
1.1685269291338582
11
1.2752253543307086
21
1.1694867322834646
0
LINE
8
BLACK
6
CONTINUOUS
10
1.2752253543307086
20
1.1694867322834646
11
1.2750470078740157
21
1.1703832283464566
0
LINE
8
BLACK
6
CONTINUOUS
10
1.2750470078740157
20
1.1703832283464566
11
1.274844842519685
21
1.1708411417322835
0
LINE
8
BLACK
6
CONTINUOUS
10
1.274844842519685
20
1.1708411417322835
11
1.2746893307086613
21
1.1721814173228347
0
LINE
8
BLACK
6
CONTINUOUS
10
1.2746893307086613
20
1.1721814173228347
11
1.2746259842519685
21
1.1724999999999999
0
LINE
8
BLACK
6
CONTINUOUS
10
1.2746259842519685
20
1.1724999999999999
11
1.2746259842519685
21
1.2075
0
LINE
8
BLACK
6
CONTINUOUS
10
1.2746259842519685
20
1.2075
11
1.2746893700787401
21
1.2078187007874015
0
LINE
8
BLACK
6
CONTINUOUS
10
1.2746893700787401
20
1.2078187007874015
11
1.274844842519685
21
1.2091588188976379
0
LINE
8
BLACK
6
CONTINUOUS
10
1.274844842519685
20
1.2091588188976379
11
1.2750470078740157
21
1.2096166929133858
0
LINE
8
BLACK
6
CONTINUOUS
10
1.2750470078740157
20
1.2096166929133858
11
1.2752253543307086
21
1.2105132677165353
0
LINE
8
BLACK
6
CONTINUOUS
10
1.2752253543307086
20
1.2105132677165353
11
1.2758666929133857
21
1.2114731102362204
0
LINE
8
BLACK
6
CONTINUOUS
10
1.2758666929133857
20
1.2114731102362204
11
1.2760601968503937
21
1.2119112992125984
0
LINE
8
BLACK
6
CONTINUOUS
10
1.2760601968503937
20
1.2119112992125984
11
1.2763594881889764
21
1.2122105905511811
0
LINE
8
BLACK
6
CONTINUOUS
10
1.2763594881889764
20
1.2122105905511811
11
1.2769322440944881
21
1.2130677559055119
0
LINE
8
BLACK
6
CONTINUOUS
10
1.2769322440944881
20
1.2130677559055119
11
1.2777893700787402
21
1.2136404724409449
0
LINE
8
BLACK
6
CONTINUOUS
10
1.2777893700787402
20
1.2136404724409449
11
1.2780886614173228
21
1.2139397637795275
0
LINE
8
BLACK
6
CONTINUOUS
10
1.2780886614173228
20
1.2139397637795275
11
1.2785267716535433
21
1.214133188976378
0
LINE
8
BLACK
6
CONTINUOUS
10
1.2785267716535433
20
1.214133188976378
11
1.2794867322834644
21
1.2147746456692914
0
LINE
8
BLACK
6
CONTINUOUS
10
1.2794867322834644
20
1.2147746456692914
11
1.2803833858267717
21
1.2149529921259843
0
LINE
8
BLACK
6
CONTINUOUS
10
1.2803833858267717
20
1.2149529921259843
11
1.2808411417322834
21
1.2151551181102362
0
LINE
8
BLACK
6
CONTINUOUS
10
1.2808411417322834
20
1.2151551181102362
11
1.2821809448818897
21
1.2153105511811024
0
LINE
8
BLACK
6
CONTINUOUS
10
1.2821809448818897
20
1.2153105511811024
11
1.2825
21
1.2153740157480315
0
LINE
8
BLACK
6
CONTINUOUS
10
1.2825
20
1.2153740157480315
11
1.3374999999999999
21
1.2153740157480315
0
LINE
8
BLACK
6
CONTINUOUS
10
1.3374999999999999
20
1.2153740157480315
11
1.3378191732283464
21
1.2153105118110237
0
LINE
8
BLACK
6
CONTINUOUS
10
1.4378191732283465
20
1.2153105118110237
11
1.4391588188976379
21
1.2151551181102362
0
LINE
8
BLACK
6
CONTINUOUS
10
1.4391588188976379
20
1.2151551181102362
11
1.439616496062992
21
1.2149529921259843
0
LINE
8
BLACK
6
CONTINUOUS
10
1.439616496062992
20
1.2149529921259843
11
1.4405132677165353
21
1.2147746456692914
0
LINE
8
BLACK
6
CONTINUOUS
10
1.4405132677165353
20
1.2147746456692914
11
1.4414732677165354
21
1.2141331496062993
0
LINE
8
BLACK
6
CONTINUOUS
10
1.4414732677165354
20
1.2141331496062993
11
1.4419112992125984
21
1.2139397637795275
0
LINE
8
BLACK
6
CONTINUOUS
10
1.4419112992125984
20
1.2139397637795275
11
1.4422104724409448
21
1.2136405511811024
0
LINE
8
BLACK
6
CONTINUOUS
10
1.4422104724409448
20
1.2136405511811024
11
1.4430677559055118
21
1.2130677559055119
0
LINE
8
BLACK
6
CONTINUOUS
10
1.4430677559055118
20
1.2130677559055119
11
1.4436405511811023
21
1.2122104724409448
0
LINE
8
BLACK
6
CONTINUOUS
10
1.4436405511811023
20
1.2122104724409448
11
1.4439397637795275
21
1.2119112992125984
0
LINE
8
BLACK
6
CONTINUOUS
10
1.4439397637795275
20
1.2119112992125984
11
1.4441331496062992
21
1.2114732677165354
0
LINE
8
BLACK
6
CONTINUOUS
10
1.4441331496062992
20
1.2114732677165354
11
1.4447746456692914
21
1.2105132677165353
0
LINE
8
BLACK
6
CONTINUOUS
10
1.4447746456692914
20
1.2105132677165353
11
1.4449529921259843
21
1.209616496062992
0
LINE
8
BLACK
6
CONTINUOUS
10
1.4449529921259843
20
1.209616496062992
11
1.4451551181102362
21
1.2091588188976379
0
LINE
8
BLACK
6
CONTINUOUS
10
1.4451551181102362
20
1.2091588188976379
11
1.4453105118110237
21
1.207819094488189
0
LINE
8
BLACK
6
CONTINUOUS
10
1.4453105118110237
20
1.207819094488189
11
1.4453740157480315
21
1.2075
0
LINE
8
BLACK
6
CONTINUOUS
10
1.4453740157480315
20
1.2075
11
1.4453740157480315
21
1.1724999999999999
0
LINE
8
BLACK
6
CONTINUOUS
10
1.4453740157480315
20
1.1724999999999999
11
1.4453105118110237
21
1.1721808661417323
0
LINE
8
BLACK
6
CONTINUOUS
10
1.4453105118110237
20
1.1721808661417323
11
1.4451551181102362
21
1.1708411417322835
0
LINE
8
BLACK
6
CONTINUOUS
10
1.4451551181102362
20
1.1708411417322835
11
1.4449529921259843
21
1.1703833858267716
0
LINE
8
BLACK
6
CONTINUOUS
10
1.4449529921259843
20
1.1703833858267716
11
1.4447746456692914
21
1.1694867322834646
0
LINE
8
BLACK
6
CONTINUOUS
10
1.4447746456692914
20
1.1694867322834646
11
1.444133188976378
21
1.1685267716535432
0
LINE
8
BLACK
6
CONTINUOUS
10
1.444133188976378
20
1.1685267716535432
11
1.4439397637795275
21
1.1680886614173227
0
LINE
8
BLACK
6
CONTINUOUS
10
1.4439397637795275
20
1.1680886614173227
11
1.4436404724409448
21
1.1677893700787401
0
LINE
8
BLACK
6
CONTINUOUS
10
1.4436404724409448
20
1.1677893700787401
11
1.4430677559055118
21
1.1669322440944883
0
LINE
8
BLACK
6
CONTINUOUS
10
1.4430677559055118
20
1.1669322440944883
11
1.4422105905511811
21
1.1663594881889763
0
LINE
8
BLACK
6
CONTINUOUS
10
1.4422105905511811
20
1.1663594881889763
11
1.4419112992125984
21
1.1660601968503936
0
LINE
8
BLACK
6
CONTINUOUS
10
1.4419112992125984
20
1.1660601968503936
11
1.4414731102362204
21
1.1658666929133858
0
LINE
8
BLACK
6
CONTINUOUS
10
1.4414731102362204
20
1.1658666929133858
11
1.4405132677165353
21
1.1652253543307087
0
LINE
8
BLACK
6
CONTINUOUS
10
1.4405132677165353
20
1.1652253543307087
11
1.4396166929133858
21
1.1650470078740158
0
LINE
8
BLACK
6
CONTINUOUS
10
1.4396166929133858
20
1.1650470078740158
11
1.4391588188976379
21
1.1648448425196851
0
LINE
8
BLACK
6
CONTINUOUS
10
1.4391588188976379
20
1.1648448425196851
11
1.437818622047244
21
1.1646893307086614
0
LINE
8
BLACK
6
CONTINUOUS
10
1.437818622047244
20
1.1646893307086614
11
1.4375
21
1.1646259842519684
0
LINE
8
BLACK
6
CONTINUOUS
10
1.4375
20
1.1646259842519684
11
1.4372723228346456
21
1.1646259842519684
0
LINE
8
BLACK
6
CONTINUOUS
10
1.4372723228346456
20
1.1646259842519684
11
1.382727716535433
21
1.1646259842519684
0
LINE
8
BLACK
6
CONTINUOUS
10
1.382727716535433
20
1.1646259842519684
11
1.3825000000000001
21
1.1646259842519684
0
LINE
8
BLACK
6
CONTINUOUS
10
1.3825000000000001
20
1.1646259842519684
11
1.3821813385826771
21
1.1646893307086614
0
LINE
8
BLACK
6
CONTINUOUS
10
1.3821813385826771
20
1.1646893307086614
11
1.3808411417322835
21
1.1648448425196851
0
LINE
8
BLACK
6
CONTINUOUS
10
1.3808411417322835
20
1.1648448425196851
11
1.3803832283464568
21
1.1650470078740158
0
LINE
8
BLACK
6
CONTINUOUS
10
1.3803832283464568
20
1.1650470078740158
11
1.3794867322834645
21
1.1652253543307087
0
LINE
8
BLACK
6
CONTINUOUS
10
1.3794867322834645
20
1.1652253543307087
11
1.3785269291338582
21
1.1658666535433071
0
LINE
8
BLACK
6
CONTINUOUS
10
1.3785269291338582
20
1.1658666535433071
11
1.3780886614173229
21
1.1660601968503936
0
LINE
8
BLACK
6
CONTINUOUS
10
1.3780886614173229
20
1.1660601968503936
11
1.377789251968504
21
1.1663595669291338
0
LINE
8
BLACK
6
CONTINUOUS
10
1.377789251968504
20
1.1663595669291338
11
1.3769322440944882
21
1.1669322440944883
0
LINE
8
BLACK
6
CONTINUOUS
10
1.3769322440944882
20
1.1669322440944883
11
1.3763595669291337
21
1.1677892519685038
0
LINE
8
BLACK
6
CONTINUOUS
10
1.3763595669291337
20
1.1677892519685038
11
1.3760601968503936
21
1.1680886614173227
0
LINE
8
BLACK
6
CONTINUOUS
10
1.3760601968503936
20
1.1680886614173227
11
1.3758666535433071
21
1.1685269291338582
0
LINE
8
BLACK
6
CONTINUOUS
10
1.3758666535433071
20
1.1685269291338582
11
1.3752253543307087
21
1.1694867322834646
0
LINE
8
BLACK
6
CONTINUOUS
10
1.3752253543307087
20
1.1694867322834646
11
1.3750470078740158
21
1.1703832283464566
0
LINE
8
BLACK
6
CONTINUOUS
10
1.3750470078740158
20
1.1703832283464566
11
1.3748448425196851
21
1.1708411417322835
0
LINE
8
BLACK
6
CONTINUOUS
10
1.3748448425196851
20
1.1708411417322835
11
1.3746893307086614
21
1.1721814173228347
0
LINE
8
BLACK
6
CONTINUOUS
10
1.3746893307086614
20
1.1721814173228347
11
1.3746259842519686
21
1.1724999999999999
0
LINE
8
BLACK
6
CONTINUOUS
10
1.3746259842519686
20
1.1724999999999999
11
1.3746259842519686
21
1.2075
0
LINE
8
BLACK
6
CONTINUOUS
10
1.3746259842519686
20
1.2075
11
1.3746893700787401
21
1.2078187007874015
0
LINE
8
BLACK
6
CONTINUOUS
10
1.3746893700787401
20
1.2078187007874015
11
1.3748448425196851
21
1.2091588188976379
0
LINE
8
BLACK
6
CONTINUOUS
10
1.3748448425196851
20
1.2091588188976379
11
1.3750470078740158
21
1.2096166929133858
0
LINE
8
BLACK
6
CONTINUOUS
10
1.3750470078740158
20
1.2096166929133858
11
1.3752253543307087
21
1.2105132677165353
0
LINE
8
BLACK
6
CONTINUOUS
10
1.3752253543307087
20
1.2105132677165353
11
1.3758666929133858
21
1.2114731102362204
0
LINE
8
BLACK
6
CONTINUOUS
10
1.3758666929133858
20
1.2114731102362204
11
1.3760601968503936
21
1.2119112992125984
0
LINE
8
BLACK
6
CONTINUOUS
10
1.3760601968503936
20
1.2119112992125984
11
1.3763594881889762
21
1.2122105905511811
0
LINE
8
BLACK
6
CONTINUOUS
10
1.3763594881889762
20
1.2122105905511811
11
1.3769322440944882
21
1.2130677559055119
0
LINE
8
BLACK
6
CONTINUOUS
10
1.3769322440944882
20
1.2130677559055119
11
1.37778937007874
21
1.2136404724409449
0
LINE
8
BLACK
6
CONTINUOUS
10
1.37778937007874
20
1.2136404724409449
11
1.3780886614173229
21
1.2139397637795275
0
LINE
8
BLACK
6
CONTINUOUS
10
1.3780886614173229
20
1.2139397637795275
11
1.3785267716535432
21
1.214133188976378
0
LINE
8
BLACK
6
CONTINUOUS
10
1.3785267716535432
20
1.214133188976378
11
1.3794867322834645
21
1.2147746456692914
0
LINE
8
BLACK
6
CONTINUOUS
10
1.3794867322834645
20
1.2147746456692914
11
1.3803833858267716
21
1.2149529921259843
0
LINE
8
BLACK
6
CONTINUOUS
10
1.3803833858267716
20
1.2149529921259843
11
1.3808411417322835
21
1.2151551181102362
0
LINE
8
BLACK
6
CONTINUOUS
10
1.3808411417322835
20
1.2151551181102362
11
1.3821809448818898
21
1.2153105511811024
0
LINE
8
BLACK
6
CONTINUOUS
10
1.3821809448818898
20
1.2153105511811024
11
1.3825000000000001
21
1.2153740157480315
0
LINE
8
BLACK
6
CONTINUOUS
10
1.3825000000000001
20
1.2153740157480315
11
1.4375
21
1.2153740157480315
0
LINE
8
BLACK
6
CONTINUOUS
10
1.4375
20
1.2153740157480315
11
1.4378191732283465
21
1.2153105118110237
0
LINE
8
BLACK
6
CONTINUOUS
10
0.6328191732283465
20
1.2178105118110236
11
0.6341588188976378
21
1.2176551181102362
0
LINE
8
BLACK
6
CONTINUOUS
10
0.6341588188976378
20
1.2176551181102362
11
0.6346164960629921
21
1.2174529921259842
0
LINE
8
BLACK
6
CONTINUOUS
10
0.6346164960629921
20
1.2174529921259842
11
0.6355132677165354
21
1.2172746456692913
0
LINE
8
BLACK
6
CONTINUOUS
10
0.6355132677165354
20
1.2172746456692913
11
0.6364732677165355
21
1.2166331496062992
0
LINE
8
BLACK
6
CONTINUOUS
10
0.6364732677165355
20
1.2166331496062992
11
0.6369112992125984
21
1.2164397637795274
0
LINE
8
BLACK
6
CONTINUOUS
10
0.6369112992125984
20
1.2164397637795274
11
0.6372104724409449
21
1.2161405511811023
0
LINE
8
BLACK
6
CONTINUOUS
10
0.6372104724409449
20
1.2161405511811023
11
0.6380677559055118
21
1.2155677559055118
0
LINE
8
BLACK
6
CONTINUOUS
10
0.6380677559055118
20
1.2155677559055118
11
0.6386405511811023
21
1.2147104724409448
0
LINE
8
BLACK
6
CONTINUOUS
10
0.6386405511811023
20
1.2147104724409448
11
0.6389397637795275
21
1.2144112992125984
0
LINE
8
BLACK
6
CONTINUOUS
10
0.6389397637795275
20
1.2144112992125984
11
0.6391331496062992
21
1.2139732677165354
0
LINE
8
BLACK
6
CONTINUOUS
10
0.6391331496062992
20
1.2139732677165354
11
0.6397746456692913
21
1.2130132677165355
0
LINE
8
BLACK
6
CONTINUOUS
10
0.6397746456692913
20
1.2130132677165355
11
0.6399529921259842
21
1.212116496062992
0
LINE
8
BLACK
6
CONTINUOUS
10
0.6399529921259842
20
1.212116496062992
11
0.6401551181102362
21
1.2116588188976378
0
LINE
8
BLACK
6
CONTINUOUS
10
0.6401551181102362
20
1.2116588188976378
11
0.6403105118110236
21
1.210319094488189
0
LINE
8
BLACK
6
CONTINUOUS
10
0.6403105118110236
20
1.210319094488189
11
0.6403740157480314
21
1.21
0
LINE
8
BLACK
6
CONTINUOUS
10
0.6403740157480314
20
1.21
11
0.6403740157480314
21
1.175
0
LINE
8
BLACK
6
CONTINUOUS
10
0.6403740157480314
20
1.175
11
0.6403105118110236
21
1.1746808661417323
0
LINE
8
BLACK
6
CONTINUOUS
10
0.6403105118110236
20
1.1746808661417323
11
0.6401551181102362
21
1.1733411417322834
0
LINE
8
BLACK
6
CONTINUOUS
10
0.6401551181102362
20
1.1733411417322834
11
0.6399529921259842
21
1.1728833858267715
0
LINE
8
BLACK
6
CONTINUOUS
10
0.6399529921259842
20
1.1728833858267715
11
0.6397746456692913
21
1.1719867322834645
0
LINE
8
BLACK
6
CONTINUOUS
10
0.6397746456692913
20
1.1719867322834645
11
0.6391331889763779
21
1.1710267716535432
0
LINE
8
BLACK
6
CONTINUOUS
10
0.6391331889763779
20
1.1710267716535432
11
0.6389397637795275
21
1.1705886614173229
0
LINE
8
BLACK
6
CONTINUOUS
10
0.6389397637795275
20
1.1705886614173229
11
0.6386404724409449
21
1.1702893700787402
0
LINE
8
BLACK
6
CONTINUOUS
10
0.6386404724409449
20
1.1702893700787402
11
0.6380677559055118
21
1.1694322440944882
0
LINE
8
BLACK
6
CONTINUOUS
10
0.6380677559055118
20
1.1694322440944882
11
0.6372105905511811
21
1.1688594881889764
0
LINE
8
BLACK
6
CONTINUOUS
10
0.6372105905511811
20
1.1688594881889764
11
0.6369112992125984
21
1.1685601968503936
0
LINE
8
BLACK
6
CONTINUOUS
10
0.6369112992125984
20
1.1685601968503936
11
0.6364731102362204
21
1.1683666929133858
0
LINE
8
BLACK
6
CONTINUOUS
10
0.6364731102362204
20
1.1683666929133858
11
0.6355132677165354
21
1.1677253543307087
0
LINE
8
BLACK
6
CONTINUOUS
10
0.6355132677165354
20
1.1677253543307087
11
0.6346166929133858
21
1.1675470078740158
0
LINE
8
BLACK
6
CONTINUOUS
10
0.6346166929133858
20
1.1675470078740158
11
0.6341588188976378
21
1.1673448425196851
0
LINE
8
BLACK
6
CONTINUOUS
10
0.6341588188976378
20
1.1673448425196851
11
0.632818622047244
21
1.1671893307086614
0
LINE
8
BLACK
6
CONTINUOUS
10
0.632818622047244
20
1.1671893307086614
11
0.6325
21
1.1671259842519686
0
LINE
8
BLACK
6
CONTINUOUS
10
0.6325
20
1.1671259842519686
11
0.6322723228346456
21
1.1671259842519686
0
LINE
8
BLACK
6
CONTINUOUS
10
0.6322723228346456
20
1.1671259842519686
11
0.5777277165354331
21
1.1671259842519686
0
LINE
8
BLACK
6
CONTINUOUS
10
0.5777277165354331
20
1.1671259842519686
11
0.5775
21
1.1671259842519686
0
LINE
8
BLACK
6
CONTINUOUS
10
0.5775
20
1.1671259842519686
11
0.5771813385826772
21
1.1671893307086614
0
LINE
8
BLACK
6
CONTINUOUS
10
0.5771813385826772
20
1.1671893307086614
11
0.5758411417322834
21
1.1673448425196851
0
LINE
8
BLACK
6
CONTINUOUS
10
0.5758411417322834
20
1.1673448425196851
11
0.5753832283464567
21
1.1675470078740158
0
LINE
8
BLACK
6
CONTINUOUS
10
0.5753832283464567
20
1.1675470078740158
11
0.5744867322834646
21
1.1677253543307087
0
LINE
8
BLACK
6
CONTINUOUS
10
0.5744867322834646
20
1.1677253543307087
11
0.5735269291338583
21
1.168366653543307
0
LINE
8
BLACK
6
CONTINUOUS
10
0.5735269291338583
20
1.168366653543307
11
0.5730886614173228
21
1.1685601968503936
0
LINE
8
BLACK
6
CONTINUOUS
10
0.5730886614173228
20
1.1685601968503936
11
0.5727892519685039
21
1.1688595669291337
0
LINE
8
BLACK
6
CONTINUOUS
10
0.5727892519685039
20
1.1688595669291337
11
0.5719322440944882
21
1.1694322440944882
0
LINE
8
BLACK
6
CONTINUOUS
10
0.5719322440944882
20
1.1694322440944882
11
0.5713595669291338
21
1.170289251968504
0
LINE
8
BLACK
6
CONTINUOUS
10
0.5713595669291338
20
1.170289251968504
11
0.5710601968503937
21
1.1705886614173229
0
LINE
8
BLACK
6
CONTINUOUS
10
0.5710601968503937
20
1.1705886614173229
11
0.5708666535433071
21
1.1710269291338582
0
LINE
8
BLACK
6
CONTINUOUS
10
0.5708666535433071
20
1.1710269291338582
11
0.5702253543307086
21
1.1719867322834645
0
LINE
8
BLACK
6
CONTINUOUS
10
0.5702253543307086
20
1.1719867322834645
11
0.5700470078740157
21
1.1728832283464568
0
LINE
8
BLACK
6
CONTINUOUS
10
0.5700470078740157
20
1.1728832283464568
11
0.569844842519685
21
1.1733411417322834
0
LINE
8
BLACK
6
CONTINUOUS
10
0.569844842519685
20
1.1733411417322834
11
0.5696893307086615
21
1.1746814173228346
0
LINE
8
BLACK
6
CONTINUOUS
10
0.5696893307086615
20
1.1746814173228346
11
0.5696259842519685
21
1.175
0
LINE
8
BLACK
6
CONTINUOUS
10
0.5696259842519685
20
1.175
11
0.5696259842519685
21
1.21
0
LINE
8
BLACK
6
CONTINUOUS
10
0.5696259842519685
20
1.21
11
0.5696893700787401
21
1.2103187007874014
0
LINE
8
BLACK
6
CONTINUOUS
10
0.5696893700787401
20
1.2103187007874014
11
0.569844842519685
21
1.2116588188976378
0
LINE
8
BLACK
6
CONTINUOUS
10
0.569844842519685
20
1.2116588188976378
11
0.5700470078740157
21
1.2121166929133858
0
LINE
8
BLACK
6
CONTINUOUS
10
0.5700470078740157
20
1.2121166929133858
11
0.5702253543307086
21
1.2130132677165355
0
LINE
8
BLACK
6
CONTINUOUS
10
0.5702253543307086
20
1.2130132677165355
11
0.5708666929133858
21
1.2139731102362203
0
LINE
8
BLACK
6
CONTINUOUS
10
0.5708666929133858
20
1.2139731102362203
11
0.5710601968503937
21
1.2144112992125984
0
LINE
8
BLACK
6
CONTINUOUS
10
0.5710601968503937
20
1.2144112992125984
11
0.5713594881889764
21
1.214710590551181
0
LINE
8
BLACK
6
CONTINUOUS
10
0.5713594881889764
20
1.214710590551181
11
0.5719322440944882
21
1.2155677559055118
0
LINE
8
BLACK
6
CONTINUOUS
10
0.5719322440944882
20
1.2155677559055118
11
0.5727893700787401
21
1.2161404724409448
0
LINE
8
BLACK
6
CONTINUOUS
10
0.5727893700787401
20
1.2161404724409448
11
0.5730886614173228
21
1.2164397637795274
0
LINE
8
BLACK
6
CONTINUOUS
10
0.5730886614173228
20
1.2164397637795274
11
0.5735267716535433
21
1.216633188976378
0
LINE
8
BLACK
6
CONTINUOUS
10
0.5735267716535433
20
1.216633188976378
11
0.5744867322834646
21
1.2172746456692913
0
LINE
8
BLACK
6
CONTINUOUS
10
0.5744867322834646
20
1.2172746456692913
11
0.5753833858267716
21
1.2174529921259842
0
LINE
8
BLACK
6
CONTINUOUS
10
0.5753833858267716
20
1.2174529921259842
11
0.5758411417322834
21
1.2176551181102362
0
LINE
8
BLACK
6
CONTINUOUS
10
0.5758411417322834
20
1.2176551181102362
11
0.5771809448818898
21
1.2178105511811024
0
LINE
8
BLACK
6
CONTINUOUS
10
0.5771809448818898
20
1.2178105511811024
11
0.5775
21
1.2178740157480314
0
LINE
8
BLACK
6
CONTINUOUS
10
0.5775
20
1.2178740157480314
11
0.6325
21
1.2178740157480314
0
LINE
8
BLACK
6
CONTINUOUS
10
0.6325
20
1.2178740157480314
11
0.6328191732283465
21
1.2178105118110236
0
LINE
8
BLACK
6
CONTINUOUS
10
0.7378191732283464
20
1.2178105118110236
11
0.7391588188976378
21
1.2176551181102362
0
LINE
8
BLACK
6
CONTINUOUS
10
0.7391588188976378
20
1.2176551181102362
11
0.7396164960629921
21
1.2174529921259842
0
LINE
8
BLACK
6
CONTINUOUS
10
0.7396164960629921
20
1.2174529921259842
11
0.7405132677165354
21
1.2172746456692913
0
LINE
8
BLACK
6
CONTINUOUS
10
0.7405132677165354
20
1.2172746456692913
11
0.7414732677165354
21
1.2166331496062992
0
LINE
8
BLACK
6
CONTINUOUS
10
0.7414732677165354
20
1.2166331496062992
11
0.7419112992125985
21
1.2164397637795274
0
LINE
8
BLACK
6
CONTINUOUS
10
0.7419112992125985
20
1.2164397637795274
11
0.7422104724409448
21
1.2161405511811023
0
LINE
8
BLACK
6
CONTINUOUS
10
0.7422104724409448
20
1.2161405511811023
11
0.7430677559055118
21
1.2155677559055118
0
LINE
8
BLACK
6
CONTINUOUS
10
0.7430677559055118
20
1.2155677559055118
11
0.7436405511811024
21
1.2147104724409448
0
LINE
8
BLACK
6
CONTINUOUS
10
0.7436405511811024
20
1.2147104724409448
11
0.7439397637795275
21
1.2144112992125984
0
LINE
8
BLACK
6
CONTINUOUS
10
0.7439397637795275
20
1.2144112992125984
11
0.7441331496062992
21
1.2139732677165354
0
LINE
8
BLACK
6
CONTINUOUS
10
0.7441331496062992
20
1.2139732677165354
11
0.7447746456692913
21
1.2130132677165355
0
LINE
8
BLACK
6
CONTINUOUS
10
0.7447746456692913
20
1.2130132677165355
11
0.7449529921259842
21
1.212116496062992
0
LINE
8
BLACK
6
CONTINUOUS
10
0.7449529921259842
20
1.212116496062992
11
0.7451551181102362
21
1.2116588188976378
0
LINE
8
BLACK
6
CONTINUOUS
10
0.7451551181102362
20
1.2116588188976378
11
0.7453105118110236
21
1.210319094488189
0
LINE
8
BLACK
6
CONTINUOUS
10
0.7453105118110236
20
1.210319094488189
11
0.7453740157480315
21
1.21
0
LINE
8
BLACK
6
CONTINUOUS
10
0.7453740157480315
20
1.21
11
0.7453740157480315
21
1.175
0
LINE
8
BLACK
6
CONTINUOUS
10
0.7453740157480315
20
1.175
11
0.7453105118110236
21
1.1746808661417323
0
LINE
8
BLACK
6
CONTINUOUS
10
0.7453105118110236
20
1.1746808661417323
11
0.7451551181102362
21
1.1733411417322834
0
LINE
8
BLACK
6
CONTINUOUS
10
0.7451551181102362
20
1.1733411417322834
11
0.7449529921259842
21
1.1728833858267715
0
LINE
8
BLACK
6
CONTINUOUS
10
0.7449529921259842
20
1.1728833858267715
11
0.7447746456692913
21
1.1719867322834645
0
LINE
8
BLACK
6
CONTINUOUS
10
0.7447746456692913
20
1.1719867322834645
11
0.7441331889763779
21
1.1710267716535432
0
LINE
8
BLACK
6
CONTINUOUS
10
0.7441331889763779
20
1.1710267716535432
11
0.7439397637795275
21
1.1705886614173229
0
LINE
8
BLACK
6
CONTINUOUS
10
0.7439397637795275
20
1.1705886614173229
11
0.7436404724409449
21
1.1702893700787402
0
LINE
8
BLACK
6
CONTINUOUS
10
0.7436404724409449
20
1.1702893700787402
11
0.7430677559055118
21
1.1694322440944882
0
LINE
8
BLACK
6
CONTINUOUS
10
0.7430677559055118
20
1.1694322440944882
11
0.7422105905511811
21
1.1688594881889764
0
LINE
8
BLACK
6
CONTINUOUS
10
0.7422105905511811
20
1.1688594881889764
11
0.7419112992125985
21
1.1685601968503936
0
LINE
8
BLACK
6
CONTINUOUS
10
0.7419112992125985
20
1.1685601968503936
11
0.7414731102362204
21
1.1683666929133858
0
LINE
8
BLACK
6
CONTINUOUS
10
0.7414731102362204
20
1.1683666929133858
11
0.7405132677165354
21
1.1677253543307087
0
LINE
8
BLACK
6
CONTINUOUS
10
0.7405132677165354
20
1.1677253543307087
11
0.7396166929133858
21
1.1675470078740158
0
LINE
8
BLACK
6
CONTINUOUS
10
0.7396166929133858
20
1.1675470078740158
11
0.7391588188976378
21
1.1673448425196851
0
LINE
8
BLACK
6
CONTINUOUS
10
0.7391588188976378
20
1.1673448425196851
11
0.7378186220472441
21
1.1671893307086614
0
LINE
8
BLACK
6
CONTINUOUS
10
0.7378186220472441
20
1.1671893307086614
11
0.7374999999999999
21
1.1671259842519686
0
LINE
8
BLACK
6
CONTINUOUS
10
0.7374999999999999
20
1.1671259842519686
11
0.7372723228346456
21
1.1671259842519686
0
LINE
8
BLACK
6
CONTINUOUS
10
0.7372723228346456
20
1.1671259842519686
11
0.6827277165354331
21
1.1671259842519686
0
LINE
8
BLACK
6
CONTINUOUS
10
0.6827277165354331
20
1.1671259842519686
11
0.6825
21
1.1671259842519686
0
LINE
8
BLACK
6
CONTINUOUS
10
0.6825
20
1.1671259842519686
11
0.6821813385826772
21
1.1671893307086614
0
LINE
8
BLACK
6
CONTINUOUS
10
0.6821813385826772
20
1.1671893307086614
11
0.6808411417322835
21
1.1673448425196851
0
LINE
8
BLACK
6
CONTINUOUS
10
0.6808411417322835
20
1.1673448425196851
11
0.6803832283464567
21
1.1675470078740158
0
LINE
8
BLACK
6
CONTINUOUS
10
0.6803832283464567
20
1.1675470078740158
11
0.6794867322834646
21
1.1677253543307087
0
LINE
8
BLACK
6
CONTINUOUS
10
0.6794867322834646
20
1.1677253543307087
11
0.6785269291338583
21
1.168366653543307
0
LINE
8
BLACK
6
CONTINUOUS
10
0.6785269291338583
20
1.168366653543307
11
0.6780886614173228
21
1.1685601968503936
0
LINE
8
BLACK
6
CONTINUOUS
10
0.6780886614173228
20
1.1685601968503936
11
0.6777892519685039
21
1.1688595669291337
0
LINE
8
BLACK
6
CONTINUOUS
10
0.6777892519685039
20
1.1688595669291337
11
0.6769322440944882
21
1.1694322440944882
0
LINE
8
BLACK
6
CONTINUOUS
10
0.6769322440944882
20
1.1694322440944882
11
0.6763595669291338
21
1.170289251968504
0
LINE
8
BLACK
6
CONTINUOUS
10
0.6763595669291338
20
1.170289251968504
11
0.6760601968503936
21
1.1705886614173229
0
LINE
8
BLACK
6
CONTINUOUS
10
0.6760601968503936
20
1.1705886614173229
11
0.6758666535433071
21
1.1710269291338582
0
LINE
8
BLACK
6
CONTINUOUS
10
0.6758666535433071
20
1.1710269291338582
11
0.6752253543307086
21
1.1719867322834645
0
LINE
8
BLACK
6
CONTINUOUS
10
0.6752253543307086
20
1.1719867322834645
11
0.6750470078740157
21
1.1728832283464568
0
LINE
8
BLACK
6
CONTINUOUS
10
0.6750470078740157
20
1.1728832283464568
11
0.674844842519685
21
1.1733411417322834
0
LINE
8
BLACK
6
CONTINUOUS
10
0.674844842519685
20
1.1733411417322834
11
0.6746893307086614
21
1.1746814173228346
0
LINE
8
BLACK
6
CONTINUOUS
10
0.6746893307086614
20
1.1746814173228346
11
0.6746259842519685
21
1.175
0
LINE
8
BLACK
6
CONTINUOUS
10
0.6746259842519685
20
1.175
11
0.6746259842519685
21
1.21
0
LINE
8
BLACK
6
CONTINUOUS
10
0.6746259842519685
20
1.21
11
0.6746893700787402
21
1.2103187007874014
0
LINE
8
BLACK
6
CONTINUOUS
10
0.6746893700787402
20
1.2103187007874014
11
0.674844842519685
21
1.2116588188976378
0
LINE
8
BLACK
6
CONTINUOUS
10
0.674844842519685
20
1.2116588188976378
11
0.6750470078740157
21
1.2121166929133858
0
LINE
8
BLACK
6
CONTINUOUS
10
0.6750470078740157
20
1.2121166929133858
11
0.6752253543307086
21
1.2130132677165355
0
LINE
8
BLACK
6
CONTINUOUS
10
0.6752253543307086
20
1.2130132677165355
11
0.6758666929133859
21
1.2139731102362203
0
LINE
8
BLACK
6
CONTINUOUS
10
0.6758666929133859
20
1.2139731102362203
11
0.6760601968503936
21
1.2144112992125984
0
LINE
8
BLACK
6
CONTINUOUS
10
0.6760601968503936
20
1.2144112992125984
11
0.6763594881889764
21
1.214710590551181
0
LINE
8
BLACK
6
CONTINUOUS
10
0.6763594881889764
20
1.214710590551181
11
0.6769322440944882
21
1.2155677559055118
0
LINE
8
BLACK
6
CONTINUOUS
10
0.6769322440944882
20
1.2155677559055118
11
0.6777893700787402
21
1.2161404724409448
0
LINE
8
BLACK
6
CONTINUOUS
10
0.6777893700787402
20
1.2161404724409448
11
0.6780886614173228
21
1.2164397637795274
0
LINE
8
BLACK
6
CONTINUOUS
10
0.6780886614173228
20
1.2164397637795274
11
0.6785267716535432
21
1.216633188976378
0
LINE
8
BLACK
6
CONTINUOUS
10
0.6785267716535432
20
1.216633188976378
11
0.6794867322834646
21
1.2172746456692913
0
LINE
8
BLACK
6
CONTINUOUS
10
0.6794867322834646
20
1.2172746456692913
11
0.6803833858267716
21
1.2174529921259842
0
LINE
8
BLACK
6
CONTINUOUS
10
0.6803833858267716
20
1.2174529921259842
11
0.6808411417322835
21
1.2176551181102362
0
LINE
8
BLACK
6
CONTINUOUS
10
0.6808411417322835
20
1.2176551181102362
11
0.6821809448818897
21
1.2178105511811024
0
LINE
8
BLACK
6
CONTINUOUS
10
0.6821809448818897
20
1.2178105511811024
11
0.6825
21
1.2178740157480314
0
LINE
8
BLACK
6
CONTINUOUS
10
0.6825
20
1.2178740157480314
11
0.7374999999999999
21
1.2178740157480314
0
LINE
8
BLACK
6
CONTINUOUS
10
0.7374999999999999
20
1.2178740157480314
11
0.7378191732283464
21
1.2178105118110236
0
LINE
8
BLACK
6
CONTINUOUS
10
0.8328191732283464
20
1.2178105118110236
11
0.8341588188976378
21
1.2176551181102362
0
LINE
8
BLACK
6
CONTINUOUS
10
0.8341588188976378
20
1.2176551181102362
11
0.8346164960629922
21
1.2174529921259842
0
LINE
8
BLACK
6
CONTINUOUS
10
0.8346164960629922
20
1.2174529921259842
11
0.8355132677165354
21
1.2172746456692913
0
LINE
8
BLACK
6
CONTINUOUS
10
0.8355132677165354
20
1.2172746456692913
11
0.8364732677165354
21
1.2166331496062992
0
LINE
8
BLACK
6
CONTINUOUS
10
0.8364732677165354
20
1.2166331496062992
11
0.8369112992125984
21
1.2164397637795274
0
LINE
8
BLACK
6
CONTINUOUS
10
0.8369112992125984
20
1.2164397637795274
11
0.8372104724409448
21
1.2161405511811023
0
LINE
8
BLACK
6
CONTINUOUS
10
0.8372104724409448
20
1.2161405511811023
11
0.8380677559055117
21
1.2155677559055118
0
LINE
8
BLACK
6
CONTINUOUS
10
0.8380677559055117
20
1.2155677559055118
11
0.8386405511811024
21
1.2147104724409448
0
LINE
8
BLACK
6
CONTINUOUS
10
0.8386405511811024
20
1.2147104724409448
11
0.8389397637795275
21
1.2144112992125984
0
LINE
8
BLACK
6
CONTINUOUS
10
0.8389397637795275
20
1.2144112992125984
11
0.8391331496062991
21
1.2139732677165354
0
LINE
8
BLACK
6
CONTINUOUS
10
0.8391331496062991
20
1.2139732677165354
11
0.8397746456692913
21
1.2130132677165355
0
LINE
8
BLACK
6
CONTINUOUS
10
0.8397746456692913
20
1.2130132677165355
11
0.8399529921259843
21
1.212116496062992
0
LINE
8
BLACK
6
CONTINUOUS
10
0.8399529921259843
20
1.212116496062992
11
0.8401551181102362
21
1.2116588188976378
0
LINE
8
BLACK
6
CONTINUOUS
10
0.8401551181102362
20
1.2116588188976378
11
0.8403105118110236
21
1.210319094488189
0
LINE
8
BLACK
6
CONTINUOUS
10
0.8403105118110236
20
1.210319094488189
11
0.8403740157480315
21
1.21
0
LINE
8
BLACK
6
CONTINUOUS
10
0.8403740157480315
20
1.21
11
0.8403740157480315
21
1.175
0
LINE
8
BLACK
6
CONTINUOUS
10
0.8403740157480315
20
1.175
11
0.8403105118110236
21
1.1746808661417323
0
LINE
8
BLACK
6
CONTINUOUS
10
0.8403105118110236
20
1.1746808661417323
11
0.8401551181102362
21
1.1733411417322834
0
LINE
8
BLACK
6
CONTINUOUS
10
0.8401551181102362
20
1.1733411417322834
11
0.8399529921259843
21
1.1728833858267715
0
LINE
8
BLACK
6
CONTINUOUS
10
0.8399529921259843
20
1.1728833858267715
11
0.8397746456692913
21
1.1719867322834645
0
LINE
8
BLACK
6
CONTINUOUS
10
0.8397746456692913
20
1.1719867322834645
11
0.8391331889763779
21
1.1710267716535432
0
LINE
8
BLACK
6
CONTINUOUS
10
0.8391331889763779
20
1.1710267716535432
11
0.8389397637795275
21
1.1705886614173229
0
LINE
8
BLACK
6
CONTINUOUS
10
0.8389397637795275
20
1.1705886614173229
11
0.8386404724409449
21
1.1702893700787402
0
LINE
8
BLACK
6
CONTINUOUS
10
0.8386404724409449
20
1.1702893700787402
11
0.8380677559055117
21
1.1694322440944882
0
LINE
8
BLACK
6
CONTINUOUS
10
0.8380677559055117
20
1.1694322440944882
11
0.8372105905511811
21
1.1688594881889764
0
LINE
8
BLACK
6
CONTINUOUS
10
0.8372105905511811
20
1.1688594881889764
11
0.8369112992125984
21
1.1685601968503936
0
LINE
8
BLACK
6
CONTINUOUS
10
0.8369112992125984
20
1.1685601968503936
11
0.8364731102362205
21
1.1683666929133858
0
LINE
8
BLACK
6
CONTINUOUS
10
0.8364731102362205
20
1.1683666929133858
11
0.8355132677165354
21
1.1677253543307087
0
LINE
8
BLACK
6
CONTINUOUS
10
0.8355132677165354
20
1.1677253543307087
11
0.8346166929133858
21
1.1675470078740158
0
LINE
8
BLACK
6
CONTINUOUS
10
0.8346166929133858
20
1.1675470078740158
11
0.8341588188976378
21
1.1673448425196851
0
LINE
8
BLACK
6
CONTINUOUS
10
0.8341588188976378
20
1.1673448425196851
11
0.8328186220472441
21
1.1671893307086614
0
LINE
8
BLACK
6
CONTINUOUS
10
0.8328186220472441
20
1.1671893307086614
11
0.8325
21
1.1671259842519686
0
LINE
8
BLACK
6
CONTINUOUS
10
0.8325
20
1.1671259842519686
11
0.8322723228346457
21
1.1671259842519686
0
LINE
8
BLACK
6
CONTINUOUS
10
0.8322723228346457
20
1.1671259842519686
11
0.777727716535433
21
1.1671259842519686
0
LINE
8
BLACK
6
CONTINUOUS
10
0.777727716535433
20
1.1671259842519686
11
0.7775
21
1.1671259842519686
0
LINE
8
BLACK
6
CONTINUOUS
10
0.7775
20
1.1671259842519686
11
0.7771813385826771
21
1.1671893307086614
0
LINE
8
BLACK
6
CONTINUOUS
10
0.7771813385826771
20
1.1671893307086614
11
0.7758411417322835
21
1.1673448425196851
0
LINE
8
BLACK
6
CONTINUOUS
10
0.7758411417322835
20
1.1673448425196851
11
0.7753832283464567
21
1.1675470078740158
0
LINE
8
BLACK
6
CONTINUOUS
10
0.7753832283464567
20
1.1675470078740158
11
0.7744867322834645
21
1.1677253543307087
0
LINE
8
BLACK
6
CONTINUOUS
10
0.7744867322834645
20
1.1677253543307087
11
0.7735269291338582
21
1.168366653543307
0
LINE
8
BLACK
6
CONTINUOUS
10
0.7735269291338582
20
1.168366653543307
11
0.7730886614173228
21
1.1685601968503936
0
LINE
8
BLACK
6
CONTINUOUS
10
0.7730886614173228
20
1.1685601968503936
11
0.7727892519685039
21
1.1688595669291337
0
LINE
8
BLACK
6
CONTINUOUS
10
0.7727892519685039
20
1.1688595669291337
11
0.7719322440944881
21
1.1694322440944882
0
LINE
8
BLACK
6
CONTINUOUS
10
0.7719322440944881
20
1.1694322440944882
11
0.7713595669291339
21
1.170289251968504
0
LINE
8
BLACK
6
CONTINUOUS
10
0.7713595669291339
20
1.170289251968504
11
0.7710601968503937
21
1.1705886614173229
0
LINE
8
BLACK
6
CONTINUOUS
10
0.7710601968503937
20
1.1705886614173229
11
0.7708666535433071
21
1.1710269291338582
0
LINE
8
BLACK
6
CONTINUOUS
10
0.7708666535433071
20
1.1710269291338582
11
0.7702253543307086
21
1.1719867322834645
0
LINE
8
BLACK
6
CONTINUOUS
10
0.7702253543307086
20
1.1719867322834645
11
0.7700470078740157
21
1.1728832283464568
0
LINE
8
BLACK
6
CONTINUOUS
10
0.7700470078740157
20
1.1728832283464568
11
0.769844842519685
21
1.1733411417322834
0
LINE
8
BLACK
6
CONTINUOUS
10
0.769844842519685
20
1.1733411417322834
11
0.7696893307086614
21
1.1746814173228346
0
LINE
8
BLACK
6
CONTINUOUS
10
0.7696893307086614
20
1.1746814173228346
11
0.7696259842519685
21
1.175
0
LINE
8
BLACK
6
CONTINUOUS
10
0.7696259842519685
20
1.175
11
0.7696259842519685
21
1.21
0
LINE
8
BLACK
6
CONTINUOUS
10
0.7696259842519685
20
1.21
11
0.7696893700787402
21
1.2103187007874014
0
LINE
8
BLACK
6
CONTINUOUS
10
0.7696893700787402
20
1.2103187007874014
11
0.769844842519685
21
1.2116588188976378
0
LINE
8
BLACK
6
CONTINUOUS
10
0.769844842519685
20
1.2116588188976378
11
0.7700470078740157
21
1.2121166929133858
0
LINE
8
BLACK
6
CONTINUOUS
10
0.7700470078740157
20
1.2121166929133858
11
0.7702253543307086
21
1.2130132677165355
0
LINE
8
BLACK
6
CONTINUOUS
10
0.7702253543307086
20
1.2130132677165355
11
0.7708666929133858
21
1.2139731102362203
0
LINE
8
BLACK
6
CONTINUOUS
10
0.7708666929133858
20
1.2139731102362203
11
0.7710601968503937
21
1.2144112992125984
0
LINE
8
BLACK
6
CONTINUOUS
10
0.7710601968503937
20
1.2144112992125984
11
0.7713594881889764
21
1.214710590551181
0
LINE
8
BLACK
6
CONTINUOUS
10
0.7713594881889764
20
1.214710590551181
11
0.7719322440944881
21
1.2155677559055118
0
LINE
8
BLACK
6
CONTINUOUS
10
0.7719322440944881
20
1.2155677559055118
11
0.7727893700787402
21
1.2161404724409448
0
LINE
8
BLACK
6
CONTINUOUS
10
0.7727893700787402
20
1.2161404724409448
11
0.7730886614173228
21
1.2164397637795274
0
LINE
8
BLACK
6
CONTINUOUS
10
0.7730886614173228
20
1.2164397637795274
11
0.7735267716535433
21
1.216633188976378
0
LINE
8
BLACK
6
CONTINUOUS
10
0.7735267716535433
20
1.216633188976378
11
0.7744867322834645
21
1.2172746456692913
0
LINE
8
BLACK
6
CONTINUOUS
10
0.7744867322834645
20
1.2172746456692913
11
0.7753833858267717
21
1.2174529921259842
0
LINE
8
BLACK
6
CONTINUOUS
10
0.7753833858267717
20
1.2174529921259842
11
0.7758411417322835
21
1.2176551181102362
0
LINE
8
BLACK
6
CONTINUOUS
10
0.7758411417322835
20
1.2176551181102362
11
0.7771809448818897
21
1.2178105511811024
0
LINE
8
BLACK
6
CONTINUOUS
10
0.7771809448818897
20
1.2178105511811024
11
0.7775
21
1.2178740157480314
0
LINE
8
BLACK
6
CONTINUOUS
10
0.7775
20
1.2178740157480314
11
0.8325
21
1.2178740157480314
0
LINE
8
BLACK
6
CONTINUOUS
10
0.8325
20
1.2178740157480314
11
0.8328191732283464
21
1.2178105118110236
0
LINE
8
BLACK
6
CONTINUOUS
10
0.9378191732283464
20
1.2178105118110236
11
0.9391588188976377
21
1.2176551181102362
0
LINE
8
BLACK
6
CONTINUOUS
10
0.9391588188976377
20
1.2176551181102362
11
0.9396164960629921
21
1.2174529921259842
0
LINE
8
BLACK
6
CONTINUOUS
10
0.9396164960629921
20
1.2174529921259842
11
0.9405132677165354
21
1.2172746456692913
0
LINE
8
BLACK
6
CONTINUOUS
10
0.9405132677165354
20
1.2172746456692913
11
0.9414732677165354
21
1.2166331496062992
0
LINE
8
BLACK
6
CONTINUOUS
10
0.9414732677165354
20
1.2166331496062992
11
0.9419112992125984
21
1.2164397637795274
0
LINE
8
BLACK
6
CONTINUOUS
10
0.9419112992125984
20
1.2164397637795274
11
0.9422104724409449
21
1.2161405511811023
0
LINE
8
BLACK
6
CONTINUOUS
10
0.9422104724409449
20
1.2161405511811023
11
0.9430677559055118
21
1.2155677559055118
0
LINE
8
BLACK
6
CONTINUOUS
10
0.9430677559055118
20
1.2155677559055118
11
0.9436405511811023
21
1.2147104724409448
0
LINE
8
BLACK
6
CONTINUOUS
10
0.9436405511811023
20
1.2147104724409448
11
0.9439397637795275
21
1.2144112992125984
0
LINE
8
BLACK
6
CONTINUOUS
10
0.9439397637795275
20
1.2144112992125984
11
0.9441331496062992
21
1.2139732677165354
0
LINE
8
BLACK
6
CONTINUOUS
10
0.9441331496062992
20
1.2139732677165354
11
0.9447746456692914
21
1.2130132677165355
0
LINE
8
BLACK
6
CONTINUOUS
10
0.9447746456692914
20
1.2130132677165355
11
0.9449529921259843
21
1.212116496062992
0
LINE
8
BLACK
6
CONTINUOUS
10
0.9449529921259843
20
1.212116496062992
11
0.9451551181102362
21
1.2116588188976378
0
LINE
8
BLACK
6
CONTINUOUS
10
0.9451551181102362
20
1.2116588188976378
11
0.9453105118110235
21
1.210319094488189
0
LINE
8
BLACK
6
CONTINUOUS
10
0.9453105118110235
20
1.210319094488189
11
0.9453740157480315
21
1.21
0
LINE
8
BLACK
6
CONTINUOUS
10
0.9453740157480315
20
1.21
11
0.9453740157480315
21
1.175
0
LINE
8
BLACK
6
CONTINUOUS
10
0.9453740157480315
20
1.175
11
0.9453105118110235
21
1.1746808661417323
0
LINE
8
BLACK
6
CONTINUOUS
10
0.9453105118110235
20
1.1746808661417323
11
0.9451551181102362
21
1.1733411417322834
0
LINE
8
BLACK
6
CONTINUOUS
10
0.9451551181102362
20
1.1733411417322834
11
0.9449529921259843
21
1.1728833858267715
0
LINE
8
BLACK
6
CONTINUOUS
10
0.9449529921259843
20
1.1728833858267715
11
0.9447746456692914
21
1.1719867322834645
0
LINE
8
BLACK
6
CONTINUOUS
10
0.9447746456692914
20
1.1719867322834645
11
0.9441331889763779
21
1.1710267716535432
0
LINE
8
BLACK
6
CONTINUOUS
10
0.9441331889763779
20
1.1710267716535432
11
0.9439397637795275
21
1.1705886614173229
0
LINE
8
BLACK
6
CONTINUOUS
10
0.9439397637795275
20
1.1705886614173229
11
0.9436404724409448
21
1.1702893700787402
0
LINE
8
BLACK
6
CONTINUOUS
10
0.9436404724409448
20
1.1702893700787402
11
0.9430677559055118
21
1.1694322440944882
0
LINE
8
BLACK
6
CONTINUOUS
10
0.9430677559055118
20
1.1694322440944882
11
0.9422105905511811
21
1.1688594881889764
0
LINE
8
BLACK
6
CONTINUOUS
10
0.9422105905511811
20
1.1688594881889764
11
0.9419112992125984
21
1.1685601968503936
0
LINE
8
BLACK
6
CONTINUOUS
10
0.9419112992125984
20
1.1685601968503936
11
0.9414731102362205
21
1.1683666929133858
0
LINE
8
BLACK
6
CONTINUOUS
10
0.9414731102362205
20
1.1683666929133858
11
0.9405132677165354
21
1.1677253543307087
0
LINE
8
BLACK
6
CONTINUOUS
10
0.9405132677165354
20
1.1677253543307087
11
0.9396166929133858
21
1.1675470078740158
0
LINE
8
BLACK
6
CONTINUOUS
10
0.9396166929133858
20
1.1675470078740158
11
0.9391588188976377
21
1.1673448425196851
0
LINE
8
BLACK
6
CONTINUOUS
10
0.9391588188976377
20
1.1673448425196851
11
0.9378186220472441
21
1.1671893307086614
0
LINE
8
BLACK
6
CONTINUOUS
10
0.9378186220472441
20
1.1671893307086614
11
0.9375
21
1.1671259842519686
0
LINE
8
BLACK
6
CONTINUOUS
10
0.9375
20
1.1671259842519686
11
0.9372723228346457
21
1.1671259842519686
0
LINE
8
BLACK
6
CONTINUOUS
10
0.9372723228346457
20
1.1671259842519686
11
0.882727716535433
21
1.1671259842519686
0
LINE
8
BLACK
6
CONTINUOUS
10
0.882727716535433
20
1.1671259842519686
11
0.8825
21
1.1671259842519686
0
LINE
8
BLACK
6
CONTINUOUS
10
0.8825
20
1.1671259842519686
11
0.8821813385826771
21
1.1671893307086614
0
LINE
8
BLACK
6
CONTINUOUS
10
0.8821813385826771
20
1.1671893307086614
11
0.8808411417322835
21
1.1673448425196851
0
LINE
8
BLACK
6
CONTINUOUS
10
0.8808411417322835
20
1.1673448425196851
11
0.8803832283464567
21
1.1675470078740158
0
LINE
8
BLACK
6
CONTINUOUS
10
0.8803832283464567
20
1.1675470078740158
11
0.8794867322834645
21
1.1677253543307087
0
LINE
8
BLACK
6
CONTINUOUS
10
0.8794867322834645
20
1.1677253543307087
11
0.8785269291338582
21
1.168366653543307
0
LINE
8
BLACK
6
CONTINUOUS
10
0.8785269291338582
20
1.168366653543307
11
0.8780886614173228
21
1.1685601968503936
0
LINE
8
BLACK
6
CONTINUOUS
10
0.8780886614173228
20
1.1685601968503936
11
0.8777892519685039
21
1.1688595669291337
0
LINE
8
BLACK
6
CONTINUOUS
10
0.8777892519685039
20
1.1688595669291337
11
0.8769322440944882
21
1.1694322440944882
0
LINE
8
BLACK
6
CONTINUOUS
10
0.8769322440944882
20
1.1694322440944882
11
0.8763595669291339
21
1.170289251968504
0
LINE
8
BLACK
6
CONTINUOUS
10
0.8763595669291339
20
1.170289251968504
11
0.8760601968503937
21
1.1705886614173229
0
LINE
8
BLACK
6
CONTINUOUS
10
0.8760601968503937
20
1.1705886614173229
11
0.8758666535433071
21
1.1710269291338582
0
LINE
8
BLACK
6
CONTINUOUS
10
0.8758666535433071
20
1.1710269291338582
11
0.8752253543307087
21
1.1719867322834645
0
LINE
8
BLACK
6
CONTINUOUS
10
0.8752253543307087
20
1.1719867322834645
11
0.8750470078740157
21
1.1728832283464568
0
LINE
8
BLACK
6
CONTINUOUS
10
0.8750470078740157
20
1.1728832283464568
11
0.874844842519685
21
1.1733411417322834
0
LINE
8
BLACK
6
CONTINUOUS
10
0.874844842519685
20
1.1733411417322834
11
0.8746893307086614
21
1.1746814173228346
0
LINE
8
BLACK
6
CONTINUOUS
10
0.8746893307086614
20
1.1746814173228346
11
0.8746259842519685
21
1.175
0
LINE
8
BLACK
6
CONTINUOUS
10
0.8746259842519685
20
1.175
11
0.8746259842519685
21
1.21
0
LINE
8
BLACK
6
CONTINUOUS
10
0.8746259842519685
20
1.21
11
0.8746893700787401
21
1.2103187007874014
0
LINE
8
BLACK
6
CONTINUOUS
10
0.8746893700787401
20
1.2103187007874014
11
0.874844842519685
21
1.2116588188976378
0
LINE
8
BLACK
6
CONTINUOUS
10
0.874844842519685
20
1.2116588188976378
11
0.8750470078740157
21
1.2121166929133858
0
LINE
8
BLACK
6
CONTINUOUS
10
0.8750470078740157
20
1.2121166929133858
11
0.8752253543307087
21
1.2130132677165355
0
LINE
8
BLACK
6
CONTINUOUS
10
0.8752253543307087
20
1.2130132677165355
11
0.8758666929133858
21
1.2139731102362203
0
LINE
8
BLACK
6
CONTINUOUS
10
0.8758666929133858
20
1.2139731102362203
11
0.8760601968503937
21
1.2144112992125984
0
LINE
8
BLACK
6
CONTINUOUS
10
0.8760601968503937
20
1.2144112992125984
11
0.8763594881889764
21
1.214710590551181
0
LINE
8
BLACK
6
CONTINUOUS
10
0.8763594881889764
20
1.214710590551181
11
0.8769322440944882
21
1.2155677559055118
0
LINE
8
BLACK
6
CONTINUOUS
10
0.8769322440944882
20
1.2155677559055118
11
0.8777893700787401
21
1.2161404724409448
0
LINE
8
BLACK
6
CONTINUOUS
10
0.8777893700787401
20
1.2161404724409448
11
0.8780886614173228
21
1.2164397637795274
0
LINE
8
BLACK
6
CONTINUOUS
10
0.8780886614173228
20
1.2164397637795274
11
0.8785267716535433
21
1.216633188976378
0
LINE
8
BLACK
6
CONTINUOUS
10
0.8785267716535433
20
1.216633188976378
11
0.8794867322834645
21
1.2172746456692913
0
LINE
8
BLACK
6
CONTINUOUS
10
0.8794867322834645
20
1.2172746456692913
11
0.8803833858267717
21
1.2174529921259842
0
LINE
8
BLACK
6
CONTINUOUS
10
0.8803833858267717
20
1.2174529921259842
11
0.8808411417322835
21
1.2176551181102362
0
LINE
8
BLACK
6
CONTINUOUS
10
0.8808411417322835
20
1.2176551181102362
11
0.8821809448818897
21
1.2178105511811024
0
LINE
8
BLACK
6
CONTINUOUS
10
0.8821809448818897
20
1.2178105511811024
11
0.8825
21
1.2178740157480314
0
LINE
8
BLACK
6
CONTINUOUS
10
0.8825
20
1.2178740157480314
11
0.9375
21
1.2178740157480314
0
LINE
8
BLACK
6
CONTINUOUS
10
0.9375
20
1.2178740157480314
11
0.9378191732283464
21
1.2178105118110236
0
LINE
8
BLACK
6
CONTINUOUS
10
1.0378191732283464
20
1.2178105118110236
11
1.0391588188976377
21
1.2176551181102362
0
LINE
8
BLACK
6
CONTINUOUS
10
1.0391588188976377
20
1.2176551181102362
11
1.0396164960629921
21
1.2174529921259842
0
LINE
8
BLACK
6
CONTINUOUS
10
1.0396164960629921
20
1.2174529921259842
11
1.0405132677165354
21
1.2172746456692913
0
LINE
8
BLACK
6
CONTINUOUS
10
1.0405132677165354
20
1.2172746456692913
11
1.0414732677165355
21
1.2166331496062992
0
LINE
8
BLACK
6
CONTINUOUS
10
1.0414732677165355
20
1.2166331496062992
11
1.0419112992125985
21
1.2164397637795274
0
LINE
8
BLACK
6
CONTINUOUS
10
1.0419112992125985
20
1.2164397637795274
11
1.0422104724409449
21
1.2161405511811023
0
LINE
8
BLACK
6
CONTINUOUS
10
1.0422104724409449
20
1.2161405511811023
11
1.0430677559055117
21
1.2155677559055118
0
LINE
8
BLACK
6
CONTINUOUS
10
1.0430677559055117
20
1.2155677559055118
11
1.0436405511811024
21
1.2147104724409448
0
LINE
8
BLACK
6
CONTINUOUS
10
1.0436405511811024
20
1.2147104724409448
11
1.0439397637795276
21
1.2144112992125984
0
LINE
8
BLACK
6
CONTINUOUS
10
1.0439397637795276
20
1.2144112992125984
11
1.0441331496062991
21
1.2139732677165354
0
LINE
8
BLACK
6
CONTINUOUS
10
1.0441331496062991
20
1.2139732677165354
11
1.0447746456692912
21
1.2130132677165355
0
LINE
8
BLACK
6
CONTINUOUS
10
1.0447746456692912
20
1.2130132677165355
11
1.0449529921259841
21
1.212116496062992
0
LINE
8
BLACK
6
CONTINUOUS
10
1.0449529921259841
20
1.212116496062992
11
1.0451551181102361
21
1.2116588188976378
0
LINE
8
BLACK
6
CONTINUOUS
10
1.0451551181102361
20
1.2116588188976378
11
1.0453105118110235
21
1.210319094488189
0
LINE
8
BLACK
6
CONTINUOUS
10
1.0453105118110235
20
1.210319094488189
11
1.0453740157480316
21
1.21
0
LINE
8
BLACK
6
CONTINUOUS
10
1.0453740157480316
20
1.21
11
1.0453740157480316
21
1.175
0
LINE
8
BLACK
6
CONTINUOUS
10
1.0453740157480316
20
1.175
11
1.0453105118110235
21
1.1746808661417323
0
LINE
8
BLACK
6
CONTINUOUS
10
1.0453105118110235
20
1.1746808661417323
11
1.0451551181102361
21
1.1733411417322834
0
LINE
8
BLACK
6
CONTINUOUS
10
1.0451551181102361
20
1.1733411417322834
11
1.0449529921259841
21
1.1728833858267715
0
LINE
8
BLACK
6
CONTINUOUS
10
1.0449529921259841
20
1.1728833858267715
11
1.0447746456692912
21
1.1719867322834645
0
LINE
8
BLACK
6
CONTINUOUS
10
1.0447746456692912
20
1.1719867322834645
11
1.0441331889763779
21
1.1710267716535432
0
LINE
8
BLACK
6
CONTINUOUS
10
1.0441331889763779
20
1.1710267716535432
11
1.0439397637795276
21
1.1705886614173229
0
LINE
8
BLACK
6
CONTINUOUS
10
1.0439397637795276
20
1.1705886614173229
11
1.0436404724409449
21
1.1702893700787402
0
LINE
8
BLACK
6
CONTINUOUS
10
1.0436404724409449
20
1.1702893700787402
11
1.0430677559055117
21
1.1694322440944882
0
LINE
8
BLACK
6
CONTINUOUS
10
1.0430677559055117
20
1.1694322440944882
11
1.0422105905511811
21
1.1688594881889764
0
LINE
8
BLACK
6
CONTINUOUS
10
1.0422105905511811
20
1.1688594881889764
11
1.0419112992125985
21
1.1685601968503936
0
LINE
8
BLACK
6
CONTINUOUS
10
1.0419112992125985
20
1.1685601968503936
11
1.0414731102362205
21
1.1683666929133858
0
LINE
8
BLACK
6
CONTINUOUS
10
1.0414731102362205
20
1.1683666929133858
11
1.0405132677165354
21
1.1677253543307087
0
LINE
8
BLACK
6
CONTINUOUS
10
1.0405132677165354
20
1.1677253543307087
11
1.0396166929133859
21
1.1675470078740158
0
LINE
8
BLACK
6
CONTINUOUS
10
1.0396166929133859
20
1.1675470078740158
11
1.0391588188976377
21
1.1673448425196851
0
LINE
8
BLACK
6
CONTINUOUS
10
1.0391588188976377
20
1.1673448425196851
11
1.0378186220472441
21
1.1671893307086614
0
LINE
8
BLACK
6
CONTINUOUS
10
1.0378186220472441
20
1.1671893307086614
11
1.0374999999999999
21
1.1671259842519686
0
LINE
8
BLACK
6
CONTINUOUS
10
1.0374999999999999
20
1.1671259842519686
11
1.0372723228346457
21
1.1671259842519686
0
LINE
8
BLACK
6
CONTINUOUS
10
1.0372723228346457
20
1.1671259842519686
11
0.982727716535433
21
1.1671259842519686
0
LINE
8
BLACK
6
CONTINUOUS
10
0.982727716535433
20
1.1671259842519686
11
0.9824999999999999
21
1.1671259842519686
0
LINE
8
BLACK
6
CONTINUOUS
10
0.9824999999999999
20
1.1671259842519686
11
0.9821813385826771
21
1.1671893307086614
0
LINE
8
BLACK
6
CONTINUOUS
10
0.9821813385826771
20
1.1671893307086614
11
0.9808411417322834
21
1.1673448425196851
0
LINE
8
BLACK
6
CONTINUOUS
10
0.9808411417322834
20
1.1673448425196851
11
0.9803832283464566
21
1.1675470078740158
0
LINE
8
BLACK
6
CONTINUOUS
10
0.9803832283464566
20
1.1675470078740158
11
0.9794867322834645
21
1.1677253543307087
0
LINE
8
BLACK
6
CONTINUOUS
10
0.9794867322834645
20
1.1677253543307087
11
0.9785269291338582
21
1.168366653543307
0
LINE
8
BLACK
6
CONTINUOUS
10
0.9785269291338582
20
1.168366653543307
11
0.9780886614173228
21
1.1685601968503936
0
LINE
8
BLACK
6
CONTINUOUS
10
0.9780886614173228
20
1.1685601968503936
11
0.977789251968504
21
1.1688595669291337
0
LINE
8
BLACK
6
CONTINUOUS
10
0.977789251968504
20
1.1688595669291337
11
0.9769322440944882
21
1.1694322440944882
0
LINE
8
BLACK
6
CONTINUOUS
10
0.9769322440944882
20
1.1694322440944882
11
0.9763595669291338
21
1.170289251968504
0
LINE
8
BLACK
6
CONTINUOUS
10
0.9763595669291338
20
1.170289251968504
11
0.9760601968503937
21
1.1705886614173229
0
LINE
8
BLACK
6
CONTINUOUS
10
0.9760601968503937
20
1.1705886614173229
11
0.975866653543307
21
1.1710269291338582
0
LINE
8
BLACK
6
CONTINUOUS
10
0.975866653543307
20
1.1710269291338582
11
0.9752253543307087
21
1.1719867322834645
0
LINE
8
BLACK
6
CONTINUOUS
10
0.9752253543307087
20
1.1719867322834645
11
0.9750470078740158
21
1.1728832283464568
0
LINE
8
BLACK
6
CONTINUOUS
10
0.9750470078740158
20
1.1728832283464568
11
0.9748448425196851
21
1.1733411417322834
0
LINE
8
BLACK
6
CONTINUOUS
10
0.9748448425196851
20
1.1733411417322834
11
0.9746893307086614
21
1.1746814173228346
0
LINE
8
BLACK
6
CONTINUOUS
10
0.9746893307086614
20
1.1746814173228346
11
0.9746259842519684
21
1.175
0
LINE
8
BLACK
6
CONTINUOUS
10
0.9746259842519684
20
1.175
11
0.9746259842519684
21
1.21
0
LINE
8
BLACK
6
CONTINUOUS
10
0.9746259842519684
20
1.21
11
0.9746893700787401
21
1.2103187007874014
0
LINE
8
BLACK
6
CONTINUOUS
10
0.9746893700787401
20
1.2103187007874014
11
0.9748448425196851
21
1.2116588188976378
0
LINE
8
BLACK
6
CONTINUOUS
10
0.9748448425196851
20
1.2116588188976378
11
0.9750470078740158
21
1.2121166929133858
0
LINE
8
BLACK
6
CONTINUOUS
10
0.9750470078740158
20
1.2121166929133858
11
0.9752253543307087
21
1.2130132677165355
0
LINE
8
BLACK
6
CONTINUOUS
10
0.9752253543307087
20
1.2130132677165355
11
0.9758666929133858
21
1.2139731102362203
0
LINE
8
BLACK
6
CONTINUOUS
10
0.9758666929133858
20
1.2139731102362203
11
0.9760601968503937
21
1.2144112992125984
0
LINE
8
BLACK
6
CONTINUOUS
10
0.9760601968503937
20
1.2144112992125984
11
0.9763594881889763
21
1.214710590551181
0
LINE
8
BLACK
6
CONTINUOUS
10
0.9763594881889763
20
1.214710590551181
11
0.9769322440944882
21
1.2155677559055118
0
LINE
8
BLACK
6
CONTINUOUS
10
0.9769322440944882
20
1.2155677559055118
11
0.9777893700787401
21
1.2161404724409448
0
LINE
8
BLACK
6
CONTINUOUS
10
0.9777893700787401
20
1.2161404724409448
11
0.9780886614173228
21
1.2164397637795274
0
LINE
8
BLACK
6
CONTINUOUS
10
0.9780886614173228
20
1.2164397637795274
11
0.9785267716535433
21
1.216633188976378
0
LINE
8
BLACK
6
CONTINUOUS
10
0.9785267716535433
20
1.216633188976378
11
0.9794867322834645
21
1.2172746456692913
0
LINE
8
BLACK
6
CONTINUOUS
10
0.9794867322834645
20
1.2172746456692913
11
0.9803833858267716
21
1.2174529921259842
0
LINE
8
BLACK
6
CONTINUOUS
10
0.9803833858267716
20
1.2174529921259842
11
0.9808411417322834
21
1.2176551181102362
0
LINE
8
BLACK
6
CONTINUOUS
10
0.9808411417322834
20
1.2176551181102362
11
0.9821809448818898
21
1.2178105511811024
0
LINE
8
BLACK
6
CONTINUOUS
10
0.9821809448818898
20
1.2178105511811024
11
0.9824999999999999
21
1.2178740157480314
0
LINE
8
BLACK
6
CONTINUOUS
10
0.9824999999999999
20
1.2178740157480314
11
1.0374999999999999
21
1.2178740157480314
0
LINE
8
BLACK
6
CONTINUOUS
10
1.0374999999999999
20
1.2178740157480314
11
1.0378191732283464
21
1.2178105118110236
0
LINE
8
BLACK
6
CONTINUOUS
10
1.1378191732283465
20
1.2178105118110236
11
1.1391588188976378
21
1.2176551181102362
0
LINE
8
BLACK
6
CONTINUOUS
10
1.1391588188976378
20
1.2176551181102362
11
1.1396164960629922
21
1.2174529921259842
0
LINE
8
BLACK
6
CONTINUOUS
10
1.1396164960629922
20
1.2174529921259842
11
1.1405132677165355
21
1.2172746456692913
0
LINE
8
BLACK
6
CONTINUOUS
10
1.1405132677165355
20
1.2172746456692913
11
1.1414732677165353
21
1.2166331496062992
0
LINE
8
BLACK
6
CONTINUOUS
10
1.1414732677165353
20
1.2166331496062992
11
1.1419112992125984
21
1.2164397637795274
0
LINE
8
BLACK
6
CONTINUOUS
10
1.1419112992125984
20
1.2164397637795274
11
1.1422104724409448
21
1.2161405511811023
0
LINE
8
BLACK
6
CONTINUOUS
10
1.1422104724409448
20
1.2161405511811023
11
1.1430677559055118
21
1.2155677559055118
0
LINE
8
BLACK
6
CONTINUOUS
10
1.1430677559055118
20
1.2155677559055118
11
1.1436405511811023
21
1.2147104724409448
0
LINE
8
BLACK
6
CONTINUOUS
10
1.1436405511811023
20
1.2147104724409448
11
1.1439397637795274
21
1.2144112992125984
0
LINE
8
BLACK
6
CONTINUOUS
10
1.1439397637795274
20
1.2144112992125984
11
1.1441331496062992
21
1.2139732677165354
0
LINE
8
BLACK
6
CONTINUOUS
10
1.1441331496062992
20
1.2139732677165354
11
1.1447746456692913
21
1.2130132677165355
0
LINE
8
BLACK
6
CONTINUOUS
10
1.1447746456692913
20
1.2130132677165355
11
1.1449529921259842
21
1.212116496062992
0
LINE
8
BLACK
6
CONTINUOUS
10
1.1449529921259842
20
1.212116496062992
11
1.1451551181102362
21
1.2116588188976378
0
LINE
8
BLACK
6
CONTINUOUS
10
1.1451551181102362
20
1.2116588188976378
11
1.1453105118110236
21
1.210319094488189
0
LINE
8
BLACK
6
CONTINUOUS
10
1.1453105118110236
20
1.210319094488189
11
1.1453740157480314
21
1.21
0
LINE
8
BLACK
6
CONTINUOUS
10
1.1453740157480314
20
1.21
11
1.1453740157480314
21
1.175
0
LINE
8
BLACK
6
CONTINUOUS
10
1.1453740157480314
20
1.175
11
1.1453105118110236
21
1.1746808661417323
0
LINE
8
BLACK
6
CONTINUOUS
10
1.1453105118110236
20
1.1746808661417323
11
1.1451551181102362
21
1.1733411417322834
0
LINE
8
BLACK
6
CONTINUOUS
10
1.1451551181102362
20
1.1733411417322834
11
1.1449529921259842
21
1.1728833858267715
0
LINE
8
BLACK
6
CONTINUOUS
10
1.1449529921259842
20
1.1728833858267715
11
1.1447746456692913
21
1.1719867322834645
0
LINE
8
BLACK
6
CONTINUOUS
10
1.1447746456692913
20
1.1719867322834645
11
1.1441331889763779
21
1.1710267716535432
0
LINE
8
BLACK
6
CONTINUOUS
10
1.1441331889763779
20
1.1710267716535432
11
1.1439397637795274
21
1.1705886614173229
0
LINE
8
BLACK
6
CONTINUOUS
10
1.1439397637795274
20
1.1705886614173229
11
1.1436404724409448
21
1.1702893700787402
0
LINE
8
BLACK
6
CONTINUOUS
10
1.1436404724409448
20
1.1702893700787402
11
1.1430677559055118
21
1.1694322440944882
0
LINE
8
BLACK
6
CONTINUOUS
10
1.1430677559055118
20
1.1694322440944882
11
1.142210590551181
21
1.1688594881889764
0
LINE
8
BLACK
6
CONTINUOUS
10
1.142210590551181
20
1.1688594881889764
11
1.1419112992125984
21
1.1685601968503936
0
LINE
8
BLACK
6
CONTINUOUS
10
1.1419112992125984
20
1.1685601968503936
11
1.1414731102362206
21
1.1683666929133858
0
LINE
8
BLACK
6
CONTINUOUS
10
1.1414731102362206
20
1.1683666929133858
11
1.1405132677165355
21
1.1677253543307087
0
LINE
8
BLACK
6
CONTINUOUS
10
1.1405132677165355
20
1.1677253543307087
11
1.1396166929133857
21
1.1675470078740158
0
LINE
8
BLACK
6
CONTINUOUS
10
1.1396166929133857
20
1.1675470078740158
11
1.1391588188976378
21
1.1673448425196851
0
LINE
8
BLACK
6
CONTINUOUS
10
1.1391588188976378
20
1.1673448425196851
11
1.1378186220472442
21
1.1671893307086614
0
LINE
8
BLACK
6
CONTINUOUS
10
1.1378186220472442
20
1.1671893307086614
11
1.1375
21
1.1671259842519686
0
LINE
8
BLACK
6
CONTINUOUS
10
1.1375
20
1.1671259842519686
11
1.1372723228346457
21
1.1671259842519686
0
LINE
8
BLACK
6
CONTINUOUS
10
1.1372723228346457
20
1.1671259842519686
11
1.082727716535433
21
1.1671259842519686
0
LINE
8
BLACK
6
CONTINUOUS
10
1.082727716535433
20
1.1671259842519686
11
1.0825
21
1.1671259842519686
0
LINE
8
BLACK
6
CONTINUOUS
10
1.0825
20
1.1671259842519686
11
1.0821813385826771
21
1.1671893307086614
0
LINE
8
BLACK
6
CONTINUOUS
10
1.0821813385826771
20
1.1671893307086614
11
1.0808411417322834
21
1.1673448425196851
0
LINE
8
BLACK
6
CONTINUOUS
10
1.0808411417322834
20
1.1673448425196851
11
1.0803832283464567
21
1.1675470078740158
0
LINE
8
BLACK
6
CONTINUOUS
10
1.0803832283464567
20
1.1675470078740158
11
1.0794867322834645
21
1.1677253543307087
0
LINE
8
BLACK
6
CONTINUOUS
10
1.0794867322834645
20
1.1677253543307087
11
1.0785269291338582
21
1.168366653543307
0
LINE
8
BLACK
6
CONTINUOUS
10
1.0785269291338582
20
1.168366653543307
11
1.0780886614173228
21
1.1685601968503936
0
LINE
8
BLACK
6
CONTINUOUS
10
1.0780886614173228
20
1.1685601968503936
11
1.0777892519685039
21
1.1688595669291337
0
LINE
8
BLACK
6
CONTINUOUS
10
1.0777892519685039
20
1.1688595669291337
11
1.0769322440944882
21
1.1694322440944882
0
LINE
8
BLACK
6
CONTINUOUS
10
1.0769322440944882
20
1.1694322440944882
11
1.0763595669291339
21
1.170289251968504
0
LINE
8
BLACK
6
CONTINUOUS
10
1.0763595669291339
20
1.170289251968504
11
1.0760601968503938
21
1.1705886614173229
0
LINE
8
BLACK
6
CONTINUOUS
10
1.0760601968503938
20
1.1705886614173229
11
1.075866653543307
21
1.1710269291338582
0
LINE
8
BLACK
6
CONTINUOUS
10
1.075866653543307
20
1.1710269291338582
11
1.0752253543307086
21
1.1719867322834645
0
LINE
8
BLACK
6
CONTINUOUS
10
1.0752253543307086
20
1.1719867322834645
11
1.0750470078740157
21
1.1728832283464568
0
LINE
8
BLACK
6
CONTINUOUS
10
1.0750470078740157
20
1.1728832283464568
11
1.074844842519685
21
1.1733411417322834
0
LINE
8
BLACK
6
CONTINUOUS
10
1.074844842519685
20
1.1733411417322834
11
1.0746893307086614
21
1.1746814173228346
0
LINE
8
BLACK
6
CONTINUOUS
10
1.0746893307086614
20
1.1746814173228346
11
1.0746259842519685
21
1.175
0
LINE
8
BLACK
6
CONTINUOUS
10
1.0746259842519685
20
1.175
11
1.0746259842519685
21
1.21
0
LINE
8
BLACK
6
CONTINUOUS
10
1.0746259842519685
20
1.21
11
1.0746893700787401
21
1.2103187007874014
0
LINE
8
BLACK
6
CONTINUOUS
10
1.0746893700787401
20
1.2103187007874014
11
1.074844842519685
21
1.2116588188976378
0
LINE
8
BLACK
6
CONTINUOUS
10
1.074844842519685
20
1.2116588188976378
11
1.0750470078740157
21
1.2121166929133858
0
LINE
8
BLACK
6
CONTINUOUS
10
1.0750470078740157
20
1.2121166929133858
11
1.0752253543307086
21
1.2130132677165355
0
LINE
8
BLACK
6
CONTINUOUS
10
1.0752253543307086
20
1.2130132677165355
11
1.0758666929133858
21
1.2139731102362203
0
LINE
8
BLACK
6
CONTINUOUS
10
1.0758666929133858
20
1.2139731102362203
11
1.0760601968503938
21
1.2144112992125984
0
LINE
8
BLACK
6
CONTINUOUS
10
1.0760601968503938
20
1.2144112992125984
11
1.0763594881889764
21
1.214710590551181
0
LINE
8
BLACK
6
CONTINUOUS
10
1.0763594881889764
20
1.214710590551181
11
1.0769322440944882
21
1.2155677559055118
0
LINE
8
BLACK
6
CONTINUOUS
10
1.0769322440944882
20
1.2155677559055118
11
1.0777893700787402
21
1.2161404724409448
0
LINE
8
BLACK
6
CONTINUOUS
10
1.0777893700787402
20
1.2161404724409448
11
1.0780886614173228
21
1.2164397637795274
0
LINE
8
BLACK
6
CONTINUOUS
10
1.0780886614173228
20
1.2164397637795274
11
1.0785267716535434
21
1.216633188976378
0
LINE
8
BLACK
6
CONTINUOUS
10
1.0785267716535434
20
1.216633188976378
11
1.0794867322834645
21
1.2172746456692913
0
LINE
8
BLACK
6
CONTINUOUS
10
1.0794867322834645
20
1.2172746456692913
11
1.0803833858267717
21
1.2174529921259842
0
LINE
8
BLACK
6
CONTINUOUS
10
1.0803833858267717
20
1.2174529921259842
11
1.0808411417322834
21
1.2176551181102362
0
LINE
8
BLACK
6
CONTINUOUS
10
1.0808411417322834
20
1.2176551181102362
11
1.0821809448818898
21
1.2178105511811024
0
LINE
8
BLACK
6
CONTINUOUS
10
1.0821809448818898
20
1.2178105511811024
11
1.0825
21
1.2178740157480314
0
LINE
8
BLACK
6
CONTINUOUS
10
1.0825
20
1.2178740157480314
11
1.1375
21
1.2178740157480314
0
LINE
8
BLACK
6
CONTINUOUS
10
1.1375
20
1.2178740157480314
11
1.1378191732283465
21
1.2178105118110236
0
LINE
8
BLACK
6
CONTINUOUS
10
1.6056191732283465
20
1.2828105118110236
11
1.6069588188976378
21
1.2826551181102361
0
LINE
8
BLACK
6
CONTINUOUS
10
1.6069588188976378
20
1.2826551181102361
11
1.6074164960629922
21
1.2824529921259842
0
LINE
8
BLACK
6
CONTINUOUS
10
1.6074164960629922
20
1.2824529921259842
11
1.6083132677165355
21
1.2822746456692913
0
LINE
8
BLACK
6
CONTINUOUS
10
1.6083132677165355
20
1.2822746456692913
11
1.6092732677165353
21
1.2816331496062991
0
LINE
8
BLACK
6
CONTINUOUS
10
1.6092732677165353
20
1.2816331496062991
11
1.6097112992125984
21
1.2814397637795276
0
LINE
8
BLACK
6
CONTINUOUS
10
1.6097112992125984
20
1.2814397637795276
11
1.6100104724409448
21
1.2811405511811023
0
LINE
8
BLACK
6
CONTINUOUS
10
1.6100104724409448
20
1.2811405511811023
11
1.6108677559055118
21
1.2805677559055118
0
LINE
8
BLACK
6
CONTINUOUS
10
1.6108677559055118
20
1.2805677559055118
11
1.6114405511811023
21
1.2797104724409449
0
LINE
8
BLACK
6
CONTINUOUS
10
1.6114405511811023
20
1.2797104724409449
11
1.6117397637795274
21
1.2794112992125983
0
LINE
8
BLACK
6
CONTINUOUS
10
1.6117397637795274
20
1.2794112992125983
11
1.6119331496062992
21
1.2789732677165353
0
LINE
8
BLACK
6
CONTINUOUS
10
1.6119331496062992
20
1.2789732677165353
11
1.6125746456692913
21
1.2780132677165355
0
LINE
8
BLACK
6
CONTINUOUS
10
1.6125746456692913
20
1.2780132677165355
11
1.6127529921259842
21
1.2771164960629922
0
LINE
8
BLACK
6
CONTINUOUS
10
1.6127529921259842
20
1.2771164960629922
11
1.6129551181102362
21
1.2766588188976378
0
LINE
8
BLACK
6
CONTINUOUS
10
1.6129551181102362
20
1.2766588188976378
11
1.6131105118110236
21
1.2753190944881889
0
LINE
8
BLACK
6
CONTINUOUS
10
1.6131105118110236
20
1.2753190944881889
11
1.6131740157480314
21
1.2749999999999999
0
LINE
8
BLACK
6
CONTINUOUS
10
1.6131740157480314
20
1.2749999999999999
11
1.6131740157480314
21
1.1765999999999999
0
LINE
8
BLACK
6
CONTINUOUS
10
1.6131740157480314
20
1.1765999999999999
11
1.6131105118110236
21
1.1762808661417323
0
LINE
8
BLACK
6
CONTINUOUS
10
1.6131105118110236
20
1.1762808661417323
11
1.6129551181102362
21
1.1749411417322835
0
LINE
8
BLACK
6
CONTINUOUS
10
1.6129551181102362
20
1.1749411417322835
11
1.6127529921259842
21
1.1744833858267716
0
LINE
8
BLACK
6
CONTINUOUS
10
1.6127529921259842
20
1.1744833858267716
11
1.6125746456692913
21
1.1735867322834646
0
LINE
8
BLACK
6
CONTINUOUS
10
1.6125746456692913
20
1.1735867322834646
11
1.6119331889763779
21
1.1726267716535432
0
LINE
8
BLACK
6
CONTINUOUS
10
1.6119331889763779
20
1.1726267716535432
11
1.6117397637795274
21
1.1721886614173227
0
LINE
8
BLACK
6
CONTINUOUS
10
1.6117397637795274
20
1.1721886614173227
11
1.6114404724409448
21
1.1718893700787401
0
LINE
8
BLACK
6
CONTINUOUS
10
1.6114404724409448
20
1.1718893700787401
11
1.6108677559055118
21
1.1710322440944883
0
LINE
8
BLACK
6
CONTINUOUS
10
1.6108677559055118
20
1.1710322440944883
11
1.610010590551181
21
1.1704594881889763
0
LINE
8
BLACK
6
CONTINUOUS
10
1.610010590551181
20
1.1704594881889763
11
1.6097112992125984
21
1.1701601968503936
0
LINE
8
BLACK
6
CONTINUOUS
10
1.6097112992125984
20
1.1701601968503936
11
1.6092731102362203
21
1.1699666929133858
0
LINE
8
BLACK
6
CONTINUOUS
10
1.6092731102362203
20
1.1699666929133858
11
1.6083132677165355
21
1.1693253543307087
0
LINE
8
BLACK
6
CONTINUOUS
10
1.6083132677165355
20
1.1693253543307087
11
1.6074166929133857
21
1.1691470078740158
0
LINE
8
BLACK
6
CONTINUOUS
10
1.6074166929133857
20
1.1691470078740158
11
1.6069588188976378
21
1.1689448425196851
0
LINE
8
BLACK
6
CONTINUOUS
10
1.6069588188976378
20
1.1689448425196851
11
1.6056186220472441
21
1.1687893307086614
0
LINE
8
BLACK
6
CONTINUOUS
10
1.6056186220472441
20
1.1687893307086614
11
1.6052999999999999
21
1.1687259842519684
0
LINE
8
BLACK
6
CONTINUOUS
10
1.6052999999999999
20
1.1687259842519684
11
1.6050723228346457
21
1.1687259842519684
0
LINE
8
BLACK
6
CONTINUOUS
10
1.6050723228346457
20
1.1687259842519684
11
1.5149277165354331
21
1.1687259842519684
0
LINE
8
BLACK
6
CONTINUOUS
10
1.5149277165354331
20
1.1687259842519684
11
1.5146999999999999
21
1.1687259842519684
0
LINE
8
BLACK
6
CONTINUOUS
10
1.5146999999999999
20
1.1687259842519684
11
1.5143813385826772
21
1.1687893307086614
0
LINE
8
BLACK
6
CONTINUOUS
10
1.5143813385826772
20
1.1687893307086614
11
1.5130411417322833
21
1.1689448425196851
0
LINE
8
BLACK
6
CONTINUOUS
10
1.5130411417322833
20
1.1689448425196851
11
1.5125832283464566
21
1.1691470078740158
0
LINE
8
BLACK
6
CONTINUOUS
10
1.5125832283464566
20
1.1691470078740158
11
1.5116867322834646
21
1.1693253543307087
0
LINE
8
BLACK
6
CONTINUOUS
10
1.5116867322834646
20
1.1693253543307087
11
1.5107269291338583
21
1.1699666535433071
0
LINE
8
BLACK
6
CONTINUOUS
10
1.5107269291338583
20
1.1699666535433071
11
1.5102886614173228
21
1.1701601968503936
0
LINE
8
BLACK
6
CONTINUOUS
10
1.5102886614173228
20
1.1701601968503936
11
1.5099892519685039
21
1.1704595669291338
0
LINE
8
BLACK
6
CONTINUOUS
10
1.5099892519685039
20
1.1704595669291338
11
1.5091322440944881
21
1.1710322440944883
0
LINE
8
BLACK
6
CONTINUOUS
10
1.5091322440944881
20
1.1710322440944883
11
1.5085595669291338
21
1.171889251968504
0
LINE
8
BLACK
6
CONTINUOUS
10
1.5085595669291338
20
1.171889251968504
11
1.5082601968503937
21
1.1721886614173227
0
LINE
8
BLACK
6
CONTINUOUS
10
1.5082601968503937
20
1.1721886614173227
11
1.5080666535433072
21
1.1726269291338582
0
LINE
8
BLACK
6
CONTINUOUS
10
1.5080666535433072
20
1.1726269291338582
11
1.5074253543307086
21
1.1735867322834646
0
LINE
8
BLACK
6
CONTINUOUS
10
1.5074253543307086
20
1.1735867322834646
11
1.5072470078740157
21
1.1744832283464566
0
LINE
8
BLACK
6
CONTINUOUS
10
1.5072470078740157
20
1.1744832283464566
11
1.507044842519685
21
1.1749411417322835
0
LINE
8
BLACK
6
CONTINUOUS
10
1.507044842519685
20
1.1749411417322835
11
1.5068893307086615
21
1.1762814173228346
0
LINE
8
BLACK
6
CONTINUOUS
10
1.5068893307086615
20
1.1762814173228346
11
1.5068259842519685
21
1.1765999999999999
0
LINE
8
BLACK
6
CONTINUOUS
10
1.5068259842519685
20
1.1765999999999999
11
1.5068259842519685
21
1.2749999999999999
0
LINE
8
BLACK
6
CONTINUOUS
10
1.5068259842519685
20
1.2749999999999999
11
1.50688937007874
21
1.2753187007874016
0
LINE
8
BLACK
6
CONTINUOUS
10
1.50688937007874
20
1.2753187007874016
11
1.507044842519685
21
1.2766588188976378
0
LINE
8
BLACK
6
CONTINUOUS
10
1.507044842519685
20
1.2766588188976378
11
1.5072470078740157
21
1.2771166929133857
0
LINE
8
BLACK
6
CONTINUOUS
10
1.5072470078740157
20
1.2771166929133857
11
1.5074253543307086
21
1.2780132677165355
0
LINE
8
BLACK
6
CONTINUOUS
10
1.5074253543307086
20
1.2780132677165355
11
1.5080666929133857
21
1.2789731102362205
0
LINE
8
BLACK
6
CONTINUOUS
10
1.5080666929133857
20
1.2789731102362205
11
1.5082601968503937
21
1.2794112992125983
0
LINE
8
BLACK
6
CONTINUOUS
10
1.5082601968503937
20
1.2794112992125983
11
1.5085594881889763
21
1.279710590551181
0
LINE
8
BLACK
6
CONTINUOUS
10
1.5085594881889763
20
1.279710590551181
11
1.5091322440944881
21
1.2805677559055118
0
LINE
8
BLACK
6
CONTINUOUS
10
1.5091322440944881
20
1.2805677559055118
11
1.5099893700787401
21
1.2811404724409448
0
LINE
8
BLACK
6
CONTINUOUS
10
1.5099893700787401
20
1.2811404724409448
11
1.5102886614173228
21
1.2814397637795276
0
LINE
8
BLACK
6
CONTINUOUS
10
1.5102886614173228
20
1.2814397637795276
11
1.5107267716535433
21
1.2816331889763779
0
LINE
8
BLACK
6
CONTINUOUS
10
1.5107267716535433
20
1.2816331889763779
11
1.5116867322834646
21
1.2822746456692913
0
LINE
8
BLACK
6
CONTINUOUS
10
1.5116867322834646
20
1.2822746456692913
11
1.5125833858267717
21
1.2824529921259842
0
LINE
8
BLACK
6
CONTINUOUS
10
1.5125833858267717
20
1.2824529921259842
11
1.5130411417322833
21
1.2826551181102361
0
LINE
8
BLACK
6
CONTINUOUS
10
1.5130411417322833
20
1.2826551181102361
11
1.5143809448818897
21
1.2828105511811023
0
LINE
8
BLACK
6
CONTINUOUS
10
1.5143809448818897
20
1.2828105511811023
11
1.5146999999999999
21
1.2828740157480314
0
LINE
8
BLACK
6
CONTINUOUS
10
1.5146999999999999
20
1.2828740157480314
11
1.6052999999999999
21
1.2828740157480314
0
LINE
8
BLACK
6
CONTINUOUS
10
1.6052999999999999
20
1.2828740157480314
11
1.6056191732283465
21
1.2828105118110236
0
LINE
8
BLACK
6
CONTINUOUS
10
0.5006191732283465
20
1.3070105118110236
11
0.5019588188976378
21
1.3068551181102361
0
LINE
8
BLACK
6
CONTINUOUS
10
0.5019588188976378
20
1.3068551181102361
11
0.5024164960629921
21
1.3066529921259842
0
LINE
8
BLACK
6
CONTINUOUS
10
0.5024164960629921
20
1.3066529921259842
11
0.5033132677165354
21
1.3064746456692913
0
LINE
8
BLACK
6
CONTINUOUS
10
0.5033132677165354
20
1.3064746456692913
11
0.5042732677165355
21
1.3058331496062991
0
LINE
8
BLACK
6
CONTINUOUS
10
0.5042732677165355
20
1.3058331496062991
11
0.5047112992125984
21
1.3056397637795276
0
LINE
8
BLACK
6
CONTINUOUS
10
0.5047112992125984
20
1.3056397637795276
11
0.5050104724409449
21
1.3053405511811023
0
LINE
8
BLACK
6
CONTINUOUS
10
0.5050104724409449
20
1.3053405511811023
11
0.5058677559055118
21
1.3047677559055118
0
LINE
8
BLACK
6
CONTINUOUS
10
0.5058677559055118
20
1.3047677559055118
11
0.5064405511811023
21
1.3039104724409449
0
LINE
8
BLACK
6
CONTINUOUS
10
0.5064405511811023
20
1.3039104724409449
11
0.5067397637795276
21
1.3036112992125983
0
LINE
8
BLACK
6
CONTINUOUS
10
0.5067397637795276
20
1.3036112992125983
11
0.5069331496062992
21
1.3031732677165353
0
LINE
8
BLACK
6
CONTINUOUS
10
0.5069331496062992
20
1.3031732677165353
11
0.5075746456692913
21
1.3022132677165354
0
LINE
8
BLACK
6
CONTINUOUS
10
0.5075746456692913
20
1.3022132677165354
11
0.5077529921259842
21
1.3013164960629922
0
LINE
8
BLACK
6
CONTINUOUS
10
0.5077529921259842
20
1.3013164960629922
11
0.5079551181102362
21
1.3008588188976378
0
LINE
8
BLACK
6
CONTINUOUS
10
0.5079551181102362
20
1.3008588188976378
11
0.5081105118110236
21
1.2995190944881889
0
LINE
8
BLACK
6
CONTINUOUS
10
0.5081105118110236
20
1.2995190944881889
11
0.5081740157480314
21
1.2991999999999999
0
LINE
8
BLACK
6
CONTINUOUS
10
0.5081740157480314
20
1.2991999999999999
11
0.5081740157480314
21
1.2007999999999999
0
LINE
8
BLACK
6
CONTINUOUS
10
0.5081740157480314
20
1.2007999999999999
11
0.5081105118110236
21
1.2004808661417323
0
LINE
8
BLACK
6
CONTINUOUS
10
0.5081105118110236
20
1.2004808661417323
11
0.5079551181102362
21
1.1991411417322835
0
LINE
8
BLACK
6
CONTINUOUS
10
0.5079551181102362
20
1.1991411417322835
11
0.5077529921259842
21
1.1986833858267716
0
LINE
8
BLACK
6
CONTINUOUS
10
0.5077529921259842
20
1.1986833858267716
11
0.5075746456692913
21
1.1977867322834646
0
LINE
8
BLACK
6
CONTINUOUS
10
0.5075746456692913
20
1.1977867322834646
11
0.506933188976378
21
1.1968267716535432
0
LINE
8
BLACK
6
CONTINUOUS
10
0.506933188976378
20
1.1968267716535432
11
0.5067397637795276
21
1.1963886614173229
0
LINE
8
BLACK
6
CONTINUOUS
10
0.5067397637795276
20
1.1963886614173229
11
0.5064404724409449
21
1.1960893700787401
0
LINE
8
BLACK
6
CONTINUOUS
10
0.5064404724409449
20
1.1960893700787401
11
0.5058677559055118
21
1.1952322440944882
0
LINE
8
BLACK
6
CONTINUOUS
10
0.5058677559055118
20
1.1952322440944882
11
0.5050105905511811
21
1.1946594881889763
0
LINE
8
BLACK
6
CONTINUOUS
10
0.5050105905511811
20
1.1946594881889763
11
0.5047112992125984
21
1.1943601968503936
0
LINE
8
BLACK
6
CONTINUOUS
10
0.5047112992125984
20
1.1943601968503936
11
0.5042731102362205
21
1.1941666929133858
0
LINE
8
BLACK
6
CONTINUOUS
10
0.5042731102362205
20
1.1941666929133858
11
0.5033132677165354
21
1.1935253543307087
0
LINE
8
BLACK
6
CONTINUOUS
10
0.5033132677165354
20
1.1935253543307087
11
0.5024166929133859
21
1.1933470078740158
0
LINE
8
BLACK
6
CONTINUOUS
10
0.5024166929133859
20
1.1933470078740158
11
0.5019588188976378
21
1.1931448425196851
0
LINE
8
BLACK
6
CONTINUOUS
10
0.5019588188976378
20
1.1931448425196851
11
0.5006186220472441
21
1.1929893307086614
0
LINE
8
BLACK
6
CONTINUOUS
10
0.5006186220472441
20
1.1929893307086614
11
0.5003
21
1.1929259842519684
0
LINE
8
BLACK
6
CONTINUOUS
10
0.5003
20
1.1929259842519684
11
0.5000723228346456
21
1.1929259842519684
0
LINE
8
BLACK
6
CONTINUOUS
10
0.5000723228346456
20
1.1929259842519684
11
0.4099277165354331
21
1.1929259842519684
0
LINE
8
BLACK
6
CONTINUOUS
10
0.4099277165354331
20
1.1929259842519684
11
0.4097
21
1.1929259842519684
0
LINE
8
BLACK
6
CONTINUOUS
10
0.4097
20
1.1929259842519684
11
0.4093813385826772
21
1.1929893307086614
0
LINE
8
BLACK
6
CONTINUOUS
10
0.4093813385826772
20
1.1929893307086614
11
0.4080411417322835
21
1.1931448425196851
0
LINE
8
BLACK
6
CONTINUOUS
10
0.4080411417322835
20
1.1931448425196851
11
0.4075832283464567
21
1.1933470078740158
0
LINE
8
BLACK
6
CONTINUOUS
10
0.4075832283464567
20
1.1933470078740158
11
0.4066867322834646
21
1.1935253543307087
0
LINE
8
BLACK
6
CONTINUOUS
10
0.4066867322834646
20
1.1935253543307087
11
0.4057269291338583
21
1.1941666535433071
0
LINE
8
BLACK
6
CONTINUOUS
10
0.4057269291338583
20
1.1941666535433071
11
0.4052886614173228
21
1.1943601968503936
0
LINE
8
BLACK
6
CONTINUOUS
10
0.4052886614173228
20
1.1943601968503936
11
0.4049892519685039
21
1.1946595669291338
0
LINE
8
BLACK
6
CONTINUOUS
10
0.4049892519685039
20
1.1946595669291338
11
0.4041322440944882
21
1.1952322440944882
0
LINE
8
BLACK
6
CONTINUOUS
10
0.4041322440944882
20
1.1952322440944882
11
0.4035595669291339
21
1.196089251968504
0
LINE
8
BLACK
6
CONTINUOUS
10
0.4035595669291339
20
1.196089251968504
11
0.4032601968503937
21
1.1963886614173229
0
LINE
8
BLACK
6
CONTINUOUS
10
0.4032601968503937
20
1.1963886614173229
11
0.4030666535433071
21
1.1968269291338582
0
LINE
8
BLACK
6
CONTINUOUS
10
0.4030666535433071
20
1.1968269291338582
11
0.4024253543307086
21
1.1977867322834646
0
LINE
8
BLACK
6
CONTINUOUS
10
0.4024253543307086
20
1.1977867322834646
11
0.4022470078740157
21
1.1986832283464566
0
LINE
8
BLACK
6
CONTINUOUS
10
0.4022470078740157
20
1.1986832283464566
11
0.402044842519685
21
1.1991411417322835
0
LINE
8
BLACK
6
CONTINUOUS
10
0.402044842519685
20
1.1991411417322835
11
0.4018893307086614
21
1.2004814173228346
0
LINE
8
BLACK
6
CONTINUOUS
10
0.4018893307086614
20
1.2004814173228346
11
0.4018259842519685
21
1.2007999999999999
0
LINE
8
BLACK
6
CONTINUOUS
10
0.4018259842519685
20
1.2007999999999999
11
0.4018259842519685
21
1.2991999999999999
0
LINE
8
BLACK
6
CONTINUOUS
10
0.4018259842519685
20
1.2991999999999999
11
0.4018893700787401
21
1.2995187007874016
0
LINE
8
BLACK
6
CONTINUOUS
10
0.4018893700787401
20
1.2995187007874016
11
0.402044842519685
21
1.3008588188976378
0
LINE
8
BLACK
6
CONTINUOUS
10
0.402044842519685
20
1.3008588188976378
11
0.4022470078740157
21
1.3013166929133857
0
LINE
8
BLACK
6
CONTINUOUS
10
0.4022470078740157
20
1.3013166929133857
11
0.4024253543307086
21
1.3022132677165354
0
LINE
8
BLACK
6
CONTINUOUS
10
0.4024253543307086
20
1.3022132677165354
11
0.4030666929133858
21
1.3031731102362205
0
LINE
8
BLACK
6
CONTINUOUS
10
0.4030666929133858
20
1.3031731102362205
11
0.4032601968503937
21
1.3036112992125983
0
LINE
8
BLACK
6
CONTINUOUS
10
0.4032601968503937
20
1.3036112992125983
11
0.4035594881889764
21
1.303910590551181
0
LINE
8
BLACK
6
CONTINUOUS
10
0.4035594881889764
20
1.303910590551181
11
0.4041322440944882
21
1.3047677559055118
0
LINE
8
BLACK
6
CONTINUOUS
10
0.4041322440944882
20
1.3047677559055118
11
0.4049893700787401
21
1.3053404724409448
0
LINE
8
BLACK
6
CONTINUOUS
10
0.4049893700787401
20
1.3053404724409448
11
0.4052886614173228
21
1.3056397637795276
0
LINE
8
BLACK
6
CONTINUOUS
10
0.4052886614173228
20
1.3056397637795276
11
0.4057267716535433
21
1.3058331889763779
0
LINE
8
BLACK
6
CONTINUOUS
10
0.4057267716535433
20
1.3058331889763779
11
0.4066867322834646
21
1.3064746456692913
0
LINE
8
BLACK
6
CONTINUOUS
10
0.4066867322834646
20
1.3064746456692913
11
0.4075833858267717
21
1.3066529921259842
0
LINE
8
BLACK
6
CONTINUOUS
10
0.4075833858267717
20
1.3066529921259842
11
0.4080411417322835
21
1.3068551181102361
0
LINE
8
BLACK
6
CONTINUOUS
10
0.4080411417322835
20
1.3068551181102361
11
0.4093809448818898
21
1.3070105511811023
0
LINE
8
BLACK
6
CONTINUOUS
10
0.4093809448818898
20
1.3070105511811023
11
0.4097
21
1.3070740157480314
0
LINE
8
BLACK
6
CONTINUOUS
10
0.4097
20
1.3070740157480314
11
0.5003
21
1.3070740157480314
0
LINE
8
BLACK
6
CONTINUOUS
10
0.5003
20
1.3070740157480314
11
0.5006191732283465
21
1.3070105118110236
0
LINE
8
BLACK
6
CONTINUOUS
10
1.2378191732283463
20
1.2903105118110236
11
1.2391588188976377
21
1.2901551181102362
0
LINE
8
BLACK
6
CONTINUOUS
10
1.2391588188976377
20
1.2901551181102362
11
1.2396164960629921
21
1.2899529921259842
0
LINE
8
BLACK
6
CONTINUOUS
10
1.2396164960629921
20
1.2899529921259842
11
1.2405132677165354
21
1.2897746456692913
0
LINE
8
BLACK
6
CONTINUOUS
10
1.2405132677165354
20
1.2897746456692913
11
1.2414732677165354
21
1.2891331496062992
0
LINE
8
BLACK
6
CONTINUOUS
10
1.2414732677165354
20
1.2891331496062992
11
1.2419112992125985
21
1.2889397637795275
0
LINE
8
BLACK
6
CONTINUOUS
10
1.2419112992125985
20
1.2889397637795275
11
1.2422104724409448
21
1.2886405511811023
0
LINE
8
BLACK
6
CONTINUOUS
10
1.2422104724409448
20
1.2886405511811023
11
1.2430677559055119
21
1.2880677559055118
0
LINE
8
BLACK
6
CONTINUOUS
10
1.2430677559055119
20
1.2880677559055118
11
1.2436405511811024
21
1.2872104724409448
0
LINE
8
BLACK
6
CONTINUOUS
10
1.2436405511811024
20
1.2872104724409448
11
1.2439397637795275
21
1.2869112992125984
0
LINE
8
BLACK
6
CONTINUOUS
10
1.2439397637795275
20
1.2869112992125984
11
1.2441331496062993
21
1.2864732677165354
0
LINE
8
BLACK
6
CONTINUOUS
10
1.2441331496062993
20
1.2864732677165354
11
1.2447746456692914
21
1.2855132677165355
0
LINE
8
BLACK
6
CONTINUOUS
10
1.2447746456692914
20
1.2855132677165355
11
1.2449529921259843
21
1.284616496062992
0
LINE
8
BLACK
6
CONTINUOUS
10
1.2449529921259843
20
1.284616496062992
11
1.2451551181102363
21
1.2841588188976378
0
LINE
8
BLACK
6
CONTINUOUS
10
1.2451551181102363
20
1.2841588188976378
11
1.2453105118110237
21
1.282819094488189
0
LINE
8
BLACK
6
CONTINUOUS
10
1.2453105118110237
20
1.282819094488189
11
1.2453740157480315
21
1.2825
0
LINE
8
BLACK
6
CONTINUOUS
10
1.2453740157480315
20
1.2825
11
1.2453740157480315
21
1.2475000000000001
0
LINE
8
BLACK
6
CONTINUOUS
10
1.2453740157480315
20
1.2475000000000001
11
1.2453105118110237
21
1.2471808661417323
0
LINE
8
BLACK
6
CONTINUOUS
10
1.2453105118110237
20
1.2471808661417323
11
1.2451551181102363
21
1.2458411417322834
0
LINE
8
BLACK
6
CONTINUOUS
10
1.2451551181102363
20
1.2458411417322834
11
1.2449529921259843
21
1.2453833858267715
0
LINE
8
BLACK
6
CONTINUOUS
10
1.2449529921259843
20
1.2453833858267715
11
1.2447746456692914
21
1.2444867322834645
0
LINE
8
BLACK
6
CONTINUOUS
10
1.2447746456692914
20
1.2444867322834645
11
1.244133188976378
21
1.2435267716535432
0
LINE
8
BLACK
6
CONTINUOUS
10
1.244133188976378
20
1.2435267716535432
11
1.2439397637795275
21
1.2430886614173229
0
LINE
8
BLACK
6
CONTINUOUS
10
1.2439397637795275
20
1.2430886614173229
11
1.2436404724409449
21
1.24278937007874
0
LINE
8
BLACK
6
CONTINUOUS
10
1.2436404724409449
20
1.24278937007874
11
1.2430677559055119
21
1.2419322440944882
0
LINE
8
BLACK
6
CONTINUOUS
10
1.2430677559055119
20
1.2419322440944882
11
1.2422105905511811
21
1.2413594881889765
0
LINE
8
BLACK
6
CONTINUOUS
10
1.2422105905511811
20
1.2413594881889765
11
1.2419112992125985
21
1.2410601968503936
0
LINE
8
BLACK
6
CONTINUOUS
10
1.2419112992125985
20
1.2410601968503936
11
1.2414731102362204
21
1.2408666929133858
0
LINE
8
BLACK
6
CONTINUOUS
10
1.2414731102362204
20
1.2408666929133858
11
1.2405132677165354
21
1.2402253543307087
0
LINE
8
BLACK
6
CONTINUOUS
10
1.2405132677165354
20
1.2402253543307087
11
1.2396166929133858
21
1.2400470078740158
0
LINE
8
BLACK
6
CONTINUOUS
10
1.2396166929133858
20
1.2400470078740158
11
1.2391588188976377
21
1.2398448425196851
0
LINE
8
BLACK
6
CONTINUOUS
10
1.2391588188976377
20
1.2398448425196851
11
1.237818622047244
21
1.2396893307086614
0
LINE
8
BLACK
6
CONTINUOUS
10
1.237818622047244
20
1.2396893307086614
11
1.2375
21
1.2396259842519686
0
LINE
8
BLACK
6
CONTINUOUS
10
1.2375
20
1.2396259842519686
11
1.2372723228346456
21
1.2396259842519686
0
LINE
8
BLACK
6
CONTINUOUS
10
1.2372723228346456
20
1.2396259842519686
11
1.1827277165354331
21
1.2396259842519686
0
LINE
8
BLACK
6
CONTINUOUS
10
1.1827277165354331
20
1.2396259842519686
11
1.1824999999999999
21
1.2396259842519686
0
LINE
8
BLACK
6
CONTINUOUS
10
1.1824999999999999
20
1.2396259842519686
11
1.1821813385826772
21
1.2396893307086614
0
LINE
8
BLACK
6
CONTINUOUS
10
1.1821813385826772
20
1.2396893307086614
11
1.1808411417322835
21
1.2398448425196851
0
LINE
8
BLACK
6
CONTINUOUS
10
1.1808411417322835
20
1.2398448425196851
11
1.1803832283464566
21
1.2400470078740158
0
LINE
8
BLACK
6
CONTINUOUS
10
1.1803832283464566
20
1.2400470078740158
11
1.1794867322834646
21
1.2402253543307087
0
LINE
8
BLACK
6
CONTINUOUS
10
1.1794867322834646
20
1.2402253543307087
11
1.1785269291338583
21
1.2408666535433071
0
LINE
8
BLACK
6
CONTINUOUS
10
1.1785269291338583
20
1.2408666535433071
11
1.1780886614173227
21
1.2410601968503936
0
LINE
8
BLACK
6
CONTINUOUS
10
1.1780886614173227
20
1.2410601968503936
11
1.1777892519685038
21
1.2413595669291337
0
LINE
8
BLACK
6
CONTINUOUS
10
1.1777892519685038
20
1.2413595669291337
11
1.1769322440944883
21
1.2419322440944882
0
LINE
8
BLACK
6
CONTINUOUS
10
1.1769322440944883
20
1.2419322440944882
11
1.1763595669291338
21
1.242789251968504
0
LINE
8
BLACK
6
CONTINUOUS
10
1.1763595669291338
20
1.242789251968504
11
1.1760601968503936
21
1.2430886614173229
0
LINE
8
BLACK
6
CONTINUOUS
10
1.1760601968503936
20
1.2430886614173229
11
1.1758666535433071
21
1.2435269291338582
0
LINE
8
BLACK
6
CONTINUOUS
10
1.1758666535433071
20
1.2435269291338582
11
1.1752253543307087
21
1.2444867322834645
0
LINE
8
BLACK
6
CONTINUOUS
10
1.1752253543307087
20
1.2444867322834645
11
1.1750470078740156
21
1.2453832283464568
0
LINE
8
BLACK
6
CONTINUOUS
10
1.1750470078740156
20
1.2453832283464568
11
1.1748448425196849
21
1.2458411417322834
0
LINE
8
BLACK
6
CONTINUOUS
10
1.1748448425196849
20
1.2458411417322834
11
1.1746893307086614
21
1.2471814173228346
0
LINE
8
BLACK
6
CONTINUOUS
10
1.1746893307086614
20
1.2471814173228346
11
1.1746259842519684
21
1.2475000000000001
0
LINE
8
BLACK
6
CONTINUOUS
10
1.1746259842519684
20
1.2475000000000001
11
1.1746259842519684
21
1.2825
0
LINE
8
BLACK
6
CONTINUOUS
10
1.1746259842519684
20
1.2825
11
1.1746893700787402
21
1.2828187007874015
0
LINE
8
BLACK
6
CONTINUOUS
10
1.1746893700787402
20
1.2828187007874015
11
1.1748448425196849
21
1.2841588188976378
0
LINE
8
BLACK
6
CONTINUOUS
10
1.1748448425196849
20
1.2841588188976378
11
1.1750470078740156
21
1.2846166929133858
0
LINE
8
BLACK
6
CONTINUOUS
10
1.1750470078740156
20
1.2846166929133858
11
1.1752253543307087
21
1.2855132677165355
0
LINE
8
BLACK
6
CONTINUOUS
10
1.1752253543307087
20
1.2855132677165355
11
1.1758666929133859
21
1.2864731102362204
0
LINE
8
BLACK
6
CONTINUOUS
10
1.1758666929133859
20
1.2864731102362204
11
1.1760601968503936
21
1.2869112992125984
0
LINE
8
BLACK
6
CONTINUOUS
10
1.1760601968503936
20
1.2869112992125984
11
1.1763594881889763
21
1.287210590551181
0
LINE
8
BLACK
6
CONTINUOUS
10
1.1763594881889763
20
1.287210590551181
11
1.1769322440944883
21
1.2880677559055118
0
LINE
8
BLACK
6
CONTINUOUS
10
1.1769322440944883
20
1.2880677559055118
11
1.1777893700787401
21
1.2886404724409448
0
LINE
8
BLACK
6
CONTINUOUS
10
1.1777893700787401
20
1.2886404724409448
11
1.1780886614173227
21
1.2889397637795275
0
LINE
8
BLACK
6
CONTINUOUS
10
1.1780886614173227
20
1.2889397637795275
11
1.1785267716535432
21
1.289133188976378
0
LINE
8
BLACK
6
CONTINUOUS
10
1.1785267716535432
20
1.289133188976378
11
1.1794867322834646
21
1.2897746456692913
0
LINE
8
BLACK
6
CONTINUOUS
10
1.1794867322834646
20
1.2897746456692913
11
1.1803833858267716
21
1.2899529921259842
0
LINE
8
BLACK
6
CONTINUOUS
10
1.1803833858267716
20
1.2899529921259842
11
1.1808411417322835
21
1.2901551181102362
0
LINE
8
BLACK
6
CONTINUOUS
10
1.1808411417322835
20
1.2901551181102362
11
1.1821809448818896
21
1.2903105511811024
0
LINE
8
BLACK
6
CONTINUOUS
10
1.1821809448818896
20
1.2903105511811024
11
1.1824999999999999
21
1.2903740157480315
0
LINE
8
BLACK
6
CONTINUOUS
10
1.1824999999999999
20
1.2903740157480315
11
1.2375
21
1.2903740157480315
0
LINE
8
BLACK
6
CONTINUOUS
10
1.2375
20
1.2903740157480315
11
1.2378191732283463
21
1.2903105118110236
0
LINE
8
BLACK
6
CONTINUOUS
10
1.3378191732283464
20
1.2903105118110236
11
1.3391588188976378
21
1.2901551181102362
0
LINE
8
BLACK
6
CONTINUOUS
10
1.3391588188976378
20
1.2901551181102362
11
1.3396164960629922
21
1.2899529921259842
0
LINE
8
BLACK
6
CONTINUOUS
10
1.3396164960629922
20
1.2899529921259842
11
1.3405132677165355
21
1.2897746456692913
0
LINE
8
BLACK
6
CONTINUOUS
10
1.3405132677165355
20
1.2897746456692913
11
1.3414732677165353
21
1.2891331496062992
0
LINE
8
BLACK
6
CONTINUOUS
10
1.3414732677165353
20
1.2891331496062992
11
1.3419112992125983
21
1.2889397637795275
0
LINE
8
BLACK
6
CONTINUOUS
10
1.3419112992125983
20
1.2889397637795275
11
1.3422104724409449
21
1.2886405511811023
0
LINE
8
BLACK
6
CONTINUOUS
10
1.3422104724409449
20
1.2886405511811023
11
1.3430677559055118
21
1.2880677559055118
0
LINE
8
BLACK
6
CONTINUOUS
10
1.3430677559055118
20
1.2880677559055118
11
1.3436405511811023
21
1.2872104724409448
0
LINE
8
BLACK
6
CONTINUOUS
10
1.3436405511811023
20
1.2872104724409448
11
1.3439397637795276
21
1.2869112992125984
0
LINE
8
BLACK
6
CONTINUOUS
10
1.3439397637795276
20
1.2869112992125984
11
1.3441331496062991
21
1.2864732677165354
0
LINE
8
BLACK
6
CONTINUOUS
10
1.3441331496062991
20
1.2864732677165354
11
1.3447746456692913
21
1.2855132677165355
0
LINE
8
BLACK
6
CONTINUOUS
10
1.3447746456692913
20
1.2855132677165355
11
1.3449529921259842
21
1.284616496062992
0
LINE
8
BLACK
6
CONTINUOUS
10
1.3449529921259842
20
1.284616496062992
11
1.3451551181102361
21
1.2841588188976378
0
LINE
8
BLACK
6
CONTINUOUS
10
1.3451551181102361
20
1.2841588188976378
11
1.3453105118110236
21
1.282819094488189
0
LINE
8
BLACK
6
CONTINUOUS
10
1.3453105118110236
20
1.282819094488189
11
1.3453740157480314
21
1.2825
0
LINE
8
BLACK
6
CONTINUOUS
10
1.3453740157480314
20
1.2825
11
1.3453740157480314
21
1.2475000000000001
0
LINE
8
BLACK
6
CONTINUOUS
10
1.3453740157480314
20
1.2475000000000001
11
1.3453105118110236
21
1.2471808661417323
0
LINE
8
BLACK
6
CONTINUOUS
10
1.3453105118110236
20
1.2471808661417323
11
1.3451551181102361
21
1.2458411417322834
0
LINE
8
BLACK
6
CONTINUOUS
10
1.3451551181102361
20
1.2458411417322834
11
1.3449529921259842
21
1.2453833858267715
0
LINE
8
BLACK
6
CONTINUOUS
10
1.3449529921259842
20
1.2453833858267715
11
1.3447746456692913
21
1.2444867322834645
0
LINE
8
BLACK
6
CONTINUOUS
10
1.3447746456692913
20
1.2444867322834645
11
1.3441331889763779
21
1.2435267716535432
0
LINE
8
BLACK
6
CONTINUOUS
10
1.3441331889763779
20
1.2435267716535432
11
1.3439397637795276
21
1.2430886614173229
0
LINE
8
BLACK
6
CONTINUOUS
10
1.3439397637795276
20
1.2430886614173229
11
1.3436404724409448
21
1.24278937007874
0
LINE
8
BLACK
6
CONTINUOUS
10
1.3436404724409448
20
1.24278937007874
11
1.3430677559055118
21
1.2419322440944882
0
LINE
8
BLACK
6
CONTINUOUS
10
1.3430677559055118
20
1.2419322440944882
11
1.342210590551181
21
1.2413594881889765
0
LINE
8
BLACK
6
CONTINUOUS
10
1.342210590551181
20
1.2413594881889765
11
1.3419112992125983
21
1.2410601968503936
0
LINE
8
BLACK
6
CONTINUOUS
10
1.3419112992125983
20
1.2410601968503936
11
1.3414731102362205
21
1.2408666929133858
0
LINE
8
BLACK
6
CONTINUOUS
10
1.3414731102362205
20
1.2408666929133858
11
1.3405132677165355
21
1.2402253543307087
0
LINE
8
BLACK
6
CONTINUOUS
10
1.3405132677165355
20
1.2402253543307087
11
1.3396166929133857
21
1.2400470078740158
0
LINE
8
BLACK
6
CONTINUOUS
10
1.3396166929133857
20
1.2400470078740158
11
1.3391588188976378
21
1.2398448425196851
0
LINE
8
BLACK
6
CONTINUOUS
10
1.3391588188976378
20
1.2398448425196851
11
1.3378186220472441
21
1.2396893307086614
0
LINE
8
BLACK
6
CONTINUOUS
10
1.3378186220472441
20
1.2396893307086614
11
1.3374999999999999
21
1.2396259842519686
0
LINE
8
BLACK
6
CONTINUOUS
10
1.3374999999999999
20
1.2396259842519686
11
1.3372723228346457
21
1.2396259842519686
0
LINE
8
BLACK
6
CONTINUOUS
10
1.3372723228346457
20
1.2396259842519686
11
1.2827277165354329
21
1.2396259842519686
0
LINE
8
BLACK
6
CONTINUOUS
10
1.2827277165354329
20
1.2396259842519686
11
1.2825
21
1.2396259842519686
0
LINE
8
BLACK
6
CONTINUOUS
10
1.2825
20
1.2396259842519686
11
1.2821813385826772
21
1.2396893307086614
0
LINE
8
BLACK
6
CONTINUOUS
10
1.2821813385826772
20
1.2396893307086614
11
1.2808411417322834
21
1.2398448425196851
0
LINE
8
BLACK
6
CONTINUOUS
10
1.2808411417322834
20
1.2398448425196851
11
1.2803832283464567
21
1.2400470078740158
0
LINE
8
BLACK
6
CONTINUOUS
10
1.2803832283464567
20
1.2400470078740158
11
1.2794867322834644
21
1.2402253543307087
0
LINE
8
BLACK
6
CONTINUOUS
10
1.2794867322834644
20
1.2402253543307087
11
1.2785269291338583
21
1.2408666535433071
0
LINE
8
BLACK
6
CONTINUOUS
10
1.2785269291338583
20
1.2408666535433071
11
1.2780886614173228
21
1.2410601968503936
0
LINE
8
BLACK
6
CONTINUOUS
10
1.2780886614173228
20
1.2410601968503936
11
1.2777892519685039
21
1.2413595669291337
0
LINE
8
BLACK
6
CONTINUOUS
10
1.2777892519685039
20
1.2413595669291337
11
1.2769322440944881
21
1.2419322440944882
0
LINE
8
BLACK
6
CONTINUOUS
10
1.2769322440944881
20
1.2419322440944882
11
1.2763595669291339
21
1.242789251968504
0
LINE
8
BLACK
6
CONTINUOUS
10
1.2763595669291339
20
1.242789251968504
11
1.2760601968503937
21
1.2430886614173229
0
LINE
8
BLACK
6
CONTINUOUS
10
1.2760601968503937
20
1.2430886614173229
11
1.275866653543307
21
1.2435269291338582
0
LINE
8
BLACK
6
CONTINUOUS
10
1.275866653543307
20
1.2435269291338582
11
1.2752253543307086
21
1.2444867322834645
0
LINE
8
BLACK
6
CONTINUOUS
10
1.2752253543307086
20
1.2444867322834645
11
1.2750470078740157
21
1.2453832283464568
0
LINE
8
BLACK
6
CONTINUOUS
10
1.2750470078740157
20
1.2453832283464568
11
1.274844842519685
21
1.2458411417322834
0
LINE
8
BLACK
6
CONTINUOUS
10
1.274844842519685
20
1.2458411417322834
11
1.2746893307086613
21
1.2471814173228346
0
LINE
8
BLACK
6
CONTINUOUS
10
1.2746893307086613
20
1.2471814173228346
11
1.2746259842519685
21
1.2475000000000001
0
LINE
8
BLACK
6
CONTINUOUS
10
1.2746259842519685
20
1.2475000000000001
11
1.2746259842519685
21
1.2825
0
LINE
8
BLACK
6
CONTINUOUS
10
1.2746259842519685
20
1.2825
11
1.2746893700787401
21
1.2828187007874015
0
LINE
8
BLACK
6
CONTINUOUS
10
1.2746893700787401
20
1.2828187007874015
11
1.274844842519685
21
1.2841588188976378
0
LINE
8
BLACK
6
CONTINUOUS
10
1.274844842519685
20
1.2841588188976378
11
1.2750470078740157
21
1.2846166929133858
0
LINE
8
BLACK
6
CONTINUOUS
10
1.2750470078740157
20
1.2846166929133858
11
1.2752253543307086
21
1.2855132677165355
0
LINE
8
BLACK
6
CONTINUOUS
10
1.2752253543307086
20
1.2855132677165355
11
1.2758666929133857
21
1.2864731102362204
0
LINE
8
BLACK
6
CONTINUOUS
10
1.2758666929133857
20
1.2864731102362204
11
1.2760601968503937
21
1.2869112992125984
0
LINE
8
BLACK
6
CONTINUOUS
10
1.2760601968503937
20
1.2869112992125984
11
1.2763594881889764
21
1.287210590551181
0
LINE
8
BLACK
6
CONTINUOUS
10
1.2763594881889764
20
1.287210590551181
11
1.2769322440944881
21
1.2880677559055118
0
LINE
8
BLACK
6
CONTINUOUS
10
1.2769322440944881
20
1.2880677559055118
11
1.2777893700787402
21
1.2886404724409448
0
LINE
8
BLACK
6
CONTINUOUS
10
1.2777893700787402
20
1.2886404724409448
11
1.2780886614173228
21
1.2889397637795275
0
LINE
8
BLACK
6
CONTINUOUS
10
1.2780886614173228
20
1.2889397637795275
11
1.2785267716535433
21
1.289133188976378
0
LINE
8
BLACK
6
CONTINUOUS
10
1.2785267716535433
20
1.289133188976378
11
1.2794867322834644
21
1.2897746456692913
0
LINE
8
BLACK
6
CONTINUOUS
10
1.2794867322834644
20
1.2897746456692913
11
1.2803833858267717
21
1.2899529921259842
0
LINE
8
BLACK
6
CONTINUOUS
10
1.2803833858267717
20
1.2899529921259842
11
1.2808411417322834
21
1.2901551181102362
0
LINE
8
BLACK
6
CONTINUOUS
10
1.2808411417322834
20
1.2901551181102362
11
1.2821809448818897
21
1.2903105511811024
0
LINE
8
BLACK
6
CONTINUOUS
10
1.2821809448818897
20
1.2903105511811024
11
1.2825
21
1.2903740157480315
0
LINE
8
BLACK
6
CONTINUOUS
10
1.2825
20
1.2903740157480315
11
1.3374999999999999
21
1.2903740157480315
0
LINE
8
BLACK
6
CONTINUOUS
10
1.3374999999999999
20
1.2903740157480315
11
1.3378191732283464
21
1.2903105118110236
0
LINE
8
BLACK
6
CONTINUOUS
10
1.4378191732283465
20
1.2903105118110236
11
1.4391588188976379
21
1.2901551181102362
0
LINE
8
BLACK
6
CONTINUOUS
10
1.4391588188976379
20
1.2901551181102362
11
1.439616496062992
21
1.2899529921259842
0
LINE
8
BLACK
6
CONTINUOUS
10
1.439616496062992
20
1.2899529921259842
11
1.4405132677165353
21
1.2897746456692913
0
LINE
8
BLACK
6
CONTINUOUS
10
1.4405132677165353
20
1.2897746456692913
11
1.4414732677165354
21
1.2891331496062992
0
LINE
8
BLACK
6
CONTINUOUS
10
1.4414732677165354
20
1.2891331496062992
11
1.4419112992125984
21
1.2889397637795275
0
LINE
8
BLACK
6
CONTINUOUS
10
1.4419112992125984
20
1.2889397637795275
11
1.4422104724409448
21
1.2886405511811023
0
LINE
8
BLACK
6
CONTINUOUS
10
1.4422104724409448
20
1.2886405511811023
11
1.4430677559055118
21
1.2880677559055118
0
LINE
8
BLACK
6
CONTINUOUS
10
1.4430677559055118
20
1.2880677559055118
11
1.4436405511811023
21
1.2872104724409448
0
LINE
8
BLACK
6
CONTINUOUS
10
1.4436405511811023
20
1.2872104724409448
11
1.4439397637795275
21
1.2869112992125984
0
LINE
8
BLACK
6
CONTINUOUS
10
1.4439397637795275
20
1.2869112992125984
11
1.4441331496062992
21
1.2864732677165354
0
LINE
8
BLACK
6
CONTINUOUS
10
1.4441331496062992
20
1.2864732677165354
11
1.4447746456692914
21
1.2855132677165355
0
LINE
8
BLACK
6
CONTINUOUS
10
1.4447746456692914
20
1.2855132677165355
11
1.4449529921259843
21
1.284616496062992
0
LINE
8
BLACK
6
CONTINUOUS
10
1.4449529921259843
20
1.284616496062992
11
1.4451551181102362
21
1.2841588188976378
0
LINE
8
BLACK
6
CONTINUOUS
10
1.4451551181102362
20
1.2841588188976378
11
1.4453105118110237
21
1.282819094488189
0
LINE
8
BLACK
6
CONTINUOUS
10
1.4453105118110237
20
1.282819094488189
11
1.4453740157480315
21
1.2825
0
LINE
8
BLACK
6
CONTINUOUS
10
1.4453740157480315
20
1.2825
11
1.4453740157480315
21
1.2475000000000001
0
LINE
8
BLACK
6
CONTINUOUS
10
1.4453740157480315
20
1.2475000000000001
11
1.4453105118110237
21
1.2471808661417323
0
LINE
8
BLACK
6
CONTINUOUS
10
1.4453105118110237
20
1.2471808661417323
11
1.4451551181102362
21
1.2458411417322834
0
LINE
8
BLACK
6
CONTINUOUS
10
1.4451551181102362
20
1.2458411417322834
11
1.4449529921259843
21
1.2453833858267715
0
LINE
8
BLACK
6
CONTINUOUS
10
1.4449529921259843
20
1.2453833858267715
11
1.4447746456692914
21
1.2444867322834645
0
LINE
8
BLACK
6
CONTINUOUS
10
1.4447746456692914
20
1.2444867322834645
11
1.444133188976378
21
1.2435267716535432
0
LINE
8
BLACK
6
CONTINUOUS
10
1.444133188976378
20
1.2435267716535432
11
1.4439397637795275
21
1.2430886614173229
0
LINE
8
BLACK
6
CONTINUOUS
10
1.4439397637795275
20
1.2430886614173229
11
1.4436404724409448
21
1.24278937007874
0
LINE
8
BLACK
6
CONTINUOUS
10
1.4436404724409448
20
1.24278937007874
11
1.4430677559055118
21
1.2419322440944882
0
LINE
8
BLACK
6
CONTINUOUS
10
1.4430677559055118
20
1.2419322440944882
11
1.4422105905511811
21
1.2413594881889765
0
LINE
8
BLACK
6
CONTINUOUS
10
1.4422105905511811
20
1.2413594881889765
11
1.4419112992125984
21
1.2410601968503936
0
LINE
8
BLACK
6
CONTINUOUS
10
1.4419112992125984
20
1.2410601968503936
11
1.4414731102362204
21
1.2408666929133858
0
LINE
8
BLACK
6
CONTINUOUS
10
1.4414731102362204
20
1.2408666929133858
11
1.4405132677165353
21
1.2402253543307087
0
LINE
8
BLACK
6
CONTINUOUS
10
1.4405132677165353
20
1.2402253543307087
11
1.4396166929133858
21
1.2400470078740158
0
LINE
8
BLACK
6
CONTINUOUS
10
1.4396166929133858
20
1.2400470078740158
11
1.4391588188976379
21
1.2398448425196851
0
LINE
8
BLACK
6
CONTINUOUS
10
1.4391588188976379
20
1.2398448425196851
11
1.437818622047244
21
1.2396893307086614
0
LINE
8
BLACK
6
CONTINUOUS
10
1.437818622047244
20
1.2396893307086614
11
1.4375
21
1.2396259842519686
0
LINE
8
BLACK
6
CONTINUOUS
10
1.4375
20
1.2396259842519686
11
1.4372723228346456
21
1.2396259842519686
0
LINE
8
BLACK
6
CONTINUOUS
10
1.4372723228346456
20
1.2396259842519686
11
1.382727716535433
21
1.2396259842519686
0
LINE
8
BLACK
6
CONTINUOUS
10
1.382727716535433
20
1.2396259842519686
11
1.3825000000000001
21
1.2396259842519686
0
LINE
8
BLACK
6
CONTINUOUS
10
1.3825000000000001
20
1.2396259842519686
11
1.3821813385826771
21
1.2396893307086614
0
LINE
8
BLACK
6
CONTINUOUS
10
1.3821813385826771
20
1.2396893307086614
11
1.3808411417322835
21
1.2398448425196851
0
LINE
8
BLACK
6
CONTINUOUS
10
1.3808411417322835
20
1.2398448425196851
11
1.3803832283464568
21
1.2400470078740158
0
LINE
8
BLACK
6
CONTINUOUS
10
1.3803832283464568
20
1.2400470078740158
11
1.3794867322834645
21
1.2402253543307087
0
LINE
8
BLACK
6
CONTINUOUS
10
1.3794867322834645
20
1.2402253543307087
11
1.3785269291338582
21
1.2408666535433071
0
LINE
8
BLACK
6
CONTINUOUS
10
1.3785269291338582
20
1.2408666535433071
11
1.3780886614173229
21
1.2410601968503936
0
LINE
8
BLACK
6
CONTINUOUS
10
1.3780886614173229
20
1.2410601968503936
11
1.377789251968504
21
1.2413595669291337
0
LINE
8
BLACK
6
CONTINUOUS
10
1.377789251968504
20
1.2413595669291337
11
1.3769322440944882
21
1.2419322440944882
0
LINE
8
BLACK
6
CONTINUOUS
10
1.3769322440944882
20
1.2419322440944882
11
1.3763595669291337
21
1.242789251968504
0
LINE
8
BLACK
6
CONTINUOUS
10
1.3763595669291337
20
1.242789251968504
11
1.3760601968503936
21
1.2430886614173229
0
LINE
8
BLACK
6
CONTINUOUS
10
1.3760601968503936
20
1.2430886614173229
11
1.3758666535433071
21
1.2435269291338582
0
LINE
8
BLACK
6
CONTINUOUS
10
1.3758666535433071
20
1.2435269291338582
11
1.3752253543307087
21
1.2444867322834645
0
LINE
8
BLACK
6
CONTINUOUS
10
1.3752253543307087
20
1.2444867322834645
11
1.3750470078740158
21
1.2453832283464568
0
LINE
8
BLACK
6
CONTINUOUS
10
1.3750470078740158
20
1.2453832283464568
11
1.3748448425196851
21
1.2458411417322834
0
LINE
8
BLACK
6
CONTINUOUS
10
1.3748448425196851
20
1.2458411417322834
11
1.3746893307086614
21
1.2471814173228346
0
LINE
8
BLACK
6
CONTINUOUS
10
1.3746893307086614
20
1.2471814173228346
11
1.3746259842519686
21
1.2475000000000001
0
LINE
8
BLACK
6
CONTINUOUS
10
1.3746259842519686
20
1.2475000000000001
11
1.3746259842519686
21
1.2825
0
LINE
8
BLACK
6
CONTINUOUS
10
1.3746259842519686
20
1.2825
11
1.3746893700787401
21
1.2828187007874015
0
LINE
8
BLACK
6
CONTINUOUS
10
1.3746893700787401
20
1.2828187007874015
11
1.3748448425196851
21
1.2841588188976378
0
LINE
8
BLACK
6
CONTINUOUS
10
1.3748448425196851
20
1.2841588188976378
11
1.3750470078740158
21
1.2846166929133858
0
LINE
8
BLACK
6
CONTINUOUS
10
1.3750470078740158
20
1.2846166929133858
11
1.3752253543307087
21
1.2855132677165355
0
LINE
8
BLACK
6
CONTINUOUS
10
1.3752253543307087
20
1.2855132677165355
11
1.3758666929133858
21
1.2864731102362204
0
LINE
8
BLACK
6
CONTINUOUS
10
1.3758666929133858
20
1.2864731102362204
11
1.3760601968503936
21
1.2869112992125984
0
LINE
8
BLACK
6
CONTINUOUS
10
1.3760601968503936
20
1.2869112992125984
11
1.3763594881889762
21
1.287210590551181
0
LINE
8
BLACK
6
CONTINUOUS
10
1.3763594881889762
20
1.287210590551181
11
1.3769322440944882
21
1.2880677559055118
0
LINE
8
BLACK
6
CONTINUOUS
10
1.3769322440944882
20
1.2880677559055118
11
1.37778937007874
21
1.2886404724409448
0
LINE
8
BLACK
6
CONTINUOUS
10
1.37778937007874
20
1.2886404724409448
11
1.3780886614173229
21
1.2889397637795275
0
LINE
8
BLACK
6
CONTINUOUS
10
1.3780886614173229
20
1.2889397637795275
11
1.3785267716535432
21
1.289133188976378
0
LINE
8
BLACK
6
CONTINUOUS
10
1.3785267716535432
20
1.289133188976378
11
1.3794867322834645
21
1.2897746456692913
0
LINE
8
BLACK
6
CONTINUOUS
10
1.3794867322834645
20
1.2897746456692913
11
1.3803833858267716
21
1.2899529921259842
0
LINE
8
BLACK
6
CONTINUOUS
10
1.3803833858267716
20
1.2899529921259842
11
1.3808411417322835
21
1.2901551181102362
0
LINE
8
BLACK
6
CONTINUOUS
10
1.3808411417322835
20
1.2901551181102362
11
1.3821809448818898
21
1.2903105511811024
0
LINE
8
BLACK
6
CONTINUOUS
10
1.3821809448818898
20
1.2903105511811024
11
1.3825000000000001
21
1.2903740157480315
0
LINE
8
BLACK
6
CONTINUOUS
10
1.3825000000000001
20
1.2903740157480315
11
1.4375
21
1.2903740157480315
0
LINE
8
BLACK
6
CONTINUOUS
10
1.4375
20
1.2903740157480315
11
1.4378191732283465
21
1.2903105118110236
0
LINE
8
BLACK
6
CONTINUOUS
10
0.6328191732283465
20
1.2928105118110236
11
0.6341588188976378
21
1.2926551181102361
0
LINE
8
BLACK
6
CONTINUOUS
10
0.6341588188976378
20
1.2926551181102361
11
0.6346164960629921
21
1.2924529921259842
0
LINE
8
BLACK
6
CONTINUOUS
10
0.6346164960629921
20
1.2924529921259842
11
0.6355132677165354
21
1.2922746456692913
0
LINE
8
BLACK
6
CONTINUOUS
10
0.6355132677165354
20
1.2922746456692913
11
0.6364732677165355
21
1.2916331496062992
0
LINE
8
BLACK
6
CONTINUOUS
10
0.6364732677165355
20
1.2916331496062992
11
0.6369112992125984
21
1.2914397637795276
0
LINE
8
BLACK
6
CONTINUOUS
10
0.6369112992125984
20
1.2914397637795276
11
0.6372104724409449
21
1.2911405511811023
0
LINE
8
BLACK
6
CONTINUOUS
10
0.6372104724409449
20
1.2911405511811023
11
0.6380677559055118
21
1.2905677559055118
0
LINE
8
BLACK
6
CONTINUOUS
10
0.6380677559055118
20
1.2905677559055118
11
0.6386405511811023
21
1.2897104724409449
0
LINE
8
BLACK
6
CONTINUOUS
10
0.6386405511811023
20
1.2897104724409449
11
0.6389397637795275
21
1.2894112992125983
0
LINE
8
BLACK
6
CONTINUOUS
10
0.6389397637795275
20
1.2894112992125983
11
0.6391331496062992
21
1.2889732677165353
0
LINE
8
BLACK
6
CONTINUOUS
10
0.6391331496062992
20
1.2889732677165353
11
0.6397746456692913
21
1.2880132677165355
0
LINE
8
BLACK
6
CONTINUOUS
10
0.6397746456692913
20
1.2880132677165355
11
0.6399529921259842
21
1.2871164960629922
0
LINE
8
BLACK
6
CONTINUOUS
10
0.6399529921259842
20
1.2871164960629922
11
0.6401551181102362
21
1.2866588188976378
0
LINE
8
BLACK
6
CONTINUOUS
10
0.6401551181102362
20
1.2866588188976378
11
0.6403105118110236
21
1.2853190944881889
0
LINE
8
BLACK
6
CONTINUOUS
10
0.6403105118110236
20
1.2853190944881889
11
0.6403740157480314
21
1.2849999999999999
0
LINE
8
BLACK
6
CONTINUOUS
10
0.6403740157480314
20
1.2849999999999999
11
0.6403740157480314
21
1.25
0
LINE
8
BLACK
6
CONTINUOUS
10
0.6403740157480314
20
1.25
11
0.6403105118110236
21
1.2496808661417322
0
LINE
8
BLACK
6
CONTINUOUS
10
0.6403105118110236
20
1.2496808661417322
11
0.6401551181102362
21
1.2483411417322834
0
LINE
8
BLACK
6
CONTINUOUS
10
0.6401551181102362
20
1.2483411417322834
11
0.6399529921259842
21
1.2478833858267717
0
LINE
8
BLACK
6
CONTINUOUS
10
0.6399529921259842
20
1.2478833858267717
11
0.6397746456692913
21
1.2469867322834645
0
LINE
8
BLACK
6
CONTINUOUS
10
0.6397746456692913
20
1.2469867322834645
11
0.6391331889763779
21
1.2460267716535434
0
LINE
8
BLACK
6
CONTINUOUS
10
0.6391331889763779
20
1.2460267716535434
11
0.6389397637795275
21
1.2455886614173228
0
LINE
8
BLACK
6
CONTINUOUS
10
0.6389397637795275
20
1.2455886614173228
11
0.6386404724409449
21
1.2452893700787402
0
LINE
8
BLACK
6
CONTINUOUS
10
0.6386404724409449
20
1.2452893700787402
11
0.6380677559055118
21
1.2444322440944882
0
LINE
8
BLACK
6
CONTINUOUS
10
0.6380677559055118
20
1.2444322440944882
11
0.6372105905511811
21
1.2438594881889764
0
LINE
8
BLACK
6
CONTINUOUS
10
0.6372105905511811
20
1.2438594881889764
11
0.6369112992125984
21
1.2435601968503938
0
LINE
8
BLACK
6
CONTINUOUS
10
0.6369112992125984
20
1.2435601968503938
11
0.6364731102362204
21
1.2433666929133858
0
LINE
8
BLACK
6
CONTINUOUS
10
0.6364731102362204
20
1.2433666929133858
11
0.6355132677165354
21
1.2427253543307086
0
LINE
8
BLACK
6
CONTINUOUS
10
0.6355132677165354
20
1.2427253543307086
11
0.6346166929133858
21
1.2425470078740157
0
LINE
8
BLACK
6
CONTINUOUS
10
0.6346166929133858
20
1.2425470078740157
11
0.6341588188976378
21
1.242344842519685
0
LINE
8
BLACK
6
CONTINUOUS
10
0.6341588188976378
20
1.242344842519685
11
0.632818622047244
21
1.2421893307086613
0
LINE
8
BLACK
6
CONTINUOUS
10
0.632818622047244
20
1.2421893307086613
11
0.6325
21
1.2421259842519685
0
LINE
8
BLACK
6
CONTINUOUS
10
0.6325
20
1.2421259842519685
11
0.6322723228346456
21
1.2421259842519685
0
LINE
8
BLACK
6
CONTINUOUS
10
0.6322723228346456
20
1.2421259842519685
11
0.5777277165354331
21
1.2421259842519685
0
LINE
8
BLACK
6
CONTINUOUS
10
0.5777277165354331
20
1.2421259842519685
11
0.5775
21
1.2421259842519685
0
LINE
8
BLACK
6
CONTINUOUS
10
0.5775
20
1.2421259842519685
11
0.5771813385826772
21
1.2421893307086613
0
LINE
8
BLACK
6
CONTINUOUS
10
0.5771813385826772
20
1.2421893307086613
11
0.5758411417322834
21
1.242344842519685
0
LINE
8
BLACK
6
CONTINUOUS
10
0.5758411417322834
20
1.242344842519685
11
0.5753832283464567
21
1.2425470078740157
0
LINE
8
BLACK
6
CONTINUOUS
10
0.5753832283464567
20
1.2425470078740157
11
0.5744867322834646
21
1.2427253543307086
0
LINE
8
BLACK
6
CONTINUOUS
10
0.5744867322834646
20
1.2427253543307086
11
0.5735269291338583
21
1.243366653543307
0
LINE
8
BLACK
6
CONTINUOUS
10
0.5735269291338583
20
1.243366653543307
11
0.5730886614173228
21
1.2435601968503938
0
LINE
8
BLACK
6
CONTINUOUS
10
0.5730886614173228
20
1.2435601968503938
11
0.5727892519685039
21
1.2438595669291339
0
LINE
8
BLACK
6
CONTINUOUS
10
0.5727892519685039
20
1.2438595669291339
11
0.5719322440944882
21
1.2444322440944882
0
LINE
8
BLACK
6
CONTINUOUS
10
0.5719322440944882
20
1.2444322440944882
11
0.5713595669291338
21
1.2452892519685039
0
LINE
8
BLACK
6
CONTINUOUS
10
0.5713595669291338
20
1.2452892519685039
11
0.5710601968503937
21
1.2455886614173228
0
LINE
8
BLACK
6
CONTINUOUS
10
0.5710601968503937
20
1.2455886614173228
11
0.5708666535433071
21
1.2460269291338582
0
LINE
8
BLACK
6
CONTINUOUS
10
0.5708666535433071
20
1.2460269291338582
11
0.5702253543307086
21
1.2469867322834645
0
LINE
8
BLACK
6
CONTINUOUS
10
0.5702253543307086
20
1.2469867322834645
11
0.5700470078740157
21
1.2478832283464567
0
LINE
8
BLACK
6
CONTINUOUS
10
0.5700470078740157
20
1.2478832283464567
11
0.569844842519685
21
1.2483411417322834
0
LINE
8
BLACK
6
CONTINUOUS
10
0.569844842519685
20
1.2483411417322834
11
0.5696893307086615
21
1.2496814173228346
0
LINE
8
BLACK
6
CONTINUOUS
10
0.5696893307086615
20
1.2496814173228346
11
0.5696259842519685
21
1.25
0
LINE
8
BLACK
6
CONTINUOUS
10
0.5696259842519685
20
1.25
11
0.5696259842519685
21
1.2849999999999999
0
LINE
8
BLACK
6
CONTINUOUS
10
0.5696259842519685
20
1.2849999999999999
11
0.5696893700787401
21
1.2853187007874016
0
LINE
8
BLACK
6
CONTINUOUS
10
0.5696893700787401
20
1.2853187007874016
11
0.569844842519685
21
1.2866588188976378
0
LINE
8
BLACK
6
CONTINUOUS
10
0.569844842519685
20
1.2866588188976378
11
0.5700470078740157
21
1.2871166929133857
0
LINE
8
BLACK
6
CONTINUOUS
10
0.5700470078740157
20
1.2871166929133857
11
0.5702253543307086
21
1.2880132677165355
0
LINE
8
BLACK
6
CONTINUOUS
10
0.5702253543307086
20
1.2880132677165355
11
0.5708666929133858
21
1.2889731102362205
0
LINE
8
BLACK
6
CONTINUOUS
10
0.5708666929133858
20
1.2889731102362205
11
0.5710601968503937
21
1.2894112992125983
0
LINE
8
BLACK
6
CONTINUOUS
10
0.5710601968503937
20
1.2894112992125983
11
0.5713594881889764
21
1.289710590551181
0
LINE
8
BLACK
6
CONTINUOUS
10
0.5713594881889764
20
1.289710590551181
11
0.5719322440944882
21
1.2905677559055118
0
LINE
8
BLACK
6
CONTINUOUS
10
0.5719322440944882
20
1.2905677559055118
11
0.5727893700787401
21
1.2911404724409448
0
LINE
8
BLACK
6
CONTINUOUS
10
0.5727893700787401
20
1.2911404724409448
11
0.5730886614173228
21
1.2914397637795276
0
LINE
8
BLACK
6
CONTINUOUS
10
0.5730886614173228
20
1.2914397637795276
11
0.5735267716535433
21
1.2916331889763779
0
LINE
8
BLACK
6
CONTINUOUS
10
0.5735267716535433
20
1.2916331889763779
11
0.5744867322834646
21
1.2922746456692913
0
LINE
8
BLACK
6
CONTINUOUS
10
0.5744867322834646
20
1.2922746456692913
11
0.5753833858267716
21
1.2924529921259842
0
LINE
8
BLACK
6
CONTINUOUS
10
0.5753833858267716
20
1.2924529921259842
11
0.5758411417322834
21
1.2926551181102361
0
LINE
8
BLACK
6
CONTINUOUS
10
0.5758411417322834
20
1.2926551181102361
11
0.5771809448818898
21
1.2928105511811023
0
LINE
8
BLACK
6
CONTINUOUS
10
0.5771809448818898
20
1.2928105511811023
11
0.5775
21
1.2928740157480314
0
LINE
8
BLACK
6
CONTINUOUS
10
0.5775
20
1.2928740157480314
11
0.6325
21
1.2928740157480314
0
LINE
8
BLACK
6
CONTINUOUS
10
0.6325
20
1.2928740157480314
11
0.6328191732283465
21
1.2928105118110236
0
LINE
8
BLACK
6
CONTINUOUS
10
0.7378191732283464
20
1.2928105118110236
11
0.7391588188976378
21
1.2926551181102361
0
LINE
8
BLACK
6
CONTINUOUS
10
0.7391588188976378
20
1.2926551181102361
11
0.7396164960629921
21
1.2924529921259842
0
LINE
8
BLACK
6
CONTINUOUS
10
0.7396164960629921
20
1.2924529921259842
11
0.7405132677165354
21
1.2922746456692913
0
LINE
8
BLACK
6
CONTINUOUS
10
0.7405132677165354
20
1.2922746456692913
11
0.7414732677165354
21
1.2916331496062992
0
LINE
8
BLACK
6
CONTINUOUS
10
0.7414732677165354
20
1.2916331496062992
11
0.7419112992125985
21
1.2914397637795276
0
LINE
8
BLACK
6
CONTINUOUS
10
0.7419112992125985
20
1.2914397637795276
11
0.7422104724409448
21
1.2911405511811023
0
LINE
8
BLACK
6
CONTINUOUS
10
0.7422104724409448
20
1.2911405511811023
11
0.7430677559055118
21
1.2905677559055118
0
LINE
8
BLACK
6
CONTINUOUS
10
0.7430677559055118
20
1.2905677559055118
11
0.7436405511811024
21
1.2897104724409449
0
LINE
8
BLACK
6
CONTINUOUS
10
0.7436405511811024
20
1.2897104724409449
11
0.7439397637795275
21
1.2894112992125983
0
LINE
8
BLACK
6
CONTINUOUS
10
0.7439397637795275
20
1.2894112992125983
11
0.7441331496062992
21
1.2889732677165353
0
LINE
8
BLACK
6
CONTINUOUS
10
0.7441331496062992
20
1.2889732677165353
11
0.7447746456692913
21
1.2880132677165355
0
LINE
8
BLACK
6
CONTINUOUS
10
0.7447746456692913
20
1.2880132677165355
11
0.7449529921259842
21
1.2871164960629922
0
LINE
8
BLACK
6
CONTINUOUS
10
0.7449529921259842
20
1.2871164960629922
11
0.7451551181102362
21
1.2866588188976378
0
LINE
8
BLACK
6
CONTINUOUS
10
0.7451551181102362
20
1.2866588188976378
11
0.7453105118110236
21
1.2853190944881889
0
LINE
8
BLACK
6
CONTINUOUS
10
0.7453105118110236
20
1.2853190944881889
11
0.7453740157480315
21
1.2849999999999999
0
LINE
8
BLACK
6
CONTINUOUS
10
0.7453740157480315
20
1.2849999999999999
11
0.7453740157480315
21
1.25
0
LINE
8
BLACK
6
CONTINUOUS
10
0.7453740157480315
20
1.25
11
0.7453105118110236
21
1.2496808661417322
0
LINE
8
BLACK
6
CONTINUOUS
10
0.7453105118110236
20
1.2496808661417322
11
0.7451551181102362
21
1.2483411417322834
0
LINE
8
BLACK
6
CONTINUOUS
10
0.7451551181102362
20
1.2483411417322834
11
0.7449529921259842
21
1.2478833858267717
0
LINE
8
BLACK
6
CONTINUOUS
10
0.7449529921259842
20
1.2478833858267717
11
0.7447746456692913
21
1.2469867322834645
0
LINE
8
BLACK
6
CONTINUOUS
10
0.7447746456692913
20
1.2469867322834645
11
0.7441331889763779
21
1.2460267716535434
0
LINE
8
BLACK
6
CONTINUOUS
10
0.7441331889763779
20
1.2460267716535434
11
0.7439397637795275
21
1.2455886614173228
0
LINE
8
BLACK
6
CONTINUOUS
10
0.7439397637795275
20
1.2455886614173228
11
0.7436404724409449
21
1.2452893700787402
0
LINE
8
BLACK
6
CONTINUOUS
10
0.7436404724409449
20
1.2452893700787402
11
0.7430677559055118
21
1.2444322440944882
0
LINE
8
BLACK
6
CONTINUOUS
10
0.7430677559055118
20
1.2444322440944882
11
0.7422105905511811
21
1.2438594881889764
0
LINE
8
BLACK
6
CONTINUOUS
10
0.7422105905511811
20
1.2438594881889764
11
0.7419112992125985
21
1.2435601968503938
0
LINE
8
BLACK
6
CONTINUOUS
10
0.7419112992125985
20
1.2435601968503938
11
0.7414731102362204
21
1.2433666929133858
0
LINE
8
BLACK
6
CONTINUOUS
10
0.7414731102362204
20
1.2433666929133858
11
0.7405132677165354
21
1.2427253543307086
0
LINE
8
BLACK
6
CONTINUOUS
10
0.7405132677165354
20
1.2427253543307086
11
0.7396166929133858
21
1.2425470078740157
0
LINE
8
BLACK
6
CONTINUOUS
10
0.7396166929133858
20
1.2425470078740157
11
0.7391588188976378
21
1.242344842519685
0
LINE
8
BLACK
6
CONTINUOUS
10
0.7391588188976378
20
1.242344842519685
11
0.7378186220472441
21
1.2421893307086613
0
LINE
8
BLACK
6
CONTINUOUS
10
0.7378186220472441
20
1.2421893307086613
11
0.7374999999999999
21
1.2421259842519685
0
LINE
8
BLACK
6
CONTINUOUS
10
0.7374999999999999
20
1.2421259842519685
11
0.7372723228346456
21
1.2421259842519685
0
LINE
8
BLACK
6
CONTINUOUS
10
0.7372723228346456
20
1.2421259842519685
11
0.6827277165354331
21
1.2421259842519685
0
LINE
8
BLACK
6
CONTINUOUS
10
0.6827277165354331
20
1.2421259842519685
11
0.6825
21
1.2421259842519685
0
LINE
8
BLACK
6
CONTINUOUS
10
0.6825
20
1.2421259842519685
11
0.6821813385826772
21
1.2421893307086613
0
LINE
8
BLACK
6
CONTINUOUS
10
0.6821813385826772
20
1.2421893307086613
11
0.6808411417322835
21
1.242344842519685
0
LINE
8
BLACK
6
CONTINUOUS
10
0.6808411417322835
20
1.242344842519685
11
0.6803832283464567
21
1.2425470078740157
0
LINE
8
BLACK
6
CONTINUOUS
10
0.6803832283464567
20
1.2425470078740157
11
0.6794867322834646
21
1.2427253543307086
0
LINE
8
BLACK
6
CONTINUOUS
10
0.6794867322834646
20
1.2427253543307086
11
0.6785269291338583
21
1.243366653543307
0
LINE
8
BLACK
6
CONTINUOUS
10
0.6785269291338583
20
1.243366653543307
11
0.6780886614173228
21
1.2435601968503938
0
LINE
8
BLACK
6
CONTINUOUS
10
0.6780886614173228
20
1.2435601968503938
11
0.6777892519685039
21
1.2438595669291339
0
LINE
8
BLACK
6
CONTINUOUS
10
0.6777892519685039
20
1.2438595669291339
11
0.6769322440944882
21
1.2444322440944882
0
LINE
8
BLACK
6
CONTINUOUS
10
0.6769322440944882
20
1.2444322440944882
11
0.6763595669291338
21
1.2452892519685039
0
LINE
8
BLACK
6
CONTINUOUS
10
0.6763595669291338
20
1.2452892519685039
11
0.6760601968503936
21
1.2455886614173228
0
LINE
8
BLACK
6
CONTINUOUS
10
0.6760601968503936
20
1.2455886614173228
11
0.6758666535433071
21
1.2460269291338582
0
LINE
8
BLACK
6
CONTINUOUS
10
0.6758666535433071
20
1.2460269291338582
11
0.6752253543307086
21
1.2469867322834645
0
LINE
8
BLACK
6
CONTINUOUS
10
0.6752253543307086
20
1.2469867322834645
11
0.6750470078740157
21
1.2478832283464567
0
LINE
8
BLACK
6
CONTINUOUS
10
0.6750470078740157
20
1.2478832283464567
11
0.674844842519685
21
1.2483411417322834
0
LINE
8
BLACK
6
CONTINUOUS
10
0.674844842519685
20
1.2483411417322834
11
0.6746893307086614
21
1.2496814173228346
0
LINE
8
BLACK
6
CONTINUOUS
10
0.6746893307086614
20
1.2496814173228346
11
0.6746259842519685
21
1.25
0
LINE
8
BLACK
6
CONTINUOUS
10
0.6746259842519685
20
1.25
11
0.6746259842519685
21
1.2849999999999999
0
LINE
8
BLACK
6
CONTINUOUS
10
0.6746259842519685
20
1.2849999999999999
11
0.6746893700787402
21
1.2853187007874016
0
LINE
8
BLACK
6
CONTINUOUS
10
0.6746893700787402
20
1.2853187007874016
11
0.674844842519685
21
1.2866588188976378
0
LINE
8
BLACK
6
CONTINUOUS
10
0.674844842519685
20
1.2866588188976378
11
0.6750470078740157
21
1.2871166929133857
0
LINE
8
BLACK
6
CONTINUOUS
10
0.6750470078740157
20
1.2871166929133857
11
0.6752253543307086
21
1.2880132677165355
0
LINE
8
BLACK
6
CONTINUOUS
10
0.6752253543307086
20
1.2880132677165355
11
0.6758666929133859
21
1.2889731102362205
0
LINE
8
BLACK
6
CONTINUOUS
10
0.6758666929133859
20
1.2889731102362205
11
0.6760601968503936
21
1.2894112992125983
0
LINE
8
BLACK
6
CONTINUOUS
10
0.6760601968503936
20
1.2894112992125983
11
0.6763594881889764
21
1.289710590551181
0
LINE
8
BLACK
6
CONTINUOUS
10
0.6763594881889764
20
1.289710590551181
11
0.6769322440944882
21
1.2905677559055118
0
LINE
8
BLACK
6
CONTINUOUS
10
0.6769322440944882
20
1.2905677559055118
11
0.6777893700787402
21
1.2911404724409448
0
LINE
8
BLACK
6
CONTINUOUS
10
0.6777893700787402
20
1.2911404724409448
11
0.6780886614173228
21
1.2914397637795276
0
LINE
8
BLACK
6
CONTINUOUS
10
0.6780886614173228
20
1.2914397637795276
11
0.6785267716535432
21
1.2916331889763779
0
LINE
8
BLACK
6
CONTINUOUS
10
0.6785267716535432
20
1.2916331889763779
11
0.6794867322834646
21
1.2922746456692913
0
LINE
8
BLACK
6
CONTINUOUS
10
0.6794867322834646
20
1.2922746456692913
11
0.6803833858267716
21
1.2924529921259842
0
LINE
8
BLACK
6
CONTINUOUS
10
0.6803833858267716
20
1.2924529921259842
11
0.6808411417322835
21
1.2926551181102361
0
LINE
8
BLACK
6
CONTINUOUS
10
0.6808411417322835
20
1.2926551181102361
11
0.6821809448818897
21
1.2928105511811023
0
LINE
8
BLACK
6
CONTINUOUS
10
0.6821809448818897
20
1.2928105511811023
11
0.6825
21
1.2928740157480314
0
LINE
8
BLACK
6
CONTINUOUS
10
0.6825
20
1.2928740157480314
11
0.7374999999999999
21
1.2928740157480314
0
LINE
8
BLACK
6
CONTINUOUS
10
0.7374999999999999
20
1.2928740157480314
11
0.7378191732283464
21
1.2928105118110236
0
LINE
8
BLACK
6
CONTINUOUS
10
0.8328191732283464
20
1.2928105118110236
11
0.8341588188976378
21
1.2926551181102361
0
LINE
8
BLACK
6
CONTINUOUS
10
0.8341588188976378
20
1.2926551181102361
11
0.8346164960629922
21
1.2924529921259842
0
LINE
8
BLACK
6
CONTINUOUS
10
0.8346164960629922
20
1.2924529921259842
11
0.8355132677165354
21
1.2922746456692913
0
LINE
8
BLACK
6
CONTINUOUS
10
0.8355132677165354
20
1.2922746456692913
11
0.8364732677165354
21
1.2916331496062992
0
LINE
8
BLACK
6
CONTINUOUS
10
0.8364732677165354
20
1.2916331496062992
11
0.8369112992125984
21
1.2914397637795276
0
LINE
8
BLACK
6
CONTINUOUS
10
0.8369112992125984
20
1.2914397637795276
11
0.8372104724409448
21
1.2911405511811023
0
LINE
8
BLACK
6
CONTINUOUS
10
0.8372104724409448
20
1.2911405511811023
11
0.8380677559055117
21
1.2905677559055118
0
LINE
8
BLACK
6
CONTINUOUS
10
0.8380677559055117
20
1.2905677559055118
11
0.8386405511811024
21
1.2897104724409449
0
LINE
8
BLACK
6
CONTINUOUS
10
0.8386405511811024
20
1.2897104724409449
11
0.8389397637795275
21
1.2894112992125983
0
LINE
8
BLACK
6
CONTINUOUS
10
0.8389397637795275
20
1.2894112992125983
11
0.8391331496062991
21
1.2889732677165353
0
LINE
8
BLACK
6
CONTINUOUS
10
0.8391331496062991
20
1.2889732677165353
11
0.8397746456692913
21
1.2880132677165355
0
LINE
8
BLACK
6
CONTINUOUS
10
0.8397746456692913
20
1.2880132677165355
11
0.8399529921259843
21
1.2871164960629922
0
LINE
8
BLACK
6
CONTINUOUS
10
0.8399529921259843
20
1.2871164960629922
11
0.8401551181102362
21
1.2866588188976378
0
LINE
8
BLACK
6
CONTINUOUS
10
0.8401551181102362
20
1.2866588188976378
11
0.8403105118110236
21
1.2853190944881889
0
LINE
8
BLACK
6
CONTINUOUS
10
0.8403105118110236
20
1.2853190944881889
11
0.8403740157480315
21
1.2849999999999999
0
LINE
8
BLACK
6
CONTINUOUS
10
0.8403740157480315
20
1.2849999999999999
11
0.8403740157480315
21
1.25
0
LINE
8
BLACK
6
CONTINUOUS
10
0.8403740157480315
20
1.25
11
0.8403105118110236
21
1.2496808661417322
0
LINE
8
BLACK
6
CONTINUOUS
10
0.8403105118110236
20
1.2496808661417322
11
0.8401551181102362
21
1.2483411417322834
0
LINE
8
BLACK
6
CONTINUOUS
10
0.8401551181102362
20
1.2483411417322834
11
0.8399529921259843
21
1.2478833858267717
0
LINE
8
BLACK
6
CONTINUOUS
10
0.8399529921259843
20
1.2478833858267717
11
0.8397746456692913
21
1.2469867322834645
0
LINE
8
BLACK
6
CONTINUOUS
10
0.8397746456692913
20
1.2469867322834645
11
0.8391331889763779
21
1.2460267716535434
0
LINE
8
BLACK
6
CONTINUOUS
10
0.8391331889763779
20
1.2460267716535434
11
0.8389397637795275
21
1.2455886614173228
0
LINE
8
BLACK
6
CONTINUOUS
10
0.8389397637795275
20
1.2455886614173228
11
0.8386404724409449
21
1.2452893700787402
0
LINE
8
BLACK
6
CONTINUOUS
10
0.8386404724409449
20
1.2452893700787402
11
0.8380677559055117
21
1.2444322440944882
0
LINE
8
BLACK
6
CONTINUOUS
10
0.8380677559055117
20
1.2444322440944882
11
0.8372105905511811
21
1.2438594881889764
0
LINE
8
BLACK
6
CONTINUOUS
10
0.8372105905511811
20
1.2438594881889764
11
0.8369112992125984
21
1.2435601968503938
0
LINE
8
BLACK
6
CONTINUOUS
10
0.8369112992125984
20
1.2435601968503938
11
0.8364731102362205
21
1.2433666929133858
0
LINE
8
BLACK
6
CONTINUOUS
10
0.8364731102362205
20
1.2433666929133858
11
0.8355132677165354
21
1.2427253543307086
0
LINE
8
BLACK
6
CONTINUOUS
10
0.8355132677165354
20
1.2427253543307086
11
0.8346166929133858
21
1.2425470078740157
0
LINE
8
BLACK
6
CONTINUOUS
10
0.8346166929133858
20
1.2425470078740157
11
0.8341588188976378
21
1.242344842519685
0
LINE
8
BLACK
6
CONTINUOUS
10
0.8341588188976378
20
1.242344842519685
11
0.8328186220472441
21
1.2421893307086613
0
LINE
8
BLACK
6
CONTINUOUS
10
0.8328186220472441
20
1.2421893307086613
11
0.8325
21
1.2421259842519685
0
LINE
8
BLACK
6
CONTINUOUS
10
0.8325
20
1.2421259842519685
11
0.8322723228346457
21
1.2421259842519685
0
LINE
8
BLACK
6
CONTINUOUS
10
0.8322723228346457
20
1.2421259842519685
11
0.777727716535433
21
1.2421259842519685
0
LINE
8
BLACK
6
CONTINUOUS
10
0.777727716535433
20
1.2421259842519685
11
0.7775
21
1.2421259842519685
0
LINE
8
BLACK
6
CONTINUOUS
10
0.7775
20
1.2421259842519685
11
0.7771813385826771
21
1.2421893307086613
0
LINE
8
BLACK
6
CONTINUOUS
10
0.7771813385826771
20
1.2421893307086613
11
0.7758411417322835
21
1.242344842519685
0
LINE
8
BLACK
6
CONTINUOUS
10
0.7758411417322835
20
1.242344842519685
11
0.7753832283464567
21
1.2425470078740157
0
LINE
8
BLACK
6
CONTINUOUS
10
0.7753832283464567
20
1.2425470078740157
11
0.7744867322834645
21
1.2427253543307086
0
LINE
8
BLACK
6
CONTINUOUS
10
0.7744867322834645
20
1.2427253543307086
11
0.7735269291338582
21
1.243366653543307
0
LINE
8
BLACK
6
CONTINUOUS
10
0.7735269291338582
20
1.243366653543307
11
0.7730886614173228
21
1.2435601968503938
0
LINE
8
BLACK
6
CONTINUOUS
10
0.7730886614173228
20
1.2435601968503938
11
0.7727892519685039
21
1.2438595669291339
0
LINE
8
BLACK
6
CONTINUOUS
10
0.7727892519685039
20
1.2438595669291339
11
0.7719322440944881
21
1.2444322440944882
0
LINE
8
BLACK
6
CONTINUOUS
10
0.7719322440944881
20
1.2444322440944882
11
0.7713595669291339
21
1.2452892519685039
0
LINE
8
BLACK
6
CONTINUOUS
10
0.7713595669291339
20
1.2452892519685039
11
0.7710601968503937
21
1.2455886614173228
0
LINE
8
BLACK
6
CONTINUOUS
10
0.7710601968503937
20
1.2455886614173228
11
0.7708666535433071
21
1.2460269291338582
0
LINE
8
BLACK
6
CONTINUOUS
10
0.7708666535433071
20
1.2460269291338582
11
0.7702253543307086
21
1.2469867322834645
0
LINE
8
BLACK
6
CONTINUOUS
10
0.7702253543307086
20
1.2469867322834645
11
0.7700470078740157
21
1.2478832283464567
0
LINE
8
BLACK
6
CONTINUOUS
10
0.7700470078740157
20
1.2478832283464567
11
0.769844842519685
21
1.2483411417322834
0
LINE
8
BLACK
6
CONTINUOUS
10
0.769844842519685
20
1.2483411417322834
11
0.7696893307086614
21
1.2496814173228346
0
LINE
8
BLACK
6
CONTINUOUS
10
0.7696893307086614
20
1.2496814173228346
11
0.7696259842519685
21
1.25
0
LINE
8
BLACK
6
CONTINUOUS
10
0.7696259842519685
20
1.25
11
0.7696259842519685
21
1.2849999999999999
0
LINE
8
BLACK
6
CONTINUOUS
10
0.7696259842519685
20
1.2849999999999999
11
0.7696893700787402
21
1.2853187007874016
0
LINE
8
BLACK
6
CONTINUOUS
10
0.7696893700787402
20
1.2853187007874016
11
0.769844842519685
21
1.2866588188976378
0
LINE
8
BLACK
6
CONTINUOUS
10
0.769844842519685
20
1.2866588188976378
11
0.7700470078740157
21
1.2871166929133857
0
LINE
8
BLACK
6
CONTINUOUS
10
0.7700470078740157
20
1.2871166929133857
11
0.7702253543307086
21
1.2880132677165355
0
LINE
8
BLACK
6
CONTINUOUS
10
0.7702253543307086
20
1.2880132677165355
11
0.7708666929133858
21
1.2889731102362205
0
LINE
8
BLACK
6
CONTINUOUS
10
0.7708666929133858
20
1.2889731102362205
11
0.7710601968503937
21
1.2894112992125983
0
LINE
8
BLACK
6
CONTINUOUS
10
0.7710601968503937
20
1.2894112992125983
11
0.7713594881889764
21
1.289710590551181
0
LINE
8
BLACK
6
CONTINUOUS
10
0.7713594881889764
20
1.289710590551181
11
0.7719322440944881
21
1.2905677559055118
0
LINE
8
BLACK
6
CONTINUOUS
10
0.7719322440944881
20
1.2905677559055118
11
0.7727893700787402
21
1.2911404724409448
0
LINE
8
BLACK
6
CONTINUOUS
10
0.7727893700787402
20
1.2911404724409448
11
0.7730886614173228
21
1.2914397637795276
0
LINE
8
BLACK
6
CONTINUOUS
10
0.7730886614173228
20
1.2914397637795276
11
0.7735267716535433
21
1.2916331889763779
0
LINE
8
BLACK
6
CONTINUOUS
10
0.7735267716535433
20
1.2916331889763779
11
0.7744867322834645
21
1.2922746456692913
0
LINE
8
BLACK
6
CONTINUOUS
10
0.7744867322834645
20
1.2922746456692913
11
0.7753833858267717
21
1.2924529921259842
0
LINE
8
BLACK
6
CONTINUOUS
10
0.7753833858267717
20
1.2924529921259842
11
0.7758411417322835
21
1.2926551181102361
0
LINE
8
BLACK
6
CONTINUOUS
10
0.7758411417322835
20
1.2926551181102361
11
0.7771809448818897
21
1.2928105511811023
0
LINE
8
BLACK
6
CONTINUOUS
10
0.7771809448818897
20
1.2928105511811023
11
0.7775
21
1.2928740157480314
0
LINE
8
BLACK
6
CONTINUOUS
10
0.7775
20
1.2928740157480314
11
0.8325
21
1.2928740157480314
0
LINE
8
BLACK
6
CONTINUOUS
10
0.8325
20
1.2928740157480314
11
0.8328191732283464
21
1.2928105118110236
0
LINE
8
BLACK
6
CONTINUOUS
10
0.9378191732283464
20
1.2928105118110236
11
0.9391588188976377
21
1.2926551181102361
0
LINE
8
BLACK
6
CONTINUOUS
10
0.9391588188976377
20
1.2926551181102361
11
0.9396164960629921
21
1.2924529921259842
0
LINE
8
BLACK
6
CONTINUOUS
10
0.9396164960629921
20
1.2924529921259842
11
0.9405132677165354
21
1.2922746456692913
0
LINE
8
BLACK
6
CONTINUOUS
10
0.9405132677165354
20
1.2922746456692913
11
0.9414732677165354
21
1.2916331496062992
0
LINE
8
BLACK
6
CONTINUOUS
10
0.9414732677165354
20
1.2916331496062992
11
0.9419112992125984
21
1.2914397637795276
0
LINE
8
BLACK
6
CONTINUOUS
10
0.9419112992125984
20
1.2914397637795276
11
0.9422104724409449
21
1.2911405511811023
0
LINE
8
BLACK
6
CONTINUOUS
10
0.9422104724409449
20
1.2911405511811023
11
0.9430677559055118
21
1.2905677559055118
0
LINE
8
BLACK
6
CONTINUOUS
10
0.9430677559055118
20
1.2905677559055118
11
0.9436405511811023
21
1.2897104724409449
0
LINE
8
BLACK
6
CONTINUOUS
10
0.9436405511811023
20
1.2897104724409449
11
0.9439397637795275
21
1.2894112992125983
0
LINE
8
BLACK
6
CONTINUOUS
10
0.9439397637795275
20
1.2894112992125983
11
0.9441331496062992
21
1.2889732677165353
0
LINE
8
BLACK
6
CONTINUOUS
10
0.9441331496062992
20
1.2889732677165353
11
0.9447746456692914
21
1.2880132677165355
0
LINE
8
BLACK
6
CONTINUOUS
10
0.9447746456692914
20
1.2880132677165355
11
0.9449529921259843
21
1.2871164960629922
0
LINE
8
BLACK
6
CONTINUOUS
10
0.9449529921259843
20
1.2871164960629922
11
0.9451551181102362
21
1.2866588188976378
0
LINE
8
BLACK
6
CONTINUOUS
10
0.9451551181102362
20
1.2866588188976378
11
0.9453105118110235
21
1.2853190944881889
0
LINE
8
BLACK
6
CONTINUOUS
10
0.9453105118110235
20
1.2853190944881889
11
0.9453740157480315
21
1.2849999999999999
0
LINE
8
BLACK
6
CONTINUOUS
10
0.9453740157480315
20
1.2849999999999999
11
0.9453740157480315
21
1.25
0
LINE
8
BLACK
6
CONTINUOUS
10
0.9453740157480315
20
1.25
11
0.9453105118110235
21
1.2496808661417322
0
LINE
8
BLACK
6
CONTINUOUS
10
0.9453105118110235
20
1.2496808661417322
11
0.9451551181102362
21
1.2483411417322834
0
LINE
8
BLACK
6
CONTINUOUS
10
0.9451551181102362
20
1.2483411417322834
11
0.9449529921259843
21
1.2478833858267717
0
LINE
8
BLACK
6
CONTINUOUS
10
0.9449529921259843
20
1.2478833858267717
11
0.9447746456692914
21
1.2469867322834645
0
LINE
8
BLACK
6
CONTINUOUS
10
0.9447746456692914
20
1.2469867322834645
11
0.9441331889763779
21
1.2460267716535434
0
LINE
8
BLACK
6
CONTINUOUS
10
0.9441331889763779
20
1.2460267716535434
11
0.9439397637795275
21
1.2455886614173228
0
LINE
8
BLACK
6
CONTINUOUS
10
0.9439397637795275
20
1.2455886614173228
11
0.9436404724409448
21
1.2452893700787402
0
LINE
8
BLACK
6
CONTINUOUS
10
0.9436404724409448
20
1.2452893700787402
11
0.9430677559055118
21
1.2444322440944882
0
LINE
8
BLACK
6
CONTINUOUS
10
0.9430677559055118
20
1.2444322440944882
11
0.9422105905511811
21
1.2438594881889764
0
LINE
8
BLACK
6
CONTINUOUS
10
0.9422105905511811
20
1.2438594881889764
11
0.9419112992125984
21
1.2435601968503938
0
LINE
8
BLACK
6
CONTINUOUS
10
0.9419112992125984
20
1.2435601968503938
11
0.9414731102362205
21
1.2433666929133858
0
LINE
8
BLACK
6
CONTINUOUS
10
0.9414731102362205
20
1.2433666929133858
11
0.9405132677165354
21
1.2427253543307086
0
LINE
8
BLACK
6
CONTINUOUS
10
0.9405132677165354
20
1.2427253543307086
11
0.9396166929133858
21
1.2425470078740157
0
LINE
8
BLACK
6
CONTINUOUS
10
0.9396166929133858
20
1.2425470078740157
11
0.9391588188976377
21
1.242344842519685
0
LINE
8
BLACK
6
CONTINUOUS
10
0.9391588188976377
20
1.242344842519685
11
0.9378186220472441
21
1.2421893307086613
0
LINE
8
BLACK
6
CONTINUOUS
10
0.9378186220472441
20
1.2421893307086613
11
0.9375
21
1.2421259842519685
0
LINE
8
BLACK
6
CONTINUOUS
10
0.9375
20
1.2421259842519685
11
0.9372723228346457
21
1.2421259842519685
0
LINE
8
BLACK
6
CONTINUOUS
10
0.9372723228346457
20
1.2421259842519685
11
0.882727716535433
21
1.2421259842519685
0
LINE
8
BLACK
6
CONTINUOUS
10
0.882727716535433
20
1.2421259842519685
11
0.8825
21
1.2421259842519685
0
LINE
8
BLACK
6
CONTINUOUS
10
0.8825
20
1.2421259842519685
11
0.8821813385826771
21
1.2421893307086613
0
LINE
8
BLACK
6
CONTINUOUS
10
0.8821813385826771
20
1.2421893307086613
11
0.8808411417322835
21
1.242344842519685
0
LINE
8
BLACK
6
CONTINUOUS
10
0.8808411417322835
20
1.242344842519685
11
0.8803832283464567
21
1.2425470078740157
0
LINE
8
BLACK
6
CONTINUOUS
10
0.8803832283464567
20
1.2425470078740157
11
0.8794867322834645
21
1.2427253543307086
0
LINE
8
BLACK
6
CONTINUOUS
10
0.8794867322834645
20
1.2427253543307086
11
0.8785269291338582
21
1.243366653543307
0
LINE
8
BLACK
6
CONTINUOUS
10
0.8785269291338582
20
1.243366653543307
11
0.8780886614173228
21
1.2435601968503938
0
LINE
8
BLACK
6
CONTINUOUS
10
0.8780886614173228
20
1.2435601968503938
11
0.8777892519685039
21
1.2438595669291339
0
LINE
8
BLACK
6
CONTINUOUS
10
0.8777892519685039
20
1.2438595669291339
11
0.8769322440944882
21
1.2444322440944882
0
LINE
8
BLACK
6
CONTINUOUS
10
0.8769322440944882
20
1.2444322440944882
11
0.8763595669291339
21
1.2452892519685039
0
LINE
8
BLACK
6
CONTINUOUS
10
0.8763595669291339
20
1.2452892519685039
11
0.8760601968503937
21
1.2455886614173228
0
LINE
8
BLACK
6
CONTINUOUS
10
0.8760601968503937
20
1.2455886614173228
11
0.8758666535433071
21
1.2460269291338582
0
LINE
8
BLACK
6
CONTINUOUS
10
0.8758666535433071
20
1.2460269291338582
11
0.8752253543307087
21
1.2469867322834645
0
LINE
8
BLACK
6
CONTINUOUS
10
0.8752253543307087
20
1.2469867322834645
11
0.8750470078740157
21
1.2478832283464567
0
LINE
8
BLACK
6
CONTINUOUS
10
0.8750470078740157
20
1.2478832283464567
11
0.874844842519685
21
1.2483411417322834
0
LINE
8
BLACK
6
CONTINUOUS
10
0.874844842519685
20
1.2483411417322834
11
0.8746893307086614
21
1.2496814173228346
0
LINE
8
BLACK
6
CONTINUOUS
10
0.8746893307086614
20
1.2496814173228346
11
0.8746259842519685
21
1.25
0
LINE
8
BLACK
6
CONTINUOUS
10
0.8746259842519685
20
1.25
11
0.8746259842519685
21
1.2849999999999999
0
LINE
8
BLACK
6
CONTINUOUS
10
0.8746259842519685
20
1.2849999999999999
11
0.8746893700787401
21
1.2853187007874016
0
LINE
8
BLACK
6
CONTINUOUS
10
0.8746893700787401
20
1.2853187007874016
11
0.874844842519685
21
1.2866588188976378
0
LINE
8
BLACK
6
CONTINUOUS
10
0.874844842519685
20
1.2866588188976378
11
0.8750470078740157
21
1.2871166929133857
0
LINE
8
BLACK
6
CONTINUOUS
10
0.8750470078740157
20
1.2871166929133857
11
0.8752253543307087
21
1.2880132677165355
0
LINE
8
BLACK
6
CONTINUOUS
10
0.8752253543307087
20
1.2880132677165355
11
0.8758666929133858
21
1.2889731102362205
0
LINE
8
BLACK
6
CONTINUOUS
10
0.8758666929133858
20
1.2889731102362205
11
0.8760601968503937
21
1.2894112992125983
0
LINE
8
BLACK
6
CONTINUOUS
10
0.8760601968503937
20
1.2894112992125983
11
0.8763594881889764
21
1.289710590551181
0
LINE
8
BLACK
6
CONTINUOUS
10
0.8763594881889764
20
1.289710590551181
11
0.8769322440944882
21
1.2905677559055118
0
LINE
8
BLACK
6
CONTINUOUS
10
0.8769322440944882
20
1.2905677559055118
11
0.8777893700787401
21
1.2911404724409448
0
LINE
8
BLACK
6
CONTINUOUS
10
0.8777893700787401
20
1.2911404724409448
11
0.8780886614173228
21
1.2914397637795276
0
LINE
8
BLACK
6
CONTINUOUS
10
0.8780886614173228
20
1.2914397637795276
11
0.8785267716535433
21
1.2916331889763779
0
LINE
8
BLACK
6
CONTINUOUS
10
0.8785267716535433
20
1.2916331889763779
11
0.8794867322834645
21
1.2922746456692913
0
LINE
8
BLACK
6
CONTINUOUS
10
0.8794867322834645
20
1.2922746456692913
11
0.8803833858267717
21
1.2924529921259842
0
LINE
8
BLACK
6
CONTINUOUS
10
0.8803833858267717
20
1.2924529921259842
11
0.8808411417322835
21
1.2926551181102361
0
LINE
8
BLACK
6
CONTINUOUS
10
0.8808411417322835
20
1.2926551181102361
11
0.8821809448818897
21
1.2928105511811023
0
LINE
8
BLACK
6
CONTINUOUS
10
0.8821809448818897
20
1.2928105511811023
11
0.8825
21
1.2928740157480314
0
LINE
8
BLACK
6
CONTINUOUS
10
0.8825
20
1.2928740157480314
11
0.9375
21
1.2928740157480314
0
LINE
8
BLACK
6
CONTINUOUS
10
0.9375
20
1.2928740157480314
11
0.9378191732283464
21
1.2928105118110236
0
LINE
8
BLACK
6
CONTINUOUS
10
1.0378191732283464
20
1.2928105118110236
11
1.0391588188976377
21
1.2926551181102361
0
LINE
8
BLACK
6
CONTINUOUS
10
1.0391588188976377
20
1.2926551181102361
11
1.0396164960629921
21
1.2924529921259842
0
LINE
8
BLACK
6
CONTINUOUS
10
1.0396164960629921
20
1.2924529921259842
11
1.0405132677165354
21
1.2922746456692913
0
LINE
8
BLACK
6
CONTINUOUS
10
1.0405132677165354
20
1.2922746456692913
11
1.0414732677165355
21
1.2916331496062992
0
LINE
8
BLACK
6
CONTINUOUS
10
1.0414732677165355
20
1.2916331496062992
11
1.0419112992125985
21
1.2914397637795276
0
LINE
8
BLACK
6
CONTINUOUS
10
1.0419112992125985
20
1.2914397637795276
11
1.0422104724409449
21
1.2911405511811023
0
LINE
8
BLACK
6
CONTINUOUS
10
1.0422104724409449
20
1.2911405511811023
11
1.0430677559055117
21
1.2905677559055118
0
LINE
8
BLACK
6
CONTINUOUS
10
1.0430677559055117
20
1.2905677559055118
11
1.0436405511811024
21
1.2897104724409449
0
LINE
8
BLACK
6
CONTINUOUS
10
1.0436405511811024
20
1.2897104724409449
11
1.0439397637795276
21
1.2894112992125983
0
LINE
8
BLACK
6
CONTINUOUS
10
1.0439397637795276
20
1.2894112992125983
11
1.0441331496062991
21
1.2889732677165353
0
LINE
8
BLACK
6
CONTINUOUS
10
1.0441331496062991
20
1.2889732677165353
11
1.0447746456692912
21
1.2880132677165355
0
LINE
8
BLACK
6
CONTINUOUS
10
1.0447746456692912
20
1.2880132677165355
11
1.0449529921259841
21
1.2871164960629922
0
LINE
8
BLACK
6
CONTINUOUS
10
1.0449529921259841
20
1.2871164960629922
11
1.0451551181102361
21
1.2866588188976378
0
LINE
8
BLACK
6
CONTINUOUS
10
1.0451551181102361
20
1.2866588188976378
11
1.0453105118110235
21
1.2853190944881889
0
LINE
8
BLACK
6
CONTINUOUS
10
1.0453105118110235
20
1.2853190944881889
11
1.0453740157480316
21
1.2849999999999999
0
LINE
8
BLACK
6
CONTINUOUS
10
1.0453740157480316
20
1.2849999999999999
11
1.0453740157480316
21
1.25
0
LINE
8
BLACK
6
CONTINUOUS
10
1.0453740157480316
20
1.25
11
1.0453105118110235
21
1.2496808661417322
0
LINE
8
BLACK
6
CONTINUOUS
10
1.0453105118110235
20
1.2496808661417322
11
1.0451551181102361
21
1.2483411417322834
0
LINE
8
BLACK
6
CONTINUOUS
10
1.0451551181102361
20
1.2483411417322834
11
1.0449529921259841
21
1.2478833858267717
0
LINE
8
BLACK
6
CONTINUOUS
10
1.0449529921259841
20
1.2478833858267717
11
1.0447746456692912
21
1.2469867322834645
0
LINE
8
BLACK
6
CONTINUOUS
10
1.0447746456692912
20
1.2469867322834645
11
1.0441331889763779
21
1.2460267716535434
0
LINE
8
BLACK
6
CONTINUOUS
10
1.0441331889763779
20
1.2460267716535434
11
1.0439397637795276
21
1.2455886614173228
0
LINE
8
BLACK
6
CONTINUOUS
10
1.0439397637795276
20
1.2455886614173228
11
1.0436404724409449
21
1.2452893700787402
0
LINE
8
BLACK
6
CONTINUOUS
10
1.0436404724409449
20
1.2452893700787402
11
1.0430677559055117
21
1.2444322440944882
0
LINE
8
BLACK
6
CONTINUOUS
10
1.0430677559055117
20
1.2444322440944882
11
1.0422105905511811
21
1.2438594881889764
0
LINE
8
BLACK
6
CONTINUOUS
10
1.0422105905511811
20
1.2438594881889764
11
1.0419112992125985
21
1.2435601968503938
0
LINE
8
BLACK
6
CONTINUOUS
10
1.0419112992125985
20
1.2435601968503938
11
1.0414731102362205
21
1.2433666929133858
0
LINE
8
BLACK
6
CONTINUOUS
10
1.0414731102362205
20
1.2433666929133858
11
1.0405132677165354
21
1.2427253543307086
0
LINE
8
BLACK
6
CONTINUOUS
10
1.0405132677165354
20
1.2427253543307086
11
1.0396166929133859
21
1.2425470078740157
0
LINE
8
BLACK
6
CONTINUOUS
10
1.0396166929133859
20
1.2425470078740157
11
1.0391588188976377
21
1.242344842519685
0
LINE
8
BLACK
6
CONTINUOUS
10
1.0391588188976377
20
1.242344842519685
11
1.0378186220472441
21
1.2421893307086613
0
LINE
8
BLACK
6
CONTINUOUS
10
1.0378186220472441
20
1.2421893307086613
11
1.0374999999999999
21
1.2421259842519685
0
LINE
8
BLACK
6
CONTINUOUS
10
1.0374999999999999
20
1.2421259842519685
11
1.0372723228346457
21
1.2421259842519685
0
LINE
8
BLACK
6
CONTINUOUS
10
1.0372723228346457
20
1.2421259842519685
11
0.982727716535433
21
1.2421259842519685
0
LINE
8
BLACK
6
CONTINUOUS
10
0.982727716535433
20
1.2421259842519685
11
0.9824999999999999
21
1.2421259842519685
0
LINE
8
BLACK
6
CONTINUOUS
10
0.9824999999999999
20
1.2421259842519685
11
0.9821813385826771
21
1.2421893307086613
0
LINE
8
BLACK
6
CONTINUOUS
10
0.9821813385826771
20
1.2421893307086613
11
0.9808411417322834
21
1.242344842519685
0
LINE
8
BLACK
6
CONTINUOUS
10
0.9808411417322834
20
1.242344842519685
11
0.9803832283464566
21
1.2425470078740157
0
LINE
8
BLACK
6
CONTINUOUS
10
0.9803832283464566
20
1.2425470078740157
11
0.9794867322834645
21
1.2427253543307086
0
LINE
8
BLACK
6
CONTINUOUS
10
0.9794867322834645
20
1.2427253543307086
11
0.9785269291338582
21
1.243366653543307
0
LINE
8
BLACK
6
CONTINUOUS
10
0.9785269291338582
20
1.243366653543307
11
0.9780886614173228
21
1.2435601968503938
0
LINE
8
BLACK
6
CONTINUOUS
10
0.9780886614173228
20
1.2435601968503938
11
0.977789251968504
21
1.2438595669291339
0
LINE
8
BLACK
6
CONTINUOUS
10
0.977789251968504
20
1.2438595669291339
11
0.9769322440944882
21
1.2444322440944882
0
LINE
8
BLACK
6
CONTINUOUS
10
0.9769322440944882
20
1.2444322440944882
11
0.9763595669291338
21
1.2452892519685039
0
LINE
8
BLACK
6
CONTINUOUS
10
0.9763595669291338
20
1.2452892519685039
11
0.9760601968503937
21
1.2455886614173228
0
LINE
8
BLACK
6
CONTINUOUS
10
0.9760601968503937
20
1.2455886614173228
11
0.975866653543307
21
1.2460269291338582
0
LINE
8
BLACK
6
CONTINUOUS
10
0.975866653543307
20
1.2460269291338582
11
0.9752253543307087
21
1.2469867322834645
0
LINE
8
BLACK
6
CONTINUOUS
10
0.9752253543307087
20
1.2469867322834645
11
0.9750470078740158
21
1.2478832283464567
0
LINE
8
BLACK
6
CONTINUOUS
10
0.9750470078740158
20
1.2478832283464567
11
0.9748448425196851
21
1.2483411417322834
0
LINE
8
BLACK
6
CONTINUOUS
10
0.9748448425196851
20
1.2483411417322834
11
0.9746893307086614
21
1.2496814173228346
0
LINE
8
BLACK
6
CONTINUOUS
10
0.9746893307086614
20
1.2496814173228346
11
0.9746259842519684
21
1.25
0
LINE
8
BLACK
6
CONTINUOUS
10
0.9746259842519684
20
1.25
11
0.9746259842519684
21
1.2849999999999999
0
LINE
8
BLACK
6
CONTINUOUS
10
0.9746259842519684
20
1.2849999999999999
11
0.9746893700787401
21
1.2853187007874016
0
LINE
8
BLACK
6
CONTINUOUS
10
0.9746893700787401
20
1.2853187007874016
11
0.9748448425196851
21
1.2866588188976378
0
LINE
8
BLACK
6
CONTINUOUS
10
0.9748448425196851
20
1.2866588188976378
11
0.9750470078740158
21
1.2871166929133857
0
LINE
8
BLACK
6
CONTINUOUS
10
0.9750470078740158
20
1.2871166929133857
11
0.9752253543307087
21
1.2880132677165355
0
LINE
8
BLACK
6
CONTINUOUS
10
0.9752253543307087
20
1.2880132677165355
11
0.9758666929133858
21
1.2889731102362205
0
LINE
8
BLACK
6
CONTINUOUS
10
0.9758666929133858
20
1.2889731102362205
11
0.9760601968503937
21
1.2894112992125983
0
LINE
8
BLACK
6
CONTINUOUS
10
0.9760601968503937
20
1.2894112992125983
11
0.9763594881889763
21
1.289710590551181
0
LINE
8
BLACK
6
CONTINUOUS
10
0.9763594881889763
20
1.289710590551181
11
0.9769322440944882
21
1.2905677559055118
0
LINE
8
BLACK
6
CONTINUOUS
10
0.9769322440944882
20
1.2905677559055118
11
0.9777893700787401
21
1.2911404724409448
0
LINE
8
BLACK
6
CONTINUOUS
10
0.9777893700787401
20
1.2911404724409448
11
0.9780886614173228
21
1.2914397637795276
0
LINE
8
BLACK
6
CONTINUOUS
10
0.9780886614173228
20
1.2914397637795276
11
0.9785267716535433
21
1.2916331889763779
0
LINE
8
BLACK
6
CONTINUOUS
10
0.9785267716535433
20
1.2916331889763779
11
0.9794867322834645
21
1.2922746456692913
0
LINE
8
BLACK
6
CONTINUOUS
10
0.9794867322834645
20
1.2922746456692913
11
0.9803833858267716
21
1.2924529921259842
0
LINE
8
BLACK
6
CONTINUOUS
10
0.9803833858267716
20
1.2924529921259842
11
0.9808411417322834
21
1.2926551181102361
0
LINE
8
BLACK
6
CONTINUOUS
10
0.9808411417322834
20
1.2926551181102361
11
0.9821809448818898
21
1.2928105511811023
0
LINE
8
BLACK
6
CONTINUOUS
10
0.9821809448818898
20
1.2928105511811023
11
0.9824999999999999
21
1.2928740157480314
0
LINE
8
BLACK
6
CONTINUOUS
10
0.9824999999999999
20
1.2928740157480314
11
1.0374999999999999
21
1.2928740157480314
0
LINE
8
BLACK
6
CONTINUOUS
10
1.0374999999999999
20
1.2928740157480314
11
1.0378191732283464
21
1.2928105118110236
0
LINE
8
BLACK
6
CONTINUOUS
10
1.1378191732283465
20
1.2928105118110236
11
1.1391588188976378
21
1.2926551181102361
0
LINE
8
BLACK
6
CONTINUOUS
10
1.1391588188976378
20
1.2926551181102361
11
1.1396164960629922
21
1.2924529921259842
0
LINE
8
BLACK
6
CONTINUOUS
10
1.1396164960629922
20
1.2924529921259842
11
1.1405132677165355
21
1.2922746456692913
0
LINE
8
BLACK
6
CONTINUOUS
10
1.1405132677165355
20
1.2922746456692913
11
1.1414732677165353
21
1.2916331496062992
0
LINE
8
BLACK
6
CONTINUOUS
10
1.1414732677165353
20
1.2916331496062992
11
1.1419112992125984
21
1.2914397637795276
0
LINE
8
BLACK
6
CONTINUOUS
10
1.1419112992125984
20
1.2914397637795276
11
1.1422104724409448
21
1.2911405511811023
0
LINE
8
BLACK
6
CONTINUOUS
10
1.1422104724409448
20
1.2911405511811023
11
1.1430677559055118
21
1.2905677559055118
0
LINE
8
BLACK
6
CONTINUOUS
10
1.1430677559055118
20
1.2905677559055118
11
1.1436405511811023
21
1.2897104724409449
0
LINE
8
BLACK
6
CONTINUOUS
10
1.1436405511811023
20
1.2897104724409449
11
1.1439397637795274
21
1.2894112992125983
0
LINE
8
BLACK
6
CONTINUOUS
10
1.1439397637795274
20
1.2894112992125983
11
1.1441331496062992
21
1.2889732677165353
0
LINE
8
BLACK
6
CONTINUOUS
10
1.1441331496062992
20
1.2889732677165353
11
1.1447746456692913
21
1.2880132677165355
0
LINE
8
BLACK
6
CONTINUOUS
10
1.1447746456692913
20
1.2880132677165355
11
1.1449529921259842
21
1.2871164960629922
0
LINE
8
BLACK
6
CONTINUOUS
10
1.1449529921259842
20
1.2871164960629922
11
1.1451551181102362
21
1.2866588188976378
0
LINE
8
BLACK
6
CONTINUOUS
10
1.1451551181102362
20
1.2866588188976378
11
1.1453105118110236
21
1.2853190944881889
0
LINE
8
BLACK
6
CONTINUOUS
10
1.1453105118110236
20
1.2853190944881889
11
1.1453740157480314
21
1.2849999999999999
0
LINE
8
BLACK
6
CONTINUOUS
10
1.1453740157480314
20
1.2849999999999999
11
1.1453740157480314
21
1.25
0
LINE
8
BLACK
6
CONTINUOUS
10
1.1453740157480314
20
1.25
11
1.1453105118110236
21
1.2496808661417322
0
LINE
8
BLACK
6
CONTINUOUS
10
1.1453105118110236
20
1.2496808661417322
11
1.1451551181102362
21
1.2483411417322834
0
LINE
8
BLACK
6
CONTINUOUS
10
1.1451551181102362
20
1.2483411417322834
11
1.1449529921259842
21
1.2478833858267717
0
LINE
8
BLACK
6
CONTINUOUS
10
1.1449529921259842
20
1.2478833858267717
11
1.1447746456692913
21
1.2469867322834645
0
LINE
8
BLACK
6
CONTINUOUS
10
1.1447746456692913
20
1.2469867322834645
11
1.1441331889763779
21
1.2460267716535434
0
LINE
8
BLACK
6
CONTINUOUS
10
1.1441331889763779
20
1.2460267716535434
11
1.1439397637795274
21
1.2455886614173228
0
LINE
8
BLACK
6
CONTINUOUS
10
1.1439397637795274
20
1.2455886614173228
11
1.1436404724409448
21
1.2452893700787402
0
LINE
8
BLACK
6
CONTINUOUS
10
1.1436404724409448
20
1.2452893700787402
11
1.1430677559055118
21
1.2444322440944882
0
LINE
8
BLACK
6
CONTINUOUS
10
1.1430677559055118
20
1.2444322440944882
11
1.142210590551181
21
1.2438594881889764
0
LINE
8
BLACK
6
CONTINUOUS
10
1.142210590551181
20
1.2438594881889764
11
1.1419112992125984
21
1.2435601968503938
0
LINE
8
BLACK
6
CONTINUOUS
10
1.1419112992125984
20
1.2435601968503938
11
1.1414731102362206
21
1.2433666929133858
0
LINE
8
BLACK
6
CONTINUOUS
10
1.1414731102362206
20
1.2433666929133858
11
1.1405132677165355
21
1.2427253543307086
0
LINE
8
BLACK
6
CONTINUOUS
10
1.1405132677165355
20
1.2427253543307086
11
1.1396166929133857
21
1.2425470078740157
0
LINE
8
BLACK
6
CONTINUOUS
10
1.1396166929133857
20
1.2425470078740157
11
1.1391588188976378
21
1.242344842519685
0
LINE
8
BLACK
6
CONTINUOUS
10
1.1391588188976378
20
1.242344842519685
11
1.1378186220472442
21
1.2421893307086613
0
LINE
8
BLACK
6
CONTINUOUS
10
1.1378186220472442
20
1.2421893307086613
11
1.1375
21
1.2421259842519685
0
LINE
8
BLACK
6
CONTINUOUS
10
1.1375
20
1.2421259842519685
11
1.1372723228346457
21
1.2421259842519685
0
LINE
8
BLACK
6
CONTINUOUS
10
1.1372723228346457
20
1.2421259842519685
11
1.082727716535433
21
1.2421259842519685
0
LINE
8
BLACK
6
CONTINUOUS
10
1.082727716535433
20
1.2421259842519685
11
1.0825
21
1.2421259842519685
0
LINE
8
BLACK
6
CONTINUOUS
10
1.0825
20
1.2421259842519685
11
1.0821813385826771
21
1.2421893307086613
0
LINE
8
BLACK
6
CONTINUOUS
10
1.0821813385826771
20
1.2421893307086613
11
1.0808411417322834
21
1.242344842519685
0
LINE
8
BLACK
6
CONTINUOUS
10
1.0808411417322834
20
1.242344842519685
11
1.0803832283464567
21
1.2425470078740157
0
LINE
8
BLACK
6
CONTINUOUS
10
1.0803832283464567
20
1.2425470078740157
11
1.0794867322834645
21
1.2427253543307086
0
LINE
8
BLACK
6
CONTINUOUS
10
1.0794867322834645
20
1.2427253543307086
11
1.0785269291338582
21
1.243366653543307
0
LINE
8
BLACK
6
CONTINUOUS
10
1.0785269291338582
20
1.243366653543307
11
1.0780886614173228
21
1.2435601968503938
0
LINE
8
BLACK
6
CONTINUOUS
10
1.0780886614173228
20
1.2435601968503938
11
1.0777892519685039
21
1.2438595669291339
0
LINE
8
BLACK
6
CONTINUOUS
10
1.0777892519685039
20
1.2438595669291339
11
1.0769322440944882
21
1.2444322440944882
0
LINE
8
BLACK
6
CONTINUOUS
10
1.0769322440944882
20
1.2444322440944882
11
1.0763595669291339
21
1.2452892519685039
0
LINE
8
BLACK
6
CONTINUOUS
10
1.0763595669291339
20
1.2452892519685039
11
1.0760601968503938
21
1.2455886614173228
0
LINE
8
BLACK
6
CONTINUOUS
10
1.0760601968503938
20
1.2455886614173228
11
1.075866653543307
21
1.2460269291338582
0
LINE
8
BLACK
6
CONTINUOUS
10
1.075866653543307
20
1.2460269291338582
11
1.0752253543307086
21
1.2469867322834645
0
LINE
8
BLACK
6
CONTINUOUS
10
1.0752253543307086
20
1.2469867322834645
11
1.0750470078740157
21
1.2478832283464567
0
LINE
8
BLACK
6
CONTINUOUS
10
1.0750470078740157
20
1.2478832283464567
11
1.074844842519685
21
1.2483411417322834
0
LINE
8
BLACK
6
CONTINUOUS
10
1.074844842519685
20
1.2483411417322834
11
1.0746893307086614
21
1.2496814173228346
0
LINE
8
BLACK
6
CONTINUOUS
10
1.0746893307086614
20
1.2496814173228346
11
1.0746259842519685
21
1.25
0
LINE
8
BLACK
6
CONTINUOUS
10
1.0746259842519685
20
1.25
11
1.0746259842519685
21
1.2849999999999999
0
LINE
8
BLACK
6
CONTINUOUS
10
1.0746259842519685
20
1.2849999999999999
11
1.0746893700787401
21
1.2853187007874016
0
LINE
8
BLACK
6
CONTINUOUS
10
1.0746893700787401
20
1.2853187007874016
11
1.074844842519685
21
1.2866588188976378
0
LINE
8
BLACK
6
CONTINUOUS
10
1.074844842519685
20
1.2866588188976378
11
1.0750470078740157
21
1.2871166929133857
0
LINE
8
BLACK
6
CONTINUOUS
10
1.0750470078740157
20
1.2871166929133857
11
1.0752253543307086
21
1.2880132677165355
0
LINE
8
BLACK
6
CONTINUOUS
10
1.0752253543307086
20
1.2880132677165355
11
1.0758666929133858
21
1.2889731102362205
0
LINE
8
BLACK
6
CONTINUOUS
10
1.0758666929133858
20
1.2889731102362205
11
1.0760601968503938
21
1.2894112992125983
0
LINE
8
BLACK
6
CONTINUOUS
10
1.0760601968503938
20
1.2894112992125983
11
1.0763594881889764
21
1.289710590551181
0
LINE
8
BLACK
6
CONTINUOUS
10
1.0763594881889764
20
1.289710590551181
11
1.0769322440944882
21
1.2905677559055118
0
LINE
8
BLACK
6
CONTINUOUS
10
1.0769322440944882
20
1.2905677559055118
11
1.0777893700787402
21
1.2911404724409448
0
LINE
8
BLACK
6
CONTINUOUS
10
1.0777893700787402
20
1.2911404724409448
11
1.0780886614173228
21
1.2914397637795276
0
LINE
8
BLACK
6
CONTINUOUS
10
1.0780886614173228
20
1.2914397637795276
11
1.0785267716535434
21
1.2916331889763779
0
LINE
8
BLACK
6
CONTINUOUS
10
1.0785267716535434
20
1.2916331889763779
11
1.0794867322834645
21
1.2922746456692913
0
LINE
8
BLACK
6
CONTINUOUS
10
1.0794867322834645
20
1.2922746456692913
11
1.0803833858267717
21
1.2924529921259842
0
LINE
8
BLACK
6
CONTINUOUS
10
1.0803833858267717
20
1.2924529921259842
11
1.0808411417322834
21
1.2926551181102361
0
LINE
8
BLACK
6
CONTINUOUS
10
1.0808411417322834
20
1.2926551181102361
11
1.0821809448818898
21
1.2928105511811023
0
LINE
8
BLACK
6
CONTINUOUS
10
1.0821809448818898
20
1.2928105511811023
11
1.0825
21
1.2928740157480314
0
LINE
8
BLACK
6
CONTINUOUS
10
1.0825
20
1.2928740157480314
11
1.1375
21
1.2928740157480314
0
LINE
8
BLACK
6
CONTINUOUS
10
1.1375
20
1.2928740157480314
11
1.1378191732283465
21
1.2928105118110236
0
LINE
8
BLACK
6
CONTINUOUS
10
0.2033930708661417
20
1.5257937007874016
11
0.2068202362204724
21
1.5257937007874016
0
LINE
8
BLACK
6
CONTINUOUS
10
0.2068202362204724
20
1.5257937007874016
11
0.2104794094488189
21
1.5253957086614174
0
LINE
8
BLACK
6
CONTINUOUS
10
0.2104794094488189
20
1.5253957086614174
11
0.2141057480314961
21
1.5251920866141733
0
LINE
8
BLACK
6
CONTINUOUS
10
0.2141057480314961
20
1.5251920866141733
11
0.2172249212598425
21
1.5246620866141731
0
LINE
8
BLACK
6
CONTINUOUS
10
0.2172249212598425
20
1.5246620866141731
11
0.2203811023622047
21
1.5243188582677165
0
LINE
8
BLACK
6
CONTINUOUS
10
0.2203811023622047
20
1.5243188582677165
11
0.2242248818897638
21
1.5234727559055117
0
LINE
8
BLACK
6
CONTINUOUS
10
0.2242248818897638
20
1.5234727559055117
11
0.2280341338582677
21
1.5228255511811024
0
LINE
8
BLACK
6
CONTINUOUS
10
0.2280341338582677
20
1.5228255511811024
11
0.2308478346456693
21
1.5220149212598424
0
LINE
8
BLACK
6
CONTINUOUS
10
0.2308478346456693
20
1.5220149212598424
11
0.233702874015748
21
1.5213864960629921
0
LINE
8
BLACK
6
CONTINUOUS
10
0.233702874015748
20
1.5213864960629921
11
0.2376761023622047
21
1.5200477559055117
0
LINE
8
BLACK
6
CONTINUOUS
10
0.2376761023622047
20
1.5200477559055117
11
0.2416099606299213
21
1.5189144488188977
0
LINE
8
BLACK
6
CONTINUOUS
10
0.2416099606299213
20
1.5189144488188977
11
0.2440963779527559
21
1.5178845275590551
0
LINE
8
BLACK
6
CONTINUOUS
10
0.2440963779527559
20
1.5178845275590551
11
0.2466292913385827
21
1.5170311023622047
0
LINE
8
BLACK
6
CONTINUOUS
10
0.2466292913385827
20
1.5170311023622047
11
0.2506707874015748
21
1.5151612992125985
0
LINE
8
BLACK
6
CONTINUOUS
10
0.2506707874015748
20
1.5151612992125985
11
0.2546625196850394
21
1.5135078740157479
0
LINE
8
BLACK
6
CONTINUOUS
10
0.2546625196850394
20
1.5135078740157479
11
0.2568098031496063
21
1.512321062992126
0
LINE
8
BLACK
6
CONTINUOUS
10
0.2568098031496063
20
1.512321062992126
11
0.2590093307086614
21
1.5113035039370077
0
LINE
8
BLACK
6
CONTINUOUS
10
0.2590093307086614
20
1.5113035039370077
11
0.2630505511811024
21
1.5088719685039369
0
LINE
8
BLACK
6
CONTINUOUS
10
0.2630505511811024
20
1.5088719685039369
11
0.2670276771653543
21
1.5066738976377951
0
LINE
8
BLACK
6
CONTINUOUS
10
0.2670276771653543
20
1.5066738976377951
11
0.2688345669291339
21
1.505391811023622
0
LINE
8
BLACK
6
CONTINUOUS
10
0.2688345669291339
20
1.505391811023622
11
0.2706976377952756
21
1.5042708661417323
0
LINE
8
BLACK
6
CONTINUOUS
10
0.2706976377952756
20
1.5042708661417323
11
0.2746654724409449
21
1.5012545669291337
0
LINE
8
BLACK
6
CONTINUOUS
10
0.2746654724409449
20
1.5012545669291337
11
0.2785498818897638
21
1.498498464566929
0
LINE
8
BLACK
6
CONTINUOUS
10
0.2785498818897638
20
1.498498464566929
11
0.2800237007874016
21
1.4971813779527559
0
LINE
8
BLACK
6
CONTINUOUS
10
0.2800237007874016
20
1.4971813779527559
11
0.2815566535433071
21
1.496016062992126
0
LINE
8
BLACK
6
CONTINUOUS
10
0.2815566535433071
20
1.496016062992126
11
0.285373937007874
21
1.4924000787401575
0
LINE
8
BLACK
6
CONTINUOUS
10
0.285373937007874
20
1.4924000787401575
11
0.2890843307086614
21
1.4890843307086614
0
LINE
8
BLACK
6
CONTINUOUS
10
0.2890843307086614
20
1.4890843307086614
11
0.2902422440944882
21
1.4877885826771653
0
LINE
8
BLACK
6
CONTINUOUS
10
0.2902422440944882
20
1.4877885826771653
11
0.2914596456692913
21
1.4866354330708662
0
LINE
8
BLACK
6
CONTINUOUS
10
0.2914596456692913
20
1.4866354330708662
11
0.2950464960629921
21
1.4824126377952755
0
LINE
8
BLACK
6
CONTINUOUS
10
0.2950464960629921
20
1.4824126377952755
11
0.2984984645669291
21
1.4785498818897638
0
LINE
8
BLACK
6
CONTINUOUS
10
0.2984984645669291
20
1.4785498818897638
11
0.2993655118110236
21
1.4773278346456693
0
LINE
8
BLACK
6
CONTINUOUS
10
0.2993655118110236
20
1.4773278346456693
11
0.3002906692913386
21
1.4762387007874016
0
LINE
8
BLACK
6
CONTINUOUS
10
0.3002906692913386
20
1.4762387007874016
11
0.303567874015748
21
1.4714051574803149
0
LINE
8
BLACK
6
CONTINUOUS
10
0.303567874015748
20
1.4714051574803149
11
0.3066738976377953
21
1.4670276771653543
0
LINE
8
BLACK
6
CONTINUOUS
10
0.3066738976377953
20
1.4670276771653543
11
0.3072822047244094
21
1.4659269291338581
0
LINE
8
BLACK
6
CONTINUOUS
10
0.3072822047244094
20
1.4659269291338581
11
0.3079456299212598
21
1.4649485433070866
0
LINE
8
BLACK
6
CONTINUOUS
10
0.3079456299212598
20
1.4649485433070866
11
0.3108335433070866
21
1.4595013385826772
0
LINE
8
BLACK
6
CONTINUOUS
10
0.3108335433070866
20
1.4595013385826772
11
0.313507874015748
21
1.4546625196850393
0
LINE
8
BLACK
6
CONTINUOUS
10
0.313507874015748
20
1.4546625196850393
11
0.3138970078740158
21
1.4537229527559055
0
LINE
8
BLACK
6
CONTINUOUS
10
0.3138970078740158
20
1.4537229527559055
11
0.3143348031496063
21
1.4528972834645668
0
LINE
8
BLACK
6
CONTINUOUS
10
0.3143348031496063
20
1.4528972834645668
11
0.3167526377952756
21
1.4468289763779527
0
LINE
8
BLACK
6
CONTINUOUS
10
0.3167526377952756
20
1.4468289763779527
11
0.3189144488188976
21
1.4416099606299213
0
LINE
8
BLACK
6
CONTINUOUS
10
0.3189144488188976
20
1.4416099606299213
11
0.3191294094488189
21
1.4408637401574802
0
LINE
8
BLACK
6
CONTINUOUS
10
0.3191294094488189
20
1.4408637401574802
11
0.3193839763779527
21
1.4402248818897638
0
LINE
8
BLACK
6
CONTINUOUS
10
0.3193839763779527
20
1.4402248818897638
11
0.3212576771653543
21
1.4334763385826772
0
LINE
8
BLACK
6
CONTINUOUS
10
0.3212576771653543
20
1.4334763385826772
11
0.3228255511811023
21
1.4280341338582676
0
LINE
8
BLACK
6
CONTINUOUS
10
0.3228255511811023
20
1.4280341338582676
11
0.3229151968503937
21
1.4275064566929134
0
LINE
8
BLACK
6
CONTINUOUS
10
0.3229151968503937
20
1.4275064566929134
11
0.3230331102362204
21
1.4270818110236221
0
LINE
8
BLACK
6
CONTINUOUS
10
0.3230331102362204
20
1.4270818110236221
11
0.3242899212598425
21
1.4194154724409449
0
LINE
8
BLACK
6
CONTINUOUS
10
0.3242899212598425
20
1.4194154724409449
11
0.3251920866141732
21
1.414105748031496
0
LINE
8
BLACK
6
CONTINUOUS
10
0.3251920866141732
20
1.414105748031496
11
0.3252085826771653
21
1.4138117322834645
0
LINE
8
BLACK
6
CONTINUOUS
10
0.3252085826771653
20
1.4138117322834645
11
0.3252399606299213
21
1.4136204330708662
0
LINE
8
BLACK
6
CONTINUOUS
10
0.3252399606299213
20
1.4136204330708662
11
0.3258165748031496
21
1.4029851181102362
0
LINE
8
BLACK
6
CONTINUOUS
10
0.3258165748031496
20
1.4029851181102362
11
0.3259842519685039
21
1.3999999999999999
0
LINE
8
BLACK
6
CONTINUOUS
10
0.3259842519685039
20
1.3999999999999999
11
0.3258166141732283
21
1.3970151181102362
0
LINE
8
BLACK
6
CONTINUOUS
10
0.3258166141732283
20
1.3970151181102362
11
0.3252399606299213
21
1.3863795275590551
0
LINE
8
BLACK
6
CONTINUOUS
10
0.3252399606299213
20
1.3863795275590551
11
0.3252085826771653
21
1.3861881889763779
0
LINE
8
BLACK
6
CONTINUOUS
10
0.3252085826771653
20
1.3861881889763779
11
0.3251920866141732
21
1.3858942519685038
0
LINE
8
BLACK
6
CONTINUOUS
10
0.3251920866141732
20
1.3858942519685038
11
0.3242900787401575
21
1.380585590551181
0
LINE
8
BLACK
6
CONTINUOUS
10
0.3242900787401575
20
1.380585590551181
11
0.3230331102362204
21
1.3729181496062992
0
LINE
8
BLACK
6
CONTINUOUS
10
0.3230331102362204
20
1.3729181496062992
11
0.322915157480315
21
1.3724934251968504
0
LINE
8
BLACK
6
CONTINUOUS
10
0.322915157480315
20
1.3724934251968504
11
0.3228255511811023
21
1.3719658661417322
0
LINE
8
BLACK
6
CONTINUOUS
10
0.3228255511811023
20
1.3719658661417322
11
0.3212579527559055
21
1.3665246456692912
0
LINE
8
BLACK
6
CONTINUOUS
10
0.3212579527559055
20
1.3665246456692912
11
0.3193839763779527
21
1.3597750787401575
0
LINE
8
BLACK
6
CONTINUOUS
10
0.3193839763779527
20
1.3597750787401575
11
0.3191293700787401
21
1.3591361023622046
0
LINE
8
BLACK
6
CONTINUOUS
10
0.3191293700787401
20
1.3591361023622046
11
0.3189144488188976
21
1.3583900393700787
0
LINE
8
BLACK
6
CONTINUOUS
10
0.3189144488188976
20
1.3583900393700787
11
0.316753031496063
21
1.3531720078740157
0
LINE
8
BLACK
6
CONTINUOUS
10
0.316753031496063
20
1.3531720078740157
11
0.3143348031496063
21
1.3471026771653543
0
LINE
8
BLACK
6
CONTINUOUS
10
0.3143348031496063
20
1.3471026771653543
11
0.313896968503937
21
1.3462768110236221
0
LINE
8
BLACK
6
CONTINUOUS
10
0.313896968503937
20
1.3462768110236221
11
0.313507874015748
21
1.3453374803149607
0
LINE
8
BLACK
6
CONTINUOUS
10
0.313507874015748
20
1.3453374803149607
11
0.3108340551181102
21
1.3404995669291337
0
LINE
8
BLACK
6
CONTINUOUS
10
0.3108340551181102
20
1.3404995669291337
11
0.3079456299212598
21
1.3350514173228347
0
LINE
8
BLACK
6
CONTINUOUS
10
0.3079456299212598
20
1.3350514173228347
11
0.3072820866141732
21
1.3340727952755904
0
LINE
8
BLACK
6
CONTINUOUS
10
0.3072820866141732
20
1.3340727952755904
11
0.3066738976377953
21
1.3329723228346457
0
LINE
8
BLACK
6
CONTINUOUS
10
0.3066738976377953
20
1.3329723228346457
11
0.3035684645669292
21
1.3285956299212598
0
LINE
8
BLACK
6
CONTINUOUS
10
0.3035684645669292
20
1.3285956299212598
11
0.3002906692913386
21
1.3237612598425197
0
LINE
8
BLACK
6
CONTINUOUS
10
0.3002906692913386
20
1.3237612598425197
11
0.2993653543307087
21
1.3226718897637795
0
LINE
8
BLACK
6
CONTINUOUS
10
0.2993653543307087
20
1.3226718897637795
11
0.2984984645669291
21
1.3214501181102363
0
LINE
8
BLACK
6
CONTINUOUS
10
0.2984984645669291
20
1.3214501181102363
11
0.2950471653543307
21
1.3175881102362204
0
LINE
8
BLACK
6
CONTINUOUS
10
0.2950471653543307
20
1.3175881102362204
11
0.2914596456692913
21
1.3133645275590551
0
LINE
8
BLACK
6
CONTINUOUS
10
0.2914596456692913
20
1.3133645275590551
11
0.2902420078740157
21
1.3122111023622047
0
LINE
8
BLACK
6
CONTINUOUS
10
0.2902420078740157
20
1.3122111023622047
11
0.2890843307086614
21
1.3109156692913386
0
LINE
8
BLACK
6
CONTINUOUS
10
0.2890843307086614
20
1.3109156692913386
11
0.2853746850393701
21
1.3076005118110237
0
LINE
8
BLACK
6
CONTINUOUS
10
0.2853746850393701
20
1.3076005118110237
11
0.2815566535433071
21
1.3039838976377953
0
LINE
8
BLACK
6
CONTINUOUS
10
0.2815566535433071
20
1.3039838976377953
11
0.2800233858267717
21
1.3028183464566929
0
LINE
8
BLACK
6
CONTINUOUS
10
0.2800233858267717
20
1.3028183464566929
11
0.2785498818897638
21
1.3015015354330708
0
LINE
8
BLACK
6
CONTINUOUS
10
0.2785498818897638
20
1.3015015354330708
11
0.2746662598425197
21
1.2987459448818897
0
LINE
8
BLACK
6
CONTINUOUS
10
0.2746662598425197
20
1.2987459448818897
11
0.2706976377952756
21
1.295729094488189
0
LINE
8
BLACK
6
CONTINUOUS
10
0.2706976377952756
20
1.295729094488189
11
0.2688341732283465
21
1.2946078740157481
0
LINE
8
BLACK
6
CONTINUOUS
10
0.2688341732283465
20
1.2946078740157481
11
0.2670276771653543
21
1.2933261023622047
0
LINE
8
BLACK
6
CONTINUOUS
10
0.2670276771653543
20
1.2933261023622047
11
0.2630513385826772
21
1.2911284645669292
0
LINE
8
BLACK
6
CONTINUOUS
10
0.2630513385826772
20
1.2911284645669292
11
0.2590093307086614
21
1.2886964566929133
0
LINE
8
BLACK
6
CONTINUOUS
10
0.2590093307086614
20
1.2886964566929133
11
0.2568093700787402
21
1.287678622047244
0
LINE
8
BLACK
6
CONTINUOUS
10
0.2568093700787402
20
1.287678622047244
11
0.2546625196850394
21
1.2864921259842519
0
LINE
8
BLACK
6
CONTINUOUS
10
0.2546625196850394
20
1.2864921259842519
11
0.2506716141732284
21
1.2848390157480314
0
LINE
8
BLACK
6
CONTINUOUS
10
0.2506716141732284
20
1.2848390157480314
11
0.2466292913385827
21
1.2829688582677166
0
LINE
8
BLACK
6
CONTINUOUS
10
0.2466292913385827
20
1.2829688582677166
11
0.2440958661417323
21
1.2821152362204724
0
LINE
8
BLACK
6
CONTINUOUS
10
0.2440958661417323
20
1.2821152362204724
11
0.2416099606299213
21
1.2810855511811023
0
LINE
8
BLACK
6
CONTINUOUS
10
0.2416099606299213
20
1.2810855511811023
11
0.2376768897637795
21
1.2799524409448819
0
LINE
8
BLACK
6
CONTINUOUS
10
0.2376768897637795
20
1.2799524409448819
11
0.233702874015748
21
1.2786134645669291
0
LINE
8
BLACK
6
CONTINUOUS
10
0.233702874015748
20
1.2786134645669291
11
0.2308472440944882
21
1.2779848818897637
0
LINE
8
BLACK
6
CONTINUOUS
10
0.2308472440944882
20
1.2779848818897637
11
0.2280341338582677
21
1.2771744488188976
0
LINE
8
BLACK
6
CONTINUOUS
10
0.2280341338582677
20
1.2771744488188976
11
0.2242256692913386
21
1.2765273622047244
0
LINE
8
BLACK
6
CONTINUOUS
10
0.2242256692913386
20
1.2765273622047244
11
0.2203811023622047
21
1.2756811023622048
0
LINE
8
BLACK
6
CONTINUOUS
10
0.2203811023622047
20
1.2756811023622048
11
0.2172244094488189
21
1.2753377952755904
0
LINE
8
BLACK
6
CONTINUOUS
10
0.2172244094488189
20
1.2753377952755904
11
0.2141057480314961
21
1.2748079133858268
0
LINE
8
BLACK
6
CONTINUOUS
10
0.2141057480314961
20
1.2748079133858268
11
0.2104796062992126
21
1.2746042519685039
0
LINE
8
BLACK
6
CONTINUOUS
10
0.2104796062992126
20
1.2746042519685039
11
0.2068202362204724
21
1.2742062992125984
0
LINE
8
BLACK
6
CONTINUOUS
10
0.2068202362204724
20
1.2742062992125984
11
0.2033930708661417
21
1.2742062992125984
0
LINE
8
BLACK
6
CONTINUOUS
10
0.2033930708661417
20
1.2742062992125984
11
0.2
21
1.274015748031496
0
LINE
8
BLACK
6
CONTINUOUS
10
0.2
20
1.274015748031496
11
0.1966069291338583
21
1.2742062992125984
0
LINE
8
BLACK
6
CONTINUOUS
10
0.1966069291338583
20
1.2742062992125984
11
0.1931797637795276
21
1.2742062992125984
0
LINE
8
BLACK
6
CONTINUOUS
10
0.1931797637795276
20
1.2742062992125984
11
0.1895203149606299
21
1.2746042519685039
0
LINE
8
BLACK
6
CONTINUOUS
10
0.1895203149606299
20
1.2746042519685039
11
0.1858942519685039
21
1.2748079133858268
0
LINE
8
BLACK
6
CONTINUOUS
10
0.1858942519685039
20
1.2748079133858268
11
0.1827755905511811
21
1.2753377559055117
0
LINE
8
BLACK
6
CONTINUOUS
10
0.1827755905511811
20
1.2753377559055117
11
0.1796188582677165
21
1.2756811023622048
0
LINE
8
BLACK
6
CONTINUOUS
10
0.1796188582677165
20
1.2756811023622048
11
0.175774094488189
21
1.2765273622047244
0
LINE
8
BLACK
6
CONTINUOUS
10
0.175774094488189
20
1.2765273622047244
11
0.1719658661417323
21
1.2771744488188976
0
LINE
8
BLACK
6
CONTINUOUS
10
0.1719658661417323
20
1.2771744488188976
11
0.1691528346456693
21
1.2779848425196849
0
LINE
8
BLACK
6
CONTINUOUS
10
0.1691528346456693
20
1.2779848425196849
11
0.1662970866141732
21
1.2786134645669291
0
LINE
8
BLACK
6
CONTINUOUS
10
0.1662970866141732
20
1.2786134645669291
11
0.1623227952755905
21
1.2799525196850394
0
LINE
8
BLACK
6
CONTINUOUS
10
0.1623227952755905
20
1.2799525196850394
11
0.1583900393700787
21
1.2810855511811023
0
LINE
8
BLACK
6
CONTINUOUS
10
0.1583900393700787
20
1.2810855511811023
11
0.1559042913385827
21
1.2821151574803149
0
LINE
8
BLACK
6
CONTINUOUS
10
0.1559042913385827
20
1.2821151574803149
11
0.1533706692913386
21
1.2829688582677166
0
LINE
8
BLACK
6
CONTINUOUS
10
0.1533706692913386
20
1.2829688582677166
11
0.1493279921259842
21
1.2848391732283464
0
LINE
8
BLACK
6
CONTINUOUS
10
0.1493279921259842
20
1.2848391732283464
11
0.1453374803149606
21
1.2864921259842519
0
LINE
8
BLACK
6
CONTINUOUS
10
0.1453374803149606
20
1.2864921259842519
11
0.1431907874015748
21
1.2876785433070865
0
LINE
8
BLACK
6
CONTINUOUS
10
0.1431907874015748
20
1.2876785433070865
11
0.1409906299212599
21
1.2886964566929133
0
LINE
8
BLACK
6
CONTINUOUS
10
0.1409906299212599
20
1.2886964566929133
11
0.1369481496062992
21
1.2911287401574802
0
LINE
8
BLACK
6
CONTINUOUS
10
0.1369481496062992
20
1.2911287401574802
11
0.1329723228346457
21
1.2933261023622047
0
LINE
8
BLACK
6
CONTINUOUS
10
0.1329723228346457
20
1.2933261023622047
11
0.1311659842519685
21
1.2946077165354331
0
LINE
8
BLACK
6
CONTINUOUS
10
0.1311659842519685
20
1.2946077165354331
11
0.1293023228346457
21
1.295729094488189
0
LINE
8
BLACK
6
CONTINUOUS
10
0.1293023228346457
20
1.295729094488189
11
0.1253331102362205
21
1.2987463779527559
0
LINE
8
BLACK
6
CONTINUOUS
10
0.1253331102362205
20
1.2987463779527559
11
0.1214501181102362
21
1.3015015354330708
0
LINE
8
BLACK
6
CONTINUOUS
10
0.1214501181102362
20
1.3015015354330708
11
0.1199768110236221
21
1.3028181496062992
0
LINE
8
BLACK
6
CONTINUOUS
10
0.1199768110236221
20
1.3028181496062992
11
0.1184433070866142
21
1.3039838976377953
0
LINE
8
BLACK
6
CONTINUOUS
10
0.1184433070866142
20
1.3039838976377953
11
0.1146246062992126
21
1.3076011417322835
0
LINE
8
BLACK
6
CONTINUOUS
10
0.1146246062992126
20
1.3076011417322835
11
0.1109156692913386
21
1.3109156692913386
0
LINE
8
BLACK
6
CONTINUOUS
10
0.1109156692913386
20
1.3109156692913386
11
0.1097581496062992
21
1.3122108661417322
0
LINE
8
BLACK
6
CONTINUOUS
10
0.1097581496062992
20
1.3122108661417322
11
0.1085403149606299
21
1.3133645275590551
0
LINE
8
BLACK
6
CONTINUOUS
10
0.1085403149606299
20
1.3133645275590551
11
0.1049520078740157
21
1.3175889763779527
0
LINE
8
BLACK
6
CONTINUOUS
10
0.1049520078740157
20
1.3175889763779527
11
0.1015015354330709
21
1.3214501181102363
0
LINE
8
BLACK
6
CONTINUOUS
10
0.1015015354330709
20
1.3214501181102363
11
0.1006348031496063
21
1.3226716141732284
0
LINE
8
BLACK
6
CONTINUOUS
10
0.1006348031496063
20
1.3226716141732284
11
0.0997092913385827
21
1.3237612598425197
0
LINE
8
BLACK
6
CONTINUOUS
10
0.0997092913385827
20
1.3237612598425197
11
0.0964305905511811
21
1.3285968897637794
0
LINE
8
BLACK
6
CONTINUOUS
10
0.0964305905511811
20
1.3285968897637794
11
0.0933261023622047
21
1.3329723228346457
0
LINE
8
BLACK
6
CONTINUOUS
10
0.0933261023622047
20
1.3329723228346457
11
0.092718031496063
21
1.3340724803149606
0
LINE
8
BLACK
6
CONTINUOUS
10
0.092718031496063
20
1.3340724803149606
11
0.0920543307086614
21
1.3350514173228347
0
LINE
8
BLACK
6
CONTINUOUS
10
0.0920543307086614
20
1.3350514173228347
11
0.0891649606299213
21
1.3405012992125984
0
LINE
8
BLACK
6
CONTINUOUS
10
0.0891649606299213
20
1.3405012992125984
11
0.086492125984252
21
1.3453374803149607
0
LINE
8
BLACK
6
CONTINUOUS
10
0.086492125984252
20
1.3453374803149607
11
0.0861031496062992
21
1.346276496062992
0
LINE
8
BLACK
6
CONTINUOUS
10
0.0861031496062992
20
1.346276496062992
11
0.085665157480315
21
1.3471026771653543
0
LINE
8
BLACK
6
CONTINUOUS
10
0.085665157480315
20
1.3471026771653543
11
0.0832458661417323
21
1.3531744881889765
0
LINE
8
BLACK
6
CONTINUOUS
10
0.0832458661417323
20
1.3531744881889765
11
0.0810855511811024
21
1.3583900393700787
0
LINE
8
BLACK
6
CONTINUOUS
10
0.0810855511811024
20
1.3583900393700787
11
0.0808707086614173
21
1.3591357480314961
0
LINE
8
BLACK
6
CONTINUOUS
10
0.0808707086614173
20
1.3591357480314961
11
0.0806159842519685
21
1.3597750787401575
0
LINE
8
BLACK
6
CONTINUOUS
10
0.0806159842519685
20
1.3597750787401575
11
0.078740905511811
21
1.3665284251968504
0
LINE
8
BLACK
6
CONTINUOUS
10
0.078740905511811
20
1.3665284251968504
11
0.0771744488188976
21
1.3719658661417322
0
LINE
8
BLACK
6
CONTINUOUS
10
0.0771744488188976
20
1.3719658661417322
11
0.077084842519685
21
1.3724930314960631
0
LINE
8
BLACK
6
CONTINUOUS
10
0.077084842519685
20
1.3724930314960631
11
0.0769668503937008
21
1.3729181496062992
0
LINE
8
BLACK
6
CONTINUOUS
10
0.0769668503937008
20
1.3729181496062992
11
0.0757087401574803
21
1.3805921653543307
0
LINE
8
BLACK
6
CONTINUOUS
10
0.0757087401574803
20
1.3805921653543307
11
0.0748079133858268
21
1.3858942519685038
0
LINE
8
BLACK
6
CONTINUOUS
10
0.0748079133858268
20
1.3858942519685038
11
0.0747914173228346
21
1.3861877952755906
0
LINE
8
BLACK
6
CONTINUOUS
10
0.0747914173228346
20
1.3861877952755906
11
0.07476
21
1.3863795275590551
0
LINE
8
BLACK
6
CONTINUOUS
10
0.07476
20
1.3863795275590551
11
0.0741822047244095
21
1.3970353937007873
0
LINE
8
BLACK
6
CONTINUOUS
10
0.0741822047244095
20
1.3970353937007873
11
0.0740157480314961
21
1.3999999999999999
0
LINE
8
BLACK
6
CONTINUOUS
10
0.0740157480314961
20
1.3999999999999999
11
0.0741822440944882
21
1.4029648031496063
0
LINE
8
BLACK
6
CONTINUOUS
10
0.0741822440944882
20
1.4029648031496063
11
0.07476
21
1.4136204330708662
0
LINE
8
BLACK
6
CONTINUOUS
10
0.07476
20
1.4136204330708662
11
0.0747914173228346
21
1.4138120866141732
0
LINE
8
BLACK
6
CONTINUOUS
10
0.0747914173228346
20
1.4138120866141732
11
0.0748079133858268
21
1.414105748031496
0
LINE
8
BLACK
6
CONTINUOUS
10
0.0748079133858268
20
1.414105748031496
11
0.075708937007874
21
1.4194088582677165
0
LINE
8
BLACK
6
CONTINUOUS
10
0.075708937007874
20
1.4194088582677165
11
0.0769668503937008
21
1.4270818110236221
0
LINE
8
BLACK
6
CONTINUOUS
10
0.0769668503937008
20
1.4270818110236221
11
0.077084842519685
21
1.427506811023622
0
LINE
8
BLACK
6
CONTINUOUS
10
0.077084842519685
20
1.427506811023622
11
0.0771744488188976
21
1.4280341338582676
0
LINE
8
BLACK
6
CONTINUOUS
10
0.0771744488188976
20
1.4280341338582676
11
0.0787412204724409
21
1.4334725984251968
0
LINE
8
BLACK
6
CONTINUOUS
10
0.0787412204724409
20
1.4334725984251968
11
0.0806159842519685
21
1.4402248818897638
0
LINE
8
BLACK
6
CONTINUOUS
10
0.0806159842519685
20
1.4402248818897638
11
0.0808706692913386
21
1.440864094488189
0
LINE
8
BLACK
6
CONTINUOUS
10
0.0808706692913386
20
1.440864094488189
11
0.0810855511811024
21
1.4416099606299213
0
LINE
8
BLACK
6
CONTINUOUS
10
0.0810855511811024
20
1.4416099606299213
11
0.0832462992125984
21
1.4468264566929134
0
LINE
8
BLACK
6
CONTINUOUS
10
0.0832462992125984
20
1.4468264566929134
11
0.085665157480315
21
1.4528972834645668
0
LINE
8
BLACK
6
CONTINUOUS
10
0.085665157480315
20
1.4528972834645668
11
0.0861030708661417
21
1.4537233070866142
0
LINE
8
BLACK
6
CONTINUOUS
10
0.0861030708661417
20
1.4537233070866142
11
0.086492125984252
21
1.4546625196850393
0
LINE
8
BLACK
6
CONTINUOUS
10
0.086492125984252
20
1.4546625196850393
11
0.0891654724409449
21
1.4594995669291337
0
LINE
8
BLACK
6
CONTINUOUS
10
0.0891654724409449
20
1.4594995669291337
11
0.0920543307086614
21
1.4649485433070866
0
LINE
8
BLACK
6
CONTINUOUS
10
0.0920543307086614
20
1.4649485433070866
11
0.0927179133858268
21
1.4659272440944882
0
LINE
8
BLACK
6
CONTINUOUS
10
0.0927179133858268
20
1.4659272440944882
11
0.0933261023622047
21
1.4670276771653543
0
LINE
8
BLACK
6
CONTINUOUS
10
0.0933261023622047
20
1.4670276771653543
11
0.0964311811023622
21
1.4714038976377952
0
LINE
8
BLACK
6
CONTINUOUS
10
0.0964311811023622
20
1.4714038976377952
11
0.0997092913385827
21
1.4762387007874016
0
LINE
8
BLACK
6
CONTINUOUS
10
0.0997092913385827
20
1.4762387007874016
11
0.1006346456692913
21
1.4773281102362203
0
LINE
8
BLACK
6
CONTINUOUS
10
0.1006346456692913
20
1.4773281102362203
11
0.1015015354330709
21
1.4785498818897638
0
LINE
8
BLACK
6
CONTINUOUS
10
0.1015015354330709
20
1.4785498818897638
11
0.1049526771653543
21
1.4824117322834645
0
LINE
8
BLACK
6
CONTINUOUS
10
0.1049526771653543
20
1.4824117322834645
11
0.1085403149606299
21
1.4866354330708662
0
LINE
8
BLACK
6
CONTINUOUS
10
0.1085403149606299
20
1.4866354330708662
11
0.1097579527559055
21
1.4877888188976378
0
LINE
8
BLACK
6
CONTINUOUS
10
0.1097579527559055
20
1.4877888188976378
11
0.1109156692913386
21
1.4890843307086614
0
LINE
8
BLACK
6
CONTINUOUS
10
0.1109156692913386
20
1.4890843307086614
11
0.1146253149606299
21
1.4923994881889764
0
LINE
8
BLACK
6
CONTINUOUS
10
0.1146253149606299
20
1.4923994881889764
11
0.1184433070866142
21
1.496016062992126
0
LINE
8
BLACK
6
CONTINUOUS
10
0.1184433070866142
20
1.496016062992126
11
0.1199764960629921
21
1.4971815748031496
0
LINE
8
BLACK
6
CONTINUOUS
10
0.1199764960629921
20
1.4971815748031496
11
0.1214501181102362
21
1.498498464566929
0
LINE
8
BLACK
6
CONTINUOUS
10
0.1214501181102362
20
1.498498464566929
11
0.1253338976377953
21
1.5012541338582677
0
LINE
8
BLACK
6
CONTINUOUS
10
0.1253338976377953
20
1.5012541338582677
11
0.1293023228346457
21
1.5042708661417323
0
LINE
8
BLACK
6
CONTINUOUS
10
0.1293023228346457
20
1.5042708661417323
11
0.1311656299212599
21
1.505391968503937
0
LINE
8
BLACK
6
CONTINUOUS
10
0.1311656299212599
20
1.505391968503937
11
0.1329723228346457
21
1.5066738976377951
0
LINE
8
BLACK
6
CONTINUOUS
10
0.1329723228346457
20
1.5066738976377951
11
0.136948937007874
21
1.5088716929133859
0
LINE
8
BLACK
6
CONTINUOUS
10
0.136948937007874
20
1.5088716929133859
11
0.1409906299212599
21
1.5113035039370077
0
LINE
8
BLACK
6
CONTINUOUS
10
0.1409906299212599
20
1.5113035039370077
11
0.1431903543307086
21
1.5123211811023622
0
LINE
8
BLACK
6
CONTINUOUS
10
0.1431903543307086
20
1.5123211811023622
11
0.1453374803149606
21
1.5135078740157479
0
LINE
8
BLACK
6
CONTINUOUS
10
0.1453374803149606
20
1.5135078740157479
11
0.1493288188976378
21
1.5151611417322834
0
LINE
8
BLACK
6
CONTINUOUS
10
0.1493288188976378
20
1.5151611417322834
11
0.1533706692913386
21
1.5170311023622047
0
LINE
8
BLACK
6
CONTINUOUS
10
0.1533706692913386
20
1.5170311023622047
11
0.155903779527559
21
1.5178846062992126
0
LINE
8
BLACK
6
CONTINUOUS
10
0.155903779527559
20
1.5178846062992126
11
0.1583900393700787
21
1.5189144488188977
0
LINE
8
BLACK
6
CONTINUOUS
10
0.1583900393700787
20
1.5189144488188977
11
0.1623235826771653
21
1.5200476771653544
0
LINE
8
BLACK
6
CONTINUOUS
10
0.1623235826771653
20
1.5200476771653544
11
0.1662970866141732
21
1.5213864960629921
0
LINE
8
BLACK
6
CONTINUOUS
10
0.1662970866141732
20
1.5213864960629921
11
0.1691522440944882
21
1.5220149606299211
0
LINE
8
BLACK
6
CONTINUOUS
10
0.1691522440944882
20
1.5220149606299211
11
0.1719658661417323
21
1.5228255511811024
0
LINE
8
BLACK
6
CONTINUOUS
10
0.1719658661417323
20
1.5228255511811024
11
0.1757748818897638
21
1.5234727165354331
0
LINE
8
BLACK
6
CONTINUOUS
10
0.1757748818897638
20
1.5234727165354331
11
0.1796188582677165
21
1.5243188582677165
0
LINE
8
BLACK
6
CONTINUOUS
10
0.1796188582677165
20
1.5243188582677165
11
0.1827751181102362
21
1.5246620866141731
0
LINE
8
BLACK
6
CONTINUOUS
10
0.1827751181102362
20
1.5246620866141731
11
0.1858942519685039
21
1.5251920866141733
0
LINE
8
BLACK
6
CONTINUOUS
10
0.1858942519685039
20
1.5251920866141733
11
0.1895205511811024
21
1.5253957086614174
0
LINE
8
BLACK
6
CONTINUOUS
10
0.1895205511811024
20
1.5253957086614174
11
0.1931797637795276
21
1.5257937007874016
0
LINE
8
BLACK
6
CONTINUOUS
10
0.1931797637795276
20
1.5257937007874016
11
0.1966069291338583
21
1.5257937007874016
0
LINE
8
BLACK
6
CONTINUOUS
10
0.1966069291338583
20
1.5257937007874016
11
0.2
21
1.5259842519685038
0
LINE
8
BLACK
6
CONTINUOUS
10
0.2
20
1.5259842519685038
11
0.2033930708661417
21
1.5257937007874016
0
LINE
8
BLACK
6
CONTINUOUS
10
1.8033930708661416
20
1.5257937007874016
11
1.8068202362204724
21
1.5257937007874016
0
LINE
8
BLACK
6
CONTINUOUS
10
1.8068202362204724
20
1.5257937007874016
11
1.8104794094488188
21
1.5253957086614174
0
LINE
8
BLACK
6
CONTINUOUS
10
1.8104794094488188
20
1.5253957086614174
11
1.8141057480314959
21
1.5251920866141733
0
LINE
8
BLACK
6
CONTINUOUS
10
1.8141057480314959
20
1.5251920866141733
11
1.8172249212598426
21
1.5246620866141731
0
LINE
8
BLACK
6
CONTINUOUS
10
1.8172249212598426
20
1.5246620866141731
11
1.8203811023622047
21
1.5243188582677165
0
LINE
8
BLACK
6
CONTINUOUS
10
1.8203811023622047
20
1.5243188582677165
11
1.8242248818897637
21
1.5234727559055117
0
LINE
8
BLACK
6
CONTINUOUS
10
1.8242248818897637
20
1.5234727559055117
11
1.8280341338582677
21
1.5228255511811024
0
LINE
8
BLACK
6
CONTINUOUS
10
1.8280341338582677
20
1.5228255511811024
11
1.8308478346456694
21
1.5220149212598424
0
LINE
8
BLACK
6
CONTINUOUS
10
1.8308478346456694
20
1.5220149212598424
11
1.8337028740157479
21
1.5213864960629921
0
LINE
8
BLACK
6
CONTINUOUS
10
1.8337028740157479
20
1.5213864960629921
11
1.8376761023622046
21
1.5200477559055117
0
LINE
8
BLACK
6
CONTINUOUS
10
1.8376761023622046
20
1.5200477559055117
11
1.8416099606299212
21
1.5189144488188977
0
LINE
8
BLACK
6
CONTINUOUS
10
1.8416099606299212
20
1.5189144488188977
11
1.8440963779527559
21
1.5178845275590551
0
LINE
8
BLACK
6
CONTINUOUS
10
1.8440963779527559
20
1.5178845275590551
11
1.8466292913385827
21
1.5170311023622047
0
LINE
8
BLACK
6
CONTINUOUS
10
1.8466292913385827
20
1.5170311023622047
11
1.8506707874015749
21
1.5151612992125985
0
LINE
8
BLACK
6
CONTINUOUS
10
1.8506707874015749
20
1.5151612992125985
11
1.8546625196850393
21
1.5135078740157479
0
LINE
8
BLACK
6
CONTINUOUS
10
1.8546625196850393
20
1.5135078740157479
11
1.8568098031496063
21
1.512321062992126
0
LINE
8
BLACK
6
CONTINUOUS
10
1.8568098031496063
20
1.512321062992126
11
1.8590093307086615
21
1.5113035039370077
0
LINE
8
BLACK
6
CONTINUOUS
10
1.8590093307086615
20
1.5113035039370077
11
1.8630505511811024
21
1.5088719685039369
0
LINE
8
BLACK
6
CONTINUOUS
10
1.8630505511811024
20
1.5088719685039369
11
1.8670276771653542
21
1.5066738976377951
0
LINE
8
BLACK
6
CONTINUOUS
10
1.8670276771653542
20
1.5066738976377951
11
1.8688345669291337
21
1.505391811023622
0
LINE
8
BLACK
6
CONTINUOUS
10
1.8688345669291337
20
1.505391811023622
11
1.8706976377952755
21
1.5042708661417323
0
LINE
8
BLACK
6
CONTINUOUS
10
1.8706976377952755
20
1.5042708661417323
11
1.8746654724409448
21
1.5012545669291337
0
LINE
8
BLACK
6
CONTINUOUS
10
1.8746654724409448
20
1.5012545669291337
11
1.8785498818897637
21
1.498498464566929
0
LINE
8
BLACK
6
CONTINUOUS
10
1.8785498818897637
20
1.498498464566929
11
1.8800237007874014
21
1.4971813779527559
0
LINE
8
BLACK
6
CONTINUOUS
10
1.8800237007874014
20
1.4971813779527559
11
1.881556653543307
21
1.496016062992126
0
LINE
8
BLACK
6
CONTINUOUS
10
1.881556653543307
20
1.496016062992126
11
1.8853739370078739
21
1.4924000787401575
0
LINE
8
BLACK
6
CONTINUOUS
10
1.8853739370078739
20
1.4924000787401575
11
1.8890843307086613
21
1.4890843307086614
0
LINE
8
BLACK
6
CONTINUOUS
10
1.8890843307086613
20
1.4890843307086614
11
1.8902422440944882
21
1.4877885826771653
0
LINE
8
BLACK
6
CONTINUOUS
10
1.8902422440944882
20
1.4877885826771653
11
1.8914596456692914
21
1.4866354330708662
0
LINE
8
BLACK
6
CONTINUOUS
10
1.8914596456692914
20
1.4866354330708662
11
1.895046496062992
21
1.4824126377952755
0
LINE
8
BLACK
6
CONTINUOUS
10
1.895046496062992
20
1.4824126377952755
11
1.8984984645669292
21
1.4785498818897638
0
LINE
8
BLACK
6
CONTINUOUS
10
1.8984984645669292
20
1.4785498818897638
11
1.8993655118110235
21
1.4773278346456693
0
LINE
8
BLACK
6
CONTINUOUS
10
1.8993655118110235
20
1.4773278346456693
11
1.9002906692913386
21
1.4762387007874016
0
LINE
8
BLACK
6
CONTINUOUS
10
1.9002906692913386
20
1.4762387007874016
11
1.903567874015748
21
1.4714051574803149
0
LINE
8
BLACK
6
CONTINUOUS
10
1.903567874015748
20
1.4714051574803149
11
1.9066738976377953
21
1.4670276771653543
0
LINE
8
BLACK
6
CONTINUOUS
10
1.9066738976377953
20
1.4670276771653543
11
1.9072822047244093
21
1.4659269291338581
0
LINE
8
BLACK
6
CONTINUOUS
10
1.9072822047244093
20
1.4659269291338581
11
1.9079456299212598
21
1.4649485433070866
0
LINE
8
BLACK
6
CONTINUOUS
10
1.9079456299212598
20
1.4649485433070866
11
1.9108335433070867
21
1.4595013385826772
0
LINE
8
BLACK
6
CONTINUOUS
10
1.9108335433070867
20
1.4595013385826772
11
1.9135078740157481
21
1.4546625196850393
0
LINE
8
BLACK
6
CONTINUOUS
10
1.9135078740157481
20
1.4546625196850393
11
1.9138970078740156
21
1.4537229527559055
0
LINE
8
BLACK
6
CONTINUOUS
10
1.9138970078740156
20
1.4537229527559055
11
1.9143348031496064
21
1.4528972834645668
0
LINE
8
BLACK
6
CONTINUOUS
10
1.9143348031496064
20
1.4528972834645668
11
1.9167526377952755
21
1.4468289763779527
0
LINE
8
BLACK
6
CONTINUOUS
10
1.9167526377952755
20
1.4468289763779527
11
1.9189144488188976
21
1.4416099606299213
0
LINE
8
BLACK
6
CONTINUOUS
10
1.9189144488188976
20
1.4416099606299213
11
1.9191294094488189
21
1.4408637401574802
0
LINE
8
BLACK
6
CONTINUOUS
10
1.9191294094488189
20
1.4408637401574802
11
1.9193839763779528
21
1.4402248818897638
0
LINE
8
BLACK
6
CONTINUOUS
10
1.9193839763779528
20
1.4402248818897638
11
1.9212576771653542
21
1.4334763385826772
0
LINE
8
BLACK
6
CONTINUOUS
10
1.9212576771653542
20
1.4334763385826772
11
1.9228255511811023
21
1.4280341338582676
0
LINE
8
BLACK
6
CONTINUOUS
10
1.9228255511811023
20
1.4280341338582676
11
1.9229151968503937
21
1.4275064566929134
0
LINE
8
BLACK
6
CONTINUOUS
10
1.9229151968503937
20
1.4275064566929134
11
1.9230331102362204
21
1.4270818110236221
0
LINE
8
BLACK
6
CONTINUOUS
10
1.9230331102362204
20
1.4270818110236221
11
1.9242899212598426
21
1.4194154724409449
0
LINE
8
BLACK
6
CONTINUOUS
10
1.9242899212598426
20
1.4194154724409449
11
1.9251920866141732
21
1.414105748031496
0
LINE
8
BLACK
6
CONTINUOUS
10
1.9251920866141732
20
1.414105748031496
11
1.9252085826771652
21
1.4138117322834645
0
LINE
8
BLACK
6
CONTINUOUS
10
1.9252085826771652
20
1.4138117322834645
11
1.9252399606299213
21
1.4136204330708662
0
LINE
8
BLACK
6
CONTINUOUS
10
1.9252399606299213
20
1.4136204330708662
11
1.9258165748031495
21
1.4029851181102362
0
LINE
8
BLACK
6
CONTINUOUS
10
1.9258165748031495
20
1.4029851181102362
11
1.925984251968504
21
1.3999999999999999
0
LINE
8
BLACK
6
CONTINUOUS
10
1.925984251968504
20
1.3999999999999999
11
1.9258166141732282
21
1.3970151181102362
0
LINE
8
BLACK
6
CONTINUOUS
10
1.9258166141732282
20
1.3970151181102362
11
1.9252399606299213
21
1.3863795275590551
0
LINE
8
BLACK
6
CONTINUOUS
10
1.9252399606299213
20
1.3863795275590551
11
1.9252085826771652
21
1.3861881889763779
0
LINE
8
BLACK
6
CONTINUOUS
10
1.9252085826771652
20
1.3861881889763779
11
1.9251920866141732
21
1.3858942519685038
0
LINE
8
BLACK
6
CONTINUOUS
10
1.9251920866141732
20
1.3858942519685038
11
1.9242900787401573
21
1.380585590551181
0
LINE
8
BLACK
6
CONTINUOUS
10
1.9242900787401573
20
1.380585590551181
11
1.9230331102362204
21
1.3729181496062992
0
LINE
8
BLACK
6
CONTINUOUS
10
1.9230331102362204
20
1.3729181496062992
11
1.9229151574803149
21
1.3724934251968504
0
LINE
8
BLACK
6
CONTINUOUS
10
1.9229151574803149
20
1.3724934251968504
11
1.9228255511811023
21
1.3719658661417322
0
LINE
8
BLACK
6
CONTINUOUS
10
1.9228255511811023
20
1.3719658661417322
11
1.9212579527559055
21
1.3665246456692912
0
LINE
8
BLACK
6
CONTINUOUS
10
1.9212579527559055
20
1.3665246456692912
11
1.9193839763779528
21
1.3597750787401575
0
LINE
8
BLACK
6
CONTINUOUS
10
1.9193839763779528
20
1.3597750787401575
11
1.9191293700787402
21
1.3591361023622046
0
LINE
8
BLACK
6
CONTINUOUS
10
1.9191293700787402
20
1.3591361023622046
11
1.9189144488188976
21
1.3583900393700787
0
LINE
8
BLACK
6
CONTINUOUS
10
1.9189144488188976
20
1.3583900393700787
11
1.916753031496063
21
1.3531720078740157
0
LINE
8
BLACK
6
CONTINUOUS
10
1.916753031496063
20
1.3531720078740157
11
1.9143348031496064
21
1.3471026771653543
0
LINE
8
BLACK
6
CONTINUOUS
10
1.9143348031496064
20
1.3471026771653543
11
1.9138969685039369
21
1.3462768110236221
0
LINE
8
BLACK
6
CONTINUOUS
10
1.9138969685039369
20
1.3462768110236221
11
1.9135078740157481
21
1.3453374803149607
0
LINE
8
BLACK
6
CONTINUOUS
10
1.9135078740157481
20
1.3453374803149607
11
1.9108340551181102
21
1.3404995669291337
0
LINE
8
BLACK
6
CONTINUOUS
10
1.9108340551181102
20
1.3404995669291337
11
1.9079456299212598
21
1.3350514173228347
0
LINE
8
BLACK
6
CONTINUOUS
10
1.9079456299212598
20
1.3350514173228347
11
1.9072820866141731
21
1.3340727952755904
0
LINE
8
BLACK
6
CONTINUOUS
10
1.9072820866141731
20
1.3340727952755904
11
1.9066738976377953
21
1.3329723228346457
0
LINE
8
BLACK
6
CONTINUOUS
10
1.9066738976377953
20
1.3329723228346457
11
1.9035684645669291
21
1.3285956299212598
0
LINE
8
BLACK
6
CONTINUOUS
10
1.9035684645669291
20
1.3285956299212598
11
1.9002906692913386
21
1.3237612598425197
0
LINE
8
BLACK
6
CONTINUOUS
10
1.9002906692913386
20
1.3237612598425197
11
1.8993653543307085
21
1.3226718897637795
0
LINE
8
BLACK
6
CONTINUOUS
10
1.8993653543307085
20
1.3226718897637795
11
1.8984984645669292
21
1.3214501181102363
0
LINE
8
BLACK
6
CONTINUOUS
10
1.8984984645669292
20
1.3214501181102363
11
1.8950471653543306
21
1.3175881102362204
0
LINE
8
BLACK
6
CONTINUOUS
10
1.8950471653543306
20
1.3175881102362204
11
1.8914596456692914
21
1.3133645275590551
0
LINE
8
BLACK
6
CONTINUOUS
10
1.8914596456692914
20
1.3133645275590551
11
1.8902420078740156
21
1.3122111023622047
0
LINE
8
BLACK
6
CONTINUOUS
10
1.8902420078740156
20
1.3122111023622047
11
1.8890843307086613
21
1.3109156692913386
0
LINE
8
BLACK
6
CONTINUOUS
10
1.8890843307086613
20
1.3109156692913386
11
1.88537468503937
21
1.3076005118110237
0
LINE
8
BLACK
6
CONTINUOUS
10
1.88537468503937
20
1.3076005118110237
11
1.881556653543307
21
1.3039838976377953
0
LINE
8
BLACK
6
CONTINUOUS
10
1.881556653543307
20
1.3039838976377953
11
1.8800233858267716
21
1.3028183464566929
0
LINE
8
BLACK
6
CONTINUOUS
10
1.8800233858267716
20
1.3028183464566929
11
1.8785498818897637
21
1.3015015354330708
0
LINE
8
BLACK
6
CONTINUOUS
10
1.8785498818897637
20
1.3015015354330708
11
1.8746662598425197
21
1.2987459448818897
0
LINE
8
BLACK
6
CONTINUOUS
10
1.8746662598425197
20
1.2987459448818897
11
1.8706976377952755
21
1.295729094488189
0
LINE
8
BLACK
6
CONTINUOUS
10
1.8706976377952755
20
1.295729094488189
11
1.8688341732283464
21
1.2946078740157481
0
LINE
8
BLACK
6
CONTINUOUS
10
1.8688341732283464
20
1.2946078740157481
11
1.8670276771653542
21
1.2933261023622047
0
LINE
8
BLACK
6
CONTINUOUS
10
1.8670276771653542
20
1.2933261023622047
11
1.863051338582677
21
1.2911284645669292
0
LINE
8
BLACK
6
CONTINUOUS
10
1.863051338582677
20
1.2911284645669292
11
1.8590093307086615
21
1.2886964566929133
0
LINE
8
BLACK
6
CONTINUOUS
10
1.8590093307086615
20
1.2886964566929133
11
1.85680937007874
21
1.287678622047244
0
LINE
8
BLACK
6
CONTINUOUS
10
1.85680937007874
20
1.287678622047244
11
1.8546625196850393
21
1.2864921259842519
0
LINE
8
BLACK
6
CONTINUOUS
10
1.8546625196850393
20
1.2864921259842519
11
1.8506716141732282
21
1.2848390157480314
0
LINE
8
BLACK
6
CONTINUOUS
10
1.8506716141732282
20
1.2848390157480314
11
1.8466292913385827
21
1.2829688582677166
0
LINE
8
BLACK
6
CONTINUOUS
10
1.8466292913385827
20
1.2829688582677166
11
1.8440958661417322
21
1.2821152362204724
0
LINE
8
BLACK
6
CONTINUOUS
10
1.8440958661417322
20
1.2821152362204724
11
1.8416099606299212
21
1.2810855511811023
0
LINE
8
BLACK
6
CONTINUOUS
10
1.8416099606299212
20
1.2810855511811023
11
1.8376768897637794
21
1.2799524409448819
0
LINE
8
BLACK
6
CONTINUOUS
10
1.8376768897637794
20
1.2799524409448819
11
1.8337028740157479
21
1.2786134645669291
0
LINE
8
BLACK
6
CONTINUOUS
10
1.8337028740157479
20
1.2786134645669291
11
1.8308472440944881
21
1.2779848818897637
0
LINE
8
BLACK
6
CONTINUOUS
10
1.8308472440944881
20
1.2779848818897637
11
1.8280341338582677
21
1.2771744488188976
0
LINE
8
BLACK
6
CONTINUOUS
10
1.8280341338582677
20
1.2771744488188976
11
1.8242256692913386
21
1.2765273622047244
0
LINE
8
BLACK
6
CONTINUOUS
10
1.8242256692913386
20
1.2765273622047244
11
1.8203811023622047
21
1.2756811023622048
0
LINE
8
BLACK
6
CONTINUOUS
10
1.8203811023622047
20
1.2756811023622048
11
1.8172244094488188
21
1.2753377952755904
0
LINE
8
BLACK
6
CONTINUOUS
10
1.8172244094488188
20
1.2753377952755904
11
1.8141057480314959
21
1.2748079133858268
0
LINE
8
BLACK
6
CONTINUOUS
10
1.8141057480314959
20
1.2748079133858268
11
1.8104796062992126
21
1.2746042519685039
0
LINE
8
BLACK
6
CONTINUOUS
10
1.8104796062992126
20
1.2746042519685039
11
1.8068202362204724
21
1.2742062992125984
0
LINE
8
BLACK
6
CONTINUOUS
10
1.8068202362204724
20
1.2742062992125984
11
1.8033930708661416
21
1.2742062992125984
0
LINE
8
BLACK
6
CONTINUOUS
10
1.8033930708661416
20
1.2742062992125984
11
1.8
21
1.274015748031496
0
LINE
8
BLACK
6
CONTINUOUS
10
1.8
20
1.274015748031496
11
1.7966069291338582
21
1.2742062992125984
0
LINE
8
BLACK
6
CONTINUOUS
10
1.7966069291338582
20
1.2742062992125984
11
1.7931797637795275
21
1.2742062992125984
0
LINE
8
BLACK
6
CONTINUOUS
10
1.7931797637795275
20
1.2742062992125984
11
1.7895203149606298
21
1.2746042519685039
0
LINE
8
BLACK
6
CONTINUOUS
10
1.7895203149606298
20
1.2746042519685039
11
1.7858942519685039
21
1.2748079133858268
0
LINE
8
BLACK
6
CONTINUOUS
10
1.7858942519685039
20
1.2748079133858268
11
1.7827755905511811
21
1.2753377559055117
0
LINE
8
BLACK
6
CONTINUOUS
10
1.7827755905511811
20
1.2753377559055117
11
1.7796188582677166
21
1.2756811023622048
0
LINE
8
BLACK
6
CONTINUOUS
10
1.7796188582677166
20
1.2756811023622048
11
1.775774094488189
21
1.2765273622047244
0
LINE
8
BLACK
6
CONTINUOUS
10
1.775774094488189
20
1.2765273622047244
11
1.7719658661417323
21
1.2771744488188976
0
LINE
8
BLACK
6
CONTINUOUS
10
1.7719658661417323
20
1.2771744488188976
11
1.7691528346456693
21
1.2779848425196849
0
LINE
8
BLACK
6
CONTINUOUS
10
1.7691528346456693
20
1.2779848425196849
11
1.7662970866141732
21
1.2786134645669291
0
LINE
8
BLACK
6
CONTINUOUS
10
1.7662970866141732
20
1.2786134645669291
11
1.7623227952755904
21
1.2799525196850394
0
LINE
8
BLACK
6
CONTINUOUS
10
1.7623227952755904
20
1.2799525196850394
11
1.7583900393700787
21
1.2810855511811023
0
LINE
8
BLACK
6
CONTINUOUS
10
1.7583900393700787
20
1.2810855511811023
11
1.7559042913385827
21
1.2821151574803149
0
LINE
8
BLACK
6
CONTINUOUS
10
1.7559042913385827
20
1.2821151574803149
11
1.7533706692913384
21
1.2829688582677166
0
LINE
8
BLACK
6
CONTINUOUS
10
1.7533706692913384
20
1.2829688582677166
11
1.7493279921259841
21
1.2848391732283464
0
LINE
8
BLACK
6
CONTINUOUS
10
1.7493279921259841
20
1.2848391732283464
11
1.7453374803149606
21
1.2864921259842519
0
LINE
8
BLACK
6
CONTINUOUS
10
1.7453374803149606
20
1.2864921259842519
11
1.7431907874015748
21
1.2876785433070865
0
LINE
8
BLACK
6
CONTINUOUS
10
1.7431907874015748
20
1.2876785433070865
11
1.7409906299212599
21
1.2886964566929133
0
LINE
8
BLACK
6
CONTINUOUS
10
1.7409906299212599
20
1.2886964566929133
11
1.7369481496062991
21
1.2911287401574802
0
LINE
8
BLACK
6
CONTINUOUS
10
1.7369481496062991
20
1.2911287401574802
11
1.7329723228346456
21
1.2933261023622047
0
LINE
8
BLACK
6
CONTINUOUS
10
1.7329723228346456
20
1.2933261023622047
11
1.7311659842519684
21
1.2946077165354331
0
LINE
8
BLACK
6
CONTINUOUS
10
1.7311659842519684
20
1.2946077165354331
11
1.7293023228346456
21
1.295729094488189
0
LINE
8
BLACK
6
CONTINUOUS
10
1.7293023228346456
20
1.295729094488189
11
1.7253331102362204
21
1.2987463779527559
0
LINE
8
BLACK
6
CONTINUOUS
10
1.7253331102362204
20
1.2987463779527559
11
1.7214501181102362
21
1.3015015354330708
0
LINE
8
BLACK
6
CONTINUOUS
10
1.7214501181102362
20
1.3015015354330708
11
1.719976811023622
21
1.3028181496062992
0
LINE
8
BLACK
6
CONTINUOUS
10
1.719976811023622
20
1.3028181496062992
11
1.7184433070866141
21
1.3039838976377953
0
LINE
8
BLACK
6
CONTINUOUS
10
1.7184433070866141
20
1.3039838976377953
11
1.7146246062992125
21
1.3076011417322835
0
LINE
8
BLACK
6
CONTINUOUS
10
1.7146246062992125
20
1.3076011417322835
11
1.7109156692913385
21
1.3109156692913386
0
LINE
8
BLACK
6
CONTINUOUS
10
1.7109156692913385
20
1.3109156692913386
11
1.7097581496062992
21
1.3122108661417322
0
LINE
8
BLACK
6
CONTINUOUS
10
1.7097581496062992
20
1.3122108661417322
11
1.70854031496063
21
1.3133645275590551
0
LINE
8
BLACK
6
CONTINUOUS
10
1.70854031496063
20
1.3133645275590551
11
1.7049520078740157
21
1.3175889763779527
0
LINE
8
BLACK
6
CONTINUOUS
10
1.7049520078740157
20
1.3175889763779527
11
1.7015015354330709
21
1.3214501181102363
0
LINE
8
BLACK
6
CONTINUOUS
10
1.7015015354330709
20
1.3214501181102363
11
1.7006348031496064
21
1.3226716141732284
0
LINE
8
BLACK
6
CONTINUOUS
10
1.7006348031496064
20
1.3226716141732284
11
1.6997092913385827
21
1.3237612598425197
0
LINE
8
BLACK
6
CONTINUOUS
10
1.6997092913385827
20
1.3237612598425197
11
1.6964305905511812
21
1.3285968897637794
0
LINE
8
BLACK
6
CONTINUOUS
10
1.6964305905511812
20
1.3285968897637794
11
1.6933261023622046
21
1.3329723228346457
0
LINE
8
BLACK
6
CONTINUOUS
10
1.6933261023622046
20
1.3329723228346457
11
1.692718031496063
21
1.3340724803149606
0
LINE
8
BLACK
6
CONTINUOUS
10
1.692718031496063
20
1.3340724803149606
11
1.6920543307086613
21
1.3350514173228347
0
LINE
8
BLACK
6
CONTINUOUS
10
1.6920543307086613
20
1.3350514173228347
11
1.6891649606299213
21
1.3405012992125984
0
LINE
8
BLACK
6
CONTINUOUS
10
1.6891649606299213
20
1.3405012992125984
11
1.686492125984252
21
1.3453374803149607
0
LINE
8
BLACK
6
CONTINUOUS
10
1.686492125984252
20
1.3453374803149607
11
1.6861031496062993
21
1.346276496062992
0
LINE
8
BLACK
6
CONTINUOUS
10
1.6861031496062993
20
1.346276496062992
11
1.685665157480315
21
1.3471026771653543
0
LINE
8
BLACK
6
CONTINUOUS
10
1.685665157480315
20
1.3471026771653543
11
1.6832458661417322
21
1.3531744881889765
0
LINE
8
BLACK
6
CONTINUOUS
10
1.6832458661417322
20
1.3531744881889765
11
1.6810855511811023
21
1.3583900393700787
0
LINE
8
BLACK
6
CONTINUOUS
10
1.6810855511811023
20
1.3583900393700787
11
1.6808707086614172
21
1.3591357480314961
0
LINE
8
BLACK
6
CONTINUOUS
10
1.6808707086614172
20
1.3591357480314961
11
1.6806159842519686
21
1.3597750787401575
0
LINE
8
BLACK
6
CONTINUOUS
10
1.6806159842519686
20
1.3597750787401575
11
1.678740905511811
21
1.3665284251968504
0
LINE
8
BLACK
6
CONTINUOUS
10
1.678740905511811
20
1.3665284251968504
11
1.6771744488188975
21
1.3719658661417322
0
LINE
8
BLACK
6
CONTINUOUS
10
1.6771744488188975
20
1.3719658661417322
11
1.6770848425196849
21
1.3724930314960631
0
LINE
8
BLACK
6
CONTINUOUS
10
1.6770848425196849
20
1.3724930314960631
11
1.6769668503937007
21
1.3729181496062992
0
LINE
8
BLACK
6
CONTINUOUS
10
1.6769668503937007
20
1.3729181496062992
11
1.6757087401574802
21
1.3805921653543307
0
LINE
8
BLACK
6
CONTINUOUS
10
1.6757087401574802
20
1.3805921653543307
11
1.6748079133858267
21
1.3858942519685038
0
LINE
8
BLACK
6
CONTINUOUS
10
1.6748079133858267
20
1.3858942519685038
11
1.6747914173228347
21
1.3861877952755906
0
LINE
8
BLACK
6
CONTINUOUS
10
1.6747914173228347
20
1.3861877952755906
11
1.67476
21
1.3863795275590551
0
LINE
8
BLACK
6
CONTINUOUS
10
1.67476
20
1.3863795275590551
11
1.6741822047244095
21
1.3970353937007873
0
LINE
8
BLACK
6
CONTINUOUS
10
1.6741822047244095
20
1.3970353937007873
11
1.6740157480314961
21
1.3999999999999999
0
LINE
8
BLACK
6
CONTINUOUS
10
1.6740157480314961
20
1.3999999999999999
11
1.6741822440944882
21
1.4029648031496063
0
LINE
8
BLACK
6
CONTINUOUS
10
1.6741822440944882
20
1.4029648031496063
11
1.67476
21
1.4136204330708662
0
LINE
8
BLACK
6
CONTINUOUS
10
1.67476
20
1.4136204330708662
11
1.6747914173228347
21
1.4138120866141732
0
LINE
8
BLACK
6
CONTINUOUS
10
1.6747914173228347
20
1.4138120866141732
11
1.6748079133858267
21
1.414105748031496
0
LINE
8
BLACK
6
CONTINUOUS
10
1.6748079133858267
20
1.414105748031496
11
1.6757089370078739
21
1.4194088582677165
0
LINE
8
BLACK
6
CONTINUOUS
10
1.6757089370078739
20
1.4194088582677165
11
1.6769668503937007
21
1.4270818110236221
0
LINE
8
BLACK
6
CONTINUOUS
10
1.6769668503937007
20
1.4270818110236221
11
1.6770848425196849
21
1.427506811023622
0
LINE
8
BLACK
6
CONTINUOUS
10
1.6770848425196849
20
1.427506811023622
11
1.6771744488188975
21
1.4280341338582676
0
LINE
8
BLACK
6
CONTINUOUS
10
1.6771744488188975
20
1.4280341338582676
11
1.678741220472441
21
1.4334725984251968
0
LINE
8
BLACK
6
CONTINUOUS
10
1.678741220472441
20
1.4334725984251968
11
1.6806159842519686
21
1.4402248818897638
0
LINE
8
BLACK
6
CONTINUOUS
10
1.6806159842519686
20
1.4402248818897638
11
1.6808706692913384
21
1.440864094488189
0
LINE
8
BLACK
6
CONTINUOUS
10
1.6808706692913384
20
1.440864094488189
11
1.6810855511811023
21
1.4416099606299213
0
LINE
8
BLACK
6
CONTINUOUS
10
1.6810855511811023
20
1.4416099606299213
11
1.6832462992125985
21
1.4468264566929134
0
LINE
8
BLACK
6
CONTINUOUS
10
1.6832462992125985
20
1.4468264566929134
11
1.685665157480315
21
1.4528972834645668
0
LINE
8
BLACK
6
CONTINUOUS
10
1.685665157480315
20
1.4528972834645668
11
1.6861030708661418
21
1.4537233070866142
0
LINE
8
BLACK
6
CONTINUOUS
10
1.6861030708661418
20
1.4537233070866142
11
1.686492125984252
21
1.4546625196850393
0
LINE
8
BLACK
6
CONTINUOUS
10
1.686492125984252
20
1.4546625196850393
11
1.6891654724409448
21
1.4594995669291337
0
LINE
8
BLACK
6
CONTINUOUS
10
1.6891654724409448
20
1.4594995669291337
11
1.6920543307086613
21
1.4649485433070866
0
LINE
8
BLACK
6
CONTINUOUS
10
1.6920543307086613
20
1.4649485433070866
11
1.6927179133858268
21
1.4659272440944882
0
LINE
8
BLACK
6
CONTINUOUS
10
1.6927179133858268
20
1.4659272440944882
11
1.6933261023622046
21
1.4670276771653543
0
LINE
8
BLACK
6
CONTINUOUS
10
1.6933261023622046
20
1.4670276771653543
11
1.6964311811023622
21
1.4714038976377952
0
LINE
8
BLACK
6
CONTINUOUS
10
1.6964311811023622
20
1.4714038976377952
11
1.6997092913385827
21
1.4762387007874016
0
LINE
8
BLACK
6
CONTINUOUS
10
1.6997092913385827
20
1.4762387007874016
11
1.7006346456692913
21
1.4773281102362203
0
LINE
8
BLACK
6
CONTINUOUS
10
1.7006346456692913
20
1.4773281102362203
11
1.7015015354330709
21
1.4785498818897638
0
LINE
8
BLACK
6
CONTINUOUS
10
1.7015015354330709
20
1.4785498818897638
11
1.7049526771653543
21
1.4824117322834645
0
LINE
8
BLACK
6
CONTINUOUS
10
1.7049526771653543
20
1.4824117322834645
11
1.70854031496063
21
1.4866354330708662
0
LINE
8
BLACK
6
CONTINUOUS
10
1.70854031496063
20
1.4866354330708662
11
1.7097579527559055
21
1.4877888188976378
0
LINE
8
BLACK
6
CONTINUOUS
10
1.7097579527559055
20
1.4877888188976378
11
1.7109156692913385
21
1.4890843307086614
0
LINE
8
BLACK
6
CONTINUOUS
10
1.7109156692913385
20
1.4890843307086614
11
1.7146253149606299
21
1.4923994881889764
0
LINE
8
BLACK
6
CONTINUOUS
10
1.7146253149606299
20
1.4923994881889764
11
1.7184433070866141
21
1.496016062992126
0
LINE
8
BLACK
6
CONTINUOUS
10
1.7184433070866141
20
1.496016062992126
11
1.7199764960629922
21
1.4971815748031496
0
LINE
8
BLACK
6
CONTINUOUS
10
1.7199764960629922
20
1.4971815748031496
11
1.7214501181102362
21
1.498498464566929
0
LINE
8
BLACK
6
CONTINUOUS
10
1.7214501181102362
20
1.498498464566929
11
1.7253338976377952
21
1.5012541338582677
0
LINE
8
BLACK
6
CONTINUOUS
10
1.7253338976377952
20
1.5012541338582677
11
1.7293023228346456
21
1.5042708661417323
0
LINE
8
BLACK
6
CONTINUOUS
10
1.7293023228346456
20
1.5042708661417323
11
1.7311656299212599
21
1.505391968503937
0
LINE
8
BLACK
6
CONTINUOUS
10
1.7311656299212599
20
1.505391968503937
11
1.7329723228346456
21
1.5066738976377951
0
LINE
8
BLACK
6
CONTINUOUS
10
1.7329723228346456
20
1.5066738976377951
11
1.7369489370078739
21
1.5088716929133859
0
LINE
8
BLACK
6
CONTINUOUS
10
1.7369489370078739
20
1.5088716929133859
11
1.7409906299212599
21
1.5113035039370077
0
LINE
8
BLACK
6
CONTINUOUS
10
1.7409906299212599
20
1.5113035039370077
11
1.7431903543307086
21
1.5123211811023622
0
LINE
8
BLACK
6
CONTINUOUS
10
1.7431903543307086
20
1.5123211811023622
11
1.7453374803149606
21
1.5135078740157479
0
LINE
8
BLACK
6
CONTINUOUS
10
1.7453374803149606
20
1.5135078740157479
11
1.7493288188976377
21
1.5151611417322834
0
LINE
8
BLACK
6
CONTINUOUS
10
1.7493288188976377
20
1.5151611417322834
11
1.7533706692913384
21
1.5170311023622047
0
LINE
8
BLACK
6
CONTINUOUS
10
1.7533706692913384
20
1.5170311023622047
11
1.7559037795275589
21
1.5178846062992126
0
LINE
8
BLACK
6
CONTINUOUS
10
1.7559037795275589
20
1.5178846062992126
11
1.7583900393700787
21
1.5189144488188977
0
LINE
8
BLACK
6
CONTINUOUS
10
1.7583900393700787
20
1.5189144488188977
11
1.7623235826771653
21
1.5200476771653544
0
LINE
8
BLACK
6
CONTINUOUS
10
1.7623235826771653
20
1.5200476771653544
11
1.7662970866141732
21
1.5213864960629921
0
LINE
8
BLACK
6
CONTINUOUS
10
1.7662970866141732
20
1.5213864960629921
11
1.7691522440944882
21
1.5220149606299211
0
LINE
8
BLACK
6
CONTINUOUS
10
1.7691522440944882
20
1.5220149606299211
11
1.7719658661417323
21
1.5228255511811024
0
LINE
8
BLACK
6
CONTINUOUS
10
1.7719658661417323
20
1.5228255511811024
11
1.7757748818897638
21
1.5234727165354331
0
LINE
8
BLACK
6
CONTINUOUS
10
1.7757748818897638
20
1.5234727165354331
11
1.7796188582677166
21
1.5243188582677165
0
LINE
8
BLACK
6
CONTINUOUS
10
1.7796188582677166
20
1.5243188582677165
11
1.7827751181102363
21
1.5246620866141731
0
LINE
8
BLACK
6
CONTINUOUS
10
1.7827751181102363
20
1.5246620866141731
11
1.7858942519685039
21
1.5251920866141733
0
LINE
8
BLACK
6
CONTINUOUS
10
1.7858942519685039
20
1.5251920866141733
11
1.7895205511811023
21
1.5253957086614174
0
LINE
8
BLACK
6
CONTINUOUS
10
1.7895205511811023
20
1.5253957086614174
11
1.7931797637795275
21
1.5257937007874016
0
LINE
8
BLACK
6
CONTINUOUS
10
1.7931797637795275
20
1.5257937007874016
11
1.7966069291338582
21
1.5257937007874016
0
LINE
8
BLACK
6
CONTINUOUS
10
1.7966069291338582
20
1.5257937007874016
11
1.8
21
1.5259842519685038
0
LINE
8
BLACK
6
CONTINUOUS
10
1.8
20
1.5259842519685038
11
1.8033930708661416
21
1.5257937007874016
0
LINE
8
BLACK
6
CONTINUOUS
10
0.6353191732283464
20
1.3928105118110237
11
0.6366588188976378
21
1.3926551181102362
0
LINE
8
BLACK
6
CONTINUOUS
10
0.6366588188976378
20
1.3926551181102362
11
0.6371164960629921
21
1.3924529921259843
0
LINE
8
BLACK
6
CONTINUOUS
10
0.6371164960629921
20
1.3924529921259843
11
0.6380132677165354
21
1.3922746456692914
0
LINE
8
BLACK
6
CONTINUOUS
10
0.6380132677165354
20
1.3922746456692914
11
0.6389732677165354
21
1.3916331496062992
0
LINE
8
BLACK
6
CONTINUOUS
10
0.6389732677165354
20
1.3916331496062992
11
0.6394112992125984
21
1.3914397637795275
0
LINE
8
BLACK
6
CONTINUOUS
10
0.6394112992125984
20
1.3914397637795275
11
0.6397104724409449
21
1.3911405511811024
0
LINE
8
BLACK
6
CONTINUOUS
10
0.6397104724409449
20
1.3911405511811024
11
0.6405677559055118
21
1.3905677559055118
0
LINE
8
BLACK
6
CONTINUOUS
10
0.6405677559055118
20
1.3905677559055118
11
0.6411405511811024
21
1.3897104724409448
0
LINE
8
BLACK
6
CONTINUOUS
10
0.6411405511811024
20
1.3897104724409448
11
0.6414397637795275
21
1.3894112992125984
0
LINE
8
BLACK
6
CONTINUOUS
10
0.6414397637795275
20
1.3894112992125984
11
0.6416331496062992
21
1.3889732677165354
0
LINE
8
BLACK
6
CONTINUOUS
10
0.6416331496062992
20
1.3889732677165354
11
0.6422746456692914
21
1.3880132677165353
0
LINE
8
BLACK
6
CONTINUOUS
10
0.6422746456692914
20
1.3880132677165353
11
0.6424529921259843
21
1.387116496062992
0
LINE
8
BLACK
6
CONTINUOUS
10
0.6424529921259843
20
1.387116496062992
11
0.6426551181102362
21
1.3866588188976379
0
LINE
8
BLACK
6
CONTINUOUS
10
0.6426551181102362
20
1.3866588188976379
11
0.6428105118110236
21
1.385319094488189
0
LINE
8
BLACK
6
CONTINUOUS
10
0.6428105118110236
20
1.385319094488189
11
0.6428740157480315
21
1.385
0
LINE
8
BLACK
6
CONTINUOUS
10
0.6428740157480315
20
1.385
11
0.6428740157480315
21
1.325
0
LINE
8
BLACK
6
CONTINUOUS
10
0.6428740157480315
20
1.325
11
0.6428105118110236
21
1.3246808661417322
0
LINE
8
BLACK
6
CONTINUOUS
10
0.6428105118110236
20
1.3246808661417322
11
0.6426551181102362
21
1.3233411417322833
0
LINE
8
BLACK
6
CONTINUOUS
10
0.6426551181102362
20
1.3233411417322833
11
0.6424529921259843
21
1.3228833858267717
0
LINE
8
BLACK
6
CONTINUOUS
10
0.6424529921259843
20
1.3228833858267717
11
0.6422746456692914
21
1.3219867322834646
0
LINE
8
BLACK
6
CONTINUOUS
10
0.6422746456692914
20
1.3219867322834646
11
0.6416331889763779
21
1.3210267716535433
0
LINE
8
BLACK
6
CONTINUOUS
10
0.6416331889763779
20
1.3210267716535433
11
0.6414397637795275
21
1.3205886614173228
0
LINE
8
BLACK
6
CONTINUOUS
10
0.6414397637795275
20
1.3205886614173228
11
0.6411404724409449
21
1.3202893700787401
0
LINE
8
BLACK
6
CONTINUOUS
10
0.6411404724409449
20
1.3202893700787401
11
0.6405677559055118
21
1.3194322440944881
0
LINE
8
BLACK
6
CONTINUOUS
10
0.6405677559055118
20
1.3194322440944881
11
0.6397105905511811
21
1.3188594881889764
0
LINE
8
BLACK
6
CONTINUOUS
10
0.6397105905511811
20
1.3188594881889764
11
0.6394112992125984
21
1.3185601968503937
0
LINE
8
BLACK
6
CONTINUOUS
10
0.6394112992125984
20
1.3185601968503937
11
0.6389731102362205
21
1.3183666929133857
0
LINE
8
BLACK
6
CONTINUOUS
10
0.6389731102362205
20
1.3183666929133857
11
0.6380132677165354
21
1.3177253543307086
0
LINE
8
BLACK
6
CONTINUOUS
10
0.6380132677165354
20
1.3177253543307086
11
0.6371166929133858
21
1.3175470078740157
0
LINE
8
BLACK
6
CONTINUOUS
10
0.6371166929133858
20
1.3175470078740157
11
0.6366588188976378
21
1.317344842519685
0
LINE
8
BLACK
6
CONTINUOUS
10
0.6366588188976378
20
1.317344842519685
11
0.6353186220472441
21
1.3171893307086613
0
LINE
8
BLACK
6
CONTINUOUS
10
0.6353186220472441
20
1.3171893307086613
11
0.635
21
1.3171259842519685
0
LINE
8
BLACK
6
CONTINUOUS
10
0.635
20
1.3171259842519685
11
0.6347723228346457
21
1.3171259842519685
0
LINE
8
BLACK
6
CONTINUOUS
10
0.6347723228346457
20
1.3171259842519685
11
0.575227716535433
21
1.3171259842519685
0
LINE
8
BLACK
6
CONTINUOUS
10
0.575227716535433
20
1.3171259842519685
11
0.575
21
1.3171259842519685
0
LINE
8
BLACK
6
CONTINUOUS
10
0.575
20
1.3171259842519685
11
0.5746813385826771
21
1.3171893307086613
0
LINE
8
BLACK
6
CONTINUOUS
10
0.5746813385826771
20
1.3171893307086613
11
0.5733411417322835
21
1.317344842519685
0
LINE
8
BLACK
6
CONTINUOUS
10
0.5733411417322835
20
1.317344842519685
11
0.5728832283464567
21
1.3175470078740157
0
LINE
8
BLACK
6
CONTINUOUS
10
0.5728832283464567
20
1.3175470078740157
11
0.5719867322834645
21
1.3177253543307086
0
LINE
8
BLACK
6
CONTINUOUS
10
0.5719867322834645
20
1.3177253543307086
11
0.5710269291338582
21
1.318366653543307
0
LINE
8
BLACK
6
CONTINUOUS
10
0.5710269291338582
20
1.318366653543307
11
0.5705886614173228
21
1.3185601968503937
0
LINE
8
BLACK
6
CONTINUOUS
10
0.5705886614173228
20
1.3185601968503937
11
0.5702892519685039
21
1.3188595669291339
0
LINE
8
BLACK
6
CONTINUOUS
10
0.5702892519685039
20
1.3188595669291339
11
0.5694322440944882
21
1.3194322440944881
0
LINE
8
BLACK
6
CONTINUOUS
10
0.5694322440944882
20
1.3194322440944881
11
0.5688595669291339
21
1.3202892519685039
0
LINE
8
BLACK
6
CONTINUOUS
10
0.5688595669291339
20
1.3202892519685039
11
0.5685601968503937
21
1.3205886614173228
0
LINE
8
BLACK
6
CONTINUOUS
10
0.5685601968503937
20
1.3205886614173228
11
0.5683666535433071
21
1.3210269291338583
0
LINE
8
BLACK
6
CONTINUOUS
10
0.5683666535433071
20
1.3210269291338583
11
0.5677253543307087
21
1.3219867322834646
0
LINE
8
BLACK
6
CONTINUOUS
10
0.5677253543307087
20
1.3219867322834646
11
0.5675470078740157
21
1.3228832283464567
0
LINE
8
BLACK
6
CONTINUOUS
10
0.5675470078740157
20
1.3228832283464567
11
0.567344842519685
21
1.3233411417322833
0
LINE
8
BLACK
6
CONTINUOUS
10
0.567344842519685
20
1.3233411417322833
11
0.5671893307086614
21
1.3246814173228345
0
LINE
8
BLACK
6
CONTINUOUS
10
0.5671893307086614
20
1.3246814173228345
11
0.5671259842519685
21
1.325
0
LINE
8
BLACK
6
CONTINUOUS
10
0.5671259842519685
20
1.325
11
0.5671259842519685
21
1.385
0
LINE
8
BLACK
6
CONTINUOUS
10
0.5671259842519685
20
1.385
11
0.5671893700787402
21
1.3853187007874015
0
LINE
8
BLACK
6
CONTINUOUS
10
0.5671893700787402
20
1.3853187007874015
11
0.567344842519685
21
1.3866588188976379
0
LINE
8
BLACK
6
CONTINUOUS
10
0.567344842519685
20
1.3866588188976379
11
0.5675470078740157
21
1.3871166929133858
0
LINE
8
BLACK
6
CONTINUOUS
10
0.5675470078740157
20
1.3871166929133858
11
0.5677253543307087
21
1.3880132677165353
0
LINE
8
BLACK
6
CONTINUOUS
10
0.5677253543307087
20
1.3880132677165353
11
0.5683666929133858
21
1.3889731102362204
0
LINE
8
BLACK
6
CONTINUOUS
10
0.5683666929133858
20
1.3889731102362204
11
0.5685601968503937
21
1.3894112992125984
0
LINE
8
BLACK
6
CONTINUOUS
10
0.5685601968503937
20
1.3894112992125984
11
0.5688594881889764
21
1.3897105905511811
0
LINE
8
BLACK
6
CONTINUOUS
10
0.5688594881889764
20
1.3897105905511811
11
0.5694322440944882
21
1.3905677559055118
0
LINE
8
BLACK
6
CONTINUOUS
10
0.5694322440944882
20
1.3905677559055118
11
0.5702893700787401
21
1.3911404724409449
0
LINE
8
BLACK
6
CONTINUOUS
10
0.5702893700787401
20
1.3911404724409449
11
0.5705886614173228
21
1.3914397637795275
0
LINE
8
BLACK
6
CONTINUOUS
10
0.5705886614173228
20
1.3914397637795275
11
0.5710267716535433
21
1.391633188976378
0
LINE
8
BLACK
6
CONTINUOUS
10
0.5710267716535433
20
1.391633188976378
11
0.5719867322834645
21
1.3922746456692914
0
LINE
8
BLACK
6
CONTINUOUS
10
0.5719867322834645
20
1.3922746456692914
11
0.5728833858267717
21
1.3924529921259843
0
LINE
8
BLACK
6
CONTINUOUS
10
0.5728833858267717
20
1.3924529921259843
11
0.5733411417322835
21
1.3926551181102362
0
LINE
8
BLACK
6
CONTINUOUS
10
0.5733411417322835
20
1.3926551181102362
11
0.5746809448818897
21
1.3928105511811024
0
LINE
8
BLACK
6
CONTINUOUS
10
0.5746809448818897
20
1.3928105511811024
11
0.575
21
1.3928740157480315
0
LINE
8
BLACK
6
CONTINUOUS
10
0.575
20
1.3928740157480315
11
0.635
21
1.3928740157480315
0
LINE
8
BLACK
6
CONTINUOUS
10
0.635
20
1.3928740157480315
11
0.6353191732283464
21
1.3928105118110237
0
LINE
8
BLACK
6
CONTINUOUS
10
0.7403191732283464
20
1.3928105118110237
11
0.7416588188976377
21
1.3926551181102362
0
LINE
8
BLACK
6
CONTINUOUS
10
0.7416588188976377
20
1.3926551181102362
11
0.7421164960629921
21
1.3924529921259843
0
LINE
8
BLACK
6
CONTINUOUS
10
0.7421164960629921
20
1.3924529921259843
11
0.7430132677165354
21
1.3922746456692914
0
LINE
8
BLACK
6
CONTINUOUS
10
0.7430132677165354
20
1.3922746456692914
11
0.7439732677165354
21
1.3916331496062992
0
LINE
8
BLACK
6
CONTINUOUS
10
0.7439732677165354
20
1.3916331496062992
11
0.7444112992125984
21
1.3914397637795275
0
LINE
8
BLACK
6
CONTINUOUS
10
0.7444112992125984
20
1.3914397637795275
11
0.7447104724409449
21
1.3911405511811024
0
LINE
8
BLACK
6
CONTINUOUS
10
0.7447104724409449
20
1.3911405511811024
11
0.7455677559055118
21
1.3905677559055118
0
LINE
8
BLACK
6
CONTINUOUS
10
0.7455677559055118
20
1.3905677559055118
11
0.7461405511811023
21
1.3897104724409448
0
LINE
8
BLACK
6
CONTINUOUS
10
0.7461405511811023
20
1.3897104724409448
11
0.7464397637795276
21
1.3894112992125984
0
LINE
8
BLACK
6
CONTINUOUS
10
0.7464397637795276
20
1.3894112992125984
11
0.7466331496062992
21
1.3889732677165354
0
LINE
8
BLACK
6
CONTINUOUS
10
0.7466331496062992
20
1.3889732677165354
11
0.7472746456692914
21
1.3880132677165353
0
LINE
8
BLACK
6
CONTINUOUS
10
0.7472746456692914
20
1.3880132677165353
11
0.7474529921259843
21
1.387116496062992
0
LINE
8
BLACK
6
CONTINUOUS
10
0.7474529921259843
20
1.387116496062992
11
0.7476551181102362
21
1.3866588188976379
0
LINE
8
BLACK
6
CONTINUOUS
10
0.7476551181102362
20
1.3866588188976379
11
0.7478105118110236
21
1.385319094488189
0
LINE
8
BLACK
6
CONTINUOUS
10
0.7478105118110236
20
1.385319094488189
11
0.7478740157480315
21
1.385
0
LINE
8
BLACK
6
CONTINUOUS
10
0.7478740157480315
20
1.385
11
0.7478740157480315
21
1.325
0
LINE
8
BLACK
6
CONTINUOUS
10
0.7478740157480315
20
1.325
11
0.7478105118110236
21
1.3246808661417322
0
LINE
8
BLACK
6
CONTINUOUS
10
0.7478105118110236
20
1.3246808661417322
11
0.7476551181102362
21
1.3233411417322833
0
LINE
8
BLACK
6
CONTINUOUS
10
0.7476551181102362
20
1.3233411417322833
11
0.7474529921259843
21
1.3228833858267717
0
LINE
8
BLACK
6
CONTINUOUS
10
0.7474529921259843
20
1.3228833858267717
11
0.7472746456692914
21
1.3219867322834646
0
LINE
8
BLACK
6
CONTINUOUS
10
0.7472746456692914
20
1.3219867322834646
11
0.746633188976378
21
1.3210267716535433
0
LINE
8
BLACK
6
CONTINUOUS
10
0.746633188976378
20
1.3210267716535433
11
0.7464397637795276
21
1.3205886614173228
0
LINE
8
BLACK
6
CONTINUOUS
10
0.7464397637795276
20
1.3205886614173228
11
0.7461404724409448
21
1.3202893700787401
0
LINE
8
BLACK
6
CONTINUOUS
10
0.7461404724409448
20
1.3202893700787401
11
0.7455677559055118
21
1.3194322440944881
0
LINE
8
BLACK
6
CONTINUOUS
10
0.7455677559055118
20
1.3194322440944881
11
0.7447105905511811
21
1.3188594881889764
0
LINE
8
BLACK
6
CONTINUOUS
10
0.7447105905511811
20
1.3188594881889764
11
0.7444112992125984
21
1.3185601968503937
0
LINE
8
BLACK
6
CONTINUOUS
10
0.7444112992125984
20
1.3185601968503937
11
0.7439731102362205
21
1.3183666929133857
0
LINE
8
BLACK
6
CONTINUOUS
10
0.7439731102362205
20
1.3183666929133857
11
0.7430132677165354
21
1.3177253543307086
0
LINE
8
BLACK
6
CONTINUOUS
10
0.7430132677165354
20
1.3177253543307086
11
0.7421166929133858
21
1.3175470078740157
0
LINE
8
BLACK
6
CONTINUOUS
10
0.7421166929133858
20
1.3175470078740157
11
0.7416588188976377
21
1.317344842519685
0
LINE
8
BLACK
6
CONTINUOUS
10
0.7416588188976377
20
1.317344842519685
11
0.7403186220472441
21
1.3171893307086613
0
LINE
8
BLACK
6
CONTINUOUS
10
0.7403186220472441
20
1.3171893307086613
11
0.74
21
1.3171259842519685
0
LINE
8
BLACK
6
CONTINUOUS
10
0.74
20
1.3171259842519685
11
0.7397723228346457
21
1.3171259842519685
0
LINE
8
BLACK
6
CONTINUOUS
10
0.7397723228346457
20
1.3171259842519685
11
0.680227716535433
21
1.3171259842519685
0
LINE
8
BLACK
6
CONTINUOUS
10
0.680227716535433
20
1.3171259842519685
11
0.6799999999999999
21
1.3171259842519685
0
LINE
8
BLACK
6
CONTINUOUS
10
0.6799999999999999
20
1.3171259842519685
11
0.6796813385826771
21
1.3171893307086613
0
LINE
8
BLACK
6
CONTINUOUS
10
0.6796813385826771
20
1.3171893307086613
11
0.6783411417322834
21
1.317344842519685
0
LINE
8
BLACK
6
CONTINUOUS
10
0.6783411417322834
20
1.317344842519685
11
0.6778832283464566
21
1.3175470078740157
0
LINE
8
BLACK
6
CONTINUOUS
10
0.6778832283464566
20
1.3175470078740157
11
0.6769867322834645
21
1.3177253543307086
0
LINE
8
BLACK
6
CONTINUOUS
10
0.6769867322834645
20
1.3177253543307086
11
0.6760269291338582
21
1.318366653543307
0
LINE
8
BLACK
6
CONTINUOUS
10
0.6760269291338582
20
1.318366653543307
11
0.6755886614173228
21
1.3185601968503937
0
LINE
8
BLACK
6
CONTINUOUS
10
0.6755886614173228
20
1.3185601968503937
11
0.6752892519685039
21
1.3188595669291339
0
LINE
8
BLACK
6
CONTINUOUS
10
0.6752892519685039
20
1.3188595669291339
11
0.6744322440944882
21
1.3194322440944881
0
LINE
8
BLACK
6
CONTINUOUS
10
0.6744322440944882
20
1.3194322440944881
11
0.6738595669291338
21
1.3202892519685039
0
LINE
8
BLACK
6
CONTINUOUS
10
0.6738595669291338
20
1.3202892519685039
11
0.6735601968503937
21
1.3205886614173228
0
LINE
8
BLACK
6
CONTINUOUS
10
0.6735601968503937
20
1.3205886614173228
11
0.673366653543307
21
1.3210269291338583
0
LINE
8
BLACK
6
CONTINUOUS
10
0.673366653543307
20
1.3210269291338583
11
0.6727253543307087
21
1.3219867322834646
0
LINE
8
BLACK
6
CONTINUOUS
10
0.6727253543307087
20
1.3219867322834646
11
0.6725470078740158
21
1.3228832283464567
0
LINE
8
BLACK
6
CONTINUOUS
10
0.6725470078740158
20
1.3228832283464567
11
0.6723448425196851
21
1.3233411417322833
0
LINE
8
BLACK
6
CONTINUOUS
10
0.6723448425196851
20
1.3233411417322833
11
0.6721893307086614
21
1.3246814173228345
0
LINE
8
BLACK
6
CONTINUOUS
10
0.6721893307086614
20
1.3246814173228345
11
0.6721259842519685
21
1.325
0
LINE
8
BLACK
6
CONTINUOUS
10
0.6721259842519685
20
1.325
11
0.6721259842519685
21
1.385
0
LINE
8
BLACK
6
CONTINUOUS
10
0.6721259842519685
20
1.385
11
0.6721893700787401
21
1.3853187007874015
0
LINE
8
BLACK
6
CONTINUOUS
10
0.6721893700787401
20
1.3853187007874015
11
0.6723448425196851
21
1.3866588188976379
0
LINE
8
BLACK
6
CONTINUOUS
10
0.6723448425196851
20
1.3866588188976379
11
0.6725470078740158
21
1.3871166929133858
0
LINE
8
BLACK
6
CONTINUOUS
10
0.6725470078740158
20
1.3871166929133858
11
0.6727253543307087
21
1.3880132677165353
0
LINE
8
BLACK
6
CONTINUOUS
10
0.6727253543307087
20
1.3880132677165353
11
0.6733666929133858
21
1.3889731102362204
0
LINE
8
BLACK
6
CONTINUOUS
10
0.6733666929133858
20
1.3889731102362204
11
0.6735601968503937
21
1.3894112992125984
0
LINE
8
BLACK
6
CONTINUOUS
10
0.6735601968503937
20
1.3894112992125984
11
0.6738594881889763
21
1.3897105905511811
0
LINE
8
BLACK
6
CONTINUOUS
10
0.6738594881889763
20
1.3897105905511811
11
0.6744322440944882
21
1.3905677559055118
0
LINE
8
BLACK
6
CONTINUOUS
10
0.6744322440944882
20
1.3905677559055118
11
0.6752893700787401
21
1.3911404724409449
0
LINE
8
BLACK
6
CONTINUOUS
10
0.6752893700787401
20
1.3911404724409449
11
0.6755886614173228
21
1.3914397637795275
0
LINE
8
BLACK
6
CONTINUOUS
10
0.6755886614173228
20
1.3914397637795275
11
0.6760267716535433
21
1.391633188976378
0
LINE
8
BLACK
6
CONTINUOUS
10
0.6760267716535433
20
1.391633188976378
11
0.6769867322834645
21
1.3922746456692914
0
LINE
8
BLACK
6
CONTINUOUS
10
0.6769867322834645
20
1.3922746456692914
11
0.6778833858267717
21
1.3924529921259843
0
LINE
8
BLACK
6
CONTINUOUS
10
0.6778833858267717
20
1.3924529921259843
11
0.6783411417322834
21
1.3926551181102362
0
LINE
8
BLACK
6
CONTINUOUS
10
0.6783411417322834
20
1.3926551181102362
11
0.6796809448818898
21
1.3928105511811024
0
LINE
8
BLACK
6
CONTINUOUS
10
0.6796809448818898
20
1.3928105511811024
11
0.6799999999999999
21
1.3928740157480315
0
LINE
8
BLACK
6
CONTINUOUS
10
0.6799999999999999
20
1.3928740157480315
11
0.74
21
1.3928740157480315
0
LINE
8
BLACK
6
CONTINUOUS
10
0.74
20
1.3928740157480315
11
0.7403191732283464
21
1.3928105118110237
0
LINE
8
BLACK
6
CONTINUOUS
10
0.8403191732283465
20
1.3928105118110237
11
0.8416588188976378
21
1.3926551181102362
0
LINE
8
BLACK
6
CONTINUOUS
10
0.8416588188976378
20
1.3926551181102362
11
0.8421164960629921
21
1.3924529921259843
0
LINE
8
BLACK
6
CONTINUOUS
10
0.8421164960629921
20
1.3924529921259843
11
0.8430132677165354
21
1.3922746456692914
0
LINE
8
BLACK
6
CONTINUOUS
10
0.8430132677165354
20
1.3922746456692914
11
0.8439732677165355
21
1.3916331496062992
0
LINE
8
BLACK
6
CONTINUOUS
10
0.8439732677165355
20
1.3916331496062992
11
0.8444112992125984
21
1.3914397637795275
0
LINE
8
BLACK
6
CONTINUOUS
10
0.8444112992125984
20
1.3914397637795275
11
0.8447104724409449
21
1.3911405511811024
0
LINE
8
BLACK
6
CONTINUOUS
10
0.8447104724409449
20
1.3911405511811024
11
0.8455677559055118
21
1.3905677559055118
0
LINE
8
BLACK
6
CONTINUOUS
10
0.8455677559055118
20
1.3905677559055118
11
0.8461405511811023
21
1.3897104724409448
0
LINE
8
BLACK
6
CONTINUOUS
10
0.8461405511811023
20
1.3897104724409448
11
0.8464397637795276
21
1.3894112992125984
0
LINE
8
BLACK
6
CONTINUOUS
10
0.8464397637795276
20
1.3894112992125984
11
0.8466331496062992
21
1.3889732677165354
0
LINE
8
BLACK
6
CONTINUOUS
10
0.8466331496062992
20
1.3889732677165354
11
0.8472746456692913
21
1.3880132677165353
0
LINE
8
BLACK
6
CONTINUOUS
10
0.8472746456692913
20
1.3880132677165353
11
0.8474529921259842
21
1.387116496062992
0
LINE
8
BLACK
6
CONTINUOUS
10
0.8474529921259842
20
1.387116496062992
11
0.8476551181102362
21
1.3866588188976379
0
LINE
8
BLACK
6
CONTINUOUS
10
0.8476551181102362
20
1.3866588188976379
11
0.8478105118110236
21
1.385319094488189
0
LINE
8
BLACK
6
CONTINUOUS
10
0.8478105118110236
20
1.385319094488189
11
0.8478740157480315
21
1.385
0
LINE
8
BLACK
6
CONTINUOUS
10
0.8478740157480315
20
1.385
11
0.8478740157480315
21
1.325
0
LINE
8
BLACK
6
CONTINUOUS
10
0.8478740157480315
20
1.325
11
0.8478105118110236
21
1.3246808661417322
0
LINE
8
BLACK
6
CONTINUOUS
10
0.8478105118110236
20
1.3246808661417322
11
0.8476551181102362
21
1.3233411417322833
0
LINE
8
BLACK
6
CONTINUOUS
10
0.8476551181102362
20
1.3233411417322833
11
0.8474529921259842
21
1.3228833858267717
0
LINE
8
BLACK
6
CONTINUOUS
10
0.8474529921259842
20
1.3228833858267717
11
0.8472746456692913
21
1.3219867322834646
0
LINE
8
BLACK
6
CONTINUOUS
10
0.8472746456692913
20
1.3219867322834646
11
0.846633188976378
21
1.3210267716535433
0
LINE
8
BLACK
6
CONTINUOUS
10
0.846633188976378
20
1.3210267716535433
11
0.8464397637795276
21
1.3205886614173228
0
LINE
8
BLACK
6
CONTINUOUS
10
0.8464397637795276
20
1.3205886614173228
11
0.8461404724409448
21
1.3202893700787401
0
LINE
8
BLACK
6
CONTINUOUS
10
0.8461404724409448
20
1.3202893700787401
11
0.8455677559055118
21
1.3194322440944881
0
LINE
8
BLACK
6
CONTINUOUS
10
0.8455677559055118
20
1.3194322440944881
11
0.844710590551181
21
1.3188594881889764
0
LINE
8
BLACK
6
CONTINUOUS
10
0.844710590551181
20
1.3188594881889764
11
0.8444112992125984
21
1.3185601968503937
0
LINE
8
BLACK
6
CONTINUOUS
10
0.8444112992125984
20
1.3185601968503937
11
0.8439731102362205
21
1.3183666929133857
0
LINE
8
BLACK
6
CONTINUOUS
10
0.8439731102362205
20
1.3183666929133857
11
0.8430132677165354
21
1.3177253543307086
0
LINE
8
BLACK
6
CONTINUOUS
10
0.8430132677165354
20
1.3177253543307086
11
0.8421166929133858
21
1.3175470078740157
0
LINE
8
BLACK
6
CONTINUOUS
10
0.8421166929133858
20
1.3175470078740157
11
0.8416588188976378
21
1.317344842519685
0
LINE
8
BLACK
6
CONTINUOUS
10
0.8416588188976378
20
1.317344842519685
11
0.8403186220472441
21
1.3171893307086613
0
LINE
8
BLACK
6
CONTINUOUS
10
0.8403186220472441
20
1.3171893307086613
11
0.84
21
1.3171259842519685
0
LINE
8
BLACK
6
CONTINUOUS
10
0.84
20
1.3171259842519685
11
0.8397723228346456
21
1.3171259842519685
0
LINE
8
BLACK
6
CONTINUOUS
10
0.8397723228346456
20
1.3171259842519685
11
0.7802277165354331
21
1.3171259842519685
0
LINE
8
BLACK
6
CONTINUOUS
10
0.7802277165354331
20
1.3171259842519685
11
0.78
21
1.3171259842519685
0
LINE
8
BLACK
6
CONTINUOUS
10
0.78
20
1.3171259842519685
11
0.7796813385826772
21
1.3171893307086613
0
LINE
8
BLACK
6
CONTINUOUS
10
0.7796813385826772
20
1.3171893307086613
11
0.7783411417322834
21
1.317344842519685
0
LINE
8
BLACK
6
CONTINUOUS
10
0.7783411417322834
20
1.317344842519685
11
0.7778832283464566
21
1.3175470078740157
0
LINE
8
BLACK
6
CONTINUOUS
10
0.7778832283464566
20
1.3175470078740157
11
0.7769867322834646
21
1.3177253543307086
0
LINE
8
BLACK
6
CONTINUOUS
10
0.7769867322834646
20
1.3177253543307086
11
0.7760269291338583
21
1.318366653543307
0
LINE
8
BLACK
6
CONTINUOUS
10
0.7760269291338583
20
1.318366653543307
11
0.7755886614173229
21
1.3185601968503937
0
LINE
8
BLACK
6
CONTINUOUS
10
0.7755886614173229
20
1.3185601968503937
11
0.775289251968504
21
1.3188595669291339
0
LINE
8
BLACK
6
CONTINUOUS
10
0.775289251968504
20
1.3188595669291339
11
0.7744322440944882
21
1.3194322440944881
0
LINE
8
BLACK
6
CONTINUOUS
10
0.7744322440944882
20
1.3194322440944881
11
0.7738595669291338
21
1.3202892519685039
0
LINE
8
BLACK
6
CONTINUOUS
10
0.7738595669291338
20
1.3202892519685039
11
0.7735601968503937
21
1.3205886614173228
0
LINE
8
BLACK
6
CONTINUOUS
10
0.7735601968503937
20
1.3205886614173228
11
0.773366653543307
21
1.3210269291338583
0
LINE
8
BLACK
6
CONTINUOUS
10
0.773366653543307
20
1.3210269291338583
11
0.7727253543307087
21
1.3219867322834646
0
LINE
8
BLACK
6
CONTINUOUS
10
0.7727253543307087
20
1.3219867322834646
11
0.7725470078740158
21
1.3228832283464567
0
LINE
8
BLACK
6
CONTINUOUS
10
0.7725470078740158
20
1.3228832283464567
11
0.772344842519685
21
1.3233411417322833
0
LINE
8
BLACK
6
CONTINUOUS
10
0.772344842519685
20
1.3233411417322833
11
0.7721893307086614
21
1.3246814173228345
0
LINE
8
BLACK
6
CONTINUOUS
10
0.7721893307086614
20
1.3246814173228345
11
0.7721259842519684
21
1.325
0
LINE
8
BLACK
6
CONTINUOUS
10
0.7721259842519684
20
1.325
11
0.7721259842519684
21
1.385
0
LINE
8
BLACK
6
CONTINUOUS
10
0.7721259842519684
20
1.385
11
0.7721893700787401
21
1.3853187007874015
0
LINE
8
BLACK
6
CONTINUOUS
10
0.7721893700787401
20
1.3853187007874015
11
0.772344842519685
21
1.3866588188976379
0
LINE
8
BLACK
6
CONTINUOUS
10
0.772344842519685
20
1.3866588188976379
11
0.7725470078740158
21
1.3871166929133858
0
LINE
8
BLACK
6
CONTINUOUS
10
0.7725470078740158
20
1.3871166929133858
11
0.7727253543307087
21
1.3880132677165353
0
LINE
8
BLACK
6
CONTINUOUS
10
0.7727253543307087
20
1.3880132677165353
11
0.7733666929133858
21
1.3889731102362204
0
LINE
8
BLACK
6
CONTINUOUS
10
0.7733666929133858
20
1.3889731102362204
11
0.7735601968503937
21
1.3894112992125984
0
LINE
8
BLACK
6
CONTINUOUS
10
0.7735601968503937
20
1.3894112992125984
11
0.7738594881889763
21
1.3897105905511811
0
LINE
8
BLACK
6
CONTINUOUS
10
0.7738594881889763
20
1.3897105905511811
11
0.7744322440944882
21
1.3905677559055118
0
LINE
8
BLACK
6
CONTINUOUS
10
0.7744322440944882
20
1.3905677559055118
11
0.7752893700787401
21
1.3911404724409449
0
LINE
8
BLACK
6
CONTINUOUS
10
0.7752893700787401
20
1.3911404724409449
11
0.7755886614173229
21
1.3914397637795275
0
LINE
8
BLACK
6
CONTINUOUS
10
0.7755886614173229
20
1.3914397637795275
11
0.7760267716535433
21
1.391633188976378
0
LINE
8
BLACK
6
CONTINUOUS
10
0.7760267716535433
20
1.391633188976378
11
0.7769867322834646
21
1.3922746456692914
0
LINE
8
BLACK
6
CONTINUOUS
10
0.7769867322834646
20
1.3922746456692914
11
0.7778833858267716
21
1.3924529921259843
0
LINE
8
BLACK
6
CONTINUOUS
10
0.7778833858267716
20
1.3924529921259843
11
0.7783411417322834
21
1.3926551181102362
0
LINE
8
BLACK
6
CONTINUOUS
10
0.7783411417322834
20
1.3926551181102362
11
0.7796809448818898
21
1.3928105511811024
0
LINE
8
BLACK
6
CONTINUOUS
10
0.7796809448818898
20
1.3928105511811024
11
0.78
21
1.3928740157480315
0
LINE
8
BLACK
6
CONTINUOUS
10
0.78
20
1.3928740157480315
11
0.84
21
1.3928740157480315
0
LINE
8
BLACK
6
CONTINUOUS
10
0.84
20
1.3928740157480315
11
0.8403191732283465
21
1.3928105118110237
0
LINE
8
BLACK
6
CONTINUOUS
10
0.9403191732283465
20
1.3928105118110237
11
0.9416588188976378
21
1.3926551181102362
0
LINE
8
BLACK
6
CONTINUOUS
10
0.9416588188976378
20
1.3926551181102362
11
0.9421164960629921
21
1.3924529921259843
0
LINE
8
BLACK
6
CONTINUOUS
10
0.9421164960629921
20
1.3924529921259843
11
0.9430132677165354
21
1.3922746456692914
0
LINE
8
BLACK
6
CONTINUOUS
10
0.9430132677165354
20
1.3922746456692914
11
0.9439732677165354
21
1.3916331496062992
0
LINE
8
BLACK
6
CONTINUOUS
10
0.9439732677165354
20
1.3916331496062992
11
0.9444112992125984
21
1.3914397637795275
0
LINE
8
BLACK
6
CONTINUOUS
10
0.9444112992125984
20
1.3914397637795275
11
0.9447104724409449
21
1.3911405511811024
0
LINE
8
BLACK
6
CONTINUOUS
10
0.9447104724409449
20
1.3911405511811024
11
0.9455677559055118
21
1.3905677559055118
0
LINE
8
BLACK
6
CONTINUOUS
10
0.9455677559055118
20
1.3905677559055118
11
0.9461405511811023
21
1.3897104724409448
0
LINE
8
BLACK
6
CONTINUOUS
10
0.9461405511811023
20
1.3897104724409448
11
0.9464397637795275
21
1.3894112992125984
0
LINE
8
BLACK
6
CONTINUOUS
10
0.9464397637795275
20
1.3894112992125984
11
0.9466331496062992
21
1.3889732677165354
0
LINE
8
BLACK
6
CONTINUOUS
10
0.9466331496062992
20
1.3889732677165354
11
0.9472746456692913
21
1.3880132677165353
0
LINE
8
BLACK
6
CONTINUOUS
10
0.9472746456692913
20
1.3880132677165353
11
0.9474529921259842
21
1.387116496062992
0
LINE
8
BLACK
6
CONTINUOUS
10
0.9474529921259842
20
1.387116496062992
11
0.9476551181102362
21
1.3866588188976379
0
LINE
8
BLACK
6
CONTINUOUS
10
0.9476551181102362
20
1.3866588188976379
11
0.9478105118110236
21
1.385319094488189
0
LINE
8
BLACK
6
CONTINUOUS
10
0.9478105118110236
20
1.385319094488189
11
0.9478740157480314
21
1.385
0
LINE
8
BLACK
6
CONTINUOUS
10
0.9478740157480314
20
1.385
11
0.9478740157480314
21
1.325
0
LINE
8
BLACK
6
CONTINUOUS
10
0.9478740157480314
20
1.325
11
0.9478105118110236
21
1.3246808661417322
0
LINE
8
BLACK
6
CONTINUOUS
10
0.9478105118110236
20
1.3246808661417322
11
0.9476551181102362
21
1.3233411417322833
0
LINE
8
BLACK
6
CONTINUOUS
10
0.9476551181102362
20
1.3233411417322833
11
0.9474529921259842
21
1.3228833858267717
0
LINE
8
BLACK
6
CONTINUOUS
10
0.9474529921259842
20
1.3228833858267717
11
0.9472746456692913
21
1.3219867322834646
0
LINE
8
BLACK
6
CONTINUOUS
10
0.9472746456692913
20
1.3219867322834646
11
0.9466331889763779
21
1.3210267716535433
0
LINE
8
BLACK
6
CONTINUOUS
10
0.9466331889763779
20
1.3210267716535433
11
0.9464397637795275
21
1.3205886614173228
0
LINE
8
BLACK
6
CONTINUOUS
10
0.9464397637795275
20
1.3205886614173228
11
0.9461404724409449
21
1.3202893700787401
0
LINE
8
BLACK
6
CONTINUOUS
10
0.9461404724409449
20
1.3202893700787401
11
0.9455677559055118
21
1.3194322440944881
0
LINE
8
BLACK
6
CONTINUOUS
10
0.9455677559055118
20
1.3194322440944881
11
0.9447105905511811
21
1.3188594881889764
0
LINE
8
BLACK
6
CONTINUOUS
10
0.9447105905511811
20
1.3188594881889764
11
0.9444112992125984
21
1.3185601968503937
0
LINE
8
BLACK
6
CONTINUOUS
10
0.9444112992125984
20
1.3185601968503937
11
0.9439731102362204
21
1.3183666929133857
0
LINE
8
BLACK
6
CONTINUOUS
10
0.9439731102362204
20
1.3183666929133857
11
0.9430132677165354
21
1.3177253543307086
0
LINE
8
BLACK
6
CONTINUOUS
10
0.9430132677165354
20
1.3177253543307086
11
0.9421166929133858
21
1.3175470078740157
0
LINE
8
BLACK
6
CONTINUOUS
10
0.9421166929133858
20
1.3175470078740157
11
0.9416588188976378
21
1.317344842519685
0
LINE
8
BLACK
6
CONTINUOUS
10
0.9416588188976378
20
1.317344842519685
11
0.940318622047244
21
1.3171893307086613
0
LINE
8
BLACK
6
CONTINUOUS
10
0.940318622047244
20
1.3171893307086613
11
0.9399999999999999
21
1.3171259842519685
0
LINE
8
BLACK
6
CONTINUOUS
10
0.9399999999999999
20
1.3171259842519685
11
0.9397723228346456
21
1.3171259842519685
0
LINE
8
BLACK
6
CONTINUOUS
10
0.9397723228346456
20
1.3171259842519685
11
0.8802277165354331
21
1.3171259842519685
0
LINE
8
BLACK
6
CONTINUOUS
10
0.8802277165354331
20
1.3171259842519685
11
0.88
21
1.3171259842519685
0
LINE
8
BLACK
6
CONTINUOUS
10
0.88
20
1.3171259842519685
11
0.8796813385826772
21
1.3171893307086613
0
LINE
8
BLACK
6
CONTINUOUS
10
0.8796813385826772
20
1.3171893307086613
11
0.8783411417322834
21
1.317344842519685
0
LINE
8
BLACK
6
CONTINUOUS
10
0.8783411417322834
20
1.317344842519685
11
0.8778832283464567
21
1.3175470078740157
0
LINE
8
BLACK
6
CONTINUOUS
10
0.8778832283464567
20
1.3175470078740157
11
0.8769867322834646
21
1.3177253543307086
0
LINE
8
BLACK
6
CONTINUOUS
10
0.8769867322834646
20
1.3177253543307086
11
0.8760269291338583
21
1.318366653543307
0
LINE
8
BLACK
6
CONTINUOUS
10
0.8760269291338583
20
1.318366653543307
11
0.8755886614173228
21
1.3185601968503937
0
LINE
8
BLACK
6
CONTINUOUS
10
0.8755886614173228
20
1.3185601968503937
11
0.8752892519685039
21
1.3188595669291339
0
LINE
8
BLACK
6
CONTINUOUS
10
0.8752892519685039
20
1.3188595669291339
11
0.8744322440944882
21
1.3194322440944881
0
LINE
8
BLACK
6
CONTINUOUS
10
0.8744322440944882
20
1.3194322440944881
11
0.8738595669291338
21
1.3202892519685039
0
LINE
8
BLACK
6
CONTINUOUS
10
0.8738595669291338
20
1.3202892519685039
11
0.8735601968503937
21
1.3205886614173228
0
LINE
8
BLACK
6
CONTINUOUS
10
0.8735601968503937
20
1.3205886614173228
11
0.8733666535433071
21
1.3210269291338583
0
LINE
8
BLACK
6
CONTINUOUS
10
0.8733666535433071
20
1.3210269291338583
11
0.8727253543307086
21
1.3219867322834646
0
LINE
8
BLACK
6
CONTINUOUS
10
0.8727253543307086
20
1.3219867322834646
11
0.8725470078740157
21
1.3228832283464567
0
LINE
8
BLACK
6
CONTINUOUS
10
0.8725470078740157
20
1.3228832283464567
11
0.872344842519685
21
1.3233411417322833
0
LINE
8
BLACK
6
CONTINUOUS
10
0.872344842519685
20
1.3233411417322833
11
0.8721893307086614
21
1.3246814173228345
0
LINE
8
BLACK
6
CONTINUOUS
10
0.8721893307086614
20
1.3246814173228345
11
0.8721259842519685
21
1.325
0
LINE
8
BLACK
6
CONTINUOUS
10
0.8721259842519685
20
1.325
11
0.8721259842519685
21
1.385
0
LINE
8
BLACK
6
CONTINUOUS
10
0.8721259842519685
20
1.385
11
0.8721893700787401
21
1.3853187007874015
0
LINE
8
BLACK
6
CONTINUOUS
10
0.8721893700787401
20
1.3853187007874015
11
0.872344842519685
21
1.3866588188976379
0
LINE
8
BLACK
6
CONTINUOUS
10
0.872344842519685
20
1.3866588188976379
11
0.8725470078740157
21
1.3871166929133858
0
LINE
8
BLACK
6
CONTINUOUS
10
0.8725470078740157
20
1.3871166929133858
11
0.8727253543307086
21
1.3880132677165353
0
LINE
8
BLACK
6
CONTINUOUS
10
0.8727253543307086
20
1.3880132677165353
11
0.8733666929133858
21
1.3889731102362204
0
LINE
8
BLACK
6
CONTINUOUS
10
0.8733666929133858
20
1.3889731102362204
11
0.8735601968503937
21
1.3894112992125984
0
LINE
8
BLACK
6
CONTINUOUS
10
0.8735601968503937
20
1.3894112992125984
11
0.8738594881889764
21
1.3897105905511811
0
LINE
8
BLACK
6
CONTINUOUS
10
0.8738594881889764
20
1.3897105905511811
11
0.8744322440944882
21
1.3905677559055118
0
LINE
8
BLACK
6
CONTINUOUS
10
0.8744322440944882
20
1.3905677559055118
11
0.8752893700787402
21
1.3911404724409449
0
LINE
8
BLACK
6
CONTINUOUS
10
0.8752893700787402
20
1.3911404724409449
11
0.8755886614173228
21
1.3914397637795275
0
LINE
8
BLACK
6
CONTINUOUS
10
0.8755886614173228
20
1.3914397637795275
11
0.8760267716535433
21
1.391633188976378
0
LINE
8
BLACK
6
CONTINUOUS
10
0.8760267716535433
20
1.391633188976378
11
0.8769867322834646
21
1.3922746456692914
0
LINE
8
BLACK
6
CONTINUOUS
10
0.8769867322834646
20
1.3922746456692914
11
0.8778833858267716
21
1.3924529921259843
0
LINE
8
BLACK
6
CONTINUOUS
10
0.8778833858267716
20
1.3924529921259843
11
0.8783411417322834
21
1.3926551181102362
0
LINE
8
BLACK
6
CONTINUOUS
10
0.8783411417322834
20
1.3926551181102362
11
0.8796809448818897
21
1.3928105511811024
0
LINE
8
BLACK
6
CONTINUOUS
10
0.8796809448818897
20
1.3928105511811024
11
0.88
21
1.3928740157480315
0
LINE
8
BLACK
6
CONTINUOUS
10
0.88
20
1.3928740157480315
11
0.9399999999999999
21
1.3928740157480315
0
LINE
8
BLACK
6
CONTINUOUS
10
0.9399999999999999
20
1.3928740157480315
11
0.9403191732283465
21
1.3928105118110237
0
LINE
8
BLACK
6
CONTINUOUS
10
1.0403191732283463
20
1.3928105118110237
11
1.0416588188976377
21
1.3926551181102362
0
LINE
8
BLACK
6
CONTINUOUS
10
1.0416588188976377
20
1.3926551181102362
11
1.0421164960629921
21
1.3924529921259843
0
LINE
8
BLACK
6
CONTINUOUS
10
1.0421164960629921
20
1.3924529921259843
11
1.0430132677165354
21
1.3922746456692914
0
LINE
8
BLACK
6
CONTINUOUS
10
1.0430132677165354
20
1.3922746456692914
11
1.0439732677165354
21
1.3916331496062992
0
LINE
8
BLACK
6
CONTINUOUS
10
1.0439732677165354
20
1.3916331496062992
11
1.0444112992125985
21
1.3914397637795275
0
LINE
8
BLACK
6
CONTINUOUS
10
1.0444112992125985
20
1.3914397637795275
11
1.0447104724409448
21
1.3911405511811024
0
LINE
8
BLACK
6
CONTINUOUS
10
1.0447104724409448
20
1.3911405511811024
11
1.0455677559055119
21
1.3905677559055118
0
LINE
8
BLACK
6
CONTINUOUS
10
1.0455677559055119
20
1.3905677559055118
11
1.0461405511811024
21
1.3897104724409448
0
LINE
8
BLACK
6
CONTINUOUS
10
1.0461405511811024
20
1.3897104724409448
11
1.0464397637795275
21
1.3894112992125984
0
LINE
8
BLACK
6
CONTINUOUS
10
1.0464397637795275
20
1.3894112992125984
11
1.0466331496062993
21
1.3889732677165354
0
LINE
8
BLACK
6
CONTINUOUS
10
1.0466331496062993
20
1.3889732677165354
11
1.0472746456692914
21
1.3880132677165353
0
LINE
8
BLACK
6
CONTINUOUS
10
1.0472746456692914
20
1.3880132677165353
11
1.0474529921259843
21
1.387116496062992
0
LINE
8
BLACK
6
CONTINUOUS
10
1.0474529921259843
20
1.387116496062992
11
1.0476551181102363
21
1.3866588188976379
0
LINE
8
BLACK
6
CONTINUOUS
10
1.0476551181102363
20
1.3866588188976379
11
1.0478105118110237
21
1.385319094488189
0
LINE
8
BLACK
6
CONTINUOUS
10
1.0478105118110237
20
1.385319094488189
11
1.0478740157480315
21
1.385
0
LINE
8
BLACK
6
CONTINUOUS
10
1.0478740157480315
20
1.385
11
1.0478740157480315
21
1.325
0
LINE
8
BLACK
6
CONTINUOUS
10
1.0478740157480315
20
1.325
11
1.0478105118110237
21
1.3246808661417322
0
LINE
8
BLACK
6
CONTINUOUS
10
1.0478105118110237
20
1.3246808661417322
11
1.0476551181102363
21
1.3233411417322833
0
LINE
8
BLACK
6
CONTINUOUS
10
1.0476551181102363
20
1.3233411417322833
11
1.0474529921259843
21
1.3228833858267717
0
LINE
8
BLACK
6
CONTINUOUS
10
1.0474529921259843
20
1.3228833858267717
11
1.0472746456692914
21
1.3219867322834646
0
LINE
8
BLACK
6
CONTINUOUS
10
1.0472746456692914
20
1.3219867322834646
11
1.046633188976378
21
1.3210267716535433
0
LINE
8
BLACK
6
CONTINUOUS
10
1.046633188976378
20
1.3210267716535433
11
1.0464397637795275
21
1.3205886614173228
0
LINE
8
BLACK
6
CONTINUOUS
10
1.0464397637795275
20
1.3205886614173228
11
1.0461404724409449
21
1.3202893700787401
0
LINE
8
BLACK
6
CONTINUOUS
10
1.0461404724409449
20
1.3202893700787401
11
1.0455677559055119
21
1.3194322440944881
0
LINE
8
BLACK
6
CONTINUOUS
10
1.0455677559055119
20
1.3194322440944881
11
1.0447105905511811
21
1.3188594881889764
0
LINE
8
BLACK
6
CONTINUOUS
10
1.0447105905511811
20
1.3188594881889764
11
1.0444112992125985
21
1.3185601968503937
0
LINE
8
BLACK
6
CONTINUOUS
10
1.0444112992125985
20
1.3185601968503937
11
1.0439731102362204
21
1.3183666929133857
0
LINE
8
BLACK
6
CONTINUOUS
10
1.0439731102362204
20
1.3183666929133857
11
1.0430132677165354
21
1.3177253543307086
0
LINE
8
BLACK
6
CONTINUOUS
10
1.0430132677165354
20
1.3177253543307086
11
1.0421166929133858
21
1.3175470078740157
0
LINE
8
BLACK
6
CONTINUOUS
10
1.0421166929133858
20
1.3175470078740157
11
1.0416588188976377
21
1.317344842519685
0
LINE
8
BLACK
6
CONTINUOUS
10
1.0416588188976377
20
1.317344842519685
11
1.040318622047244
21
1.3171893307086613
0
LINE
8
BLACK
6
CONTINUOUS
10
1.040318622047244
20
1.3171893307086613
11
1.04
21
1.3171259842519685
0
LINE
8
BLACK
6
CONTINUOUS
10
1.04
20
1.3171259842519685
11
1.0397723228346456
21
1.3171259842519685
0
LINE
8
BLACK
6
CONTINUOUS
10
1.0397723228346456
20
1.3171259842519685
11
0.9802277165354331
21
1.3171259842519685
0
LINE
8
BLACK
6
CONTINUOUS
10
0.9802277165354331
20
1.3171259842519685
11
0.98
21
1.3171259842519685
0
LINE
8
BLACK
6
CONTINUOUS
10
0.98
20
1.3171259842519685
11
0.9796813385826771
21
1.3171893307086613
0
LINE
8
BLACK
6
CONTINUOUS
10
0.9796813385826771
20
1.3171893307086613
11
0.9783411417322835
21
1.317344842519685
0
LINE
8
BLACK
6
CONTINUOUS
10
0.9783411417322835
20
1.317344842519685
11
0.9778832283464567
21
1.3175470078740157
0
LINE
8
BLACK
6
CONTINUOUS
10
0.9778832283464567
20
1.3175470078740157
11
0.9769867322834646
21
1.3177253543307086
0
LINE
8
BLACK
6
CONTINUOUS
10
0.9769867322834646
20
1.3177253543307086
11
0.9760269291338582
21
1.318366653543307
0
LINE
8
BLACK
6
CONTINUOUS
10
0.9760269291338582
20
1.318366653543307
11
0.9755886614173228
21
1.3185601968503937
0
LINE
8
BLACK
6
CONTINUOUS
10
0.9755886614173228
20
1.3185601968503937
11
0.9752892519685039
21
1.3188595669291339
0
LINE
8
BLACK
6
CONTINUOUS
10
0.9752892519685039
20
1.3188595669291339
11
0.9744322440944881
21
1.3194322440944881
0
LINE
8
BLACK
6
CONTINUOUS
10
0.9744322440944881
20
1.3194322440944881
11
0.9738595669291339
21
1.3202892519685039
0
LINE
8
BLACK
6
CONTINUOUS
10
0.9738595669291339
20
1.3202892519685039
11
0.9735601968503936
21
1.3205886614173228
0
LINE
8
BLACK
6
CONTINUOUS
10
0.9735601968503936
20
1.3205886614173228
11
0.9733666535433071
21
1.3210269291338583
0
LINE
8
BLACK
6
CONTINUOUS
10
0.9733666535433071
20
1.3210269291338583
11
0.9727253543307086
21
1.3219867322834646
0
LINE
8
BLACK
6
CONTINUOUS
10
0.9727253543307086
20
1.3219867322834646
11
0.9725470078740157
21
1.3228832283464567
0
LINE
8
BLACK
6
CONTINUOUS
10
0.9725470078740157
20
1.3228832283464567
11
0.972344842519685
21
1.3233411417322833
0
LINE
8
BLACK
6
CONTINUOUS
10
0.972344842519685
20
1.3233411417322833
11
0.9721893307086614
21
1.3246814173228345
0
LINE
8
BLACK
6
CONTINUOUS
10
0.9721893307086614
20
1.3246814173228345
11
0.9721259842519685
21
1.325
0
LINE
8
BLACK
6
CONTINUOUS
10
0.9721259842519685
20
1.325
11
0.9721259842519685
21
1.385
0
LINE
8
BLACK
6
CONTINUOUS
10
0.9721259842519685
20
1.385
11
0.9721893700787402
21
1.3853187007874015
0
LINE
8
BLACK
6
CONTINUOUS
10
0.9721893700787402
20
1.3853187007874015
11
0.972344842519685
21
1.3866588188976379
0
LINE
8
BLACK
6
CONTINUOUS
10
0.972344842519685
20
1.3866588188976379
11
0.9725470078740157
21
1.3871166929133858
0
LINE
8
BLACK
6
CONTINUOUS
10
0.9725470078740157
20
1.3871166929133858
11
0.9727253543307086
21
1.3880132677165353
0
LINE
8
BLACK
6
CONTINUOUS
10
0.9727253543307086
20
1.3880132677165353
11
0.9733666929133858
21
1.3889731102362204
0
LINE
8
BLACK
6
CONTINUOUS
10
0.9733666929133858
20
1.3889731102362204
11
0.9735601968503936
21
1.3894112992125984
0
LINE
8
BLACK
6
CONTINUOUS
10
0.9735601968503936
20
1.3894112992125984
11
0.9738594881889764
21
1.3897105905511811
0
LINE
8
BLACK
6
CONTINUOUS
10
0.9738594881889764
20
1.3897105905511811
11
0.9744322440944881
21
1.3905677559055118
0
LINE
8
BLACK
6
CONTINUOUS
10
0.9744322440944881
20
1.3905677559055118
11
0.9752893700787402
21
1.3911404724409449
0
LINE
8
BLACK
6
CONTINUOUS
10
0.9752893700787402
20
1.3911404724409449
11
0.9755886614173228
21
1.3914397637795275
0
LINE
8
BLACK
6
CONTINUOUS
10
0.9755886614173228
20
1.3914397637795275
11
0.9760267716535432
21
1.391633188976378
0
LINE
8
BLACK
6
CONTINUOUS
10
0.9760267716535432
20
1.391633188976378
11
0.9769867322834646
21
1.3922746456692914
0
LINE
8
BLACK
6
CONTINUOUS
10
0.9769867322834646
20
1.3922746456692914
11
0.9778833858267716
21
1.3924529921259843
0
LINE
8
BLACK
6
CONTINUOUS
10
0.9778833858267716
20
1.3924529921259843
11
0.9783411417322835
21
1.3926551181102362
0
LINE
8
BLACK
6
CONTINUOUS
10
0.9783411417322835
20
1.3926551181102362
11
0.9796809448818897
21
1.3928105511811024
0
LINE
8
BLACK
6
CONTINUOUS
10
0.9796809448818897
20
1.3928105511811024
11
0.98
21
1.3928740157480315
0
LINE
8
BLACK
6
CONTINUOUS
10
0.98
20
1.3928740157480315
11
1.04
21
1.3928740157480315
0
LINE
8
BLACK
6
CONTINUOUS
10
1.04
20
1.3928740157480315
11
1.0403191732283463
21
1.3928105118110237
0
LINE
8
BLACK
6
CONTINUOUS
10
1.1403191732283464
20
1.3928105118110237
11
1.1416588188976378
21
1.3926551181102362
0
LINE
8
BLACK
6
CONTINUOUS
10
1.1416588188976378
20
1.3926551181102362
11
1.1421164960629921
21
1.3924529921259843
0
LINE
8
BLACK
6
CONTINUOUS
10
1.1421164960629921
20
1.3924529921259843
11
1.1430132677165354
21
1.3922746456692914
0
LINE
8
BLACK
6
CONTINUOUS
10
1.1430132677165354
20
1.3922746456692914
11
1.1439732677165355
21
1.3916331496062992
0
LINE
8
BLACK
6
CONTINUOUS
10
1.1439732677165355
20
1.3916331496062992
11
1.1444112992125983
21
1.3914397637795275
0
LINE
8
BLACK
6
CONTINUOUS
10
1.1444112992125983
20
1.3914397637795275
11
1.1447104724409449
21
1.3911405511811024
0
LINE
8
BLACK
6
CONTINUOUS
10
1.1447104724409449
20
1.3911405511811024
11
1.1455677559055117
21
1.3905677559055118
0
LINE
8
BLACK
6
CONTINUOUS
10
1.1455677559055117
20
1.3905677559055118
11
1.1461405511811023
21
1.3897104724409448
0
LINE
8
BLACK
6
CONTINUOUS
10
1.1461405511811023
20
1.3897104724409448
11
1.1464397637795276
21
1.3894112992125984
0
LINE
8
BLACK
6
CONTINUOUS
10
1.1464397637795276
20
1.3894112992125984
11
1.1466331496062991
21
1.3889732677165354
0
LINE
8
BLACK
6
CONTINUOUS
10
1.1466331496062991
20
1.3889732677165354
11
1.1472746456692913
21
1.3880132677165353
0
LINE
8
BLACK
6
CONTINUOUS
10
1.1472746456692913
20
1.3880132677165353
11
1.1474529921259842
21
1.387116496062992
0
LINE
8
BLACK
6
CONTINUOUS
10
1.1474529921259842
20
1.387116496062992
11
1.1476551181102361
21
1.3866588188976379
0
LINE
8
BLACK
6
CONTINUOUS
10
1.1476551181102361
20
1.3866588188976379
11
1.1478105118110236
21
1.385319094488189
0
LINE
8
BLACK
6
CONTINUOUS
10
1.1478105118110236
20
1.385319094488189
11
1.1478740157480314
21
1.385
0
LINE
8
BLACK
6
CONTINUOUS
10
1.1478740157480314
20
1.385
11
1.1478740157480314
21
1.325
0
LINE
8
BLACK
6
CONTINUOUS
10
1.1478740157480314
20
1.325
11
1.1478105118110236
21
1.3246808661417322
0
LINE
8
BLACK
6
CONTINUOUS
10
1.1478105118110236
20
1.3246808661417322
11
1.1476551181102361
21
1.3233411417322833
0
LINE
8
BLACK
6
CONTINUOUS
10
1.1476551181102361
20
1.3233411417322833
11
1.1474529921259842
21
1.3228833858267717
0
LINE
8
BLACK
6
CONTINUOUS
10
1.1474529921259842
20
1.3228833858267717
11
1.1472746456692913
21
1.3219867322834646
0
LINE
8
BLACK
6
CONTINUOUS
10
1.1472746456692913
20
1.3219867322834646
11
1.1466331889763779
21
1.3210267716535433
0
LINE
8
BLACK
6
CONTINUOUS
10
1.1466331889763779
20
1.3210267716535433
11
1.1464397637795276
21
1.3205886614173228
0
LINE
8
BLACK
6
CONTINUOUS
10
1.1464397637795276
20
1.3205886614173228
11
1.1461404724409447
21
1.3202893700787401
0
LINE
8
BLACK
6
CONTINUOUS
10
1.1461404724409447
20
1.3202893700787401
11
1.1455677559055117
21
1.3194322440944881
0
LINE
8
BLACK
6
CONTINUOUS
10
1.1455677559055117
20
1.3194322440944881
11
1.1447105905511812
21
1.3188594881889764
0
LINE
8
BLACK
6
CONTINUOUS
10
1.1447105905511812
20
1.3188594881889764
11
1.1444112992125983
21
1.3185601968503937
0
LINE
8
BLACK
6
CONTINUOUS
10
1.1444112992125983
20
1.3185601968503937
11
1.1439731102362205
21
1.3183666929133857
0
LINE
8
BLACK
6
CONTINUOUS
10
1.1439731102362205
20
1.3183666929133857
11
1.1430132677165354
21
1.3177253543307086
0
LINE
8
BLACK
6
CONTINUOUS
10
1.1430132677165354
20
1.3177253543307086
11
1.1421166929133859
21
1.3175470078740157
0
LINE
8
BLACK
6
CONTINUOUS
10
1.1421166929133859
20
1.3175470078740157
11
1.1416588188976378
21
1.317344842519685
0
LINE
8
BLACK
6
CONTINUOUS
10
1.1416588188976378
20
1.317344842519685
11
1.1403186220472441
21
1.3171893307086613
0
LINE
8
BLACK
6
CONTINUOUS
10
1.1403186220472441
20
1.3171893307086613
11
1.1399999999999999
21
1.3171259842519685
0
LINE
8
BLACK
6
CONTINUOUS
10
1.1399999999999999
20
1.3171259842519685
11
1.1397723228346457
21
1.3171259842519685
0
LINE
8
BLACK
6
CONTINUOUS
10
1.1397723228346457
20
1.3171259842519685
11
1.080227716535433
21
1.3171259842519685
0
LINE
8
BLACK
6
CONTINUOUS
10
1.080227716535433
20
1.3171259842519685
11
1.0800000000000001
21
1.3171259842519685
0
LINE
8
BLACK
6
CONTINUOUS
10
1.0800000000000001
20
1.3171259842519685
11
1.0796813385826771
21
1.3171893307086613
0
LINE
8
BLACK
6
CONTINUOUS
10
1.0796813385826771
20
1.3171893307086613
11
1.0783411417322835
21
1.317344842519685
0
LINE
8
BLACK
6
CONTINUOUS
10
1.0783411417322835
20
1.317344842519685
11
1.0778832283464568
21
1.3175470078740157
0
LINE
8
BLACK
6
CONTINUOUS
10
1.0778832283464568
20
1.3175470078740157
11
1.0769867322834645
21
1.3177253543307086
0
LINE
8
BLACK
6
CONTINUOUS
10
1.0769867322834645
20
1.3177253543307086
11
1.0760269291338582
21
1.318366653543307
0
LINE
8
BLACK
6
CONTINUOUS
10
1.0760269291338582
20
1.318366653543307
11
1.0755886614173229
21
1.3185601968503937
0
LINE
8
BLACK
6
CONTINUOUS
10
1.0755886614173229
20
1.3185601968503937
11
1.075289251968504
21
1.3188595669291339
0
LINE
8
BLACK
6
CONTINUOUS
10
1.075289251968504
20
1.3188595669291339
11
1.0744322440944882
21
1.3194322440944881
0
LINE
8
BLACK
6
CONTINUOUS
10
1.0744322440944882
20
1.3194322440944881
11
1.0738595669291338
21
1.3202892519685039
0
LINE
8
BLACK
6
CONTINUOUS
10
1.0738595669291338
20
1.3202892519685039
11
1.0735601968503936
21
1.3205886614173228
0
LINE
8
BLACK
6
CONTINUOUS
10
1.0735601968503936
20
1.3205886614173228
11
1.0733666535433071
21
1.3210269291338583
0
LINE
8
BLACK
6
CONTINUOUS
10
1.0733666535433071
20
1.3210269291338583
11
1.0727253543307087
21
1.3219867322834646
0
LINE
8
BLACK
6
CONTINUOUS
10
1.0727253543307087
20
1.3219867322834646
11
1.0725470078740158
21
1.3228832283464567
0
LINE
8
BLACK
6
CONTINUOUS
10
1.0725470078740158
20
1.3228832283464567
11
1.0723448425196851
21
1.3233411417322833
0
LINE
8
BLACK
6
CONTINUOUS
10
1.0723448425196851
20
1.3233411417322833
11
1.0721893307086614
21
1.3246814173228345
0
LINE
8
BLACK
6
CONTINUOUS
10
1.0721893307086614
20
1.3246814173228345
11
1.0721259842519686
21
1.325
0
LINE
8
BLACK
6
CONTINUOUS
10
1.0721259842519686
20
1.325
11
1.0721259842519686
21
1.385
0
LINE
8
BLACK
6
CONTINUOUS
10
1.0721259842519686
20
1.385
11
1.0721893700787402
21
1.3853187007874015
0
LINE
8
BLACK
6
CONTINUOUS
10
1.0721893700787402
20
1.3853187007874015
11
1.0723448425196851
21
1.3866588188976379
0
LINE
8
BLACK
6
CONTINUOUS
10
1.0723448425196851
20
1.3866588188976379
11
1.0725470078740158
21
1.3871166929133858
0
LINE
8
BLACK
6
CONTINUOUS
10
1.0725470078740158
20
1.3871166929133858
11
1.0727253543307087
21
1.3880132677165353
0
LINE
8
BLACK
6
CONTINUOUS
10
1.0727253543307087
20
1.3880132677165353
11
1.0733666929133858
21
1.3889731102362204
0
LINE
8
BLACK
6
CONTINUOUS
10
1.0733666929133858
20
1.3889731102362204
11
1.0735601968503936
21
1.3894112992125984
0
LINE
8
BLACK
6
CONTINUOUS
10
1.0735601968503936
20
1.3894112992125984
11
1.0738594881889763
21
1.3897105905511811
0
LINE
8
BLACK
6
CONTINUOUS
10
1.0738594881889763
20
1.3897105905511811
11
1.0744322440944882
21
1.3905677559055118
0
LINE
8
BLACK
6
CONTINUOUS
10
1.0744322440944882
20
1.3905677559055118
11
1.07528937007874
21
1.3911404724409449
0
LINE
8
BLACK
6
CONTINUOUS
10
1.07528937007874
20
1.3911404724409449
11
1.0755886614173229
21
1.3914397637795275
0
LINE
8
BLACK
6
CONTINUOUS
10
1.0755886614173229
20
1.3914397637795275
11
1.0760267716535432
21
1.391633188976378
0
LINE
8
BLACK
6
CONTINUOUS
10
1.0760267716535432
20
1.391633188976378
11
1.0769867322834645
21
1.3922746456692914
0
LINE
8
BLACK
6
CONTINUOUS
10
1.0769867322834645
20
1.3922746456692914
11
1.0778833858267716
21
1.3924529921259843
0
LINE
8
BLACK
6
CONTINUOUS
10
1.0778833858267716
20
1.3924529921259843
11
1.0783411417322835
21
1.3926551181102362
0
LINE
8
BLACK
6
CONTINUOUS
10
1.0783411417322835
20
1.3926551181102362
11
1.0796809448818898
21
1.3928105511811024
0
LINE
8
BLACK
6
CONTINUOUS
10
1.0796809448818898
20
1.3928105511811024
11
1.0800000000000001
21
1.3928740157480315
0
LINE
8
BLACK
6
CONTINUOUS
10
1.0800000000000001
20
1.3928740157480315
11
1.1399999999999999
21
1.3928740157480315
0
LINE
8
BLACK
6
CONTINUOUS
10
1.1399999999999999
20
1.3928740157480315
11
1.1403191732283464
21
1.3928105118110237
0
LINE
8
BLACK
6
CONTINUOUS
10
1.2403191732283465
20
1.3928105118110237
11
1.2416588188976379
21
1.3926551181102362
0
LINE
8
BLACK
6
CONTINUOUS
10
1.2416588188976379
20
1.3926551181102362
11
1.242116496062992
21
1.3924529921259843
0
LINE
8
BLACK
6
CONTINUOUS
10
1.242116496062992
20
1.3924529921259843
11
1.2430132677165353
21
1.3922746456692914
0
LINE
8
BLACK
6
CONTINUOUS
10
1.2430132677165353
20
1.3922746456692914
11
1.2439732677165354
21
1.3916331496062992
0
LINE
8
BLACK
6
CONTINUOUS
10
1.2439732677165354
20
1.3916331496062992
11
1.2444112992125984
21
1.3914397637795275
0
LINE
8
BLACK
6
CONTINUOUS
10
1.2444112992125984
20
1.3914397637795275
11
1.2447104724409448
21
1.3911405511811024
0
LINE
8
BLACK
6
CONTINUOUS
10
1.2447104724409448
20
1.3911405511811024
11
1.2455677559055118
21
1.3905677559055118
0
LINE
8
BLACK
6
CONTINUOUS
10
1.2455677559055118
20
1.3905677559055118
11
1.2461405511811023
21
1.3897104724409448
0
LINE
8
BLACK
6
CONTINUOUS
10
1.2461405511811023
20
1.3897104724409448
11
1.2464397637795275
21
1.3894112992125984
0
LINE
8
BLACK
6
CONTINUOUS
10
1.2464397637795275
20
1.3894112992125984
11
1.2466331496062992
21
1.3889732677165354
0
LINE
8
BLACK
6
CONTINUOUS
10
1.2466331496062992
20
1.3889732677165354
11
1.2472746456692914
21
1.3880132677165353
0
LINE
8
BLACK
6
CONTINUOUS
10
1.2472746456692914
20
1.3880132677165353
11
1.2474529921259843
21
1.387116496062992
0
LINE
8
BLACK
6
CONTINUOUS
10
1.2474529921259843
20
1.387116496062992
11
1.2476551181102362
21
1.3866588188976379
0
LINE
8
BLACK
6
CONTINUOUS
10
1.2476551181102362
20
1.3866588188976379
11
1.2478105118110236
21
1.385319094488189
0
LINE
8
BLACK
6
CONTINUOUS
10
1.2478105118110236
20
1.385319094488189
11
1.2478740157480315
21
1.385
0
LINE
8
BLACK
6
CONTINUOUS
10
1.2478740157480315
20
1.385
11
1.2478740157480315
21
1.325
0
LINE
8
BLACK
6
CONTINUOUS
10
1.2478740157480315
20
1.325
11
1.2478105118110236
21
1.3246808661417322
0
LINE
8
BLACK
6
CONTINUOUS
10
1.2478105118110236
20
1.3246808661417322
11
1.2476551181102362
21
1.3233411417322833
0
LINE
8
BLACK
6
CONTINUOUS
10
1.2476551181102362
20
1.3233411417322833
11
1.2474529921259843
21
1.3228833858267717
0
LINE
8
BLACK
6
CONTINUOUS
10
1.2474529921259843
20
1.3228833858267717
11
1.2472746456692914
21
1.3219867322834646
0
LINE
8
BLACK
6
CONTINUOUS
10
1.2472746456692914
20
1.3219867322834646
11
1.246633188976378
21
1.3210267716535433
0
LINE
8
BLACK
6
CONTINUOUS
10
1.246633188976378
20
1.3210267716535433
11
1.2464397637795275
21
1.3205886614173228
0
LINE
8
BLACK
6
CONTINUOUS
10
1.2464397637795275
20
1.3205886614173228
11
1.2461404724409448
21
1.3202893700787401
0
LINE
8
BLACK
6
CONTINUOUS
10
1.2461404724409448
20
1.3202893700787401
11
1.2455677559055118
21
1.3194322440944881
0
LINE
8
BLACK
6
CONTINUOUS
10
1.2455677559055118
20
1.3194322440944881
11
1.2447105905511811
21
1.3188594881889764
0
LINE
8
BLACK
6
CONTINUOUS
10
1.2447105905511811
20
1.3188594881889764
11
1.2444112992125984
21
1.3185601968503937
0
LINE
8
BLACK
6
CONTINUOUS
10
1.2444112992125984
20
1.3185601968503937
11
1.2439731102362204
21
1.3183666929133857
0
LINE
8
BLACK
6
CONTINUOUS
10
1.2439731102362204
20
1.3183666929133857
11
1.2430132677165353
21
1.3177253543307086
0
LINE
8
BLACK
6
CONTINUOUS
10
1.2430132677165353
20
1.3177253543307086
11
1.2421166929133858
21
1.3175470078740157
0
LINE
8
BLACK
6
CONTINUOUS
10
1.2421166929133858
20
1.3175470078740157
11
1.2416588188976379
21
1.317344842519685
0
LINE
8
BLACK
6
CONTINUOUS
10
1.2416588188976379
20
1.317344842519685
11
1.240318622047244
21
1.3171893307086613
0
LINE
8
BLACK
6
CONTINUOUS
10
1.240318622047244
20
1.3171893307086613
11
1.24
21
1.3171259842519685
0
LINE
8
BLACK
6
CONTINUOUS
10
1.24
20
1.3171259842519685
11
1.2397723228346456
21
1.3171259842519685
0
LINE
8
BLACK
6
CONTINUOUS
10
1.2397723228346456
20
1.3171259842519685
11
1.1802277165354331
21
1.3171259842519685
0
LINE
8
BLACK
6
CONTINUOUS
10
1.1802277165354331
20
1.3171259842519685
11
1.1799999999999999
21
1.3171259842519685
0
LINE
8
BLACK
6
CONTINUOUS
10
1.1799999999999999
20
1.3171259842519685
11
1.1796813385826772
21
1.3171893307086613
0
LINE
8
BLACK
6
CONTINUOUS
10
1.1796813385826772
20
1.3171893307086613
11
1.1783411417322835
21
1.317344842519685
0
LINE
8
BLACK
6
CONTINUOUS
10
1.1783411417322835
20
1.317344842519685
11
1.1778832283464566
21
1.3175470078740157
0
LINE
8
BLACK
6
CONTINUOUS
10
1.1778832283464566
20
1.3175470078740157
11
1.1769867322834646
21
1.3177253543307086
0
LINE
8
BLACK
6
CONTINUOUS
10
1.1769867322834646
20
1.3177253543307086
11
1.1760269291338583
21
1.318366653543307
0
LINE
8
BLACK
6
CONTINUOUS
10
1.1760269291338583
20
1.318366653543307
11
1.1755886614173228
21
1.3185601968503937
0
LINE
8
BLACK
6
CONTINUOUS
10
1.1755886614173228
20
1.3185601968503937
11
1.1752892519685039
21
1.3188595669291339
0
LINE
8
BLACK
6
CONTINUOUS
10
1.1752892519685039
20
1.3188595669291339
11
1.1744322440944881
21
1.3194322440944881
0
LINE
8
BLACK
6
CONTINUOUS
10
1.1744322440944881
20
1.3194322440944881
11
1.1738595669291338
21
1.3202892519685039
0
LINE
8
BLACK
6
CONTINUOUS
10
1.1738595669291338
20
1.3202892519685039
11
1.1735601968503937
21
1.3205886614173228
0
LINE
8
BLACK
6
CONTINUOUS
10
1.1735601968503937
20
1.3205886614173228
11
1.1733666535433072
21
1.3210269291338583
0
LINE
8
BLACK
6
CONTINUOUS
10
1.1733666535433072
20
1.3210269291338583
11
1.1727253543307086
21
1.3219867322834646
0
LINE
8
BLACK
6
CONTINUOUS
10
1.1727253543307086
20
1.3219867322834646
11
1.1725470078740157
21
1.3228832283464567
0
LINE
8
BLACK
6
CONTINUOUS
10
1.1725470078740157
20
1.3228832283464567
11
1.172344842519685
21
1.3233411417322833
0
LINE
8
BLACK
6
CONTINUOUS
10
1.172344842519685
20
1.3233411417322833
11
1.1721893307086615
21
1.3246814173228345
0
LINE
8
BLACK
6
CONTINUOUS
10
1.1721893307086615
20
1.3246814173228345
11
1.1721259842519685
21
1.325
0
LINE
8
BLACK
6
CONTINUOUS
10
1.1721259842519685
20
1.325
11
1.1721259842519685
21
1.385
0
LINE
8
BLACK
6
CONTINUOUS
10
1.1721259842519685
20
1.385
11
1.17218937007874
21
1.3853187007874015
0
LINE
8
BLACK
6
CONTINUOUS
10
1.17218937007874
20
1.3853187007874015
11
1.172344842519685
21
1.3866588188976379
0
LINE
8
BLACK
6
CONTINUOUS
10
1.172344842519685
20
1.3866588188976379
11
1.1725470078740157
21
1.3871166929133858
0
LINE
8
BLACK
6
CONTINUOUS
10
1.1725470078740157
20
1.3871166929133858
11
1.1727253543307086
21
1.3880132677165353
0
LINE
8
BLACK
6
CONTINUOUS
10
1.1727253543307086
20
1.3880132677165353
11
1.1733666929133857
21
1.3889731102362204
0
LINE
8
BLACK
6
CONTINUOUS
10
1.1733666929133857
20
1.3889731102362204
11
1.1735601968503937
21
1.3894112992125984
0
LINE
8
BLACK
6
CONTINUOUS
10
1.1735601968503937
20
1.3894112992125984
11
1.1738594881889763
21
1.3897105905511811
0
LINE
8
BLACK
6
CONTINUOUS
10
1.1738594881889763
20
1.3897105905511811
11
1.1744322440944881
21
1.3905677559055118
0
LINE
8
BLACK
6
CONTINUOUS
10
1.1744322440944881
20
1.3905677559055118
11
1.1752893700787401
21
1.3911404724409449
0
LINE
8
BLACK
6
CONTINUOUS
10
1.1752893700787401
20
1.3911404724409449
11
1.1755886614173228
21
1.3914397637795275
0
LINE
8
BLACK
6
CONTINUOUS
10
1.1755886614173228
20
1.3914397637795275
11
1.1760267716535433
21
1.391633188976378
0
LINE
8
BLACK
6
CONTINUOUS
10
1.1760267716535433
20
1.391633188976378
11
1.1769867322834646
21
1.3922746456692914
0
LINE
8
BLACK
6
CONTINUOUS
10
1.1769867322834646
20
1.3922746456692914
11
1.1778833858267717
21
1.3924529921259843
0
LINE
8
BLACK
6
CONTINUOUS
10
1.1778833858267717
20
1.3924529921259843
11
1.1783411417322835
21
1.3926551181102362
0
LINE
8
BLACK
6
CONTINUOUS
10
1.1783411417322835
20
1.3926551181102362
11
1.1796809448818897
21
1.3928105511811024
0
LINE
8
BLACK
6
CONTINUOUS
10
1.1796809448818897
20
1.3928105511811024
11
1.1799999999999999
21
1.3928740157480315
0
LINE
8
BLACK
6
CONTINUOUS
10
1.1799999999999999
20
1.3928740157480315
11
1.24
21
1.3928740157480315
0
LINE
8
BLACK
6
CONTINUOUS
10
1.24
20
1.3928740157480315
11
1.2403191732283465
21
1.3928105118110237
0
LINE
8
BLACK
6
CONTINUOUS
10
1.3403191732283464
20
1.3928105118110237
11
1.3416588188976377
21
1.3926551181102362
0
LINE
8
BLACK
6
CONTINUOUS
10
1.3416588188976377
20
1.3926551181102362
11
1.3421164960629921
21
1.3924529921259843
0
LINE
8
BLACK
6
CONTINUOUS
10
1.3421164960629921
20
1.3924529921259843
11
1.3430132677165354
21
1.3922746456692914
0
LINE
8
BLACK
6
CONTINUOUS
10
1.3430132677165354
20
1.3922746456692914
11
1.3439732677165355
21
1.3916331496062992
0
LINE
8
BLACK
6
CONTINUOUS
10
1.3439732677165355
20
1.3916331496062992
11
1.3444112992125985
21
1.3914397637795275
0
LINE
8
BLACK
6
CONTINUOUS
10
1.3444112992125985
20
1.3914397637795275
11
1.3447104724409449
21
1.3911405511811024
0
LINE
8
BLACK
6
CONTINUOUS
10
1.3447104724409449
20
1.3911405511811024
11
1.3455677559055117
21
1.3905677559055118
0
LINE
8
BLACK
6
CONTINUOUS
10
1.3455677559055117
20
1.3905677559055118
11
1.3461405511811024
21
1.3897104724409448
0
LINE
8
BLACK
6
CONTINUOUS
10
1.3461405511811024
20
1.3897104724409448
11
1.3464397637795276
21
1.3894112992125984
0
LINE
8
BLACK
6
CONTINUOUS
10
1.3464397637795276
20
1.3894112992125984
11
1.3466331496062991
21
1.3889732677165354
0
LINE
8
BLACK
6
CONTINUOUS
10
1.3466331496062991
20
1.3889732677165354
11
1.3472746456692912
21
1.3880132677165353
0
LINE
8
BLACK
6
CONTINUOUS
10
1.3472746456692912
20
1.3880132677165353
11
1.3474529921259841
21
1.387116496062992
0
LINE
8
BLACK
6
CONTINUOUS
10
1.3474529921259841
20
1.387116496062992
11
1.3476551181102361
21
1.3866588188976379
0
LINE
8
BLACK
6
CONTINUOUS
10
1.3476551181102361
20
1.3866588188976379
11
1.3478105118110235
21
1.385319094488189
0
LINE
8
BLACK
6
CONTINUOUS
10
1.3478105118110235
20
1.385319094488189
11
1.3478740157480316
21
1.385
0
LINE
8
BLACK
6
CONTINUOUS
10
1.3478740157480316
20
1.385
11
1.3478740157480316
21
1.325
0
LINE
8
BLACK
6
CONTINUOUS
10
1.3478740157480316
20
1.325
11
1.3478105118110235
21
1.3246808661417322
0
LINE
8
BLACK
6
CONTINUOUS
10
1.3478105118110235
20
1.3246808661417322
11
1.3476551181102361
21
1.3233411417322833
0
LINE
8
BLACK
6
CONTINUOUS
10
1.3476551181102361
20
1.3233411417322833
11
1.3474529921259841
21
1.3228833858267717
0
LINE
8
BLACK
6
CONTINUOUS
10
1.3474529921259841
20
1.3228833858267717
11
1.3472746456692912
21
1.3219867322834646
0
LINE
8
BLACK
6
CONTINUOUS
10
1.3472746456692912
20
1.3219867322834646
11
1.3466331889763778
21
1.3210267716535433
0
LINE
8
BLACK
6
CONTINUOUS
10
1.3466331889763778
20
1.3210267716535433
11
1.3464397637795276
21
1.3205886614173228
0
LINE
8
BLACK
6
CONTINUOUS
10
1.3464397637795276
20
1.3205886614173228
11
1.3461404724409449
21
1.3202893700787401
0
LINE
8
BLACK
6
CONTINUOUS
10
1.3461404724409449
20
1.3202893700787401
11
1.3455677559055117
21
1.3194322440944881
0
LINE
8
BLACK
6
CONTINUOUS
10
1.3455677559055117
20
1.3194322440944881
11
1.3447105905511811
21
1.3188594881889764
0
LINE
8
BLACK
6
CONTINUOUS
10
1.3447105905511811
20
1.3188594881889764
11
1.3444112992125985
21
1.3185601968503937
0
LINE
8
BLACK
6
CONTINUOUS
10
1.3444112992125985
20
1.3185601968503937
11
1.3439731102362205
21
1.3183666929133857
0
LINE
8
BLACK
6
CONTINUOUS
10
1.3439731102362205
20
1.3183666929133857
11
1.3430132677165354
21
1.3177253543307086
0
LINE
8
BLACK
6
CONTINUOUS
10
1.3430132677165354
20
1.3177253543307086
11
1.3421166929133859
21
1.3175470078740157
0
LINE
8
BLACK
6
CONTINUOUS
10
1.3421166929133859
20
1.3175470078740157
11
1.3416588188976377
21
1.317344842519685
0
LINE
8
BLACK
6
CONTINUOUS
10
1.3416588188976377
20
1.317344842519685
11
1.3403186220472441
21
1.3171893307086613
0
LINE
8
BLACK
6
CONTINUOUS
10
1.3403186220472441
20
1.3171893307086613
11
1.3400000000000001
21
1.3171259842519685
0
LINE
8
BLACK
6
CONTINUOUS
10
1.3400000000000001
20
1.3171259842519685
11
1.3397723228346456
21
1.3171259842519685
0
LINE
8
BLACK
6
CONTINUOUS
10
1.3397723228346456
20
1.3171259842519685
11
1.280227716535433
21
1.3171259842519685
0
LINE
8
BLACK
6
CONTINUOUS
10
1.280227716535433
20
1.3171259842519685
11
1.28
21
1.3171259842519685
0
LINE
8
BLACK
6
CONTINUOUS
10
1.28
20
1.3171259842519685
11
1.2796813385826771
21
1.3171893307086613
0
LINE
8
BLACK
6
CONTINUOUS
10
1.2796813385826771
20
1.3171893307086613
11
1.2783411417322834
21
1.317344842519685
0
LINE
8
BLACK
6
CONTINUOUS
10
1.2783411417322834
20
1.317344842519685
11
1.2778832283464567
21
1.3175470078740157
0
LINE
8
BLACK
6
CONTINUOUS
10
1.2778832283464567
20
1.3175470078740157
11
1.2769867322834645
21
1.3177253543307086
0
LINE
8
BLACK
6
CONTINUOUS
10
1.2769867322834645
20
1.3177253543307086
11
1.2760269291338582
21
1.318366653543307
0
LINE
8
BLACK
6
CONTINUOUS
10
1.2760269291338582
20
1.318366653543307
11
1.2755886614173229
21
1.3185601968503937
0
LINE
8
BLACK
6
CONTINUOUS
10
1.2755886614173229
20
1.3185601968503937
11
1.275289251968504
21
1.3188595669291339
0
LINE
8
BLACK
6
CONTINUOUS
10
1.275289251968504
20
1.3188595669291339
11
1.2744322440944882
21
1.3194322440944881
0
LINE
8
BLACK
6
CONTINUOUS
10
1.2744322440944882
20
1.3194322440944881
11
1.2738595669291339
21
1.3202892519685039
0
LINE
8
BLACK
6
CONTINUOUS
10
1.2738595669291339
20
1.3202892519685039
11
1.2735601968503936
21
1.3205886614173228
0
LINE
8
BLACK
6
CONTINUOUS
10
1.2735601968503936
20
1.3205886614173228
11
1.273366653543307
21
1.3210269291338583
0
LINE
8
BLACK
6
CONTINUOUS
10
1.273366653543307
20
1.3210269291338583
11
1.2727253543307087
21
1.3219867322834646
0
LINE
8
BLACK
6
CONTINUOUS
10
1.2727253543307087
20
1.3219867322834646
11
1.2725470078740158
21
1.3228832283464567
0
LINE
8
BLACK
6
CONTINUOUS
10
1.2725470078740158
20
1.3228832283464567
11
1.272344842519685
21
1.3233411417322833
0
LINE
8
BLACK
6
CONTINUOUS
10
1.272344842519685
20
1.3233411417322833
11
1.2721893307086614
21
1.3246814173228345
0
LINE
8
BLACK
6
CONTINUOUS
10
1.2721893307086614
20
1.3246814173228345
11
1.2721259842519685
21
1.325
0
LINE
8
BLACK
6
CONTINUOUS
10
1.2721259842519685
20
1.325
11
1.2721259842519685
21
1.385
0
LINE
8
BLACK
6
CONTINUOUS
10
1.2721259842519685
20
1.385
11
1.2721893700787401
21
1.3853187007874015
0
LINE
8
BLACK
6
CONTINUOUS
10
1.2721893700787401
20
1.3853187007874015
11
1.272344842519685
21
1.3866588188976379
0
LINE
8
BLACK
6
CONTINUOUS
10
1.272344842519685
20
1.3866588188976379
11
1.2725470078740158
21
1.3871166929133858
0
LINE
8
BLACK
6
CONTINUOUS
10
1.2725470078740158
20
1.3871166929133858
11
1.2727253543307087
21
1.3880132677165353
0
LINE
8
BLACK
6
CONTINUOUS
10
1.2727253543307087
20
1.3880132677165353
11
1.2733666929133858
21
1.3889731102362204
0
LINE
8
BLACK
6
CONTINUOUS
10
1.2733666929133858
20
1.3889731102362204
11
1.2735601968503936
21
1.3894112992125984
0
LINE
8
BLACK
6
CONTINUOUS
10
1.2735601968503936
20
1.3894112992125984
11
1.2738594881889764
21
1.3897105905511811
0
LINE
8
BLACK
6
CONTINUOUS
10
1.2738594881889764
20
1.3897105905511811
11
1.2744322440944882
21
1.3905677559055118
0
LINE
8
BLACK
6
CONTINUOUS
10
1.2744322440944882
20
1.3905677559055118
11
1.2752893700787402
21
1.3911404724409449
0
LINE
8
BLACK
6
CONTINUOUS
10
1.2752893700787402
20
1.3911404724409449
11
1.2755886614173229
21
1.3914397637795275
0
LINE
8
BLACK
6
CONTINUOUS
10
1.2755886614173229
20
1.3914397637795275
11
1.2760267716535432
21
1.391633188976378
0
LINE
8
BLACK
6
CONTINUOUS
10
1.2760267716535432
20
1.391633188976378
11
1.2769867322834645
21
1.3922746456692914
0
LINE
8
BLACK
6
CONTINUOUS
10
1.2769867322834645
20
1.3922746456692914
11
1.2778833858267715
21
1.3924529921259843
0
LINE
8
BLACK
6
CONTINUOUS
10
1.2778833858267715
20
1.3924529921259843
11
1.2783411417322834
21
1.3926551181102362
0
LINE
8
BLACK
6
CONTINUOUS
10
1.2783411417322834
20
1.3926551181102362
11
1.2796809448818898
21
1.3928105511811024
0
LINE
8
BLACK
6
CONTINUOUS
10
1.2796809448818898
20
1.3928105511811024
11
1.28
21
1.3928740157480315
0
LINE
8
BLACK
6
CONTINUOUS
10
1.28
20
1.3928740157480315
11
1.3400000000000001
21
1.3928740157480315
0
LINE
8
BLACK
6
CONTINUOUS
10
1.3400000000000001
20
1.3928740157480315
11
1.3403191732283464
21
1.3928105118110237
0
LINE
8
BLACK
6
CONTINUOUS
10
1.4403191732283465
20
1.3928105118110237
11
1.4416588188976378
21
1.3926551181102362
0
LINE
8
BLACK
6
CONTINUOUS
10
1.4416588188976378
20
1.3926551181102362
11
1.4421164960629922
21
1.3924529921259843
0
LINE
8
BLACK
6
CONTINUOUS
10
1.4421164960629922
20
1.3924529921259843
11
1.4430132677165355
21
1.3922746456692914
0
LINE
8
BLACK
6
CONTINUOUS
10
1.4430132677165355
20
1.3922746456692914
11
1.4439732677165353
21
1.3916331496062992
0
LINE
8
BLACK
6
CONTINUOUS
10
1.4439732677165353
20
1.3916331496062992
11
1.4444112992125984
21
1.3914397637795275
0
LINE
8
BLACK
6
CONTINUOUS
10
1.4444112992125984
20
1.3914397637795275
11
1.4447104724409447
21
1.3911405511811024
0
LINE
8
BLACK
6
CONTINUOUS
10
1.4447104724409447
20
1.3911405511811024
11
1.4455677559055118
21
1.3905677559055118
0
LINE
8
BLACK
6
CONTINUOUS
10
1.4455677559055118
20
1.3905677559055118
11
1.4461405511811023
21
1.3897104724409448
0
LINE
8
BLACK
6
CONTINUOUS
10
1.4461405511811023
20
1.3897104724409448
11
1.4464397637795274
21
1.3894112992125984
0
LINE
8
BLACK
6
CONTINUOUS
10
1.4464397637795274
20
1.3894112992125984
11
1.4466331496062992
21
1.3889732677165354
0
LINE
8
BLACK
6
CONTINUOUS
10
1.4466331496062992
20
1.3889732677165354
11
1.4472746456692913
21
1.3880132677165353
0
LINE
8
BLACK
6
CONTINUOUS
10
1.4472746456692913
20
1.3880132677165353
11
1.4474529921259842
21
1.387116496062992
0
LINE
8
BLACK
6
CONTINUOUS
10
1.4474529921259842
20
1.387116496062992
11
1.4476551181102362
21
1.3866588188976379
0
LINE
8
BLACK
6
CONTINUOUS
10
1.4476551181102362
20
1.3866588188976379
11
1.4478105118110236
21
1.385319094488189
0
LINE
8
BLACK
6
CONTINUOUS
10
1.4478105118110236
20
1.385319094488189
11
1.4478740157480314
21
1.385
0
LINE
8
BLACK
6
CONTINUOUS
10
1.4478740157480314
20
1.385
11
1.4478740157480314
21
1.325
0
LINE
8
BLACK
6
CONTINUOUS
10
1.4478740157480314
20
1.325
11
1.4478105118110236
21
1.3246808661417322
0
LINE
8
BLACK
6
CONTINUOUS
10
1.4478105118110236
20
1.3246808661417322
11
1.4476551181102362
21
1.3233411417322833
0
LINE
8
BLACK
6
CONTINUOUS
10
1.4476551181102362
20
1.3233411417322833
11
1.4474529921259842
21
1.3228833858267717
0
LINE
8
BLACK
6
CONTINUOUS
10
1.4474529921259842
20
1.3228833858267717
11
1.4472746456692913
21
1.3219867322834646
0
LINE
8
BLACK
6
CONTINUOUS
10
1.4472746456692913
20
1.3219867322834646
11
1.4466331889763779
21
1.3210267716535433
0
LINE
8
BLACK
6
CONTINUOUS
10
1.4466331889763779
20
1.3210267716535433
11
1.4464397637795274
21
1.3205886614173228
0
LINE
8
BLACK
6
CONTINUOUS
10
1.4464397637795274
20
1.3205886614173228
11
1.4461404724409448
21
1.3202893700787401
0
LINE
8
BLACK
6
CONTINUOUS
10
1.4461404724409448
20
1.3202893700787401
11
1.4455677559055118
21
1.3194322440944881
0
LINE
8
BLACK
6
CONTINUOUS
10
1.4455677559055118
20
1.3194322440944881
11
1.444710590551181
21
1.3188594881889764
0
LINE
8
BLACK
6
CONTINUOUS
10
1.444710590551181
20
1.3188594881889764
11
1.4444112992125984
21
1.3185601968503937
0
LINE
8
BLACK
6
CONTINUOUS
10
1.4444112992125984
20
1.3185601968503937
11
1.4439731102362205
21
1.3183666929133857
0
LINE
8
BLACK
6
CONTINUOUS
10
1.4439731102362205
20
1.3183666929133857
11
1.4430132677165355
21
1.3177253543307086
0
LINE
8
BLACK
6
CONTINUOUS
10
1.4430132677165355
20
1.3177253543307086
11
1.4421166929133857
21
1.3175470078740157
0
LINE
8
BLACK
6
CONTINUOUS
10
1.4421166929133857
20
1.3175470078740157
11
1.4416588188976378
21
1.317344842519685
0
LINE
8
BLACK
6
CONTINUOUS
10
1.4416588188976378
20
1.317344842519685
11
1.4403186220472441
21
1.3171893307086613
0
LINE
8
BLACK
6
CONTINUOUS
10
1.4403186220472441
20
1.3171893307086613
11
1.4399999999999999
21
1.3171259842519685
0
LINE
8
BLACK
6
CONTINUOUS
10
1.4399999999999999
20
1.3171259842519685
11
1.4397723228346457
21
1.3171259842519685
0
LINE
8
BLACK
6
CONTINUOUS
10
1.4397723228346457
20
1.3171259842519685
11
1.3802277165354331
21
1.3171259842519685
0
LINE
8
BLACK
6
CONTINUOUS
10
1.3802277165354331
20
1.3171259842519685
11
1.3799999999999999
21
1.3171259842519685
0
LINE
8
BLACK
6
CONTINUOUS
10
1.3799999999999999
20
1.3171259842519685
11
1.3796813385826772
21
1.3171893307086613
0
LINE
8
BLACK
6
CONTINUOUS
10
1.3796813385826772
20
1.3171893307086613
11
1.3783411417322835
21
1.317344842519685
0
LINE
8
BLACK
6
CONTINUOUS
10
1.3783411417322835
20
1.317344842519685
11
1.3778832283464566
21
1.3175470078740157
0
LINE
8
BLACK
6
CONTINUOUS
10
1.3778832283464566
20
1.3175470078740157
11
1.3769867322834646
21
1.3177253543307086
0
LINE
8
BLACK
6
CONTINUOUS
10
1.3769867322834646
20
1.3177253543307086
11
1.3760269291338583
21
1.318366653543307
0
LINE
8
BLACK
6
CONTINUOUS
10
1.3760269291338583
20
1.318366653543307
11
1.3755886614173227
21
1.3185601968503937
0
LINE
8
BLACK
6
CONTINUOUS
10
1.3755886614173227
20
1.3185601968503937
11
1.3752892519685038
21
1.3188595669291339
0
LINE
8
BLACK
6
CONTINUOUS
10
1.3752892519685038
20
1.3188595669291339
11
1.3744322440944881
21
1.3194322440944881
0
LINE
8
BLACK
6
CONTINUOUS
10
1.3744322440944881
20
1.3194322440944881
11
1.3738595669291338
21
1.3202892519685039
0
LINE
8
BLACK
6
CONTINUOUS
10
1.3738595669291338
20
1.3202892519685039
11
1.3735601968503937
21
1.3205886614173228
0
LINE
8
BLACK
6
CONTINUOUS
10
1.3735601968503937
20
1.3205886614173228
11
1.3733666535433071
21
1.3210269291338583
0
LINE
8
BLACK
6
CONTINUOUS
10
1.3733666535433071
20
1.3210269291338583
11
1.3727253543307085
21
1.3219867322834646
0
LINE
8
BLACK
6
CONTINUOUS
10
1.3727253543307085
20
1.3219867322834646
11
1.3725470078740156
21
1.3228832283464567
0
LINE
8
BLACK
6
CONTINUOUS
10
1.3725470078740156
20
1.3228832283464567
11
1.3723448425196849
21
1.3233411417322833
0
LINE
8
BLACK
6
CONTINUOUS
10
1.3723448425196849
20
1.3233411417322833
11
1.3721893307086614
21
1.3246814173228345
0
LINE
8
BLACK
6
CONTINUOUS
10
1.3721893307086614
20
1.3246814173228345
11
1.3721259842519684
21
1.325
0
LINE
8
BLACK
6
CONTINUOUS
10
1.3721259842519684
20
1.325
11
1.3721259842519684
21
1.385
0
LINE
8
BLACK
6
CONTINUOUS
10
1.3721259842519684
20
1.385
11
1.3721893700787402
21
1.3853187007874015
0
LINE
8
BLACK
6
CONTINUOUS
10
1.3721893700787402
20
1.3853187007874015
11
1.3723448425196849
21
1.3866588188976379
0
LINE
8
BLACK
6
CONTINUOUS
10
1.3723448425196849
20
1.3866588188976379
11
1.3725470078740156
21
1.3871166929133858
0
LINE
8
BLACK
6
CONTINUOUS
10
1.3725470078740156
20
1.3871166929133858
11
1.3727253543307085
21
1.3880132677165353
0
LINE
8
BLACK
6
CONTINUOUS
10
1.3727253543307085
20
1.3880132677165353
11
1.3733666929133859
21
1.3889731102362204
0
LINE
8
BLACK
6
CONTINUOUS
10
1.3733666929133859
20
1.3889731102362204
11
1.3735601968503937
21
1.3894112992125984
0
LINE
8
BLACK
6
CONTINUOUS
10
1.3735601968503937
20
1.3894112992125984
11
1.3738594881889763
21
1.3897105905511811
0
LINE
8
BLACK
6
CONTINUOUS
10
1.3738594881889763
20
1.3897105905511811
11
1.3744322440944881
21
1.3905677559055118
0
LINE
8
BLACK
6
CONTINUOUS
10
1.3744322440944881
20
1.3905677559055118
11
1.3752893700787401
21
1.3911404724409449
0
LINE
8
BLACK
6
CONTINUOUS
10
1.3752893700787401
20
1.3911404724409449
11
1.3755886614173227
21
1.3914397637795275
0
LINE
8
BLACK
6
CONTINUOUS
10
1.3755886614173227
20
1.3914397637795275
11
1.3760267716535433
21
1.391633188976378
0
LINE
8
BLACK
6
CONTINUOUS
10
1.3760267716535433
20
1.391633188976378
11
1.3769867322834646
21
1.3922746456692914
0
LINE
8
BLACK
6
CONTINUOUS
10
1.3769867322834646
20
1.3922746456692914
11
1.3778833858267716
21
1.3924529921259843
0
LINE
8
BLACK
6
CONTINUOUS
10
1.3778833858267716
20
1.3924529921259843
11
1.3783411417322835
21
1.3926551181102362
0
LINE
8
BLACK
6
CONTINUOUS
10
1.3783411417322835
20
1.3926551181102362
11
1.3796809448818896
21
1.3928105511811024
0
LINE
8
BLACK
6
CONTINUOUS
10
1.3796809448818896
20
1.3928105511811024
11
1.3799999999999999
21
1.3928740157480315
0
LINE
8
BLACK
6
CONTINUOUS
10
1.3799999999999999
20
1.3928740157480315
11
1.4399999999999999
21
1.3928740157480315
0
LINE
8
BLACK
6
CONTINUOUS
10
1.4399999999999999
20
1.3928740157480315
11
1.4403191732283465
21
1.3928105118110237
0
LINE
8
BLACK
6
CONTINUOUS
10
1.5328191732283465
20
1.5303105118110236
11
1.5341588188976378
21
1.5301551181102362
0
LINE
8
BLACK
6
CONTINUOUS
10
1.5341588188976378
20
1.5301551181102362
11
1.534616496062992
21
1.5299529921259842
0
LINE
8
BLACK
6
CONTINUOUS
10
1.534616496062992
20
1.5299529921259842
11
1.5355132677165353
21
1.5297746456692913
0
LINE
8
BLACK
6
CONTINUOUS
10
1.5355132677165353
20
1.5297746456692913
11
1.5364732677165354
21
1.5291331496062992
0
LINE
8
BLACK
6
CONTINUOUS
10
1.5364732677165354
20
1.5291331496062992
11
1.5369112992125984
21
1.5289397637795274
0
LINE
8
BLACK
6
CONTINUOUS
10
1.5369112992125984
20
1.5289397637795274
11
1.5372104724409448
21
1.5286405511811023
0
LINE
8
BLACK
6
CONTINUOUS
10
1.5372104724409448
20
1.5286405511811023
11
1.5380677559055118
21
1.5280677559055118
0
LINE
8
BLACK
6
CONTINUOUS
10
1.5380677559055118
20
1.5280677559055118
11
1.5386405511811023
21
1.5272104724409448
0
LINE
8
BLACK
6
CONTINUOUS
10
1.5386405511811023
20
1.5272104724409448
11
1.5389397637795275
21
1.5269112992125984
0
LINE
8
BLACK
6
CONTINUOUS
10
1.5389397637795275
20
1.5269112992125984
11
1.5391331496062992
21
1.5264732677165354
0
LINE
8
BLACK
6
CONTINUOUS
10
1.5391331496062992
20
1.5264732677165354
11
1.5397746456692913
21
1.5255132677165355
0
LINE
8
BLACK
6
CONTINUOUS
10
1.5397746456692913
20
1.5255132677165355
11
1.5399529921259842
21
1.524616496062992
0
LINE
8
BLACK
6
CONTINUOUS
10
1.5399529921259842
20
1.524616496062992
11
1.5401551181102362
21
1.5241588188976378
0
LINE
8
BLACK
6
CONTINUOUS
10
1.5401551181102362
20
1.5241588188976378
11
1.5403105118110236
21
1.522819094488189
0
LINE
8
BLACK
6
CONTINUOUS
10
1.5403105118110236
20
1.522819094488189
11
1.5403740157480315
21
1.5225
0
LINE
8
BLACK
6
CONTINUOUS
10
1.5403740157480315
20
1.5225
11
1.5403740157480315
21
1.4675
0
LINE
8
BLACK
6
CONTINUOUS
10
1.5403740157480315
20
1.4675
11
1.5403105118110236
21
1.4671808661417323
0
LINE
8
BLACK
6
CONTINUOUS
10
1.5403105118110236
20
1.4671808661417323
11
1.5401551181102362
21
1.4658411417322834
0
LINE
8
BLACK
6
CONTINUOUS
10
1.5401551181102362
20
1.4658411417322834
11
1.5399529921259842
21
1.4653833858267715
0
LINE
8
BLACK
6
CONTINUOUS
10
1.5399529921259842
20
1.4653833858267715
11
1.5397746456692913
21
1.4644867322834645
0
LINE
8
BLACK
6
CONTINUOUS
10
1.5397746456692913
20
1.4644867322834645
11
1.539133188976378
21
1.4635267716535432
0
LINE
8
BLACK
6
CONTINUOUS
10
1.539133188976378
20
1.4635267716535432
11
1.5389397637795275
21
1.4630886614173229
0
LINE
8
BLACK
6
CONTINUOUS
10
1.5389397637795275
20
1.4630886614173229
11
1.5386404724409448
21
1.4627893700787402
0
LINE
8
BLACK
6
CONTINUOUS
10
1.5386404724409448
20
1.4627893700787402
11
1.5380677559055118
21
1.4619322440944882
0
LINE
8
BLACK
6
CONTINUOUS
10
1.5380677559055118
20
1.4619322440944882
11
1.537210590551181
21
1.4613594881889764
0
LINE
8
BLACK
6
CONTINUOUS
10
1.537210590551181
20
1.4613594881889764
11
1.5369112992125984
21
1.4610601968503936
0
LINE
8
BLACK
6
CONTINUOUS
10
1.5369112992125984
20
1.4610601968503936
11
1.5364731102362204
21
1.4608666929133858
0
LINE
8
BLACK
6
CONTINUOUS
10
1.5364731102362204
20
1.4608666929133858
11
1.5355132677165353
21
1.4602253543307087
0
LINE
8
BLACK
6
CONTINUOUS
10
1.5355132677165353
20
1.4602253543307087
11
1.5346166141732283
21
1.460046968503937
0
LINE
8
BLACK
6
CONTINUOUS
10
1.5346166141732283
20
1.460046968503937
11
1.5307114173228347
21
1.4583226771653544
0
LINE
8
BLACK
6
CONTINUOUS
10
1.5307114173228347
20
1.4583226771653544
11
1.5320295669291337
21
1.4520740157480314
0
LINE
8
BLACK
6
CONTINUOUS
10
1.5320295669291337
20
1.4520740157480314
11
1.5729703543307085
21
1.4520740157480314
0
LINE
8
BLACK
6
CONTINUOUS
10
1.5729703543307085
20
1.4520740157480314
11
1.5742885039370078
21
1.4583226771653544
0
LINE
8
BLACK
6
CONTINUOUS
10
1.5742885039370078
20
1.4583226771653544
11
1.5703832283464567
21
1.4600470078740158
0
LINE
8
BLACK
6
CONTINUOUS
10
1.5703832283464567
20
1.4600470078740158
11
1.5694867322834645
21
1.4602253543307087
0
LINE
8
BLACK
6
CONTINUOUS
10
1.5694867322834645
20
1.4602253543307087
11
1.5685269291338582
21
1.460866653543307
0
LINE
8
BLACK
6
CONTINUOUS
10
1.5685269291338582
20
1.460866653543307
11
1.5680886614173228
21
1.4610601968503936
0
LINE
8
BLACK
6
CONTINUOUS
10
1.5680886614173228
20
1.4610601968503936
11
1.5677892519685039
21
1.4613595669291339
0
LINE
8
BLACK
6
CONTINUOUS
10
1.5677892519685039
20
1.4613595669291339
11
1.5669322440944882
21
1.4619322440944882
0
LINE
8
BLACK
6
CONTINUOUS
10
1.5669322440944882
20
1.4619322440944882
11
1.5663595669291339
21
1.462789251968504
0
LINE
8
BLACK
6
CONTINUOUS
10
1.5663595669291339
20
1.462789251968504
11
1.5660601968503938
21
1.4630886614173229
0
LINE
8
BLACK
6
CONTINUOUS
10
1.5660601968503938
20
1.4630886614173229
11
1.565866653543307
21
1.4635269291338582
0
LINE
8
BLACK
6
CONTINUOUS
10
1.565866653543307
20
1.4635269291338582
11
1.5652253543307086
21
1.4644867322834645
0
LINE
8
BLACK
6
CONTINUOUS
10
1.5652253543307086
20
1.4644867322834645
11
1.5650470078740157
21
1.4653832283464567
0
LINE
8
BLACK
6
CONTINUOUS
10
1.5650470078740157
20
1.4653832283464567
11
1.564844842519685
21
1.4658411417322834
0
LINE
8
BLACK
6
CONTINUOUS
10
1.564844842519685
20
1.4658411417322834
11
1.5646893307086613
21
1.4671814173228346
0
LINE
8
BLACK
6
CONTINUOUS
10
1.5646893307086613
20
1.4671814173228346
11
1.5646259842519685
21
1.4675
0
LINE
8
BLACK
6
CONTINUOUS
10
1.5646259842519685
20
1.4675
11
1.5646259842519685
21
1.5225
0
LINE
8
BLACK
6
CONTINUOUS
10
1.5646259842519685
20
1.5225
11
1.5646893700787401
21
1.5228187007874014
0
LINE
8
BLACK
6
CONTINUOUS
10
1.5646893700787401
20
1.5228187007874014
11
1.564844842519685
21
1.5241588188976378
0
LINE
8
BLACK
6
CONTINUOUS
10
1.564844842519685
20
1.5241588188976378
11
1.5650470078740157
21
1.5246166929133858
0
LINE
8
BLACK
6
CONTINUOUS
10
1.5650470078740157
20
1.5246166929133858
11
1.5652253543307086
21
1.5255132677165355
0
LINE
8
BLACK
6
CONTINUOUS
10
1.5652253543307086
20
1.5255132677165355
11
1.5658666929133858
21
1.5264731102362203
0
LINE
8
BLACK
6
CONTINUOUS
10
1.5658666929133858
20
1.5264731102362203
11
1.5660601968503938
21
1.5269112992125984
0
LINE
8
BLACK
6
CONTINUOUS
10
1.5660601968503938
20
1.5269112992125984
11
1.5663594881889764
21
1.527210590551181
0
LINE
8
BLACK
6
CONTINUOUS
10
1.5663594881889764
20
1.527210590551181
11
1.5669322440944882
21
1.5280677559055118
0
LINE
8
BLACK
6
CONTINUOUS
10
1.5669322440944882
20
1.5280677559055118
11
1.5677893700787402
21
1.5286404724409448
0
LINE
8
BLACK
6
CONTINUOUS
10
1.5677893700787402
20
1.5286404724409448
11
1.5680886614173228
21
1.5289397637795274
0
LINE
8
BLACK
6
CONTINUOUS
10
1.5680886614173228
20
1.5289397637795274
11
1.5685267716535434
21
1.529133188976378
0
LINE
8
BLACK
6
CONTINUOUS
10
1.5685267716535434
20
1.529133188976378
11
1.5694867322834645
21
1.5297746456692913
0
LINE
8
BLACK
6
CONTINUOUS
10
1.5694867322834645
20
1.5297746456692913
11
1.5703833858267717
21
1.5299529921259842
0
LINE
8
BLACK
6
CONTINUOUS
10
1.5703833858267717
20
1.5299529921259842
11
1.5708411417322834
21
1.5301551181102362
0
LINE
8
BLACK
6
CONTINUOUS
10
1.5708411417322834
20
1.5301551181102362
11
1.5721809448818898
21
1.5303105511811024
0
LINE
8
BLACK
6
CONTINUOUS
10
1.5721809448818898
20
1.5303105511811024
11
1.5725
21
1.5303740157480314
0
LINE
8
BLACK
6
CONTINUOUS
10
1.5725
20
1.5303740157480314
11
1.6074999999999999
21
1.5303740157480314
0
LINE
8
BLACK
6
CONTINUOUS
10
1.6074999999999999
20
1.5303740157480314
11
1.6078191732283464
21
1.5303105118110236
0
LINE
8
BLACK
6
CONTINUOUS
10
1.6078191732283464
20
1.5303105118110236
11
1.6091588188976378
21
1.5301551181102362
0
LINE
8
BLACK
6
CONTINUOUS
10
1.6091588188976378
20
1.5301551181102362
11
1.6096164960629922
21
1.5299529921259842
0
LINE
8
BLACK
6
CONTINUOUS
10
1.6096164960629922
20
1.5299529921259842
11
1.6105132677165355
21
1.5297746456692913
0
LINE
8
BLACK
6
CONTINUOUS
10
1.6105132677165355
20
1.5297746456692913
11
1.6114732677165353
21
1.5291331496062992
0
LINE
8
BLACK
6
CONTINUOUS
10
1.6114732677165353
20
1.5291331496062992
11
1.6119112992125983
21
1.5289397637795274
0
LINE
8
BLACK
6
CONTINUOUS
10
1.6119112992125983
20
1.5289397637795274
11
1.612210472440945
21
1.5286405511811023
0
LINE
8
BLACK
6
CONTINUOUS
10
1.612210472440945
20
1.5286405511811023
11
1.6130677559055118
21
1.5280677559055118
0
LINE
8
BLACK
6
CONTINUOUS
10
1.6130677559055118
20
1.5280677559055118
11
1.6136405511811023
21
1.5272104724409448
0
LINE
8
BLACK
6
CONTINUOUS
10
1.6136405511811023
20
1.5272104724409448
11
1.6139397637795274
21
1.5269112992125984
0
LINE
8
BLACK
6
CONTINUOUS
10
1.6139397637795274
20
1.5269112992125984
11
1.6141331496062992
21
1.5264732677165354
0
LINE
8
BLACK
6
CONTINUOUS
10
1.6141331496062992
20
1.5264732677165354
11
1.6147746456692913
21
1.5255132677165355
0
LINE
8
BLACK
6
CONTINUOUS
10
1.6147746456692913
20
1.5255132677165355
11
1.6149529921259842
21
1.524616496062992
0
LINE
8
BLACK
6
CONTINUOUS
10
1.6149529921259842
20
1.524616496062992
11
1.6151551181102362
21
1.5241588188976378
0
LINE
8
BLACK
6
CONTINUOUS
10
1.6151551181102362
20
1.5241588188976378
11
1.6153105118110236
21
1.522819094488189
0
LINE
8
BLACK
6
CONTINUOUS
10
1.6153105118110236
20
1.522819094488189
11
1.6153740157480314
21
1.5225
0
LINE
8
BLACK
6
CONTINUOUS
10
1.6153740157480314
20
1.5225
11
1.6153740157480314
21
1.4675
0
LINE
8
BLACK
6
CONTINUOUS
10
1.6153740157480314
20
1.4675
11
1.6153105118110236
21
1.4671808661417323
0
LINE
8
BLACK
6
CONTINUOUS
10
1.6153105118110236
20
1.4671808661417323
11
1.6151551181102362
21
1.4658411417322834
0
LINE
8
BLACK
6
CONTINUOUS
10
1.6151551181102362
20
1.4658411417322834
11
1.6149529921259842
21
1.4653833858267715
0
LINE
8
BLACK
6
CONTINUOUS
10
1.6149529921259842
20
1.4653833858267715
11
1.6147746456692913
21
1.4644867322834645
0
LINE
8
BLACK
6
CONTINUOUS
10
1.6147746456692913
20
1.4644867322834645
11
1.6141331889763779
21
1.4635267716535432
0
LINE
8
BLACK
6
CONTINUOUS
10
1.6141331889763779
20
1.4635267716535432
11
1.6139397637795274
21
1.4630886614173229
0
LINE
8
BLACK
6
CONTINUOUS
10
1.6139397637795274
20
1.4630886614173229
11
1.6136404724409448
21
1.4627893700787402
0
LINE
8
BLACK
6
CONTINUOUS
10
1.6136404724409448
20
1.4627893700787402
11
1.6130677559055118
21
1.4619322440944882
0
LINE
8
BLACK
6
CONTINUOUS
10
1.6130677559055118
20
1.4619322440944882
11
1.612210590551181
21
1.4613594881889764
0
LINE
8
BLACK
6
CONTINUOUS
10
1.612210590551181
20
1.4613594881889764
11
1.6119112992125983
21
1.4610601968503936
0
LINE
8
BLACK
6
CONTINUOUS
10
1.6119112992125983
20
1.4610601968503936
11
1.6114731102362205
21
1.4608666929133858
0
LINE
8
BLACK
6
CONTINUOUS
10
1.6114731102362205
20
1.4608666929133858
11
1.6105132677165355
21
1.4602253543307087
0
LINE
8
BLACK
6
CONTINUOUS
10
1.6105132677165355
20
1.4602253543307087
11
1.6096166929133857
21
1.4600470078740158
0
LINE
8
BLACK
6
CONTINUOUS
10
1.6096166929133857
20
1.4600470078740158
11
1.6091588188976378
21
1.459844842519685
0
LINE
8
BLACK
6
CONTINUOUS
10
1.6091588188976378
20
1.459844842519685
11
1.6078185433070866
21
1.4596893307086614
0
LINE
8
BLACK
6
CONTINUOUS
10
1.6078185433070866
20
1.4596893307086614
11
1.6074999999999999
21
1.4596259842519685
0
LINE
8
BLACK
6
CONTINUOUS
10
1.6074999999999999
20
1.4596259842519685
11
1.6072724015748032
21
1.4596259842519685
0
LINE
8
BLACK
6
CONTINUOUS
10
1.6072724015748032
20
1.4596259842519685
11
1.6038500787401575
21
1.4592289370078739
0
LINE
8
BLACK
6
CONTINUOUS
10
1.6038500787401575
20
1.4592289370078739
11
1.6038506299212598
21
1.4522151181102363
0
LINE
8
BLACK
6
CONTINUOUS
10
1.6038506299212598
20
1.4522151181102363
11
1.6050684645669291
21
1.4520740157480314
0
LINE
8
BLACK
6
CONTINUOUS
10
1.6050684645669291
20
1.4520740157480314
11
1.6052999999999999
21
1.4520740157480314
0
LINE
8
BLACK
6
CONTINUOUS
10
1.6052999999999999
20
1.4520740157480314
11
1.6056229921259841
21
1.4520097637795275
0
LINE
8
BLACK
6
CONTINUOUS
10
1.6056229921259841
20
1.4520097637795275
11
1.6069591338582676
21
1.4518549606299211
0
LINE
8
BLACK
6
CONTINUOUS
10
1.6069591338582676
20
1.4518549606299211
11
1.6074164566929134
21
1.4516529921259842
0
LINE
8
BLACK
6
CONTINUOUS
10
1.6074164566929134
20
1.4516529921259842
11
1.6083132677165355
21
1.4514746456692913
0
LINE
8
BLACK
6
CONTINUOUS
10
1.6083132677165355
20
1.4514746456692913
11
1.6092732677165353
21
1.4508331496062992
0
LINE
8
BLACK
6
CONTINUOUS
10
1.6092732677165353
20
1.4508331496062992
11
1.6097112992125984
21
1.4506397637795276
0
LINE
8
BLACK
6
CONTINUOUS
10
1.6097112992125984
20
1.4506397637795276
11
1.6100104724409448
21
1.4503405511811023
0
LINE
8
BLACK
6
CONTINUOUS
10
1.6100104724409448
20
1.4503405511811023
11
1.6108677559055118
21
1.4497677559055118
0
LINE
8
BLACK
6
CONTINUOUS
10
1.6108677559055118
20
1.4497677559055118
11
1.6114405511811023
21
1.448910472440945
0
LINE
8
BLACK
6
CONTINUOUS
10
1.6114405511811023
20
1.448910472440945
11
1.6117397637795274
21
1.4486112992125983
0
LINE
8
BLACK
6
CONTINUOUS
10
1.6117397637795274
20
1.4486112992125983
11
1.6119331496062992
21
1.4481732677165353
0
LINE
8
BLACK
6
CONTINUOUS
10
1.6119331496062992
20
1.4481732677165353
11
1.6125746456692913
21
1.4472132677165355
0
LINE
8
BLACK
6
CONTINUOUS
10
1.6125746456692913
20
1.4472132677165355
11
1.6127529921259842
21
1.4463164960629922
0
LINE
8
BLACK
6
CONTINUOUS
10
1.6127529921259842
20
1.4463164960629922
11
1.6129551181102362
21
1.4458588188976378
0
LINE
8
BLACK
6
CONTINUOUS
10
1.6129551181102362
20
1.4458588188976378
11
1.6131105118110236
21
1.4445190944881889
0
LINE
8
BLACK
6
CONTINUOUS
10
1.6131105118110236
20
1.4445190944881889
11
1.6131740157480314
21
1.4441999999999999
0
LINE
8
BLACK
6
CONTINUOUS
10
1.6131740157480314
20
1.4441999999999999
11
1.6131740157480314
21
1.3457999999999999
0
LINE
8
BLACK
6
CONTINUOUS
10
1.6131740157480314
20
1.3457999999999999
11
1.6131105118110236
21
1.3454808661417323
0
LINE
8
BLACK
6
CONTINUOUS
10
1.6131105118110236
20
1.3454808661417323
11
1.6129551181102362
21
1.3441411417322835
0
LINE
8
BLACK
6
CONTINUOUS
10
1.6129551181102362
20
1.3441411417322835
11
1.6127529921259842
21
1.3436833858267716
0
LINE
8
BLACK
6
CONTINUOUS
10
1.6127529921259842
20
1.3436833858267716
11
1.6125746456692913
21
1.3427867322834646
0
LINE
8
BLACK
6
CONTINUOUS
10
1.6125746456692913
20
1.3427867322834646
11
1.6119331889763779
21
1.3418267716535432
0
LINE
8
BLACK
6
CONTINUOUS
10
1.6119331889763779
20
1.3418267716535432
11
1.6117397637795274
21
1.3413886614173227
0
LINE
8
BLACK
6
CONTINUOUS
10
1.6117397637795274
20
1.3413886614173227
11
1.6114404724409448
21
1.3410893700787401
0
LINE
8
BLACK
6
CONTINUOUS
10
1.6114404724409448
20
1.3410893700787401
11
1.6108677559055118
21
1.3402322440944883
0
LINE
8
BLACK
6
CONTINUOUS
10
1.6108677559055118
20
1.3402322440944883
11
1.610010590551181
21
1.3396594881889763
0
LINE
8
BLACK
6
CONTINUOUS
10
1.610010590551181
20
1.3396594881889763
11
1.6097112992125984
21
1.3393601968503936
0
LINE
8
BLACK
6
CONTINUOUS
10
1.6097112992125984
20
1.3393601968503936
11
1.6092731102362203
21
1.3391666929133859
0
LINE
8
BLACK
6
CONTINUOUS
10
1.6092731102362203
20
1.3391666929133859
11
1.6083132677165355
21
1.3385253543307087
0
LINE
8
BLACK
6
CONTINUOUS
10
1.6083132677165355
20
1.3385253543307087
11
1.6074166929133857
21
1.3383470078740156
0
LINE
8
BLACK
6
CONTINUOUS
10
1.6074166929133857
20
1.3383470078740156
11
1.6069588188976378
21
1.3381448425196849
0
LINE
8
BLACK
6
CONTINUOUS
10
1.6069588188976378
20
1.3381448425196849
11
1.6056186220472441
21
1.3379893307086614
0
LINE
8
BLACK
6
CONTINUOUS
10
1.6056186220472441
20
1.3379893307086614
11
1.6052999999999999
21
1.3379259842519684
0
LINE
8
BLACK
6
CONTINUOUS
10
1.6052999999999999
20
1.3379259842519684
11
1.6050723228346457
21
1.3379259842519684
0
LINE
8
BLACK
6
CONTINUOUS
10
1.6050723228346457
20
1.3379259842519684
11
1.5149277165354331
21
1.3379259842519684
0
LINE
8
BLACK
6
CONTINUOUS
10
1.5149277165354331
20
1.3379259842519684
11
1.5146999999999999
21
1.3379259842519684
0
LINE
8
BLACK
6
CONTINUOUS
10
1.5146999999999999
20
1.3379259842519684
11
1.5143813385826772
21
1.3379893307086614
0
LINE
8
BLACK
6
CONTINUOUS
10
1.5143813385826772
20
1.3379893307086614
11
1.5130411417322833
21
1.3381448425196849
0
LINE
8
BLACK
6
CONTINUOUS
10
1.5130411417322833
20
1.3381448425196849
11
1.5125832283464566
21
1.3383470078740156
0
LINE
8
BLACK
6
CONTINUOUS
10
1.5125832283464566
20
1.3383470078740156
11
1.5116867322834646
21
1.3385253543307087
0
LINE
8
BLACK
6
CONTINUOUS
10
1.5116867322834646
20
1.3385253543307087
11
1.5107269291338583
21
1.3391666535433071
0
LINE
8
BLACK
6
CONTINUOUS
10
1.5107269291338583
20
1.3391666535433071
11
1.5102886614173228
21
1.3393601968503936
0
LINE
8
BLACK
6
CONTINUOUS
10
1.5102886614173228
20
1.3393601968503936
11
1.5099892519685039
21
1.3396595669291338
0
LINE
8
BLACK
6
CONTINUOUS
10
1.5099892519685039
20
1.3396595669291338
11
1.5091322440944881
21
1.3402322440944883
0
LINE
8
BLACK
6
CONTINUOUS
10
1.5091322440944881
20
1.3402322440944883
11
1.5085595669291338
21
1.3410892519685038
0
LINE
8
BLACK
6
CONTINUOUS
10
1.5085595669291338
20
1.3410892519685038
11
1.5082601968503937
21
1.3413886614173227
0
LINE
8
BLACK
6
CONTINUOUS
10
1.5082601968503937
20
1.3413886614173227
11
1.5080666535433072
21
1.3418269291338583
0
LINE
8
BLACK
6
CONTINUOUS
10
1.5080666535433072
20
1.3418269291338583
11
1.5074253543307086
21
1.3427867322834646
0
LINE
8
BLACK
6
CONTINUOUS
10
1.5074253543307086
20
1.3427867322834646
11
1.5072470078740157
21
1.3436832283464566
0
LINE
8
BLACK
6
CONTINUOUS
10
1.5072470078740157
20
1.3436832283464566
11
1.507044842519685
21
1.3441411417322835
0
LINE
8
BLACK
6
CONTINUOUS
10
1.507044842519685
20
1.3441411417322835
11
1.5068893307086615
21
1.3454814173228347
0
LINE
8
BLACK
6
CONTINUOUS
10
1.5068893307086615
20
1.3454814173228347
11
1.5068259842519685
21
1.3457999999999999
0
LINE
8
BLACK
6
CONTINUOUS
10
1.5068259842519685
20
1.3457999999999999
11
1.5068259842519685
21
1.4441999999999999
0
LINE
8
BLACK
6
CONTINUOUS
10
1.5068259842519685
20
1.4441999999999999
11
1.50688937007874
21
1.4445187007874016
0
LINE
8
BLACK
6
CONTINUOUS
10
1.50688937007874
20
1.4445187007874016
11
1.507044842519685
21
1.4458588188976378
0
LINE
8
BLACK
6
CONTINUOUS
10
1.507044842519685
20
1.4458588188976378
11
1.5072470078740157
21
1.4463166929133857
0
LINE
8
BLACK
6
CONTINUOUS
10
1.5072470078740157
20
1.4463166929133857
11
1.5074253543307086
21
1.4472132677165355
0
LINE
8
BLACK
6
CONTINUOUS
10
1.5074253543307086
20
1.4472132677165355
11
1.5080666929133857
21
1.4481731102362205
0
LINE
8
BLACK
6
CONTINUOUS
10
1.5080666929133857
20
1.4481731102362205
11
1.5082601968503937
21
1.4486112992125983
0
LINE
8
BLACK
6
CONTINUOUS
10
1.5082601968503937
20
1.4486112992125983
11
1.5085594881889763
21
1.448910590551181
0
LINE
8
BLACK
6
CONTINUOUS
10
1.5085594881889763
20
1.448910590551181
11
1.5091322440944881
21
1.4497677559055118
0
LINE
8
BLACK
6
CONTINUOUS
10
1.5091322440944881
20
1.4497677559055118
11
1.5099893700787401
21
1.4503404724409448
0
LINE
8
BLACK
6
CONTINUOUS
10
1.5099893700787401
20
1.4503404724409448
11
1.5102886614173228
21
1.4506397637795276
0
LINE
8
BLACK
6
CONTINUOUS
10
1.5102886614173228
20
1.4506397637795276
11
1.5107267716535433
21
1.4508331889763779
0
LINE
8
BLACK
6
CONTINUOUS
10
1.5107267716535433
20
1.4508331889763779
11
1.5116867322834646
21
1.4514746456692913
0
LINE
8
BLACK
6
CONTINUOUS
10
1.5116867322834646
20
1.4514746456692913
11
1.5125833858267717
21
1.4516529921259842
0
LINE
8
BLACK
6
CONTINUOUS
10
1.5125833858267717
20
1.4516529921259842
11
1.5164885039370077
21
1.4533772834645668
0
LINE
8
BLACK
6
CONTINUOUS
10
1.5164885039370077
20
1.4533772834645668
11
1.5151703543307087
21
1.4596259842519685
0
LINE
8
BLACK
6
CONTINUOUS
10
1.5151703543307087
20
1.4596259842519685
11
1.4977277559055118
21
1.4596259842519685
0
LINE
8
BLACK
6
CONTINUOUS
10
1.4977277559055118
20
1.4596259842519685
11
1.4975000000000001
21
1.4596259842519685
0
LINE
8
BLACK
6
CONTINUOUS
10
1.4975000000000001
20
1.4596259842519685
11
1.4971812992125983
21
1.4596893700787401
0
LINE
8
BLACK
6
CONTINUOUS
10
1.4971812992125983
20
1.4596893700787401
11
1.4958411417322834
21
1.459844842519685
0
LINE
8
BLACK
6
CONTINUOUS
10
1.4958411417322834
20
1.459844842519685
11
1.4953832283464568
21
1.4600470078740158
0
LINE
8
BLACK
6
CONTINUOUS
10
1.4953832283464568
20
1.4600470078740158
11
1.4944867322834645
21
1.4602253543307087
0
LINE
8
BLACK
6
CONTINUOUS
10
1.4944867322834645
20
1.4602253543307087
11
1.4935269291338582
21
1.460866653543307
0
LINE
8
BLACK
6
CONTINUOUS
10
1.4935269291338582
20
1.460866653543307
11
1.4930886614173229
21
1.4610601968503936
0
LINE
8
BLACK
6
CONTINUOUS
10
1.4930886614173229
20
1.4610601968503936
11
1.492789251968504
21
1.4613595669291339
0
LINE
8
BLACK
6
CONTINUOUS
10
1.492789251968504
20
1.4613595669291339
11
1.4919322440944882
21
1.4619322440944882
0
LINE
8
BLACK
6
CONTINUOUS
10
1.4919322440944882
20
1.4619322440944882
11
1.4913595669291337
21
1.462789251968504
0
LINE
8
BLACK
6
CONTINUOUS
10
1.4913595669291337
20
1.462789251968504
11
1.4910601968503936
21
1.4630886614173229
0
LINE
8
BLACK
6
CONTINUOUS
10
1.4910601968503936
20
1.4630886614173229
11
1.4908666535433071
21
1.4635269291338582
0
LINE
8
BLACK
6
CONTINUOUS
10
1.4908666535433071
20
1.4635269291338582
11
1.4902253543307087
21
1.4644867322834645
0
LINE
8
BLACK
6
CONTINUOUS
10
1.4902253543307087
20
1.4644867322834645
11
1.4900470078740158
21
1.4653832283464567
0
LINE
8
BLACK
6
CONTINUOUS
10
1.4900470078740158
20
1.4653832283464567
11
1.4898448425196851
21
1.4658411417322834
0
LINE
8
BLACK
6
CONTINUOUS
10
1.4898448425196851
20
1.4658411417322834
11
1.4896893307086614
21
1.4671814173228346
0
LINE
8
BLACK
6
CONTINUOUS
10
1.4896893307086614
20
1.4671814173228346
11
1.4896259842519686
21
1.4675
0
LINE
8
BLACK
6
CONTINUOUS
10
1.4896259842519686
20
1.4675
11
1.4896259842519686
21
1.5225
0
LINE
8
BLACK
6
CONTINUOUS
10
1.4896259842519686
20
1.5225
11
1.4896893700787401
21
1.5228187007874014
0
LINE
8
BLACK
6
CONTINUOUS
10
1.4896893700787401
20
1.5228187007874014
11
1.4898448425196851
21
1.5241588188976378
0
LINE
8
BLACK
6
CONTINUOUS
10
1.4898448425196851
20
1.5241588188976378
11
1.4900470078740158
21
1.5246166929133858
0
LINE
8
BLACK
6
CONTINUOUS
10
1.4900470078740158
20
1.5246166929133858
11
1.4902253543307087
21
1.5255132677165355
0
LINE
8
BLACK
6
CONTINUOUS
10
1.4902253543307087
20
1.5255132677165355
11
1.4908666929133858
21
1.5264731102362203
0
LINE
8
BLACK
6
CONTINUOUS
10
1.4908666929133858
20
1.5264731102362203
11
1.4910601968503936
21
1.5269112992125984
0
LINE
8
BLACK
6
CONTINUOUS
10
1.4910601968503936
20
1.5269112992125984
11
1.4913594881889762
21
1.527210590551181
0
LINE
8
BLACK
6
CONTINUOUS
10
1.4913594881889762
20
1.527210590551181
11
1.4919322440944882
21
1.5280677559055118
0
LINE
8
BLACK
6
CONTINUOUS
10
1.4919322440944882
20
1.5280677559055118
11
1.49278937007874
21
1.5286404724409448
0
LINE
8
BLACK
6
CONTINUOUS
10
1.49278937007874
20
1.5286404724409448
11
1.4930886614173229
21
1.5289397637795274
0
LINE
8
BLACK
6
CONTINUOUS
10
1.4930886614173229
20
1.5289397637795274
11
1.4935267716535432
21
1.529133188976378
0
LINE
8
BLACK
6
CONTINUOUS
10
1.4935267716535432
20
1.529133188976378
11
1.4944867322834645
21
1.5297746456692913
0
LINE
8
BLACK
6
CONTINUOUS
10
1.4944867322834645
20
1.5297746456692913
11
1.4953833858267715
21
1.5299529921259842
0
LINE
8
BLACK
6
CONTINUOUS
10
1.4953833858267715
20
1.5299529921259842
11
1.4958411417322834
21
1.5301551181102362
0
LINE
8
BLACK
6
CONTINUOUS
10
1.4958411417322834
20
1.5301551181102362
11
1.4971809448818898
21
1.5303105511811024
0
LINE
8
BLACK
6
CONTINUOUS
10
1.4971809448818898
20
1.5303105511811024
11
1.4975000000000001
21
1.5303740157480314
0
LINE
8
BLACK
6
CONTINUOUS
10
1.4975000000000001
20
1.5303740157480314
11
1.5325
21
1.5303740157480314
0
LINE
8
BLACK
6
CONTINUOUS
10
1.5325
20
1.5303740157480314
11
1.5328191732283465
21
1.5303105118110236
0
LINE
8
BLACK
6
CONTINUOUS
10
0.5006191732283465
20
1.4762105118110236
11
0.5019588188976378
21
1.4760551181102362
0
LINE
8
BLACK
6
CONTINUOUS
10
0.5019588188976378
20
1.4760551181102362
11
0.5024164960629921
21
1.4758529921259842
0
LINE
8
BLACK
6
CONTINUOUS
10
0.5024164960629921
20
1.4758529921259842
11
0.5033132677165354
21
1.4756746456692913
0
LINE
8
BLACK
6
CONTINUOUS
10
0.5033132677165354
20
1.4756746456692913
11
0.5042732677165355
21
1.4750331496062992
0
LINE
8
BLACK
6
CONTINUOUS
10
0.5042732677165355
20
1.4750331496062992
11
0.5047112992125984
21
1.4748397637795276
0
LINE
8
BLACK
6
CONTINUOUS
10
0.5047112992125984
20
1.4748397637795276
11
0.5050104724409449
21
1.4745405511811023
0
LINE
8
BLACK
6
CONTINUOUS
10
0.5050104724409449
20
1.4745405511811023
11
0.5058677559055118
21
1.4739677559055118
0
LINE
8
BLACK
6
CONTINUOUS
10
0.5058677559055118
20
1.4739677559055118
11
0.5064405511811023
21
1.473110472440945
0
LINE
8
BLACK
6
CONTINUOUS
10
0.5064405511811023
20
1.473110472440945
11
0.5067397637795276
21
1.4728112992125983
0
LINE
8
BLACK
6
CONTINUOUS
10
0.5067397637795276
20
1.4728112992125983
11
0.5069331496062992
21
1.4723732677165353
0
LINE
8
BLACK
6
CONTINUOUS
10
0.5069331496062992
20
1.4723732677165353
11
0.5075746456692913
21
1.4714132677165355
0
LINE
8
BLACK
6
CONTINUOUS
10
0.5075746456692913
20
1.4714132677165355
11
0.5077529921259842
21
1.4705164960629922
0
LINE
8
BLACK
6
CONTINUOUS
10
0.5077529921259842
20
1.4705164960629922
11
0.5079551181102362
21
1.4700588188976378
0
LINE
8
BLACK
6
CONTINUOUS
10
0.5079551181102362
20
1.4700588188976378
11
0.5081105118110236
21
1.4687190944881889
0
LINE
8
BLACK
6
CONTINUOUS
10
0.5081105118110236
20
1.4687190944881889
11
0.5081740157480314
21
1.4683999999999999
0
LINE
8
BLACK
6
CONTINUOUS
10
0.5081740157480314
20
1.4683999999999999
11
0.5081740157480314
21
1.3699999999999999
0
LINE
8
BLACK
6
CONTINUOUS
10
0.5081740157480314
20
1.3699999999999999
11
0.5081105118110236
21
1.3696808661417323
0
LINE
8
BLACK
6
CONTINUOUS
10
0.5081105118110236
20
1.3696808661417323
11
0.5079551181102362
21
1.3683411417322835
0
LINE
8
BLACK
6
CONTINUOUS
10
0.5079551181102362
20
1.3683411417322835
11
0.5077529921259842
21
1.3678833858267716
0
LINE
8
BLACK
6
CONTINUOUS
10
0.5077529921259842
20
1.3678833858267716
11
0.5075746456692913
21
1.3669867322834646
0
LINE
8
BLACK
6
CONTINUOUS
10
0.5075746456692913
20
1.3669867322834646
11
0.506933188976378
21
1.3660267716535432
0
LINE
8
BLACK
6
CONTINUOUS
10
0.506933188976378
20
1.3660267716535432
11
0.5067397637795276
21
1.3655886614173227
0
LINE
8
BLACK
6
CONTINUOUS
10
0.5067397637795276
20
1.3655886614173227
11
0.5064404724409449
21
1.3652893700787401
0
LINE
8
BLACK
6
CONTINUOUS
10
0.5064404724409449
20
1.3652893700787401
11
0.5058677559055118
21
1.3644322440944883
0
LINE
8
BLACK
6
CONTINUOUS
10
0.5058677559055118
20
1.3644322440944883
11
0.5050105905511811
21
1.3638594881889763
0
LINE
8
BLACK
6
CONTINUOUS
10
0.5050105905511811
20
1.3638594881889763
11
0.5047112992125984
21
1.3635601968503936
0
LINE
8
BLACK
6
CONTINUOUS
10
0.5047112992125984
20
1.3635601968503936
11
0.5042731102362205
21
1.3633666929133859
0
LINE
8
BLACK
6
CONTINUOUS
10
0.5042731102362205
20
1.3633666929133859
11
0.5033132677165354
21
1.3627253543307087
0
LINE
8
BLACK
6
CONTINUOUS
10
0.5033132677165354
20
1.3627253543307087
11
0.5024166929133859
21
1.3625470078740156
0
LINE
8
BLACK
6
CONTINUOUS
10
0.5024166929133859
20
1.3625470078740156
11
0.5019588188976378
21
1.3623448425196849
0
LINE
8
BLACK
6
CONTINUOUS
10
0.5019588188976378
20
1.3623448425196849
11
0.5006186220472441
21
1.3621893307086614
0
LINE
8
BLACK
6
CONTINUOUS
10
0.5006186220472441
20
1.3621893307086614
11
0.5003
21
1.3621259842519684
0
LINE
8
BLACK
6
CONTINUOUS
10
0.5003
20
1.3621259842519684
11
0.5000723228346456
21
1.3621259842519684
0
LINE
8
BLACK
6
CONTINUOUS
10
0.5000723228346456
20
1.3621259842519684
11
0.4099277165354331
21
1.3621259842519684
0
LINE
8
BLACK
6
CONTINUOUS
10
0.4099277165354331
20
1.3621259842519684
11
0.4097
21
1.3621259842519684
0
LINE
8
BLACK
6
CONTINUOUS
10
0.4097
20
1.3621259842519684
11
0.4093813385826772
21
1.3621893307086614
0
LINE
8
BLACK
6
CONTINUOUS
10
0.4093813385826772
20
1.3621893307086614
11
0.4080411417322835
21
1.3623448425196849
0
LINE
8
BLACK
6
CONTINUOUS
10
0.4080411417322835
20
1.3623448425196849
11
0.4075832283464567
21
1.3625470078740156
0
LINE
8
BLACK
6
CONTINUOUS
10
0.4075832283464567
20
1.3625470078740156
11
0.4066867322834646
21
1.3627253543307087
0
LINE
8
BLACK
6
CONTINUOUS
10
0.4066867322834646
20
1.3627253543307087
11
0.4057269291338583
21
1.3633666535433071
0
LINE
8
BLACK
6
CONTINUOUS
10
0.4057269291338583
20
1.3633666535433071
11
0.4052886614173228
21
1.3635601968503936
0
LINE
8
BLACK
6
CONTINUOUS
10
0.4052886614173228
20
1.3635601968503936
11
0.4049892519685039
21
1.3638595669291338
0
LINE
8
BLACK
6
CONTINUOUS
10
0.4049892519685039
20
1.3638595669291338
11
0.4041322440944882
21
1.3644322440944883
0
LINE
8
BLACK
6
CONTINUOUS
10
0.4041322440944882
20
1.3644322440944883
11
0.4035595669291339
21
1.3652892519685038
0
LINE
8
BLACK
6
CONTINUOUS
10
0.4035595669291339
20
1.3652892519685038
11
0.4032601968503937
21
1.3655886614173227
0
LINE
8
BLACK
6
CONTINUOUS
10
0.4032601968503937
20
1.3655886614173227
11
0.4030666535433071
21
1.3660269291338583
0
LINE
8
BLACK
6
CONTINUOUS
10
0.4030666535433071
20
1.3660269291338583
11
0.4024253543307086
21
1.3669867322834646
0
LINE
8
BLACK
6
CONTINUOUS
10
0.4024253543307086
20
1.3669867322834646
11
0.4022470078740157
21
1.3678832283464566
0
LINE
8
BLACK
6
CONTINUOUS
10
0.4022470078740157
20
1.3678832283464566
11
0.402044842519685
21
1.3683411417322835
0
LINE
8
BLACK
6
CONTINUOUS
10
0.402044842519685
20
1.3683411417322835
11
0.4018893307086614
21
1.3696814173228347
0
LINE
8
BLACK
6
CONTINUOUS
10
0.4018893307086614
20
1.3696814173228347
11
0.4018259842519685
21
1.3699999999999999
0
LINE
8
BLACK
6
CONTINUOUS
10
0.4018259842519685
20
1.3699999999999999
11
0.4018259842519685
21
1.4683999999999999
0
LINE
8
BLACK
6
CONTINUOUS
10
0.4018259842519685
20
1.4683999999999999
11
0.4018893700787401
21
1.4687187007874016
0
LINE
8
BLACK
6
CONTINUOUS
10
0.4018893700787401
20
1.4687187007874016
11
0.402044842519685
21
1.4700588188976378
0
LINE
8
BLACK
6
CONTINUOUS
10
0.402044842519685
20
1.4700588188976378
11
0.4022470078740157
21
1.4705166929133857
0
LINE
8
BLACK
6
CONTINUOUS
10
0.4022470078740157
20
1.4705166929133857
11
0.4024253543307086
21
1.4714132677165355
0
LINE
8
BLACK
6
CONTINUOUS
10
0.4024253543307086
20
1.4714132677165355
11
0.4030666929133858
21
1.4723731102362205
0
LINE
8
BLACK
6
CONTINUOUS
10
0.4030666929133858
20
1.4723731102362205
11
0.4032601968503937
21
1.4728112992125983
0
LINE
8
BLACK
6
CONTINUOUS
10
0.4032601968503937
20
1.4728112992125983
11
0.4035594881889764
21
1.473110590551181
0
LINE
8
BLACK
6
CONTINUOUS
10
0.4035594881889764
20
1.473110590551181
11
0.4041322440944882
21
1.4739677559055118
0
LINE
8
BLACK
6
CONTINUOUS
10
0.4041322440944882
20
1.4739677559055118
11
0.4049893700787401
21
1.4745404724409448
0
LINE
8
BLACK
6
CONTINUOUS
10
0.4049893700787401
20
1.4745404724409448
11
0.4052886614173228
21
1.4748397637795276
0
LINE
8
BLACK
6
CONTINUOUS
10
0.4052886614173228
20
1.4748397637795276
11
0.4057267716535433
21
1.4750331889763779
0
LINE
8
BLACK
6
CONTINUOUS
10
0.4057267716535433
20
1.4750331889763779
11
0.4066867322834646
21
1.4756746456692913
0
LINE
8
BLACK
6
CONTINUOUS
10
0.4066867322834646
20
1.4756746456692913
11
0.4075833858267717
21
1.4758529921259842
0
LINE
8
BLACK
6
CONTINUOUS
10
0.4075833858267717
20
1.4758529921259842
11
0.4080411417322835
21
1.4760551181102362
0
LINE
8
BLACK
6
CONTINUOUS
10
0.4080411417322835
20
1.4760551181102362
11
0.4093809448818898
21
1.4762105511811023
0
LINE
8
BLACK
6
CONTINUOUS
10
0.4093809448818898
20
1.4762105511811023
11
0.4097
21
1.4762740157480314
0
LINE
8
BLACK
6
CONTINUOUS
10
0.4097
20
1.4762740157480314
11
0.5003
21
1.4762740157480314
0
LINE
8
BLACK
6
CONTINUOUS
10
0.5003
20
1.4762740157480314
11
0.5006191732283465
21
1.4762105118110236
0
LINE
8
BLACK
6
CONTINUOUS
10
0.6353191732283464
20
1.4928105118110235
11
0.6366588188976378
21
1.4926551181102361
0
LINE
8
BLACK
6
CONTINUOUS
10
0.6366588188976378
20
1.4926551181102361
11
0.6371164960629921
21
1.4924529921259841
0
LINE
8
BLACK
6
CONTINUOUS
10
0.6371164960629921
20
1.4924529921259841
11
0.6380132677165354
21
1.4922746456692912
0
LINE
8
BLACK
6
CONTINUOUS
10
0.6380132677165354
20
1.4922746456692912
11
0.6389732677165354
21
1.4916331496062991
0
LINE
8
BLACK
6
CONTINUOUS
10
0.6389732677165354
20
1.4916331496062991
11
0.6394112992125984
21
1.4914397637795276
0
LINE
8
BLACK
6
CONTINUOUS
10
0.6394112992125984
20
1.4914397637795276
11
0.6397104724409449
21
1.4911405511811022
0
LINE
8
BLACK
6
CONTINUOUS
10
0.6397104724409449
20
1.4911405511811022
11
0.6405677559055118
21
1.4905677559055117
0
LINE
8
BLACK
6
CONTINUOUS
10
0.6405677559055118
20
1.4905677559055117
11
0.6411405511811024
21
1.4897104724409449
0
LINE
8
BLACK
6
CONTINUOUS
10
0.6411405511811024
20
1.4897104724409449
11
0.6414397637795275
21
1.4894112992125983
0
LINE
8
BLACK
6
CONTINUOUS
10
0.6414397637795275
20
1.4894112992125983
11
0.6416331496062992
21
1.4889732677165355
0
LINE
8
BLACK
6
CONTINUOUS
10
0.6416331496062992
20
1.4889732677165355
11
0.6422746456692914
21
1.4880132677165354
0
LINE
8
BLACK
6
CONTINUOUS
10
0.6422746456692914
20
1.4880132677165354
11
0.6424529921259843
21
1.4871164960629921
0
LINE
8
BLACK
6
CONTINUOUS
10
0.6424529921259843
20
1.4871164960629921
11
0.6426551181102362
21
1.4866588188976377
0
LINE
8
BLACK
6
CONTINUOUS
10
0.6426551181102362
20
1.4866588188976377
11
0.6428105118110236
21
1.4853190944881889
0
LINE
8
BLACK
6
CONTINUOUS
10
0.6428105118110236
20
1.4853190944881889
11
0.6428740157480315
21
1.4849999999999999
0
LINE
8
BLACK
6
CONTINUOUS
10
0.6428740157480315
20
1.4849999999999999
11
0.6428740157480315
21
1.425
0
LINE
8
BLACK
6
CONTINUOUS
10
0.6428740157480315
20
1.425
11
0.6428105118110236
21
1.4246808661417323
0
LINE
8
BLACK
6
CONTINUOUS
10
0.6428105118110236
20
1.4246808661417323
11
0.6426551181102362
21
1.4233411417322834
0
LINE
8
BLACK
6
CONTINUOUS
10
0.6426551181102362
20
1.4233411417322834
11
0.6424529921259843
21
1.4228833858267715
0
LINE
8
BLACK
6
CONTINUOUS
10
0.6424529921259843
20
1.4228833858267715
11
0.6422746456692914
21
1.4219867322834645
0
LINE
8
BLACK
6
CONTINUOUS
10
0.6422746456692914
20
1.4219867322834645
11
0.6416331889763779
21
1.4210267716535432
0
LINE
8
BLACK
6
CONTINUOUS
10
0.6416331889763779
20
1.4210267716535432
11
0.6414397637795275
21
1.4205886614173229
0
LINE
8
BLACK
6
CONTINUOUS
10
0.6414397637795275
20
1.4205886614173229
11
0.6411404724409449
21
1.4202893700787402
0
LINE
8
BLACK
6
CONTINUOUS
10
0.6411404724409449
20
1.4202893700787402
11
0.6405677559055118
21
1.4194322440944882
0
LINE
8
BLACK
6
CONTINUOUS
10
0.6405677559055118
20
1.4194322440944882
11
0.6397105905511811
21
1.4188594881889764
0
LINE
8
BLACK
6
CONTINUOUS
10
0.6397105905511811
20
1.4188594881889764
11
0.6394112992125984
21
1.4185601968503936
0
LINE
8
BLACK
6
CONTINUOUS
10
0.6394112992125984
20
1.4185601968503936
11
0.6389731102362205
21
1.4183666929133858
0
LINE
8
BLACK
6
CONTINUOUS
10
0.6389731102362205
20
1.4183666929133858
11
0.6380132677165354
21
1.4177253543307087
0
LINE
8
BLACK
6
CONTINUOUS
10
0.6380132677165354
20
1.4177253543307087
11
0.6371166929133858
21
1.4175470078740158
0
LINE
8
BLACK
6
CONTINUOUS
10
0.6371166929133858
20
1.4175470078740158
11
0.6366588188976378
21
1.4173448425196851
0
LINE
8
BLACK
6
CONTINUOUS
10
0.6366588188976378
20
1.4173448425196851
11
0.6353186220472441
21
1.4171893307086614
0
LINE
8
BLACK
6
CONTINUOUS
10
0.6353186220472441
20
1.4171893307086614
11
0.635
21
1.4171259842519686
0
LINE
8
BLACK
6
CONTINUOUS
10
0.635
20
1.4171259842519686
11
0.6347723228346457
21
1.4171259842519686
0
LINE
8
BLACK
6
CONTINUOUS
10
0.6347723228346457
20
1.4171259842519686
11
0.575227716535433
21
1.4171259842519686
0
LINE
8
BLACK
6
CONTINUOUS
10
0.575227716535433
20
1.4171259842519686
11
0.575
21
1.4171259842519686
0
LINE
8
BLACK
6
CONTINUOUS
10
0.575
20
1.4171259842519686
11
0.5746813385826771
21
1.4171893307086614
0
LINE
8
BLACK
6
CONTINUOUS
10
0.5746813385826771
20
1.4171893307086614
11
0.5733411417322835
21
1.4173448425196851
0
LINE
8
BLACK
6
CONTINUOUS
10
0.5733411417322835
20
1.4173448425196851
11
0.5728832283464567
21
1.4175470078740158
0
LINE
8
BLACK
6
CONTINUOUS
10
0.5728832283464567
20
1.4175470078740158
11
0.5719867322834645
21
1.4177253543307087
0
LINE
8
BLACK
6
CONTINUOUS
10
0.5719867322834645
20
1.4177253543307087
11
0.5710269291338582
21
1.418366653543307
0
LINE
8
BLACK
6
CONTINUOUS
10
0.5710269291338582
20
1.418366653543307
11
0.5705886614173228
21
1.4185601968503936
0
LINE
8
BLACK
6
CONTINUOUS
10
0.5705886614173228
20
1.4185601968503936
11
0.5702892519685039
21
1.4188595669291337
0
LINE
8
BLACK
6
CONTINUOUS
10
0.5702892519685039
20
1.4188595669291337
11
0.5694322440944882
21
1.4194322440944882
0
LINE
8
BLACK
6
CONTINUOUS
10
0.5694322440944882
20
1.4194322440944882
11
0.5688595669291339
21
1.420289251968504
0
LINE
8
BLACK
6
CONTINUOUS
10
0.5688595669291339
20
1.420289251968504
11
0.5685601968503937
21
1.4205886614173229
0
LINE
8
BLACK
6
CONTINUOUS
10
0.5685601968503937
20
1.4205886614173229
11
0.5683666535433071
21
1.4210269291338582
0
LINE
8
BLACK
6
CONTINUOUS
10
0.5683666535433071
20
1.4210269291338582
11
0.5677253543307087
21
1.4219867322834645
0
LINE
8
BLACK
6
CONTINUOUS
10
0.5677253543307087
20
1.4219867322834645
11
0.5675470078740157
21
1.4228832283464568
0
LINE
8
BLACK
6
CONTINUOUS
10
0.5675470078740157
20
1.4228832283464568
11
0.567344842519685
21
1.4233411417322834
0
LINE
8
BLACK
6
CONTINUOUS
10
0.567344842519685
20
1.4233411417322834
11
0.5671893307086614
21
1.4246814173228346
0
LINE
8
BLACK
6
CONTINUOUS
10
0.5671893307086614
20
1.4246814173228346
11
0.5671259842519685
21
1.425
0
LINE
8
BLACK
6
CONTINUOUS
10
0.5671259842519685
20
1.425
11
0.5671259842519685
21
1.4849999999999999
0
LINE
8
BLACK
6
CONTINUOUS
10
0.5671259842519685
20
1.4849999999999999
11
0.5671893700787402
21
1.4853187007874016
0
LINE
8
BLACK
6
CONTINUOUS
10
0.5671893700787402
20
1.4853187007874016
11
0.567344842519685
21
1.4866588188976377
0
LINE
8
BLACK
6
CONTINUOUS
10
0.567344842519685
20
1.4866588188976377
11
0.5675470078740157
21
1.4871166929133859
0
LINE
8
BLACK
6
CONTINUOUS
10
0.5675470078740157
20
1.4871166929133859
11
0.5677253543307087
21
1.4880132677165354
0
LINE
8
BLACK
6
CONTINUOUS
10
0.5677253543307087
20
1.4880132677165354
11
0.5683666929133858
21
1.4889731102362205
0
LINE
8
BLACK
6
CONTINUOUS
10
0.5683666929133858
20
1.4889731102362205
11
0.5685601968503937
21
1.4894112992125983
0
LINE
8
BLACK
6
CONTINUOUS
10
0.5685601968503937
20
1.4894112992125983
11
0.5688594881889764
21
1.4897105905511812
0
LINE
8
BLACK
6
CONTINUOUS
10
0.5688594881889764
20
1.4897105905511812
11
0.5694322440944882
21
1.4905677559055117
0
LINE
8
BLACK
6
CONTINUOUS
10
0.5694322440944882
20
1.4905677559055117
11
0.5702893700787401
21
1.4911404724409449
0
LINE
8
BLACK
6
CONTINUOUS
10
0.5702893700787401
20
1.4911404724409449
11
0.5705886614173228
21
1.4914397637795276
0
LINE
8
BLACK
6
CONTINUOUS
10
0.5705886614173228
20
1.4914397637795276
11
0.5710267716535433
21
1.4916331889763779
0
LINE
8
BLACK
6
CONTINUOUS
10
0.5710267716535433
20
1.4916331889763779
11
0.5719867322834645
21
1.4922746456692912
0
LINE
8
BLACK
6
CONTINUOUS
10
0.5719867322834645
20
1.4922746456692912
11
0.5728833858267717
21
1.4924529921259841
0
LINE
8
BLACK
6
CONTINUOUS
10
0.5728833858267717
20
1.4924529921259841
11
0.5733411417322835
21
1.4926551181102361
0
LINE
8
BLACK
6
CONTINUOUS
10
0.5733411417322835
20
1.4926551181102361
11
0.5746809448818897
21
1.4928105511811023
0
LINE
8
BLACK
6
CONTINUOUS
10
0.5746809448818897
20
1.4928105511811023
11
0.575
21
1.4928740157480314
0
LINE
8
BLACK
6
CONTINUOUS
10
0.575
20
1.4928740157480314
11
0.635
21
1.4928740157480314
0
LINE
8
BLACK
6
CONTINUOUS
10
0.635
20
1.4928740157480314
11
0.6353191732283464
21
1.4928105118110235
0
LINE
8
BLACK
6
CONTINUOUS
10
0.7403191732283464
20
1.4928105118110235
11
0.7416588188976377
21
1.4926551181102361
0
LINE
8
BLACK
6
CONTINUOUS
10
0.7416588188976377
20
1.4926551181102361
11
0.7421164960629921
21
1.4924529921259841
0
LINE
8
BLACK
6
CONTINUOUS
10
0.7421164960629921
20
1.4924529921259841
11
0.7430132677165354
21
1.4922746456692912
0
LINE
8
BLACK
6
CONTINUOUS
10
0.7430132677165354
20
1.4922746456692912
11
0.7439732677165354
21
1.4916331496062991
0
LINE
8
BLACK
6
CONTINUOUS
10
0.7439732677165354
20
1.4916331496062991
11
0.7444112992125984
21
1.4914397637795276
0
LINE
8
BLACK
6
CONTINUOUS
10
0.7444112992125984
20
1.4914397637795276
11
0.7447104724409449
21
1.4911405511811022
0
LINE
8
BLACK
6
CONTINUOUS
10
0.7447104724409449
20
1.4911405511811022
11
0.7455677559055118
21
1.4905677559055117
0
LINE
8
BLACK
6
CONTINUOUS
10
0.7455677559055118
20
1.4905677559055117
11
0.7461405511811023
21
1.4897104724409449
0
LINE
8
BLACK
6
CONTINUOUS
10
0.7461405511811023
20
1.4897104724409449
11
0.7464397637795276
21
1.4894112992125983
0
LINE
8
BLACK
6
CONTINUOUS
10
0.7464397637795276
20
1.4894112992125983
11
0.7466331496062992
21
1.4889732677165355
0
LINE
8
BLACK
6
CONTINUOUS
10
0.7466331496062992
20
1.4889732677165355
11
0.7472746456692914
21
1.4880132677165354
0
LINE
8
BLACK
6
CONTINUOUS
10
0.7472746456692914
20
1.4880132677165354
11
0.7474529921259843
21
1.4871164960629921
0
LINE
8
BLACK
6
CONTINUOUS
10
0.7474529921259843
20
1.4871164960629921
11
0.7476551181102362
21
1.4866588188976377
0
LINE
8
BLACK
6
CONTINUOUS
10
0.7476551181102362
20
1.4866588188976377
11
0.7478105118110236
21
1.4853190944881889
0
LINE
8
BLACK
6
CONTINUOUS
10
0.7478105118110236
20
1.4853190944881889
11
0.7478740157480315
21
1.4849999999999999
0
LINE
8
BLACK
6
CONTINUOUS
10
0.7478740157480315
20
1.4849999999999999
11
0.7478740157480315
21
1.425
0
LINE
8
BLACK
6
CONTINUOUS
10
0.7478740157480315
20
1.425
11
0.7478105118110236
21
1.4246808661417323
0
LINE
8
BLACK
6
CONTINUOUS
10
0.7478105118110236
20
1.4246808661417323
11
0.7476551181102362
21
1.4233411417322834
0
LINE
8
BLACK
6
CONTINUOUS
10
0.7476551181102362
20
1.4233411417322834
11
0.7474529921259843
21
1.4228833858267715
0
LINE
8
BLACK
6
CONTINUOUS
10
0.7474529921259843
20
1.4228833858267715
11
0.7472746456692914
21
1.4219867322834645
0
LINE
8
BLACK
6
CONTINUOUS
10
0.7472746456692914
20
1.4219867322834645
11
0.746633188976378
21
1.4210267716535432
0
LINE
8
BLACK
6
CONTINUOUS
10
0.746633188976378
20
1.4210267716535432
11
0.7464397637795276
21
1.4205886614173229
0
LINE
8
BLACK
6
CONTINUOUS
10
0.7464397637795276
20
1.4205886614173229
11
0.7461404724409448
21
1.4202893700787402
0
LINE
8
BLACK
6
CONTINUOUS
10
0.7461404724409448
20
1.4202893700787402
11
0.7455677559055118
21
1.4194322440944882
0
LINE
8
BLACK
6
CONTINUOUS
10
0.7455677559055118
20
1.4194322440944882
11
0.7447105905511811
21
1.4188594881889764
0
LINE
8
BLACK
6
CONTINUOUS
10
0.7447105905511811
20
1.4188594881889764
11
0.7444112992125984
21
1.4185601968503936
0
LINE
8
BLACK
6
CONTINUOUS
10
0.7444112992125984
20
1.4185601968503936
11
0.7439731102362205
21
1.4183666929133858
0
LINE
8
BLACK
6
CONTINUOUS
10
0.7439731102362205
20
1.4183666929133858
11
0.7430132677165354
21
1.4177253543307087
0
LINE
8
BLACK
6
CONTINUOUS
10
0.7430132677165354
20
1.4177253543307087
11
0.7421166929133858
21
1.4175470078740158
0
LINE
8
BLACK
6
CONTINUOUS
10
0.7421166929133858
20
1.4175470078740158
11
0.7416588188976377
21
1.4173448425196851
0
LINE
8
BLACK
6
CONTINUOUS
10
0.7416588188976377
20
1.4173448425196851
11
0.7403186220472441
21
1.4171893307086614
0
LINE
8
BLACK
6
CONTINUOUS
10
0.7403186220472441
20
1.4171893307086614
11
0.74
21
1.4171259842519686
0
LINE
8
BLACK
6
CONTINUOUS
10
0.74
20
1.4171259842519686
11
0.7397723228346457
21
1.4171259842519686
0
LINE
8
BLACK
6
CONTINUOUS
10
0.7397723228346457
20
1.4171259842519686
11
0.680227716535433
21
1.4171259842519686
0
LINE
8
BLACK
6
CONTINUOUS
10
0.680227716535433
20
1.4171259842519686
11
0.6799999999999999
21
1.4171259842519686
0
LINE
8
BLACK
6
CONTINUOUS
10
0.6799999999999999
20
1.4171259842519686
11
0.6796813385826771
21
1.4171893307086614
0
LINE
8
BLACK
6
CONTINUOUS
10
0.6796813385826771
20
1.4171893307086614
11
0.6783411417322834
21
1.4173448425196851
0
LINE
8
BLACK
6
CONTINUOUS
10
0.6783411417322834
20
1.4173448425196851
11
0.6778832283464566
21
1.4175470078740158
0
LINE
8
BLACK
6
CONTINUOUS
10
0.6778832283464566
20
1.4175470078740158
11
0.6769867322834645
21
1.4177253543307087
0
LINE
8
BLACK
6
CONTINUOUS
10
0.6769867322834645
20
1.4177253543307087
11
0.6760269291338582
21
1.418366653543307
0
LINE
8
BLACK
6
CONTINUOUS
10
0.6760269291338582
20
1.418366653543307
11
0.6755886614173228
21
1.4185601968503936
0
LINE
8
BLACK
6
CONTINUOUS
10
0.6755886614173228
20
1.4185601968503936
11
0.6752892519685039
21
1.4188595669291337
0
LINE
8
BLACK
6
CONTINUOUS
10
0.6752892519685039
20
1.4188595669291337
11
0.6744322440944882
21
1.4194322440944882
0
LINE
8
BLACK
6
CONTINUOUS
10
0.6744322440944882
20
1.4194322440944882
11
0.6738595669291338
21
1.420289251968504
0
LINE
8
BLACK
6
CONTINUOUS
10
0.6738595669291338
20
1.420289251968504
11
0.6735601968503937
21
1.4205886614173229
0
LINE
8
BLACK
6
CONTINUOUS
10
0.6735601968503937
20
1.4205886614173229
11
0.673366653543307
21
1.4210269291338582
0
LINE
8
BLACK
6
CONTINUOUS
10
0.673366653543307
20
1.4210269291338582
11
0.6727253543307087
21
1.4219867322834645
0
LINE
8
BLACK
6
CONTINUOUS
10
0.6727253543307087
20
1.4219867322834645
11
0.6725470078740158
21
1.4228832283464568
0
LINE
8
BLACK
6
CONTINUOUS
10
0.6725470078740158
20
1.4228832283464568
11
0.6723448425196851
21
1.4233411417322834
0
LINE
8
BLACK
6
CONTINUOUS
10
0.6723448425196851
20
1.4233411417322834
11
0.6721893307086614
21
1.4246814173228346
0
LINE
8
BLACK
6
CONTINUOUS
10
0.6721893307086614
20
1.4246814173228346
11
0.6721259842519685
21
1.425
0
LINE
8
BLACK
6
CONTINUOUS
10
0.6721259842519685
20
1.425
11
0.6721259842519685
21
1.4849999999999999
0
LINE
8
BLACK
6
CONTINUOUS
10
0.6721259842519685
20
1.4849999999999999
11
0.6721893700787401
21
1.4853187007874016
0
LINE
8
BLACK
6
CONTINUOUS
10
0.6721893700787401
20
1.4853187007874016
11
0.6723448425196851
21
1.4866588188976377
0
LINE
8
BLACK
6
CONTINUOUS
10
0.6723448425196851
20
1.4866588188976377
11
0.6725470078740158
21
1.4871166929133859
0
LINE
8
BLACK
6
CONTINUOUS
10
0.6725470078740158
20
1.4871166929133859
11
0.6727253543307087
21
1.4880132677165354
0
LINE
8
BLACK
6
CONTINUOUS
10
0.6727253543307087
20
1.4880132677165354
11
0.6733666929133858
21
1.4889731102362205
0
LINE
8
BLACK
6
CONTINUOUS
10
0.6733666929133858
20
1.4889731102362205
11
0.6735601968503937
21
1.4894112992125983
0
LINE
8
BLACK
6
CONTINUOUS
10
0.6735601968503937
20
1.4894112992125983
11
0.6738594881889763
21
1.4897105905511812
0
LINE
8
BLACK
6
CONTINUOUS
10
0.6738594881889763
20
1.4897105905511812
11
0.6744322440944882
21
1.4905677559055117
0
LINE
8
BLACK
6
CONTINUOUS
10
0.6744322440944882
20
1.4905677559055117
11
0.6752893700787401
21
1.4911404724409449
0
LINE
8
BLACK
6
CONTINUOUS
10
0.6752893700787401
20
1.4911404724409449
11
0.6755886614173228
21
1.4914397637795276
0
LINE
8
BLACK
6
CONTINUOUS
10
0.6755886614173228
20
1.4914397637795276
11
0.6760267716535433
21
1.4916331889763779
0
LINE
8
BLACK
6
CONTINUOUS
10
0.6760267716535433
20
1.4916331889763779
11
0.6769867322834645
21
1.4922746456692912
0
LINE
8
BLACK
6
CONTINUOUS
10
0.6769867322834645
20
1.4922746456692912
11
0.6778833858267717
21
1.4924529921259841
0
LINE
8
BLACK
6
CONTINUOUS
10
0.6778833858267717
20
1.4924529921259841
11
0.6783411417322834
21
1.4926551181102361
0
LINE
8
BLACK
6
CONTINUOUS
10
0.6783411417322834
20
1.4926551181102361
11
0.6796809448818898
21
1.4928105511811023
0
LINE
8
BLACK
6
CONTINUOUS
10
0.6796809448818898
20
1.4928105511811023
11
0.6799999999999999
21
1.4928740157480314
0
LINE
8
BLACK
6
CONTINUOUS
10
0.6799999999999999
20
1.4928740157480314
11
0.74
21
1.4928740157480314
0
LINE
8
BLACK
6
CONTINUOUS
10
0.74
20
1.4928740157480314
11
0.7403191732283464
21
1.4928105118110235
0
LINE
8
BLACK
6
CONTINUOUS
10
0.8403191732283465
20
1.4928105118110235
11
0.8416588188976378
21
1.4926551181102361
0
LINE
8
BLACK
6
CONTINUOUS
10
0.8416588188976378
20
1.4926551181102361
11
0.8421164960629921
21
1.4924529921259841
0
LINE
8
BLACK
6
CONTINUOUS
10
0.8421164960629921
20
1.4924529921259841
11
0.8430132677165354
21
1.4922746456692912
0
LINE
8
BLACK
6
CONTINUOUS
10
0.8430132677165354
20
1.4922746456692912
11
0.8439732677165355
21
1.4916331496062991
0
LINE
8
BLACK
6
CONTINUOUS
10
0.8439732677165355
20
1.4916331496062991
11
0.8444112992125984
21
1.4914397637795276
0
LINE
8
BLACK
6
CONTINUOUS
10
0.8444112992125984
20
1.4914397637795276
11
0.8447104724409449
21
1.4911405511811022
0
LINE
8
BLACK
6
CONTINUOUS
10
0.8447104724409449
20
1.4911405511811022
11
0.8455677559055118
21
1.4905677559055117
0
LINE
8
BLACK
6
CONTINUOUS
10
0.8455677559055118
20
1.4905677559055117
11
0.8461405511811023
21
1.4897104724409449
0
LINE
8
BLACK
6
CONTINUOUS
10
0.8461405511811023
20
1.4897104724409449
11
0.8464397637795276
21
1.4894112992125983
0
LINE
8
BLACK
6
CONTINUOUS
10
0.8464397637795276
20
1.4894112992125983
11
0.8466331496062992
21
1.4889732677165355
0
LINE
8
BLACK
6
CONTINUOUS
10
0.8466331496062992
20
1.4889732677165355
11
0.8472746456692913
21
1.4880132677165354
0
LINE
8
BLACK
6
CONTINUOUS
10
0.8472746456692913
20
1.4880132677165354
11
0.8474529921259842
21
1.4871164960629921
0
LINE
8
BLACK
6
CONTINUOUS
10
0.8474529921259842
20
1.4871164960629921
11
0.8476551181102362
21
1.4866588188976377
0
LINE
8
BLACK
6
CONTINUOUS
10
0.8476551181102362
20
1.4866588188976377
11
0.8478105118110236
21
1.4853190944881889
0
LINE
8
BLACK
6
CONTINUOUS
10
0.8478105118110236
20
1.4853190944881889
11
0.8478740157480315
21
1.4849999999999999
0
LINE
8
BLACK
6
CONTINUOUS
10
0.8478740157480315
20
1.4849999999999999
11
0.8478740157480315
21
1.425
0
LINE
8
BLACK
6
CONTINUOUS
10
0.8478740157480315
20
1.425
11
0.8478105118110236
21
1.4246808661417323
0
LINE
8
BLACK
6
CONTINUOUS
10
0.8478105118110236
20
1.4246808661417323
11
0.8476551181102362
21
1.4233411417322834
0
LINE
8
BLACK
6
CONTINUOUS
10
0.8476551181102362
20
1.4233411417322834
11
0.8474529921259842
21
1.4228833858267715
0
LINE
8
BLACK
6
CONTINUOUS
10
0.8474529921259842
20
1.4228833858267715
11
0.8472746456692913
21
1.4219867322834645
0
LINE
8
BLACK
6
CONTINUOUS
10
0.8472746456692913
20
1.4219867322834645
11
0.846633188976378
21
1.4210267716535432
0
LINE
8
BLACK
6
CONTINUOUS
10
0.846633188976378
20
1.4210267716535432
11
0.8464397637795276
21
1.4205886614173229
0
LINE
8
BLACK
6
CONTINUOUS
10
0.8464397637795276
20
1.4205886614173229
11
0.8461404724409448
21
1.4202893700787402
0
LINE
8
BLACK
6
CONTINUOUS
10
0.8461404724409448
20
1.4202893700787402
11
0.8455677559055118
21
1.4194322440944882
0
LINE
8
BLACK
6
CONTINUOUS
10
0.8455677559055118
20
1.4194322440944882
11
0.844710590551181
21
1.4188594881889764
0
LINE
8
BLACK
6
CONTINUOUS
10
0.844710590551181
20
1.4188594881889764
11
0.8444112992125984
21
1.4185601968503936
0
LINE
8
BLACK
6
CONTINUOUS
10
0.8444112992125984
20
1.4185601968503936
11
0.8439731102362205
21
1.4183666929133858
0
LINE
8
BLACK
6
CONTINUOUS
10
0.8439731102362205
20
1.4183666929133858
11
0.8430132677165354
21
1.4177253543307087
0
LINE
8
BLACK
6
CONTINUOUS
10
0.8430132677165354
20
1.4177253543307087
11
0.8421166929133858
21
1.4175470078740158
0
LINE
8
BLACK
6
CONTINUOUS
10
0.8421166929133858
20
1.4175470078740158
11
0.8416588188976378
21
1.4173448425196851
0
LINE
8
BLACK
6
CONTINUOUS
10
0.8416588188976378
20
1.4173448425196851
11
0.8403186220472441
21
1.4171893307086614
0
LINE
8
BLACK
6
CONTINUOUS
10
0.8403186220472441
20
1.4171893307086614
11
0.84
21
1.4171259842519686
0
LINE
8
BLACK
6
CONTINUOUS
10
0.84
20
1.4171259842519686
11
0.8397723228346456
21
1.4171259842519686
0
LINE
8
BLACK
6
CONTINUOUS
10
0.8397723228346456
20
1.4171259842519686
11
0.7802277165354331
21
1.4171259842519686
0
LINE
8
BLACK
6
CONTINUOUS
10
0.7802277165354331
20
1.4171259842519686
11
0.78
21
1.4171259842519686
0
LINE
8
BLACK
6
CONTINUOUS
10
0.78
20
1.4171259842519686
11
0.7796813385826772
21
1.4171893307086614
0
LINE
8
BLACK
6
CONTINUOUS
10
0.7796813385826772
20
1.4171893307086614
11
0.7783411417322834
21
1.4173448425196851
0
LINE
8
BLACK
6
CONTINUOUS
10
0.7783411417322834
20
1.4173448425196851
11
0.7778832283464566
21
1.4175470078740158
0
LINE
8
BLACK
6
CONTINUOUS
10
0.7778832283464566
20
1.4175470078740158
11
0.7769867322834646
21
1.4177253543307087
0
LINE
8
BLACK
6
CONTINUOUS
10
0.7769867322834646
20
1.4177253543307087
11
0.7760269291338583
21
1.418366653543307
0
LINE
8
BLACK
6
CONTINUOUS
10
0.7760269291338583
20
1.418366653543307
11
0.7755886614173229
21
1.4185601968503936
0
LINE
8
BLACK
6
CONTINUOUS
10
0.7755886614173229
20
1.4185601968503936
11
0.775289251968504
21
1.4188595669291337
0
LINE
8
BLACK
6
CONTINUOUS
10
0.775289251968504
20
1.4188595669291337
11
0.7744322440944882
21
1.4194322440944882
0
LINE
8
BLACK
6
CONTINUOUS
10
0.7744322440944882
20
1.4194322440944882
11
0.7738595669291338
21
1.420289251968504
0
LINE
8
BLACK
6
CONTINUOUS
10
0.7738595669291338
20
1.420289251968504
11
0.7735601968503937
21
1.4205886614173229
0
LINE
8
BLACK
6
CONTINUOUS
10
0.7735601968503937
20
1.4205886614173229
11
0.773366653543307
21
1.4210269291338582
0
LINE
8
BLACK
6
CONTINUOUS
10
0.773366653543307
20
1.4210269291338582
11
0.7727253543307087
21
1.4219867322834645
0
LINE
8
BLACK
6
CONTINUOUS
10
0.7727253543307087
20
1.4219867322834645
11
0.7725470078740158
21
1.4228832283464568
0
LINE
8
BLACK
6
CONTINUOUS
10
0.7725470078740158
20
1.4228832283464568
11
0.772344842519685
21
1.4233411417322834
0
LINE
8
BLACK
6
CONTINUOUS
10
0.772344842519685
20
1.4233411417322834
11
0.7721893307086614
21
1.4246814173228346
0
LINE
8
BLACK
6
CONTINUOUS
10
0.7721893307086614
20
1.4246814173228346
11
0.7721259842519684
21
1.425
0
LINE
8
BLACK
6
CONTINUOUS
10
0.7721259842519684
20
1.425
11
0.7721259842519684
21
1.4849999999999999
0
LINE
8
BLACK
6
CONTINUOUS
10
0.7721259842519684
20
1.4849999999999999
11
0.7721893700787401
21
1.4853187007874016
0
LINE
8
BLACK
6
CONTINUOUS
10
0.7721893700787401
20
1.4853187007874016
11
0.772344842519685
21
1.4866588188976377
0
LINE
8
BLACK
6
CONTINUOUS
10
0.772344842519685
20
1.4866588188976377
11
0.7725470078740158
21
1.4871166929133859
0
LINE
8
BLACK
6
CONTINUOUS
10
0.7725470078740158
20
1.4871166929133859
11
0.7727253543307087
21
1.4880132677165354
0
LINE
8
BLACK
6
CONTINUOUS
10
0.7727253543307087
20
1.4880132677165354
11
0.7733666929133858
21
1.4889731102362205
0
LINE
8
BLACK
6
CONTINUOUS
10
0.7733666929133858
20
1.4889731102362205
11
0.7735601968503937
21
1.4894112992125983
0
LINE
8
BLACK
6
CONTINUOUS
10
0.7735601968503937
20
1.4894112992125983
11
0.7738594881889763
21
1.4897105905511812
0
LINE
8
BLACK
6
CONTINUOUS
10
0.7738594881889763
20
1.4897105905511812
11
0.7744322440944882
21
1.4905677559055117
0
LINE
8
BLACK
6
CONTINUOUS
10
0.7744322440944882
20
1.4905677559055117
11
0.7752893700787401
21
1.4911404724409449
0
LINE
8
BLACK
6
CONTINUOUS
10
0.7752893700787401
20
1.4911404724409449
11
0.7755886614173229
21
1.4914397637795276
0
LINE
8
BLACK
6
CONTINUOUS
10
0.7755886614173229
20
1.4914397637795276
11
0.7760267716535433
21
1.4916331889763779
0
LINE
8
BLACK
6
CONTINUOUS
10
0.7760267716535433
20
1.4916331889763779
11
0.7769867322834646
21
1.4922746456692912
0
LINE
8
BLACK
6
CONTINUOUS
10
0.7769867322834646
20
1.4922746456692912
11
0.7778833858267716
21
1.4924529921259841
0
LINE
8
BLACK
6
CONTINUOUS
10
0.7778833858267716
20
1.4924529921259841
11
0.7783411417322834
21
1.4926551181102361
0
LINE
8
BLACK
6
CONTINUOUS
10
0.7783411417322834
20
1.4926551181102361
11
0.7796809448818898
21
1.4928105511811023
0
LINE
8
BLACK
6
CONTINUOUS
10
0.7796809448818898
20
1.4928105511811023
11
0.78
21
1.4928740157480314
0
LINE
8
BLACK
6
CONTINUOUS
10
0.78
20
1.4928740157480314
11
0.84
21
1.4928740157480314
0
LINE
8
BLACK
6
CONTINUOUS
10
0.84
20
1.4928740157480314
11
0.8403191732283465
21
1.4928105118110235
0
LINE
8
BLACK
6
CONTINUOUS
10
0.9403191732283465
20
1.4928105118110235
11
0.9416588188976378
21
1.4926551181102361
0
LINE
8
BLACK
6
CONTINUOUS
10
0.9416588188976378
20
1.4926551181102361
11
0.9421164960629921
21
1.4924529921259841
0
LINE
8
BLACK
6
CONTINUOUS
10
0.9421164960629921
20
1.4924529921259841
11
0.9430132677165354
21
1.4922746456692912
0
LINE
8
BLACK
6
CONTINUOUS
10
0.9430132677165354
20
1.4922746456692912
11
0.9439732677165354
21
1.4916331496062991
0
LINE
8
BLACK
6
CONTINUOUS
10
0.9439732677165354
20
1.4916331496062991
11
0.9444112992125984
21
1.4914397637795276
0
LINE
8
BLACK
6
CONTINUOUS
10
0.9444112992125984
20
1.4914397637795276
11
0.9447104724409449
21
1.4911405511811022
0
LINE
8
BLACK
6
CONTINUOUS
10
0.9447104724409449
20
1.4911405511811022
11
0.9455677559055118
21
1.4905677559055117
0
LINE
8
BLACK
6
CONTINUOUS
10
0.9455677559055118
20
1.4905677559055117
11
0.9461405511811023
21
1.4897104724409449
0
LINE
8
BLACK
6
CONTINUOUS
10
0.9461405511811023
20
1.4897104724409449
11
0.9464397637795275
21
1.4894112992125983
0
LINE
8
BLACK
6
CONTINUOUS
10
0.9464397637795275
20
1.4894112992125983
11
0.9466331496062992
21
1.4889732677165355
0
LINE
8
BLACK
6
CONTINUOUS
10
0.9466331496062992
20
1.4889732677165355
11
0.9472746456692913
21
1.4880132677165354
0
LINE
8
BLACK
6
CONTINUOUS
10
0.9472746456692913
20
1.4880132677165354
11
0.9474529921259842
21
1.4871164960629921
0
LINE
8
BLACK
6
CONTINUOUS
10
0.9474529921259842
20
1.4871164960629921
11
0.9476551181102362
21
1.4866588188976377
0
LINE
8
BLACK
6
CONTINUOUS
10
0.9476551181102362
20
1.4866588188976377
11
0.9478105118110236
21
1.4853190944881889
0
LINE
8
BLACK
6
CONTINUOUS
10
0.9478105118110236
20
1.4853190944881889
11
0.9478740157480314
21
1.4849999999999999
0
LINE
8
BLACK
6
CONTINUOUS
10
0.9478740157480314
20
1.4849999999999999
11
0.9478740157480314
21
1.425
0
LINE
8
BLACK
6
CONTINUOUS
10
0.9478740157480314
20
1.425
11
0.9478105118110236
21
1.4246808661417323
0
LINE
8
BLACK
6
CONTINUOUS
10
0.9478105118110236
20
1.4246808661417323
11
0.9476551181102362
21
1.4233411417322834
0
LINE
8
BLACK
6
CONTINUOUS
10
0.9476551181102362
20
1.4233411417322834
11
0.9474529921259842
21
1.4228833858267715
0
LINE
8
BLACK
6
CONTINUOUS
10
0.9474529921259842
20
1.4228833858267715
11
0.9472746456692913
21
1.4219867322834645
0
LINE
8
BLACK
6
CONTINUOUS
10
0.9472746456692913
20
1.4219867322834645
11
0.9466331889763779
21
1.4210267716535432
0
LINE
8
BLACK
6
CONTINUOUS
10
0.9466331889763779
20
1.4210267716535432
11
0.9464397637795275
21
1.4205886614173229
0
LINE
8
BLACK
6
CONTINUOUS
10
0.9464397637795275
20
1.4205886614173229
11
0.9461404724409449
21
1.4202893700787402
0
LINE
8
BLACK
6
CONTINUOUS
10
0.9461404724409449
20
1.4202893700787402
11
0.9455677559055118
21
1.4194322440944882
0
LINE
8
BLACK
6
CONTINUOUS
10
0.9455677559055118
20
1.4194322440944882
11
0.9447105905511811
21
1.4188594881889764
0
LINE
8
BLACK
6
CONTINUOUS
10
0.9447105905511811
20
1.4188594881889764
11
0.9444112992125984
21
1.4185601968503936
0
LINE
8
BLACK
6
CONTINUOUS
10
0.9444112992125984
20
1.4185601968503936
11
0.9439731102362204
21
1.4183666929133858
0
LINE
8
BLACK
6
CONTINUOUS
10
0.9439731102362204
20
1.4183666929133858
11
0.9430132677165354
21
1.4177253543307087
0
LINE
8
BLACK
6
CONTINUOUS
10
0.9430132677165354
20
1.4177253543307087
11
0.9421166929133858
21
1.4175470078740158
0
LINE
8
BLACK
6
CONTINUOUS
10
0.9421166929133858
20
1.4175470078740158
11
0.9416588188976378
21
1.4173448425196851
0
LINE
8
BLACK
6
CONTINUOUS
10
0.9416588188976378
20
1.4173448425196851
11
0.940318622047244
21
1.4171893307086614
0
LINE
8
BLACK
6
CONTINUOUS
10
0.940318622047244
20
1.4171893307086614
11
0.9399999999999999
21
1.4171259842519686
0
LINE
8
BLACK
6
CONTINUOUS
10
0.9399999999999999
20
1.4171259842519686
11
0.9397723228346456
21
1.4171259842519686
0
LINE
8
BLACK
6
CONTINUOUS
10
0.9397723228346456
20
1.4171259842519686
11
0.8802277165354331
21
1.4171259842519686
0
LINE
8
BLACK
6
CONTINUOUS
10
0.8802277165354331
20
1.4171259842519686
11
0.88
21
1.4171259842519686
0
LINE
8
BLACK
6
CONTINUOUS
10
0.88
20
1.4171259842519686
11
0.8796813385826772
21
1.4171893307086614
0
LINE
8
BLACK
6
CONTINUOUS
10
0.8796813385826772
20
1.4171893307086614
11
0.8783411417322834
21
1.4173448425196851
0
LINE
8
BLACK
6
CONTINUOUS
10
0.8783411417322834
20
1.4173448425196851
11
0.8778832283464567
21
1.4175470078740158
0
LINE
8
BLACK
6
CONTINUOUS
10
0.8778832283464567
20
1.4175470078740158
11
0.8769867322834646
21
1.4177253543307087
0
LINE
8
BLACK
6
CONTINUOUS
10
0.8769867322834646
20
1.4177253543307087
11
0.8760269291338583
21
1.418366653543307
0
LINE
8
BLACK
6
CONTINUOUS
10
0.8760269291338583
20
1.418366653543307
11
0.8755886614173228
21
1.4185601968503936
0
LINE
8
BLACK
6
CONTINUOUS
10
0.8755886614173228
20
1.4185601968503936
11
0.8752892519685039
21
1.4188595669291337
0
LINE
8
BLACK
6
CONTINUOUS
10
0.8752892519685039
20
1.4188595669291337
11
0.8744322440944882
21
1.4194322440944882
0
LINE
8
BLACK
6
CONTINUOUS
10
0.8744322440944882
20
1.4194322440944882
11
0.8738595669291338
21
1.420289251968504
0
LINE
8
BLACK
6
CONTINUOUS
10
0.8738595669291338
20
1.420289251968504
11
0.8735601968503937
21
1.4205886614173229
0
LINE
8
BLACK
6
CONTINUOUS
10
0.8735601968503937
20
1.4205886614173229
11
0.8733666535433071
21
1.4210269291338582
0
LINE
8
BLACK
6
CONTINUOUS
10
0.8733666535433071
20
1.4210269291338582
11
0.8727253543307086
21
1.4219867322834645
0
LINE
8
BLACK
6
CONTINUOUS
10
0.8727253543307086
20
1.4219867322834645
11
0.8725470078740157
21
1.4228832283464568
0
LINE
8
BLACK
6
CONTINUOUS
10
0.8725470078740157
20
1.4228832283464568
11
0.872344842519685
21
1.4233411417322834
0
LINE
8
BLACK
6
CONTINUOUS
10
0.872344842519685
20
1.4233411417322834
11
0.8721893307086614
21
1.4246814173228346
0
LINE
8
BLACK
6
CONTINUOUS
10
0.8721893307086614
20
1.4246814173228346
11
0.8721259842519685
21
1.425
0
LINE
8
BLACK
6
CONTINUOUS
10
0.8721259842519685
20
1.425
11
0.8721259842519685
21
1.4849999999999999
0
LINE
8
BLACK
6
CONTINUOUS
10
0.8721259842519685
20
1.4849999999999999
11
0.8721893700787401
21
1.4853187007874016
0
LINE
8
BLACK
6
CONTINUOUS
10
0.8721893700787401
20
1.4853187007874016
11
0.872344842519685
21
1.4866588188976377
0
LINE
8
BLACK
6
CONTINUOUS
10
0.872344842519685
20
1.4866588188976377
11
0.8725470078740157
21
1.4871166929133859
0
LINE
8
BLACK
6
CONTINUOUS
10
0.8725470078740157
20
1.4871166929133859
11
0.8727253543307086
21
1.4880132677165354
0
LINE
8
BLACK
6
CONTINUOUS
10
0.8727253543307086
20
1.4880132677165354
11
0.8733666929133858
21
1.4889731102362205
0
LINE
8
BLACK
6
CONTINUOUS
10
0.8733666929133858
20
1.4889731102362205
11
0.8735601968503937
21
1.4894112992125983
0
LINE
8
BLACK
6
CONTINUOUS
10
0.8735601968503937
20
1.4894112992125983
11
0.8738594881889764
21
1.4897105905511812
0
LINE
8
BLACK
6
CONTINUOUS
10
0.8738594881889764
20
1.4897105905511812
11
0.8744322440944882
21
1.4905677559055117
0
LINE
8
BLACK
6
CONTINUOUS
10
0.8744322440944882
20
1.4905677559055117
11
0.8752893700787402
21
1.4911404724409449
0
LINE
8
BLACK
6
CONTINUOUS
10
0.8752893700787402
20
1.4911404724409449
11
0.8755886614173228
21
1.4914397637795276
0
LINE
8
BLACK
6
CONTINUOUS
10
0.8755886614173228
20
1.4914397637795276
11
0.8760267716535433
21
1.4916331889763779
0
LINE
8
BLACK
6
CONTINUOUS
10
0.8760267716535433
20
1.4916331889763779
11
0.8769867322834646
21
1.4922746456692912
0
LINE
8
BLACK
6
CONTINUOUS
10
0.8769867322834646
20
1.4922746456692912
11
0.8778833858267716
21
1.4924529921259841
0
LINE
8
BLACK
6
CONTINUOUS
10
0.8778833858267716
20
1.4924529921259841
11
0.8783411417322834
21
1.4926551181102361
0
LINE
8
BLACK
6
CONTINUOUS
10
0.8783411417322834
20
1.4926551181102361
11
0.8796809448818897
21
1.4928105511811023
0
LINE
8
BLACK
6
CONTINUOUS
10
0.8796809448818897
20
1.4928105511811023
11
0.88
21
1.4928740157480314
0
LINE
8
BLACK
6
CONTINUOUS
10
0.88
20
1.4928740157480314
11
0.9399999999999999
21
1.4928740157480314
0
LINE
8
BLACK
6
CONTINUOUS
10
0.9399999999999999
20
1.4928740157480314
11
0.9403191732283465
21
1.4928105118110235
0
LINE
8
BLACK
6
CONTINUOUS
10
1.0403191732283463
20
1.4928105118110235
11
1.0416588188976377
21
1.4926551181102361
0
LINE
8
BLACK
6
CONTINUOUS
10
1.0416588188976377
20
1.4926551181102361
11
1.0421164960629921
21
1.4924529921259841
0
LINE
8
BLACK
6
CONTINUOUS
10
1.0421164960629921
20
1.4924529921259841
11
1.0430132677165354
21
1.4922746456692912
0
LINE
8
BLACK
6
CONTINUOUS
10
1.0430132677165354
20
1.4922746456692912
11
1.0439732677165354
21
1.4916331496062991
0
LINE
8
BLACK
6
CONTINUOUS
10
1.0439732677165354
20
1.4916331496062991
11
1.0444112992125985
21
1.4914397637795276
0
LINE
8
BLACK
6
CONTINUOUS
10
1.0444112992125985
20
1.4914397637795276
11
1.0447104724409448
21
1.4911405511811022
0
LINE
8
BLACK
6
CONTINUOUS
10
1.0447104724409448
20
1.4911405511811022
11
1.0455677559055119
21
1.4905677559055117
0
LINE
8
BLACK
6
CONTINUOUS
10
1.0455677559055119
20
1.4905677559055117
11
1.0461405511811024
21
1.4897104724409449
0
LINE
8
BLACK
6
CONTINUOUS
10
1.0461405511811024
20
1.4897104724409449
11
1.0464397637795275
21
1.4894112992125983
0
LINE
8
BLACK
6
CONTINUOUS
10
1.0464397637795275
20
1.4894112992125983
11
1.0466331496062993
21
1.4889732677165355
0
LINE
8
BLACK
6
CONTINUOUS
10
1.0466331496062993
20
1.4889732677165355
11
1.0472746456692914
21
1.4880132677165354
0
LINE
8
BLACK
6
CONTINUOUS
10
1.0472746456692914
20
1.4880132677165354
11
1.0474529921259843
21
1.4871164960629921
0
LINE
8
BLACK
6
CONTINUOUS
10
1.0474529921259843
20
1.4871164960629921
11
1.0476551181102363
21
1.4866588188976377
0
LINE
8
BLACK
6
CONTINUOUS
10
1.0476551181102363
20
1.4866588188976377
11
1.0478105118110237
21
1.4853190944881889
0
LINE
8
BLACK
6
CONTINUOUS
10
1.0478105118110237
20
1.4853190944881889
11
1.0478740157480315
21
1.4849999999999999
0
LINE
8
BLACK
6
CONTINUOUS
10
1.0478740157480315
20
1.4849999999999999
11
1.0478740157480315
21
1.425
0
LINE
8
BLACK
6
CONTINUOUS
10
1.0478740157480315
20
1.425
11
1.0478105118110237
21
1.4246808661417323
0
LINE
8
BLACK
6
CONTINUOUS
10
1.0478105118110237
20
1.4246808661417323
11
1.0476551181102363
21
1.4233411417322834
0
LINE
8
BLACK
6
CONTINUOUS
10
1.0476551181102363
20
1.4233411417322834
11
1.0474529921259843
21
1.4228833858267715
0
LINE
8
BLACK
6
CONTINUOUS
10
1.0474529921259843
20
1.4228833858267715
11
1.0472746456692914
21
1.4219867322834645
0
LINE
8
BLACK
6
CONTINUOUS
10
1.0472746456692914
20
1.4219867322834645
11
1.046633188976378
21
1.4210267716535432
0
LINE
8
BLACK
6
CONTINUOUS
10
1.046633188976378
20
1.4210267716535432
11
1.0464397637795275
21
1.4205886614173229
0
LINE
8
BLACK
6
CONTINUOUS
10
1.0464397637795275
20
1.4205886614173229
11
1.0461404724409449
21
1.4202893700787402
0
LINE
8
BLACK
6
CONTINUOUS
10
1.0461404724409449
20
1.4202893700787402
11
1.0455677559055119
21
1.4194322440944882
0
LINE
8
BLACK
6
CONTINUOUS
10
1.0455677559055119
20
1.4194322440944882
11
1.0447105905511811
21
1.4188594881889764
0
LINE
8
BLACK
6
CONTINUOUS
10
1.0447105905511811
20
1.4188594881889764
11
1.0444112992125985
21
1.4185601968503936
0
LINE
8
BLACK
6
CONTINUOUS
10
1.0444112992125985
20
1.4185601968503936
11
1.0439731102362204
21
1.4183666929133858
0
LINE
8
BLACK
6
CONTINUOUS
10
1.0439731102362204
20
1.4183666929133858
11
1.0430132677165354
21
1.4177253543307087
0
LINE
8
BLACK
6
CONTINUOUS
10
1.0430132677165354
20
1.4177253543307087
11
1.0421166929133858
21
1.4175470078740158
0
LINE
8
BLACK
6
CONTINUOUS
10
1.0421166929133858
20
1.4175470078740158
11
1.0416588188976377
21
1.4173448425196851
0
LINE
8
BLACK
6
CONTINUOUS
10
1.0416588188976377
20
1.4173448425196851
11
1.040318622047244
21
1.4171893307086614
0
LINE
8
BLACK
6
CONTINUOUS
10
1.040318622047244
20
1.4171893307086614
11
1.04
21
1.4171259842519686
0
LINE
8
BLACK
6
CONTINUOUS
10
1.04
20
1.4171259842519686
11
1.0397723228346456
21
1.4171259842519686
0
LINE
8
BLACK
6
CONTINUOUS
10
1.0397723228346456
20
1.4171259842519686
11
0.9802277165354331
21
1.4171259842519686
0
LINE
8
BLACK
6
CONTINUOUS
10
0.9802277165354331
20
1.4171259842519686
11
0.98
21
1.4171259842519686
0
LINE
8
BLACK
6
CONTINUOUS
10
0.98
20
1.4171259842519686
11
0.9796813385826771
21
1.4171893307086614
0
LINE
8
BLACK
6
CONTINUOUS
10
0.9796813385826771
20
1.4171893307086614
11
0.9783411417322835
21
1.4173448425196851
0
LINE
8
BLACK
6
CONTINUOUS
10
0.9783411417322835
20
1.4173448425196851
11
0.9778832283464567
21
1.4175470078740158
0
LINE
8
BLACK
6
CONTINUOUS
10
0.9778832283464567
20
1.4175470078740158
11
0.9769867322834646
21
1.4177253543307087
0
LINE
8
BLACK
6
CONTINUOUS
10
0.9769867322834646
20
1.4177253543307087
11
0.9760269291338582
21
1.418366653543307
0
LINE
8
BLACK
6
CONTINUOUS
10
0.9760269291338582
20
1.418366653543307
11
0.9755886614173228
21
1.4185601968503936
0
LINE
8
BLACK
6
CONTINUOUS
10
0.9755886614173228
20
1.4185601968503936
11
0.9752892519685039
21
1.4188595669291337
0
LINE
8
BLACK
6
CONTINUOUS
10
0.9752892519685039
20
1.4188595669291337
11
0.9744322440944881
21
1.4194322440944882
0
LINE
8
BLACK
6
CONTINUOUS
10
0.9744322440944881
20
1.4194322440944882
11
0.9738595669291339
21
1.420289251968504
0
LINE
8
BLACK
6
CONTINUOUS
10
0.9738595669291339
20
1.420289251968504
11
0.9735601968503936
21
1.4205886614173229
0
LINE
8
BLACK
6
CONTINUOUS
10
0.9735601968503936
20
1.4205886614173229
11
0.9733666535433071
21
1.4210269291338582
0
LINE
8
BLACK
6
CONTINUOUS
10
0.9733666535433071
20
1.4210269291338582
11
0.9727253543307086
21
1.4219867322834645
0
LINE
8
BLACK
6
CONTINUOUS
10
0.9727253543307086
20
1.4219867322834645
11
0.9725470078740157
21
1.4228832283464568
0
LINE
8
BLACK
6
CONTINUOUS
10
0.9725470078740157
20
1.4228832283464568
11
0.972344842519685
21
1.4233411417322834
0
LINE
8
BLACK
6
CONTINUOUS
10
0.972344842519685
20
1.4233411417322834
11
0.9721893307086614
21
1.4246814173228346
0
LINE
8
BLACK
6
CONTINUOUS
10
0.9721893307086614
20
1.4246814173228346
11
0.9721259842519685
21
1.425
0
LINE
8
BLACK
6
CONTINUOUS
10
0.9721259842519685
20
1.425
11
0.9721259842519685
21
1.4849999999999999
0
LINE
8
BLACK
6
CONTINUOUS
10
0.9721259842519685
20
1.4849999999999999
11
0.9721893700787402
21
1.4853187007874016
0
LINE
8
BLACK
6
CONTINUOUS
10
0.9721893700787402
20
1.4853187007874016
11
0.972344842519685
21
1.4866588188976377
0
LINE
8
BLACK
6
CONTINUOUS
10
0.972344842519685
20
1.4866588188976377
11
0.9725470078740157
21
1.4871166929133859
0
LINE
8
BLACK
6
CONTINUOUS
10
0.9725470078740157
20
1.4871166929133859
11
0.9727253543307086
21
1.4880132677165354
0
LINE
8
BLACK
6
CONTINUOUS
10
0.9727253543307086
20
1.4880132677165354
11
0.9733666929133858
21
1.4889731102362205
0
LINE
8
BLACK
6
CONTINUOUS
10
0.9733666929133858
20
1.4889731102362205
11
0.9735601968503936
21
1.4894112992125983
0
LINE
8
BLACK
6
CONTINUOUS
10
0.9735601968503936
20
1.4894112992125983
11
0.9738594881889764
21
1.4897105905511812
0
LINE
8
BLACK
6
CONTINUOUS
10
0.9738594881889764
20
1.4897105905511812
11
0.9744322440944881
21
1.4905677559055117
0
LINE
8
BLACK
6
CONTINUOUS
10
0.9744322440944881
20
1.4905677559055117
11
0.9752893700787402
21
1.4911404724409449
0
LINE
8
BLACK
6
CONTINUOUS
10
0.9752893700787402
20
1.4911404724409449
11
0.9755886614173228
21
1.4914397637795276
0
LINE
8
BLACK
6
CONTINUOUS
10
0.9755886614173228
20
1.4914397637795276
11
0.9760267716535432
21
1.4916331889763779
0
LINE
8
BLACK
6
CONTINUOUS
10
0.9760267716535432
20
1.4916331889763779
11
0.9769867322834646
21
1.4922746456692912
0
LINE
8
BLACK
6
CONTINUOUS
10
0.9769867322834646
20
1.4922746456692912
11
0.9778833858267716
21
1.4924529921259841
0
LINE
8
BLACK
6
CONTINUOUS
10
0.9778833858267716
20
1.4924529921259841
11
0.9783411417322835
21
1.4926551181102361
0
LINE
8
BLACK
6
CONTINUOUS
10
0.9783411417322835
20
1.4926551181102361
11
0.9796809448818897
21
1.4928105511811023
0
LINE
8
BLACK
6
CONTINUOUS
10
0.9796809448818897
20
1.4928105511811023
11
0.98
21
1.4928740157480314
0
LINE
8
BLACK
6
CONTINUOUS
10
0.98
20
1.4928740157480314
11
1.04
21
1.4928740157480314
0
LINE
8
BLACK
6
CONTINUOUS
10
1.04
20
1.4928740157480314
11
1.0403191732283463
21
1.4928105118110235
0
LINE
8
BLACK
6
CONTINUOUS
10
1.1403191732283464
20
1.4928105118110235
11
1.1416588188976378
21
1.4926551181102361
0
LINE
8
BLACK
6
CONTINUOUS
10
1.1416588188976378
20
1.4926551181102361
11
1.1421164960629921
21
1.4924529921259841
0
LINE
8
BLACK
6
CONTINUOUS
10
1.1421164960629921
20
1.4924529921259841
11
1.1430132677165354
21
1.4922746456692912
0
LINE
8
BLACK
6
CONTINUOUS
10
1.1430132677165354
20
1.4922746456692912
11
1.1439732677165355
21
1.4916331496062991
0
LINE
8
BLACK
6
CONTINUOUS
10
1.1439732677165355
20
1.4916331496062991
11
1.1444112992125983
21
1.4914397637795276
0
LINE
8
BLACK
6
CONTINUOUS
10
1.1444112992125983
20
1.4914397637795276
11
1.1447104724409449
21
1.4911405511811022
0
LINE
8
BLACK
6
CONTINUOUS
10
1.1447104724409449
20
1.4911405511811022
11
1.1455677559055117
21
1.4905677559055117
0
LINE
8
BLACK
6
CONTINUOUS
10
1.1455677559055117
20
1.4905677559055117
11
1.1461405511811023
21
1.4897104724409449
0
LINE
8
BLACK
6
CONTINUOUS
10
1.1461405511811023
20
1.4897104724409449
11
1.1464397637795276
21
1.4894112992125983
0
LINE
8
BLACK
6
CONTINUOUS
10
1.1464397637795276
20
1.4894112992125983
11
1.1466331496062991
21
1.4889732677165355
0
LINE
8
BLACK
6
CONTINUOUS
10
1.1466331496062991
20
1.4889732677165355
11
1.1472746456692913
21
1.4880132677165354
0
LINE
8
BLACK
6
CONTINUOUS
10
1.1472746456692913
20
1.4880132677165354
11
1.1474529921259842
21
1.4871164960629921
0
LINE
8
BLACK
6
CONTINUOUS
10
1.1474529921259842
20
1.4871164960629921
11
1.1476551181102361
21
1.4866588188976377
0
LINE
8
BLACK
6
CONTINUOUS
10
1.1476551181102361
20
1.4866588188976377
11
1.1478105118110236
21
1.4853190944881889
0
LINE
8
BLACK
6
CONTINUOUS
10
1.1478105118110236
20
1.4853190944881889
11
1.1478740157480314
21
1.4849999999999999
0
LINE
8
BLACK
6
CONTINUOUS
10
1.1478740157480314
20
1.4849999999999999
11
1.1478740157480314
21
1.425
0
LINE
8
BLACK
6
CONTINUOUS
10
1.1478740157480314
20
1.425
11
1.1478105118110236
21
1.4246808661417323
0
LINE
8
BLACK
6
CONTINUOUS
10
1.1478105118110236
20
1.4246808661417323
11
1.1476551181102361
21
1.4233411417322834
0
LINE
8
BLACK
6
CONTINUOUS
10
1.1476551181102361
20
1.4233411417322834
11
1.1474529921259842
21
1.4228833858267715
0
LINE
8
BLACK
6
CONTINUOUS
10
1.1474529921259842
20
1.4228833858267715
11
1.1472746456692913
21
1.4219867322834645
0
LINE
8
BLACK
6
CONTINUOUS
10
1.1472746456692913
20
1.4219867322834645
11
1.1466331889763779
21
1.4210267716535432
0
LINE
8
BLACK
6
CONTINUOUS
10
1.1466331889763779
20
1.4210267716535432
11
1.1464397637795276
21
1.4205886614173229
0
LINE
8
BLACK
6
CONTINUOUS
10
1.1464397637795276
20
1.4205886614173229
11
1.1461404724409447
21
1.4202893700787402
0
LINE
8
BLACK
6
CONTINUOUS
10
1.1461404724409447
20
1.4202893700787402
11
1.1455677559055117
21
1.4194322440944882
0
LINE
8
BLACK
6
CONTINUOUS
10
1.1455677559055117
20
1.4194322440944882
11
1.1447105905511812
21
1.4188594881889764
0
LINE
8
BLACK
6
CONTINUOUS
10
1.1447105905511812
20
1.4188594881889764
11
1.1444112992125983
21
1.4185601968503936
0
LINE
8
BLACK
6
CONTINUOUS
10
1.1444112992125983
20
1.4185601968503936
11
1.1439731102362205
21
1.4183666929133858
0
LINE
8
BLACK
6
CONTINUOUS
10
1.1439731102362205
20
1.4183666929133858
11
1.1430132677165354
21
1.4177253543307087
0
LINE
8
BLACK
6
CONTINUOUS
10
1.1430132677165354
20
1.4177253543307087
11
1.1421166929133859
21
1.4175470078740158
0
LINE
8
BLACK
6
CONTINUOUS
10
1.1421166929133859
20
1.4175470078740158
11
1.1416588188976378
21
1.4173448425196851
0
LINE
8
BLACK
6
CONTINUOUS
10
1.1416588188976378
20
1.4173448425196851
11
1.1403186220472441
21
1.4171893307086614
0
LINE
8
BLACK
6
CONTINUOUS
10
1.1403186220472441
20
1.4171893307086614
11
1.1399999999999999
21
1.4171259842519686
0
LINE
8
BLACK
6
CONTINUOUS
10
1.1399999999999999
20
1.4171259842519686
11
1.1397723228346457
21
1.4171259842519686
0
LINE
8
BLACK
6
CONTINUOUS
10
1.1397723228346457
20
1.4171259842519686
11
1.080227716535433
21
1.4171259842519686
0
LINE
8
BLACK
6
CONTINUOUS
10
1.080227716535433
20
1.4171259842519686
11
1.0800000000000001
21
1.4171259842519686
0
LINE
8
BLACK
6
CONTINUOUS
10
1.0800000000000001
20
1.4171259842519686
11
1.0796813385826771
21
1.4171893307086614
0
LINE
8
BLACK
6
CONTINUOUS
10
1.0796813385826771
20
1.4171893307086614
11
1.0783411417322835
21
1.4173448425196851
0
LINE
8
BLACK
6
CONTINUOUS
10
1.0783411417322835
20
1.4173448425196851
11
1.0778832283464568
21
1.4175470078740158
0
LINE
8
BLACK
6
CONTINUOUS
10
1.0778832283464568
20
1.4175470078740158
11
1.0769867322834645
21
1.4177253543307087
0
LINE
8
BLACK
6
CONTINUOUS
10
1.0769867322834645
20
1.4177253543307087
11
1.0760269291338582
21
1.418366653543307
0
LINE
8
BLACK
6
CONTINUOUS
10
1.0760269291338582
20
1.418366653543307
11
1.0755886614173229
21
1.4185601968503936
0
LINE
8
BLACK
6
CONTINUOUS
10
1.0755886614173229
20
1.4185601968503936
11
1.075289251968504
21
1.4188595669291337
0
LINE
8
BLACK
6
CONTINUOUS
10
1.075289251968504
20
1.4188595669291337
11
1.0744322440944882
21
1.4194322440944882
0
LINE
8
BLACK
6
CONTINUOUS
10
1.0744322440944882
20
1.4194322440944882
11
1.0738595669291338
21
1.420289251968504
0
LINE
8
BLACK
6
CONTINUOUS
10
1.0738595669291338
20
1.420289251968504
11
1.0735601968503936
21
1.4205886614173229
0
LINE
8
BLACK
6
CONTINUOUS
10
1.0735601968503936
20
1.4205886614173229
11
1.0733666535433071
21
1.4210269291338582
0
LINE
8
BLACK
6
CONTINUOUS
10
1.0733666535433071
20
1.4210269291338582
11
1.0727253543307087
21
1.4219867322834645
0
LINE
8
BLACK
6
CONTINUOUS
10
1.0727253543307087
20
1.4219867322834645
11
1.0725470078740158
21
1.4228832283464568
0
LINE
8
BLACK
6
CONTINUOUS
10
1.0725470078740158
20
1.4228832283464568
11
1.0723448425196851
21
1.4233411417322834
0
LINE
8
BLACK
6
CONTINUOUS
10
1.0723448425196851
20
1.4233411417322834
11
1.0721893307086614
21
1.4246814173228346
0
LINE
8
BLACK
6
CONTINUOUS
10
1.0721893307086614
20
1.4246814173228346
11
1.0721259842519686
21
1.425
0
LINE
8
BLACK
6
CONTINUOUS
10
1.0721259842519686
20
1.425
11
1.0721259842519686
21
1.4849999999999999
0
LINE
8
BLACK
6
CONTINUOUS
10
1.0721259842519686
20
1.4849999999999999
11
1.0721893700787402
21
1.4853187007874016
0
LINE
8
BLACK
6
CONTINUOUS
10
1.0721893700787402
20
1.4853187007874016
11
1.0723448425196851
21
1.4866588188976377
0
LINE
8
BLACK
6
CONTINUOUS
10
1.0723448425196851
20
1.4866588188976377
11
1.0725470078740158
21
1.4871166929133859
0
LINE
8
BLACK
6
CONTINUOUS
10
1.0725470078740158
20
1.4871166929133859
11
1.0727253543307087
21
1.4880132677165354
0
LINE
8
BLACK
6
CONTINUOUS
10
1.0727253543307087
20
1.4880132677165354
11
1.0733666929133858
21
1.4889731102362205
0
LINE
8
BLACK
6
CONTINUOUS
10
1.0733666929133858
20
1.4889731102362205
11
1.0735601968503936
21
1.4894112992125983
0
LINE
8
BLACK
6
CONTINUOUS
10
1.0735601968503936
20
1.4894112992125983
11
1.0738594881889763
21
1.4897105905511812
0
LINE
8
BLACK
6
CONTINUOUS
10
1.0738594881889763
20
1.4897105905511812
11
1.0744322440944882
21
1.4905677559055117
0
LINE
8
BLACK
6
CONTINUOUS
10
1.0744322440944882
20
1.4905677559055117
11
1.07528937007874
21
1.4911404724409449
0
LINE
8
BLACK
6
CONTINUOUS
10
1.07528937007874
20
1.4911404724409449
11
1.0755886614173229
21
1.4914397637795276
0
LINE
8
BLACK
6
CONTINUOUS
10
1.0755886614173229
20
1.4914397637795276
11
1.0760267716535432
21
1.4916331889763779
0
LINE
8
BLACK
6
CONTINUOUS
10
1.0760267716535432
20
1.4916331889763779
11
1.0769867322834645
21
1.4922746456692912
0
LINE
8
BLACK
6
CONTINUOUS
10
1.0769867322834645
20
1.4922746456692912
11
1.0778833858267716
21
1.4924529921259841
0
LINE
8
BLACK
6
CONTINUOUS
10
1.0778833858267716
20
1.4924529921259841
11
1.0783411417322835
21
1.4926551181102361
0
LINE
8
BLACK
6
CONTINUOUS
10
1.0783411417322835
20
1.4926551181102361
11
1.0796809448818898
21
1.4928105511811023
0
LINE
8
BLACK
6
CONTINUOUS
10
1.0796809448818898
20
1.4928105511811023
11
1.0800000000000001
21
1.4928740157480314
0
LINE
8
BLACK
6
CONTINUOUS
10
1.0800000000000001
20
1.4928740157480314
11
1.1399999999999999
21
1.4928740157480314
0
LINE
8
BLACK
6
CONTINUOUS
10
1.1399999999999999
20
1.4928740157480314
11
1.1403191732283464
21
1.4928105118110235
0
LINE
8
BLACK
6
CONTINUOUS
10
1.2403191732283465
20
1.4928105118110235
11
1.2416588188976379
21
1.4926551181102361
0
LINE
8
BLACK
6
CONTINUOUS
10
1.2416588188976379
20
1.4926551181102361
11
1.242116496062992
21
1.4924529921259841
0
LINE
8
BLACK
6
CONTINUOUS
10
1.242116496062992
20
1.4924529921259841
11
1.2430132677165353
21
1.4922746456692912
0
LINE
8
BLACK
6
CONTINUOUS
10
1.2430132677165353
20
1.4922746456692912
11
1.2439732677165354
21
1.4916331496062991
0
LINE
8
BLACK
6
CONTINUOUS
10
1.2439732677165354
20
1.4916331496062991
11
1.2444112992125984
21
1.4914397637795276
0
LINE
8
BLACK
6
CONTINUOUS
10
1.2444112992125984
20
1.4914397637795276
11
1.2447104724409448
21
1.4911405511811022
0
LINE
8
BLACK
6
CONTINUOUS
10
1.2447104724409448
20
1.4911405511811022
11
1.2455677559055118
21
1.4905677559055117
0
LINE
8
BLACK
6
CONTINUOUS
10
1.2455677559055118
20
1.4905677559055117
11
1.2461405511811023
21
1.4897104724409449
0
LINE
8
BLACK
6
CONTINUOUS
10
1.2461405511811023
20
1.4897104724409449
11
1.2464397637795275
21
1.4894112992125983
0
LINE
8
BLACK
6
CONTINUOUS
10
1.2464397637795275
20
1.4894112992125983
11
1.2466331496062992
21
1.4889732677165355
0
LINE
8
BLACK
6
CONTINUOUS
10
1.2466331496062992
20
1.4889732677165355
11
1.2472746456692914
21
1.4880132677165354
0
LINE
8
BLACK
6
CONTINUOUS
10
1.2472746456692914
20
1.4880132677165354
11
1.2474529921259843
21
1.4871164960629921
0
LINE
8
BLACK
6
CONTINUOUS
10
1.2474529921259843
20
1.4871164960629921
11
1.2476551181102362
21
1.4866588188976377
0
LINE
8
BLACK
6
CONTINUOUS
10
1.2476551181102362
20
1.4866588188976377
11
1.2478105118110236
21
1.4853190944881889
0
LINE
8
BLACK
6
CONTINUOUS
10
1.2478105118110236
20
1.4853190944881889
11
1.2478740157480315
21
1.4849999999999999
0
LINE
8
BLACK
6
CONTINUOUS
10
1.2478740157480315
20
1.4849999999999999
11
1.2478740157480315
21
1.425
0
LINE
8
BLACK
6
CONTINUOUS
10
1.2478740157480315
20
1.425
11
1.2478105118110236
21
1.4246808661417323
0
LINE
8
BLACK
6
CONTINUOUS
10
1.2478105118110236
20
1.4246808661417323
11
1.2476551181102362
21
1.4233411417322834
0
LINE
8
BLACK
6
CONTINUOUS
10
1.2476551181102362
20
1.4233411417322834
11
1.2474529921259843
21
1.4228833858267715
0
LINE
8
BLACK
6
CONTINUOUS
10
1.2474529921259843
20
1.4228833858267715
11
1.2472746456692914
21
1.4219867322834645
0
LINE
8
BLACK
6
CONTINUOUS
10
1.2472746456692914
20
1.4219867322834645
11
1.246633188976378
21
1.4210267716535432
0
LINE
8
BLACK
6
CONTINUOUS
10
1.246633188976378
20
1.4210267716535432
11
1.2464397637795275
21
1.4205886614173229
0
LINE
8
BLACK
6
CONTINUOUS
10
1.2464397637795275
20
1.4205886614173229
11
1.2461404724409448
21
1.4202893700787402
0
LINE
8
BLACK
6
CONTINUOUS
10
1.2461404724409448
20
1.4202893700787402
11
1.2455677559055118
21
1.4194322440944882
0
LINE
8
BLACK
6
CONTINUOUS
10
1.2455677559055118
20
1.4194322440944882
11
1.2447105905511811
21
1.4188594881889764
0
LINE
8
BLACK
6
CONTINUOUS
10
1.2447105905511811
20
1.4188594881889764
11
1.2444112992125984
21
1.4185601968503936
0
LINE
8
BLACK
6
CONTINUOUS
10
1.2444112992125984
20
1.4185601968503936
11
1.2439731102362204
21
1.4183666929133858
0
LINE
8
BLACK
6
CONTINUOUS
10
1.2439731102362204
20
1.4183666929133858
11
1.2430132677165353
21
1.4177253543307087
0
LINE
8
BLACK
6
CONTINUOUS
10
1.2430132677165353
20
1.4177253543307087
11
1.2421166929133858
21
1.4175470078740158
0
LINE
8
BLACK
6
CONTINUOUS
10
1.2421166929133858
20
1.4175470078740158
11
1.2416588188976379
21
1.4173448425196851
0
LINE
8
BLACK
6
CONTINUOUS
10
1.2416588188976379
20
1.4173448425196851
11
1.240318622047244
21
1.4171893307086614
0
LINE
8
BLACK
6
CONTINUOUS
10
1.240318622047244
20
1.4171893307086614
11
1.24
21
1.4171259842519686
0
LINE
8
BLACK
6
CONTINUOUS
10
1.24
20
1.4171259842519686
11
1.2397723228346456
21
1.4171259842519686
0
LINE
8
BLACK
6
CONTINUOUS
10
1.2397723228346456
20
1.4171259842519686
11
1.1802277165354331
21
1.4171259842519686
0
LINE
8
BLACK
6
CONTINUOUS
10
1.1802277165354331
20
1.4171259842519686
11
1.1799999999999999
21
1.4171259842519686
0
LINE
8
BLACK
6
CONTINUOUS
10
1.1799999999999999
20
1.4171259842519686
11
1.1796813385826772
21
1.4171893307086614
0
LINE
8
BLACK
6
CONTINUOUS
10
1.1796813385826772
20
1.4171893307086614
11
1.1783411417322835
21
1.4173448425196851
0
LINE
8
BLACK
6
CONTINUOUS
10
1.1783411417322835
20
1.4173448425196851
11
1.1778832283464566
21
1.4175470078740158
0
LINE
8
BLACK
6
CONTINUOUS
10
1.1778832283464566
20
1.4175470078740158
11
1.1769867322834646
21
1.4177253543307087
0
LINE
8
BLACK
6
CONTINUOUS
10
1.1769867322834646
20
1.4177253543307087
11
1.1760269291338583
21
1.418366653543307
0
LINE
8
BLACK
6
CONTINUOUS
10
1.1760269291338583
20
1.418366653543307
11
1.1755886614173228
21
1.4185601968503936
0
LINE
8
BLACK
6
CONTINUOUS
10
1.1755886614173228
20
1.4185601968503936
11
1.1752892519685039
21
1.4188595669291337
0
LINE
8
BLACK
6
CONTINUOUS
10
1.1752892519685039
20
1.4188595669291337
11
1.1744322440944881
21
1.4194322440944882
0
LINE
8
BLACK
6
CONTINUOUS
10
1.1744322440944881
20
1.4194322440944882
11
1.1738595669291338
21
1.420289251968504
0
LINE
8
BLACK
6
CONTINUOUS
10
1.1738595669291338
20
1.420289251968504
11
1.1735601968503937
21
1.4205886614173229
0
LINE
8
BLACK
6
CONTINUOUS
10
1.1735601968503937
20
1.4205886614173229
11
1.1733666535433072
21
1.4210269291338582
0
LINE
8
BLACK
6
CONTINUOUS
10
1.1733666535433072
20
1.4210269291338582
11
1.1727253543307086
21
1.4219867322834645
0
LINE
8
BLACK
6
CONTINUOUS
10
1.1727253543307086
20
1.4219867322834645
11
1.1725470078740157
21
1.4228832283464568
0
LINE
8
BLACK
6
CONTINUOUS
10
1.1725470078740157
20
1.4228832283464568
11
1.172344842519685
21
1.4233411417322834
0
LINE
8
BLACK
6
CONTINUOUS
10
1.172344842519685
20
1.4233411417322834
11
1.1721893307086615
21
1.4246814173228346
0
LINE
8
BLACK
6
CONTINUOUS
10
1.1721893307086615
20
1.4246814173228346
11
1.1721259842519685
21
1.425
0
LINE
8
BLACK
6
CONTINUOUS
10
1.1721259842519685
20
1.425
11
1.1721259842519685
21
1.4849999999999999
0
LINE
8
BLACK
6
CONTINUOUS
10
1.1721259842519685
20
1.4849999999999999
11
1.17218937007874
21
1.4853187007874016
0
LINE
8
BLACK
6
CONTINUOUS
10
1.17218937007874
20
1.4853187007874016
11
1.172344842519685
21
1.4866588188976377
0
LINE
8
BLACK
6
CONTINUOUS
10
1.172344842519685
20
1.4866588188976377
11
1.1725470078740157
21
1.4871166929133859
0
LINE
8
BLACK
6
CONTINUOUS
10
1.1725470078740157
20
1.4871166929133859
11
1.1727253543307086
21
1.4880132677165354
0
LINE
8
BLACK
6
CONTINUOUS
10
1.1727253543307086
20
1.4880132677165354
11
1.1733666929133857
21
1.4889731102362205
0
LINE
8
BLACK
6
CONTINUOUS
10
1.1733666929133857
20
1.4889731102362205
11
1.1735601968503937
21
1.4894112992125983
0
LINE
8
BLACK
6
CONTINUOUS
10
1.1735601968503937
20
1.4894112992125983
11
1.1738594881889763
21
1.4897105905511812
0
LINE
8
BLACK
6
CONTINUOUS
10
1.1738594881889763
20
1.4897105905511812
11
1.1744322440944881
21
1.4905677559055117
0
LINE
8
BLACK
6
CONTINUOUS
10
1.1744322440944881
20
1.4905677559055117
11
1.1752893700787401
21
1.4911404724409449
0
LINE
8
BLACK
6
CONTINUOUS
10
1.1752893700787401
20
1.4911404724409449
11
1.1755886614173228
21
1.4914397637795276
0
LINE
8
BLACK
6
CONTINUOUS
10
1.1755886614173228
20
1.4914397637795276
11
1.1760267716535433
21
1.4916331889763779
0
LINE
8
BLACK
6
CONTINUOUS
10
1.1760267716535433
20
1.4916331889763779
11
1.1769867322834646
21
1.4922746456692912
0
LINE
8
BLACK
6
CONTINUOUS
10
1.1769867322834646
20
1.4922746456692912
11
1.1778833858267717
21
1.4924529921259841
0
LINE
8
BLACK
6
CONTINUOUS
10
1.1778833858267717
20
1.4924529921259841
11
1.1783411417322835
21
1.4926551181102361
0
LINE
8
BLACK
6
CONTINUOUS
10
1.1783411417322835
20
1.4926551181102361
11
1.1796809448818897
21
1.4928105511811023
0
LINE
8
BLACK
6
CONTINUOUS
10
1.1796809448818897
20
1.4928105511811023
11
1.1799999999999999
21
1.4928740157480314
0
LINE
8
BLACK
6
CONTINUOUS
10
1.1799999999999999
20
1.4928740157480314
11
1.24
21
1.4928740157480314
0
LINE
8
BLACK
6
CONTINUOUS
10
1.24
20
1.4928740157480314
11
1.2403191732283465
21
1.4928105118110235
0
LINE
8
BLACK
6
CONTINUOUS
10
1.3403191732283464
20
1.4928105118110235
11
1.3416588188976377
21
1.4926551181102361
0
LINE
8
BLACK
6
CONTINUOUS
10
1.3416588188976377
20
1.4926551181102361
11
1.3421164960629921
21
1.4924529921259841
0
LINE
8
BLACK
6
CONTINUOUS
10
1.3421164960629921
20
1.4924529921259841
11
1.3430132677165354
21
1.4922746456692912
0
LINE
8
BLACK
6
CONTINUOUS
10
1.3430132677165354
20
1.4922746456692912
11
1.3439732677165355
21
1.4916331496062991
0
LINE
8
BLACK
6
CONTINUOUS
10
1.3439732677165355
20
1.4916331496062991
11
1.3444112992125985
21
1.4914397637795276
0
LINE
8
BLACK
6
CONTINUOUS
10
1.3444112992125985
20
1.4914397637795276
11
1.3447104724409449
21
1.4911405511811022
0
LINE
8
BLACK
6
CONTINUOUS
10
1.3447104724409449
20
1.4911405511811022
11
1.3455677559055117
21
1.4905677559055117
0
LINE
8
BLACK
6
CONTINUOUS
10
1.3455677559055117
20
1.4905677559055117
11
1.3461405511811024
21
1.4897104724409449
0
LINE
8
BLACK
6
CONTINUOUS
10
1.3461405511811024
20
1.4897104724409449
11
1.3464397637795276
21
1.4894112992125983
0
LINE
8
BLACK
6
CONTINUOUS
10
1.3464397637795276
20
1.4894112992125983
11
1.3466331496062991
21
1.4889732677165355
0
LINE
8
BLACK
6
CONTINUOUS
10
1.3466331496062991
20
1.4889732677165355
11
1.3472746456692912
21
1.4880132677165354
0
LINE
8
BLACK
6
CONTINUOUS
10
1.3472746456692912
20
1.4880132677165354
11
1.3474529921259841
21
1.4871164960629921
0
LINE
8
BLACK
6
CONTINUOUS
10
1.3474529921259841
20
1.4871164960629921
11
1.3476551181102361
21
1.4866588188976377
0
LINE
8
BLACK
6
CONTINUOUS
10
1.3476551181102361
20
1.4866588188976377
11
1.3478105118110235
21
1.4853190944881889
0
LINE
8
BLACK
6
CONTINUOUS
10
1.3478105118110235
20
1.4853190944881889
11
1.3478740157480316
21
1.4849999999999999
0
LINE
8
BLACK
6
CONTINUOUS
10
1.3478740157480316
20
1.4849999999999999
11
1.3478740157480316
21
1.425
0
LINE
8
BLACK
6
CONTINUOUS
10
1.3478740157480316
20
1.425
11
1.3478105118110235
21
1.4246808661417323
0
LINE
8
BLACK
6
CONTINUOUS
10
1.3478105118110235
20
1.4246808661417323
11
1.3476551181102361
21
1.4233411417322834
0
LINE
8
BLACK
6
CONTINUOUS
10
1.3476551181102361
20
1.4233411417322834
11
1.3474529921259841
21
1.4228833858267715
0
LINE
8
BLACK
6
CONTINUOUS
10
1.3474529921259841
20
1.4228833858267715
11
1.3472746456692912
21
1.4219867322834645
0
LINE
8
BLACK
6
CONTINUOUS
10
1.3472746456692912
20
1.4219867322834645
11
1.3466331889763778
21
1.4210267716535432
0
LINE
8
BLACK
6
CONTINUOUS
10
1.3466331889763778
20
1.4210267716535432
11
1.3464397637795276
21
1.4205886614173229
0
LINE
8
BLACK
6
CONTINUOUS
10
1.3464397637795276
20
1.4205886614173229
11
1.3461404724409449
21
1.4202893700787402
0
LINE
8
BLACK
6
CONTINUOUS
10
1.3461404724409449
20
1.4202893700787402
11
1.3455677559055117
21
1.4194322440944882
0
LINE
8
BLACK
6
CONTINUOUS
10
1.3455677559055117
20
1.4194322440944882
11
1.3447105905511811
21
1.4188594881889764
0
LINE
8
BLACK
6
CONTINUOUS
10
1.3447105905511811
20
1.4188594881889764
11
1.3444112992125985
21
1.4185601968503936
0
LINE
8
BLACK
6
CONTINUOUS
10
1.3444112992125985
20
1.4185601968503936
11
1.3439731102362205
21
1.4183666929133858
0
LINE
8
BLACK
6
CONTINUOUS
10
1.3439731102362205
20
1.4183666929133858
11
1.3430132677165354
21
1.4177253543307087
0
LINE
8
BLACK
6
CONTINUOUS
10
1.3430132677165354
20
1.4177253543307087
11
1.3421166929133859
21
1.4175470078740158
0
LINE
8
BLACK
6
CONTINUOUS
10
1.3421166929133859
20
1.4175470078740158
11
1.3416588188976377
21
1.4173448425196851
0
LINE
8
BLACK
6
CONTINUOUS
10
1.3416588188976377
20
1.4173448425196851
11
1.3403186220472441
21
1.4171893307086614
0
LINE
8
BLACK
6
CONTINUOUS
10
1.3403186220472441
20
1.4171893307086614
11
1.3400000000000001
21
1.4171259842519686
0
LINE
8
BLACK
6
CONTINUOUS
10
1.3400000000000001
20
1.4171259842519686
11
1.3397723228346456
21
1.4171259842519686
0
LINE
8
BLACK
6
CONTINUOUS
10
1.3397723228346456
20
1.4171259842519686
11
1.280227716535433
21
1.4171259842519686
0
LINE
8
BLACK
6
CONTINUOUS
10
1.280227716535433
20
1.4171259842519686
11
1.28
21
1.4171259842519686
0
LINE
8
BLACK
6
CONTINUOUS
10
1.28
20
1.4171259842519686
11
1.2796813385826771
21
1.4171893307086614
0
LINE
8
BLACK
6
CONTINUOUS
10
1.2796813385826771
20
1.4171893307086614
11
1.2783411417322834
21
1.4173448425196851
0
LINE
8
BLACK
6
CONTINUOUS
10
1.2783411417322834
20
1.4173448425196851
11
1.2778832283464567
21
1.4175470078740158
0
LINE
8
BLACK
6
CONTINUOUS
10
1.2778832283464567
20
1.4175470078740158
11
1.2769867322834645
21
1.4177253543307087
0
LINE
8
BLACK
6
CONTINUOUS
10
1.2769867322834645
20
1.4177253543307087
11
1.2760269291338582
21
1.418366653543307
0
LINE
8
BLACK
6
CONTINUOUS
10
1.2760269291338582
20
1.418366653543307
11
1.2755886614173229
21
1.4185601968503936
0
LINE
8
BLACK
6
CONTINUOUS
10
1.2755886614173229
20
1.4185601968503936
11
1.275289251968504
21
1.4188595669291337
0
LINE
8
BLACK
6
CONTINUOUS
10
1.275289251968504
20
1.4188595669291337
11
1.2744322440944882
21
1.4194322440944882
0
LINE
8
BLACK
6
CONTINUOUS
10
1.2744322440944882
20
1.4194322440944882
11
1.2738595669291339
21
1.420289251968504
0
LINE
8
BLACK
6
CONTINUOUS
10
1.2738595669291339
20
1.420289251968504
11
1.2735601968503936
21
1.4205886614173229
0
LINE
8
BLACK
6
CONTINUOUS
10
1.2735601968503936
20
1.4205886614173229
11
1.273366653543307
21
1.4210269291338582
0
LINE
8
BLACK
6
CONTINUOUS
10
1.273366653543307
20
1.4210269291338582
11
1.2727253543307087
21
1.4219867322834645
0
LINE
8
BLACK
6
CONTINUOUS
10
1.2727253543307087
20
1.4219867322834645
11
1.2725470078740158
21
1.4228832283464568
0
LINE
8
BLACK
6
CONTINUOUS
10
1.2725470078740158
20
1.4228832283464568
11
1.272344842519685
21
1.4233411417322834
0
LINE
8
BLACK
6
CONTINUOUS
10
1.272344842519685
20
1.4233411417322834
11
1.2721893307086614
21
1.4246814173228346
0
LINE
8
BLACK
6
CONTINUOUS
10
1.2721893307086614
20
1.4246814173228346
11
1.2721259842519685
21
1.425
0
LINE
8
BLACK
6
CONTINUOUS
10
1.2721259842519685
20
1.425
11
1.2721259842519685
21
1.4849999999999999
0
LINE
8
BLACK
6
CONTINUOUS
10
1.2721259842519685
20
1.4849999999999999
11
1.2721893700787401
21
1.4853187007874016
0
LINE
8
BLACK
6
CONTINUOUS
10
1.2721893700787401
20
1.4853187007874016
11
1.272344842519685
21
1.4866588188976377
0
LINE
8
BLACK
6
CONTINUOUS
10
1.272344842519685
20
1.4866588188976377
11
1.2725470078740158
21
1.4871166929133859
0
LINE
8
BLACK
6
CONTINUOUS
10
1.2725470078740158
20
1.4871166929133859
11
1.2727253543307087
21
1.4880132677165354
0
LINE
8
BLACK
6
CONTINUOUS
10
1.2727253543307087
20
1.4880132677165354
11
1.2733666929133858
21
1.4889731102362205
0
LINE
8
BLACK
6
CONTINUOUS
10
1.2733666929133858
20
1.4889731102362205
11
1.2735601968503936
21
1.4894112992125983
0
LINE
8
BLACK
6
CONTINUOUS
10
1.2735601968503936
20
1.4894112992125983
11
1.2738594881889764
21
1.4897105905511812
0
LINE
8
BLACK
6
CONTINUOUS
10
1.2738594881889764
20
1.4897105905511812
11
1.2744322440944882
21
1.4905677559055117
0
LINE
8
BLACK
6
CONTINUOUS
10
1.2744322440944882
20
1.4905677559055117
11
1.2752893700787402
21
1.4911404724409449
0
LINE
8
BLACK
6
CONTINUOUS
10
1.2752893700787402
20
1.4911404724409449
11
1.2755886614173229
21
1.4914397637795276
0
LINE
8
BLACK
6
CONTINUOUS
10
1.2755886614173229
20
1.4914397637795276
11
1.2760267716535432
21
1.4916331889763779
0
LINE
8
BLACK
6
CONTINUOUS
10
1.2760267716535432
20
1.4916331889763779
11
1.2769867322834645
21
1.4922746456692912
0
LINE
8
BLACK
6
CONTINUOUS
10
1.2769867322834645
20
1.4922746456692912
11
1.2778833858267715
21
1.4924529921259841
0
LINE
8
BLACK
6
CONTINUOUS
10
1.2778833858267715
20
1.4924529921259841
11
1.2783411417322834
21
1.4926551181102361
0
LINE
8
BLACK
6
CONTINUOUS
10
1.2783411417322834
20
1.4926551181102361
11
1.2796809448818898
21
1.4928105511811023
0
LINE
8
BLACK
6
CONTINUOUS
10
1.2796809448818898
20
1.4928105511811023
11
1.28
21
1.4928740157480314
0
LINE
8
BLACK
6
CONTINUOUS
10
1.28
20
1.4928740157480314
11
1.3400000000000001
21
1.4928740157480314
0
LINE
8
BLACK
6
CONTINUOUS
10
1.3400000000000001
20
1.4928740157480314
11
1.3403191732283464
21
1.4928105118110235
0
LINE
8
BLACK
6
CONTINUOUS
10
1.4403191732283465
20
1.4928105118110235
11
1.4416588188976378
21
1.4926551181102361
0
LINE
8
BLACK
6
CONTINUOUS
10
1.4416588188976378
20
1.4926551181102361
11
1.4421164960629922
21
1.4924529921259841
0
LINE
8
BLACK
6
CONTINUOUS
10
1.4421164960629922
20
1.4924529921259841
11
1.4430132677165355
21
1.4922746456692912
0
LINE
8
BLACK
6
CONTINUOUS
10
1.4430132677165355
20
1.4922746456692912
11
1.4439732677165353
21
1.4916331496062991
0
LINE
8
BLACK
6
CONTINUOUS
10
1.4439732677165353
20
1.4916331496062991
11
1.4444112992125984
21
1.4914397637795276
0
LINE
8
BLACK
6
CONTINUOUS
10
1.4444112992125984
20
1.4914397637795276
11
1.4447104724409447
21
1.4911405511811022
0
LINE
8
BLACK
6
CONTINUOUS
10
1.4447104724409447
20
1.4911405511811022
11
1.4455677559055118
21
1.4905677559055117
0
LINE
8
BLACK
6
CONTINUOUS
10
1.4455677559055118
20
1.4905677559055117
11
1.4461405511811023
21
1.4897104724409449
0
LINE
8
BLACK
6
CONTINUOUS
10
1.4461405511811023
20
1.4897104724409449
11
1.4464397637795274
21
1.4894112992125983
0
LINE
8
BLACK
6
CONTINUOUS
10
1.4464397637795274
20
1.4894112992125983
11
1.4466331496062992
21
1.4889732677165355
0
LINE
8
BLACK
6
CONTINUOUS
10
1.4466331496062992
20
1.4889732677165355
11
1.4472746456692913
21
1.4880132677165354
0
LINE
8
BLACK
6
CONTINUOUS
10
1.4472746456692913
20
1.4880132677165354
11
1.4474529921259842
21
1.4871164960629921
0
LINE
8
BLACK
6
CONTINUOUS
10
1.4474529921259842
20
1.4871164960629921
11
1.4476551181102362
21
1.4866588188976377
0
LINE
8
BLACK
6
CONTINUOUS
10
1.4476551181102362
20
1.4866588188976377
11
1.4478105118110236
21
1.4853190944881889
0
LINE
8
BLACK
6
CONTINUOUS
10
1.4478105118110236
20
1.4853190944881889
11
1.4478740157480314
21
1.4849999999999999
0
LINE
8
BLACK
6
CONTINUOUS
10
1.4478740157480314
20
1.4849999999999999
11
1.4478740157480314
21
1.425
0
LINE
8
BLACK
6
CONTINUOUS
10
1.4478740157480314
20
1.425
11
1.4478105118110236
21
1.4246808661417323
0
LINE
8
BLACK
6
CONTINUOUS
10
1.4478105118110236
20
1.4246808661417323
11
1.4476551181102362
21
1.4233411417322834
0
LINE
8
BLACK
6
CONTINUOUS
10
1.4476551181102362
20
1.4233411417322834
11
1.4474529921259842
21
1.4228833858267715
0
LINE
8
BLACK
6
CONTINUOUS
10
1.4474529921259842
20
1.4228833858267715
11
1.4472746456692913
21
1.4219867322834645
0
LINE
8
BLACK
6
CONTINUOUS
10
1.4472746456692913
20
1.4219867322834645
11
1.4466331889763779
21
1.4210267716535432
0
LINE
8
BLACK
6
CONTINUOUS
10
1.4466331889763779
20
1.4210267716535432
11
1.4464397637795274
21
1.4205886614173229
0
LINE
8
BLACK
6
CONTINUOUS
10
1.4464397637795274
20
1.4205886614173229
11
1.4461404724409448
21
1.4202893700787402
0
LINE
8
BLACK
6
CONTINUOUS
10
1.4461404724409448
20
1.4202893700787402
11
1.4455677559055118
21
1.4194322440944882
0
LINE
8
BLACK
6
CONTINUOUS
10
1.4455677559055118
20
1.4194322440944882
11
1.444710590551181
21
1.4188594881889764
0
LINE
8
BLACK
6
CONTINUOUS
10
1.444710590551181
20
1.4188594881889764
11
1.4444112992125984
21
1.4185601968503936
0
LINE
8
BLACK
6
CONTINUOUS
10
1.4444112992125984
20
1.4185601968503936
11
1.4439731102362205
21
1.4183666929133858
0
LINE
8
BLACK
6
CONTINUOUS
10
1.4439731102362205
20
1.4183666929133858
11
1.4430132677165355
21
1.4177253543307087
0
LINE
8
BLACK
6
CONTINUOUS
10
1.4430132677165355
20
1.4177253543307087
11
1.4421166929133857
21
1.4175470078740158
0
LINE
8
BLACK
6
CONTINUOUS
10
1.4421166929133857
20
1.4175470078740158
11
1.4416588188976378
21
1.4173448425196851
0
LINE
8
BLACK
6
CONTINUOUS
10
1.4416588188976378
20
1.4173448425196851
11
1.4403186220472441
21
1.4171893307086614
0
LINE
8
BLACK
6
CONTINUOUS
10
1.4403186220472441
20
1.4171893307086614
11
1.4399999999999999
21
1.4171259842519686
0
LINE
8
BLACK
6
CONTINUOUS
10
1.4399999999999999
20
1.4171259842519686
11
1.4397723228346457
21
1.4171259842519686
0
LINE
8
BLACK
6
CONTINUOUS
10
1.4397723228346457
20
1.4171259842519686
11
1.3802277165354331
21
1.4171259842519686
0
LINE
8
BLACK
6
CONTINUOUS
10
1.3802277165354331
20
1.4171259842519686
11
1.3799999999999999
21
1.4171259842519686
0
LINE
8
BLACK
6
CONTINUOUS
10
1.3799999999999999
20
1.4171259842519686
11
1.3796813385826772
21
1.4171893307086614
0
LINE
8
BLACK
6
CONTINUOUS
10
1.3796813385826772
20
1.4171893307086614
11
1.3783411417322835
21
1.4173448425196851
0
LINE
8
BLACK
6
CONTINUOUS
10
1.3783411417322835
20
1.4173448425196851
11
1.3778832283464566
21
1.4175470078740158
0
LINE
8
BLACK
6
CONTINUOUS
10
1.3778832283464566
20
1.4175470078740158
11
1.3769867322834646
21
1.4177253543307087
0
LINE
8
BLACK
6
CONTINUOUS
10
1.3769867322834646
20
1.4177253543307087
11
1.3760269291338583
21
1.418366653543307
0
LINE
8
BLACK
6
CONTINUOUS
10
1.3760269291338583
20
1.418366653543307
11
1.3755886614173227
21
1.4185601968503936
0
LINE
8
BLACK
6
CONTINUOUS
10
1.3755886614173227
20
1.4185601968503936
11
1.3752892519685038
21
1.4188595669291337
0
LINE
8
BLACK
6
CONTINUOUS
10
1.3752892519685038
20
1.4188595669291337
11
1.3744322440944881
21
1.4194322440944882
0
LINE
8
BLACK
6
CONTINUOUS
10
1.3744322440944881
20
1.4194322440944882
11
1.3738595669291338
21
1.420289251968504
0
LINE
8
BLACK
6
CONTINUOUS
10
1.3738595669291338
20
1.420289251968504
11
1.3735601968503937
21
1.4205886614173229
0
LINE
8
BLACK
6
CONTINUOUS
10
1.3735601968503937
20
1.4205886614173229
11
1.3733666535433071
21
1.4210269291338582
0
LINE
8
BLACK
6
CONTINUOUS
10
1.3733666535433071
20
1.4210269291338582
11
1.3727253543307085
21
1.4219867322834645
0
LINE
8
BLACK
6
CONTINUOUS
10
1.3727253543307085
20
1.4219867322834645
11
1.3725470078740156
21
1.4228832283464568
0
LINE
8
BLACK
6
CONTINUOUS
10
1.3725470078740156
20
1.4228832283464568
11
1.3723448425196849
21
1.4233411417322834
0
LINE
8
BLACK
6
CONTINUOUS
10
1.3723448425196849
20
1.4233411417322834
11
1.3721893307086614
21
1.4246814173228346
0
LINE
8
BLACK
6
CONTINUOUS
10
1.3721893307086614
20
1.4246814173228346
11
1.3721259842519684
21
1.425
0
LINE
8
BLACK
6
CONTINUOUS
10
1.3721259842519684
20
1.425
11
1.3721259842519684
21
1.4849999999999999
0
LINE
8
BLACK
6
CONTINUOUS
10
1.3721259842519684
20
1.4849999999999999
11
1.3721893700787402
21
1.4853187007874016
0
LINE
8
BLACK
6
CONTINUOUS
10
1.3721893700787402
20
1.4853187007874016
11
1.3723448425196849
21
1.4866588188976377
0
LINE
8
BLACK
6
CONTINUOUS
10
1.3723448425196849
20
1.4866588188976377
11
1.3725470078740156
21
1.4871166929133859
0
LINE
8
BLACK
6
CONTINUOUS
10
1.3725470078740156
20
1.4871166929133859
11
1.3727253543307085
21
1.4880132677165354
0
LINE
8
BLACK
6
CONTINUOUS
10
1.3727253543307085
20
1.4880132677165354
11
1.3733666929133859
21
1.4889731102362205
0
LINE
8
BLACK
6
CONTINUOUS
10
1.3733666929133859
20
1.4889731102362205
11
1.3735601968503937
21
1.4894112992125983
0
LINE
8
BLACK
6
CONTINUOUS
10
1.3735601968503937
20
1.4894112992125983
11
1.3738594881889763
21
1.4897105905511812
0
LINE
8
BLACK
6
CONTINUOUS
10
1.3738594881889763
20
1.4897105905511812
11
1.3744322440944881
21
1.4905677559055117
0
LINE
8
BLACK
6
CONTINUOUS
10
1.3744322440944881
20
1.4905677559055117
11
1.3752893700787401
21
1.4911404724409449
0
LINE
8
BLACK
6
CONTINUOUS
10
1.3752893700787401
20
1.4911404724409449
11
1.3755886614173227
21
1.4914397637795276
0
LINE
8
BLACK
6
CONTINUOUS
10
1.3755886614173227
20
1.4914397637795276
11
1.3760267716535433
21
1.4916331889763779
0
LINE
8
BLACK
6
CONTINUOUS
10
1.3760267716535433
20
1.4916331889763779
11
1.3769867322834646
21
1.4922746456692912
0
LINE
8
BLACK
6
CONTINUOUS
10
1.3769867322834646
20
1.4922746456692912
11
1.3778833858267716
21
1.4924529921259841
0
LINE
8
BLACK
6
CONTINUOUS
10
1.3778833858267716
20
1.4924529921259841
11
1.3783411417322835
21
1.4926551181102361
0
LINE
8
BLACK
6
CONTINUOUS
10
1.3783411417322835
20
1.4926551181102361
11
1.3796809448818896
21
1.4928105511811023
0
LINE
8
BLACK
6
CONTINUOUS
10
1.3796809448818896
20
1.4928105511811023
11
1.3799999999999999
21
1.4928740157480314
0
LINE
8
BLACK
6
CONTINUOUS
10
1.3799999999999999
20
1.4928740157480314
11
1.4399999999999999
21
1.4928740157480314
0
LINE
8
BLACK
6
CONTINUOUS
10
1.4399999999999999
20
1.4928740157480314
11
1.4403191732283465
21
1.4928105118110235
  0
ENDSEC
  0
EOF
