  0
SECTION
  2
HEADER
  9
$ANGBASE
  50
0.0
  9
$ANGDIR
  70
1
  9
$MEASUREMENT
  70
0
  0
ENDSEC
  0
SECTION
  2
TABLES
  0
TABLE
  2
LTYPE
  70
4
  0
LTYPE
  5
40F
  2
CONTINUOUS
  70
0
  3
Solid line
  72
65
  73
0
  40
0.0
  0
LTYPE
  5
410
  2
DASHDOT
 70
0
  3
Dash Dot ____ _ ____ _
 72
65
 73
4
 40
2.0
 49
1.25
 49
-0.25
 49
0.25
 49
-0.25
  0
LTYPE
  5
411
  2
DASHED
 70
0
  3
Dashed __ __ __ __ __
 72
65
 73
2
 40
0.75
 49
0.5
 49
-0.25
  0
LTYPE
  5
43B
  2
DOTTED
 70
0
  3
Dotted .  .  .  .
 72
65
 73
2
 40
0.2
 49
0.0
 49
-0.2
  0
ENDTAB
  0
TABLE
  2
STYLE
  70
4
  0
STYLE
  2
KICAD
  70
0
  40
0
  41
1
  42
1
  50
0
  71
0
  3
isocp.shx
  0
STYLE
  2
KICADB
  70
0
  40
0
  41
1
  42
1
  50
0
  71
0
  3
isocp.shx
  0
STYLE
  2
KICADI
  70
0
  40
0
  41
1
  42
1
  50
15
  71
0
  3
isocp.shx
  0
STYLE
  2
KICADBI
  70
0
  40
0
  41
1
  42
1
  50
15
  71
0
  3
isocp.shx
  0
ENDTAB
  0
TABLE
  2
LAYER
  70
1
  0
LAYER
  2
BLACK
  70
0
  62
7
  6
CONTINUOUS
  0
ENDTAB
  0
ENDSEC
  0
SECTION
  2
ENTITIES
0
LINE
8
BLACK
6
CONTINUOUS
10
1.0527212992125985
20
1.0242125196850393
11
1.0545517322834645
21
1.0221000787401575
0
LINE
8
BLACK
6
CONTINUOUS
10
1.0545517322834645
20
1.0221000787401575
11
1.0549999999999999
21
1.0200393700787402
0
LINE
8
BLACK
6
CONTINUOUS
10
1.0549999999999999
20
1.0200393700787402
11
1.0549999999999999
21
0.7449999212598425
0
LINE
8
BLACK
6
CONTINUOUS
10
1.0549999999999999
20
0.7449999212598425
11
1.0735470472440944
21
0.7264529133858267
0
LINE
8
BLACK
6
CONTINUOUS
10
1.0735470472440944
20
0.7264529133858267
11
1.074886653543307
21
0.7239996850393701
0
LINE
8
BLACK
6
CONTINUOUS
10
1.074886653543307
20
0.7239996850393701
11
1.075
21
0.7229452362204725
0
LINE
8
BLACK
6
CONTINUOUS
10
1.075
20
0.7229452362204725
11
1.075
21
0.6070547244094489
0
LINE
8
BLACK
6
CONTINUOUS
10
1.075
20
0.6070547244094489
11
1.0742125196850394
21
0.6043727952755905
0
LINE
8
BLACK
6
CONTINUOUS
10
1.0742125196850394
20
0.6043727952755905
11
1.0735470472440944
21
0.6035470472440945
0
LINE
8
BLACK
6
CONTINUOUS
10
1.0735470472440944
20
0.6035470472440945
11
0.985
21
0.5150000393700788
0
LINE
8
BLACK
6
CONTINUOUS
10
0.985
20
0.5150000393700788
11
0.985
21
0.3081496062992126
0
LINE
8
BLACK
6
CONTINUOUS
10
0.985
20
0.3081496062992126
11
0.985
21
0.1581496062992126
0
LINE
8
BLACK
6
CONTINUOUS
10
0.985
20
0.1581496062992126
11
0.835
21
0.1581496062992126
0
LINE
8
BLACK
6
CONTINUOUS
10
0.835
20
0.1581496062992126
11
0.835
21
0.16
0
LINE
8
BLACK
6
CONTINUOUS
10
0.835
20
0.16
11
0.8299606299212599
21
0.16
0
LINE
8
BLACK
6
CONTINUOUS
10
0.8299606299212599
20
0.16
11
0.8272787007874015
21
0.1607874803149606
0
LINE
8
BLACK
6
CONTINUOUS
10
0.8272787007874015
20
0.1607874803149606
11
0.8254482677165355
21
0.1628999212598425
0
LINE
8
BLACK
6
CONTINUOUS
10
0.8254482677165355
20
0.1628999212598425
11
0.825
21
0.1649606299212598
0
LINE
8
BLACK
6
CONTINUOUS
10
0.825
20
0.1649606299212598
11
0.825
21
0.6187794094488189
0
LINE
8
BLACK
6
CONTINUOUS
10
0.825
20
0.6187794094488189
11
0.8254971653543307
21
0.6208
0
LINE
8
BLACK
6
CONTINUOUS
10
0.8254971653543307
20
0.6208
11
0.8191999999999999
21
0.6208
0
LINE
8
BLACK
6
CONTINUOUS
10
0.8191999999999999
20
0.6208
11
0.8191999999999999
21
0.7108483464566929
0
LINE
8
BLACK
6
CONTINUOUS
10
0.8191999999999999
20
0.7108483464566929
11
0.7909538582677165
21
0.7390944881889764
0
LINE
8
BLACK
6
CONTINUOUS
10
0.7909538582677165
20
0.7390944881889764
11
0.5924461417322835
21
0.7390944881889764
0
LINE
8
BLACK
6
CONTINUOUS
10
0.5924461417322835
20
0.7390944881889764
11
0.5343834645669291
21
0.681031811023622
0
LINE
8
BLACK
6
CONTINUOUS
10
0.5343834645669291
20
0.681031811023622
11
0.534977283464567
21
0.6798664173228346
0
LINE
8
BLACK
6
CONTINUOUS
10
0.534977283464567
20
0.6798664173228346
11
0.535748031496063
21
0.6749999999999999
0
LINE
8
BLACK
6
CONTINUOUS
10
0.535748031496063
20
0.6749999999999999
11
0.534977283464567
21
0.6701335826771654
0
LINE
8
BLACK
6
CONTINUOUS
10
0.534977283464567
20
0.6701335826771654
11
0.5327404330708662
21
0.6657435433070866
0
LINE
8
BLACK
6
CONTINUOUS
10
0.5327404330708662
20
0.6657435433070866
11
0.5292564566929133
21
0.6622595669291338
0
LINE
8
BLACK
6
CONTINUOUS
10
0.5292564566929133
20
0.6622595669291338
11
0.5248664173228347
21
0.6600227165354331
0
LINE
8
BLACK
6
CONTINUOUS
10
0.5248664173228347
20
0.6600227165354331
11
0.52
21
0.659251968503937
0
LINE
8
BLACK
6
CONTINUOUS
10
0.52
20
0.659251968503937
11
0.5151335826771654
21
0.6600227165354331
0
LINE
8
BLACK
6
CONTINUOUS
10
0.5151335826771654
20
0.6600227165354331
11
0.5107435433070866
21
0.6622595669291338
0
LINE
8
BLACK
6
CONTINUOUS
10
0.5107435433070866
20
0.6622595669291338
11
0.5072595669291339
21
0.6657435433070866
0
LINE
8
BLACK
6
CONTINUOUS
10
0.5072595669291339
20
0.6657435433070866
11
0.5055521653543307
21
0.6690944881889763
0
LINE
8
BLACK
6
CONTINUOUS
10
0.5055521653543307
20
0.6690944881889763
11
0.4875
21
0.6690944881889763
0
LINE
8
BLACK
6
CONTINUOUS
10
0.4875
20
0.6690944881889763
11
0.4875
21
0.6475
0
LINE
8
BLACK
6
CONTINUOUS
10
0.4875
20
0.6475
11
0.4525
21
0.6475
0
LINE
8
BLACK
6
CONTINUOUS
10
0.4525
20
0.6475
11
0.4525
21
0.7025
0
LINE
8
BLACK
6
CONTINUOUS
10
0.4525
20
0.7025
11
0.4875
21
0.7025
0
LINE
8
BLACK
6
CONTINUOUS
10
0.4875
20
0.7025
11
0.4875
21
0.6809055118110237
0
LINE
8
BLACK
6
CONTINUOUS
10
0.4875
20
0.6809055118110237
11
0.5055521653543307
21
0.6809055118110237
0
LINE
8
BLACK
6
CONTINUOUS
10
0.5055521653543307
20
0.6809055118110237
11
0.5072595669291339
21
0.6842564566929134
0
LINE
8
BLACK
6
CONTINUOUS
10
0.5072595669291339
20
0.6842564566929134
11
0.5107435433070866
21
0.6877404330708661
0
LINE
8
BLACK
6
CONTINUOUS
10
0.5107435433070866
20
0.6877404330708661
11
0.5151335826771654
21
0.6899772834645669
0
LINE
8
BLACK
6
CONTINUOUS
10
0.5151335826771654
20
0.6899772834645669
11
0.52
21
0.690748031496063
0
LINE
8
BLACK
6
CONTINUOUS
10
0.52
20
0.690748031496063
11
0.5248664173228347
21
0.6899772834645669
0
LINE
8
BLACK
6
CONTINUOUS
10
0.5248664173228347
20
0.6899772834645669
11
0.5260318110236221
21
0.6893834645669291
0
LINE
8
BLACK
6
CONTINUOUS
10
0.5260318110236221
20
0.6893834645669291
11
0.5858241732283465
21
0.7491758267716535
0
LINE
8
BLACK
6
CONTINUOUS
10
0.5858241732283465
20
0.7491758267716535
11
0.5864974409448819
21
0.7495645275590551
0
LINE
8
BLACK
6
CONTINUOUS
10
0.5864974409448819
20
0.7495645275590551
11
0.5870472440944882
21
0.7501143307086614
0
LINE
8
BLACK
6
CONTINUOUS
10
0.5870472440944882
20
0.7501143307086614
11
0.5877981889763779
21
0.7503155511811024
0
LINE
8
BLACK
6
CONTINUOUS
10
0.5877981889763779
20
0.7503155511811024
11
0.5884715354330708
21
0.7507042913385826
0
LINE
8
BLACK
6
CONTINUOUS
10
0.5884715354330708
20
0.7507042913385826
11
0.5892490157480315
21
0.7507042913385826
0
LINE
8
BLACK
6
CONTINUOUS
10
0.5892490157480315
20
0.7507042913385826
11
0.59
21
0.7509055118110236
0
LINE
8
BLACK
6
CONTINUOUS
10
0.59
20
0.7509055118110236
11
0.7949999999999999
21
0.7509055118110236
0
LINE
8
BLACK
6
CONTINUOUS
10
0.7949999999999999
20
0.7509055118110236
11
0.7979527559055118
21
0.7501143307086614
0
LINE
8
BLACK
6
CONTINUOUS
10
0.7979527559055118
20
0.7501143307086614
11
0.8001143307086614
21
0.7479527559055118
0
LINE
8
BLACK
6
CONTINUOUS
10
0.8001143307086614
20
0.7479527559055118
11
0.8005957874015748
21
0.7461558267716535
0
LINE
8
BLACK
6
CONTINUOUS
10
0.8005957874015748
20
0.7461558267716535
11
0.8275516535433071
21
0.7192
0
LINE
8
BLACK
6
CONTINUOUS
10
0.8275516535433071
20
0.7192
11
0.8769618897637795
21
0.7192
0
LINE
8
BLACK
6
CONTINUOUS
10
0.8769618897637795
20
0.7192
11
0.879648779527559
21
0.7243295275590551
0
LINE
8
BLACK
6
CONTINUOUS
10
0.879648779527559
20
0.7243295275590551
11
0.8805353543307086
21
0.7255353543307086
0
LINE
8
BLACK
6
CONTINUOUS
10
0.8805353543307086
20
0.7255353543307086
11
0.9549999606299212
21
0.7999999212598425
0
LINE
8
BLACK
6
CONTINUOUS
10
0.9549999606299212
20
0.7999999212598425
11
0.955
21
0.7999999999999999
0
LINE
8
BLACK
6
CONTINUOUS
10
0.955
20
0.7999999999999999
11
0.955
21
1.0200393700787402
0
LINE
8
BLACK
6
CONTINUOUS
10
0.955
20
1.0200393700787402
11
0.9557874803149606
21
1.0227212992125985
0
LINE
8
BLACK
6
CONTINUOUS
10
0.9557874803149606
20
1.0227212992125985
11
0.9578999212598425
21
1.0245517322834645
0
LINE
8
BLACK
6
CONTINUOUS
10
0.9578999212598425
20
1.0245517322834645
11
0.9599606299212599
21
1.0249999999999999
0
LINE
8
BLACK
6
CONTINUOUS
10
0.9599606299212599
20
1.0249999999999999
11
1.05003937007874
21
1.0249999999999999
0
LINE
8
BLACK
6
CONTINUOUS
10
1.05003937007874
20
1.0249999999999999
11
1.0527212992125985
21
1.0242125196850393
0
LINE
8
BLACK
6
CONTINUOUS
10
0.6256272047244095
20
0.9342125196850394
11
0.6264529527559055
21
0.9335470472440944
0
LINE
8
BLACK
6
CONTINUOUS
10
0.6264529527559055
20
0.9335470472440944
11
0.6699999212598425
21
0.89
0
LINE
8
BLACK
6
CONTINUOUS
10
0.6699999212598425
20
0.89
11
0.67
21
0.89
0
LINE
8
BLACK
6
CONTINUOUS
10
0.67
20
0.89
11
0.6889028346456693
21
0.89
0
LINE
8
BLACK
6
CONTINUOUS
10
0.6889028346456693
20
0.89
11
0.6915847637795275
21
0.8892125196850393
0
LINE
8
BLACK
6
CONTINUOUS
10
0.6915847637795275
20
0.8892125196850393
11
0.691949094488189
21
0.8889544094488189
0
LINE
8
BLACK
6
CONTINUOUS
10
0.691949094488189
20
0.8889544094488189
11
0.6924500393700788
21
0.8885645275590551
0
LINE
8
BLACK
6
CONTINUOUS
10
0.6924500393700788
20
0.8885645275590551
11
0.6925541338582677
21
0.8884835433070866
0
LINE
8
BLACK
6
CONTINUOUS
10
0.6925541338582677
20
0.8884835433070866
11
0.6928088582677165
21
0.8883456692913385
0
LINE
8
BLACK
6
CONTINUOUS
10
0.6928088582677165
20
0.8883456692913385
11
0.6930683070866142
21
0.8882188582677165
0
LINE
8
BLACK
6
CONTINUOUS
10
0.6930683070866142
20
0.8882188582677165
11
0.694903031496063
21
0.8876725984251969
0
LINE
8
BLACK
6
CONTINUOUS
10
0.694903031496063
20
0.8876725984251969
11
0.6950979527559055
21
0.8876101574803149
0
LINE
8
BLACK
6
CONTINUOUS
10
0.6950979527559055
20
0.8876101574803149
11
0.6969099212598425
21
0.8869881889763779
0
LINE
8
BLACK
6
CONTINUOUS
10
0.6969099212598425
20
0.8869881889763779
11
0.6971946062992126
21
0.8869406692913385
0
LINE
8
BLACK
6
CONTINUOUS
10
0.6971946062992126
20
0.8869406692913385
11
0.697482125984252
21
0.8869048031496063
0
LINE
8
BLACK
6
CONTINUOUS
10
0.697482125984252
20
0.8869048031496063
11
0.6993356299212599
21
0.8869814960629921
0
LINE
8
BLACK
6
CONTINUOUS
10
0.6993356299212599
20
0.8869814960629921
11
0.6993944881889763
21
0.886983937007874
0
LINE
8
BLACK
6
CONTINUOUS
10
0.6993944881889763
20
0.886983937007874
11
0.6995994881889763
21
0.8869881889763779
0
LINE
8
BLACK
6
CONTINUOUS
10
0.6995994881889763
20
0.8869881889763779
11
0.8711417322834646
21
0.8869881889763779
0
LINE
8
BLACK
6
CONTINUOUS
10
0.8711417322834646
20
0.8869881889763779
11
0.8711417322834646
21
0.887007874015748
0
LINE
8
BLACK
6
CONTINUOUS
10
0.8711417322834646
20
0.887007874015748
11
0.9183858267716535
21
0.887007874015748
0
LINE
8
BLACK
6
CONTINUOUS
10
0.9183858267716535
20
0.887007874015748
11
0.9183858267716535
21
0.8854337795275591
0
LINE
8
BLACK
6
CONTINUOUS
10
0.9183858267716535
20
0.8854337795275591
11
0.9195517322834645
21
0.8840882677165354
0
LINE
8
BLACK
6
CONTINUOUS
10
0.9195517322834645
20
0.8840882677165354
11
0.9199999999999999
21
0.8820275590551181
0
LINE
8
BLACK
6
CONTINUOUS
10
0.9199999999999999
20
0.8820275590551181
11
0.9199999999999999
21
0.8770547244094488
0
LINE
8
BLACK
6
CONTINUOUS
10
0.9199999999999999
20
0.8770547244094488
11
0.9192125196850394
21
0.8743727952755905
0
LINE
8
BLACK
6
CONTINUOUS
10
0.9192125196850394
20
0.8743727952755905
11
0.9185470472440944
21
0.8735470472440945
0
LINE
8
BLACK
6
CONTINUOUS
10
0.9185470472440944
20
0.8735470472440945
11
0.8214529527559055
21
0.7764529527559055
0
LINE
8
BLACK
6
CONTINUOUS
10
0.8214529527559055
20
0.7764529527559055
11
0.8189997244094488
21
0.7751133464566929
0
LINE
8
BLACK
6
CONTINUOUS
10
0.8189997244094488
20
0.7751133464566929
11
0.8179452755905512
21
0.775
0
LINE
8
BLACK
6
CONTINUOUS
10
0.8179452755905512
20
0.775
11
0.48
21
0.775
0
LINE
8
BLACK
6
CONTINUOUS
10
0.48
20
0.775
11
0.415
21
0.775
0
LINE
8
BLACK
6
CONTINUOUS
10
0.415
20
0.775
11
0.415
21
0.6520547244094488
0
LINE
8
BLACK
6
CONTINUOUS
10
0.415
20
0.6520547244094488
11
0.4142125196850394
21
0.6493727952755906
0
LINE
8
BLACK
6
CONTINUOUS
10
0.4142125196850394
20
0.6493727952755906
11
0.4135470472440945
21
0.6485470472440945
0
LINE
8
BLACK
6
CONTINUOUS
10
0.4135470472440945
20
0.6485470472440945
11
0.3364529527559055
21
0.5714529527559055
0
LINE
8
BLACK
6
CONTINUOUS
10
0.3364529527559055
20
0.5714529527559055
11
0.3353
21
0.5708233464566929
0
LINE
8
BLACK
6
CONTINUOUS
10
0.3353
20
0.5708233464566929
11
0.3353
21
0.5708
0
LINE
8
BLACK
6
CONTINUOUS
10
0.3353
20
0.5708
11
0.3352572047244095
21
0.5708
0
LINE
8
BLACK
6
CONTINUOUS
10
0.3352572047244095
20
0.5708
11
0.3339997244094488
21
0.5701133464566929
0
LINE
8
BLACK
6
CONTINUOUS
10
0.3339997244094488
20
0.5701133464566929
11
0.3329452755905511
21
0.57
0
LINE
8
BLACK
6
CONTINUOUS
10
0.3329452755905511
20
0.57
11
0.2470547244094488
21
0.57
0
LINE
8
BLACK
6
CONTINUOUS
10
0.2470547244094488
20
0.57
11
0.2443727952755906
21
0.5707874803149606
0
LINE
8
BLACK
6
CONTINUOUS
10
0.2443727952755906
20
0.5707874803149606
11
0.2435470472440945
21
0.5714529527559055
0
LINE
8
BLACK
6
CONTINUOUS
10
0.2435470472440945
20
0.5714529527559055
11
0.1714529527559055
21
0.6435470472440945
0
LINE
8
BLACK
6
CONTINUOUS
10
0.1714529527559055
20
0.6435470472440945
11
0.1701133464566929
21
0.6460002755905512
0
LINE
8
BLACK
6
CONTINUOUS
10
0.1701133464566929
20
0.6460002755905512
11
0.17
21
0.6470547244094488
0
LINE
8
BLACK
6
CONTINUOUS
10
0.17
20
0.6470547244094488
11
0.17
21
0.775
0
LINE
8
BLACK
6
CONTINUOUS
10
0.17
20
0.775
11
0.1349606299212598
21
0.775
0
LINE
8
BLACK
6
CONTINUOUS
10
0.1349606299212598
20
0.775
11
0.1331496062992126
21
0.775
0
LINE
8
BLACK
6
CONTINUOUS
10
0.1331496062992126
20
0.775
11
0.1331496062992126
21
0.7755317322834645
0
LINE
8
BLACK
6
CONTINUOUS
10
0.1331496062992126
20
0.7755317322834645
11
0.1322787007874016
21
0.7757874803149606
0
LINE
8
BLACK
6
CONTINUOUS
10
0.1322787007874016
20
0.7757874803149606
11
0.1304482677165354
21
0.7778999212598425
0
LINE
8
BLACK
6
CONTINUOUS
10
0.1304482677165354
20
0.7778999212598425
11
0.13
21
0.7799606299212598
0
LINE
8
BLACK
6
CONTINUOUS
10
0.13
20
0.7799606299212598
11
0.13
21
0.9300393700787402
0
LINE
8
BLACK
6
CONTINUOUS
10
0.13
20
0.9300393700787402
11
0.1307874803149606
21
0.9327212992125984
0
LINE
8
BLACK
6
CONTINUOUS
10
0.1307874803149606
20
0.9327212992125984
11
0.1328999212598425
21
0.9345517322834646
0
LINE
8
BLACK
6
CONTINUOUS
10
0.1328999212598425
20
0.9345517322834646
11
0.1349606299212598
21
0.9349999999999999
0
LINE
8
BLACK
6
CONTINUOUS
10
0.1349606299212598
20
0.9349999999999999
11
0.6229452755905511
21
0.9349999999999999
0
LINE
8
BLACK
6
CONTINUOUS
10
0.6229452755905511
20
0.9349999999999999
11
0.6256272047244095
21
0.9342125196850394
0
LINE
8
BLACK
6
CONTINUOUS
10
1.8600393700787401
20
0.9249999999999999
11
1.8618503937007873
21
0.9249999999999999
0
LINE
8
BLACK
6
CONTINUOUS
10
1.8618503937007873
20
0.9249999999999999
11
1.8618503937007873
21
0.9244682283464567
0
LINE
8
BLACK
6
CONTINUOUS
10
1.8618503937007873
20
0.9244682283464567
11
1.8627212992125983
21
0.9242125196850394
0
LINE
8
BLACK
6
CONTINUOUS
10
1.8627212992125983
20
0.9242125196850394
11
1.8645517322834646
21
0.9221000787401574
0
LINE
8
BLACK
6
CONTINUOUS
10
1.8645517322834646
20
0.9221000787401574
11
1.865
21
0.9200393700787401
0
LINE
8
BLACK
6
CONTINUOUS
10
1.865
20
0.9200393700787401
11
1.865
21
0.7799606299212598
0
LINE
8
BLACK
6
CONTINUOUS
10
1.865
20
0.7799606299212598
11
1.8642125196850394
21
0.7772787007874016
0
LINE
8
BLACK
6
CONTINUOUS
10
1.8642125196850394
20
0.7772787007874016
11
1.8621000787401574
21
0.7754482677165354
0
LINE
8
BLACK
6
CONTINUOUS
10
1.8621000787401574
20
0.7754482677165354
11
1.8618503937007873
21
0.775393937007874
0
LINE
8
BLACK
6
CONTINUOUS
10
1.8618503937007873
20
0.775393937007874
11
1.8618503937007873
21
0.775
0
LINE
8
BLACK
6
CONTINUOUS
10
1.8618503937007873
20
0.775
11
1.8600393700787401
21
0.775
0
LINE
8
BLACK
6
CONTINUOUS
10
1.8600393700787401
20
0.775
11
1.8499999999999999
21
0.775
0
LINE
8
BLACK
6
CONTINUOUS
10
1.8499999999999999
20
0.775
11
1.8499999999999999
21
0.7025
0
LINE
8
BLACK
6
CONTINUOUS
10
1.8499999999999999
20
0.7025
11
1.8525
21
0.7025
0
LINE
8
BLACK
6
CONTINUOUS
10
1.8525
20
0.7025
11
1.8525
21
0.6475
0
LINE
8
BLACK
6
CONTINUOUS
10
1.8525
20
0.6475
11
1.8499999999999999
21
0.6475
0
LINE
8
BLACK
6
CONTINUOUS
10
1.8499999999999999
20
0.6475
11
1.8499999999999999
21
0.6470547244094488
0
LINE
8
BLACK
6
CONTINUOUS
10
1.8499999999999999
20
0.6470547244094488
11
1.8492125196850393
21
0.6443727952755905
0
LINE
8
BLACK
6
CONTINUOUS
10
1.8492125196850393
20
0.6443727952755905
11
1.8485470472440944
21
0.6435470472440945
0
LINE
8
BLACK
6
CONTINUOUS
10
1.8485470472440944
20
0.6435470472440945
11
1.8014529527559056
21
0.5964529527559055
0
LINE
8
BLACK
6
CONTINUOUS
10
1.8014529527559056
20
0.5964529527559055
11
1.7989997244094489
21
0.5951133464566929
0
LINE
8
BLACK
6
CONTINUOUS
10
1.7989997244094489
20
0.5951133464566929
11
1.7979452755905512
21
0.595
0
LINE
8
BLACK
6
CONTINUOUS
10
1.7979452755905512
20
0.595
11
1.6870547244094487
21
0.595
0
LINE
8
BLACK
6
CONTINUOUS
10
1.6870547244094487
20
0.595
11
1.6843727952755905
21
0.5957874803149606
0
LINE
8
BLACK
6
CONTINUOUS
10
1.6843727952755905
20
0.5957874803149606
11
1.6835470472440945
21
0.5964529527559055
0
LINE
8
BLACK
6
CONTINUOUS
10
1.6835470472440945
20
0.5964529527559055
11
1.6299999999999999
21
0.65
0
LINE
8
BLACK
6
CONTINUOUS
10
1.6299999999999999
20
0.65
11
1.5999606299212599
21
0.65
0
LINE
8
BLACK
6
CONTINUOUS
10
1.5999606299212599
20
0.65
11
1.595
21
0.65
0
LINE
8
BLACK
6
CONTINUOUS
10
1.595
20
0.65
11
1.595
21
0.705
0
LINE
8
BLACK
6
CONTINUOUS
10
1.595
20
0.705
11
1.595
21
0.775
0
LINE
8
BLACK
6
CONTINUOUS
10
1.595
20
0.775
11
1.1920547244094488
21
0.775
0
LINE
8
BLACK
6
CONTINUOUS
10
1.1920547244094488
20
0.775
11
1.1893727952755906
21
0.7757874803149606
0
LINE
8
BLACK
6
CONTINUOUS
10
1.1893727952755906
20
0.7757874803149606
11
1.1885470472440944
21
0.7764529527559055
0
LINE
8
BLACK
6
CONTINUOUS
10
1.1885470472440944
20
0.7764529527559055
11
1.0914529527559056
21
0.8735470472440945
0
LINE
8
BLACK
6
CONTINUOUS
10
1.0914529527559056
20
0.8735470472440945
11
1.0901133464566928
21
0.8760002755905512
0
LINE
8
BLACK
6
CONTINUOUS
10
1.0901133464566928
20
0.8760002755905512
11
1.0900000000000001
21
0.8770547244094488
0
LINE
8
BLACK
6
CONTINUOUS
10
1.0900000000000001
20
0.8770547244094488
11
1.0900000000000001
21
0.8820275590551181
0
LINE
8
BLACK
6
CONTINUOUS
10
1.0900000000000001
20
0.8820275590551181
11
1.0907874803149606
21
0.8847094881889763
0
LINE
8
BLACK
6
CONTINUOUS
10
1.0907874803149606
20
0.8847094881889763
11
1.0916141732283464
21
0.8854257874015747
0
LINE
8
BLACK
6
CONTINUOUS
10
1.0916141732283464
20
0.8854257874015747
11
1.0916141732283464
21
0.887007874015748
0
LINE
8
BLACK
6
CONTINUOUS
10
1.0916141732283464
20
0.887007874015748
11
1.1388582677165353
21
0.887007874015748
0
LINE
8
BLACK
6
CONTINUOUS
10
1.1388582677165353
20
0.887007874015748
11
1.1388582677165353
21
0.8869881889763779
0
LINE
8
BLACK
6
CONTINUOUS
10
1.1388582677165353
20
0.8869881889763779
11
1.1848302755905511
21
0.8869881889763779
0
LINE
8
BLACK
6
CONTINUOUS
10
1.1848302755905511
20
0.8869881889763779
11
1.1875122047244093
21
0.8862007086614173
0
LINE
8
BLACK
6
CONTINUOUS
10
1.1875122047244093
20
0.8862007086614173
11
1.1893426377952756
21
0.8840882677165354
0
LINE
8
BLACK
6
CONTINUOUS
10
1.1893426377952756
20
0.8840882677165354
11
1.1894128740157479
21
0.8839268897637795
0
LINE
8
BLACK
6
CONTINUOUS
10
1.1894128740157479
20
0.8839268897637795
11
1.1914445669291338
21
0.8790220078740157
0
LINE
8
BLACK
6
CONTINUOUS
10
1.1914445669291338
20
0.8790220078740157
11
1.1914446062992126
21
0.879021968503937
0
LINE
8
BLACK
6
CONTINUOUS
10
1.1914446062992126
20
0.879021968503937
11
1.1914446062992126
21
0.8790219291338582
0
LINE
8
BLACK
6
CONTINUOUS
10
1.1914446062992126
20
0.8790219291338582
11
1.195234094488189
21
0.8740833858267716
0
LINE
8
BLACK
6
CONTINUOUS
10
1.195234094488189
20
0.8740833858267716
11
1.2001726377952755
21
0.8702938976377953
0
LINE
8
BLACK
6
CONTINUOUS
10
1.2001726377952755
20
0.8702938976377953
11
1.2001727559055118
21
0.8702938188976378
0
LINE
8
BLACK
6
CONTINUOUS
10
1.2001727559055118
20
0.8702938188976378
11
1.2059238976377953
21
0.8679116141732284
0
LINE
8
BLACK
6
CONTINUOUS
10
1.2059238976377953
20
0.8679116141732284
11
1.212095590551181
21
0.8670991338582676
0
LINE
8
BLACK
6
CONTINUOUS
10
1.212095590551181
20
0.8670991338582676
11
1.2182672440944882
21
0.8679116141732284
0
LINE
8
BLACK
6
CONTINUOUS
10
1.2182672440944882
20
0.8679116141732284
11
1.2240183858267717
21
0.8702938188976378
0
LINE
8
BLACK
6
CONTINUOUS
10
1.2240183858267717
20
0.8702938188976378
11
1.224018503937008
21
0.8702938976377953
0
LINE
8
BLACK
6
CONTINUOUS
10
1.224018503937008
20
0.8702938976377953
11
1.2289570866141732
21
0.8740833858267716
0
LINE
8
BLACK
6
CONTINUOUS
10
1.2289570866141732
20
0.8740833858267716
11
1.2327466141732284
21
0.8790220078740157
0
LINE
8
BLACK
6
CONTINUOUS
10
1.2327466141732284
20
0.8790220078740157
11
1.2351288188976377
21
0.8847731496062992
0
LINE
8
BLACK
6
CONTINUOUS
10
1.2351288188976377
20
0.8847731496062992
11
1.2352490944881889
21
0.885686811023622
0
LINE
8
BLACK
6
CONTINUOUS
10
1.2352490944881889
20
0.885686811023622
11
1.2363798818897638
21
0.8882429921259842
0
LINE
8
BLACK
6
CONTINUOUS
10
1.2363798818897638
20
0.8882429921259842
11
1.2387131102362205
21
0.8897820866141732
0
LINE
8
BLACK
6
CONTINUOUS
10
1.2387131102362205
20
0.8897820866141732
11
1.2401672834645669
21
0.89
0
LINE
8
BLACK
6
CONTINUOUS
10
1.2401672834645669
20
0.89
11
1.2949999999999999
21
0.89
0
LINE
8
BLACK
6
CONTINUOUS
10
1.2949999999999999
20
0.89
11
1.3285470866141731
21
0.9235470866141732
0
LINE
8
BLACK
6
CONTINUOUS
10
1.3285470866141731
20
0.9235470866141732
11
1.3310002755905512
21
0.9248866141732284
0
LINE
8
BLACK
6
CONTINUOUS
10
1.3310002755905512
20
0.9248866141732284
11
1.3320547244094487
21
0.9249999999999999
0
LINE
8
BLACK
6
CONTINUOUS
10
1.3320547244094487
20
0.9249999999999999
11
1.8600393700787401
21
0.9249999999999999
0
LINE
8
BLACK
6
CONTINUOUS
10
1.905
20
1.188351653543307
11
1.9141758267716535
21
1.1791758267716534
0
LINE
8
BLACK
6
CONTINUOUS
10
1.9141758267716535
20
1.1791758267716534
11
1.914564527559055
21
1.1785025196850394
0
LINE
8
BLACK
6
CONTINUOUS
10
1.914564527559055
20
1.1785025196850394
11
1.9151143307086613
21
1.1779527559055119
0
LINE
8
BLACK
6
CONTINUOUS
10
1.9151143307086613
20
1.1779527559055119
11
1.9153155511811024
21
1.1772017716535432
0
LINE
8
BLACK
6
CONTINUOUS
10
1.9153155511811024
20
1.1772017716535432
11
1.9157042913385827
21
1.1765284645669292
0
LINE
8
BLACK
6
CONTINUOUS
10
1.9157042913385827
20
1.1765284645669292
11
1.9157042913385827
21
1.1757509448818897
0
LINE
8
BLACK
6
CONTINUOUS
10
1.9157042913385827
20
1.1757509448818897
11
1.9159055118110235
21
1.175
0
LINE
8
BLACK
6
CONTINUOUS
10
1.9159055118110235
20
1.175
11
1.9159055118110235
21
0.7494478346456692
0
LINE
8
BLACK
6
CONTINUOUS
10
1.9159055118110235
20
0.7494478346456692
11
1.9192564566929133
21
0.7477404330708661
0
LINE
8
BLACK
6
CONTINUOUS
10
1.9192564566929133
20
0.7477404330708661
11
1.9227404330708662
21
0.7442564566929134
0
LINE
8
BLACK
6
CONTINUOUS
10
1.9227404330708662
20
0.7442564566929134
11
1.9249772834645669
21
0.7398664173228346
0
LINE
8
BLACK
6
CONTINUOUS
10
1.9249772834645669
20
0.7398664173228346
11
1.9257480314960629
21
0.735
0
LINE
8
BLACK
6
CONTINUOUS
10
1.9257480314960629
20
0.735
11
1.9249772834645669
21
0.7301335826771653
0
LINE
8
BLACK
6
CONTINUOUS
10
1.9249772834645669
20
0.7301335826771653
11
1.9227404330708662
21
0.7257435433070866
0
LINE
8
BLACK
6
CONTINUOUS
10
1.9227404330708662
20
0.7257435433070866
11
1.9192564566929133
21
0.7222595669291338
0
LINE
8
BLACK
6
CONTINUOUS
10
1.9192564566929133
20
0.7222595669291338
11
1.9159055118110235
21
0.720552125984252
0
LINE
8
BLACK
6
CONTINUOUS
10
1.9159055118110235
20
0.720552125984252
11
1.9159055118110235
21
0.7025
0
LINE
8
BLACK
6
CONTINUOUS
10
1.9159055118110235
20
0.7025
11
1.9275
21
0.7025
0
LINE
8
BLACK
6
CONTINUOUS
10
1.9275
20
0.7025
11
1.9275
21
0.6475
0
LINE
8
BLACK
6
CONTINUOUS
10
1.9275
20
0.6475
11
1.8924999999999998
21
0.6475
0
LINE
8
BLACK
6
CONTINUOUS
10
1.8924999999999998
20
0.6475
11
1.8924999999999998
21
0.7025
0
LINE
8
BLACK
6
CONTINUOUS
10
1.8924999999999998
20
0.7025
11
1.9040944881889763
21
0.7025
0
LINE
8
BLACK
6
CONTINUOUS
10
1.9040944881889763
20
0.7025
11
1.9040944881889763
21
0.720552125984252
0
LINE
8
BLACK
6
CONTINUOUS
10
1.9040944881889763
20
0.720552125984252
11
1.9007435433070865
21
0.7222595669291338
0
LINE
8
BLACK
6
CONTINUOUS
10
1.9007435433070865
20
0.7222595669291338
11
1.8972595669291339
21
0.7257435433070866
0
LINE
8
BLACK
6
CONTINUOUS
10
1.8972595669291339
20
0.7257435433070866
11
1.895022716535433
21
0.7301335826771653
0
LINE
8
BLACK
6
CONTINUOUS
10
1.895022716535433
20
0.7301335826771653
11
1.894251968503937
21
0.735
0
LINE
8
BLACK
6
CONTINUOUS
10
1.894251968503937
20
0.735
11
1.895022716535433
21
0.7398664173228346
0
LINE
8
BLACK
6
CONTINUOUS
10
1.895022716535433
20
0.7398664173228346
11
1.8972595669291339
21
0.7442564566929134
0
LINE
8
BLACK
6
CONTINUOUS
10
1.8972595669291339
20
0.7442564566929134
11
1.9007435433070865
21
0.7477404330708661
0
LINE
8
BLACK
6
CONTINUOUS
10
1.9007435433070865
20
0.7477404330708661
11
1.9040944881889763
21
0.7494478346456692
0
LINE
8
BLACK
6
CONTINUOUS
10
1.9040944881889763
20
0.7494478346456692
11
1.9040944881889763
21
1.1699999999999999
0
LINE
8
BLACK
6
CONTINUOUS
10
1.9040944881889763
20
1.1699999999999999
11
1.8699999999999999
21
1.1699999999999999
0
LINE
8
BLACK
6
CONTINUOUS
10
1.8699999999999999
20
1.1699999999999999
11
1.8699999999999999
21
1.2249999999999999
0
LINE
8
BLACK
6
CONTINUOUS
10
1.8699999999999999
20
1.2249999999999999
11
1.905
21
1.2249999999999999
0
LINE
8
BLACK
6
CONTINUOUS
10
1.905
20
1.2249999999999999
11
1.905
21
1.188351653543307
0
LINE
8
BLACK
6
CONTINUOUS
10
1.3198664173228347
20
0.7499772834645669
11
1.3242564566929134
21
0.7477404330708661
0
LINE
8
BLACK
6
CONTINUOUS
10
1.3242564566929134
20
0.7477404330708661
11
1.3277404330708662
21
0.7442564566929134
0
LINE
8
BLACK
6
CONTINUOUS
10
1.3277404330708662
20
0.7442564566929134
11
1.3299772834645669
21
0.7398664173228346
0
LINE
8
BLACK
6
CONTINUOUS
10
1.3299772834645669
20
0.7398664173228346
11
1.3307480314960629
21
0.735
0
LINE
8
BLACK
6
CONTINUOUS
10
1.3307480314960629
20
0.735
11
1.3299772834645669
21
0.7301335826771653
0
LINE
8
BLACK
6
CONTINUOUS
10
1.3299772834645669
20
0.7301335826771653
11
1.3277404330708662
21
0.7257435433070866
0
LINE
8
BLACK
6
CONTINUOUS
10
1.3277404330708662
20
0.7257435433070866
11
1.3242564566929134
21
0.7222595669291338
0
LINE
8
BLACK
6
CONTINUOUS
10
1.3242564566929134
20
0.7222595669291338
11
1.3209055118110236
21
0.720552125984252
0
LINE
8
BLACK
6
CONTINUOUS
10
1.3209055118110236
20
0.720552125984252
11
1.3209055118110236
21
0.715
0
LINE
8
BLACK
6
CONTINUOUS
10
1.3209055118110236
20
0.715
11
1.3425
21
0.715
0
LINE
8
BLACK
6
CONTINUOUS
10
1.3425
20
0.715
11
1.3425
21
0.6799999999999999
0
LINE
8
BLACK
6
CONTINUOUS
10
1.3425
20
0.6799999999999999
11
1.2874999999999999
21
0.6799999999999999
0
LINE
8
BLACK
6
CONTINUOUS
10
1.2874999999999999
20
0.6799999999999999
11
1.2874999999999999
21
0.715
0
LINE
8
BLACK
6
CONTINUOUS
10
1.2874999999999999
20
0.715
11
1.3090944881889763
21
0.715
0
LINE
8
BLACK
6
CONTINUOUS
10
1.3090944881889763
20
0.715
11
1.3090944881889763
21
0.720552125984252
0
LINE
8
BLACK
6
CONTINUOUS
10
1.3090944881889763
20
0.720552125984252
11
1.3057435433070865
21
0.7222595669291338
0
LINE
8
BLACK
6
CONTINUOUS
10
1.3057435433070865
20
0.7222595669291338
11
1.3022595669291339
21
0.7257435433070866
0
LINE
8
BLACK
6
CONTINUOUS
10
1.3022595669291339
20
0.7257435433070866
11
1.300022716535433
21
0.7301335826771653
0
LINE
8
BLACK
6
CONTINUOUS
10
1.300022716535433
20
0.7301335826771653
11
1.299251968503937
21
0.735
0
LINE
8
BLACK
6
CONTINUOUS
10
1.299251968503937
20
0.735
11
1.300022716535433
21
0.7398664173228346
0
LINE
8
BLACK
6
CONTINUOUS
10
1.300022716535433
20
0.7398664173228346
11
1.3022595669291339
21
0.7442564566929134
0
LINE
8
BLACK
6
CONTINUOUS
10
1.3022595669291339
20
0.7442564566929134
11
1.3057435433070865
21
0.7477404330708661
0
LINE
8
BLACK
6
CONTINUOUS
10
1.3057435433070865
20
0.7477404330708661
11
1.3101335826771654
21
0.7499772834645669
0
LINE
8
BLACK
6
CONTINUOUS
10
1.3101335826771654
20
0.7499772834645669
11
1.3149999999999999
21
0.750748031496063
0
LINE
8
BLACK
6
CONTINUOUS
10
1.3149999999999999
20
0.750748031496063
11
1.3198664173228347
21
0.7499772834645669
0
LINE
8
BLACK
6
CONTINUOUS
10
1.1388582677165353
20
0.9066929133858268
11
1.2022530708661416
21
0.9066929133858268
0
LINE
8
BLACK
6
CONTINUOUS
10
1.2022530708661416
20
0.9066929133858268
11
1.2030040551181103
21
0.9064916929133858
0
LINE
8
BLACK
6
CONTINUOUS
10
1.2030040551181103
20
0.9064916929133858
11
1.2037815354330708
21
0.9064916929133858
0
LINE
8
BLACK
6
CONTINUOUS
10
1.2037815354330708
20
0.9064916929133858
11
1.204454842519685
21
0.9061029527559055
0
LINE
8
BLACK
6
CONTINUOUS
10
1.204454842519685
20
0.9061029527559055
11
1.2052058267716534
21
0.9059017322834646
0
LINE
8
BLACK
6
CONTINUOUS
10
1.2052058267716534
20
0.9059017322834646
11
1.205755590551181
21
0.9053519291338582
0
LINE
8
BLACK
6
CONTINUOUS
10
1.205755590551181
20
0.9053519291338582
11
1.2059217716535433
21
0.9052559842519685
0
LINE
8
BLACK
6
CONTINUOUS
10
1.2059217716535433
20
0.9052559842519685
11
1.2072291732283464
21
0.9059221653543307
0
LINE
8
BLACK
6
CONTINUOUS
10
1.2072291732283464
20
0.9059221653543307
11
1.212095590551181
21
0.9066929133858268
0
LINE
8
BLACK
6
CONTINUOUS
10
1.212095590551181
20
0.9066929133858268
11
1.2169620078740158
21
0.9059221653543307
0
LINE
8
BLACK
6
CONTINUOUS
10
1.2169620078740158
20
0.9059221653543307
11
1.2213520472440944
21
0.9036853149606299
0
LINE
8
BLACK
6
CONTINUOUS
10
1.2213520472440944
20
0.9036853149606299
11
1.2248360236220472
21
0.9002013385826771
0
LINE
8
BLACK
6
CONTINUOUS
10
1.2248360236220472
20
0.9002013385826771
11
1.2270728740157479
21
0.8958112992125984
0
LINE
8
BLACK
6
CONTINUOUS
10
1.2270728740157479
20
0.8958112992125984
11
1.2278436220472442
21
0.8909448818897637
0
LINE
8
BLACK
6
CONTINUOUS
10
1.2278436220472442
20
0.8909448818897637
11
1.2270728740157479
21
0.8860784645669291
0
LINE
8
BLACK
6
CONTINUOUS
10
1.2270728740157479
20
0.8860784645669291
11
1.2248360236220472
21
0.8816884251968504
0
LINE
8
BLACK
6
CONTINUOUS
10
1.2248360236220472
20
0.8816884251968504
11
1.2213520472440944
21
0.8782044488188976
0
LINE
8
BLACK
6
CONTINUOUS
10
1.2213520472440944
20
0.8782044488188976
11
1.2169620078740158
21
0.8759675984251968
0
LINE
8
BLACK
6
CONTINUOUS
10
1.2169620078740158
20
0.8759675984251968
11
1.212095590551181
21
0.8751968503937008
0
LINE
8
BLACK
6
CONTINUOUS
10
1.212095590551181
20
0.8751968503937008
11
1.2072291732283464
21
0.8759675984251968
0
LINE
8
BLACK
6
CONTINUOUS
10
1.2072291732283464
20
0.8759675984251968
11
1.2028391338582678
21
0.8782044488188976
0
LINE
8
BLACK
6
CONTINUOUS
10
1.2028391338582678
20
0.8782044488188976
11
1.199355157480315
21
0.8816884251968504
0
LINE
8
BLACK
6
CONTINUOUS
10
1.199355157480315
20
0.8816884251968504
11
1.197118307086614
21
0.8860784645669291
0
LINE
8
BLACK
6
CONTINUOUS
10
1.197118307086614
20
0.8860784645669291
11
1.196347559055118
21
0.8909448818897637
0
LINE
8
BLACK
6
CONTINUOUS
10
1.196347559055118
20
0.8909448818897637
11
1.1969711023622047
21
0.8948818897637795
0
LINE
8
BLACK
6
CONTINUOUS
10
1.1969711023622047
20
0.8948818897637795
11
1.1152362204724409
21
0.8948818897637795
0
LINE
8
BLACK
6
CONTINUOUS
10
1.1152362204724409
20
0.8948818897637795
11
1.0916141732283464
21
0.8948818897637795
0
LINE
8
BLACK
6
CONTINUOUS
10
1.0916141732283464
20
0.8948818897637795
11
1.0916141732283464
21
0.9066929133858268
0
LINE
8
BLACK
6
CONTINUOUS
10
1.0916141732283464
20
0.9066929133858268
11
1.1388582677165353
21
0.9066929133858268
0
LINE
8
BLACK
6
CONTINUOUS
10
0.6548664173228347
20
0.9649772834645669
11
0.6592564566929133
21
0.9627404330708661
0
LINE
8
BLACK
6
CONTINUOUS
10
0.6592564566929133
20
0.9627404330708661
11
0.6627404330708662
21
0.9592564566929134
0
LINE
8
BLACK
6
CONTINUOUS
10
0.6627404330708662
20
0.9592564566929134
11
0.6649772834645669
21
0.9548664173228346
0
LINE
8
BLACK
6
CONTINUOUS
10
0.6649772834645669
20
0.9548664173228346
11
0.665748031496063
21
0.95
0
LINE
8
BLACK
6
CONTINUOUS
10
0.665748031496063
20
0.95
11
0.6649772834645669
21
0.9451335826771653
0
LINE
8
BLACK
6
CONTINUOUS
10
0.6649772834645669
20
0.9451335826771653
11
0.6643834645669291
21
0.9439681496062992
0
LINE
8
BLACK
6
CONTINUOUS
10
0.6643834645669291
20
0.9439681496062992
11
0.7016587401574803
21
0.9066929133858268
0
LINE
8
BLACK
6
CONTINUOUS
10
0.7016587401574803
20
0.9066929133858268
11
0.894763779527559
21
0.9066929133858268
0
LINE
8
BLACK
6
CONTINUOUS
10
0.894763779527559
20
0.9066929133858268
11
0.9183858267716535
21
0.9066929133858268
0
LINE
8
BLACK
6
CONTINUOUS
10
0.9183858267716535
20
0.9066929133858268
11
0.9183858267716535
21
0.8948818897637795
0
LINE
8
BLACK
6
CONTINUOUS
10
0.9183858267716535
20
0.8948818897637795
11
0.8711417322834646
21
0.8948818897637795
0
LINE
8
BLACK
6
CONTINUOUS
10
0.8711417322834646
20
0.8948818897637795
11
0.6992125984251968
21
0.8948818897637795
0
LINE
8
BLACK
6
CONTINUOUS
10
0.6992125984251968
20
0.8948818897637795
11
0.6984616141732284
21
0.8950831102362204
0
LINE
8
BLACK
6
CONTINUOUS
10
0.6984616141732284
20
0.8950831102362204
11
0.6976841338582677
21
0.8950831102362204
0
LINE
8
BLACK
6
CONTINUOUS
10
0.6976841338582677
20
0.8950831102362204
11
0.6970107874015747
21
0.8954718110236221
0
LINE
8
BLACK
6
CONTINUOUS
10
0.6970107874015747
20
0.8954718110236221
11
0.696259842519685
21
0.8956730708661417
0
LINE
8
BLACK
6
CONTINUOUS
10
0.696259842519685
20
0.8956730708661417
11
0.6957100393700787
21
0.8962228346456693
0
LINE
8
BLACK
6
CONTINUOUS
10
0.6957100393700787
20
0.8962228346456693
11
0.6950367716535433
21
0.8966115748031496
0
LINE
8
BLACK
6
CONTINUOUS
10
0.6950367716535433
20
0.8966115748031496
11
0.6560318110236221
21
0.9356164960629921
0
LINE
8
BLACK
6
CONTINUOUS
10
0.6560318110236221
20
0.9356164960629921
11
0.6548664173228347
21
0.935022716535433
0
LINE
8
BLACK
6
CONTINUOUS
10
0.6548664173228347
20
0.935022716535433
11
0.65
21
0.934251968503937
0
LINE
8
BLACK
6
CONTINUOUS
10
0.65
20
0.934251968503937
11
0.6451335826771654
21
0.935022716535433
0
LINE
8
BLACK
6
CONTINUOUS
10
0.6451335826771654
20
0.935022716535433
11
0.6407435433070866
21
0.9372595669291338
0
LINE
8
BLACK
6
CONTINUOUS
10
0.6407435433070866
20
0.9372595669291338
11
0.6372595669291339
21
0.9407435433070865
0
LINE
8
BLACK
6
CONTINUOUS
10
0.6372595669291339
20
0.9407435433070865
11
0.6350227165354331
21
0.9451335826771653
0
LINE
8
BLACK
6
CONTINUOUS
10
0.6350227165354331
20
0.9451335826771653
11
0.6342519685039369
21
0.95
0
LINE
8
BLACK
6
CONTINUOUS
10
0.6342519685039369
20
0.95
11
0.6350227165354331
21
0.9548664173228346
0
LINE
8
BLACK
6
CONTINUOUS
10
0.6350227165354331
20
0.9548664173228346
11
0.6372595669291339
21
0.9592564566929134
0
LINE
8
BLACK
6
CONTINUOUS
10
0.6372595669291339
20
0.9592564566929134
11
0.6407435433070866
21
0.9627404330708661
0
LINE
8
BLACK
6
CONTINUOUS
10
0.6407435433070866
20
0.9627404330708661
11
0.6451335826771654
21
0.9649772834645669
0
LINE
8
BLACK
6
CONTINUOUS
10
0.6451335826771654
20
0.9649772834645669
11
0.65
21
0.9657480314960629
0
LINE
8
BLACK
6
CONTINUOUS
10
0.65
20
0.9657480314960629
11
0.6548664173228347
21
0.9649772834645669
0
LINE
8
BLACK
6
CONTINUOUS
10
1.2598664173228347
20
0.9299772047244095
11
1.2642564566929133
21
0.9277403543307087
0
LINE
8
BLACK
6
CONTINUOUS
10
1.2642564566929133
20
0.9277403543307087
11
1.2677404330708661
21
0.9242563779527558
0
LINE
8
BLACK
6
CONTINUOUS
10
1.2677404330708661
20
0.9242563779527558
11
1.2699772834645668
21
0.9198663385826772
0
LINE
8
BLACK
6
CONTINUOUS
10
1.2699772834645668
20
0.9198663385826772
11
1.2707480314960629
21
0.9149999212598425
0
LINE
8
BLACK
6
CONTINUOUS
10
1.2707480314960629
20
0.9149999212598425
11
1.2699772834645668
21
0.9101335039370079
0
LINE
8
BLACK
6
CONTINUOUS
10
1.2699772834645668
20
0.9101335039370079
11
1.2677404330708661
21
0.9057434645669291
0
LINE
8
BLACK
6
CONTINUOUS
10
1.2677404330708661
20
0.9057434645669291
11
1.2642564566929133
21
0.9022594881889764
0
LINE
8
BLACK
6
CONTINUOUS
10
1.2642564566929133
20
0.9022594881889764
11
1.2598664173228347
21
0.9000226377952756
0
LINE
8
BLACK
6
CONTINUOUS
10
1.2598664173228347
20
0.9000226377952756
11
1.2549999999999999
21
0.8992518897637795
0
LINE
8
BLACK
6
CONTINUOUS
10
1.2549999999999999
20
0.8992518897637795
11
1.2501335826771653
21
0.9000226377952756
0
LINE
8
BLACK
6
CONTINUOUS
10
1.2501335826771653
20
0.9000226377952756
11
1.2457435433070865
21
0.9022594881889764
0
LINE
8
BLACK
6
CONTINUOUS
10
1.2457435433070865
20
0.9022594881889764
11
1.2422595669291339
21
0.9057434645669291
0
LINE
8
BLACK
6
CONTINUOUS
10
1.2422595669291339
20
0.9057434645669291
11
1.2400227165354329
21
0.9101335039370079
0
LINE
8
BLACK
6
CONTINUOUS
10
1.2400227165354329
20
0.9101335039370079
11
1.2393205511811023
21
0.9145669291338583
0
LINE
8
BLACK
6
CONTINUOUS
10
1.2393205511811023
20
0.9145669291338583
11
1.1152362204724409
21
0.9145669291338583
0
LINE
8
BLACK
6
CONTINUOUS
10
1.1152362204724409
20
0.9145669291338583
11
1.0916141732283464
21
0.9145669291338583
0
LINE
8
BLACK
6
CONTINUOUS
10
1.0916141732283464
20
0.9145669291338583
11
1.0916141732283464
21
0.9263779527559055
0
LINE
8
BLACK
6
CONTINUOUS
10
1.0916141732283464
20
0.9263779527559055
11
1.1388582677165353
21
0.9263779527559055
0
LINE
8
BLACK
6
CONTINUOUS
10
1.1388582677165353
20
0.9263779527559055
11
1.2443811417322834
21
0.9263779527559055
0
LINE
8
BLACK
6
CONTINUOUS
10
1.2443811417322834
20
0.9263779527559055
11
1.2457435433070865
21
0.9277403543307087
0
LINE
8
BLACK
6
CONTINUOUS
10
1.2457435433070865
20
0.9277403543307087
11
1.2501335826771653
21
0.9299772047244095
0
LINE
8
BLACK
6
CONTINUOUS
10
1.2501335826771653
20
0.9299772047244095
11
1.2549999999999999
21
0.9307479527559055
0
LINE
8
BLACK
6
CONTINUOUS
10
1.2549999999999999
20
0.9307479527559055
11
1.2598664173228347
21
0.9299772047244095
0
LINE
8
BLACK
6
CONTINUOUS
10
0.6948664173228346
20
0.9849772834645669
11
0.6992564566929134
21
0.9827404330708661
0
LINE
8
BLACK
6
CONTINUOUS
10
0.6992564566929134
20
0.9827404330708661
11
0.7027404330708661
21
0.9792564566929134
0
LINE
8
BLACK
6
CONTINUOUS
10
0.7027404330708661
20
0.9792564566929134
11
0.7049772834645669
21
0.9748664173228346
0
LINE
8
BLACK
6
CONTINUOUS
10
0.7049772834645669
20
0.9748664173228346
11
0.705748031496063
21
0.97
0
LINE
8
BLACK
6
CONTINUOUS
10
0.705748031496063
20
0.97
11
0.7049772834645669
21
0.9651335826771653
0
LINE
8
BLACK
6
CONTINUOUS
10
0.7049772834645669
20
0.9651335826771653
11
0.7043834645669291
21
0.9639681496062992
0
LINE
8
BLACK
6
CONTINUOUS
10
0.7043834645669291
20
0.9639681496062992
11
0.7419737007874015
21
0.9263779527559055
0
LINE
8
BLACK
6
CONTINUOUS
10
0.7419737007874015
20
0.9263779527559055
11
0.894763779527559
21
0.9263779527559055
0
LINE
8
BLACK
6
CONTINUOUS
10
0.894763779527559
20
0.9263779527559055
11
0.9183858267716535
21
0.9263779527559055
0
LINE
8
BLACK
6
CONTINUOUS
10
0.9183858267716535
20
0.9263779527559055
11
0.9183858267716535
21
0.9145669291338583
0
LINE
8
BLACK
6
CONTINUOUS
10
0.9183858267716535
20
0.9145669291338583
11
0.8711417322834646
21
0.9145669291338583
0
LINE
8
BLACK
6
CONTINUOUS
10
0.8711417322834646
20
0.9145669291338583
11
0.7395275590551181
21
0.9145669291338583
0
LINE
8
BLACK
6
CONTINUOUS
10
0.7395275590551181
20
0.9145669291338583
11
0.7387765748031496
21
0.9147681496062992
0
LINE
8
BLACK
6
CONTINUOUS
10
0.7387765748031496
20
0.9147681496062992
11
0.737999094488189
21
0.9147681496062992
0
LINE
8
BLACK
6
CONTINUOUS
10
0.737999094488189
20
0.9147681496062992
11
0.7373257480314961
21
0.9151568503937008
0
LINE
8
BLACK
6
CONTINUOUS
10
0.7373257480314961
20
0.9151568503937008
11
0.7365748031496063
21
0.9153581102362205
0
LINE
8
BLACK
6
CONTINUOUS
10
0.7365748031496063
20
0.9153581102362205
11
0.7360249999999999
21
0.915907874015748
0
LINE
8
BLACK
6
CONTINUOUS
10
0.7360249999999999
20
0.915907874015748
11
0.7353517322834645
21
0.9162966141732283
0
LINE
8
BLACK
6
CONTINUOUS
10
0.7353517322834645
20
0.9162966141732283
11
0.696031811023622
21
0.9556164960629921
0
LINE
8
BLACK
6
CONTINUOUS
10
0.696031811023622
20
0.9556164960629921
11
0.6948664173228346
21
0.955022716535433
0
LINE
8
BLACK
6
CONTINUOUS
10
0.6948664173228346
20
0.955022716535433
11
0.6899999999999999
21
0.954251968503937
0
LINE
8
BLACK
6
CONTINUOUS
10
0.6899999999999999
20
0.954251968503937
11
0.6851335826771653
21
0.955022716535433
0
LINE
8
BLACK
6
CONTINUOUS
10
0.6851335826771653
20
0.955022716535433
11
0.6807435433070866
21
0.9572595669291338
0
LINE
8
BLACK
6
CONTINUOUS
10
0.6807435433070866
20
0.9572595669291338
11
0.6772595669291338
21
0.9607435433070866
0
LINE
8
BLACK
6
CONTINUOUS
10
0.6772595669291338
20
0.9607435433070866
11
0.6750227165354331
21
0.9651335826771653
0
LINE
8
BLACK
6
CONTINUOUS
10
0.6750227165354331
20
0.9651335826771653
11
0.674251968503937
21
0.97
0
LINE
8
BLACK
6
CONTINUOUS
10
0.674251968503937
20
0.97
11
0.6750227165354331
21
0.9748664173228346
0
LINE
8
BLACK
6
CONTINUOUS
10
0.6750227165354331
20
0.9748664173228346
11
0.6772595669291338
21
0.9792564566929134
0
LINE
8
BLACK
6
CONTINUOUS
10
0.6772595669291338
20
0.9792564566929134
11
0.6807435433070866
21
0.9827404330708661
0
LINE
8
BLACK
6
CONTINUOUS
10
0.6807435433070866
20
0.9827404330708661
11
0.6851335826771653
21
0.9849772834645669
0
LINE
8
BLACK
6
CONTINUOUS
10
0.6851335826771653
20
0.9849772834645669
11
0.6899999999999999
21
0.9857480314960629
0
LINE
8
BLACK
6
CONTINUOUS
10
0.6899999999999999
20
0.9857480314960629
11
0.6948664173228346
21
0.9849772834645669
0
LINE
8
BLACK
6
CONTINUOUS
10
1.2675225196850393
20
0.9552318897637795
11
1.2683
21
0.9552318897637795
0
LINE
8
BLACK
6
CONTINUOUS
10
1.2683
20
0.9552318897637795
11
1.268973307086614
21
0.9548431496062992
0
LINE
8
BLACK
6
CONTINUOUS
10
1.268973307086614
20
0.9548431496062992
11
1.2697242913385827
21
0.9546419291338583
0
LINE
8
BLACK
6
CONTINUOUS
10
1.2697242913385827
20
0.9546419291338583
11
1.2702740551181102
21
0.954092125984252
0
LINE
8
BLACK
6
CONTINUOUS
10
1.2702740551181102
20
0.954092125984252
11
1.2709473622047245
21
0.9537034251968504
0
LINE
8
BLACK
6
CONTINUOUS
10
1.2709473622047245
20
0.9537034251968504
11
1.2835122440944882
21
0.9411385433070866
0
LINE
8
BLACK
6
CONTINUOUS
10
1.2835122440944882
20
0.9411385433070866
11
1.2857435433070865
21
0.943369842519685
0
LINE
8
BLACK
6
CONTINUOUS
10
1.2857435433070865
20
0.943369842519685
11
1.2901335826771654
21
0.9456066929133858
0
LINE
8
BLACK
6
CONTINUOUS
10
1.2901335826771654
20
0.9456066929133858
11
1.2949999999999999
21
0.9463774409448819
0
LINE
8
BLACK
6
CONTINUOUS
10
1.2949999999999999
20
0.9463774409448819
11
1.2998664173228347
21
0.9456066929133858
0
LINE
8
BLACK
6
CONTINUOUS
10
1.2998664173228347
20
0.9456066929133858
11
1.3042564566929133
21
0.943369842519685
0
LINE
8
BLACK
6
CONTINUOUS
10
1.3042564566929133
20
0.943369842519685
11
1.3077404330708662
21
0.9398858661417323
0
LINE
8
BLACK
6
CONTINUOUS
10
1.3077404330708662
20
0.9398858661417323
11
1.3099772834645669
21
0.9354958267716535
0
LINE
8
BLACK
6
CONTINUOUS
10
1.3099772834645669
20
0.9354958267716535
11
1.3107480314960629
21
0.9306294094488189
0
LINE
8
BLACK
6
CONTINUOUS
10
1.3107480314960629
20
0.9306294094488189
11
1.3099772834645669
21
0.9257629921259842
0
LINE
8
BLACK
6
CONTINUOUS
10
1.3099772834645669
20
0.9257629921259842
11
1.3077404330708662
21
0.9213729527559055
0
LINE
8
BLACK
6
CONTINUOUS
10
1.3077404330708662
20
0.9213729527559055
11
1.3042564566929133
21
0.9178889763779527
0
LINE
8
BLACK
6
CONTINUOUS
10
1.3042564566929133
20
0.9178889763779527
11
1.2998664173228347
21
0.9156521259842519
0
LINE
8
BLACK
6
CONTINUOUS
10
1.2998664173228347
20
0.9156521259842519
11
1.2949999999999999
21
0.9148813779527559
0
LINE
8
BLACK
6
CONTINUOUS
10
1.2949999999999999
20
0.9148813779527559
11
1.2901335826771654
21
0.9156521259842519
0
LINE
8
BLACK
6
CONTINUOUS
10
1.2901335826771654
20
0.9156521259842519
11
1.2857435433070865
21
0.9178889763779527
0
LINE
8
BLACK
6
CONTINUOUS
10
1.2857435433070865
20
0.9178889763779527
11
1.2822595669291339
21
0.9213729527559055
0
LINE
8
BLACK
6
CONTINUOUS
10
1.2822595669291339
20
0.9213729527559055
11
1.280022716535433
21
0.9257629921259842
0
LINE
8
BLACK
6
CONTINUOUS
10
1.280022716535433
20
0.9257629921259842
11
1.2796158661417323
21
0.9283315748031495
0
LINE
8
BLACK
6
CONTINUOUS
10
1.2796158661417323
20
0.9283315748031495
11
1.2643253937007874
21
0.9436220866141732
0
LINE
8
BLACK
6
CONTINUOUS
10
1.2643253937007874
20
0.9436220866141732
11
1.2432728740157479
21
0.9436220866141732
0
LINE
8
BLACK
6
CONTINUOUS
10
1.2432728740157479
20
0.9436220866141732
11
1.2356324409448818
21
0.9359816535433071
0
LINE
8
BLACK
6
CONTINUOUS
10
1.2356324409448818
20
0.9359816535433071
11
1.2349591338582677
21
0.9355929133858267
0
LINE
8
BLACK
6
CONTINUOUS
10
1.2349591338582677
20
0.9355929133858267
11
1.2344093700787402
21
0.9350431496062992
0
LINE
8
BLACK
6
CONTINUOUS
10
1.2344093700787402
20
0.9350431496062992
11
1.2336583858267716
21
0.9348418897637795
0
LINE
8
BLACK
6
CONTINUOUS
10
1.2336583858267716
20
0.9348418897637795
11
1.2329850787401575
21
0.934453188976378
0
LINE
8
BLACK
6
CONTINUOUS
10
1.2329850787401575
20
0.934453188976378
11
1.2322075984251968
21
0.934453188976378
0
LINE
8
BLACK
6
CONTINUOUS
10
1.2322075984251968
20
0.934453188976378
11
1.2314566141732284
21
0.934251968503937
0
LINE
8
BLACK
6
CONTINUOUS
10
1.2314566141732284
20
0.934251968503937
11
1.1152362204724409
21
0.934251968503937
0
LINE
8
BLACK
6
CONTINUOUS
10
1.1152362204724409
20
0.934251968503937
11
1.0916141732283464
21
0.934251968503937
0
LINE
8
BLACK
6
CONTINUOUS
10
1.0916141732283464
20
0.934251968503937
11
1.0916141732283464
21
0.9460629921259842
0
LINE
8
BLACK
6
CONTINUOUS
10
1.0916141732283464
20
0.9460629921259842
11
1.1388582677165353
21
0.9460629921259842
0
LINE
8
BLACK
6
CONTINUOUS
10
1.1388582677165353
20
0.9460629921259842
11
1.2290104724409447
21
0.9460629921259842
0
LINE
8
BLACK
6
CONTINUOUS
10
1.2290104724409447
20
0.9460629921259842
11
1.2366509055118109
21
0.9537034251968504
0
LINE
8
BLACK
6
CONTINUOUS
10
1.2366509055118109
20
0.9537034251968504
11
1.2373241732283464
21
0.954092125984252
0
LINE
8
BLACK
6
CONTINUOUS
10
1.2373241732283464
20
0.954092125984252
11
1.2378739763779527
21
0.9546419291338583
0
LINE
8
BLACK
6
CONTINUOUS
10
1.2378739763779527
20
0.9546419291338583
11
1.2386249212598426
21
0.9548431496062992
0
LINE
8
BLACK
6
CONTINUOUS
10
1.2386249212598426
20
0.9548431496062992
11
1.2392982677165354
21
0.9552318897637795
0
LINE
8
BLACK
6
CONTINUOUS
10
1.2392982677165354
20
0.9552318897637795
11
1.2400757480314961
21
0.9552318897637795
0
LINE
8
BLACK
6
CONTINUOUS
10
1.2400757480314961
20
0.9552318897637795
11
1.2408267322834645
21
0.9554331102362205
0
LINE
8
BLACK
6
CONTINUOUS
10
1.2408267322834645
20
0.9554331102362205
11
1.2667715354330709
21
0.9554331102362205
0
LINE
8
BLACK
6
CONTINUOUS
10
1.2667715354330709
20
0.9554331102362205
11
1.2675225196850393
21
0.9552318897637795
0
LINE
8
BLACK
6
CONTINUOUS
10
0.7398664173228346
20
0.9949772834645669
11
0.7442564566929134
21
0.9927404330708661
0
LINE
8
BLACK
6
CONTINUOUS
10
0.7442564566929134
20
0.9927404330708661
11
0.7477404330708661
21
0.9892564566929134
0
LINE
8
BLACK
6
CONTINUOUS
10
0.7477404330708661
20
0.9892564566929134
11
0.7499772834645669
21
0.9848664173228346
0
LINE
8
BLACK
6
CONTINUOUS
10
0.7499772834645669
20
0.9848664173228346
11
0.750748031496063
21
0.98
0
LINE
8
BLACK
6
CONTINUOUS
10
0.750748031496063
20
0.98
11
0.7499772834645669
21
0.9751335826771653
0
LINE
8
BLACK
6
CONTINUOUS
10
0.7499772834645669
20
0.9751335826771653
11
0.7493834645669292
21
0.9739681496062992
0
LINE
8
BLACK
6
CONTINUOUS
10
0.7493834645669292
20
0.9739681496062992
11
0.7534231102362204
21
0.9699285039370078
0
LINE
8
BLACK
6
CONTINUOUS
10
0.7534231102362204
20
0.9699285039370078
11
0.7546622440944881
21
0.9697322834645669
0
LINE
8
BLACK
6
CONTINUOUS
10
0.7546622440944881
20
0.9697322834645669
11
0.7590522834645669
21
0.9674954330708662
0
LINE
8
BLACK
6
CONTINUOUS
10
0.7590522834645669
20
0.9674954330708662
11
0.7625362598425197
21
0.9640114566929133
0
LINE
8
BLACK
6
CONTINUOUS
10
0.7625362598425197
20
0.9640114566929133
11
0.7647731102362204
21
0.9596214173228346
0
LINE
8
BLACK
6
CONTINUOUS
10
0.7647731102362204
20
0.9596214173228346
11
0.7649693307086614
21
0.9583822834645669
0
LINE
8
BLACK
6
CONTINUOUS
10
0.7649693307086614
20
0.9583822834645669
11
0.7694403937007874
21
0.9539112204724409
0
LINE
8
BLACK
6
CONTINUOUS
10
0.7694403937007874
20
0.9539112204724409
11
0.7744748818897638
21
0.9533439763779528
0
LINE
8
BLACK
6
CONTINUOUS
10
0.7744748818897638
20
0.9533439763779528
11
0.7770517716535433
21
0.9522611811023621
0
LINE
8
BLACK
6
CONTINUOUS
10
0.7770517716535433
20
0.9522611811023621
11
0.7774270866141733
21
0.9519223228346456
0
LINE
8
BLACK
6
CONTINUOUS
10
0.7774270866141733
20
0.9519223228346456
11
0.7787354330708661
21
0.950613937007874
0
LINE
8
BLACK
6
CONTINUOUS
10
0.7787354330708661
20
0.950613937007874
11
0.780075
21
0.9481608267716535
0
LINE
8
BLACK
6
CONTINUOUS
10
0.780075
20
0.9481608267716535
11
0.779925
21
0.9460629921259842
0
LINE
8
BLACK
6
CONTINUOUS
10
0.779925
20
0.9460629921259842
11
0.894763779527559
21
0.9460629921259842
0
LINE
8
BLACK
6
CONTINUOUS
10
0.894763779527559
20
0.9460629921259842
11
0.9183858267716535
21
0.9460629921259842
0
LINE
8
BLACK
6
CONTINUOUS
10
0.9183858267716535
20
0.9460629921259842
11
0.9183858267716535
21
0.934251968503937
0
LINE
8
BLACK
6
CONTINUOUS
10
0.9183858267716535
20
0.934251968503937
11
0.8711417322834646
21
0.934251968503937
0
LINE
8
BLACK
6
CONTINUOUS
10
0.8711417322834646
20
0.934251968503937
11
0.7748425196850394
21
0.934251968503937
0
LINE
8
BLACK
6
CONTINUOUS
10
0.7748425196850394
20
0.934251968503937
11
0.7740915354330709
21
0.934453188976378
0
LINE
8
BLACK
6
CONTINUOUS
10
0.7740915354330709
20
0.934453188976378
11
0.7733140551181102
21
0.934453188976378
0
LINE
8
BLACK
6
CONTINUOUS
10
0.7733140551181102
20
0.934453188976378
11
0.7726407086614173
21
0.9348418897637795
0
LINE
8
BLACK
6
CONTINUOUS
10
0.7726407086614173
20
0.9348418897637795
11
0.7718897637795276
21
0.9350431496062992
0
LINE
8
BLACK
6
CONTINUOUS
10
0.7718897637795276
20
0.9350431496062992
11
0.7713399606299213
21
0.9355929133858267
0
LINE
8
BLACK
6
CONTINUOUS
10
0.7713399606299213
20
0.9355929133858267
11
0.7706666929133859
21
0.9359816535433071
0
LINE
8
BLACK
6
CONTINUOUS
10
0.7706666929133859
20
0.9359816535433071
11
0.7645026771653544
21
0.9421456692913386
0
LINE
8
BLACK
6
CONTINUOUS
10
0.7645026771653544
20
0.9421456692913386
11
0.7591833858267716
21
0.9421456692913386
0
LINE
8
BLACK
6
CONTINUOUS
10
0.7591833858267716
20
0.9421456692913386
11
0.7590522834645669
21
0.9420145669291339
0
LINE
8
BLACK
6
CONTINUOUS
10
0.7590522834645669
20
0.9420145669291339
11
0.7546622440944881
21
0.9397777165354331
0
LINE
8
BLACK
6
CONTINUOUS
10
0.7546622440944881
20
0.9397777165354331
11
0.7497958267716536
21
0.9390069685039369
0
LINE
8
BLACK
6
CONTINUOUS
10
0.7497958267716536
20
0.9390069685039369
11
0.7449294094488189
21
0.9397777165354331
0
LINE
8
BLACK
6
CONTINUOUS
10
0.7449294094488189
20
0.9397777165354331
11
0.7405393700787402
21
0.9420145669291339
0
LINE
8
BLACK
6
CONTINUOUS
10
0.7405393700787402
20
0.9420145669291339
11
0.7370553937007874
21
0.9454985433070866
0
LINE
8
BLACK
6
CONTINUOUS
10
0.7370553937007874
20
0.9454985433070866
11
0.7348185433070866
21
0.9498885826771654
0
LINE
8
BLACK
6
CONTINUOUS
10
0.7348185433070866
20
0.9498885826771654
11
0.7340477952755905
21
0.954755
0
LINE
8
BLACK
6
CONTINUOUS
10
0.7340477952755905
20
0.954755
11
0.7343004330708661
21
0.9563501181102362
0
LINE
8
BLACK
6
CONTINUOUS
10
0.7343004330708661
20
0.9563501181102362
11
0.7230776377952756
21
0.967572874015748
0
LINE
8
BLACK
6
CONTINUOUS
10
0.7230776377952756
20
0.967572874015748
11
0.7217381496062992
21
0.970026062992126
0
LINE
8
BLACK
6
CONTINUOUS
10
0.7217381496062992
20
0.970026062992126
11
0.7216560629921259
21
0.9705242125984251
0
LINE
8
BLACK
6
CONTINUOUS
10
0.7216560629921259
20
0.9705242125984251
11
0.7214529921259842
21
0.9723264960629922
0
LINE
8
BLACK
6
CONTINUOUS
10
0.7214529921259842
20
0.9723264960629922
11
0.720022716535433
21
0.9751335826771653
0
LINE
8
BLACK
6
CONTINUOUS
10
0.720022716535433
20
0.9751335826771653
11
0.719251968503937
21
0.98
0
LINE
8
BLACK
6
CONTINUOUS
10
0.719251968503937
20
0.98
11
0.7194508661417323
21
0.9812557874015748
0
LINE
8
BLACK
6
CONTINUOUS
10
0.7194508661417323
20
0.9812557874015748
11
0.7185743700787401
21
0.9837607086614173
0
LINE
8
BLACK
6
CONTINUOUS
10
0.7185743700787401
20
0.9837607086614173
11
0.7168936220472441
21
0.9864355511811024
0
LINE
8
BLACK
6
CONTINUOUS
10
0.7168936220472441
20
0.9864355511811024
11
0.7161335826771653
21
0.9891253543307086
0
LINE
8
BLACK
6
CONTINUOUS
10
0.7161335826771653
20
0.9891253543307086
11
0.7169483464566929
21
0.9917990944881889
0
LINE
8
BLACK
6
CONTINUOUS
10
0.7169483464566929
20
0.9917990944881889
11
0.7190793307086614
21
0.993607874015748
0
LINE
8
BLACK
6
CONTINUOUS
10
0.7190793307086614
20
0.993607874015748
11
0.7210939370078741
21
0.9940353937007874
0
LINE
8
BLACK
6
CONTINUOUS
10
0.7210939370078741
20
0.9940353937007874
11
0.7282850393700787
21
0.9940353937007874
0
LINE
8
BLACK
6
CONTINUOUS
10
0.7282850393700787
20
0.9940353937007874
11
0.7301335826771653
21
0.9949772834645669
0
LINE
8
BLACK
6
CONTINUOUS
10
0.7301335826771653
20
0.9949772834645669
11
0.735
21
0.9957480314960629
0
LINE
8
BLACK
6
CONTINUOUS
10
0.735
20
0.9957480314960629
11
0.7398664173228346
21
0.9949772834645669
0
LINE
8
BLACK
6
CONTINUOUS
10
0.7798664173228347
20
0.9999772834645669
11
0.7842564566929133
21
0.9977404330708661
0
LINE
8
BLACK
6
CONTINUOUS
10
0.7842564566929133
20
0.9977404330708661
11
0.7877404330708662
21
0.9942564566929134
0
LINE
8
BLACK
6
CONTINUOUS
10
0.7877404330708662
20
0.9942564566929134
11
0.7899772834645669
21
0.9898664173228346
0
LINE
8
BLACK
6
CONTINUOUS
10
0.7899772834645669
20
0.9898664173228346
11
0.790748031496063
21
0.985
0
LINE
8
BLACK
6
CONTINUOUS
10
0.790748031496063
20
0.985
11
0.7899772834645669
21
0.9801335826771653
0
LINE
8
BLACK
6
CONTINUOUS
10
0.7899772834645669
20
0.9801335826771653
11
0.7893834645669291
21
0.9789681496062992
0
LINE
8
BLACK
6
CONTINUOUS
10
0.7893834645669291
20
0.9789681496062992
11
0.8026036220472441
21
0.9657480314960629
0
LINE
8
BLACK
6
CONTINUOUS
10
0.8026036220472441
20
0.9657480314960629
11
0.894763779527559
21
0.9657480314960629
0
LINE
8
BLACK
6
CONTINUOUS
10
0.894763779527559
20
0.9657480314960629
11
0.9183858267716535
21
0.9657480314960629
0
LINE
8
BLACK
6
CONTINUOUS
10
0.9183858267716535
20
0.9657480314960629
11
0.9183858267716535
21
0.9539370078740157
0
LINE
8
BLACK
6
CONTINUOUS
10
0.9183858267716535
20
0.9539370078740157
11
0.8711417322834646
21
0.9539370078740157
0
LINE
8
BLACK
6
CONTINUOUS
10
0.8711417322834646
20
0.9539370078740157
11
0.8001574803149606
21
0.9539370078740157
0
LINE
8
BLACK
6
CONTINUOUS
10
0.8001574803149606
20
0.9539370078740157
11
0.7994064960629921
21
0.9541382283464567
0
LINE
8
BLACK
6
CONTINUOUS
10
0.7994064960629921
20
0.9541382283464567
11
0.7986290157480315
21
0.9541382283464567
0
LINE
8
BLACK
6
CONTINUOUS
10
0.7986290157480315
20
0.9541382283464567
11
0.7979556692913385
21
0.9545269291338583
0
LINE
8
BLACK
6
CONTINUOUS
10
0.7979556692913385
20
0.9545269291338583
11
0.7972047244094488
21
0.9547281889763779
0
LINE
8
BLACK
6
CONTINUOUS
10
0.7972047244094488
20
0.9547281889763779
11
0.7966549212598425
21
0.9552779527559054
0
LINE
8
BLACK
6
CONTINUOUS
10
0.7966549212598425
20
0.9552779527559054
11
0.7959816535433071
21
0.9556666929133858
0
LINE
8
BLACK
6
CONTINUOUS
10
0.7959816535433071
20
0.9556666929133858
11
0.7810318110236221
21
0.9706164960629921
0
LINE
8
BLACK
6
CONTINUOUS
10
0.7810318110236221
20
0.9706164960629921
11
0.7798664173228347
21
0.970022716535433
0
LINE
8
BLACK
6
CONTINUOUS
10
0.7798664173228347
20
0.970022716535433
11
0.775
21
0.969251968503937
0
LINE
8
BLACK
6
CONTINUOUS
10
0.775
20
0.969251968503937
11
0.7701335826771654
21
0.970022716535433
0
LINE
8
BLACK
6
CONTINUOUS
10
0.7701335826771654
20
0.970022716535433
11
0.7657435433070866
21
0.9722595669291338
0
LINE
8
BLACK
6
CONTINUOUS
10
0.7657435433070866
20
0.9722595669291338
11
0.7622595669291339
21
0.9757435433070866
0
LINE
8
BLACK
6
CONTINUOUS
10
0.7622595669291339
20
0.9757435433070866
11
0.7600227165354331
21
0.9801335826771653
0
LINE
8
BLACK
6
CONTINUOUS
10
0.7600227165354331
20
0.9801335826771653
11
0.7592519685039369
21
0.985
0
LINE
8
BLACK
6
CONTINUOUS
10
0.7592519685039369
20
0.985
11
0.7600227165354331
21
0.9898664173228346
0
LINE
8
BLACK
6
CONTINUOUS
10
0.7600227165354331
20
0.9898664173228346
11
0.7622595669291339
21
0.9942564566929134
0
LINE
8
BLACK
6
CONTINUOUS
10
0.7622595669291339
20
0.9942564566929134
11
0.7657435433070866
21
0.9977404330708661
0
LINE
8
BLACK
6
CONTINUOUS
10
0.7657435433070866
20
0.9977404330708661
11
0.7701335826771654
21
0.9999772834645669
0
LINE
8
BLACK
6
CONTINUOUS
10
0.7701335826771654
20
0.9999772834645669
11
0.775
21
1.0007480314960631
0
LINE
8
BLACK
6
CONTINUOUS
10
0.775
20
1.0007480314960631
11
0.7798664173228347
21
0.9999772834645669
0
LINE
8
BLACK
6
CONTINUOUS
10
1.2898664173228347
20
0.9899772834645669
11
1.2942564566929133
21
0.9877404330708661
0
LINE
8
BLACK
6
CONTINUOUS
10
1.2942564566929133
20
0.9877404330708661
11
1.2977404330708662
21
0.9842564566929134
0
LINE
8
BLACK
6
CONTINUOUS
10
1.2977404330708662
20
0.9842564566929134
11
1.2999772834645669
21
0.9798664173228346
0
LINE
8
BLACK
6
CONTINUOUS
10
1.2999772834645669
20
0.9798664173228346
11
1.3007480314960629
21
0.975
0
LINE
8
BLACK
6
CONTINUOUS
10
1.3007480314960629
20
0.975
11
1.2999772834645669
21
0.9701335826771653
0
LINE
8
BLACK
6
CONTINUOUS
10
1.2999772834645669
20
0.9701335826771653
11
1.2977404330708662
21
0.9657435433070866
0
LINE
8
BLACK
6
CONTINUOUS
10
1.2977404330708662
20
0.9657435433070866
11
1.2942564566929133
21
0.9622595669291338
0
LINE
8
BLACK
6
CONTINUOUS
10
1.2942564566929133
20
0.9622595669291338
11
1.2898664173228347
21
0.960022716535433
0
LINE
8
BLACK
6
CONTINUOUS
10
1.2898664173228347
20
0.960022716535433
11
1.2849999999999999
21
0.959251968503937
0
LINE
8
BLACK
6
CONTINUOUS
10
1.2849999999999999
20
0.959251968503937
11
1.2801335826771654
21
0.960022716535433
0
LINE
8
BLACK
6
CONTINUOUS
10
1.2801335826771654
20
0.960022716535433
11
1.2757435433070865
21
0.9622595669291338
0
LINE
8
BLACK
6
CONTINUOUS
10
1.2757435433070865
20
0.9622595669291338
11
1.2722595669291339
21
0.9657435433070866
0
LINE
8
BLACK
6
CONTINUOUS
10
1.2722595669291339
20
0.9657435433070866
11
1.2705521653543306
21
0.9690944881889764
0
LINE
8
BLACK
6
CONTINUOUS
10
1.2705521653543306
20
0.9690944881889764
11
1.2651750787401574
21
0.9690944881889764
0
LINE
8
BLACK
6
CONTINUOUS
10
1.2651750787401574
20
0.9690944881889764
11
1.2619047637795275
21
0.9658241732283465
0
LINE
8
BLACK
6
CONTINUOUS
10
1.2619047637795275
20
0.9658241732283465
11
1.2612314566929133
21
0.9654354330708661
0
LINE
8
BLACK
6
CONTINUOUS
10
1.2612314566929133
20
0.9654354330708661
11
1.2606816929133857
21
0.9648856692913386
0
LINE
8
BLACK
6
CONTINUOUS
10
1.2606816929133857
20
0.9648856692913386
11
1.2599307086614173
21
0.9646844094488188
0
LINE
8
BLACK
6
CONTINUOUS
10
1.2599307086614173
20
0.9646844094488188
11
1.259257401574803
21
0.9642957086614173
0
LINE
8
BLACK
6
CONTINUOUS
10
1.259257401574803
20
0.9642957086614173
11
1.2584799212598425
21
0.9642957086614173
0
LINE
8
BLACK
6
CONTINUOUS
10
1.2584799212598425
20
0.9642957086614173
11
1.2577289370078739
21
0.9640944881889764
0
LINE
8
BLACK
6
CONTINUOUS
10
1.2577289370078739
20
0.9640944881889764
11
1.2359058267716536
21
0.9640944881889764
0
LINE
8
BLACK
6
CONTINUOUS
10
1.2359058267716536
20
0.9640944881889764
11
1.2274780314960629
21
0.9556666929133858
0
LINE
8
BLACK
6
CONTINUOUS
10
1.2274780314960629
20
0.9556666929133858
11
1.2268047244094489
21
0.9552779527559054
0
LINE
8
BLACK
6
CONTINUOUS
10
1.2268047244094489
20
0.9552779527559054
11
1.2262549606299213
21
0.9547281889763779
0
LINE
8
BLACK
6
CONTINUOUS
10
1.2262549606299213
20
0.9547281889763779
11
1.2255039763779527
21
0.9545269291338583
0
LINE
8
BLACK
6
CONTINUOUS
10
1.2255039763779527
20
0.9545269291338583
11
1.2248306692913387
21
0.9541382283464567
0
LINE
8
BLACK
6
CONTINUOUS
10
1.2248306692913387
20
0.9541382283464567
11
1.2240531889763779
21
0.9541382283464567
0
LINE
8
BLACK
6
CONTINUOUS
10
1.2240531889763779
20
0.9541382283464567
11
1.2233022047244093
21
0.9539370078740157
0
LINE
8
BLACK
6
CONTINUOUS
10
1.2233022047244093
20
0.9539370078740157
11
1.1152362204724409
21
0.9539370078740157
0
LINE
8
BLACK
6
CONTINUOUS
10
1.1152362204724409
20
0.9539370078740157
11
1.0916141732283464
21
0.9539370078740157
0
LINE
8
BLACK
6
CONTINUOUS
10
1.0916141732283464
20
0.9539370078740157
11
1.0916141732283464
21
0.9657480314960629
0
LINE
8
BLACK
6
CONTINUOUS
10
1.0916141732283464
20
0.9657480314960629
11
1.1388582677165353
21
0.9657480314960629
0
LINE
8
BLACK
6
CONTINUOUS
10
1.1388582677165353
20
0.9657480314960629
11
1.2208560629921259
21
0.9657480314960629
0
LINE
8
BLACK
6
CONTINUOUS
10
1.2208560629921259
20
0.9657480314960629
11
1.2292838582677166
21
0.9741758267716535
0
LINE
8
BLACK
6
CONTINUOUS
10
1.2292838582677166
20
0.9741758267716535
11
1.2299571259842519
21
0.9745645275590551
0
LINE
8
BLACK
6
CONTINUOUS
10
1.2299571259842519
20
0.9745645275590551
11
1.2305069291338582
21
0.9751143307086614
0
LINE
8
BLACK
6
CONTINUOUS
10
1.2305069291338582
20
0.9751143307086614
11
1.231257874015748
21
0.9753155511811024
0
LINE
8
BLACK
6
CONTINUOUS
10
1.231257874015748
20
0.9753155511811024
11
1.2319312204724409
21
0.9757042913385826
0
LINE
8
BLACK
6
CONTINUOUS
10
1.2319312204724409
20
0.9757042913385826
11
1.2327087007874016
21
0.9757042913385826
0
LINE
8
BLACK
6
CONTINUOUS
10
1.2327087007874016
20
0.9757042913385826
11
1.23345968503937
21
0.9759055118110236
0
LINE
8
BLACK
6
CONTINUOUS
10
1.23345968503937
20
0.9759055118110236
11
1.2552827952755905
21
0.9759055118110236
0
LINE
8
BLACK
6
CONTINUOUS
10
1.2552827952755905
20
0.9759055118110236
11
1.2585531102362204
21
0.9791758267716535
0
LINE
8
BLACK
6
CONTINUOUS
10
1.2585531102362204
20
0.9791758267716535
11
1.2592263779527559
21
0.9795645275590551
0
LINE
8
BLACK
6
CONTINUOUS
10
1.2592263779527559
20
0.9795645275590551
11
1.2597761811023622
21
0.9801143307086614
0
LINE
8
BLACK
6
CONTINUOUS
10
1.2597761811023622
20
0.9801143307086614
11
1.2605271259842519
21
0.9803155511811024
0
LINE
8
BLACK
6
CONTINUOUS
10
1.2605271259842519
20
0.9803155511811024
11
1.2612004724409449
21
0.9807042913385826
0
LINE
8
BLACK
6
CONTINUOUS
10
1.2612004724409449
20
0.9807042913385826
11
1.2619779527559054
21
0.9807042913385826
0
LINE
8
BLACK
6
CONTINUOUS
10
1.2619779527559054
20
0.9807042913385826
11
1.262728937007874
21
0.9809055118110236
0
LINE
8
BLACK
6
CONTINUOUS
10
1.262728937007874
20
0.9809055118110236
11
1.2705521653543306
21
0.9809055118110236
0
LINE
8
BLACK
6
CONTINUOUS
10
1.2705521653543306
20
0.9809055118110236
11
1.2722595669291339
21
0.9842564566929134
0
LINE
8
BLACK
6
CONTINUOUS
10
1.2722595669291339
20
0.9842564566929134
11
1.2757435433070865
21
0.9877404330708661
0
LINE
8
BLACK
6
CONTINUOUS
10
1.2757435433070865
20
0.9877404330708661
11
1.2801335826771654
21
0.9899772834645669
0
LINE
8
BLACK
6
CONTINUOUS
10
1.2801335826771654
20
0.9899772834645669
11
1.2849999999999999
21
0.9907480314960629
0
LINE
8
BLACK
6
CONTINUOUS
10
1.2849999999999999
20
0.9907480314960629
11
1.2898664173228347
21
0.9899772834645669
0
LINE
8
BLACK
6
CONTINUOUS
10
0.5077212992125985
20
1.2992125196850393
11
0.5095517322834645
21
1.2971000787401574
0
LINE
8
BLACK
6
CONTINUOUS
10
0.5095517322834645
20
1.2971000787401574
11
0.51
21
1.2950393700787401
0
LINE
8
BLACK
6
CONTINUOUS
10
0.51
20
1.2950393700787401
11
0.51
21
1.1599999212598424
0
LINE
8
BLACK
6
CONTINUOUS
10
0.51
20
1.1599999212598424
11
0.5530655905511811
21
1.1169342913385827
0
LINE
8
BLACK
6
CONTINUOUS
10
0.5530655905511811
20
1.1169342913385827
11
0.5530656299212598
21
1.1169342519685039
0
LINE
8
BLACK
6
CONTINUOUS
10
0.5530656299212598
20
1.1169342519685039
11
0.5530657086614174
21
1.1169342125984252
0
LINE
8
BLACK
6
CONTINUOUS
10
0.5530657086614174
20
1.1169342125984252
11
0.5549999999999999
21
1.115
0
LINE
8
BLACK
6
CONTINUOUS
10
0.5549999999999999
20
1.115
11
0.5530657086614174
21
1.1169342519685039
0
LINE
8
BLACK
6
CONTINUOUS
10
0.5530657086614174
20
1.1169342519685039
11
0.5592734251968504
21
1.1168892913385826
0
LINE
8
BLACK
6
CONTINUOUS
10
0.5592734251968504
20
1.1168892913385826
11
0.82
21
1.115
0
LINE
8
BLACK
6
CONTINUOUS
10
0.82
20
1.115
11
0.8329452755905512
21
1.115
0
LINE
8
BLACK
6
CONTINUOUS
10
0.8329452755905512
20
1.115
11
0.8356272047244094
21
1.1142125196850394
0
LINE
8
BLACK
6
CONTINUOUS
10
0.8356272047244094
20
1.1142125196850394
11
0.8364529527559055
21
1.1135470472440945
0
LINE
8
BLACK
6
CONTINUOUS
10
0.8364529527559055
20
1.1135470472440945
11
0.9185470472440944
21
1.0314529527559055
0
LINE
8
BLACK
6
CONTINUOUS
10
0.9185470472440944
20
1.0314529527559055
11
0.9198866535433071
21
1.0289997244094489
0
LINE
8
BLACK
6
CONTINUOUS
10
0.9198866535433071
20
1.0289997244094489
11
0.9199999999999999
21
1.0279452755905512
0
LINE
8
BLACK
6
CONTINUOUS
10
0.9199999999999999
20
1.0279452755905512
11
0.9199999999999999
21
1.0179724409448818
0
LINE
8
BLACK
6
CONTINUOUS
10
0.9199999999999999
20
1.0179724409448818
11
0.9192125196850394
21
1.0152905118110236
0
LINE
8
BLACK
6
CONTINUOUS
10
0.9192125196850394
20
1.0152905118110236
11
0.9183858267716535
21
1.0145741732283464
0
LINE
8
BLACK
6
CONTINUOUS
10
0.9183858267716535
20
1.0145741732283464
11
0.9183858267716535
21
1.012992125984252
0
LINE
8
BLACK
6
CONTINUOUS
10
0.9183858267716535
20
1.012992125984252
11
0.8711417322834646
21
1.012992125984252
0
LINE
8
BLACK
6
CONTINUOUS
10
0.8711417322834646
20
1.012992125984252
11
0.8702652755905511
21
1.012992125984252
0
LINE
8
BLACK
6
CONTINUOUS
10
0.8702652755905511
20
1.012992125984252
11
0.8680617716535433
21
1.0125538188976377
0
LINE
8
BLACK
6
CONTINUOUS
10
0.8680617716535433
20
1.0125538188976377
11
0.8654908661417323
21
1.0108359448818898
0
LINE
8
BLACK
6
CONTINUOUS
10
0.8654908661417323
20
1.0108359448818898
11
0.8628235826771653
21
1.0100007874015748
0
LINE
8
BLACK
6
CONTINUOUS
10
0.8628235826771653
20
1.0100007874015748
11
0.862735
21
1.01
0
LINE
8
BLACK
6
CONTINUOUS
10
0.862735
20
1.01
11
0.8407363779527559
21
1.01
0
LINE
8
BLACK
6
CONTINUOUS
10
0.8407363779527559
20
1.01
11
0.8380544488188976
21
1.0107874803149606
0
LINE
8
BLACK
6
CONTINUOUS
10
0.8380544488188976
20
1.0107874803149606
11
0.837113031496063
21
1.0116534645669291
0
LINE
8
BLACK
6
CONTINUOUS
10
0.837113031496063
20
1.0116534645669291
11
0.8370914173228347
21
1.0116318503937007
0
LINE
8
BLACK
6
CONTINUOUS
10
0.8370914173228347
20
1.0116318503937007
11
0.8368617322834645
21
1.0118614960629921
0
LINE
8
BLACK
6
CONTINUOUS
10
0.8368617322834645
20
1.0118614960629921
11
0.8368615748031496
21
1.0118615748031496
0
LINE
8
BLACK
6
CONTINUOUS
10
0.8368615748031496
20
1.0118615748031496
11
0.8368614960629921
21
1.0118617322834647
0
LINE
8
BLACK
6
CONTINUOUS
10
0.8368614960629921
20
1.0118617322834647
11
0.831922874015748
21
1.0156512598425196
0
LINE
8
BLACK
6
CONTINUOUS
10
0.831922874015748
20
1.0156512598425196
11
0.8261717322834645
21
1.0180334645669291
0
LINE
8
BLACK
6
CONTINUOUS
10
0.8261717322834645
20
1.0180334645669291
11
0.82
21
1.0188459842519684
0
LINE
8
BLACK
6
CONTINUOUS
10
0.82
20
1.0188459842519684
11
0.8138282677165354
21
1.0180334645669291
0
LINE
8
BLACK
6
CONTINUOUS
10
0.8138282677165354
20
1.0180334645669291
11
0.808077125984252
21
1.0156512598425196
0
LINE
8
BLACK
6
CONTINUOUS
10
0.808077125984252
20
1.0156512598425196
11
0.8031385039370078
21
1.0118617322834647
0
LINE
8
BLACK
6
CONTINUOUS
10
0.8031385039370078
20
1.0118617322834647
11
0.8031384251968504
21
1.0118616535433071
0
LINE
8
BLACK
6
CONTINUOUS
10
0.8031384251968504
20
1.0118616535433071
11
0.8031382283464567
21
1.0118614960629921
0
LINE
8
BLACK
6
CONTINUOUS
10
0.8031382283464567
20
1.0118614960629921
11
0.8029085826771654
21
1.0116318503937007
0
LINE
8
BLACK
6
CONTINUOUS
10
0.8029085826771654
20
1.0116318503937007
11
0.8028526771653544
21
1.011687716535433
0
LINE
8
BLACK
6
CONTINUOUS
10
0.8028526771653544
20
1.011687716535433
11
0.8009415748031495
21
1.0102924015748032
0
LINE
8
BLACK
6
CONTINUOUS
10
0.8009415748031495
20
1.0102924015748032
11
0.7992636220472441
21
1.01
0
LINE
8
BLACK
6
CONTINUOUS
10
0.7992636220472441
20
1.01
11
0.67
21
1.01
0
LINE
8
BLACK
6
CONTINUOUS
10
0.67
20
1.01
11
0.6699999212598425
21
1.0099999606299213
0
LINE
8
BLACK
6
CONTINUOUS
10
0.6699999212598425
20
1.0099999606299213
11
0.6264529527559055
21
0.9664529527559055
0
LINE
8
BLACK
6
CONTINUOUS
10
0.6264529527559055
20
0.9664529527559055
11
0.6239997244094488
21
0.9651133858267716
0
LINE
8
BLACK
6
CONTINUOUS
10
0.6239997244094488
20
0.9651133858267716
11
0.6229452755905511
21
0.965
0
LINE
8
BLACK
6
CONTINUOUS
10
0.6229452755905511
20
0.965
11
0.1349606299212598
21
0.965
0
LINE
8
BLACK
6
CONTINUOUS
10
0.1349606299212598
20
0.965
11
0.1322787007874016
21
0.9657874803149606
0
LINE
8
BLACK
6
CONTINUOUS
10
0.1322787007874016
20
0.9657874803149606
11
0.1304482677165354
21
0.9678999212598425
0
LINE
8
BLACK
6
CONTINUOUS
10
0.1304482677165354
20
0.9678999212598425
11
0.13
21
0.9699606299212599
0
LINE
8
BLACK
6
CONTINUOUS
10
0.13
20
0.9699606299212599
11
0.13
21
1.1150032677165354
0
LINE
8
BLACK
6
CONTINUOUS
10
0.13
20
1.1150032677165354
11
0.1307874803149606
21
1.1176851968503936
0
LINE
8
BLACK
6
CONTINUOUS
10
0.1307874803149606
20
1.1176851968503936
11
0.1328999212598425
21
1.1195156299212599
0
LINE
8
BLACK
6
CONTINUOUS
10
0.1328999212598425
20
1.1195156299212599
11
0.1331496062992126
21
1.1195689763779528
0
LINE
8
BLACK
6
CONTINUOUS
10
0.1331496062992126
20
1.1195689763779528
11
0.1331496062992126
21
1.1199999999999999
0
LINE
8
BLACK
6
CONTINUOUS
10
0.1331496062992126
20
1.1199999999999999
11
0.2290944881889764
21
1.1199999999999999
0
LINE
8
BLACK
6
CONTINUOUS
10
0.2290944881889764
20
1.1199999999999999
11
0.2290944881889764
21
1.1624999999999999
0
LINE
8
BLACK
6
CONTINUOUS
10
0.2290944881889764
20
1.1624999999999999
11
0.2175
21
1.1624999999999999
0
LINE
8
BLACK
6
CONTINUOUS
10
0.2175
20
1.1624999999999999
11
0.2175
21
1.1840944881889763
0
LINE
8
BLACK
6
CONTINUOUS
10
0.2175
20
1.1840944881889763
11
0.1875
21
1.1840944881889763
0
LINE
8
BLACK
6
CONTINUOUS
10
0.1875
20
1.1840944881889763
11
0.1875
21
1.1624999999999999
0
LINE
8
BLACK
6
CONTINUOUS
10
0.1875
20
1.1624999999999999
11
0.1525
21
1.1624999999999999
0
LINE
8
BLACK
6
CONTINUOUS
10
0.1525
20
1.1624999999999999
11
0.1525
21
1.2175
0
LINE
8
BLACK
6
CONTINUOUS
10
0.1525
20
1.2175
11
0.1875
21
1.2175
0
LINE
8
BLACK
6
CONTINUOUS
10
0.1875
20
1.2175
11
0.1875
21
1.1959055118110236
0
LINE
8
BLACK
6
CONTINUOUS
10
0.1875
20
1.1959055118110236
11
0.2175
21
1.1959055118110236
0
LINE
8
BLACK
6
CONTINUOUS
10
0.2175
20
1.1959055118110236
11
0.2175
21
1.2175
0
LINE
8
BLACK
6
CONTINUOUS
10
0.2175
20
1.2175
11
0.2525
21
1.2175
0
LINE
8
BLACK
6
CONTINUOUS
10
0.2525
20
1.2175
11
0.2525
21
1.1624999999999999
0
LINE
8
BLACK
6
CONTINUOUS
10
0.2525
20
1.1624999999999999
11
0.2409055118110236
21
1.1624999999999999
0
LINE
8
BLACK
6
CONTINUOUS
10
0.2409055118110236
20
1.1624999999999999
11
0.2409055118110236
21
1.1199999999999999
0
LINE
8
BLACK
6
CONTINUOUS
10
0.2409055118110236
20
1.1199999999999999
11
0.2831496062992126
21
1.1199999999999999
0
LINE
8
BLACK
6
CONTINUOUS
10
0.2831496062992126
20
1.1199999999999999
11
0.2831496062992126
21
1.1188901968503937
0
LINE
8
BLACK
6
CONTINUOUS
10
0.2831496062992126
20
1.1188901968503937
11
0.33
21
1.1185507086614173
0
LINE
8
BLACK
6
CONTINUOUS
10
0.33
20
1.1185507086614173
11
0.33
21
1.1199999999999999
0
LINE
8
BLACK
6
CONTINUOUS
10
0.33
20
1.1199999999999999
11
0.345
21
1.1199999999999999
0
LINE
8
BLACK
6
CONTINUOUS
10
0.345
20
1.1199999999999999
11
0.4099999606299212
21
1.1849999212598425
0
LINE
8
BLACK
6
CONTINUOUS
10
0.4099999606299212
20
1.1849999212598425
11
0.41
21
1.1850000000000001
0
LINE
8
BLACK
6
CONTINUOUS
10
0.41
20
1.1850000000000001
11
0.41
21
1.2007999999999999
0
LINE
8
BLACK
6
CONTINUOUS
10
0.41
20
1.2007999999999999
11
0.4097
21
1.2007999999999999
0
LINE
8
BLACK
6
CONTINUOUS
10
0.4097
20
1.2007999999999999
11
0.4097
21
1.2991999999999999
0
LINE
8
BLACK
6
CONTINUOUS
10
0.4097
20
1.2991999999999999
11
0.4124940157480315
21
1.2991999999999999
0
LINE
8
BLACK
6
CONTINUOUS
10
0.4124940157480315
20
1.2991999999999999
11
0.4128999212598425
21
1.2995517322834644
0
LINE
8
BLACK
6
CONTINUOUS
10
0.4128999212598425
20
1.2995517322834644
11
0.4149606299212598
21
1.3
0
LINE
8
BLACK
6
CONTINUOUS
10
0.4149606299212598
20
1.3
11
0.5050393700787401
21
1.3
0
LINE
8
BLACK
6
CONTINUOUS
10
0.5050393700787401
20
1.3
11
0.5077212992125985
21
1.2992125196850393
0
LINE
8
BLACK
6
CONTINUOUS
10
1.6127212992125983
20
1.2792125196850392
11
1.6145517322834646
21
1.2771000787401574
0
LINE
8
BLACK
6
CONTINUOUS
10
1.6145517322834646
20
1.2771000787401574
11
1.615
21
1.2750393700787401
0
LINE
8
BLACK
6
CONTINUOUS
10
1.615
20
1.2750393700787401
11
1.615
21
1.1199999999999999
0
LINE
8
BLACK
6
CONTINUOUS
10
1.615
20
1.1199999999999999
11
1.7440944881889764
21
1.1199999999999999
0
LINE
8
BLACK
6
CONTINUOUS
10
1.7440944881889764
20
1.1199999999999999
11
1.7440944881889764
21
1.1675
0
LINE
8
BLACK
6
CONTINUOUS
10
1.7440944881889764
20
1.1675
11
1.7324999999999999
21
1.1675
0
LINE
8
BLACK
6
CONTINUOUS
10
1.7324999999999999
20
1.1675
11
1.7324999999999999
21
1.2224999999999999
0
LINE
8
BLACK
6
CONTINUOUS
10
1.7324999999999999
20
1.2224999999999999
11
1.7674999999999998
21
1.2224999999999999
0
LINE
8
BLACK
6
CONTINUOUS
10
1.7674999999999998
20
1.2224999999999999
11
1.7674999999999998
21
1.2009055118110237
0
LINE
8
BLACK
6
CONTINUOUS
10
1.7674999999999998
20
1.2009055118110237
11
1.7949999999999999
21
1.2009055118110237
0
LINE
8
BLACK
6
CONTINUOUS
10
1.7949999999999999
20
1.2009055118110237
11
1.7949999999999999
21
1.2249999999999999
0
LINE
8
BLACK
6
CONTINUOUS
10
1.7949999999999999
20
1.2249999999999999
11
1.8299999999999998
21
1.2249999999999999
0
LINE
8
BLACK
6
CONTINUOUS
10
1.8299999999999998
20
1.2249999999999999
11
1.8299999999999998
21
1.1699999999999999
0
LINE
8
BLACK
6
CONTINUOUS
10
1.8299999999999998
20
1.1699999999999999
11
1.7949999999999999
21
1.1699999999999999
0
LINE
8
BLACK
6
CONTINUOUS
10
1.7949999999999999
20
1.1699999999999999
11
1.7949999999999999
21
1.1890944881889765
0
LINE
8
BLACK
6
CONTINUOUS
10
1.7949999999999999
20
1.1890944881889765
11
1.7674999999999998
21
1.1890944881889765
0
LINE
8
BLACK
6
CONTINUOUS
10
1.7674999999999998
20
1.1890944881889765
11
1.7674999999999998
21
1.1675
0
LINE
8
BLACK
6
CONTINUOUS
10
1.7674999999999998
20
1.1675
11
1.7559055118110236
21
1.1675
0
LINE
8
BLACK
6
CONTINUOUS
10
1.7559055118110236
20
1.1675
11
1.7559055118110236
21
1.1199999999999999
0
LINE
8
BLACK
6
CONTINUOUS
10
1.7559055118110236
20
1.1199999999999999
11
1.8600393700787401
21
1.1199999999999999
0
LINE
8
BLACK
6
CONTINUOUS
10
1.8600393700787401
20
1.1199999999999999
11
1.8618503937007873
21
1.1199999999999999
0
LINE
8
BLACK
6
CONTINUOUS
10
1.8618503937007873
20
1.1199999999999999
11
1.8618503937007873
21
1.1194682283464568
0
LINE
8
BLACK
6
CONTINUOUS
10
1.8618503937007873
20
1.1194682283464568
11
1.8627212992125983
21
1.1192125196850393
0
LINE
8
BLACK
6
CONTINUOUS
10
1.8627212992125983
20
1.1192125196850393
11
1.8645517322834646
21
1.1171000787401575
0
LINE
8
BLACK
6
CONTINUOUS
10
1.8645517322834646
20
1.1171000787401575
11
1.865
21
1.1150393700787402
0
LINE
8
BLACK
6
CONTINUOUS
10
1.865
20
1.1150393700787402
11
1.865
21
0.9749606299212599
0
LINE
8
BLACK
6
CONTINUOUS
10
1.865
20
0.9749606299212599
11
1.8642125196850394
21
0.9722787007874015
0
LINE
8
BLACK
6
CONTINUOUS
10
1.8642125196850394
20
0.9722787007874015
11
1.8621000787401574
21
0.9704482677165354
0
LINE
8
BLACK
6
CONTINUOUS
10
1.8621000787401574
20
0.9704482677165354
11
1.8618503937007873
21
0.970393937007874
0
LINE
8
BLACK
6
CONTINUOUS
10
1.8618503937007873
20
0.970393937007874
11
1.8618503937007873
21
0.97
0
LINE
8
BLACK
6
CONTINUOUS
10
1.8618503937007873
20
0.97
11
1.7118503937007874
21
0.97
0
LINE
8
BLACK
6
CONTINUOUS
10
1.7118503937007874
20
0.97
11
1.665
21
0.97
0
LINE
8
BLACK
6
CONTINUOUS
10
1.665
20
0.97
11
1.5149999999999999
21
0.97
0
LINE
8
BLACK
6
CONTINUOUS
10
1.5149999999999999
20
0.97
11
1.3370547244094488
21
0.97
0
LINE
8
BLACK
6
CONTINUOUS
10
1.3370547244094488
20
0.97
11
1.3343727952755906
21
0.9707874803149606
0
LINE
8
BLACK
6
CONTINUOUS
10
1.3343727952755906
20
0.9707874803149606
11
1.3335470472440945
21
0.9714529527559055
0
LINE
8
BLACK
6
CONTINUOUS
10
1.3335470472440945
20
0.9714529527559055
11
1.3200000000000001
21
0.985
0
LINE
8
BLACK
6
CONTINUOUS
10
1.3200000000000001
20
0.985
11
1.2949999999999999
21
1.01
0
LINE
8
BLACK
6
CONTINUOUS
10
1.2949999999999999
20
1.01
11
1.2847709055118111
21
1.01
0
LINE
8
BLACK
6
CONTINUOUS
10
1.2847709055118111
20
1.01
11
1.2820889763779528
21
1.0107874803149606
0
LINE
8
BLACK
6
CONTINUOUS
10
1.2820889763779528
20
1.0107874803149606
11
1.2802585433070865
21
1.0128999212598424
0
LINE
8
BLACK
6
CONTINUOUS
10
1.2802585433070865
20
1.0128999212598424
11
1.2801883070866142
21
1.013061220472441
0
LINE
8
BLACK
6
CONTINUOUS
10
1.2801883070866142
20
1.013061220472441
11
1.2789181496062991
21
1.0161276771653542
0
LINE
8
BLACK
6
CONTINUOUS
10
1.2789181496062991
20
1.0161276771653542
11
1.275128622047244
21
1.0210662992125985
0
LINE
8
BLACK
6
CONTINUOUS
10
1.275128622047244
20
1.0210662992125985
11
1.2701899999999999
21
1.0248558267716534
0
LINE
8
BLACK
6
CONTINUOUS
10
1.2701899999999999
20
1.0248558267716534
11
1.2644388582677164
21
1.027238031496063
0
LINE
8
BLACK
6
CONTINUOUS
10
1.2644388582677164
20
1.027238031496063
11
1.2582671259842519
21
1.0280505511811024
0
LINE
8
BLACK
6
CONTINUOUS
10
1.2582671259842519
20
1.0280505511811024
11
1.2520953937007873
21
1.027238031496063
0
LINE
8
BLACK
6
CONTINUOUS
10
1.2520953937007873
20
1.027238031496063
11
1.246344251968504
21
1.0248558267716534
0
LINE
8
BLACK
6
CONTINUOUS
10
1.246344251968504
20
1.0248558267716534
11
1.2414056299212599
21
1.0210662992125985
0
LINE
8
BLACK
6
CONTINUOUS
10
1.2414056299212599
20
1.0210662992125985
11
1.2414055511811024
21
1.021066220472441
0
LINE
8
BLACK
6
CONTINUOUS
10
1.2414055511811024
20
1.021066220472441
11
1.2414055118110237
21
1.0210661811023622
0
LINE
8
BLACK
6
CONTINUOUS
10
1.2414055118110237
20
1.0210661811023622
11
1.2403281102362205
21
1.0196620866141732
0
LINE
8
BLACK
6
CONTINUOUS
10
1.2403281102362205
20
1.0196620866141732
11
1.2380707086614173
21
1.018013779527559
0
LINE
8
BLACK
6
CONTINUOUS
10
1.2380707086614173
20
1.018013779527559
11
1.2370064173228346
21
1.0177594094488189
0
LINE
8
BLACK
6
CONTINUOUS
10
1.2370064173228346
20
1.0177594094488189
11
1.2358331889763778
21
1.017613188976378
0
LINE
8
BLACK
6
CONTINUOUS
10
1.2358331889763778
20
1.017613188976378
11
1.2358330314960631
21
1.0176131102362205
0
LINE
8
BLACK
6
CONTINUOUS
10
1.2358330314960631
20
1.0176131102362205
11
1.2355548425196849
21
1.0175302755905511
0
LINE
8
BLACK
6
CONTINUOUS
10
1.2355548425196849
20
1.0175302755905511
11
1.2352825196850394
21
1.017436811023622
0
LINE
8
BLACK
6
CONTINUOUS
10
1.2352825196850394
20
1.017436811023622
11
1.2335987401574804
21
1.0165255511811024
0
LINE
8
BLACK
6
CONTINUOUS
10
1.2335987401574804
20
1.0165255511811024
11
1.2334170866141732
21
1.0164320078740157
0
LINE
8
BLACK
6
CONTINUOUS
10
1.2334170866141732
20
1.0164320078740157
11
1.2316957480314961
21
1.0155905511811023
0
LINE
8
BLACK
6
CONTINUOUS
10
1.2316957480314961
20
1.0155905511811023
11
1.2316955905511811
21
1.0155903937007873
0
LINE
8
BLACK
6
CONTINUOUS
10
1.2316955905511811
20
1.0155903937007873
11
1.231460275590551
21
1.0154224015748032
0
LINE
8
BLACK
6
CONTINUOUS
10
1.231460275590551
20
1.0154224015748032
11
1.2312322834645668
21
1.0152449606299212
0
LINE
8
BLACK
6
CONTINUOUS
10
1.2312322834645668
20
1.0152449606299212
11
1.2299349606299212
21
1.0138357086614174
0
LINE
8
BLACK
6
CONTINUOUS
10
1.2299349606299212
20
1.0138357086614174
11
1.2297929921259843
21
1.0136877952755905
0
LINE
8
BLACK
6
CONTINUOUS
10
1.2297929921259843
20
1.0136877952755905
11
1.2275581496062993
21
1.0114529527559055
0
LINE
8
BLACK
6
CONTINUOUS
10
1.2275581496062993
20
1.0114529527559055
11
1.2251049212598424
21
1.0101133464566929
0
LINE
8
BLACK
6
CONTINUOUS
10
1.2251049212598424
20
1.0101133464566929
11
1.2240504724409449
21
1.01
0
LINE
8
BLACK
6
CONTINUOUS
10
1.2240504724409449
20
1.01
11
1.147265
21
1.01
0
LINE
8
BLACK
6
CONTINUOUS
10
1.147265
20
1.01
11
1.1445830708661417
21
1.0107874803149606
0
LINE
8
BLACK
6
CONTINUOUS
10
1.1445830708661417
20
1.0107874803149606
11
1.1445126771653542
21
1.0108335826771653
0
LINE
8
BLACK
6
CONTINUOUS
10
1.1445126771653542
20
1.0108335826771653
11
1.1419382283464568
21
1.0125538188976377
0
LINE
8
BLACK
6
CONTINUOUS
10
1.1419382283464568
20
1.0125538188976377
11
1.139635748031496
21
1.0130118110236219
0
LINE
8
BLACK
6
CONTINUOUS
10
1.139635748031496
20
1.0130118110236219
11
1.1388582677165353
21
1.0130118110236219
0
LINE
8
BLACK
6
CONTINUOUS
10
1.1388582677165353
20
1.0130118110236219
11
1.1388582677165353
21
1.012992125984252
0
LINE
8
BLACK
6
CONTINUOUS
10
1.1388582677165353
20
1.012992125984252
11
1.0916141732283464
21
1.012992125984252
0
LINE
8
BLACK
6
CONTINUOUS
10
1.0916141732283464
20
1.012992125984252
11
1.0916141732283464
21
1.0145661811023621
0
LINE
8
BLACK
6
CONTINUOUS
10
1.0916141732283464
20
1.0145661811023621
11
1.0904482677165355
21
1.0159117322834645
0
LINE
8
BLACK
6
CONTINUOUS
10
1.0904482677165355
20
1.0159117322834645
11
1.0900000000000001
21
1.0179724409448818
0
LINE
8
BLACK
6
CONTINUOUS
10
1.0900000000000001
20
1.0179724409448818
11
1.0900000000000001
21
1.0429452755905511
0
LINE
8
BLACK
6
CONTINUOUS
10
1.0900000000000001
20
1.0429452755905511
11
1.0907874803149606
21
1.0456272047244095
0
LINE
8
BLACK
6
CONTINUOUS
10
1.0907874803149606
20
1.0456272047244095
11
1.0914529527559056
21
1.0464529527559054
0
LINE
8
BLACK
6
CONTINUOUS
10
1.0914529527559056
20
1.0464529527559054
11
1.1635470472440945
21
1.1185470472440944
0
LINE
8
BLACK
6
CONTINUOUS
10
1.1635470472440945
20
1.1185470472440944
11
1.1660002755905512
21
1.119886653543307
0
LINE
8
BLACK
6
CONTINUOUS
10
1.1660002755905512
20
1.119886653543307
11
1.1670547244094487
21
1.1199999999999999
0
LINE
8
BLACK
6
CONTINUOUS
10
1.1670547244094487
20
1.1199999999999999
11
1.5149999999999999
21
1.1199999999999999
0
LINE
8
BLACK
6
CONTINUOUS
10
1.5149999999999999
20
1.1199999999999999
11
1.5149999999999999
21
1.1765999999999999
0
LINE
8
BLACK
6
CONTINUOUS
10
1.5149999999999999
20
1.1765999999999999
11
1.5146999999999999
21
1.1765999999999999
0
LINE
8
BLACK
6
CONTINUOUS
10
1.5146999999999999
20
1.1765999999999999
11
1.5146999999999999
21
1.2749999999999999
0
LINE
8
BLACK
6
CONTINUOUS
10
1.5146999999999999
20
1.2749999999999999
11
1.5149999999999999
21
1.2749999999999999
0
LINE
8
BLACK
6
CONTINUOUS
10
1.5149999999999999
20
1.2749999999999999
11
1.5149999999999999
21
1.2750393700787401
0
LINE
8
BLACK
6
CONTINUOUS
10
1.5149999999999999
20
1.2750393700787401
11
1.5157874803149607
21
1.2777212992125984
0
LINE
8
BLACK
6
CONTINUOUS
10
1.5157874803149607
20
1.2777212992125984
11
1.5178999212598425
21
1.2795517322834646
0
LINE
8
BLACK
6
CONTINUOUS
10
1.5178999212598425
20
1.2795517322834646
11
1.5199606299212598
21
1.28
0
LINE
8
BLACK
6
CONTINUOUS
10
1.5199606299212598
20
1.28
11
1.6100393700787401
21
1.28
0
LINE
8
BLACK
6
CONTINUOUS
10
1.6100393700787401
20
1.28
11
1.6127212992125983
21
1.2792125196850392
0
LINE
8
BLACK
6
CONTINUOUS
10
0.8248664173228346
20
1.0099775196850393
11
0.8292564566929134
21
1.0077406692913387
0
LINE
8
BLACK
6
CONTINUOUS
10
0.8292564566929134
20
1.0077406692913387
11
0.8327404330708661
21
1.0042566929133858
0
LINE
8
BLACK
6
CONTINUOUS
10
0.8327404330708661
20
1.0042566929133858
11
0.8349772834645669
21
0.9998666535433071
0
LINE
8
BLACK
6
CONTINUOUS
10
0.8349772834645669
20
0.9998666535433071
11
0.835748031496063
21
0.9950002362204724
0
LINE
8
BLACK
6
CONTINUOUS
10
0.835748031496063
20
0.9950002362204724
11
0.8349772834645669
21
0.9901338188976377
0
LINE
8
BLACK
6
CONTINUOUS
10
0.8349772834645669
20
0.9901338188976377
11
0.8343834645669291
21
0.9889683858267716
0
LINE
8
BLACK
6
CONTINUOUS
10
0.8343834645669291
20
0.9889683858267716
11
0.8379188188976378
21
0.9854330708661417
0
LINE
8
BLACK
6
CONTINUOUS
10
0.8379188188976378
20
0.9854330708661417
11
0.894763779527559
21
0.9854330708661417
0
LINE
8
BLACK
6
CONTINUOUS
10
0.894763779527559
20
0.9854330708661417
11
0.9183858267716535
21
0.9854330708661417
0
LINE
8
BLACK
6
CONTINUOUS
10
0.9183858267716535
20
0.9854330708661417
11
0.9183858267716535
21
0.9736220472440945
0
LINE
8
BLACK
6
CONTINUOUS
10
0.9183858267716535
20
0.9736220472440945
11
0.8711417322834646
21
0.9736220472440945
0
LINE
8
BLACK
6
CONTINUOUS
10
0.8711417322834646
20
0.9736220472440945
11
0.8354726771653543
21
0.9736220472440945
0
LINE
8
BLACK
6
CONTINUOUS
10
0.8354726771653543
20
0.9736220472440945
11
0.8347216929133858
21
0.9738232677165354
0
LINE
8
BLACK
6
CONTINUOUS
10
0.8347216929133858
20
0.9738232677165354
11
0.8339442125984252
21
0.9738232677165354
0
LINE
8
BLACK
6
CONTINUOUS
10
0.8339442125984252
20
0.9738232677165354
11
0.8332708661417323
21
0.974211968503937
0
LINE
8
BLACK
6
CONTINUOUS
10
0.8332708661417323
20
0.974211968503937
11
0.8325199212598425
21
0.9744132283464567
0
LINE
8
BLACK
6
CONTINUOUS
10
0.8325199212598425
20
0.9744132283464567
11
0.8319701181102362
21
0.9749629921259843
0
LINE
8
BLACK
6
CONTINUOUS
10
0.8319701181102362
20
0.9749629921259843
11
0.8312968503937007
21
0.9753517322834645
0
LINE
8
BLACK
6
CONTINUOUS
10
0.8312968503937007
20
0.9753517322834645
11
0.826031811023622
21
0.9806167322834646
0
LINE
8
BLACK
6
CONTINUOUS
10
0.826031811023622
20
0.9806167322834646
11
0.8248664173228346
21
0.9800229527559055
0
LINE
8
BLACK
6
CONTINUOUS
10
0.8248664173228346
20
0.9800229527559055
11
0.82
21
0.9792522047244094
0
LINE
8
BLACK
6
CONTINUOUS
10
0.82
20
0.9792522047244094
11
0.8151335826771653
21
0.9800229527559055
0
LINE
8
BLACK
6
CONTINUOUS
10
0.8151335826771653
20
0.9800229527559055
11
0.8107435433070866
21
0.9822598031496063
0
LINE
8
BLACK
6
CONTINUOUS
10
0.8107435433070866
20
0.9822598031496063
11
0.8072595669291338
21
0.985743779527559
0
LINE
8
BLACK
6
CONTINUOUS
10
0.8072595669291338
20
0.985743779527559
11
0.805022716535433
21
0.9901338188976377
0
LINE
8
BLACK
6
CONTINUOUS
10
0.805022716535433
20
0.9901338188976377
11
0.804251968503937
21
0.9950002362204724
0
LINE
8
BLACK
6
CONTINUOUS
10
0.804251968503937
20
0.9950002362204724
11
0.805022716535433
21
0.9998666535433071
0
LINE
8
BLACK
6
CONTINUOUS
10
0.805022716535433
20
0.9998666535433071
11
0.8072595669291338
21
1.0042566929133858
0
LINE
8
BLACK
6
CONTINUOUS
10
0.8072595669291338
20
1.0042566929133858
11
0.8107435433070866
21
1.0077406692913387
0
LINE
8
BLACK
6
CONTINUOUS
10
0.8107435433070866
20
1.0077406692913387
11
0.8151335826771653
21
1.0099775196850393
0
LINE
8
BLACK
6
CONTINUOUS
10
0.8151335826771653
20
1.0099775196850393
11
0.82
21
1.0107482677165354
0
LINE
8
BLACK
6
CONTINUOUS
10
0.82
20
1.0107482677165354
11
0.8248664173228346
21
1.0099775196850393
0
LINE
8
BLACK
6
CONTINUOUS
10
1.2631335433070865
20
1.0191820866141732
11
1.2675235826771654
21
1.0169452362204725
0
LINE
8
BLACK
6
CONTINUOUS
10
1.2675235826771654
20
1.0169452362204725
11
1.271007559055118
21
1.0134612598425197
0
LINE
8
BLACK
6
CONTINUOUS
10
1.271007559055118
20
1.0134612598425197
11
1.2732444094488189
21
1.009071220472441
0
LINE
8
BLACK
6
CONTINUOUS
10
1.2732444094488189
20
1.009071220472441
11
1.2740151574803149
21
1.0042048031496063
0
LINE
8
BLACK
6
CONTINUOUS
10
1.2740151574803149
20
1.0042048031496063
11
1.2732444094488189
21
0.9993383858267716
0
LINE
8
BLACK
6
CONTINUOUS
10
1.2732444094488189
20
0.9993383858267716
11
1.271007559055118
21
0.9949483464566929
0
LINE
8
BLACK
6
CONTINUOUS
10
1.271007559055118
20
0.9949483464566929
11
1.2675235826771654
21
0.9914643700787401
0
LINE
8
BLACK
6
CONTINUOUS
10
1.2675235826771654
20
0.9914643700787401
11
1.2631335433070865
21
0.9892275196850393
0
LINE
8
BLACK
6
CONTINUOUS
10
1.2631335433070865
20
0.9892275196850393
11
1.2582671259842519
21
0.9884567716535433
0
LINE
8
BLACK
6
CONTINUOUS
10
1.2582671259842519
20
0.9884567716535433
11
1.2534007086614174
21
0.9892275196850393
0
LINE
8
BLACK
6
CONTINUOUS
10
1.2534007086614174
20
0.9892275196850393
11
1.2490106692913385
21
0.9914643700787401
0
LINE
8
BLACK
6
CONTINUOUS
10
1.2490106692913385
20
0.9914643700787401
11
1.2455266929133857
21
0.9949483464566929
0
LINE
8
BLACK
6
CONTINUOUS
10
1.2455266929133857
20
0.9949483464566929
11
1.2438192913385826
21
0.9982992913385826
0
LINE
8
BLACK
6
CONTINUOUS
10
1.2438192913385826
20
0.9982992913385826
11
1.2422711811023621
21
0.9982992913385826
0
LINE
8
BLACK
6
CONTINUOUS
10
1.2422711811023621
20
0.9982992913385826
11
1.2193236220472441
21
0.9753517322834645
0
LINE
8
BLACK
6
CONTINUOUS
10
1.2193236220472441
20
0.9753517322834645
11
1.2186503149606298
21
0.9749629921259843
0
LINE
8
BLACK
6
CONTINUOUS
10
1.2186503149606298
20
0.9749629921259843
11
1.2181005511811023
21
0.9744132283464567
0
LINE
8
BLACK
6
CONTINUOUS
10
1.2181005511811023
20
0.9744132283464567
11
1.2173495669291339
21
0.974211968503937
0
LINE
8
BLACK
6
CONTINUOUS
10
1.2173495669291339
20
0.974211968503937
11
1.2166762598425196
21
0.9738232677165354
0
LINE
8
BLACK
6
CONTINUOUS
10
1.2166762598425196
20
0.9738232677165354
11
1.2158987795275591
21
0.9738232677165354
0
LINE
8
BLACK
6
CONTINUOUS
10
1.2158987795275591
20
0.9738232677165354
11
1.2151477952755905
21
0.9736220472440945
0
LINE
8
BLACK
6
CONTINUOUS
10
1.2151477952755905
20
0.9736220472440945
11
1.1152362204724409
21
0.9736220472440945
0
LINE
8
BLACK
6
CONTINUOUS
10
1.1152362204724409
20
0.9736220472440945
11
1.0916141732283464
21
0.9736220472440945
0
LINE
8
BLACK
6
CONTINUOUS
10
1.0916141732283464
20
0.9736220472440945
11
1.0916141732283464
21
0.9854330708661417
0
LINE
8
BLACK
6
CONTINUOUS
10
1.0916141732283464
20
0.9854330708661417
11
1.1388582677165353
21
0.9854330708661417
0
LINE
8
BLACK
6
CONTINUOUS
10
1.1388582677165353
20
0.9854330708661417
11
1.2127016535433071
21
0.9854330708661417
0
LINE
8
BLACK
6
CONTINUOUS
10
1.2127016535433071
20
0.9854330708661417
11
1.2356492125984251
21
1.0083806299212599
0
LINE
8
BLACK
6
CONTINUOUS
10
1.2356492125984251
20
1.0083806299212599
11
1.2363224803149606
21
1.0087693307086614
0
LINE
8
BLACK
6
CONTINUOUS
10
1.2363224803149606
20
1.0087693307086614
11
1.2368722834645669
21
1.0093191338582677
0
LINE
8
BLACK
6
CONTINUOUS
10
1.2368722834645669
20
1.0093191338582677
11
1.2376232283464568
21
1.0095203543307087
0
LINE
8
BLACK
6
CONTINUOUS
10
1.2376232283464568
20
1.0095203543307087
11
1.2382965748031496
21
1.009909094488189
0
LINE
8
BLACK
6
CONTINUOUS
10
1.2382965748031496
20
1.009909094488189
11
1.2390740551181103
21
1.009909094488189
0
LINE
8
BLACK
6
CONTINUOUS
10
1.2390740551181103
20
1.009909094488189
11
1.2398250393700787
21
1.0101103149606299
0
LINE
8
BLACK
6
CONTINUOUS
10
1.2398250393700787
20
1.0101103149606299
11
1.2438192913385826
21
1.0101103149606299
0
LINE
8
BLACK
6
CONTINUOUS
10
1.2438192913385826
20
1.0101103149606299
11
1.2455266929133857
21
1.0134612598425197
0
LINE
8
BLACK
6
CONTINUOUS
10
1.2455266929133857
20
1.0134612598425197
11
1.2490106692913385
21
1.0169452362204725
0
LINE
8
BLACK
6
CONTINUOUS
10
1.2490106692913385
20
1.0169452362204725
11
1.2534007086614174
21
1.0191820866141732
0
LINE
8
BLACK
6
CONTINUOUS
10
1.2534007086614174
20
1.0191820866141732
11
1.2582671259842519
21
1.0199528346456692
0
LINE
8
BLACK
6
CONTINUOUS
10
1.2582671259842519
20
1.0199528346456692
11
1.2631335433070865
21
1.0191820866141732
0
LINE
8
BLACK
6
CONTINUOUS
10
0.9183858267716535
20
0.9933070866141732
11
0.8711417322834646
21
0.9933070866141732
0
LINE
8
BLACK
6
CONTINUOUS
10
0.8711417322834646
20
0.9933070866141732
11
0.8711417322834646
21
1.0051181102362206
0
LINE
8
BLACK
6
CONTINUOUS
10
0.8711417322834646
20
1.0051181102362206
11
0.9183858267716535
21
1.0051181102362206
0
LINE
8
BLACK
6
CONTINUOUS
10
0.9183858267716535
20
1.0051181102362206
11
0.9183858267716535
21
0.9933070866141732
0
LINE
8
BLACK
6
CONTINUOUS
10
1.1388582677165353
20
0.9933070866141732
11
1.0916141732283464
21
0.9933070866141732
0
LINE
8
BLACK
6
CONTINUOUS
10
1.0916141732283464
20
0.9933070866141732
11
1.0916141732283464
21
1.0051181102362206
0
LINE
8
BLACK
6
CONTINUOUS
10
1.0916141732283464
20
1.0051181102362206
11
1.1388582677165353
21
1.0051181102362206
0
LINE
8
BLACK
6
CONTINUOUS
10
1.1388582677165353
20
1.0051181102362206
11
1.1388582677165353
21
0.9933070866141732
0
LINE
8
BLACK
6
CONTINUOUS
10
0.3275
20
1.1959055118110236
11
0.3343953937007874
21
1.1959055118110236
0
LINE
8
BLACK
6
CONTINUOUS
10
0.3343953937007874
20
1.1959055118110236
11
0.3350227165354331
21
1.1998664173228346
0
LINE
8
BLACK
6
CONTINUOUS
10
0.3350227165354331
20
1.1998664173228346
11
0.3372595669291338
21
1.2042564566929133
0
LINE
8
BLACK
6
CONTINUOUS
10
0.3372595669291338
20
1.2042564566929133
11
0.3407435433070866
21
1.2077404330708661
0
LINE
8
BLACK
6
CONTINUOUS
10
0.3407435433070866
20
1.2077404330708661
11
0.3451335826771654
21
1.209977283464567
0
LINE
8
BLACK
6
CONTINUOUS
10
0.3451335826771654
20
1.209977283464567
11
0.35
21
1.210748031496063
0
LINE
8
BLACK
6
CONTINUOUS
10
0.35
20
1.210748031496063
11
0.3548664173228346
21
1.209977283464567
0
LINE
8
BLACK
6
CONTINUOUS
10
0.3548664173228346
20
1.209977283464567
11
0.3592564566929134
21
1.2077404330708661
0
LINE
8
BLACK
6
CONTINUOUS
10
0.3592564566929134
20
1.2077404330708661
11
0.3627404330708661
21
1.2042564566929133
0
LINE
8
BLACK
6
CONTINUOUS
10
0.3627404330708661
20
1.2042564566929133
11
0.3649772834645669
21
1.1998664173228346
0
LINE
8
BLACK
6
CONTINUOUS
10
0.3649772834645669
20
1.1998664173228346
11
0.365748031496063
21
1.1950000000000001
0
LINE
8
BLACK
6
CONTINUOUS
10
0.365748031496063
20
1.1950000000000001
11
0.3649772834645669
21
1.1901335826771653
0
LINE
8
BLACK
6
CONTINUOUS
10
0.3649772834645669
20
1.1901335826771653
11
0.3627404330708661
21
1.1857435433070866
0
LINE
8
BLACK
6
CONTINUOUS
10
0.3627404330708661
20
1.1857435433070866
11
0.3592564566929134
21
1.1822595669291338
0
LINE
8
BLACK
6
CONTINUOUS
10
0.3592564566929134
20
1.1822595669291338
11
0.3548664173228346
21
1.1800227165354331
0
LINE
8
BLACK
6
CONTINUOUS
10
0.3548664173228346
20
1.1800227165354331
11
0.35
21
1.1792519685039369
0
LINE
8
BLACK
6
CONTINUOUS
10
0.35
20
1.1792519685039369
11
0.3451335826771654
21
1.1800227165354331
0
LINE
8
BLACK
6
CONTINUOUS
10
0.3451335826771654
20
1.1800227165354331
11
0.3407435433070866
21
1.1822595669291338
0
LINE
8
BLACK
6
CONTINUOUS
10
0.3407435433070866
20
1.1822595669291338
11
0.3389086220472441
21
1.1840944881889763
0
LINE
8
BLACK
6
CONTINUOUS
10
0.3389086220472441
20
1.1840944881889763
11
0.3275
21
1.1840944881889763
0
LINE
8
BLACK
6
CONTINUOUS
10
0.3275
20
1.1840944881889763
11
0.3275
21
1.1624999999999999
0
LINE
8
BLACK
6
CONTINUOUS
10
0.3275
20
1.1624999999999999
11
0.2925
21
1.1624999999999999
0
LINE
8
BLACK
6
CONTINUOUS
10
0.2925
20
1.1624999999999999
11
0.2925
21
1.2175
0
LINE
8
BLACK
6
CONTINUOUS
10
0.2925
20
1.2175
11
0.3275
21
1.2175
0
LINE
8
BLACK
6
CONTINUOUS
10
0.3275
20
1.2175
11
0.3275
21
1.1959055118110236
0
LINE
8
BLACK
6
CONTINUOUS
10
0.6098664173228346
20
1.2349772834645669
11
0.6142564566929134
21
1.232740433070866
0
LINE
8
BLACK
6
CONTINUOUS
10
0.6142564566929134
20
1.232740433070866
11
0.6177404330708661
21
1.2292564566929134
0
LINE
8
BLACK
6
CONTINUOUS
10
0.6177404330708661
20
1.2292564566929134
11
0.6199772834645669
21
1.2248664173228345
0
LINE
8
BLACK
6
CONTINUOUS
10
0.6199772834645669
20
1.2248664173228345
11
0.6207480314960629
21
1.22
0
LINE
8
BLACK
6
CONTINUOUS
10
0.6207480314960629
20
1.22
11
0.6199772834645669
21
1.2151335826771654
0
LINE
8
BLACK
6
CONTINUOUS
10
0.6199772834645669
20
1.2151335826771654
11
0.6177404330708661
21
1.2107435433070866
0
LINE
8
BLACK
6
CONTINUOUS
10
0.6177404330708661
20
1.2107435433070866
11
0.6169968897637795
21
1.21
0
LINE
8
BLACK
6
CONTINUOUS
10
0.6169968897637795
20
1.21
11
0.6325
21
1.21
0
LINE
8
BLACK
6
CONTINUOUS
10
0.6325
20
1.21
11
0.6325
21
1.175
0
LINE
8
BLACK
6
CONTINUOUS
10
0.6325
20
1.175
11
0.5775
21
1.175
0
LINE
8
BLACK
6
CONTINUOUS
10
0.5775
20
1.175
11
0.5775
21
1.21
0
LINE
8
BLACK
6
CONTINUOUS
10
0.5775
20
1.21
11
0.5930031102362204
21
1.21
0
LINE
8
BLACK
6
CONTINUOUS
10
0.5930031102362204
20
1.21
11
0.5922595669291338
21
1.2107435433070866
0
LINE
8
BLACK
6
CONTINUOUS
10
0.5922595669291338
20
1.2107435433070866
11
0.590022716535433
21
1.2151335826771654
0
LINE
8
BLACK
6
CONTINUOUS
10
0.590022716535433
20
1.2151335826771654
11
0.589251968503937
21
1.22
0
LINE
8
BLACK
6
CONTINUOUS
10
0.589251968503937
20
1.22
11
0.590022716535433
21
1.2248664173228345
0
LINE
8
BLACK
6
CONTINUOUS
10
0.590022716535433
20
1.2248664173228345
11
0.5922595669291338
21
1.2292564566929134
0
LINE
8
BLACK
6
CONTINUOUS
10
0.5922595669291338
20
1.2292564566929134
11
0.5957435433070866
21
1.232740433070866
0
LINE
8
BLACK
6
CONTINUOUS
10
0.5957435433070866
20
1.232740433070866
11
0.6001335826771653
21
1.2349772834645669
0
LINE
8
BLACK
6
CONTINUOUS
10
0.6001335826771653
20
1.2349772834645669
11
0.605
21
1.2357480314960629
0
LINE
8
BLACK
6
CONTINUOUS
10
0.605
20
1.2357480314960629
11
0.6098664173228346
21
1.2349772834645669
0
LINE
8
BLACK
6
CONTINUOUS
10
0.635
20
1.425
11
0.6109055118110236
21
1.425
0
LINE
8
BLACK
6
CONTINUOUS
10
0.6109055118110236
20
1.425
11
0.6109055118110236
21
1.385
0
LINE
8
BLACK
6
CONTINUOUS
10
0.6109055118110236
20
1.385
11
0.635
21
1.385
0
LINE
8
BLACK
6
CONTINUOUS
10
0.635
20
1.385
11
0.635
21
1.325
0
LINE
8
BLACK
6
CONTINUOUS
10
0.635
20
1.325
11
0.6109055118110236
21
1.325
0
LINE
8
BLACK
6
CONTINUOUS
10
0.6109055118110236
20
1.325
11
0.6109055118110236
21
1.2849999999999999
0
LINE
8
BLACK
6
CONTINUOUS
10
0.6109055118110236
20
1.2849999999999999
11
0.6325
21
1.2849999999999999
0
LINE
8
BLACK
6
CONTINUOUS
10
0.6325
20
1.2849999999999999
11
0.6325
21
1.25
0
LINE
8
BLACK
6
CONTINUOUS
10
0.6325
20
1.25
11
0.5775
21
1.25
0
LINE
8
BLACK
6
CONTINUOUS
10
0.5775
20
1.25
11
0.5775
21
1.2849999999999999
0
LINE
8
BLACK
6
CONTINUOUS
10
0.5775
20
1.2849999999999999
11
0.5990944881889764
21
1.2849999999999999
0
LINE
8
BLACK
6
CONTINUOUS
10
0.5990944881889764
20
1.2849999999999999
11
0.5990944881889764
21
1.325
0
LINE
8
BLACK
6
CONTINUOUS
10
0.5990944881889764
20
1.325
11
0.575
21
1.325
0
LINE
8
BLACK
6
CONTINUOUS
10
0.575
20
1.325
11
0.575
21
1.385
0
LINE
8
BLACK
6
CONTINUOUS
10
0.575
20
1.385
11
0.5990944881889764
21
1.385
0
LINE
8
BLACK
6
CONTINUOUS
10
0.5990944881889764
20
1.385
11
0.5990944881889764
21
1.425
0
LINE
8
BLACK
6
CONTINUOUS
10
0.5990944881889764
20
1.425
11
0.575
21
1.425
0
LINE
8
BLACK
6
CONTINUOUS
10
0.575
20
1.425
11
0.575
21
1.4849999999999999
0
LINE
8
BLACK
6
CONTINUOUS
10
0.575
20
1.4849999999999999
11
0.635
21
1.4849999999999999
0
LINE
8
BLACK
6
CONTINUOUS
10
0.635
20
1.4849999999999999
11
0.635
21
1.425
0
LINE
8
BLACK
6
CONTINUOUS
10
1.2148664173228345
20
1.2349772834645669
11
1.2192564566929134
21
1.232740433070866
0
LINE
8
BLACK
6
CONTINUOUS
10
1.2192564566929134
20
1.232740433070866
11
1.2227404330708662
21
1.2292564566929134
0
LINE
8
BLACK
6
CONTINUOUS
10
1.2227404330708662
20
1.2292564566929134
11
1.2249772834645669
21
1.2248664173228345
0
LINE
8
BLACK
6
CONTINUOUS
10
1.2249772834645669
20
1.2248664173228345
11
1.2257480314960629
21
1.22
0
LINE
8
BLACK
6
CONTINUOUS
10
1.2257480314960629
20
1.22
11
1.2249772834645669
21
1.2151335826771654
0
LINE
8
BLACK
6
CONTINUOUS
10
1.2249772834645669
20
1.2151335826771654
11
1.2227404330708662
21
1.2107435433070866
0
LINE
8
BLACK
6
CONTINUOUS
10
1.2227404330708662
20
1.2107435433070866
11
1.2194968897637795
21
1.2075
0
LINE
8
BLACK
6
CONTINUOUS
10
1.2194968897637795
20
1.2075
11
1.2375
21
1.2075
0
LINE
8
BLACK
6
CONTINUOUS
10
1.2375
20
1.2075
11
1.2375
21
1.1724999999999999
0
LINE
8
BLACK
6
CONTINUOUS
10
1.2375
20
1.1724999999999999
11
1.1824999999999999
21
1.1724999999999999
0
LINE
8
BLACK
6
CONTINUOUS
10
1.1824999999999999
20
1.1724999999999999
11
1.1824999999999999
21
1.2075
0
LINE
8
BLACK
6
CONTINUOUS
10
1.1824999999999999
20
1.2075
11
1.2005031102362205
21
1.2075
0
LINE
8
BLACK
6
CONTINUOUS
10
1.2005031102362205
20
1.2075
11
1.1972595669291339
21
1.2107435433070866
0
LINE
8
BLACK
6
CONTINUOUS
10
1.1972595669291339
20
1.2107435433070866
11
1.195022716535433
21
1.2151335826771654
0
LINE
8
BLACK
6
CONTINUOUS
10
1.195022716535433
20
1.2151335826771654
11
1.194251968503937
21
1.22
0
LINE
8
BLACK
6
CONTINUOUS
10
1.194251968503937
20
1.22
11
1.195022716535433
21
1.2248664173228345
0
LINE
8
BLACK
6
CONTINUOUS
10
1.195022716535433
20
1.2248664173228345
11
1.1972595669291339
21
1.2292564566929134
0
LINE
8
BLACK
6
CONTINUOUS
10
1.1972595669291339
20
1.2292564566929134
11
1.2007435433070865
21
1.232740433070866
0
LINE
8
BLACK
6
CONTINUOUS
10
1.2007435433070865
20
1.232740433070866
11
1.2051335826771654
21
1.2349772834645669
0
LINE
8
BLACK
6
CONTINUOUS
10
1.2051335826771654
20
1.2349772834645669
11
1.21
21
1.2357480314960629
0
LINE
8
BLACK
6
CONTINUOUS
10
1.21
20
1.2357480314960629
11
1.2148664173228345
21
1.2349772834645669
0
LINE
8
BLACK
6
CONTINUOUS
10
1.3148664173228346
20
1.2349772834645669
11
1.3192564566929132
21
1.232740433070866
0
LINE
8
BLACK
6
CONTINUOUS
10
1.3192564566929132
20
1.232740433070866
11
1.3227404330708661
21
1.2292564566929134
0
LINE
8
BLACK
6
CONTINUOUS
10
1.3227404330708661
20
1.2292564566929134
11
1.324977283464567
21
1.2248664173228345
0
LINE
8
BLACK
6
CONTINUOUS
10
1.324977283464567
20
1.2248664173228345
11
1.325748031496063
21
1.22
0
LINE
8
BLACK
6
CONTINUOUS
10
1.325748031496063
20
1.22
11
1.324977283464567
21
1.2151335826771654
0
LINE
8
BLACK
6
CONTINUOUS
10
1.324977283464567
20
1.2151335826771654
11
1.3227404330708661
21
1.2107435433070866
0
LINE
8
BLACK
6
CONTINUOUS
10
1.3227404330708661
20
1.2107435433070866
11
1.3194968897637795
21
1.2075
0
LINE
8
BLACK
6
CONTINUOUS
10
1.3194968897637795
20
1.2075
11
1.3374999999999999
21
1.2075
0
LINE
8
BLACK
6
CONTINUOUS
10
1.3374999999999999
20
1.2075
11
1.3374999999999999
21
1.1724999999999999
0
LINE
8
BLACK
6
CONTINUOUS
10
1.3374999999999999
20
1.1724999999999999
11
1.2825
21
1.1724999999999999
0
LINE
8
BLACK
6
CONTINUOUS
10
1.2825
20
1.1724999999999999
11
1.2825
21
1.2075
0
LINE
8
BLACK
6
CONTINUOUS
10
1.2825
20
1.2075
11
1.3005031102362203
21
1.2075
0
LINE
8
BLACK
6
CONTINUOUS
10
1.3005031102362203
20
1.2075
11
1.2972595669291338
21
1.2107435433070866
0
LINE
8
BLACK
6
CONTINUOUS
10
1.2972595669291338
20
1.2107435433070866
11
1.2950227165354331
21
1.2151335826771654
0
LINE
8
BLACK
6
CONTINUOUS
10
1.2950227165354331
20
1.2151335826771654
11
1.2942519685039371
21
1.22
0
LINE
8
BLACK
6
CONTINUOUS
10
1.2942519685039371
20
1.22
11
1.2950227165354331
21
1.2248664173228345
0
LINE
8
BLACK
6
CONTINUOUS
10
1.2950227165354331
20
1.2248664173228345
11
1.2972595669291338
21
1.2292564566929134
0
LINE
8
BLACK
6
CONTINUOUS
10
1.2972595669291338
20
1.2292564566929134
11
1.3007435433070866
21
1.232740433070866
0
LINE
8
BLACK
6
CONTINUOUS
10
1.3007435433070866
20
1.232740433070866
11
1.3051335826771653
21
1.2349772834645669
0
LINE
8
BLACK
6
CONTINUOUS
10
1.3051335826771653
20
1.2349772834645669
11
1.3100000000000001
21
1.2357480314960629
0
LINE
8
BLACK
6
CONTINUOUS
10
1.3100000000000001
20
1.2357480314960629
11
1.3148664173228346
21
1.2349772834645669
0
LINE
8
BLACK
6
CONTINUOUS
10
1.4148664173228347
20
1.2349772834645669
11
1.4192564566929133
21
1.232740433070866
0
LINE
8
BLACK
6
CONTINUOUS
10
1.4192564566929133
20
1.232740433070866
11
1.4227404330708662
21
1.2292564566929134
0
LINE
8
BLACK
6
CONTINUOUS
10
1.4227404330708662
20
1.2292564566929134
11
1.4249772834645669
21
1.2248664173228345
0
LINE
8
BLACK
6
CONTINUOUS
10
1.4249772834645669
20
1.2248664173228345
11
1.4257480314960629
21
1.22
0
LINE
8
BLACK
6
CONTINUOUS
10
1.4257480314960629
20
1.22
11
1.4249772834645669
21
1.2151335826771654
0
LINE
8
BLACK
6
CONTINUOUS
10
1.4249772834645669
20
1.2151335826771654
11
1.4227404330708662
21
1.2107435433070866
0
LINE
8
BLACK
6
CONTINUOUS
10
1.4227404330708662
20
1.2107435433070866
11
1.4194968897637794
21
1.2075
0
LINE
8
BLACK
6
CONTINUOUS
10
1.4194968897637794
20
1.2075
11
1.4375
21
1.2075
0
LINE
8
BLACK
6
CONTINUOUS
10
1.4375
20
1.2075
11
1.4375
21
1.1724999999999999
0
LINE
8
BLACK
6
CONTINUOUS
10
1.4375
20
1.1724999999999999
11
1.3825000000000001
21
1.1724999999999999
0
LINE
8
BLACK
6
CONTINUOUS
10
1.3825000000000001
20
1.1724999999999999
11
1.3825000000000001
21
1.2075
0
LINE
8
BLACK
6
CONTINUOUS
10
1.3825000000000001
20
1.2075
11
1.4005031102362204
21
1.2075
0
LINE
8
BLACK
6
CONTINUOUS
10
1.4005031102362204
20
1.2075
11
1.3972595669291339
21
1.2107435433070866
0
LINE
8
BLACK
6
CONTINUOUS
10
1.3972595669291339
20
1.2107435433070866
11
1.395022716535433
21
1.2151335826771654
0
LINE
8
BLACK
6
CONTINUOUS
10
1.395022716535433
20
1.2151335826771654
11
1.394251968503937
21
1.22
0
LINE
8
BLACK
6
CONTINUOUS
10
1.394251968503937
20
1.22
11
1.395022716535433
21
1.2248664173228345
0
LINE
8
BLACK
6
CONTINUOUS
10
1.395022716535433
20
1.2248664173228345
11
1.3972595669291339
21
1.2292564566929134
0
LINE
8
BLACK
6
CONTINUOUS
10
1.3972595669291339
20
1.2292564566929134
11
1.4007435433070865
21
1.232740433070866
0
LINE
8
BLACK
6
CONTINUOUS
10
1.4007435433070865
20
1.232740433070866
11
1.4051335826771654
21
1.2349772834645669
0
LINE
8
BLACK
6
CONTINUOUS
10
1.4051335826771654
20
1.2349772834645669
11
1.4099999999999999
21
1.2357480314960629
0
LINE
8
BLACK
6
CONTINUOUS
10
1.4099999999999999
20
1.2357480314960629
11
1.4148664173228347
21
1.2349772834645669
0
LINE
8
BLACK
6
CONTINUOUS
10
0.7148664173228346
20
1.2349772834645669
11
0.7192564566929134
21
1.232740433070866
0
LINE
8
BLACK
6
CONTINUOUS
10
0.7192564566929134
20
1.232740433070866
11
0.7227404330708661
21
1.2292564566929134
0
LINE
8
BLACK
6
CONTINUOUS
10
0.7227404330708661
20
1.2292564566929134
11
0.7249772834645669
21
1.2248664173228345
0
LINE
8
BLACK
6
CONTINUOUS
10
0.7249772834645669
20
1.2248664173228345
11
0.7257480314960629
21
1.22
0
LINE
8
BLACK
6
CONTINUOUS
10
0.7257480314960629
20
1.22
11
0.7249772834645669
21
1.2151335826771654
0
LINE
8
BLACK
6
CONTINUOUS
10
0.7249772834645669
20
1.2151335826771654
11
0.7227404330708661
21
1.2107435433070866
0
LINE
8
BLACK
6
CONTINUOUS
10
0.7227404330708661
20
1.2107435433070866
11
0.7219968897637795
21
1.21
0
LINE
8
BLACK
6
CONTINUOUS
10
0.7219968897637795
20
1.21
11
0.7374999999999999
21
1.21
0
LINE
8
BLACK
6
CONTINUOUS
10
0.7374999999999999
20
1.21
11
0.7374999999999999
21
1.175
0
LINE
8
BLACK
6
CONTINUOUS
10
0.7374999999999999
20
1.175
11
0.6825
21
1.175
0
LINE
8
BLACK
6
CONTINUOUS
10
0.6825
20
1.175
11
0.6825
21
1.21
0
LINE
8
BLACK
6
CONTINUOUS
10
0.6825
20
1.21
11
0.6980031102362204
21
1.21
0
LINE
8
BLACK
6
CONTINUOUS
10
0.6980031102362204
20
1.21
11
0.6972595669291338
21
1.2107435433070866
0
LINE
8
BLACK
6
CONTINUOUS
10
0.6972595669291338
20
1.2107435433070866
11
0.695022716535433
21
1.2151335826771654
0
LINE
8
BLACK
6
CONTINUOUS
10
0.695022716535433
20
1.2151335826771654
11
0.694251968503937
21
1.22
0
LINE
8
BLACK
6
CONTINUOUS
10
0.694251968503937
20
1.22
11
0.695022716535433
21
1.2248664173228345
0
LINE
8
BLACK
6
CONTINUOUS
10
0.695022716535433
20
1.2248664173228345
11
0.6972595669291338
21
1.2292564566929134
0
LINE
8
BLACK
6
CONTINUOUS
10
0.6972595669291338
20
1.2292564566929134
11
0.7007435433070865
21
1.232740433070866
0
LINE
8
BLACK
6
CONTINUOUS
10
0.7007435433070865
20
1.232740433070866
11
0.7051335826771653
21
1.2349772834645669
0
LINE
8
BLACK
6
CONTINUOUS
10
0.7051335826771653
20
1.2349772834645669
11
0.71
21
1.2357480314960629
0
LINE
8
BLACK
6
CONTINUOUS
10
0.71
20
1.2357480314960629
11
0.7148664173228346
21
1.2349772834645669
0
LINE
8
BLACK
6
CONTINUOUS
10
0.8098664173228346
20
1.2349775196850394
11
0.8142564566929134
21
1.2327406692913385
0
LINE
8
BLACK
6
CONTINUOUS
10
0.8142564566929134
20
1.2327406692913385
11
0.8177404330708661
21
1.2292566929133859
0
LINE
8
BLACK
6
CONTINUOUS
10
0.8177404330708661
20
1.2292566929133859
11
0.8199772834645669
21
1.224866653543307
0
LINE
8
BLACK
6
CONTINUOUS
10
0.8199772834645669
20
1.224866653543307
11
0.820748031496063
21
1.2200002362204725
0
LINE
8
BLACK
6
CONTINUOUS
10
0.820748031496063
20
1.2200002362204725
11
0.8199772834645669
21
1.2151338188976377
0
LINE
8
BLACK
6
CONTINUOUS
10
0.8199772834645669
20
1.2151338188976377
11
0.8177404330708661
21
1.2107437795275591
0
LINE
8
BLACK
6
CONTINUOUS
10
0.8177404330708661
20
1.2107437795275591
11
0.8169966535433071
21
1.21
0
LINE
8
BLACK
6
CONTINUOUS
10
0.8169966535433071
20
1.21
11
0.8325
21
1.21
0
LINE
8
BLACK
6
CONTINUOUS
10
0.8325
20
1.21
11
0.8325
21
1.175
0
LINE
8
BLACK
6
CONTINUOUS
10
0.8325
20
1.175
11
0.7775
21
1.175
0
LINE
8
BLACK
6
CONTINUOUS
10
0.7775
20
1.175
11
0.7775
21
1.21
0
LINE
8
BLACK
6
CONTINUOUS
10
0.7775
20
1.21
11
0.7930033464566929
21
1.21
0
LINE
8
BLACK
6
CONTINUOUS
10
0.7930033464566929
20
1.21
11
0.7922595669291338
21
1.2107437795275591
0
LINE
8
BLACK
6
CONTINUOUS
10
0.7922595669291338
20
1.2107437795275591
11
0.7900227165354331
21
1.2151338188976377
0
LINE
8
BLACK
6
CONTINUOUS
10
0.7900227165354331
20
1.2151338188976377
11
0.789251968503937
21
1.2200002362204725
0
LINE
8
BLACK
6
CONTINUOUS
10
0.789251968503937
20
1.2200002362204725
11
0.7900227165354331
21
1.224866653543307
0
LINE
8
BLACK
6
CONTINUOUS
10
0.7900227165354331
20
1.224866653543307
11
0.7922595669291338
21
1.2292566929133859
0
LINE
8
BLACK
6
CONTINUOUS
10
0.7922595669291338
20
1.2292566929133859
11
0.7957435433070866
21
1.2327406692913385
0
LINE
8
BLACK
6
CONTINUOUS
10
0.7957435433070866
20
1.2327406692913385
11
0.8001335826771654
21
1.2349775196850394
0
LINE
8
BLACK
6
CONTINUOUS
10
0.8001335826771654
20
1.2349775196850394
11
0.8049999999999999
21
1.2357482677165355
0
LINE
8
BLACK
6
CONTINUOUS
10
0.8049999999999999
20
1.2357482677165355
11
0.8098664173228346
21
1.2349775196850394
0
LINE
8
BLACK
6
CONTINUOUS
10
0.9148664173228346
20
1.2349772834645669
11
0.9192564566929133
21
1.232740433070866
0
LINE
8
BLACK
6
CONTINUOUS
10
0.9192564566929133
20
1.232740433070866
11
0.9227404330708662
21
1.2292564566929134
0
LINE
8
BLACK
6
CONTINUOUS
10
0.9227404330708662
20
1.2292564566929134
11
0.9249772834645669
21
1.2248664173228345
0
LINE
8
BLACK
6
CONTINUOUS
10
0.9249772834645669
20
1.2248664173228345
11
0.925748031496063
21
1.22
0
LINE
8
BLACK
6
CONTINUOUS
10
0.925748031496063
20
1.22
11
0.9249772834645669
21
1.2151335826771654
0
LINE
8
BLACK
6
CONTINUOUS
10
0.9249772834645669
20
1.2151335826771654
11
0.9227404330708662
21
1.2107435433070866
0
LINE
8
BLACK
6
CONTINUOUS
10
0.9227404330708662
20
1.2107435433070866
11
0.9219968897637795
21
1.21
0
LINE
8
BLACK
6
CONTINUOUS
10
0.9219968897637795
20
1.21
11
0.9375
21
1.21
0
LINE
8
BLACK
6
CONTINUOUS
10
0.9375
20
1.21
11
0.9375
21
1.175
0
LINE
8
BLACK
6
CONTINUOUS
10
0.9375
20
1.175
11
0.8825
21
1.175
0
LINE
8
BLACK
6
CONTINUOUS
10
0.8825
20
1.175
11
0.8825
21
1.21
0
LINE
8
BLACK
6
CONTINUOUS
10
0.8825
20
1.21
11
0.8980031102362205
21
1.21
0
LINE
8
BLACK
6
CONTINUOUS
10
0.8980031102362205
20
1.21
11
0.8972595669291339
21
1.2107435433070866
0
LINE
8
BLACK
6
CONTINUOUS
10
0.8972595669291339
20
1.2107435433070866
11
0.8950227165354331
21
1.2151335826771654
0
LINE
8
BLACK
6
CONTINUOUS
10
0.8950227165354331
20
1.2151335826771654
11
0.894251968503937
21
1.22
0
LINE
8
BLACK
6
CONTINUOUS
10
0.894251968503937
20
1.22
11
0.8950227165354331
21
1.2248664173228345
0
LINE
8
BLACK
6
CONTINUOUS
10
0.8950227165354331
20
1.2248664173228345
11
0.8972595669291339
21
1.2292564566929134
0
LINE
8
BLACK
6
CONTINUOUS
10
0.8972595669291339
20
1.2292564566929134
11
0.9007435433070866
21
1.232740433070866
0
LINE
8
BLACK
6
CONTINUOUS
10
0.9007435433070866
20
1.232740433070866
11
0.9051335826771654
21
1.2349772834645669
0
LINE
8
BLACK
6
CONTINUOUS
10
0.9051335826771654
20
1.2349772834645669
11
0.91
21
1.2357480314960629
0
LINE
8
BLACK
6
CONTINUOUS
10
0.91
20
1.2357480314960629
11
0.9148664173228346
21
1.2349772834645669
0
LINE
8
BLACK
6
CONTINUOUS
10
1.0148664173228346
20
1.2349772834645669
11
1.0192564566929134
21
1.232740433070866
0
LINE
8
BLACK
6
CONTINUOUS
10
1.0192564566929134
20
1.232740433070866
11
1.022740433070866
21
1.2292564566929134
0
LINE
8
BLACK
6
CONTINUOUS
10
1.022740433070866
20
1.2292564566929134
11
1.024977283464567
21
1.2248664173228345
0
LINE
8
BLACK
6
CONTINUOUS
10
1.024977283464567
20
1.2248664173228345
11
1.025748031496063
21
1.22
0
LINE
8
BLACK
6
CONTINUOUS
10
1.025748031496063
20
1.22
11
1.024977283464567
21
1.2151335826771654
0
LINE
8
BLACK
6
CONTINUOUS
10
1.024977283464567
20
1.2151335826771654
11
1.022740433070866
21
1.2107435433070866
0
LINE
8
BLACK
6
CONTINUOUS
10
1.022740433070866
20
1.2107435433070866
11
1.0219968897637794
21
1.21
0
LINE
8
BLACK
6
CONTINUOUS
10
1.0219968897637794
20
1.21
11
1.0374999999999999
21
1.21
0
LINE
8
BLACK
6
CONTINUOUS
10
1.0374999999999999
20
1.21
11
1.0374999999999999
21
1.175
0
LINE
8
BLACK
6
CONTINUOUS
10
1.0374999999999999
20
1.175
11
0.9824999999999999
21
1.175
0
LINE
8
BLACK
6
CONTINUOUS
10
0.9824999999999999
20
1.175
11
0.9824999999999999
21
1.21
0
LINE
8
BLACK
6
CONTINUOUS
10
0.9824999999999999
20
1.21
11
0.9980031102362205
21
1.21
0
LINE
8
BLACK
6
CONTINUOUS
10
0.9980031102362205
20
1.21
11
0.9972595669291339
21
1.2107435433070866
0
LINE
8
BLACK
6
CONTINUOUS
10
0.9972595669291339
20
1.2107435433070866
11
0.9950227165354331
21
1.2151335826771654
0
LINE
8
BLACK
6
CONTINUOUS
10
0.9950227165354331
20
1.2151335826771654
11
0.9942519685039369
21
1.22
0
LINE
8
BLACK
6
CONTINUOUS
10
0.9942519685039369
20
1.22
11
0.9950227165354331
21
1.2248664173228345
0
LINE
8
BLACK
6
CONTINUOUS
10
0.9950227165354331
20
1.2248664173228345
11
0.9972595669291339
21
1.2292564566929134
0
LINE
8
BLACK
6
CONTINUOUS
10
0.9972595669291339
20
1.2292564566929134
11
1.0007435433070866
21
1.232740433070866
0
LINE
8
BLACK
6
CONTINUOUS
10
1.0007435433070866
20
1.232740433070866
11
1.0051335826771652
21
1.2349772834645669
0
LINE
8
BLACK
6
CONTINUOUS
10
1.0051335826771652
20
1.2349772834645669
11
1.01
21
1.2357480314960629
0
LINE
8
BLACK
6
CONTINUOUS
10
1.01
20
1.2357480314960629
11
1.0148664173228346
21
1.2349772834645669
0
LINE
8
BLACK
6
CONTINUOUS
10
1.1148664173228346
20
1.2349772834645669
11
1.1192564566929133
21
1.232740433070866
0
LINE
8
BLACK
6
CONTINUOUS
10
1.1192564566929133
20
1.232740433070866
11
1.1227404330708661
21
1.2292564566929134
0
LINE
8
BLACK
6
CONTINUOUS
10
1.1227404330708661
20
1.2292564566929134
11
1.1249772834645668
21
1.2248664173228345
0
LINE
8
BLACK
6
CONTINUOUS
10
1.1249772834645668
20
1.2248664173228345
11
1.1257480314960631
21
1.22
0
LINE
8
BLACK
6
CONTINUOUS
10
1.1257480314960631
20
1.22
11
1.1249772834645668
21
1.2151335826771654
0
LINE
8
BLACK
6
CONTINUOUS
10
1.1249772834645668
20
1.2151335826771654
11
1.1227404330708661
21
1.2107435433070866
0
LINE
8
BLACK
6
CONTINUOUS
10
1.1227404330708661
20
1.2107435433070866
11
1.1219968897637795
21
1.21
0
LINE
8
BLACK
6
CONTINUOUS
10
1.1219968897637795
20
1.21
11
1.1375
21
1.21
0
LINE
8
BLACK
6
CONTINUOUS
10
1.1375
20
1.21
11
1.1375
21
1.175
0
LINE
8
BLACK
6
CONTINUOUS
10
1.1375
20
1.175
11
1.0825
21
1.175
0
LINE
8
BLACK
6
CONTINUOUS
10
1.0825
20
1.175
11
1.0825
21
1.21
0
LINE
8
BLACK
6
CONTINUOUS
10
1.0825
20
1.21
11
1.0980031102362204
21
1.21
0
LINE
8
BLACK
6
CONTINUOUS
10
1.0980031102362204
20
1.21
11
1.0972595669291338
21
1.2107435433070866
0
LINE
8
BLACK
6
CONTINUOUS
10
1.0972595669291338
20
1.2107435433070866
11
1.0950227165354331
21
1.2151335826771654
0
LINE
8
BLACK
6
CONTINUOUS
10
1.0950227165354331
20
1.2151335826771654
11
1.0942519685039369
21
1.22
0
LINE
8
BLACK
6
CONTINUOUS
10
1.0942519685039369
20
1.22
11
1.0950227165354331
21
1.2248664173228345
0
LINE
8
BLACK
6
CONTINUOUS
10
1.0950227165354331
20
1.2248664173228345
11
1.0972595669291338
21
1.2292564566929134
0
LINE
8
BLACK
6
CONTINUOUS
10
1.0972595669291338
20
1.2292564566929134
11
1.1007435433070867
21
1.232740433070866
0
LINE
8
BLACK
6
CONTINUOUS
10
1.1007435433070867
20
1.232740433070866
11
1.1051335826771653
21
1.2349772834645669
0
LINE
8
BLACK
6
CONTINUOUS
10
1.1051335826771653
20
1.2349772834645669
11
1.1099999999999999
21
1.2357480314960629
0
LINE
8
BLACK
6
CONTINUOUS
10
1.1099999999999999
20
1.2357480314960629
11
1.1148664173228346
21
1.2349772834645669
0
LINE
8
BLACK
6
CONTINUOUS
10
1.4514399606299213
20
1.5357042913385825
11
1.4522174409448818
21
1.5357042913385825
0
LINE
8
BLACK
6
CONTINUOUS
10
1.4522174409448818
20
1.5357042913385825
11
1.4528907480314961
21
1.5353155511811023
0
LINE
8
BLACK
6
CONTINUOUS
10
1.4528907480314961
20
1.5353155511811023
11
1.4536417322834645
21
1.5351143307086614
0
LINE
8
BLACK
6
CONTINUOUS
10
1.4536417322834645
20
1.5351143307086614
11
1.454191496062992
21
1.5345645275590551
0
LINE
8
BLACK
6
CONTINUOUS
10
1.454191496062992
20
1.5345645275590551
11
1.4548648031496063
21
1.5341758267716534
0
LINE
8
BLACK
6
CONTINUOUS
10
1.4548648031496063
20
1.5341758267716534
11
1.4881351181102362
21
1.5009055118110235
0
LINE
8
BLACK
6
CONTINUOUS
10
1.4881351181102362
20
1.5009055118110235
11
1.4975000000000001
21
1.5009055118110235
0
LINE
8
BLACK
6
CONTINUOUS
10
1.4975000000000001
20
1.5009055118110235
11
1.4975000000000001
21
1.5225
0
LINE
8
BLACK
6
CONTINUOUS
10
1.4975000000000001
20
1.5225
11
1.5325
21
1.5225
0
LINE
8
BLACK
6
CONTINUOUS
10
1.5325
20
1.5225
11
1.5325
21
1.4675
0
LINE
8
BLACK
6
CONTINUOUS
10
1.5325
20
1.4675
11
1.4975000000000001
21
1.4675
0
LINE
8
BLACK
6
CONTINUOUS
10
1.4975000000000001
20
1.4675
11
1.4975000000000001
21
1.4890944881889763
0
LINE
8
BLACK
6
CONTINUOUS
10
1.4975000000000001
20
1.4890944881889763
11
1.4856889763779528
21
1.4890944881889763
0
LINE
8
BLACK
6
CONTINUOUS
10
1.4856889763779528
20
1.4890944881889763
11
1.4849379921259842
21
1.4892957086614174
0
LINE
8
BLACK
6
CONTINUOUS
10
1.4849379921259842
20
1.4892957086614174
11
1.4841605118110235
21
1.4892957086614174
0
LINE
8
BLACK
6
CONTINUOUS
10
1.4841605118110235
20
1.4892957086614174
11
1.4834871653543307
21
1.4896844094488189
0
LINE
8
BLACK
6
CONTINUOUS
10
1.4834871653543307
20
1.4896844094488189
11
1.4827362204724408
21
1.4898856692913385
0
LINE
8
BLACK
6
CONTINUOUS
10
1.4827362204724408
20
1.4898856692913385
11
1.4821864173228345
21
1.490435433070866
0
LINE
8
BLACK
6
CONTINUOUS
10
1.4821864173228345
20
1.490435433070866
11
1.4815131496062992
21
1.4908241732283465
0
LINE
8
BLACK
6
CONTINUOUS
10
1.4815131496062992
20
1.4908241732283465
11
1.4482428346456693
21
1.5240944881889764
0
LINE
8
BLACK
6
CONTINUOUS
10
1.4482428346456693
20
1.5240944881889764
11
1.2456351181102361
21
1.5240944881889764
0
LINE
8
BLACK
6
CONTINUOUS
10
1.2456351181102361
20
1.5240944881889764
11
1.2159055118110236
21
1.4943648818897637
0
LINE
8
BLACK
6
CONTINUOUS
10
1.2159055118110236
20
1.4943648818897637
11
1.2159055118110236
21
1.4849999999999999
0
LINE
8
BLACK
6
CONTINUOUS
10
1.2159055118110236
20
1.4849999999999999
11
1.24
21
1.4849999999999999
0
LINE
8
BLACK
6
CONTINUOUS
10
1.24
20
1.4849999999999999
11
1.24
21
1.425
0
LINE
8
BLACK
6
CONTINUOUS
10
1.24
20
1.425
11
1.2159055118110236
21
1.425
0
LINE
8
BLACK
6
CONTINUOUS
10
1.2159055118110236
20
1.425
11
1.2159055118110236
21
1.385
0
LINE
8
BLACK
6
CONTINUOUS
10
1.2159055118110236
20
1.385
11
1.24
21
1.385
0
LINE
8
BLACK
6
CONTINUOUS
10
1.24
20
1.385
11
1.24
21
1.325
0
LINE
8
BLACK
6
CONTINUOUS
10
1.24
20
1.325
11
1.2159055118110236
21
1.325
0
LINE
8
BLACK
6
CONTINUOUS
10
1.2159055118110236
20
1.325
11
1.2159055118110236
21
1.2825
0
LINE
8
BLACK
6
CONTINUOUS
10
1.2159055118110236
20
1.2825
11
1.2375
21
1.2825
0
LINE
8
BLACK
6
CONTINUOUS
10
1.2375
20
1.2825
11
1.2375
21
1.2475000000000001
0
LINE
8
BLACK
6
CONTINUOUS
10
1.2375
20
1.2475000000000001
11
1.1824999999999999
21
1.2475000000000001
0
LINE
8
BLACK
6
CONTINUOUS
10
1.1824999999999999
20
1.2475000000000001
11
1.1824999999999999
21
1.2825
0
LINE
8
BLACK
6
CONTINUOUS
10
1.1824999999999999
20
1.2825
11
1.2040944881889764
21
1.2825
0
LINE
8
BLACK
6
CONTINUOUS
10
1.2040944881889764
20
1.2825
11
1.2040944881889764
21
1.325
0
LINE
8
BLACK
6
CONTINUOUS
10
1.2040944881889764
20
1.325
11
1.1799999999999999
21
1.325
0
LINE
8
BLACK
6
CONTINUOUS
10
1.1799999999999999
20
1.325
11
1.1799999999999999
21
1.385
0
LINE
8
BLACK
6
CONTINUOUS
10
1.1799999999999999
20
1.385
11
1.2040944881889764
21
1.385
0
LINE
8
BLACK
6
CONTINUOUS
10
1.2040944881889764
20
1.385
11
1.2040944881889764
21
1.425
0
LINE
8
BLACK
6
CONTINUOUS
10
1.2040944881889764
20
1.425
11
1.1799999999999999
21
1.425
0
LINE
8
BLACK
6
CONTINUOUS
10
1.1799999999999999
20
1.425
11
1.1799999999999999
21
1.4849999999999999
0
LINE
8
BLACK
6
CONTINUOUS
10
1.1799999999999999
20
1.4849999999999999
11
1.2040944881889764
21
1.4849999999999999
0
LINE
8
BLACK
6
CONTINUOUS
10
1.2040944881889764
20
1.4849999999999999
11
1.2040944881889764
21
1.4968110236220473
0
LINE
8
BLACK
6
CONTINUOUS
10
1.2040944881889764
20
1.4968110236220473
11
1.2042957086614172
21
1.497561968503937
0
LINE
8
BLACK
6
CONTINUOUS
10
1.2042957086614172
20
1.497561968503937
11
1.2042957086614172
21
1.4983394881889764
0
LINE
8
BLACK
6
CONTINUOUS
10
1.2042957086614172
20
1.4983394881889764
11
1.2046844094488189
21
1.4990127952755905
0
LINE
8
BLACK
6
CONTINUOUS
10
1.2046844094488189
20
1.4990127952755905
11
1.2048856692913386
21
1.4997637795275591
0
LINE
8
BLACK
6
CONTINUOUS
10
1.2048856692913386
20
1.4997637795275591
11
1.2054354330708661
21
1.5003135433070867
0
LINE
8
BLACK
6
CONTINUOUS
10
1.2054354330708661
20
1.5003135433070867
11
1.2058241732283463
21
1.5009868503937007
0
LINE
8
BLACK
6
CONTINUOUS
10
1.2058241732283463
20
1.5009868503937007
11
1.2390131496062993
21
1.5341758267716534
0
LINE
8
BLACK
6
CONTINUOUS
10
1.2390131496062993
20
1.5341758267716534
11
1.2396864173228346
21
1.5345645275590551
0
LINE
8
BLACK
6
CONTINUOUS
10
1.2396864173228346
20
1.5345645275590551
11
1.2402362204724409
21
1.5351143307086614
0
LINE
8
BLACK
6
CONTINUOUS
10
1.2402362204724409
20
1.5351143307086614
11
1.2409871653543307
21
1.5353155511811023
0
LINE
8
BLACK
6
CONTINUOUS
10
1.2409871653543307
20
1.5353155511811023
11
1.2416605118110235
21
1.5357042913385825
0
LINE
8
BLACK
6
CONTINUOUS
10
1.2416605118110235
20
1.5357042913385825
11
1.2424379921259843
21
1.5357042913385825
0
LINE
8
BLACK
6
CONTINUOUS
10
1.2424379921259843
20
1.5357042913385825
11
1.2431889763779527
21
1.5359055118110236
0
LINE
8
BLACK
6
CONTINUOUS
10
1.2431889763779527
20
1.5359055118110236
11
1.4506889763779527
21
1.5359055118110236
0
LINE
8
BLACK
6
CONTINUOUS
10
1.4506889763779527
20
1.5359055118110236
11
1.4514399606299213
21
1.5357042913385825
0
LINE
8
BLACK
6
CONTINUOUS
10
1.3400000000000001
20
1.425
11
1.3159055118110237
21
1.425
0
LINE
8
BLACK
6
CONTINUOUS
10
1.3159055118110237
20
1.425
11
1.3159055118110237
21
1.385
0
LINE
8
BLACK
6
CONTINUOUS
10
1.3159055118110237
20
1.385
11
1.3400000000000001
21
1.385
0
LINE
8
BLACK
6
CONTINUOUS
10
1.3400000000000001
20
1.385
11
1.3400000000000001
21
1.325
0
LINE
8
BLACK
6
CONTINUOUS
10
1.3400000000000001
20
1.325
11
1.3159055118110237
21
1.325
0
LINE
8
BLACK
6
CONTINUOUS
10
1.3159055118110237
20
1.325
11
1.3159055118110237
21
1.2825
0
LINE
8
BLACK
6
CONTINUOUS
10
1.3159055118110237
20
1.2825
11
1.3374999999999999
21
1.2825
0
LINE
8
BLACK
6
CONTINUOUS
10
1.3374999999999999
20
1.2825
11
1.3374999999999999
21
1.2475000000000001
0
LINE
8
BLACK
6
CONTINUOUS
10
1.3374999999999999
20
1.2475000000000001
11
1.2825
21
1.2475000000000001
0
LINE
8
BLACK
6
CONTINUOUS
10
1.2825
20
1.2475000000000001
11
1.2825
21
1.2825
0
LINE
8
BLACK
6
CONTINUOUS
10
1.2825
20
1.2825
11
1.3040944881889764
21
1.2825
0
LINE
8
BLACK
6
CONTINUOUS
10
1.3040944881889764
20
1.2825
11
1.3040944881889764
21
1.325
0
LINE
8
BLACK
6
CONTINUOUS
10
1.3040944881889764
20
1.325
11
1.28
21
1.325
0
LINE
8
BLACK
6
CONTINUOUS
10
1.28
20
1.325
11
1.28
21
1.385
0
LINE
8
BLACK
6
CONTINUOUS
10
1.28
20
1.385
11
1.3040944881889764
21
1.385
0
LINE
8
BLACK
6
CONTINUOUS
10
1.3040944881889764
20
1.385
11
1.3040944881889764
21
1.425
0
LINE
8
BLACK
6
CONTINUOUS
10
1.3040944881889764
20
1.425
11
1.28
21
1.425
0
LINE
8
BLACK
6
CONTINUOUS
10
1.28
20
1.425
11
1.28
21
1.4849999999999999
0
LINE
8
BLACK
6
CONTINUOUS
10
1.28
20
1.4849999999999999
11
1.3400000000000001
21
1.4849999999999999
0
LINE
8
BLACK
6
CONTINUOUS
10
1.3400000000000001
20
1.4849999999999999
11
1.3400000000000001
21
1.425
0
LINE
8
BLACK
6
CONTINUOUS
10
1.4399999999999999
20
1.425
11
1.4159055118110235
21
1.425
0
LINE
8
BLACK
6
CONTINUOUS
10
1.4159055118110235
20
1.425
11
1.4159055118110235
21
1.385
0
LINE
8
BLACK
6
CONTINUOUS
10
1.4159055118110235
20
1.385
11
1.4399999999999999
21
1.385
0
LINE
8
BLACK
6
CONTINUOUS
10
1.4399999999999999
20
1.385
11
1.4399999999999999
21
1.325
0
LINE
8
BLACK
6
CONTINUOUS
10
1.4399999999999999
20
1.325
11
1.4159055118110235
21
1.325
0
LINE
8
BLACK
6
CONTINUOUS
10
1.4159055118110235
20
1.325
11
1.4159055118110235
21
1.2825
0
LINE
8
BLACK
6
CONTINUOUS
10
1.4159055118110235
20
1.2825
11
1.4375
21
1.2825
0
LINE
8
BLACK
6
CONTINUOUS
10
1.4375
20
1.2825
11
1.4375
21
1.2475000000000001
0
LINE
8
BLACK
6
CONTINUOUS
10
1.4375
20
1.2475000000000001
11
1.3825000000000001
21
1.2475000000000001
0
LINE
8
BLACK
6
CONTINUOUS
10
1.3825000000000001
20
1.2475000000000001
11
1.3825000000000001
21
1.2825
0
LINE
8
BLACK
6
CONTINUOUS
10
1.3825000000000001
20
1.2825
11
1.4040944881889763
21
1.2825
0
LINE
8
BLACK
6
CONTINUOUS
10
1.4040944881889763
20
1.2825
11
1.4040944881889763
21
1.325
0
LINE
8
BLACK
6
CONTINUOUS
10
1.4040944881889763
20
1.325
11
1.3799999999999999
21
1.325
0
LINE
8
BLACK
6
CONTINUOUS
10
1.3799999999999999
20
1.325
11
1.3799999999999999
21
1.385
0
LINE
8
BLACK
6
CONTINUOUS
10
1.3799999999999999
20
1.385
11
1.4040944881889763
21
1.385
0
LINE
8
BLACK
6
CONTINUOUS
10
1.4040944881889763
20
1.385
11
1.4040944881889763
21
1.425
0
LINE
8
BLACK
6
CONTINUOUS
10
1.4040944881889763
20
1.425
11
1.3799999999999999
21
1.425
0
LINE
8
BLACK
6
CONTINUOUS
10
1.3799999999999999
20
1.425
11
1.3799999999999999
21
1.4849999999999999
0
LINE
8
BLACK
6
CONTINUOUS
10
1.3799999999999999
20
1.4849999999999999
11
1.4399999999999999
21
1.4849999999999999
0
LINE
8
BLACK
6
CONTINUOUS
10
1.4399999999999999
20
1.4849999999999999
11
1.4399999999999999
21
1.425
0
LINE
8
BLACK
6
CONTINUOUS
10
0.74
20
1.425
11
0.7159055118110236
21
1.425
0
LINE
8
BLACK
6
CONTINUOUS
10
0.7159055118110236
20
1.425
11
0.7159055118110236
21
1.385
0
LINE
8
BLACK
6
CONTINUOUS
10
0.7159055118110236
20
1.385
11
0.74
21
1.385
0
LINE
8
BLACK
6
CONTINUOUS
10
0.74
20
1.385
11
0.74
21
1.325
0
LINE
8
BLACK
6
CONTINUOUS
10
0.74
20
1.325
11
0.7159055118110236
21
1.325
0
LINE
8
BLACK
6
CONTINUOUS
10
0.7159055118110236
20
1.325
11
0.7159055118110236
21
1.2849999999999999
0
LINE
8
BLACK
6
CONTINUOUS
10
0.7159055118110236
20
1.2849999999999999
11
0.7374999999999999
21
1.2849999999999999
0
LINE
8
BLACK
6
CONTINUOUS
10
0.7374999999999999
20
1.2849999999999999
11
0.7374999999999999
21
1.25
0
LINE
8
BLACK
6
CONTINUOUS
10
0.7374999999999999
20
1.25
11
0.6825
21
1.25
0
LINE
8
BLACK
6
CONTINUOUS
10
0.6825
20
1.25
11
0.6825
21
1.2849999999999999
0
LINE
8
BLACK
6
CONTINUOUS
10
0.6825
20
1.2849999999999999
11
0.7040944881889764
21
1.2849999999999999
0
LINE
8
BLACK
6
CONTINUOUS
10
0.7040944881889764
20
1.2849999999999999
11
0.7040944881889764
21
1.325
0
LINE
8
BLACK
6
CONTINUOUS
10
0.7040944881889764
20
1.325
11
0.6799999999999999
21
1.325
0
LINE
8
BLACK
6
CONTINUOUS
10
0.6799999999999999
20
1.325
11
0.6799999999999999
21
1.385
0
LINE
8
BLACK
6
CONTINUOUS
10
0.6799999999999999
20
1.385
11
0.7040944881889764
21
1.385
0
LINE
8
BLACK
6
CONTINUOUS
10
0.7040944881889764
20
1.385
11
0.7040944881889764
21
1.425
0
LINE
8
BLACK
6
CONTINUOUS
10
0.7040944881889764
20
1.425
11
0.6799999999999999
21
1.425
0
LINE
8
BLACK
6
CONTINUOUS
10
0.6799999999999999
20
1.425
11
0.6799999999999999
21
1.4849999999999999
0
LINE
8
BLACK
6
CONTINUOUS
10
0.6799999999999999
20
1.4849999999999999
11
0.74
21
1.4849999999999999
0
LINE
8
BLACK
6
CONTINUOUS
10
0.74
20
1.4849999999999999
11
0.74
21
1.425
0
LINE
8
BLACK
6
CONTINUOUS
10
0.84
20
1.425
11
0.8159055118110236
21
1.425
0
LINE
8
BLACK
6
CONTINUOUS
10
0.8159055118110236
20
1.425
11
0.8159055118110236
21
1.385
0
LINE
8
BLACK
6
CONTINUOUS
10
0.8159055118110236
20
1.385
11
0.84
21
1.385
0
LINE
8
BLACK
6
CONTINUOUS
10
0.84
20
1.385
11
0.84
21
1.325
0
LINE
8
BLACK
6
CONTINUOUS
10
0.84
20
1.325
11
0.8109055118110235
21
1.325
0
LINE
8
BLACK
6
CONTINUOUS
10
0.8109055118110235
20
1.325
11
0.8109055118110235
21
1.2849999999999999
0
LINE
8
BLACK
6
CONTINUOUS
10
0.8109055118110235
20
1.2849999999999999
11
0.8325
21
1.2849999999999999
0
LINE
8
BLACK
6
CONTINUOUS
10
0.8325
20
1.2849999999999999
11
0.8325
21
1.25
0
LINE
8
BLACK
6
CONTINUOUS
10
0.8325
20
1.25
11
0.7775
21
1.25
0
LINE
8
BLACK
6
CONTINUOUS
10
0.7775
20
1.25
11
0.7775
21
1.2849999999999999
0
LINE
8
BLACK
6
CONTINUOUS
10
0.7775
20
1.2849999999999999
11
0.7990944881889763
21
1.2849999999999999
0
LINE
8
BLACK
6
CONTINUOUS
10
0.7990944881889763
20
1.2849999999999999
11
0.7990944881889763
21
1.325
0
LINE
8
BLACK
6
CONTINUOUS
10
0.7990944881889763
20
1.325
11
0.78
21
1.325
0
LINE
8
BLACK
6
CONTINUOUS
10
0.78
20
1.325
11
0.78
21
1.385
0
LINE
8
BLACK
6
CONTINUOUS
10
0.78
20
1.385
11
0.8040944881889763
21
1.385
0
LINE
8
BLACK
6
CONTINUOUS
10
0.8040944881889763
20
1.385
11
0.8040944881889763
21
1.425
0
LINE
8
BLACK
6
CONTINUOUS
10
0.8040944881889763
20
1.425
11
0.78
21
1.425
0
LINE
8
BLACK
6
CONTINUOUS
10
0.78
20
1.425
11
0.78
21
1.4849999999999999
0
LINE
8
BLACK
6
CONTINUOUS
10
0.78
20
1.4849999999999999
11
0.84
21
1.4849999999999999
0
LINE
8
BLACK
6
CONTINUOUS
10
0.84
20
1.4849999999999999
11
0.84
21
1.425
0
LINE
8
BLACK
6
CONTINUOUS
10
0.9399999999999999
20
1.425
11
0.9159055118110236
21
1.425
0
LINE
8
BLACK
6
CONTINUOUS
10
0.9159055118110236
20
1.425
11
0.9159055118110236
21
1.385
0
LINE
8
BLACK
6
CONTINUOUS
10
0.9159055118110236
20
1.385
11
0.9399999999999999
21
1.385
0
LINE
8
BLACK
6
CONTINUOUS
10
0.9399999999999999
20
1.385
11
0.9399999999999999
21
1.325
0
LINE
8
BLACK
6
CONTINUOUS
10
0.9399999999999999
20
1.325
11
0.9159055118110236
21
1.325
0
LINE
8
BLACK
6
CONTINUOUS
10
0.9159055118110236
20
1.325
11
0.9159055118110236
21
1.2849999999999999
0
LINE
8
BLACK
6
CONTINUOUS
10
0.9159055118110236
20
1.2849999999999999
11
0.9375
21
1.2849999999999999
0
LINE
8
BLACK
6
CONTINUOUS
10
0.9375
20
1.2849999999999999
11
0.9375
21
1.25
0
LINE
8
BLACK
6
CONTINUOUS
10
0.9375
20
1.25
11
0.8825
21
1.25
0
LINE
8
BLACK
6
CONTINUOUS
10
0.8825
20
1.25
11
0.8825
21
1.2849999999999999
0
LINE
8
BLACK
6
CONTINUOUS
10
0.8825
20
1.2849999999999999
11
0.9040944881889763
21
1.2849999999999999
0
LINE
8
BLACK
6
CONTINUOUS
10
0.9040944881889763
20
1.2849999999999999
11
0.9040944881889763
21
1.325
0
LINE
8
BLACK
6
CONTINUOUS
10
0.9040944881889763
20
1.325
11
0.88
21
1.325
0
LINE
8
BLACK
6
CONTINUOUS
10
0.88
20
1.325
11
0.88
21
1.385
0
LINE
8
BLACK
6
CONTINUOUS
10
0.88
20
1.385
11
0.9040944881889763
21
1.385
0
LINE
8
BLACK
6
CONTINUOUS
10
0.9040944881889763
20
1.385
11
0.9040944881889763
21
1.425
0
LINE
8
BLACK
6
CONTINUOUS
10
0.9040944881889763
20
1.425
11
0.88
21
1.425
0
LINE
8
BLACK
6
CONTINUOUS
10
0.88
20
1.425
11
0.88
21
1.4849999999999999
0
LINE
8
BLACK
6
CONTINUOUS
10
0.88
20
1.4849999999999999
11
0.9399999999999999
21
1.4849999999999999
0
LINE
8
BLACK
6
CONTINUOUS
10
0.9399999999999999
20
1.4849999999999999
11
0.9399999999999999
21
1.425
0
LINE
8
BLACK
6
CONTINUOUS
10
1.04
20
1.425
11
1.0159055118110236
21
1.425
0
LINE
8
BLACK
6
CONTINUOUS
10
1.0159055118110236
20
1.425
11
1.0159055118110236
21
1.385
0
LINE
8
BLACK
6
CONTINUOUS
10
1.0159055118110236
20
1.385
11
1.04
21
1.385
0
LINE
8
BLACK
6
CONTINUOUS
10
1.04
20
1.385
11
1.04
21
1.325
0
LINE
8
BLACK
6
CONTINUOUS
10
1.04
20
1.325
11
1.0159055118110236
21
1.325
0
LINE
8
BLACK
6
CONTINUOUS
10
1.0159055118110236
20
1.325
11
1.0159055118110236
21
1.2849999999999999
0
LINE
8
BLACK
6
CONTINUOUS
10
1.0159055118110236
20
1.2849999999999999
11
1.0374999999999999
21
1.2849999999999999
0
LINE
8
BLACK
6
CONTINUOUS
10
1.0374999999999999
20
1.2849999999999999
11
1.0374999999999999
21
1.25
0
LINE
8
BLACK
6
CONTINUOUS
10
1.0374999999999999
20
1.25
11
0.9824999999999999
21
1.25
0
LINE
8
BLACK
6
CONTINUOUS
10
0.9824999999999999
20
1.25
11
0.9824999999999999
21
1.2849999999999999
0
LINE
8
BLACK
6
CONTINUOUS
10
0.9824999999999999
20
1.2849999999999999
11
1.0040944881889764
21
1.2849999999999999
0
LINE
8
BLACK
6
CONTINUOUS
10
1.0040944881889764
20
1.2849999999999999
11
1.0040944881889764
21
1.325
0
LINE
8
BLACK
6
CONTINUOUS
10
1.0040944881889764
20
1.325
11
0.98
21
1.325
0
LINE
8
BLACK
6
CONTINUOUS
10
0.98
20
1.325
11
0.98
21
1.385
0
LINE
8
BLACK
6
CONTINUOUS
10
0.98
20
1.385
11
1.0040944881889764
21
1.385
0
LINE
8
BLACK
6
CONTINUOUS
10
1.0040944881889764
20
1.385
11
1.0040944881889764
21
1.425
0
LINE
8
BLACK
6
CONTINUOUS
10
1.0040944881889764
20
1.425
11
0.98
21
1.425
0
LINE
8
BLACK
6
CONTINUOUS
10
0.98
20
1.425
11
0.98
21
1.4849999999999999
0
LINE
8
BLACK
6
CONTINUOUS
10
0.98
20
1.4849999999999999
11
1.04
21
1.4849999999999999
0
LINE
8
BLACK
6
CONTINUOUS
10
1.04
20
1.4849999999999999
11
1.04
21
1.425
0
LINE
8
BLACK
6
CONTINUOUS
10
1.1399999999999999
20
1.425
11
1.1159055118110235
21
1.425
0
LINE
8
BLACK
6
CONTINUOUS
10
1.1159055118110235
20
1.425
11
1.1159055118110235
21
1.385
0
LINE
8
BLACK
6
CONTINUOUS
10
1.1159055118110235
20
1.385
11
1.1399999999999999
21
1.385
0
LINE
8
BLACK
6
CONTINUOUS
10
1.1399999999999999
20
1.385
11
1.1399999999999999
21
1.325
0
LINE
8
BLACK
6
CONTINUOUS
10
1.1399999999999999
20
1.325
11
1.1159055118110235
21
1.325
0
LINE
8
BLACK
6
CONTINUOUS
10
1.1159055118110235
20
1.325
11
1.1159055118110235
21
1.2849999999999999
0
LINE
8
BLACK
6
CONTINUOUS
10
1.1159055118110235
20
1.2849999999999999
11
1.1375
21
1.2849999999999999
0
LINE
8
BLACK
6
CONTINUOUS
10
1.1375
20
1.2849999999999999
11
1.1375
21
1.25
0
LINE
8
BLACK
6
CONTINUOUS
10
1.1375
20
1.25
11
1.0825
21
1.25
0
LINE
8
BLACK
6
CONTINUOUS
10
1.0825
20
1.25
11
1.0825
21
1.2849999999999999
0
LINE
8
BLACK
6
CONTINUOUS
10
1.0825
20
1.2849999999999999
11
1.1040944881889763
21
1.2849999999999999
0
LINE
8
BLACK
6
CONTINUOUS
10
1.1040944881889763
20
1.2849999999999999
11
1.1040944881889763
21
1.325
0
LINE
8
BLACK
6
CONTINUOUS
10
1.1040944881889763
20
1.325
11
1.0800000000000001
21
1.325
0
LINE
8
BLACK
6
CONTINUOUS
10
1.0800000000000001
20
1.325
11
1.0800000000000001
21
1.385
0
LINE
8
BLACK
6
CONTINUOUS
10
1.0800000000000001
20
1.385
11
1.1040944881889763
21
1.385
0
LINE
8
BLACK
6
CONTINUOUS
10
1.1040944881889763
20
1.385
11
1.1040944881889763
21
1.425
0
LINE
8
BLACK
6
CONTINUOUS
10
1.1040944881889763
20
1.425
11
1.0800000000000001
21
1.425
0
LINE
8
BLACK
6
CONTINUOUS
10
1.0800000000000001
20
1.425
11
1.0800000000000001
21
1.4849999999999999
0
LINE
8
BLACK
6
CONTINUOUS
10
1.0800000000000001
20
1.4849999999999999
11
1.1399999999999999
21
1.4849999999999999
0
LINE
8
BLACK
6
CONTINUOUS
10
1.1399999999999999
20
1.4849999999999999
11
1.1399999999999999
21
1.425
0
LINE
8
BLACK
6
CONTINUOUS
10
1.9847488582677164
20
1.5862400787401574
11
1.9865792913385827
21
1.5841276377952755
0
LINE
8
BLACK
6
CONTINUOUS
10
1.9865792913385827
20
1.5841276377952755
11
1.9870275590551181
21
1.5820669291338583
0
LINE
8
BLACK
6
CONTINUOUS
10
1.9870275590551181
20
1.5820669291338583
11
1.9870275590551181
21
0.0179330708661417
0
LINE
8
BLACK
6
CONTINUOUS
10
1.9870275590551181
20
0.0179330708661417
11
1.9862400787401575
21
0.0152511417322835
0
LINE
8
BLACK
6
CONTINUOUS
10
1.9862400787401575
20
0.0152511417322835
11
1.9841276377952755
21
0.0134207086614173
0
LINE
8
BLACK
6
CONTINUOUS
10
1.9841276377952755
20
0.0134207086614173
11
1.9820669291338582
21
0.0129724409448819
0
LINE
8
BLACK
6
CONTINUOUS
10
1.9820669291338582
20
0.0129724409448819
11
0.0179330708661417
21
0.0129724409448819
0
LINE
8
BLACK
6
CONTINUOUS
10
0.0179330708661417
20
0.0129724409448819
11
0.0152511417322835
21
0.0137599212598425
0
LINE
8
BLACK
6
CONTINUOUS
10
0.0152511417322835
20
0.0137599212598425
11
0.0134207086614173
21
0.0158723622047244
0
LINE
8
BLACK
6
CONTINUOUS
10
0.0134207086614173
20
0.0158723622047244
11
0.0129724409448819
21
0.0179330708661417
0
LINE
8
BLACK
6
CONTINUOUS
10
0.0129724409448819
20
0.0179330708661417
11
0.0129724409448819
21
0.7799602362204724
0
LINE
8
BLACK
6
CONTINUOUS
10
0.0129724409448819
20
0.7799602362204724
11
0.0129724409448819
21
1.3237591732283465
0
LINE
8
BLACK
6
CONTINUOUS
10
0.0129724409448819
20
1.3237591732283465
11
0.0129724409448819
21
1.5820669291338583
0
LINE
8
BLACK
6
CONTINUOUS
10
0.0129724409448819
20
1.5820669291338583
11
0.0137599212598425
21
1.5847488582677165
0
LINE
8
BLACK
6
CONTINUOUS
10
0.0137599212598425
20
1.5847488582677165
11
0.0158723622047244
21
1.5865792913385826
0
LINE
8
BLACK
6
CONTINUOUS
10
0.0158723622047244
20
1.5865792913385826
11
0.0179330708661417
21
1.5870275590551182
0
LINE
8
BLACK
6
CONTINUOUS
10
0.0179330708661417
20
1.5870275590551182
11
1.9820669291338582
21
1.5870275590551182
0
LINE
8
BLACK
6
CONTINUOUS
10
1.9820669291338582
20
1.5870275590551182
11
1.9847488582677164
21
1.5862400787401574
0
LINE
8
BLACK
6
CONTINUOUS
10
0.1144002362204724
20
0.7765672047244094
11
0.1148485433070866
21
0.7745062598425196
0
LINE
8
BLACK
6
CONTINUOUS
10
0.1148485433070866
20
0.7745062598425196
11
0.115742874015748
21
0.7716854330708661
0
LINE
8
BLACK
6
CONTINUOUS
10
0.115742874015748
20
0.7716854330708661
11
0.1183829921259842
21
0.7674453937007873
0
LINE
8
BLACK
6
CONTINUOUS
10
0.1183829921259842
20
0.7674453937007873
11
0.1183831102362205
21
0.7674452362204724
0
LINE
8
BLACK
6
CONTINUOUS
10
0.1183831102362205
20
0.7674452362204724
11
0.1202132677165354
21
0.7653331102362204
0
LINE
8
BLACK
6
CONTINUOUS
10
0.1202132677165354
20
0.7653331102362204
11
0.1229208267716535
21
0.7629183858267716
0
LINE
8
BLACK
6
CONTINUOUS
10
0.1229208267716535
20
0.7629183858267716
11
0.1231265748031496
21
0.7627240551181103
0
LINE
8
BLACK
6
CONTINUOUS
10
0.1231265748031496
20
0.7627240551181103
11
0.1237659842519685
21
0.7620846850393701
0
LINE
8
BLACK
6
CONTINUOUS
10
0.1237659842519685
20
0.7620846850393701
11
0.123766062992126
21
0.7620846456692913
0
LINE
8
BLACK
6
CONTINUOUS
10
0.123766062992126
20
0.7620846456692913
11
0.1282163779527559
21
0.7598170866141732
0
LINE
8
BLACK
6
CONTINUOUS
10
0.1282163779527559
20
0.7598170866141732
11
0.1319087007874016
21
0.7592322834645669
0
LINE
8
BLACK
6
CONTINUOUS
10
0.1319087007874016
20
0.7592322834645669
11
0.1332365748031496
21
0.7592322834645669
0
LINE
8
BLACK
6
CONTINUOUS
10
0.1332365748031496
20
0.7592322834645669
11
0.1339424803149606
21
0.759181811023622
0
LINE
8
BLACK
6
CONTINUOUS
10
0.1339424803149606
20
0.759181811023622
11
0.1344020472440945
21
0.7591157086614173
0
LINE
8
BLACK
6
CONTINUOUS
10
0.1344020472440945
20
0.7591157086614173
11
0.1349606299212598
21
0.7590354330708661
0
LINE
8
BLACK
6
CONTINUOUS
10
0.1349606299212598
20
0.7590354330708661
11
0.1490748031496063
21
0.7590354330708661
0
LINE
8
BLACK
6
CONTINUOUS
10
0.1490748031496063
20
0.7590354330708661
11
0.1517567322834646
21
0.7582479527559055
0
LINE
8
BLACK
6
CONTINUOUS
10
0.1517567322834646
20
0.7582479527559055
11
0.1535871653543307
21
0.7561355118110236
0
LINE
8
BLACK
6
CONTINUOUS
10
0.1535871653543307
20
0.7561355118110236
11
0.1540354330708661
21
0.7540748031496063
0
LINE
8
BLACK
6
CONTINUOUS
10
0.1540354330708661
20
0.7540748031496063
11
0.1540354330708661
21
0.6470542125984252
0
LINE
8
BLACK
6
CONTINUOUS
10
0.1540354330708661
20
0.6470542125984252
11
0.1540353937007874
21
0.6470542125984252
0
LINE
8
BLACK
6
CONTINUOUS
10
0.1540353937007874
20
0.6470542125984252
11
0.1541268110236221
21
0.6453491338582678
0
LINE
8
BLACK
6
CONTINUOUS
10
0.1541268110236221
20
0.6453491338582678
11
0.154126968503937
21
0.6453472440944882
0
LINE
8
BLACK
6
CONTINUOUS
10
0.154126968503937
20
0.6453472440944882
11
0.1542401574803149
21
0.6442943700787401
0
LINE
8
BLACK
6
CONTINUOUS
10
0.1542401574803149
20
0.6442943700787401
11
0.1543889763779528
21
0.643284842519685
0
LINE
8
BLACK
6
CONTINUOUS
10
0.1543889763779528
20
0.643284842519685
11
0.1544231102362205
21
0.6430533858267716
0
LINE
8
BLACK
6
CONTINUOUS
10
0.1544231102362205
20
0.6430533858267716
11
0.1545967716535433
21
0.6425667322834645
0
LINE
8
BLACK
6
CONTINUOUS
10
0.1545967716535433
20
0.6425667322834645
11
0.1561016141732283
21
0.6383492125984251
0
LINE
8
BLACK
6
CONTINUOUS
10
0.1561016141732283
20
0.6383492125984251
11
0.1561016535433071
21
0.6383491338582677
0
LINE
8
BLACK
6
CONTINUOUS
10
0.1561016535433071
20
0.6383491338582677
11
0.1561016929133858
21
0.638349094488189
0
LINE
8
BLACK
6
CONTINUOUS
10
0.1561016929133858
20
0.638349094488189
11
0.1566972834645669
21
0.6372583858267716
0
LINE
8
BLACK
6
CONTINUOUS
10
0.1566972834645669
20
0.6372583858267716
11
0.1574413779527559
21
0.6358957086614173
0
LINE
8
BLACK
6
CONTINUOUS
10
0.1574413779527559
20
0.6358957086614173
11
0.1574414960629921
21
0.6358955118110237
0
LINE
8
BLACK
6
CONTINUOUS
10
0.1574414960629921
20
0.6358955118110237
11
0.160164094488189
21
0.6322585826771654
0
LINE
8
BLACK
6
CONTINUOUS
10
0.160164094488189
20
0.6322585826771654
11
0.1601644094488189
21
0.6322582283464567
0
LINE
8
BLACK
6
CONTINUOUS
10
0.1601644094488189
20
0.6322582283464567
11
0.2322577559055118
21
0.560164842519685
0
LINE
8
BLACK
6
CONTINUOUS
10
0.2322577559055118
20
0.560164842519685
11
0.2335292519685039
21
0.5590226771653544
0
LINE
8
BLACK
6
CONTINUOUS
10
0.2335292519685039
20
0.5590226771653544
11
0.2335298818897638
21
0.5590221259842519
0
LINE
8
BLACK
6
CONTINUOUS
10
0.2335298818897638
20
0.5590221259842519
11
0.2343552362204724
21
0.558356968503937
0
LINE
8
BLACK
6
CONTINUOUS
10
0.2343552362204724
20
0.558356968503937
11
0.2353615748031496
21
0.5576092125984252
0
LINE
8
BLACK
6
CONTINUOUS
10
0.2353615748031496
20
0.5576092125984252
11
0.2353617716535433
21
0.5576091338582677
0
LINE
8
BLACK
6
CONTINUOUS
10
0.2353617716535433
20
0.5576091338582677
11
0.2398747637795275
21
0.5554696456692914
0
LINE
8
BLACK
6
CONTINUOUS
10
0.2398747637795275
20
0.5554696456692914
11
0.2398748818897638
21
0.5554696062992126
0
LINE
8
BLACK
6
CONTINUOUS
10
0.2398748818897638
20
0.5554696062992126
11
0.2420127952755906
21
0.5548418503937008
0
LINE
8
BLACK
6
CONTINUOUS
10
0.2420127952755906
20
0.5548418503937008
11
0.2425570078740157
21
0.5546820866141732
0
LINE
8
BLACK
6
CONTINUOUS
10
0.2425570078740157
20
0.5546820866141732
11
0.2470547244094488
21
0.5540354330708661
0
LINE
8
BLACK
6
CONTINUOUS
10
0.2470547244094488
20
0.5540354330708661
11
0.247054842519685
21
0.5540354330708661
0
LINE
8
BLACK
6
CONTINUOUS
10
0.247054842519685
20
0.5540354330708661
11
0.3329457480314961
21
0.5540354330708661
0
LINE
8
BLACK
6
CONTINUOUS
10
0.3329457480314961
20
0.5540354330708661
11
0.3346508267716535
21
0.554126811023622
0
LINE
8
BLACK
6
CONTINUOUS
10
0.3346508267716535
20
0.554126811023622
11
0.334652716535433
21
0.5541269685039369
0
LINE
8
BLACK
6
CONTINUOUS
10
0.334652716535433
20
0.5541269685039369
11
0.3357055905511811
21
0.554240157480315
0
LINE
8
BLACK
6
CONTINUOUS
10
0.3357055905511811
20
0.554240157480315
11
0.3365007874015748
21
0.5543573622047244
0
LINE
8
BLACK
6
CONTINUOUS
10
0.3365007874015748
20
0.5543573622047244
11
0.3369466141732284
21
0.5544231102362205
0
LINE
8
BLACK
6
CONTINUOUS
10
0.3369466141732284
20
0.5544231102362205
11
0.3395562992125984
21
0.5553542913385827
0
LINE
8
BLACK
6
CONTINUOUS
10
0.3395562992125984
20
0.5553542913385827
11
0.341650748031496
21
0.5561016141732283
0
LINE
8
BLACK
6
CONTINUOUS
10
0.341650748031496
20
0.5561016141732283
11
0.341650905511811
21
0.5561016929133858
0
LINE
8
BLACK
6
CONTINUOUS
10
0.341650905511811
20
0.5561016929133858
11
0.3441041338582677
21
0.5574412992125984
0
LINE
8
BLACK
6
CONTINUOUS
10
0.3441041338582677
20
0.5574412992125984
11
0.3441042519685039
21
0.5574413779527559
0
LINE
8
BLACK
6
CONTINUOUS
10
0.3441042519685039
20
0.5574413779527559
11
0.3441044488188976
21
0.5574414960629921
0
LINE
8
BLACK
6
CONTINUOUS
10
0.3441044488188976
20
0.5574414960629921
11
0.3477413779527559
21
0.5601640944881889
0
LINE
8
BLACK
6
CONTINUOUS
10
0.3477413779527559
20
0.5601640944881889
11
0.3477417322834646
21
0.5601644094488188
0
LINE
8
BLACK
6
CONTINUOUS
10
0.3477417322834646
20
0.5601644094488188
11
0.4248351181102362
21
0.6372577559055118
0
LINE
8
BLACK
6
CONTINUOUS
10
0.4248351181102362
20
0.6372577559055118
11
0.4248354330708661
21
0.6372581102362205
0
LINE
8
BLACK
6
CONTINUOUS
10
0.4248354330708661
20
0.6372581102362205
11
0.4248357086614173
21
0.6372583858267716
0
LINE
8
BLACK
6
CONTINUOUS
10
0.4248357086614173
20
0.6372583858267716
11
0.4259774015748031
21
0.6385293700787401
0
LINE
8
BLACK
6
CONTINUOUS
10
0.4259774015748031
20
0.6385293700787401
11
0.4259775590551181
21
0.6385295669291339
0
LINE
8
BLACK
6
CONTINUOUS
10
0.4259775590551181
20
0.6385295669291339
11
0.4259778346456693
21
0.6385298818897638
0
LINE
8
BLACK
6
CONTINUOUS
10
0.4259778346456693
20
0.6385298818897638
11
0.4266429921259842
21
0.6393552362204724
0
LINE
8
BLACK
6
CONTINUOUS
10
0.4266429921259842
20
0.6393552362204724
11
0.4273907480314961
21
0.6403615748031496
0
LINE
8
BLACK
6
CONTINUOUS
10
0.4273907480314961
20
0.6403615748031496
11
0.4275115748031496
21
0.6406164566929133
0
LINE
8
BLACK
6
CONTINUOUS
10
0.4275115748031496
20
0.6406164566929133
11
0.4283945669291339
21
0.6424790551181102
0
LINE
8
BLACK
6
CONTINUOUS
10
0.4283945669291339
20
0.6424790551181102
11
0.4302549212598425
21
0.6445651181102362
0
LINE
8
BLACK
6
CONTINUOUS
10
0.4302549212598425
20
0.6445651181102362
11
0.4329478346456693
21
0.6453142125984251
0
LINE
8
BLACK
6
CONTINUOUS
10
0.4329478346456693
20
0.6453142125984251
11
0.4356182283464567
21
0.6444885433070866
0
LINE
8
BLACK
6
CONTINUOUS
10
0.4356182283464567
20
0.6444885433070866
11
0.4372969291338583
21
0.642606220472441
0
LINE
8
BLACK
6
CONTINUOUS
10
0.4372969291338583
20
0.642606220472441
11
0.4395845275590551
21
0.6381165354330709
0
LINE
8
BLACK
6
CONTINUOUS
10
0.4395845275590551
20
0.6381165354330709
11
0.4395846850393701
21
0.6381163385826771
0
LINE
8
BLACK
6
CONTINUOUS
10
0.4395846850393701
20
0.6381163385826771
11
0.4431164173228346
21
0.6345846062992125
0
LINE
8
BLACK
6
CONTINUOUS
10
0.4431164173228346
20
0.6345846062992125
11
0.447045905511811
21
0.6325824803149606
0
LINE
8
BLACK
6
CONTINUOUS
10
0.447045905511811
20
0.6325824803149606
11
0.4475667716535433
21
0.6323170866141732
0
LINE
8
BLACK
6
CONTINUOUS
10
0.4475667716535433
20
0.6323170866141732
11
0.451259094488189
21
0.6317322834645669
0
LINE
8
BLACK
6
CONTINUOUS
10
0.451259094488189
20
0.6317322834645669
11
0.4512591732283465
21
0.6317322834645669
0
LINE
8
BLACK
6
CONTINUOUS
10
0.4512591732283465
20
0.6317322834645669
11
0.4512592125984252
21
0.6317322834645669
0
LINE
8
BLACK
6
CONTINUOUS
10
0.4512592125984252
20
0.6317322834645669
11
0.4887407874015748
21
0.6317322834645669
0
LINE
8
BLACK
6
CONTINUOUS
10
0.4887407874015748
20
0.6317322834645669
11
0.4924331496062992
21
0.6323170472440944
0
LINE
8
BLACK
6
CONTINUOUS
10
0.4924331496062992
20
0.6323170472440944
11
0.4968835433070866
21
0.6345846062992125
0
LINE
8
BLACK
6
CONTINUOUS
10
0.4968835433070866
20
0.6345846062992125
11
0.5004153543307086
21
0.6381164173228346
0
LINE
8
BLACK
6
CONTINUOUS
10
0.5004153543307086
20
0.6381164173228346
11
0.502860157480315
21
0.6429146456692914
0
LINE
8
BLACK
6
CONTINUOUS
10
0.502860157480315
20
0.6429146456692914
11
0.5029696456692914
21
0.6428588188976377
0
LINE
8
BLACK
6
CONTINUOUS
10
0.5029696456692914
20
0.6428588188976377
11
0.504181968503937
21
0.6446315748031496
0
LINE
8
BLACK
6
CONTINUOUS
10
0.504181968503937
20
0.6446315748031496
11
0.5067566929133858
21
0.6457195275590552
0
LINE
8
BLACK
6
CONTINUOUS
10
0.5067566929133858
20
0.6457195275590552
11
0.5089602755905511
21
0.6454735039370079
0
LINE
8
BLACK
6
CONTINUOUS
10
0.5089602755905511
20
0.6454735039370079
11
0.5129426771653544
21
0.64408
0
LINE
8
BLACK
6
CONTINUOUS
10
0.5129426771653544
20
0.64408
11
0.52
21
0.643284842519685
0
LINE
8
BLACK
6
CONTINUOUS
10
0.52
20
0.643284842519685
11
0.5270572834645669
21
0.64408
0
LINE
8
BLACK
6
CONTINUOUS
10
0.5270572834645669
20
0.64408
11
0.5337607086614173
21
0.6464256299212598
0
LINE
8
BLACK
6
CONTINUOUS
10
0.5337607086614173
20
0.6464256299212598
11
0.5337608267716535
21
0.6464256692913386
0
LINE
8
BLACK
6
CONTINUOUS
10
0.5337608267716535
20
0.6464256692913386
11
0.5397740157480315
21
0.6502040157480314
0
LINE
8
BLACK
6
CONTINUOUS
10
0.5397740157480315
20
0.6502040157480314
11
0.5397740944881889
21
0.6502040551181102
0
LINE
8
BLACK
6
CONTINUOUS
10
0.5397740944881889
20
0.6502040551181102
11
0.544795905511811
21
0.6552258661417323
0
LINE
8
BLACK
6
CONTINUOUS
10
0.544795905511811
20
0.6552258661417323
11
0.5447959448818898
21
0.6552259448818898
0
LINE
8
BLACK
6
CONTINUOUS
10
0.5447959448818898
20
0.6552259448818898
11
0.5485742913385827
21
0.6612391338582677
0
LINE
8
BLACK
6
CONTINUOUS
10
0.5485742913385827
20
0.6612391338582677
11
0.5485743307086614
21
0.661239251968504
0
LINE
8
BLACK
6
CONTINUOUS
10
0.5485743307086614
20
0.661239251968504
11
0.5485743700787401
21
0.6612392913385826
0
LINE
8
BLACK
6
CONTINUOUS
10
0.5485743700787401
20
0.6612392913385826
11
0.55092
21
0.667942716535433
0
LINE
8
BLACK
6
CONTINUOUS
10
0.55092
20
0.667942716535433
11
0.5516559842519685
21
0.6744749606299213
0
LINE
8
BLACK
6
CONTINUOUS
10
0.5516559842519685
20
0.6744749606299213
11
0.5527387401574803
21
0.6770517322834646
0
LINE
8
BLACK
6
CONTINUOUS
10
0.5527387401574803
20
0.6770517322834646
11
0.553077716535433
21
0.6774271259842519
0
LINE
8
BLACK
6
CONTINUOUS
10
0.553077716535433
20
0.6774271259842519
11
0.5975244094488189
21
0.7218738188976378
0
LINE
8
BLACK
6
CONTINUOUS
10
0.5975244094488189
20
0.7218738188976378
11
0.5999776377952756
21
0.7232134251968504
0
LINE
8
BLACK
6
CONTINUOUS
10
0.5999776377952756
20
0.7232134251968504
11
0.6010320866141732
21
0.7233267716535433
0
LINE
8
BLACK
6
CONTINUOUS
10
0.6010320866141732
20
0.7233267716535433
11
0.7823679133858268
21
0.7233267716535433
0
LINE
8
BLACK
6
CONTINUOUS
10
0.7823679133858268
20
0.7233267716535433
11
0.785049842519685
21
0.7225392913385826
0
LINE
8
BLACK
6
CONTINUOUS
10
0.785049842519685
20
0.7225392913385826
11
0.7858753937007874
21
0.7218739763779527
0
LINE
8
BLACK
6
CONTINUOUS
10
0.7858753937007874
20
0.7218739763779527
11
0.795482716535433
21
0.7122666929133858
0
LINE
8
BLACK
6
CONTINUOUS
10
0.795482716535433
20
0.7122666929133858
11
0.8019793700787401
21
0.7057700393700788
0
LINE
8
BLACK
6
CONTINUOUS
10
0.8019793700787401
20
0.7057700393700788
11
0.803318937007874
21
0.703316811023622
0
LINE
8
BLACK
6
CONTINUOUS
10
0.803318937007874
20
0.703316811023622
11
0.803432283464567
21
0.7022623622047244
0
LINE
8
BLACK
6
CONTINUOUS
10
0.803432283464567
20
0.7022623622047244
11
0.803432283464567
21
0.6195591732283464
0
LINE
8
BLACK
6
CONTINUOUS
10
0.803432283464567
20
0.6195591732283464
11
0.8040170472440945
21
0.6158668110236221
0
LINE
8
BLACK
6
CONTINUOUS
10
0.8040170472440945
20
0.6158668110236221
11
0.8062846062992126
21
0.6114164173228346
0
LINE
8
BLACK
6
CONTINUOUS
10
0.8062846062992126
20
0.6114164173228346
11
0.80628468503937
21
0.6114163385826772
0
LINE
8
BLACK
6
CONTINUOUS
10
0.80628468503937
20
0.6114163385826772
11
0.8075824803149606
21
0.6101185826771653
0
LINE
8
BLACK
6
CONTINUOUS
10
0.8075824803149606
20
0.6101185826771653
11
0.8089220866141732
21
0.6076653543307087
0
LINE
8
BLACK
6
CONTINUOUS
10
0.8089220866141732
20
0.6076653543307087
11
0.8090354330708661
21
0.606610905511811
0
LINE
8
BLACK
6
CONTINUOUS
10
0.8090354330708661
20
0.606610905511811
11
0.8090354330708661
21
0.1649602362204724
0
LINE
8
BLACK
6
CONTINUOUS
10
0.8090354330708661
20
0.1649602362204724
11
0.8094002362204724
21
0.1615672047244094
0
LINE
8
BLACK
6
CONTINUOUS
10
0.8094002362204724
20
0.1615672047244094
11
0.8098485433070866
21
0.1595062598425197
0
LINE
8
BLACK
6
CONTINUOUS
10
0.8098485433070866
20
0.1595062598425197
11
0.810742874015748
21
0.1566854330708661
0
LINE
8
BLACK
6
CONTINUOUS
10
0.810742874015748
20
0.1566854330708661
11
0.8133829921259842
21
0.1524453937007874
0
LINE
8
BLACK
6
CONTINUOUS
10
0.8133829921259842
20
0.1524453937007874
11
0.8133831102362205
21
0.1524452362204724
0
LINE
8
BLACK
6
CONTINUOUS
10
0.8133831102362205
20
0.1524452362204724
11
0.8152132283464567
21
0.1503331496062992
0
LINE
8
BLACK
6
CONTINUOUS
10
0.8152132283464567
20
0.1503331496062992
11
0.8182677559055118
21
0.1476090551181102
0
LINE
8
BLACK
6
CONTINUOUS
10
0.8182677559055118
20
0.1476090551181102
11
0.8227806692913385
21
0.1454696456692913
0
LINE
8
BLACK
6
CONTINUOUS
10
0.8227806692913385
20
0.1454696456692913
11
0.8227807874015748
21
0.1454696062992126
0
LINE
8
BLACK
6
CONTINUOUS
10
0.8227807874015748
20
0.1454696062992126
11
0.825462716535433
21
0.144682125984252
0
LINE
8
BLACK
6
CONTINUOUS
10
0.825462716535433
20
0.144682125984252
11
0.8254632283464567
21
0.1446820078740158
0
LINE
8
BLACK
6
CONTINUOUS
10
0.8254632283464567
20
0.1446820078740158
11
0.826372874015748
21
0.1445512204724409
0
LINE
8
BLACK
6
CONTINUOUS
10
0.826372874015748
20
0.1445512204724409
11
0.8279188188976377
21
0.1440611023622047
0
LINE
8
BLACK
6
CONTINUOUS
10
0.8279188188976377
20
0.1440611023622047
11
0.8300668503937008
21
0.1429666535433071
0
LINE
8
BLACK
6
CONTINUOUS
10
0.8300668503937008
20
0.1429666535433071
11
0.830066811023622
21
0.1429666535433071
0
LINE
8
BLACK
6
CONTINUOUS
10
0.830066811023622
20
0.1429666535433071
11
0.8331743307086614
21
0.1424744881889764
0
LINE
8
BLACK
6
CONTINUOUS
10
0.8331743307086614
20
0.1424744881889764
11
0.833759094488189
21
0.1423818897637795
0
LINE
8
BLACK
6
CONTINUOUS
10
0.833759094488189
20
0.1423818897637795
11
0.8337591338582677
21
0.1423818897637795
0
LINE
8
BLACK
6
CONTINUOUS
10
0.8337591338582677
20
0.1423818897637795
11
0.9862407874015747
21
0.1423818897637795
0
LINE
8
BLACK
6
CONTINUOUS
10
0.9862407874015747
20
0.1423818897637795
11
0.9899331496062992
21
0.1429666535433071
0
LINE
8
BLACK
6
CONTINUOUS
10
0.9899331496062992
20
0.1429666535433071
11
0.9943835433070866
21
0.1452342125984252
0
LINE
8
BLACK
6
CONTINUOUS
10
0.9943835433070866
20
0.1452342125984252
11
0.9979153543307087
21
0.1487660236220472
0
LINE
8
BLACK
6
CONTINUOUS
10
0.9979153543307087
20
0.1487660236220472
11
0.9987138188976378
21
0.1503331496062992
0
LINE
8
BLACK
6
CONTINUOUS
10
0.9987138188976378
20
0.1503331496062992
11
1.0001829133858267
21
0.1532163779527559
0
LINE
8
BLACK
6
CONTINUOUS
10
1.0001829133858267
20
0.1532163779527559
11
1.0007677165354329
21
0.1569087007874016
0
LINE
8
BLACK
6
CONTINUOUS
10
1.0007677165354329
20
0.1569087007874016
11
1.0007676771653542
21
0.1632365748031496
0
LINE
8
BLACK
6
CONTINUOUS
10
1.0007676771653542
20
0.1632365748031496
11
1.0008181889763779
21
0.1639427165354331
0
LINE
8
BLACK
6
CONTINUOUS
10
1.0008181889763779
20
0.1639427165354331
11
1.0009645669291338
21
0.1649605511811024
0
LINE
8
BLACK
6
CONTINUOUS
10
1.0009645669291338
20
0.1649605511811024
11
1.0009645669291338
21
0.5063324803149606
0
LINE
8
BLACK
6
CONTINUOUS
10
1.0009645669291338
20
0.5063324803149606
11
1.0017520472440944
21
0.5090144094488189
0
LINE
8
BLACK
6
CONTINUOUS
10
1.0017520472440944
20
0.5090144094488189
11
1.0024175196850393
21
0.509840157480315
0
LINE
8
BLACK
6
CONTINUOUS
10
1.0024175196850393
20
0.509840157480315
11
1.0848351181102363
21
0.5922577559055118
0
LINE
8
BLACK
6
CONTINUOUS
10
1.0848351181102363
20
0.5922577559055118
11
1.0848354330708661
21
0.5922581102362204
0
LINE
8
BLACK
6
CONTINUOUS
10
1.0848354330708661
20
0.5922581102362204
11
1.0848357086614173
21
0.5922583858267716
0
LINE
8
BLACK
6
CONTINUOUS
10
1.0848357086614173
20
0.5922583858267716
11
1.0859774015748032
21
0.5935293700787402
0
LINE
8
BLACK
6
CONTINUOUS
10
1.0859774015748032
20
0.5935293700787402
11
1.0859775590551182
21
0.5935295669291338
0
LINE
8
BLACK
6
CONTINUOUS
10
1.0859775590551182
20
0.5935295669291338
11
1.0859778346456692
21
0.5935298818897637
0
LINE
8
BLACK
6
CONTINUOUS
10
1.0859778346456692
20
0.5935298818897637
11
1.0866429921259841
21
0.5943552362204725
0
LINE
8
BLACK
6
CONTINUOUS
10
1.0866429921259841
20
0.5943552362204725
11
1.0873907480314959
21
0.5953615748031496
0
LINE
8
BLACK
6
CONTINUOUS
10
1.0873907480314959
20
0.5953615748031496
11
1.0873908267716534
21
0.5953617716535433
0
LINE
8
BLACK
6
CONTINUOUS
10
1.0873908267716534
20
0.5953617716535433
11
1.0895303149606299
21
0.5998747637795275
0
LINE
8
BLACK
6
CONTINUOUS
10
1.0895303149606299
20
0.5998747637795275
11
1.0895303543307087
21
0.5998748818897638
0
LINE
8
BLACK
6
CONTINUOUS
10
1.0895303543307087
20
0.5998748818897638
11
1.0895303543307087
21
0.5998749606299213
0
LINE
8
BLACK
6
CONTINUOUS
10
1.0895303543307087
20
0.5998749606299213
11
1.0895304330708662
21
0.5998750787401574
0
LINE
8
BLACK
6
CONTINUOUS
10
1.0895304330708662
20
0.5998750787401574
11
1.0903179133858267
21
0.6025570078740158
0
LINE
8
BLACK
6
CONTINUOUS
10
1.0903179133858267
20
0.6025570078740158
11
1.0909645669291339
21
0.6070547244094489
0
LINE
8
BLACK
6
CONTINUOUS
10
1.0909645669291339
20
0.6070547244094489
11
1.0909645669291339
21
0.7229452362204725
0
LINE
8
BLACK
6
CONTINUOUS
10
1.0909645669291339
20
0.7229452362204725
11
1.0909645669291339
21
0.7229457086614173
0
LINE
8
BLACK
6
CONTINUOUS
10
1.0909645669291339
20
0.7229457086614173
11
1.0908731496062991
21
0.7246507874015747
0
LINE
8
BLACK
6
CONTINUOUS
10
1.0908731496062991
20
0.7246507874015747
11
1.0908731102362204
21
0.7246508267716535
0
LINE
8
BLACK
6
CONTINUOUS
10
1.0908731102362204
20
0.7246508267716535
11
1.0908731102362204
21
0.7246514960629921
0
LINE
8
BLACK
6
CONTINUOUS
10
1.0908731102362204
20
0.7246514960629921
11
1.0907597637795274
21
0.7257059448818898
0
LINE
8
BLACK
6
CONTINUOUS
10
1.0907597637795274
20
0.7257059448818898
11
1.0905768897637795
21
0.7269465748031496
0
LINE
8
BLACK
6
CONTINUOUS
10
1.0905768897637795
20
0.7269465748031496
11
1.0888983070866141
21
0.7316508661417322
0
LINE
8
BLACK
6
CONTINUOUS
10
1.0888983070866141
20
0.7316508661417322
11
1.0875587007874015
21
0.7341040944881889
0
LINE
8
BLACK
6
CONTINUOUS
10
1.0875587007874015
20
0.7341040944881889
11
1.0848356692913386
21
0.7377415748031496
0
LINE
8
BLACK
6
CONTINUOUS
10
1.0848356692913386
20
0.7377415748031496
11
1.0724174803149606
21
0.75015968503937
0
LINE
8
BLACK
6
CONTINUOUS
10
1.0724174803149606
20
0.75015968503937
11
1.0710779527559056
21
0.7526129527559055
0
LINE
8
BLACK
6
CONTINUOUS
10
1.0710779527559056
20
0.7526129527559055
11
1.0709645669291339
21
0.7536674015748032
0
LINE
8
BLACK
6
CONTINUOUS
10
1.0709645669291339
20
0.7536674015748032
11
1.0709645669291339
21
0.8596434645669291
0
LINE
8
BLACK
6
CONTINUOUS
10
1.0709645669291339
20
0.8596434645669291
11
1.0717520472440945
21
0.8623253937007874
0
LINE
8
BLACK
6
CONTINUOUS
10
1.0717520472440945
20
0.8623253937007874
11
1.0738644881889763
21
0.8641558267716535
0
LINE
8
BLACK
6
CONTINUOUS
10
1.0738644881889763
20
0.8641558267716535
11
1.0766311811023621
21
0.8645536220472441
0
LINE
8
BLACK
6
CONTINUOUS
10
1.0766311811023621
20
0.8645536220472441
11
1.0791737007874016
21
0.8633924409448819
0
LINE
8
BLACK
6
CONTINUOUS
10
1.0791737007874016
20
0.8633924409448819
11
1.0798963779527559
21
0.8626162992125984
0
LINE
8
BLACK
6
CONTINUOUS
10
1.0798963779527559
20
0.8626162992125984
11
1.0801642913385827
21
0.8622583464566929
0
LINE
8
BLACK
6
CONTINUOUS
10
1.0801642913385827
20
0.8622583464566929
11
1.080164409448819
21
0.8622582283464567
0
LINE
8
BLACK
6
CONTINUOUS
10
1.080164409448819
20
0.8622582283464567
11
1.1772577559055117
21
0.765164842519685
0
LINE
8
BLACK
6
CONTINUOUS
10
1.1772577559055117
20
0.765164842519685
11
1.178529251968504
21
0.7640226771653543
0
LINE
8
BLACK
6
CONTINUOUS
10
1.178529251968504
20
0.7640226771653543
11
1.1785298818897638
21
0.7640221259842519
0
LINE
8
BLACK
6
CONTINUOUS
10
1.1785298818897638
20
0.7640221259842519
11
1.1793552362204724
21
0.763356968503937
0
LINE
8
BLACK
6
CONTINUOUS
10
1.1793552362204724
20
0.763356968503937
11
1.1803615748031495
21
0.7626092125984252
0
LINE
8
BLACK
6
CONTINUOUS
10
1.1803615748031495
20
0.7626092125984252
11
1.1803617716535433
21
0.7626091338582677
0
LINE
8
BLACK
6
CONTINUOUS
10
1.1803617716535433
20
0.7626091338582677
11
1.1848747637795276
21
0.7604696456692913
0
LINE
8
BLACK
6
CONTINUOUS
10
1.1848747637795276
20
0.7604696456692913
11
1.1848748818897636
21
0.7604696062992126
0
LINE
8
BLACK
6
CONTINUOUS
10
1.1848748818897636
20
0.7604696062992126
11
1.1870127952755904
21
0.7598418503937008
0
LINE
8
BLACK
6
CONTINUOUS
10
1.1870127952755904
20
0.7598418503937008
11
1.1875570078740156
21
0.7596820866141732
0
LINE
8
BLACK
6
CONTINUOUS
10
1.1875570078740156
20
0.7596820866141732
11
1.1920547244094488
21
0.7590354330708661
0
LINE
8
BLACK
6
CONTINUOUS
10
1.1920547244094488
20
0.7590354330708661
11
1.283906062992126
21
0.7590354330708661
0
LINE
8
BLACK
6
CONTINUOUS
10
1.283906062992126
20
0.7590354330708661
11
1.2865879921259842
21
0.7582479527559055
0
LINE
8
BLACK
6
CONTINUOUS
10
1.2865879921259842
20
0.7582479527559055
11
1.2884184251968505
21
0.7561355118110236
0
LINE
8
BLACK
6
CONTINUOUS
10
1.2884184251968505
20
0.7561355118110236
11
1.2888162204724409
21
0.7533688188976377
0
LINE
8
BLACK
6
CONTINUOUS
10
1.2888162204724409
20
0.7533688188976377
11
1.2881063385826772
21
0.751435590551181
0
LINE
8
BLACK
6
CONTINUOUS
10
1.2881063385826772
20
0.751435590551181
11
1.2864256692913385
21
0.7487608267716536
0
LINE
8
BLACK
6
CONTINUOUS
10
1.2864256692913385
20
0.7487608267716536
11
1.2864256299212598
21
0.7487607086614173
0
LINE
8
BLACK
6
CONTINUOUS
10
1.2864256299212598
20
0.7487607086614173
11
1.2840799999999999
21
0.7420572834645669
0
LINE
8
BLACK
6
CONTINUOUS
10
1.2840799999999999
20
0.7420572834645669
11
1.2833045275590551
21
0.7351747244094488
0
LINE
8
BLACK
6
CONTINUOUS
10
1.2833045275590551
20
0.7351747244094488
11
1.283284842519685
21
0.7349998818897637
0
LINE
8
BLACK
6
CONTINUOUS
10
1.283284842519685
20
0.7349998818897637
11
1.283284842519685
21
0.734999842519685
0
LINE
8
BLACK
6
CONTINUOUS
10
1.283284842519685
20
0.734999842519685
11
1.2833743307086614
21
0.7342054330708662
0
LINE
8
BLACK
6
CONTINUOUS
10
1.2833743307086614
20
0.7342054330708662
11
1.2828920078740158
21
0.7314522047244094
0
LINE
8
BLACK
6
CONTINUOUS
10
1.2828920078740158
20
0.7314522047244094
11
1.2809977559055117
21
0.7293968503937007
0
LINE
8
BLACK
6
CONTINUOUS
10
1.2809977559055117
20
0.7293968503937007
11
1.2806969685039369
21
0.7292301968503937
0
LINE
8
BLACK
6
CONTINUOUS
10
1.2806969685039369
20
0.7292301968503937
11
1.2781164173228345
21
0.7279153543307086
0
LINE
8
BLACK
6
CONTINUOUS
10
1.2781164173228345
20
0.7279153543307086
11
1.2745846062992126
21
0.7243835433070867
0
LINE
8
BLACK
6
CONTINUOUS
10
1.2745846062992126
20
0.7243835433070867
11
1.2733058661417322
21
0.7218738188976378
0
LINE
8
BLACK
6
CONTINUOUS
10
1.2733058661417322
20
0.7218738188976378
11
1.2723170866141733
21
0.7199332283464567
0
LINE
8
BLACK
6
CONTINUOUS
10
1.2723170866141733
20
0.7199332283464567
11
1.2717322834645668
21
0.716240905511811
0
LINE
8
BLACK
6
CONTINUOUS
10
1.2717322834645668
20
0.716240905511811
11
1.2717322834645668
21
0.7162408661417322
0
LINE
8
BLACK
6
CONTINUOUS
10
1.2717322834645668
20
0.7162408661417322
11
1.2717322834645668
21
0.7162407480314961
0
LINE
8
BLACK
6
CONTINUOUS
10
1.2717322834645668
20
0.7162407480314961
11
1.2717322834645668
21
0.6787591732283464
0
LINE
8
BLACK
6
CONTINUOUS
10
1.2717322834645668
20
0.6787591732283464
11
1.2723170472440946
21
0.675066811023622
0
LINE
8
BLACK
6
CONTINUOUS
10
1.2723170472440946
20
0.675066811023622
11
1.2745846062992126
21
0.6706164173228346
0
LINE
8
BLACK
6
CONTINUOUS
10
1.2745846062992126
20
0.6706164173228346
11
1.2781164173228345
21
0.6670846062992126
0
LINE
8
BLACK
6
CONTINUOUS
10
1.2781164173228345
20
0.6670846062992126
11
1.2825666929133859
21
0.6648171259842519
0
LINE
8
BLACK
6
CONTINUOUS
10
1.2825666929133859
20
0.6648171259842519
11
1.2825667716535434
21
0.6648170866141732
0
LINE
8
BLACK
6
CONTINUOUS
10
1.2825667716535434
20
0.6648170866141732
11
1.2862590944881889
21
0.6642322834645669
0
LINE
8
BLACK
6
CONTINUOUS
10
1.2862590944881889
20
0.6642322834645669
11
1.2862591732283464
21
0.6642322834645669
0
LINE
8
BLACK
6
CONTINUOUS
10
1.2862591732283464
20
0.6642322834645669
11
1.2862592125984251
21
0.6642322834645669
0
LINE
8
BLACK
6
CONTINUOUS
10
1.2862592125984251
20
0.6642322834645669
11
1.3437407874015748
21
0.6642322834645669
0
LINE
8
BLACK
6
CONTINUOUS
10
1.3437407874015748
20
0.6642322834645669
11
1.3474331496062992
21
0.6648170472440945
0
LINE
8
BLACK
6
CONTINUOUS
10
1.3474331496062992
20
0.6648170472440945
11
1.3518835433070866
21
0.6670846062992126
0
LINE
8
BLACK
6
CONTINUOUS
10
1.3518835433070866
20
0.6670846062992126
11
1.3554153543307086
21
0.6706164173228346
0
LINE
8
BLACK
6
CONTINUOUS
10
1.3554153543307086
20
0.6706164173228346
11
1.3561904724409448
21
0.6721377559055118
0
LINE
8
BLACK
6
CONTINUOUS
10
1.3561904724409448
20
0.6721377559055118
11
1.3576829133858268
21
0.6750667716535433
0
LINE
8
BLACK
6
CONTINUOUS
10
1.3576829133858268
20
0.6750667716535433
11
1.3582677165354331
21
0.6787590944881889
0
LINE
8
BLACK
6
CONTINUOUS
10
1.3582677165354331
20
0.6787590944881889
11
1.3582676771653543
21
0.7162408661417322
0
LINE
8
BLACK
6
CONTINUOUS
10
1.3582676771653543
20
0.7162408661417322
11
1.3576829133858268
21
0.7199332283464567
0
LINE
8
BLACK
6
CONTINUOUS
10
1.3576829133858268
20
0.7199332283464567
11
1.3554153543307086
21
0.7243835433070867
0
LINE
8
BLACK
6
CONTINUOUS
10
1.3554153543307086
20
0.7243835433070867
11
1.3518835433070866
21
0.7279153543307086
0
LINE
8
BLACK
6
CONTINUOUS
10
1.3518835433070866
20
0.7279153543307086
11
1.349303031496063
21
0.7292301968503937
0
LINE
8
BLACK
6
CONTINUOUS
10
1.349303031496063
20
0.7292301968503937
11
1.3472709055118111
21
0.7311494094488189
0
LINE
8
BLACK
6
CONTINUOUS
10
1.3472709055118111
20
0.7311494094488189
11
1.3465990157480314
21
0.7338625590551181
0
LINE
8
BLACK
6
CONTINUOUS
10
1.3465990157480314
20
0.7338625590551181
11
1.3466256299212598
21
0.7342055905511811
0
LINE
8
BLACK
6
CONTINUOUS
10
1.3466256299212598
20
0.7342055905511811
11
1.346711496062992
21
0.7349676771653543
0
LINE
8
BLACK
6
CONTINUOUS
10
1.346711496062992
20
0.7349676771653543
11
1.3467151574803149
21
0.735
0
LINE
8
BLACK
6
CONTINUOUS
10
1.3467151574803149
20
0.735
11
1.34592
21
0.7420572834645669
0
LINE
8
BLACK
6
CONTINUOUS
10
1.34592
20
0.7420572834645669
11
1.3435743700787401
21
0.7487607086614173
0
LINE
8
BLACK
6
CONTINUOUS
10
1.3435743700787401
20
0.7487607086614173
11
1.3433700787401575
21
0.7490858267716535
0
LINE
8
BLACK
6
CONTINUOUS
10
1.3433700787401575
20
0.7490858267716535
11
1.3418936614173229
21
0.751435590551181
0
LINE
8
BLACK
6
CONTINUOUS
10
1.3418936614173229
20
0.751435590551181
11
1.3411335826771653
21
0.7541253937007873
0
LINE
8
BLACK
6
CONTINUOUS
10
1.3411335826771653
20
0.7541253937007873
11
1.3419483858267716
21
0.7567991732283464
0
LINE
8
BLACK
6
CONTINUOUS
10
1.3419483858267716
20
0.7567991732283464
11
1.3440793700787401
21
0.7586079527559055
0
LINE
8
BLACK
6
CONTINUOUS
10
1.3440793700787401
20
0.7586079527559055
11
1.3460939370078739
21
0.7590354330708661
0
LINE
8
BLACK
6
CONTINUOUS
10
1.3460939370078739
20
0.7590354330708661
11
1.5740748031496063
21
0.7590354330708661
0
LINE
8
BLACK
6
CONTINUOUS
10
1.5740748031496063
20
0.7590354330708661
11
1.5767567322834646
21
0.7582479527559055
0
LINE
8
BLACK
6
CONTINUOUS
10
1.5767567322834646
20
0.7582479527559055
11
1.5785871653543306
21
0.7561355118110236
0
LINE
8
BLACK
6
CONTINUOUS
10
1.5785871653543306
20
0.7561355118110236
11
1.579035433070866
21
0.7540748031496063
0
LINE
8
BLACK
6
CONTINUOUS
10
1.579035433070866
20
0.7540748031496063
11
1.579035433070866
21
0.6549604724409449
0
LINE
8
BLACK
6
CONTINUOUS
10
1.579035433070866
20
0.6549604724409449
11
1.5792038582677166
21
0.653393622047244
0
LINE
8
BLACK
6
CONTINUOUS
10
1.5792038582677166
20
0.653393622047244
11
1.5792322834645669
21
0.6528635039370079
0
LINE
8
BLACK
6
CONTINUOUS
10
1.5792322834645669
20
0.6528635039370079
11
1.5792322834645669
21
0.6487591732283464
0
LINE
8
BLACK
6
CONTINUOUS
10
1.5792322834645669
20
0.6487591732283464
11
1.5798170472440944
21
0.6450668110236221
0
LINE
8
BLACK
6
CONTINUOUS
10
1.5798170472440944
20
0.6450668110236221
11
1.5820846062992127
21
0.6406164173228346
0
LINE
8
BLACK
6
CONTINUOUS
10
1.5820846062992127
20
0.6406164173228346
11
1.5856164173228346
21
0.6370846062992126
0
LINE
8
BLACK
6
CONTINUOUS
10
1.5856164173228346
20
0.6370846062992126
11
1.5900666929133858
21
0.634817125984252
0
LINE
8
BLACK
6
CONTINUOUS
10
1.5900666929133858
20
0.634817125984252
11
1.5900667716535433
21
0.6348170866141732
0
LINE
8
BLACK
6
CONTINUOUS
10
1.5900667716535433
20
0.6348170866141732
11
1.593759094488189
21
0.6342322834645669
0
LINE
8
BLACK
6
CONTINUOUS
10
1.593759094488189
20
0.6342322834645669
11
1.5982365748031495
21
0.6342322834645669
0
LINE
8
BLACK
6
CONTINUOUS
10
1.5982365748031495
20
0.6342322834645669
11
1.5989424803149606
21
0.634181811023622
0
LINE
8
BLACK
6
CONTINUOUS
10
1.5989424803149606
20
0.634181811023622
11
1.5999606299212599
21
0.6340354330708661
0
LINE
8
BLACK
6
CONTINUOUS
10
1.5999606299212599
20
0.6340354330708661
11
1.6213325196850394
21
0.6340354330708661
0
LINE
8
BLACK
6
CONTINUOUS
10
1.6213325196850394
20
0.6340354330708661
11
1.6240144488188977
21
0.6332479527559055
0
LINE
8
BLACK
6
CONTINUOUS
10
1.6240144488188977
20
0.6332479527559055
11
1.6248401968503936
21
0.6325824803149606
0
LINE
8
BLACK
6
CONTINUOUS
10
1.6248401968503936
20
0.6325824803149606
11
1.6722577559055118
21
0.585164842519685
0
LINE
8
BLACK
6
CONTINUOUS
10
1.6722577559055118
20
0.585164842519685
11
1.6735292519685039
21
0.5840226771653543
0
LINE
8
BLACK
6
CONTINUOUS
10
1.6735292519685039
20
0.5840226771653543
11
1.6735298818897637
21
0.584022125984252
0
LINE
8
BLACK
6
CONTINUOUS
10
1.6735298818897637
20
0.584022125984252
11
1.6743552362204723
21
0.583356968503937
0
LINE
8
BLACK
6
CONTINUOUS
10
1.6743552362204723
20
0.583356968503937
11
1.6753615748031496
21
0.5826092125984251
0
LINE
8
BLACK
6
CONTINUOUS
10
1.6753615748031496
20
0.5826092125984251
11
1.6753617716535432
21
0.5826091338582677
0
LINE
8
BLACK
6
CONTINUOUS
10
1.6753617716535432
20
0.5826091338582677
11
1.6798747637795275
21
0.5804696456692914
0
LINE
8
BLACK
6
CONTINUOUS
10
1.6798747637795275
20
0.5804696456692914
11
1.6798748818897637
21
0.5804696062992126
0
LINE
8
BLACK
6
CONTINUOUS
10
1.6798748818897637
20
0.5804696062992126
11
1.6820127952755906
21
0.5798418503937007
0
LINE
8
BLACK
6
CONTINUOUS
10
1.6820127952755906
20
0.5798418503937007
11
1.6825570078740157
21
0.5796820866141732
0
LINE
8
BLACK
6
CONTINUOUS
10
1.6825570078740157
20
0.5796820866141732
11
1.6870547244094487
21
0.5790354330708661
0
LINE
8
BLACK
6
CONTINUOUS
10
1.6870547244094487
20
0.5790354330708661
11
1.687054842519685
21
0.5790354330708661
0
LINE
8
BLACK
6
CONTINUOUS
10
1.687054842519685
20
0.5790354330708661
11
1.797945748031496
21
0.5790354330708661
0
LINE
8
BLACK
6
CONTINUOUS
10
1.797945748031496
20
0.5790354330708661
11
1.7996508267716536
21
0.5791268110236221
0
LINE
8
BLACK
6
CONTINUOUS
10
1.7996508267716536
20
0.5791268110236221
11
1.799652716535433
21
0.579126968503937
0
LINE
8
BLACK
6
CONTINUOUS
10
1.799652716535433
20
0.579126968503937
11
1.8007055905511811
21
0.579240157480315
0
LINE
8
BLACK
6
CONTINUOUS
10
1.8007055905511811
20
0.579240157480315
11
1.8015007874015747
21
0.5793573622047244
0
LINE
8
BLACK
6
CONTINUOUS
10
1.8015007874015747
20
0.5793573622047244
11
1.8019466141732283
21
0.5794231102362205
0
LINE
8
BLACK
6
CONTINUOUS
10
1.8019466141732283
20
0.5794231102362205
11
1.8045562992125983
21
0.5803542913385826
0
LINE
8
BLACK
6
CONTINUOUS
10
1.8045562992125983
20
0.5803542913385826
11
1.8066507480314959
21
0.5811016141732284
0
LINE
8
BLACK
6
CONTINUOUS
10
1.8066507480314959
20
0.5811016141732284
11
1.806650905511811
21
0.5811016929133858
0
LINE
8
BLACK
6
CONTINUOUS
10
1.806650905511811
20
0.5811016929133858
11
1.8091041338582676
21
0.5824412992125985
0
LINE
8
BLACK
6
CONTINUOUS
10
1.8091041338582676
20
0.5824412992125985
11
1.8091042519685039
21
0.5824413779527559
0
LINE
8
BLACK
6
CONTINUOUS
10
1.8091042519685039
20
0.5824413779527559
11
1.8091044488188976
21
0.5824414960629921
0
LINE
8
BLACK
6
CONTINUOUS
10
1.8091044488188976
20
0.5824414960629921
11
1.8127413779527559
21
0.585164094488189
0
LINE
8
BLACK
6
CONTINUOUS
10
1.8127413779527559
20
0.585164094488189
11
1.8127417322834645
21
0.5851644094488189
0
LINE
8
BLACK
6
CONTINUOUS
10
1.8127417322834645
20
0.5851644094488189
11
1.8598351181102362
21
0.6322577559055118
0
LINE
8
BLACK
6
CONTINUOUS
10
1.8598351181102362
20
0.6322577559055118
11
1.8598355511811022
21
0.6322582283464567
0
LINE
8
BLACK
6
CONTINUOUS
10
1.8598355511811022
20
0.6322582283464567
11
1.8598357086614172
21
0.6322583858267716
0
LINE
8
BLACK
6
CONTINUOUS
10
1.8598357086614172
20
0.6322583858267716
11
1.8609774015748031
21
0.6335293700787401
0
LINE
8
BLACK
6
CONTINUOUS
10
1.8609774015748031
20
0.6335293700787401
11
1.8609779921259841
21
0.6335300787401574
0
LINE
8
BLACK
6
CONTINUOUS
10
1.8609779921259841
20
0.6335300787401574
11
1.8614298425196849
21
0.634090748031496
0
LINE
8
BLACK
6
CONTINUOUS
10
1.8614298425196849
20
0.634090748031496
11
1.8617845669291337
21
0.6344856299212598
0
LINE
8
BLACK
6
CONTINUOUS
10
1.8617845669291337
20
0.6344856299212598
11
1.8654153543307086
21
0.6381164173228346
0
LINE
8
BLACK
6
CONTINUOUS
10
1.8654153543307086
20
0.6381164173228346
11
1.8665707086614174
21
0.6403839763779527
0
LINE
8
BLACK
6
CONTINUOUS
10
1.8665707086614174
20
0.6403839763779527
11
1.8676829133858268
21
0.6425667716535433
0
LINE
8
BLACK
6
CONTINUOUS
10
1.8676829133858268
20
0.6425667716535433
11
1.8676829527559056
21
0.642566968503937
0
LINE
8
BLACK
6
CONTINUOUS
10
1.8676829527559056
20
0.642566968503937
11
1.8677820472440945
21
0.642871968503937
0
LINE
8
BLACK
6
CONTINUOUS
10
1.8677820472440945
20
0.642871968503937
11
1.8693596062992126
21
0.6451793307086614
0
LINE
8
BLACK
6
CONTINUOUS
10
1.8693596062992126
20
0.6451793307086614
11
1.8719342125984251
21
0.6462675590551181
0
LINE
8
BLACK
6
CONTINUOUS
10
1.8719342125984251
20
0.6462675590551181
11
1.8746884645669291
21
0.645791062992126
0
LINE
8
BLACK
6
CONTINUOUS
10
1.8746884645669291
20
0.645791062992126
11
1.8767478346456692
21
0.6439011811023622
0
LINE
8
BLACK
6
CONTINUOUS
10
1.8767478346456692
20
0.6439011811023622
11
1.8772177165354331
21
0.6428724409448818
0
LINE
8
BLACK
6
CONTINUOUS
10
1.8772177165354331
20
0.6428724409448818
11
1.877316968503937
21
0.642566968503937
0
LINE
8
BLACK
6
CONTINUOUS
10
1.877316968503937
20
0.642566968503937
11
1.8795846062992125
21
0.6381164173228346
0
LINE
8
BLACK
6
CONTINUOUS
10
1.8795846062992125
20
0.6381164173228346
11
1.8831164173228345
21
0.6345846062992125
0
LINE
8
BLACK
6
CONTINUOUS
10
1.8831164173228345
20
0.6345846062992125
11
1.887045905511811
21
0.6325824803149606
0
LINE
8
BLACK
6
CONTINUOUS
10
1.887045905511811
20
0.6325824803149606
11
1.8875667716535434
21
0.6323170866141732
0
LINE
8
BLACK
6
CONTINUOUS
10
1.8875667716535434
20
0.6323170866141732
11
1.8912590944881889
21
0.6317322834645669
0
LINE
8
BLACK
6
CONTINUOUS
10
1.8912590944881889
20
0.6317322834645669
11
1.8912591732283464
21
0.6317322834645669
0
LINE
8
BLACK
6
CONTINUOUS
10
1.8912591732283464
20
0.6317322834645669
11
1.8912592125984251
21
0.6317322834645669
0
LINE
8
BLACK
6
CONTINUOUS
10
1.8912592125984251
20
0.6317322834645669
11
1.9287407874015747
21
0.6317322834645669
0
LINE
8
BLACK
6
CONTINUOUS
10
1.9287407874015747
20
0.6317322834645669
11
1.9324331496062992
21
0.6323170472440944
0
LINE
8
BLACK
6
CONTINUOUS
10
1.9324331496062992
20
0.6323170472440944
11
1.9368835433070866
21
0.6345846062992125
0
LINE
8
BLACK
6
CONTINUOUS
10
1.9368835433070866
20
0.6345846062992125
11
1.9404153543307086
21
0.6381164173228346
0
LINE
8
BLACK
6
CONTINUOUS
10
1.9404153543307086
20
0.6381164173228346
11
1.9415593700787401
21
0.6403617322834646
0
LINE
8
BLACK
6
CONTINUOUS
10
1.9415593700787401
20
0.6403617322834646
11
1.9426829133858268
21
0.6425667716535433
0
LINE
8
BLACK
6
CONTINUOUS
10
1.9426829133858268
20
0.6425667716535433
11
1.9432677165354331
21
0.646259094488189
0
LINE
8
BLACK
6
CONTINUOUS
10
1.9432677165354331
20
0.646259094488189
11
1.9432676771653543
21
0.7037408661417323
0
LINE
8
BLACK
6
CONTINUOUS
10
1.9432676771653543
20
0.7037408661417323
11
1.9426829133858268
21
0.7074332283464567
0
LINE
8
BLACK
6
CONTINUOUS
10
1.9426829133858268
20
0.7074332283464567
11
1.9404153543307086
21
0.7118835433070866
0
LINE
8
BLACK
6
CONTINUOUS
10
1.9404153543307086
20
0.7118835433070866
11
1.9384718110236221
21
0.7138270472440945
0
LINE
8
BLACK
6
CONTINUOUS
10
1.9384718110236221
20
0.7138270472440945
11
1.9371323228346455
21
0.7162801968503937
0
LINE
8
BLACK
6
CONTINUOUS
10
1.9371323228346455
20
0.7162801968503937
11
1.9373316929133857
21
0.7190681889763779
0
LINE
8
BLACK
6
CONTINUOUS
10
1.9373316929133857
20
0.7190681889763779
11
1.9377792913385827
21
0.7199738976377953
0
LINE
8
BLACK
6
CONTINUOUS
10
1.9377792913385827
20
0.7199738976377953
11
1.9385742913385826
21
0.7212391732283464
0
LINE
8
BLACK
6
CONTINUOUS
10
1.9385742913385826
20
0.7212391732283464
11
1.9385743307086614
21
0.7212392519685039
0
LINE
8
BLACK
6
CONTINUOUS
10
1.9385743307086614
20
0.7212392519685039
11
1.9385743700787401
21
0.7212392913385827
0
LINE
8
BLACK
6
CONTINUOUS
10
1.9385743700787401
20
0.7212392913385827
11
1.94092
21
0.7279427165354331
0
LINE
8
BLACK
6
CONTINUOUS
10
1.94092
20
0.7279427165354331
11
1.9417151574803149
21
0.735
0
LINE
8
BLACK
6
CONTINUOUS
10
1.9417151574803149
20
0.735
11
1.94092
21
0.7420572834645669
0
LINE
8
BLACK
6
CONTINUOUS
10
1.94092
20
0.7420572834645669
11
1.9385743700787401
21
0.7487607086614173
0
LINE
8
BLACK
6
CONTINUOUS
10
1.9385743700787401
20
0.7487607086614173
11
1.9347959055118109
21
0.754774094488189
0
LINE
8
BLACK
6
CONTINUOUS
10
1.9347959055118109
20
0.754774094488189
11
1.9331261023622046
21
0.7564438582677165
0
LINE
8
BLACK
6
CONTINUOUS
10
1.9331261023622046
20
0.7564438582677165
11
1.9317866141732283
21
0.758896968503937
0
LINE
8
BLACK
6
CONTINUOUS
10
1.9317866141732283
20
0.758896968503937
11
1.9316732283464566
21
0.7599514960629921
0
LINE
8
BLACK
6
CONTINUOUS
10
1.9316732283464566
20
0.7599514960629921
11
1.9316732283464566
21
1.1745448031496062
0
LINE
8
BLACK
6
CONTINUOUS
10
1.9316732283464566
20
1.1745448031496062
11
1.9316761023622047
21
1.1747141338582676
0
LINE
8
BLACK
6
CONTINUOUS
10
1.9316761023622047
20
1.1747141338582676
11
1.9316935826771653
21
1.1752259055118111
0
LINE
8
BLACK
6
CONTINUOUS
10
1.9316935826771653
20
1.1752259055118111
11
1.9317622834645669
21
1.1772372440944883
0
LINE
8
BLACK
6
CONTINUOUS
10
1.9317622834645669
20
1.1772372440944883
11
1.9313802755905511
21
1.1788045275590551
0
LINE
8
BLACK
6
CONTINUOUS
10
1.9313802755905511
20
1.1788045275590551
11
1.9312854330708662
21
1.1793037401574802
0
LINE
8
BLACK
6
CONTINUOUS
10
1.9312854330708662
20
1.1793037401574802
11
1.9310657480314961
21
1.1809023622047243
0
LINE
8
BLACK
6
CONTINUOUS
10
1.9310657480314961
20
1.1809023622047243
11
1.9307868503937007
21
1.1815442913385827
0
LINE
8
BLACK
6
CONTINUOUS
10
1.9307868503937007
20
1.1815442913385827
11
1.9305172440944882
21
1.1823461811023621
0
LINE
8
BLACK
6
CONTINUOUS
10
1.9305172440944882
20
1.1823461811023621
11
1.9303516929133857
21
1.1830256692913386
0
LINE
8
BLACK
6
CONTINUOUS
10
1.9303516929133857
20
1.1830256692913386
11
1.9295608661417323
21
1.1844320866141731
0
LINE
8
BLACK
6
CONTINUOUS
10
1.9295608661417323
20
1.1844320866141731
11
1.9293350787401575
21
1.1848866535433071
0
LINE
8
BLACK
6
CONTINUOUS
10
1.9293350787401575
20
1.1848866535433071
11
1.928692125984252
21
1.1863669291338583
0
LINE
8
BLACK
6
CONTINUOUS
10
1.928692125984252
20
1.1863669291338583
11
1.9282504724409448
21
1.1869096850393701
0
LINE
8
BLACK
6
CONTINUOUS
10
1.9282504724409448
20
1.1869096850393701
11
1.927774527559055
21
1.1876090157480315
0
LINE
8
BLACK
6
CONTINUOUS
10
1.927774527559055
20
1.1876090157480315
11
1.9274316929133857
21
1.1882188582677164
0
LINE
8
BLACK
6
CONTINUOUS
10
1.9274316929133857
20
1.1882188582677164
11
1.9262904330708661
21
1.1893600393700787
0
LINE
8
BLACK
6
CONTINUOUS
10
1.9262904330708661
20
1.1893600393700787
11
1.9259507874015747
21
1.1897364173228346
0
LINE
8
BLACK
6
CONTINUOUS
10
1.9259507874015747
20
1.1897364173228346
11
1.9249322047244095
21
1.1909885039370078
0
LINE
8
BLACK
6
CONTINUOUS
10
1.9249322047244095
20
1.1909885039370078
11
1.9243603543307086
21
1.1913921259842519
0
LINE
8
BLACK
6
CONTINUOUS
10
1.9243603543307086
20
1.1913921259842519
11
1.9237137007874014
21
1.1919367716535432
0
LINE
8
BLACK
6
CONTINUOUS
10
1.9237137007874014
20
1.1919367716535432
11
1.9222204724409448
21
1.19343
0
LINE
8
BLACK
6
CONTINUOUS
10
1.9222204724409448
20
1.19343
11
1.9208810236220473
21
1.1958831496062992
0
LINE
8
BLACK
6
CONTINUOUS
10
1.9208810236220473
20
1.1958831496062992
11
1.9207676771653543
21
1.1969375590551181
0
LINE
8
BLACK
6
CONTINUOUS
10
1.9207676771653543
20
1.1969375590551181
11
1.9207676771653543
21
1.2262407874015748
0
LINE
8
BLACK
6
CONTINUOUS
10
1.9207676771653543
20
1.2262407874015748
11
1.9206659055118109
21
1.2268835433070866
0
LINE
8
BLACK
6
CONTINUOUS
10
1.9206659055118109
20
1.2268835433070866
11
1.9201829133858268
21
1.2299332283464566
0
LINE
8
BLACK
6
CONTINUOUS
10
1.9201829133858268
20
1.2299332283464566
11
1.9179153543307086
21
1.2343835433070867
0
LINE
8
BLACK
6
CONTINUOUS
10
1.9179153543307086
20
1.2343835433070867
11
1.9143835433070866
21
1.2379153543307087
0
LINE
8
BLACK
6
CONTINUOUS
10
1.9143835433070866
20
1.2379153543307087
11
1.9099332283464567
21
1.2401829133858266
0
LINE
8
BLACK
6
CONTINUOUS
10
1.9099332283464567
20
1.2401829133858266
11
1.906240905511811
21
1.2407677165354329
0
LINE
8
BLACK
6
CONTINUOUS
10
1.906240905511811
20
1.2407677165354329
11
1.8687591338582676
21
1.2407676771653544
0
LINE
8
BLACK
6
CONTINUOUS
10
1.8687591338582676
20
1.2407676771653544
11
1.8650667716535432
21
1.2401829133858266
0
LINE
8
BLACK
6
CONTINUOUS
10
1.8650667716535432
20
1.2401829133858266
11
1.8628416141732282
21
1.2390491338582676
0
LINE
8
BLACK
6
CONTINUOUS
10
1.8628416141732282
20
1.2390491338582676
11
1.8606164173228346
21
1.2379153543307087
0
LINE
8
BLACK
6
CONTINUOUS
10
1.8606164173228346
20
1.2379153543307087
11
1.8570846062992126
21
1.2343835433070867
0
LINE
8
BLACK
6
CONTINUOUS
10
1.8570846062992126
20
1.2343835433070867
11
1.8548170866141731
21
1.2299332283464566
0
LINE
8
BLACK
6
CONTINUOUS
10
1.8548170866141731
20
1.2299332283464566
11
1.8547178740157479
21
1.2296278346456693
0
LINE
8
BLACK
6
CONTINUOUS
10
1.8547178740157479
20
1.2296278346456693
11
1.8531401968503936
21
1.2273205118110235
0
LINE
8
BLACK
6
CONTINUOUS
10
1.8531401968503936
20
1.2273205118110235
11
1.8505655511811023
21
1.2262324015748032
0
LINE
8
BLACK
6
CONTINUOUS
10
1.8505655511811023
20
1.2262324015748032
11
1.8478113385826771
21
1.2267089763779526
0
LINE
8
BLACK
6
CONTINUOUS
10
1.8478113385826771
20
1.2267089763779526
11
1.8457520078740157
21
1.228598937007874
0
LINE
8
BLACK
6
CONTINUOUS
10
1.8457520078740157
20
1.228598937007874
11
1.845282125984252
21
1.2296278346456693
0
LINE
8
BLACK
6
CONTINUOUS
10
1.845282125984252
20
1.2296278346456693
11
1.8451829133858266
21
1.2299331496062993
0
LINE
8
BLACK
6
CONTINUOUS
10
1.8451829133858266
20
1.2299331496062993
11
1.8451829133858266
21
1.2299332283464566
0
LINE
8
BLACK
6
CONTINUOUS
10
1.8451829133858266
20
1.2299332283464566
11
1.8429153543307086
21
1.2343835433070867
0
LINE
8
BLACK
6
CONTINUOUS
10
1.8429153543307086
20
1.2343835433070867
11
1.8393835433070866
21
1.2379153543307087
0
LINE
8
BLACK
6
CONTINUOUS
10
1.8393835433070866
20
1.2379153543307087
11
1.8349332283464566
21
1.2401829133858266
0
LINE
8
BLACK
6
CONTINUOUS
10
1.8349332283464566
20
1.2401829133858266
11
1.8312409055118111
21
1.2407677165354329
0
LINE
8
BLACK
6
CONTINUOUS
10
1.8312409055118111
20
1.2407677165354329
11
1.7937591338582677
21
1.2407676771653544
0
LINE
8
BLACK
6
CONTINUOUS
10
1.7937591338582677
20
1.2407676771653544
11
1.7900667716535432
21
1.2401829133858266
0
LINE
8
BLACK
6
CONTINUOUS
10
1.7900667716535432
20
1.2401829133858266
11
1.7878416141732283
21
1.2390491338582676
0
LINE
8
BLACK
6
CONTINUOUS
10
1.7878416141732283
20
1.2390491338582676
11
1.7856164173228346
21
1.2379153543307087
0
LINE
8
BLACK
6
CONTINUOUS
10
1.7856164173228346
20
1.2379153543307087
11
1.783489409448819
21
1.2357883464566928
0
LINE
8
BLACK
6
CONTINUOUS
10
1.783489409448819
20
1.2357883464566928
11
1.7810361811023621
21
1.2344487401574802
0
LINE
8
BLACK
6
CONTINUOUS
10
1.7810361811023621
20
1.2344487401574802
11
1.7782481889763779
21
1.2346481496062991
0
LINE
8
BLACK
6
CONTINUOUS
10
1.7782481889763779
20
1.2346481496062991
11
1.7770656299212597
21
1.235283031496063
0
LINE
8
BLACK
6
CONTINUOUS
10
1.7770656299212597
20
1.235283031496063
11
1.7768837401574802
21
1.2354151181102362
0
LINE
8
BLACK
6
CONTINUOUS
10
1.7768837401574802
20
1.2354151181102362
11
1.7768835433070866
21
1.2354153543307087
0
LINE
8
BLACK
6
CONTINUOUS
10
1.7768835433070866
20
1.2354153543307087
11
1.7724332283464566
21
1.2376829133858267
0
LINE
8
BLACK
6
CONTINUOUS
10
1.7724332283464566
20
1.2376829133858267
11
1.7687409055118111
21
1.238267716535433
0
LINE
8
BLACK
6
CONTINUOUS
10
1.7687409055118111
20
1.238267716535433
11
1.7312591338582677
21
1.2382676771653542
0
LINE
8
BLACK
6
CONTINUOUS
10
1.7312591338582677
20
1.2382676771653542
11
1.7275667716535432
21
1.2376829133858267
0
LINE
8
BLACK
6
CONTINUOUS
10
1.7275667716535432
20
1.2376829133858267
11
1.7253416141732283
21
1.2365491338582677
0
LINE
8
BLACK
6
CONTINUOUS
10
1.7253416141732283
20
1.2365491338582677
11
1.7231164173228346
21
1.2354153543307087
0
LINE
8
BLACK
6
CONTINUOUS
10
1.7231164173228346
20
1.2354153543307087
11
1.7195846062992126
21
1.2318835433070865
0
LINE
8
BLACK
6
CONTINUOUS
10
1.7195846062992126
20
1.2318835433070865
11
1.7180633464566928
21
1.2288978346456694
0
LINE
8
BLACK
6
CONTINUOUS
10
1.7180633464566928
20
1.2288978346456694
11
1.7173170866141731
21
1.2274332283464566
0
LINE
8
BLACK
6
CONTINUOUS
10
1.7173170866141731
20
1.2274332283464566
11
1.7167322834645669
21
1.2237409055118109
0
LINE
8
BLACK
6
CONTINUOUS
10
1.7167322834645669
20
1.2237409055118109
11
1.7167322834645669
21
1.2237407480314961
0
LINE
8
BLACK
6
CONTINUOUS
10
1.7167322834645669
20
1.2237407480314961
11
1.7167322834645669
21
1.1662591732283465
0
LINE
8
BLACK
6
CONTINUOUS
10
1.7167322834645669
20
1.1662591732283465
11
1.7173170472440944
21
1.162566811023622
0
LINE
8
BLACK
6
CONTINUOUS
10
1.7173170472440944
20
1.162566811023622
11
1.7195846062992126
21
1.1581164173228347
0
LINE
8
BLACK
6
CONTINUOUS
10
1.7195846062992126
20
1.1581164173228347
11
1.7231164173228346
21
1.1545846062992127
0
LINE
8
BLACK
6
CONTINUOUS
10
1.7231164173228346
20
1.1545846062992127
11
1.7256182283464567
21
1.1533099212598426
0
LINE
8
BLACK
6
CONTINUOUS
10
1.7256182283464567
20
1.1533099212598426
11
1.7276503149606299
21
1.1513907086614172
0
LINE
8
BLACK
6
CONTINUOUS
10
1.7276503149606299
20
1.1513907086614172
11
1.7283267716535433
21
1.1488899606299212
0
LINE
8
BLACK
6
CONTINUOUS
10
1.7283267716535433
20
1.1488899606299212
11
1.7283267716535433
21
1.1409251968503937
0
LINE
8
BLACK
6
CONTINUOUS
10
1.7283267716535433
20
1.1409251968503937
11
1.7275392913385825
21
1.1382432677165355
0
LINE
8
BLACK
6
CONTINUOUS
10
1.7275392913385825
20
1.1382432677165355
11
1.7254268503937007
21
1.1364128346456692
0
LINE
8
BLACK
6
CONTINUOUS
10
1.7254268503937007
20
1.1364128346456692
11
1.7233661417322834
21
1.1359645669291338
0
LINE
8
BLACK
6
CONTINUOUS
10
1.7233661417322834
20
1.1359645669291338
11
1.6359251968503936
21
1.1359645669291338
0
LINE
8
BLACK
6
CONTINUOUS
10
1.6359251968503936
20
1.1359645669291338
11
1.6332432677165354
21
1.1367520472440944
0
LINE
8
BLACK
6
CONTINUOUS
10
1.6332432677165354
20
1.1367520472440944
11
1.6314128346456693
21
1.1388644881889765
0
LINE
8
BLACK
6
CONTINUOUS
10
1.6314128346456693
20
1.1388644881889765
11
1.6309645669291337
21
1.1409251968503937
0
LINE
8
BLACK
6
CONTINUOUS
10
1.6309645669291337
20
1.1409251968503937
11
1.6309645669291337
21
1.2750391338582676
0
LINE
8
BLACK
6
CONTINUOUS
10
1.6309645669291337
20
1.2750391338582676
11
1.6309645275590552
21
1.2750397244094487
0
LINE
8
BLACK
6
CONTINUOUS
10
1.6309645275590552
20
1.2750397244094487
11
1.6305997637795275
21
1.2784327952755905
0
LINE
8
BLACK
6
CONTINUOUS
10
1.6305997637795275
20
1.2784327952755905
11
1.6301514960629921
21
1.2804935039370078
0
LINE
8
BLACK
6
CONTINUOUS
10
1.6301514960629921
20
1.2804935039370078
11
1.6292570866141731
21
1.2833145669291339
0
LINE
8
BLACK
6
CONTINUOUS
10
1.6292570866141731
20
1.2833145669291339
11
1.6266169685039369
21
1.2875546062992125
0
LINE
8
BLACK
6
CONTINUOUS
10
1.6266169685039369
20
1.2875546062992125
11
1.6247865354330708
21
1.2896670472440945
0
LINE
8
BLACK
6
CONTINUOUS
10
1.6247865354330708
20
1.2896670472440945
11
1.6217323622047244
21
1.2923908267716535
0
LINE
8
BLACK
6
CONTINUOUS
10
1.6217323622047244
20
1.2923908267716535
11
1.6177956299212599
21
1.2942570866141732
0
LINE
8
BLACK
6
CONTINUOUS
10
1.6177956299212599
20
1.2942570866141732
11
1.6172192913385826
21
1.29453031496063
0
LINE
8
BLACK
6
CONTINUOUS
10
1.6172192913385826
20
1.29453031496063
11
1.6172191732283465
21
1.2945303543307087
0
LINE
8
BLACK
6
CONTINUOUS
10
1.6172191732283465
20
1.2945303543307087
11
1.6172190157480315
21
1.294530433070866
0
LINE
8
BLACK
6
CONTINUOUS
10
1.6172190157480315
20
1.294530433070866
11
1.6145370866141733
21
1.2953179133858268
0
LINE
8
BLACK
6
CONTINUOUS
10
1.6145370866141733
20
1.2953179133858268
11
1.6100393700787401
21
1.2959645669291338
0
LINE
8
BLACK
6
CONTINUOUS
10
1.6100393700787401
20
1.2959645669291338
11
1.5199606299212598
21
1.2959645669291338
0
LINE
8
BLACK
6
CONTINUOUS
10
1.5199606299212598
20
1.2959645669291338
11
1.5199602755905512
21
1.295964527559055
0
LINE
8
BLACK
6
CONTINUOUS
10
1.5199602755905512
20
1.295964527559055
11
1.5199602362204725
21
1.295964527559055
0
LINE
8
BLACK
6
CONTINUOUS
10
1.5199602362204725
20
1.295964527559055
11
1.5197234251968503
21
1.2959390551181103
0
LINE
8
BLACK
6
CONTINUOUS
10
1.5197234251968503
20
1.2959390551181103
11
1.5165672047244094
21
1.2955997637795276
0
LINE
8
BLACK
6
CONTINUOUS
10
1.5165672047244094
20
1.2955997637795276
11
1.5145064960629921
21
1.2951514960629922
0
LINE
8
BLACK
6
CONTINUOUS
10
1.5145064960629921
20
1.2951514960629922
11
1.5141528346456692
21
1.2950393700787401
0
LINE
8
BLACK
6
CONTINUOUS
10
1.5141528346456692
20
1.2950393700787401
11
1.511685433070866
21
1.2942570866141732
0
LINE
8
BLACK
6
CONTINUOUS
10
1.511685433070866
20
1.2942570866141732
11
1.5074453937007875
21
1.2916169685039369
0
LINE
8
BLACK
6
CONTINUOUS
10
1.5074453937007875
20
1.2916169685039369
11
1.5074452362204724
21
1.2916168503937007
0
LINE
8
BLACK
6
CONTINUOUS
10
1.5074452362204724
20
1.2916168503937007
11
1.5053331496062992
21
1.2897867322834646
0
LINE
8
BLACK
6
CONTINUOUS
10
1.5053331496062992
20
1.2897867322834646
11
1.5053330314960629
21
1.2897866141732284
0
LINE
8
BLACK
6
CONTINUOUS
10
1.5053330314960629
20
1.2897866141732284
11
1.5053329527559054
21
1.2897865354330709
0
LINE
8
BLACK
6
CONTINUOUS
10
1.5053329527559054
20
1.2897865354330709
11
1.5026091732283464
21
1.2867323622047244
0
LINE
8
BLACK
6
CONTINUOUS
10
1.5026091732283464
20
1.2867323622047244
11
1.5026091338582677
21
1.2867322834645669
0
LINE
8
BLACK
6
CONTINUOUS
10
1.5026091338582677
20
1.2867322834645669
11
1.5026090551181102
21
1.2867322047244094
0
LINE
8
BLACK
6
CONTINUOUS
10
1.5026090551181102
20
1.2867322047244094
11
1.5004695275590552
21
1.2822189763779528
0
LINE
8
BLACK
6
CONTINUOUS
10
1.5004695275590552
20
1.2822189763779528
11
1.5004695275590552
21
1.282218937007874
0
LINE
8
BLACK
6
CONTINUOUS
10
1.5004695275590552
20
1.282218937007874
11
1.5003110236220472
21
1.2816791338582676
0
LINE
8
BLACK
6
CONTINUOUS
10
1.5003110236220472
20
1.2816791338582676
11
1.4999712598425197
21
1.2808245669291338
0
LINE
8
BLACK
6
CONTINUOUS
10
1.4999712598425197
20
1.2808245669291338
11
1.4995171259842519
21
1.2799333464566929
0
LINE
8
BLACK
6
CONTINUOUS
10
1.4995171259842519
20
1.2799333464566929
11
1.4995170866141732
21
1.2799332677165354
0
LINE
8
BLACK
6
CONTINUOUS
10
1.4995170866141732
20
1.2799332677165354
11
1.4995170866141732
21
1.2799332283464566
0
LINE
8
BLACK
6
CONTINUOUS
10
1.4995170866141732
20
1.2799332283464566
11
1.4989322834645669
21
1.2762409055118109
0
LINE
8
BLACK
6
CONTINUOUS
10
1.4989322834645669
20
1.2762409055118109
11
1.4989322834645669
21
1.2762407480314961
0
LINE
8
BLACK
6
CONTINUOUS
10
1.4989322834645669
20
1.2762407480314961
11
1.4989322834645669
21
1.1753593307086614
0
LINE
8
BLACK
6
CONTINUOUS
10
1.4989322834645669
20
1.1753593307086614
11
1.4989323228346456
21
1.1753591338582676
0
LINE
8
BLACK
6
CONTINUOUS
10
1.4989323228346456
20
1.1753591338582676
11
1.4989744094488189
21
1.1750931889763778
0
LINE
8
BLACK
6
CONTINUOUS
10
1.4989744094488189
20
1.1750931889763778
11
1.4990354330708662
21
1.174317716535433
0
LINE
8
BLACK
6
CONTINUOUS
10
1.4990354330708662
20
1.174317716535433
11
1.4990354330708662
21
1.1409251968503937
0
LINE
8
BLACK
6
CONTINUOUS
10
1.4990354330708662
20
1.1409251968503937
11
1.4982479527559054
21
1.1382432677165355
0
LINE
8
BLACK
6
CONTINUOUS
10
1.4982479527559054
20
1.1382432677165355
11
1.4961355118110236
21
1.1364128346456692
0
LINE
8
BLACK
6
CONTINUOUS
10
1.4961355118110236
20
1.1364128346456692
11
1.4940748031496063
21
1.1359645669291338
0
LINE
8
BLACK
6
CONTINUOUS
10
1.4940748031496063
20
1.1359645669291338
11
1.1670542519685039
21
1.1359645669291338
0
LINE
8
BLACK
6
CONTINUOUS
10
1.1670542519685039
20
1.1359645669291338
11
1.1653491338582678
21
1.1358731496062993
0
LINE
8
BLACK
6
CONTINUOUS
10
1.1653491338582678
20
1.1358731496062993
11
1.1653490157480315
21
1.1358731102362205
0
LINE
8
BLACK
6
CONTINUOUS
10
1.1653490157480315
20
1.1358731102362205
11
1.1653484645669292
21
1.1358731102362205
0
LINE
8
BLACK
6
CONTINUOUS
10
1.1653484645669292
20
1.1358731102362205
11
1.1653477559055119
21
1.135873031496063
0
LINE
8
BLACK
6
CONTINUOUS
10
1.1653477559055119
20
1.135873031496063
11
1.1653472440944881
21
1.1358729921259842
0
LINE
8
BLACK
6
CONTINUOUS
10
1.1653472440944881
20
1.1358729921259842
11
1.16429437007874
21
1.1357598031496063
0
LINE
8
BLACK
6
CONTINUOUS
10
1.16429437007874
20
1.1357598031496063
11
1.1642940157480315
21
1.1357597637795276
0
LINE
8
BLACK
6
CONTINUOUS
10
1.1642940157480315
20
1.1357597637795276
11
1.1630533858267715
21
1.1355768897637795
0
LINE
8
BLACK
6
CONTINUOUS
10
1.1630533858267715
20
1.1355768897637795
11
1.1583490944881889
21
1.1338983070866142
0
LINE
8
BLACK
6
CONTINUOUS
10
1.1583490944881889
20
1.1338983070866142
11
1.1558958661417322
21
1.1325587007874016
0
LINE
8
BLACK
6
CONTINUOUS
10
1.1558958661417322
20
1.1325587007874016
11
1.1558957086614172
21
1.1325585826771654
0
LINE
8
BLACK
6
CONTINUOUS
10
1.1558957086614172
20
1.1325585826771654
11
1.1558955118110237
21
1.1325584645669291
0
LINE
8
BLACK
6
CONTINUOUS
10
1.1558955118110237
20
1.1325584645669291
11
1.1522585826771654
21
1.1298358661417323
0
LINE
8
BLACK
6
CONTINUOUS
10
1.1522585826771654
20
1.1298358661417323
11
1.1522582283464566
21
1.1298355511811022
0
LINE
8
BLACK
6
CONTINUOUS
10
1.1522582283464566
20
1.1298355511811022
11
1.080164842519685
21
1.0577422047244094
0
LINE
8
BLACK
6
CONTINUOUS
10
1.080164842519685
20
1.0577422047244094
11
1.0801644881889763
21
1.0577418110236221
0
LINE
8
BLACK
6
CONTINUOUS
10
1.0801644881889763
20
1.0577418110236221
11
1.0801642913385827
21
1.0577416141732283
0
LINE
8
BLACK
6
CONTINUOUS
10
1.0801642913385827
20
1.0577416141732283
11
1.0790226771653544
21
1.0564707086614173
0
LINE
8
BLACK
6
CONTINUOUS
10
1.0790226771653544
20
1.0564707086614173
11
1.0790221259842518
21
1.0564700787401575
0
LINE
8
BLACK
6
CONTINUOUS
10
1.0790221259842518
20
1.0564700787401575
11
1.0783569685039369
21
1.0556447244094489
0
LINE
8
BLACK
6
CONTINUOUS
10
1.0783569685039369
20
1.0556447244094489
11
1.0776092125984251
21
1.0546383858267716
0
LINE
8
BLACK
6
CONTINUOUS
10
1.0776092125984251
20
1.0546383858267716
11
1.0776091338582676
21
1.0546381889763778
0
LINE
8
BLACK
6
CONTINUOUS
10
1.0776091338582676
20
1.0546381889763778
11
1.0754696456692914
21
1.0501251968503937
0
LINE
8
BLACK
6
CONTINUOUS
10
1.0754696456692914
20
1.0501251968503937
11
1.0754696062992126
21
1.0501250787401575
0
LINE
8
BLACK
6
CONTINUOUS
10
1.0754696062992126
20
1.0501250787401575
11
1.0754695669291339
21
1.0501249212598425
0
LINE
8
BLACK
6
CONTINUOUS
10
1.0754695669291339
20
1.0501249212598425
11
1.0746820866141733
21
1.0474429921259842
0
LINE
8
BLACK
6
CONTINUOUS
10
1.0746820866141733
20
1.0474429921259842
11
1.0740354330708661
21
1.0429452755905511
0
LINE
8
BLACK
6
CONTINUOUS
10
1.0740354330708661
20
1.0429452755905511
11
1.0740354330708661
21
1.042945157480315
0
LINE
8
BLACK
6
CONTINUOUS
10
1.0740354330708661
20
1.042945157480315
11
1.0740354330708661
21
1.0372932283464567
0
LINE
8
BLACK
6
CONTINUOUS
10
1.0740354330708661
20
1.0372932283464567
11
1.0732479527559056
21
1.0346112992125984
0
LINE
8
BLACK
6
CONTINUOUS
10
1.0732479527559056
20
1.0346112992125984
11
1.0711355118110235
21
1.0327808661417324
0
LINE
8
BLACK
6
CONTINUOUS
10
1.0711355118110235
20
1.0327808661417324
11
1.0683688188976377
21
1.0323830708661417
0
LINE
8
BLACK
6
CONTINUOUS
10
1.0683688188976377
20
1.0323830708661417
11
1.0658262992125984
21
1.0335442519685039
0
LINE
8
BLACK
6
CONTINUOUS
10
1.0658262992125984
20
1.0335442519685039
11
1.0653257874015747
21
1.0340447244094488
0
LINE
8
BLACK
6
CONTINUOUS
10
1.0653257874015747
20
1.0340447244094488
11
1.0647867322834645
21
1.0346668110236221
0
LINE
8
BLACK
6
CONTINUOUS
10
1.0647867322834645
20
1.0346668110236221
11
1.0647865354330708
21
1.0346670472440944
0
LINE
8
BLACK
6
CONTINUOUS
10
1.0647865354330708
20
1.0346670472440944
11
1.0617323622047243
21
1.0373908267716536
0
LINE
8
BLACK
6
CONTINUOUS
10
1.0617323622047243
20
1.0373908267716536
11
1.058118031496063
21
1.0391042519685039
0
LINE
8
BLACK
6
CONTINUOUS
10
1.058118031496063
20
1.0391042519685039
11
1.0572192913385827
21
1.0395303149606299
0
LINE
8
BLACK
6
CONTINUOUS
10
1.0572192913385827
20
1.0395303149606299
11
1.0572191732283465
21
1.0395303543307086
0
LINE
8
BLACK
6
CONTINUOUS
10
1.0572191732283465
20
1.0395303543307086
11
1.0572190157480315
21
1.0395304330708661
0
LINE
8
BLACK
6
CONTINUOUS
10
1.0572190157480315
20
1.0395304330708661
11
1.0545370866141732
21
1.0403179133858267
0
LINE
8
BLACK
6
CONTINUOUS
10
1.0545370866141732
20
1.0403179133858267
11
1.05003937007874
21
1.0409645669291339
0
LINE
8
BLACK
6
CONTINUOUS
10
1.05003937007874
20
1.0409645669291339
11
0.9599606299212599
21
1.0409645669291339
0
LINE
8
BLACK
6
CONTINUOUS
10
0.9599606299212599
20
1.0409645669291339
11
0.9599602755905512
21
1.0409645275590551
0
LINE
8
BLACK
6
CONTINUOUS
10
0.9599602755905512
20
1.0409645275590551
11
0.9599602362204724
21
1.0409645275590551
0
LINE
8
BLACK
6
CONTINUOUS
10
0.9599602362204724
20
1.0409645275590551
11
0.9597234251968504
21
1.0409390551181101
0
LINE
8
BLACK
6
CONTINUOUS
10
0.9597234251968504
20
1.0409390551181101
11
0.9565672047244095
21
1.0405997637795275
0
LINE
8
BLACK
6
CONTINUOUS
10
0.9565672047244095
20
1.0405997637795275
11
0.9545064960629921
21
1.0401514960629921
0
LINE
8
BLACK
6
CONTINUOUS
10
0.9545064960629921
20
1.0401514960629921
11
0.9545062598425197
21
1.0401514173228346
0
LINE
8
BLACK
6
CONTINUOUS
10
0.9545062598425197
20
1.0401514173228346
11
0.9516854330708662
21
1.0392570866141733
0
LINE
8
BLACK
6
CONTINUOUS
10
0.9516854330708662
20
1.0392570866141733
11
0.9474453937007874
21
1.036616968503937
0
LINE
8
BLACK
6
CONTINUOUS
10
0.9474453937007874
20
1.036616968503937
11
0.9474452362204724
21
1.0366168503937008
0
LINE
8
BLACK
6
CONTINUOUS
10
0.9474452362204724
20
1.0366168503937008
11
0.9453329921259842
21
1.0347865748031495
0
LINE
8
BLACK
6
CONTINUOUS
10
0.9453329921259842
20
1.0347865748031495
11
0.9453329527559055
21
1.0347865354330708
0
LINE
8
BLACK
6
CONTINUOUS
10
0.9453329527559055
20
1.0347865354330708
11
0.9432056299212598
21
1.0324011811023621
0
LINE
8
BLACK
6
CONTINUOUS
10
0.9432056299212598
20
1.0324011811023621
11
0.9408329921259843
21
1.0309238188976377
0
LINE
8
BLACK
6
CONTINUOUS
10
0.9408329921259843
20
1.0309238188976377
11
0.9380381496062992
21
1.0309637007874015
0
LINE
8
BLACK
6
CONTINUOUS
10
0.9380381496062992
20
1.0309637007874015
11
0.9357085433070866
21
1.0325082677165354
0
LINE
8
BLACK
6
CONTINUOUS
10
0.9357085433070866
20
1.0325082677165354
11
0.9348314173228346
21
1.0340357086614174
0
LINE
8
BLACK
6
CONTINUOUS
10
0.9348314173228346
20
1.0340357086614174
11
0.9338983070866141
21
1.0366509055118109
0
LINE
8
BLACK
6
CONTINUOUS
10
0.9338983070866141
20
1.0366509055118109
11
0.9325587007874016
21
1.0391041338582676
0
LINE
8
BLACK
6
CONTINUOUS
10
0.9325587007874016
20
1.0391041338582676
11
0.9298357086614173
21
1.0427416141732284
0
LINE
8
BLACK
6
CONTINUOUS
10
0.9298357086614173
20
1.0427416141732284
11
0.8477416141732284
21
1.1248357086614174
0
LINE
8
BLACK
6
CONTINUOUS
10
0.8477416141732284
20
1.1248357086614174
11
0.8464706299212599
21
1.1259774015748032
0
LINE
8
BLACK
6
CONTINUOUS
10
0.8464706299212599
20
1.1259774015748032
11
0.8456448818897637
21
1.1266428740157479
0
LINE
8
BLACK
6
CONTINUOUS
10
0.8456448818897637
20
1.1266428740157479
11
0.8456447244094488
21
1.1266429921259842
0
LINE
8
BLACK
6
CONTINUOUS
10
0.8456447244094488
20
1.1266429921259842
11
0.8446383858267716
21
1.127390748031496
0
LINE
8
BLACK
6
CONTINUOUS
10
0.8446383858267716
20
1.127390748031496
11
0.8446383464566929
21
1.127390748031496
0
LINE
8
BLACK
6
CONTINUOUS
10
0.8446383464566929
20
1.127390748031496
11
0.8446382677165354
21
1.1273908267716535
0
LINE
8
BLACK
6
CONTINUOUS
10
0.8446382677165354
20
1.1273908267716535
11
0.8412598031496062
21
1.1289924015748032
0
LINE
8
BLACK
6
CONTINUOUS
10
0.8412598031496062
20
1.1289924015748032
11
0.8401251968503937
21
1.1295303149606299
0
LINE
8
BLACK
6
CONTINUOUS
10
0.8401251968503937
20
1.1295303149606299
11
0.8401250787401575
21
1.1295303543307087
0
LINE
8
BLACK
6
CONTINUOUS
10
0.8401250787401575
20
1.1295303543307087
11
0.8401249212598425
21
1.1295304330708662
0
LINE
8
BLACK
6
CONTINUOUS
10
0.8401249212598425
20
1.1295304330708662
11
0.8374429921259843
21
1.1303179133858268
0
LINE
8
BLACK
6
CONTINUOUS
10
0.8374429921259843
20
1.1303179133858268
11
0.8329452755905512
21
1.1309645669291339
0
LINE
8
BLACK
6
CONTINUOUS
10
0.8329452755905512
20
1.1309645669291339
11
0.8329451574803149
21
1.1309645669291339
0
LINE
8
BLACK
6
CONTINUOUS
10
0.8329451574803149
20
1.1309645669291339
11
0.8200755511811023
21
1.1309645669291339
0
LINE
8
BLACK
6
CONTINUOUS
10
0.8200755511811023
20
1.1309645669291339
11
0.8200396062992126
21
1.13096468503937
0
LINE
8
BLACK
6
CONTINUOUS
10
0.8200396062992126
20
1.13096468503937
11
0.81999968503937
21
1.1309649606299212
0
LINE
8
BLACK
6
CONTINUOUS
10
0.81999968503937
20
1.1309649606299212
11
0.5617598818897638
21
1.1328361811023622
0
LINE
8
BLACK
6
CONTINUOUS
10
0.5617598818897638
20
1.1328361811023622
11
0.5590838582677166
21
1.1336430708661418
0
LINE
8
BLACK
6
CONTINUOUS
10
0.5590838582677166
20
1.1336430708661418
11
0.5582882677165354
21
1.1342890157480314
0
LINE
8
BLACK
6
CONTINUOUS
10
0.5582882677165354
20
1.1342890157480314
11
0.5274175196850394
21
1.1651597637795275
0
LINE
8
BLACK
6
CONTINUOUS
10
0.5274175196850394
20
1.1651597637795275
11
0.5260779133858268
21
1.1676129921259841
0
LINE
8
BLACK
6
CONTINUOUS
10
0.5260779133858268
20
1.1676129921259841
11
0.5259645669291338
21
1.1686674409448818
0
LINE
8
BLACK
6
CONTINUOUS
10
0.5259645669291338
20
1.1686674409448818
11
0.5259645669291338
21
1.2950391338582676
0
LINE
8
BLACK
6
CONTINUOUS
10
0.5259645669291338
20
1.2950391338582676
11
0.5259645275590551
21
1.2950397244094487
0
LINE
8
BLACK
6
CONTINUOUS
10
0.5259645275590551
20
1.2950397244094487
11
0.5259043307086614
21
1.2955997637795276
0
LINE
8
BLACK
6
CONTINUOUS
10
0.5259043307086614
20
1.2955997637795276
11
0.5255997637795276
21
1.2984327952755905
0
LINE
8
BLACK
6
CONTINUOUS
10
0.5255997637795276
20
1.2984327952755905
11
0.5251514960629922
21
1.3004935039370078
0
LINE
8
BLACK
6
CONTINUOUS
10
0.5251514960629922
20
1.3004935039370078
11
0.5242570866141733
21
1.3033145669291337
0
LINE
8
BLACK
6
CONTINUOUS
10
0.5242570866141733
20
1.3033145669291337
11
0.521616968503937
21
1.3075546062992125
0
LINE
8
BLACK
6
CONTINUOUS
10
0.521616968503937
20
1.3075546062992125
11
0.5197865354330709
21
1.3096670472440946
0
LINE
8
BLACK
6
CONTINUOUS
10
0.5197865354330709
20
1.3096670472440946
11
0.5167323622047244
21
1.3123908267716535
0
LINE
8
BLACK
6
CONTINUOUS
10
0.5167323622047244
20
1.3123908267716535
11
0.5167322047244094
21
1.312390905511811
0
LINE
8
BLACK
6
CONTINUOUS
10
0.5167322047244094
20
1.312390905511811
11
0.5122192913385827
21
1.31453031496063
0
LINE
8
BLACK
6
CONTINUOUS
10
0.5122192913385827
20
1.31453031496063
11
0.5122191732283464
21
1.3145303543307085
0
LINE
8
BLACK
6
CONTINUOUS
10
0.5122191732283464
20
1.3145303543307085
11
0.5122190157480315
21
1.314530433070866
0
LINE
8
BLACK
6
CONTINUOUS
10
0.5122190157480315
20
1.314530433070866
11
0.5095370866141732
21
1.3153179133858268
0
LINE
8
BLACK
6
CONTINUOUS
10
0.5095370866141732
20
1.3153179133858268
11
0.5050393700787401
21
1.3159645669291338
0
LINE
8
BLACK
6
CONTINUOUS
10
0.5050393700787401
20
1.3159645669291338
11
0.4149606299212598
21
1.3159645669291338
0
LINE
8
BLACK
6
CONTINUOUS
10
0.4149606299212598
20
1.3159645669291338
11
0.4149602755905512
21
1.315964527559055
0
LINE
8
BLACK
6
CONTINUOUS
10
0.4149602755905512
20
1.315964527559055
11
0.4149602362204725
21
1.315964527559055
0
LINE
8
BLACK
6
CONTINUOUS
10
0.4149602362204725
20
1.315964527559055
11
0.4147234251968504
21
1.3159390551181103
0
LINE
8
BLACK
6
CONTINUOUS
10
0.4147234251968504
20
1.3159390551181103
11
0.4115672047244094
21
1.3155997637795276
0
LINE
8
BLACK
6
CONTINUOUS
10
0.4115672047244094
20
1.3155997637795276
11
0.4095064960629921
21
1.3151514960629922
0
LINE
8
BLACK
6
CONTINUOUS
10
0.4095064960629921
20
1.3151514960629922
11
0.4095061417322834
21
1.3151513779527559
0
LINE
8
BLACK
6
CONTINUOUS
10
0.4095061417322834
20
1.3151513779527559
11
0.4094048031496063
21
1.3151243700787401
0
LINE
8
BLACK
6
CONTINUOUS
10
0.4094048031496063
20
1.3151243700787401
11
0.4085154330708661
21
1.3149720866141732
0
LINE
8
BLACK
6
CONTINUOUS
10
0.4085154330708661
20
1.3149720866141732
11
0.4084595275590551
21
1.3149676771653542
0
LINE
8
BLACK
6
CONTINUOUS
10
0.4084595275590551
20
1.3149676771653542
11
0.4084591338582677
21
1.3149676771653542
0
LINE
8
BLACK
6
CONTINUOUS
10
0.4084591338582677
20
1.3149676771653542
11
0.4047667716535433
21
1.3143829133858267
0
LINE
8
BLACK
6
CONTINUOUS
10
0.4047667716535433
20
1.3143829133858267
11
0.4025416141732283
21
1.3132491338582677
0
LINE
8
BLACK
6
CONTINUOUS
10
0.4025416141732283
20
1.3132491338582677
11
0.4003164173228346
21
1.3121153543307087
0
LINE
8
BLACK
6
CONTINUOUS
10
0.4003164173228346
20
1.3121153543307087
11
0.3967846062992126
21
1.3085835433070865
0
LINE
8
BLACK
6
CONTINUOUS
10
0.3967846062992126
20
1.3085835433070865
11
0.3952632677165354
21
1.3055977165354331
0
LINE
8
BLACK
6
CONTINUOUS
10
0.3952632677165354
20
1.3055977165354331
11
0.3945170866141732
21
1.3041332283464566
0
LINE
8
BLACK
6
CONTINUOUS
10
0.3945170866141732
20
1.3041332283464566
11
0.3939322834645669
21
1.3004409055118109
0
LINE
8
BLACK
6
CONTINUOUS
10
0.3939322834645669
20
1.3004409055118109
11
0.3939322834645669
21
1.3004407480314961
0
LINE
8
BLACK
6
CONTINUOUS
10
0.3939322834645669
20
1.3004407480314961
11
0.3939322834645669
21
1.1995593307086614
0
LINE
8
BLACK
6
CONTINUOUS
10
0.3939322834645669
20
1.1995593307086614
11
0.3939323228346457
21
1.1995591338582676
0
LINE
8
BLACK
6
CONTINUOUS
10
0.3939323228346457
20
1.1995591338582676
11
0.3939744094488189
21
1.1992931889763778
0
LINE
8
BLACK
6
CONTINUOUS
10
0.3939744094488189
20
1.1992931889763778
11
0.3940354330708661
21
1.198517716535433
0
LINE
8
BLACK
6
CONTINUOUS
10
0.3940354330708661
20
1.198517716535433
11
0.3940354330708661
21
1.1936674803149605
0
LINE
8
BLACK
6
CONTINUOUS
10
0.3940354330708661
20
1.1936674803149605
11
0.3932479527559055
21
1.1909855511811023
0
LINE
8
BLACK
6
CONTINUOUS
10
0.3932479527559055
20
1.1909855511811023
11
0.3925824803149606
21
1.1901598031496063
0
LINE
8
BLACK
6
CONTINUOUS
10
0.3925824803149606
20
1.1901598031496063
11
0.389745
21
1.1873223228346457
0
LINE
8
BLACK
6
CONTINUOUS
10
0.389745
20
1.1873223228346457
11
0.3872917716535433
21
1.1859827165354331
0
LINE
8
BLACK
6
CONTINUOUS
10
0.3872917716535433
20
1.1859827165354331
11
0.384503779527559
21
1.186182125984252
0
LINE
8
BLACK
6
CONTINUOUS
10
0.384503779527559
20
1.186182125984252
11
0.3822661417322835
21
1.1878572047244094
0
LINE
8
BLACK
6
CONTINUOUS
10
0.3822661417322835
20
1.1878572047244094
11
0.3812893307086614
21
1.1904761023622048
0
LINE
8
BLACK
6
CONTINUOUS
10
0.3812893307086614
20
1.1904761023622048
11
0.3813078346456693
21
1.1913851574803149
0
LINE
8
BLACK
6
CONTINUOUS
10
0.3813078346456693
20
1.1913851574803149
11
0.3817151574803149
21
1.1950000000000001
0
LINE
8
BLACK
6
CONTINUOUS
10
0.3817151574803149
20
1.1950000000000001
11
0.38092
21
1.2020572834645669
0
LINE
8
BLACK
6
CONTINUOUS
10
0.38092
20
1.2020572834645669
11
0.3785743700787402
21
1.2087607086614174
0
LINE
8
BLACK
6
CONTINUOUS
10
0.3785743700787402
20
1.2087607086614174
11
0.374795905511811
21
1.2147740944881888
0
LINE
8
BLACK
6
CONTINUOUS
10
0.374795905511811
20
1.2147740944881888
11
0.369774094488189
21
1.2197959055118111
0
LINE
8
BLACK
6
CONTINUOUS
10
0.369774094488189
20
1.2197959055118111
11
0.3637607086614173
21
1.22357437007874
0
LINE
8
BLACK
6
CONTINUOUS
10
0.3637607086614173
20
1.22357437007874
11
0.3570572834645669
21
1.2259199999999999
0
LINE
8
BLACK
6
CONTINUOUS
10
0.3570572834645669
20
1.2259199999999999
11
0.35
21
1.226715157480315
0
LINE
8
BLACK
6
CONTINUOUS
10
0.35
20
1.226715157480315
11
0.3439109448818898
21
1.2260290551181101
0
LINE
8
BLACK
6
CONTINUOUS
10
0.3439109448818898
20
1.2260290551181101
11
0.3411579527559055
21
1.2265112992125984
0
LINE
8
BLACK
6
CONTINUOUS
10
0.3411579527559055
20
1.2265112992125984
11
0.3398481496062992
21
1.2274507086614173
0
LINE
8
BLACK
6
CONTINUOUS
10
0.3398481496062992
20
1.2274507086614173
11
0.3368835433070866
21
1.2304153543307086
0
LINE
8
BLACK
6
CONTINUOUS
10
0.3368835433070866
20
1.2304153543307086
11
0.3324332283464567
21
1.2326829133858268
0
LINE
8
BLACK
6
CONTINUOUS
10
0.3324332283464567
20
1.2326829133858268
11
0.328740905511811
21
1.2332677165354331
0
LINE
8
BLACK
6
CONTINUOUS
10
0.328740905511811
20
1.2332677165354331
11
0.2912591338582677
21
1.2332676771653543
0
LINE
8
BLACK
6
CONTINUOUS
10
0.2912591338582677
20
1.2332676771653543
11
0.2875667716535433
21
1.2326829133858268
0
LINE
8
BLACK
6
CONTINUOUS
10
0.2875667716535433
20
1.2326829133858268
11
0.2858611023622047
21
1.2318138188976377
0
LINE
8
BLACK
6
CONTINUOUS
10
0.2858611023622047
20
1.2318138188976377
11
0.2831164173228347
21
1.2304153543307086
0
LINE
8
BLACK
6
CONTINUOUS
10
0.2831164173228347
20
1.2304153543307086
11
0.2795846062992126
21
1.2268835433070866
0
LINE
8
BLACK
6
CONTINUOUS
10
0.2795846062992126
20
1.2268835433070866
11
0.2773170866141732
21
1.2224332283464567
0
LINE
8
BLACK
6
CONTINUOUS
10
0.2773170866141732
20
1.2224332283464567
11
0.277217874015748
21
1.2221278346456692
0
LINE
8
BLACK
6
CONTINUOUS
10
0.277217874015748
20
1.2221278346456692
11
0.2756401968503937
21
1.2198205118110237
0
LINE
8
BLACK
6
CONTINUOUS
10
0.2756401968503937
20
1.2198205118110237
11
0.2730655511811024
21
1.2187324015748031
0
LINE
8
BLACK
6
CONTINUOUS
10
0.2730655511811024
20
1.2187324015748031
11
0.2703113385826771
21
1.2192089763779528
0
LINE
8
BLACK
6
CONTINUOUS
10
0.2703113385826771
20
1.2192089763779528
11
0.2682520078740158
21
1.221098937007874
0
LINE
8
BLACK
6
CONTINUOUS
10
0.2682520078740158
20
1.221098937007874
11
0.2677821259842519
21
1.2221278346456692
0
LINE
8
BLACK
6
CONTINUOUS
10
0.2677821259842519
20
1.2221278346456692
11
0.2676829133858268
21
1.2224329527559055
0
LINE
8
BLACK
6
CONTINUOUS
10
0.2676829133858268
20
1.2224329527559055
11
0.2676829133858268
21
1.2224332283464567
0
LINE
8
BLACK
6
CONTINUOUS
10
0.2676829133858268
20
1.2224332283464567
11
0.2654153543307087
21
1.2268835433070866
0
LINE
8
BLACK
6
CONTINUOUS
10
0.2654153543307087
20
1.2268835433070866
11
0.2618835433070866
21
1.2304153543307086
0
LINE
8
BLACK
6
CONTINUOUS
10
0.2618835433070866
20
1.2304153543307086
11
0.2574332283464567
21
1.2326829133858268
0
LINE
8
BLACK
6
CONTINUOUS
10
0.2574332283464567
20
1.2326829133858268
11
0.253740905511811
21
1.2332677165354331
0
LINE
8
BLACK
6
CONTINUOUS
10
0.253740905511811
20
1.2332677165354331
11
0.2162591338582677
21
1.2332676771653543
0
LINE
8
BLACK
6
CONTINUOUS
10
0.2162591338582677
20
1.2332676771653543
11
0.2125667716535433
21
1.2326829133858268
0
LINE
8
BLACK
6
CONTINUOUS
10
0.2125667716535433
20
1.2326829133858268
11
0.2108611023622047
21
1.2318138188976377
0
LINE
8
BLACK
6
CONTINUOUS
10
0.2108611023622047
20
1.2318138188976377
11
0.2081164173228346
21
1.2304153543307086
0
LINE
8
BLACK
6
CONTINUOUS
10
0.2081164173228346
20
1.2304153543307086
11
0.2060076771653543
21
1.2283066141732284
0
LINE
8
BLACK
6
CONTINUOUS
10
0.2060076771653543
20
1.2283066141732284
11
0.2035544488188976
21
1.2269670078740158
0
LINE
8
BLACK
6
CONTINUOUS
10
0.2035544488188976
20
1.2269670078740158
11
0.2007664566929134
21
1.2271664173228347
0
LINE
8
BLACK
6
CONTINUOUS
10
0.2007664566929134
20
1.2271664173228347
11
0.1989923228346457
21
1.2283066141732284
0
LINE
8
BLACK
6
CONTINUOUS
10
0.1989923228346457
20
1.2283066141732284
11
0.1968836220472441
21
1.2304152755905511
0
LINE
8
BLACK
6
CONTINUOUS
10
0.1968836220472441
20
1.2304152755905511
11
0.1968835433070866
21
1.2304153543307086
0
LINE
8
BLACK
6
CONTINUOUS
10
0.1968835433070866
20
1.2304153543307086
11
0.1924332283464567
21
1.2326829133858268
0
LINE
8
BLACK
6
CONTINUOUS
10
0.1924332283464567
20
1.2326829133858268
11
0.188740905511811
21
1.2332677165354331
0
LINE
8
BLACK
6
CONTINUOUS
10
0.188740905511811
20
1.2332677165354331
11
0.1512591338582677
21
1.2332676771653543
0
LINE
8
BLACK
6
CONTINUOUS
10
0.1512591338582677
20
1.2332676771653543
11
0.1475667716535433
21
1.2326829133858268
0
LINE
8
BLACK
6
CONTINUOUS
10
0.1475667716535433
20
1.2326829133858268
11
0.1458611023622047
21
1.2318138188976377
0
LINE
8
BLACK
6
CONTINUOUS
10
0.1458611023622047
20
1.2318138188976377
11
0.1431164173228346
21
1.2304153543307086
0
LINE
8
BLACK
6
CONTINUOUS
10
0.1431164173228346
20
1.2304153543307086
11
0.1395846062992126
21
1.2268835433070866
0
LINE
8
BLACK
6
CONTINUOUS
10
0.1395846062992126
20
1.2268835433070866
11
0.1387181102362205
21
1.2251829133858267
0
LINE
8
BLACK
6
CONTINUOUS
10
0.1387181102362205
20
1.2251829133858267
11
0.1373170866141732
21
1.2224332283464567
0
LINE
8
BLACK
6
CONTINUOUS
10
0.1373170866141732
20
1.2224332283464567
11
0.1367322834645669
21
1.218740905511811
0
LINE
8
BLACK
6
CONTINUOUS
10
0.1367322834645669
20
1.218740905511811
11
0.1367322834645669
21
1.2187408661417323
0
LINE
8
BLACK
6
CONTINUOUS
10
0.1367322834645669
20
1.2187408661417323
11
0.1367322834645669
21
1.218740748031496
0
LINE
8
BLACK
6
CONTINUOUS
10
0.1367322834645669
20
1.218740748031496
11
0.1367322834645669
21
1.1612591732283464
0
LINE
8
BLACK
6
CONTINUOUS
10
0.1367322834645669
20
1.1612591732283464
11
0.1373170472440945
21
1.1575668110236219
0
LINE
8
BLACK
6
CONTINUOUS
10
0.1373170472440945
20
1.1575668110236219
11
0.1395846062992126
21
1.1531164173228345
0
LINE
8
BLACK
6
CONTINUOUS
10
0.1395846062992126
20
1.1531164173228345
11
0.1431164173228346
21
1.1495846062992126
0
LINE
8
BLACK
6
CONTINUOUS
10
0.1431164173228346
20
1.1495846062992126
11
0.1475666929133858
21
1.1473171259842518
0
LINE
8
BLACK
6
CONTINUOUS
10
0.1475666929133858
20
1.1473171259842518
11
0.1475667716535433
21
1.1473170866141733
0
LINE
8
BLACK
6
CONTINUOUS
10
0.1475667716535433
20
1.1473170866141733
11
0.151259094488189
21
1.1467322834645668
0
LINE
8
BLACK
6
CONTINUOUS
10
0.151259094488189
20
1.1467322834645668
11
0.1512591732283464
21
1.1467322834645668
0
LINE
8
BLACK
6
CONTINUOUS
10
0.1512591732283464
20
1.1467322834645668
11
0.1512592125984252
21
1.1467322834645668
0
LINE
8
BLACK
6
CONTINUOUS
10
0.1512592125984252
20
1.1467322834645668
11
0.1887407874015748
21
1.1467322834645668
0
LINE
8
BLACK
6
CONTINUOUS
10
0.1887407874015748
20
1.1467322834645668
11
0.1924331496062992
21
1.1473170472440946
0
LINE
8
BLACK
6
CONTINUOUS
10
0.1924331496062992
20
1.1473170472440946
11
0.1968835433070866
21
1.1495846062992126
0
LINE
8
BLACK
6
CONTINUOUS
10
0.1968835433070866
20
1.1495846062992126
11
0.1989923228346457
21
1.1516933858267717
0
LINE
8
BLACK
6
CONTINUOUS
10
0.1989923228346457
20
1.1516933858267717
11
0.2014455511811024
21
1.1530329921259843
0
LINE
8
BLACK
6
CONTINUOUS
10
0.2014455511811024
20
1.1530329921259843
11
0.2042335433070866
21
1.1528335826771654
0
LINE
8
BLACK
6
CONTINUOUS
10
0.2042335433070866
20
1.1528335826771654
11
0.2060076771653543
21
1.1516933858267717
0
LINE
8
BLACK
6
CONTINUOUS
10
0.2060076771653543
20
1.1516933858267717
11
0.2081163385826772
21
1.1495846850393701
0
LINE
8
BLACK
6
CONTINUOUS
10
0.2081163385826772
20
1.1495846850393701
11
0.2081164173228346
21
1.1495846062992126
0
LINE
8
BLACK
6
CONTINUOUS
10
0.2081164173228346
20
1.1495846062992126
11
0.2106182283464567
21
1.1483099212598424
0
LINE
8
BLACK
6
CONTINUOUS
10
0.2106182283464567
20
1.1483099212598424
11
0.2126503149606299
21
1.1463907086614173
0
LINE
8
BLACK
6
CONTINUOUS
10
0.2126503149606299
20
1.1463907086614173
11
0.2133267716535433
21
1.1438899606299213
0
LINE
8
BLACK
6
CONTINUOUS
10
0.2133267716535433
20
1.1438899606299213
11
0.2133267716535433
21
1.1407283070866141
0
LINE
8
BLACK
6
CONTINUOUS
10
0.2133267716535433
20
1.1407283070866141
11
0.2125392913385827
21
1.1380463779527559
0
LINE
8
BLACK
6
CONTINUOUS
10
0.2125392913385827
20
1.1380463779527559
11
0.2104268503937008
21
1.1362159448818898
0
LINE
8
BLACK
6
CONTINUOUS
10
0.2104268503937008
20
1.1362159448818898
11
0.2083661417322835
21
1.1357676771653542
0
LINE
8
BLACK
6
CONTINUOUS
10
0.2083661417322835
20
1.1357676771653542
11
0.1572436220472441
21
1.1357676771653542
0
LINE
8
BLACK
6
CONTINUOUS
10
0.1572436220472441
20
1.1357676771653542
11
0.1572076771653543
21
1.1357677952755905
0
LINE
8
BLACK
6
CONTINUOUS
10
0.1572076771653543
20
1.1357677952755905
11
0.1351122440944882
21
1.1359279133858267
0
LINE
8
BLACK
6
CONTINUOUS
10
0.1351122440944882
20
1.1359279133858267
11
0.1351122047244094
21
1.1359278740157479
0
LINE
8
BLACK
6
CONTINUOUS
10
0.1351122047244094
20
1.1359278740157479
11
0.1351120866141732
21
1.1359279133858267
0
LINE
8
BLACK
6
CONTINUOUS
10
0.1351120866141732
20
1.1359279133858267
11
0.1341126771653543
21
1.1358259448818897
0
LINE
8
BLACK
6
CONTINUOUS
10
0.1341126771653543
20
1.1358259448818897
11
0.1337926377952756
21
1.1357932677165354
0
LINE
8
BLACK
6
CONTINUOUS
10
0.1337926377952756
20
1.1357932677165354
11
0.1332892519685039
21
1.1357676771653542
0
LINE
8
BLACK
6
CONTINUOUS
10
0.1332892519685039
20
1.1357676771653542
11
0.1319087401574803
21
1.1357676771653542
0
LINE
8
BLACK
6
CONTINUOUS
10
0.1319087401574803
20
1.1357676771653542
11
0.1282163779527559
21
1.1351829133858267
0
LINE
8
BLACK
6
CONTINUOUS
10
0.1282163779527559
20
1.1351829133858267
11
0.123766062992126
21
1.1329153543307087
0
LINE
8
BLACK
6
CONTINUOUS
10
0.123766062992126
20
1.1329153543307087
11
0.1224668897637795
21
1.1316161811023622
0
LINE
8
BLACK
6
CONTINUOUS
10
0.1224668897637795
20
1.1316161811023622
11
0.1222082677165354
21
1.1313753937007873
0
LINE
8
BLACK
6
CONTINUOUS
10
0.1222082677165354
20
1.1313753937007873
11
0.1203329527559055
21
1.1297504330708661
0
LINE
8
BLACK
6
CONTINUOUS
10
0.1203329527559055
20
1.1297504330708661
11
0.1176091732283465
21
1.1266962598425196
0
LINE
8
BLACK
6
CONTINUOUS
10
0.1176091732283465
20
1.1266962598425196
11
0.1176091338582677
21
1.1266961811023621
0
LINE
8
BLACK
6
CONTINUOUS
10
0.1176091338582677
20
1.1266961811023621
11
0.1176090551181102
21
1.1266961023622046
0
LINE
8
BLACK
6
CONTINUOUS
10
0.1176090551181102
20
1.1266961023622046
11
0.1154696456692913
21
1.122183188976378
0
LINE
8
BLACK
6
CONTINUOUS
10
0.1154696456692913
20
1.122183188976378
11
0.1154696062992126
21
1.1221830708661418
0
LINE
8
BLACK
6
CONTINUOUS
10
0.1154696062992126
20
1.1221830708661418
11
0.1154695669291338
21
1.1221829133858268
0
LINE
8
BLACK
6
CONTINUOUS
10
0.1154695669291338
20
1.1221829133858268
11
0.1146820866141732
21
1.1195009842519685
0
LINE
8
BLACK
6
CONTINUOUS
10
0.1146820866141732
20
1.1195009842519685
11
0.1140406299212598
21
1.1150393700787402
0
LINE
8
BLACK
6
CONTINUOUS
10
0.1140406299212598
20
1.1150393700787402
11
0.1140354330708661
21
1.1150031496062991
0
LINE
8
BLACK
6
CONTINUOUS
10
0.1140354330708661
20
1.1150031496062991
11
0.1140354330708661
21
0.9699602362204724
0
LINE
8
BLACK
6
CONTINUOUS
10
0.1140354330708661
20
0.9699602362204724
11
0.1144002362204724
21
0.9665672047244094
0
LINE
8
BLACK
6
CONTINUOUS
10
0.1144002362204724
20
0.9665672047244094
11
0.1148485433070866
21
0.9645062598425197
0
LINE
8
BLACK
6
CONTINUOUS
10
0.1148485433070866
20
0.9645062598425197
11
0.115742874015748
21
0.9616854330708661
0
LINE
8
BLACK
6
CONTINUOUS
10
0.115742874015748
20
0.9616854330708661
11
0.1183829921259842
21
0.9574453937007874
0
LINE
8
BLACK
6
CONTINUOUS
10
0.1183829921259842
20
0.9574453937007874
11
0.1183831102362205
21
0.9574452362204724
0
LINE
8
BLACK
6
CONTINUOUS
10
0.1183831102362205
20
0.9574452362204724
11
0.1202133858267717
21
0.9553329527559055
0
LINE
8
BLACK
6
CONTINUOUS
10
0.1202133858267717
20
0.9553329527559055
11
0.1220588582677165
21
0.9536871653543307
0
LINE
8
BLACK
6
CONTINUOUS
10
0.1220588582677165
20
0.9536871653543307
11
0.1235362992125984
21
0.9513144094488188
0
LINE
8
BLACK
6
CONTINUOUS
10
0.1235362992125984
20
0.9513144094488188
11
0.1234963779527559
21
0.9485195275590551
0
LINE
8
BLACK
6
CONTINUOUS
10
0.1234963779527559
20
0.9485195275590551
11
0.1220056692913386
21
0.9462359842519685
0
LINE
8
BLACK
6
CONTINUOUS
10
0.1220056692913386
20
0.9462359842519685
11
0.1210095275590551
21
0.9453727952755905
0
LINE
8
BLACK
6
CONTINUOUS
10
0.1210095275590551
20
0.9453727952755905
11
0.1203329527559055
21
0.9447865354330709
0
LINE
8
BLACK
6
CONTINUOUS
10
0.1203329527559055
20
0.9447865354330709
11
0.1176091732283465
21
0.9417323622047243
0
LINE
8
BLACK
6
CONTINUOUS
10
0.1176091732283465
20
0.9417323622047243
11
0.1176091338582677
21
0.9417322834645669
0
LINE
8
BLACK
6
CONTINUOUS
10
0.1176091338582677
20
0.9417322834645669
11
0.1176090551181102
21
0.9417322047244094
0
LINE
8
BLACK
6
CONTINUOUS
10
0.1176090551181102
20
0.9417322047244094
11
0.1154696456692913
21
0.9372192913385826
0
LINE
8
BLACK
6
CONTINUOUS
10
0.1154696456692913
20
0.9372192913385826
11
0.1154696062992126
21
0.9372191732283465
0
LINE
8
BLACK
6
CONTINUOUS
10
0.1154696062992126
20
0.9372191732283465
11
0.1154695669291338
21
0.9372190157480315
0
LINE
8
BLACK
6
CONTINUOUS
10
0.1154695669291338
20
0.9372190157480315
11
0.1146820866141732
21
0.9345370866141732
0
LINE
8
BLACK
6
CONTINUOUS
10
0.1146820866141732
20
0.9345370866141732
11
0.1140354330708661
21
0.9300393700787402
0
LINE
8
BLACK
6
CONTINUOUS
10
0.1140354330708661
20
0.9300393700787402
11
0.1140354330708661
21
0.9300392519685039
0
LINE
8
BLACK
6
CONTINUOUS
10
0.1140354330708661
20
0.9300392519685039
11
0.1140354330708661
21
0.7799602362204724
0
LINE
8
BLACK
6
CONTINUOUS
10
0.1140354330708661
20
0.7799602362204724
11
0.1144002362204724
21
0.7765672047244094
0
LINE
8
BLACK
6
CONTINUOUS
10
0.6507676771653543
20
1.3862408661417323
11
0.6501829133858268
21
1.3899332283464567
0
LINE
8
BLACK
6
CONTINUOUS
10
0.6501829133858268
20
1.3899332283464567
11
0.6479153543307087
21
1.3943835433070866
0
LINE
8
BLACK
6
CONTINUOUS
10
0.6479153543307087
20
1.3943835433070866
11
0.6443835433070866
21
1.3979153543307086
0
LINE
8
BLACK
6
CONTINUOUS
10
0.6443835433070866
20
1.3979153543307086
11
0.6399332283464567
21
1.4001829133858268
0
LINE
8
BLACK
6
CONTINUOUS
10
0.6399332283464567
20
1.4001829133858268
11
0.639932716535433
21
1.4001829527559055
0
LINE
8
BLACK
6
CONTINUOUS
10
0.639932716535433
20
1.4001829527559055
11
0.6396280708661417
21
1.4002820078740157
0
LINE
8
BLACK
6
CONTINUOUS
10
0.6396280708661417
20
1.4002820078740157
11
0.6373206692913386
21
1.4018595275590551
0
LINE
8
BLACK
6
CONTINUOUS
10
0.6373206692913386
20
1.4018595275590551
11
0.6362324015748031
21
1.4044341338582678
0
LINE
8
BLACK
6
CONTINUOUS
10
0.6362324015748031
20
1.4044341338582678
11
0.6367088582677165
21
1.4071883858267715
0
LINE
8
BLACK
6
CONTINUOUS
10
0.6367088582677165
20
1.4071883858267715
11
0.6385987007874016
21
1.4092477952755904
0
LINE
8
BLACK
6
CONTINUOUS
10
0.6385987007874016
20
1.4092477952755904
11
0.6396275984251968
21
1.4097177559055118
0
LINE
8
BLACK
6
CONTINUOUS
10
0.6396275984251968
20
1.4097177559055118
11
0.6399331102362205
21
1.4098170078740158
0
LINE
8
BLACK
6
CONTINUOUS
10
0.6399331102362205
20
1.4098170078740158
11
0.6443835433070866
21
1.4120846062992125
0
LINE
8
BLACK
6
CONTINUOUS
10
0.6443835433070866
20
1.4120846062992125
11
0.6479153543307087
21
1.4156164173228347
0
LINE
8
BLACK
6
CONTINUOUS
10
0.6479153543307087
20
1.4156164173228347
11
0.6486904724409449
21
1.4171377559055118
0
LINE
8
BLACK
6
CONTINUOUS
10
0.6486904724409449
20
1.4171377559055118
11
0.6501829133858268
21
1.4200667716535433
0
LINE
8
BLACK
6
CONTINUOUS
10
0.6501829133858268
20
1.4200667716535433
11
0.6507677165354331
21
1.423759094488189
0
LINE
8
BLACK
6
CONTINUOUS
10
0.6507677165354331
20
1.423759094488189
11
0.6507676771653543
21
1.4862408661417323
0
LINE
8
BLACK
6
CONTINUOUS
10
0.6507676771653543
20
1.4862408661417323
11
0.6501829133858268
21
1.4899332283464566
0
LINE
8
BLACK
6
CONTINUOUS
10
0.6501829133858268
20
1.4899332283464566
11
0.6479153543307087
21
1.4943835433070867
0
LINE
8
BLACK
6
CONTINUOUS
10
0.6479153543307087
20
1.4943835433070867
11
0.6443835433070866
21
1.4979153543307087
0
LINE
8
BLACK
6
CONTINUOUS
10
0.6443835433070866
20
1.4979153543307087
11
0.6399332283464567
21
1.5001829133858267
0
LINE
8
BLACK
6
CONTINUOUS
10
0.6399332283464567
20
1.5001829133858267
11
0.636240905511811
21
1.5007677165354329
0
LINE
8
BLACK
6
CONTINUOUS
10
0.636240905511811
20
1.5007677165354329
11
0.5737591338582677
21
1.5007676771653542
0
LINE
8
BLACK
6
CONTINUOUS
10
0.5737591338582677
20
1.5007676771653542
11
0.5700667716535432
21
1.5001829133858267
0
LINE
8
BLACK
6
CONTINUOUS
10
0.5700667716535432
20
1.5001829133858267
11
0.5678416141732283
21
1.4990491338582677
0
LINE
8
BLACK
6
CONTINUOUS
10
0.5678416141732283
20
1.4990491338582677
11
0.5656164173228346
21
1.4979153543307087
0
LINE
8
BLACK
6
CONTINUOUS
10
0.5656164173228346
20
1.4979153543307087
11
0.5620846062992125
21
1.4943835433070867
0
LINE
8
BLACK
6
CONTINUOUS
10
0.5620846062992125
20
1.4943835433070867
11
0.5605632677165354
21
1.4913977165354331
0
LINE
8
BLACK
6
CONTINUOUS
10
0.5605632677165354
20
1.4913977165354331
11
0.5598170866141732
21
1.4899332283464566
0
LINE
8
BLACK
6
CONTINUOUS
10
0.5598170866141732
20
1.4899332283464566
11
0.5592322834645669
21
1.4862409055118111
0
LINE
8
BLACK
6
CONTINUOUS
10
0.5592322834645669
20
1.4862409055118111
11
0.5592322834645669
21
1.4862408661417323
0
LINE
8
BLACK
6
CONTINUOUS
10
0.5592322834645669
20
1.4862408661417323
11
0.5592322834645669
21
1.4862407480314961
0
LINE
8
BLACK
6
CONTINUOUS
10
0.5592322834645669
20
1.4862407480314961
11
0.5592322834645669
21
1.4237591732283463
0
LINE
8
BLACK
6
CONTINUOUS
10
0.5592322834645669
20
1.4237591732283463
11
0.5598170472440944
21
1.4200668110236221
0
LINE
8
BLACK
6
CONTINUOUS
10
0.5598170472440944
20
1.4200668110236221
11
0.5620846062992125
21
1.4156164173228347
0
LINE
8
BLACK
6
CONTINUOUS
10
0.5620846062992125
20
1.4156164173228347
11
0.5656164173228346
21
1.4120846062992125
0
LINE
8
BLACK
6
CONTINUOUS
10
0.5656164173228346
20
1.4120846062992125
11
0.5700668503937008
21
1.4098170078740158
0
LINE
8
BLACK
6
CONTINUOUS
10
0.5700668503937008
20
1.4098170078740158
11
0.5703722047244094
21
1.4097178346456694
0
LINE
8
BLACK
6
CONTINUOUS
10
0.5703722047244094
20
1.4097178346456694
11
0.5726795275590552
21
1.408140157480315
0
LINE
8
BLACK
6
CONTINUOUS
10
0.5726795275590552
20
1.408140157480315
11
0.5737675984251969
21
1.4055654724409448
0
LINE
8
BLACK
6
CONTINUOUS
10
0.5737675984251969
20
1.4055654724409448
11
0.5732909448818897
21
1.4028112598425198
0
LINE
8
BLACK
6
CONTINUOUS
10
0.5732909448818897
20
1.4028112598425198
11
0.5714009448818897
21
1.4007519685039369
0
LINE
8
BLACK
6
CONTINUOUS
10
0.5714009448818897
20
1.4007519685039369
11
0.5703722047244094
21
1.4002821653543307
0
LINE
8
BLACK
6
CONTINUOUS
10
0.5703722047244094
20
1.4002821653543307
11
0.5700668503937008
21
1.4001829527559055
0
LINE
8
BLACK
6
CONTINUOUS
10
0.5700668503937008
20
1.4001829527559055
11
0.5656164173228346
21
1.3979153543307086
0
LINE
8
BLACK
6
CONTINUOUS
10
0.5656164173228346
20
1.3979153543307086
11
0.5620846062992125
21
1.3943835433070866
0
LINE
8
BLACK
6
CONTINUOUS
10
0.5620846062992125
20
1.3943835433070866
11
0.5605632677165354
21
1.391397716535433
0
LINE
8
BLACK
6
CONTINUOUS
10
0.5605632677165354
20
1.391397716535433
11
0.5598170866141732
21
1.3899332283464567
0
LINE
8
BLACK
6
CONTINUOUS
10
0.5598170866141732
20
1.3899332283464567
11
0.5592322834645669
21
1.386240905511811
0
LINE
8
BLACK
6
CONTINUOUS
10
0.5592322834645669
20
1.386240905511811
11
0.5592322834645669
21
1.3862408661417323
0
LINE
8
BLACK
6
CONTINUOUS
10
0.5592322834645669
20
1.3862408661417323
11
0.5592322834645669
21
1.386240748031496
0
LINE
8
BLACK
6
CONTINUOUS
10
0.5592322834645669
20
1.386240748031496
11
0.5592322834645669
21
1.3237591732283465
0
LINE
8
BLACK
6
CONTINUOUS
10
0.5592322834645669
20
1.3237591732283465
11
0.5598170472440944
21
1.320066811023622
0
LINE
8
BLACK
6
CONTINUOUS
10
0.5598170472440944
20
1.320066811023622
11
0.5620846062992125
21
1.3156164173228346
0
LINE
8
BLACK
6
CONTINUOUS
10
0.5620846062992125
20
1.3156164173228346
11
0.5656164173228346
21
1.3120846062992126
0
LINE
8
BLACK
6
CONTINUOUS
10
0.5656164173228346
20
1.3120846062992126
11
0.5700667716535432
21
1.3098170472440944
0
LINE
8
BLACK
6
CONTINUOUS
10
0.5700667716535432
20
1.3098170472440944
11
0.5713191338582677
21
1.3096187007874016
0
LINE
8
BLACK
6
CONTINUOUS
10
0.5713191338582677
20
1.3096187007874016
11
0.5738448031496063
21
1.3084212992125983
0
LINE
8
BLACK
6
CONTINUOUS
10
0.5738448031496063
20
1.3084212992125983
11
0.5753222047244094
21
1.3060485039370078
0
LINE
8
BLACK
6
CONTINUOUS
10
0.5753222047244094
20
1.3060485039370078
11
0.5752822047244094
21
1.3032536614173229
0
LINE
8
BLACK
6
CONTINUOUS
10
0.5752822047244094
20
1.3032536614173229
11
0.5737375590551181
21
1.300924094488189
0
LINE
8
BLACK
6
CONTINUOUS
10
0.5737375590551181
20
1.300924094488189
11
0.5727950393700787
21
1.3002992125984252
0
LINE
8
BLACK
6
CONTINUOUS
10
0.5727950393700787
20
1.3002992125984252
11
0.5725667716535433
21
1.3001829133858267
0
LINE
8
BLACK
6
CONTINUOUS
10
0.5725667716535433
20
1.3001829133858267
11
0.5691319291338582
21
1.2984327559055118
0
LINE
8
BLACK
6
CONTINUOUS
10
0.5691319291338582
20
1.2984327559055118
11
0.5681165354330708
21
1.2979153937007875
0
LINE
8
BLACK
6
CONTINUOUS
10
0.5681165354330708
20
1.2979153937007875
11
0.5681163385826772
21
1.2979152755905512
0
LINE
8
BLACK
6
CONTINUOUS
10
0.5681163385826772
20
1.2979152755905512
11
0.5645846062992126
21
1.2943835433070865
0
LINE
8
BLACK
6
CONTINUOUS
10
0.5645846062992126
20
1.2943835433070865
11
0.5635693307086614
21
1.292390905511811
0
LINE
8
BLACK
6
CONTINUOUS
10
0.5635693307086614
20
1.292390905511811
11
0.5623170866141732
21
1.2899332283464566
0
LINE
8
BLACK
6
CONTINUOUS
10
0.5623170866141732
20
1.2899332283464566
11
0.5617322834645669
21
1.2862409055118109
0
LINE
8
BLACK
6
CONTINUOUS
10
0.5617322834645669
20
1.2862409055118109
11
0.5617322834645669
21
1.2862408661417322
0
LINE
8
BLACK
6
CONTINUOUS
10
0.5617322834645669
20
1.2862408661417322
11
0.5617322834645669
21
1.2862407480314961
0
LINE
8
BLACK
6
CONTINUOUS
10
0.5617322834645669
20
1.2862407480314961
11
0.5617322834645669
21
1.2487591732283465
0
LINE
8
BLACK
6
CONTINUOUS
10
0.5617322834645669
20
1.2487591732283465
11
0.5623170472440945
21
1.245066811023622
0
LINE
8
BLACK
6
CONTINUOUS
10
0.5623170472440945
20
1.245066811023622
11
0.5645846062992126
21
1.2406164173228347
0
LINE
8
BLACK
6
CONTINUOUS
10
0.5645846062992126
20
1.2406164173228347
11
0.5681164173228347
21
1.2370846062992125
0
LINE
8
BLACK
6
CONTINUOUS
10
0.5681164173228347
20
1.2370846062992125
11
0.5722938582677165
21
1.2349561417322834
0
LINE
8
BLACK
6
CONTINUOUS
10
0.5722938582677165
20
1.2349561417322834
11
0.5743259448818897
21
1.2330369291338583
0
LINE
8
BLACK
6
CONTINUOUS
10
0.5743259448818897
20
1.2330369291338583
11
0.5749978346456692
21
1.2303237401574803
0
LINE
8
BLACK
6
CONTINUOUS
10
0.5749978346456692
20
1.2303237401574803
11
0.5747240157480314
21
1.2288978346456694
0
LINE
8
BLACK
6
CONTINUOUS
10
0.5747240157480314
20
1.2288978346456694
11
0.5746194488188976
21
1.228598937007874
0
LINE
8
BLACK
6
CONTINUOUS
10
0.5746194488188976
20
1.228598937007874
11
0.5742673228346457
21
1.2275926377952755
0
LINE
8
BLACK
6
CONTINUOUS
10
0.5742673228346457
20
1.2275926377952755
11
0.572638188976378
21
1.2253213385826771
0
LINE
8
BLACK
6
CONTINUOUS
10
0.572638188976378
20
1.2253213385826771
11
0.571837125984252
21
1.2248111417322833
0
LINE
8
BLACK
6
CONTINUOUS
10
0.571837125984252
20
1.2248111417322833
11
0.5681165354330708
21
1.2229153937007873
0
LINE
8
BLACK
6
CONTINUOUS
10
0.5681165354330708
20
1.2229153937007873
11
0.5681163385826772
21
1.2229152755905512
0
LINE
8
BLACK
6
CONTINUOUS
10
0.5681163385826772
20
1.2229152755905512
11
0.5645846062992126
21
1.2193835433070865
0
LINE
8
BLACK
6
CONTINUOUS
10
0.5645846062992126
20
1.2193835433070865
11
0.5633108267716536
21
1.2168835433070866
0
LINE
8
BLACK
6
CONTINUOUS
10
0.5633108267716536
20
1.2168835433070866
11
0.5623170866141732
21
1.2149332283464567
0
LINE
8
BLACK
6
CONTINUOUS
10
0.5623170866141732
20
1.2149332283464567
11
0.5617322834645669
21
1.211240905511811
0
LINE
8
BLACK
6
CONTINUOUS
10
0.5617322834645669
20
1.211240905511811
11
0.5617322834645669
21
1.2112408661417322
0
LINE
8
BLACK
6
CONTINUOUS
10
0.5617322834645669
20
1.2112408661417322
11
0.5617322834645669
21
1.211240748031496
0
LINE
8
BLACK
6
CONTINUOUS
10
0.5617322834645669
20
1.211240748031496
11
0.5617322834645669
21
1.1737591732283463
0
LINE
8
BLACK
6
CONTINUOUS
10
0.5617322834645669
20
1.1737591732283463
11
0.5623170472440945
21
1.1700668110236221
0
LINE
8
BLACK
6
CONTINUOUS
10
0.5623170472440945
20
1.1700668110236221
11
0.5645846062992126
21
1.1656164173228347
0
LINE
8
BLACK
6
CONTINUOUS
10
0.5645846062992126
20
1.1656164173228347
11
0.5681164173228347
21
1.1620846062992125
0
LINE
8
BLACK
6
CONTINUOUS
10
0.5681164173228347
20
1.1620846062992125
11
0.5718558267716535
21
1.1601793307086614
0
LINE
8
BLACK
6
CONTINUOUS
10
0.5718558267716535
20
1.1601793307086614
11
0.5725667716535433
21
1.1598170866141733
0
LINE
8
BLACK
6
CONTINUOUS
10
0.5725667716535433
20
1.1598170866141733
11
0.576259094488189
21
1.159232283464567
0
LINE
8
BLACK
6
CONTINUOUS
10
0.576259094488189
20
1.159232283464567
11
0.5762591732283464
21
1.159232283464567
0
LINE
8
BLACK
6
CONTINUOUS
10
0.5762591732283464
20
1.159232283464567
11
0.5762592125984252
21
1.159232283464567
0
LINE
8
BLACK
6
CONTINUOUS
10
0.5762592125984252
20
1.159232283464567
11
0.6337407874015748
21
1.159232283464567
0
LINE
8
BLACK
6
CONTINUOUS
10
0.6337407874015748
20
1.159232283464567
11
0.6374331496062992
21
1.1598170472440945
0
LINE
8
BLACK
6
CONTINUOUS
10
0.6374331496062992
20
1.1598170472440945
11
0.6418835433070866
21
1.1620846062992125
0
LINE
8
BLACK
6
CONTINUOUS
10
0.6418835433070866
20
1.1620846062992125
11
0.6454153543307086
21
1.1656164173228347
0
LINE
8
BLACK
6
CONTINUOUS
10
0.6454153543307086
20
1.1656164173228347
11
0.6464664566929134
21
1.1676793307086615
0
LINE
8
BLACK
6
CONTINUOUS
10
0.6464664566929134
20
1.1676793307086615
11
0.6476829133858267
21
1.1700667716535433
0
LINE
8
BLACK
6
CONTINUOUS
10
0.6476829133858267
20
1.1700667716535433
11
0.648267716535433
21
1.173759094488189
0
LINE
8
BLACK
6
CONTINUOUS
10
0.648267716535433
20
1.173759094488189
11
0.6482676771653543
21
1.2112408661417322
0
LINE
8
BLACK
6
CONTINUOUS
10
0.6482676771653543
20
1.2112408661417322
11
0.6476829133858267
21
1.2149332283464567
0
LINE
8
BLACK
6
CONTINUOUS
10
0.6476829133858267
20
1.2149332283464567
11
0.6454153543307086
21
1.2193835433070865
0
LINE
8
BLACK
6
CONTINUOUS
10
0.6454153543307086
20
1.2193835433070865
11
0.6418835433070866
21
1.2229153543307085
0
LINE
8
BLACK
6
CONTINUOUS
10
0.6418835433070866
20
1.2229153543307085
11
0.6381626771653544
21
1.2248112204724408
0
LINE
8
BLACK
6
CONTINUOUS
10
0.6381626771653544
20
1.2248112204724408
11
0.6361307086614173
21
1.2267303149606299
0
LINE
8
BLACK
6
CONTINUOUS
10
0.6361307086614173
20
1.2267303149606299
11
0.6357328346456693
21
1.2275920866141732
0
LINE
8
BLACK
6
CONTINUOUS
10
0.6357328346456693
20
1.2275920866141732
11
0.6352758661417323
21
1.2288979921259842
0
LINE
8
BLACK
6
CONTINUOUS
10
0.6352758661417323
20
1.2288979921259842
11
0.6351334645669291
21
1.2316893307086614
0
LINE
8
BLACK
6
CONTINUOUS
10
0.6351334645669291
20
1.2316893307086614
11
0.6365227952755905
21
1.2341147244094488
0
LINE
8
BLACK
6
CONTINUOUS
10
0.6365227952755905
20
1.2341147244094488
11
0.6377059842519684
21
1.2349560629921259
0
LINE
8
BLACK
6
CONTINUOUS
10
0.6377059842519684
20
1.2349560629921259
11
0.6390281889763779
21
1.2356297637795275
0
LINE
8
BLACK
6
CONTINUOUS
10
0.6390281889763779
20
1.2356297637795275
11
0.6418835433070866
21
1.2370846062992125
0
LINE
8
BLACK
6
CONTINUOUS
10
0.6418835433070866
20
1.2370846062992125
11
0.6454153543307086
21
1.2406164173228347
0
LINE
8
BLACK
6
CONTINUOUS
10
0.6454153543307086
20
1.2406164173228347
11
0.646409094488189
21
1.2425668110236221
0
LINE
8
BLACK
6
CONTINUOUS
10
0.646409094488189
20
1.2425668110236221
11
0.6476829133858267
21
1.2450667716535433
0
LINE
8
BLACK
6
CONTINUOUS
10
0.6476829133858267
20
1.2450667716535433
11
0.648267716535433
21
1.248759094488189
0
LINE
8
BLACK
6
CONTINUOUS
10
0.648267716535433
20
1.248759094488189
11
0.6482676771653543
21
1.2862408661417322
0
LINE
8
BLACK
6
CONTINUOUS
10
0.6482676771653543
20
1.2862408661417322
11
0.6476829133858267
21
1.2899332283464566
0
LINE
8
BLACK
6
CONTINUOUS
10
0.6476829133858267
20
1.2899332283464566
11
0.6454153543307086
21
1.2943835433070865
0
LINE
8
BLACK
6
CONTINUOUS
10
0.6454153543307086
20
1.2943835433070865
11
0.6418835433070866
21
1.2979153543307087
0
LINE
8
BLACK
6
CONTINUOUS
10
0.6418835433070866
20
1.2979153543307087
11
0.6374332283464567
21
1.3001829133858267
0
LINE
8
BLACK
6
CONTINUOUS
10
0.6374332283464567
20
1.3001829133858267
11
0.6374331102362205
21
1.3001829133858267
0
LINE
8
BLACK
6
CONTINUOUS
10
0.6374331102362205
20
1.3001829133858267
11
0.6372049212598425
21
1.3002992125984252
0
LINE
8
BLACK
6
CONTINUOUS
10
0.6372049212598425
20
1.3002992125984252
11
0.6351727952755906
21
1.3022184251968503
0
LINE
8
BLACK
6
CONTINUOUS
10
0.6351727952755906
20
1.3022184251968503
11
0.634500905511811
21
1.3049315748031496
0
LINE
8
BLACK
6
CONTINUOUS
10
0.634500905511811
20
1.3049315748031496
11
0.6354024803149606
21
1.3075773228346457
0
LINE
8
BLACK
6
CONTINUOUS
10
0.6354024803149606
20
1.3075773228346457
11
0.6375913385826771
21
1.3093156299212598
0
LINE
8
BLACK
6
CONTINUOUS
10
0.6375913385826771
20
1.3093156299212598
11
0.6386809448818898
21
1.3096187401574804
0
LINE
8
BLACK
6
CONTINUOUS
10
0.6386809448818898
20
1.3096187401574804
11
0.639933188976378
21
1.3098170472440944
0
LINE
8
BLACK
6
CONTINUOUS
10
0.639933188976378
20
1.3098170472440944
11
0.6443835433070866
21
1.3120846062992126
0
LINE
8
BLACK
6
CONTINUOUS
10
0.6443835433070866
20
1.3120846062992126
11
0.6479153543307087
21
1.3156164173228346
0
LINE
8
BLACK
6
CONTINUOUS
10
0.6479153543307087
20
1.3156164173228346
11
0.6486904724409449
21
1.3171377559055117
0
LINE
8
BLACK
6
CONTINUOUS
10
0.6486904724409449
20
1.3171377559055117
11
0.6501829133858268
21
1.3200667716535432
0
LINE
8
BLACK
6
CONTINUOUS
10
0.6501829133858268
20
1.3200667716535432
11
0.6507677165354331
21
1.323759094488189
0
LINE
8
BLACK
6
CONTINUOUS
10
0.6507677165354331
20
1.323759094488189
11
0.6507677165354331
21
1.3237591732283465
0
LINE
8
BLACK
6
CONTINUOUS
10
0.6507677165354331
20
1.3237591732283465
11
0.6507676771653543
21
1.3862408661417323
0
LINE
8
BLACK
6
CONTINUOUS
10
0.6648170472440945
20
1.320066811023622
11
0.6670846062992126
21
1.3156164173228346
0
LINE
8
BLACK
6
CONTINUOUS
10
0.6670846062992126
20
1.3156164173228346
11
0.6706164173228346
21
1.3120846062992126
0
LINE
8
BLACK
6
CONTINUOUS
10
0.6706164173228346
20
1.3120846062992126
11
0.6750667716535433
21
1.3098170472440944
0
LINE
8
BLACK
6
CONTINUOUS
10
0.6750667716535433
20
1.3098170472440944
11
0.6763191338582677
21
1.3096187007874016
0
LINE
8
BLACK
6
CONTINUOUS
10
0.6763191338582677
20
1.3096187007874016
11
0.6788448031496063
21
1.3084212992125983
0
LINE
8
BLACK
6
CONTINUOUS
10
0.6788448031496063
20
1.3084212992125983
11
0.6803222047244094
21
1.3060485039370078
0
LINE
8
BLACK
6
CONTINUOUS
10
0.6803222047244094
20
1.3060485039370078
11
0.6802822047244095
21
1.3032536614173229
0
LINE
8
BLACK
6
CONTINUOUS
10
0.6802822047244095
20
1.3032536614173229
11
0.6787375590551181
21
1.300924094488189
0
LINE
8
BLACK
6
CONTINUOUS
10
0.6787375590551181
20
1.300924094488189
11
0.6777950393700787
21
1.3002992125984252
0
LINE
8
BLACK
6
CONTINUOUS
10
0.6777950393700787
20
1.3002992125984252
11
0.6775667716535433
21
1.3001829133858267
0
LINE
8
BLACK
6
CONTINUOUS
10
0.6775667716535433
20
1.3001829133858267
11
0.6741319291338582
21
1.2984327559055118
0
LINE
8
BLACK
6
CONTINUOUS
10
0.6741319291338582
20
1.2984327559055118
11
0.6731165354330708
21
1.2979153937007875
0
LINE
8
BLACK
6
CONTINUOUS
10
0.6731165354330708
20
1.2979153937007875
11
0.6731163385826772
21
1.2979152755905512
0
LINE
8
BLACK
6
CONTINUOUS
10
0.6731163385826772
20
1.2979152755905512
11
0.6695846062992126
21
1.2943835433070865
0
LINE
8
BLACK
6
CONTINUOUS
10
0.6695846062992126
20
1.2943835433070865
11
0.6685693307086614
21
1.292390905511811
0
LINE
8
BLACK
6
CONTINUOUS
10
0.6685693307086614
20
1.292390905511811
11
0.6673170866141732
21
1.2899332283464566
0
LINE
8
BLACK
6
CONTINUOUS
10
0.6673170866141732
20
1.2899332283464566
11
0.6667322834645669
21
1.2862409055118109
0
LINE
8
BLACK
6
CONTINUOUS
10
0.6667322834645669
20
1.2862409055118109
11
0.6667322834645669
21
1.2862408661417322
0
LINE
8
BLACK
6
CONTINUOUS
10
0.6667322834645669
20
1.2862408661417322
11
0.6667322834645669
21
1.2862407480314961
0
LINE
8
BLACK
6
CONTINUOUS
10
0.6667322834645669
20
1.2862407480314961
11
0.6667322834645669
21
1.2487591732283465
0
LINE
8
BLACK
6
CONTINUOUS
10
0.6667322834645669
20
1.2487591732283465
11
0.6673170472440945
21
1.245066811023622
0
LINE
8
BLACK
6
CONTINUOUS
10
0.6673170472440945
20
1.245066811023622
11
0.6695846062992126
21
1.2406164173228347
0
LINE
8
BLACK
6
CONTINUOUS
10
0.6695846062992126
20
1.2406164173228347
11
0.6731164173228347
21
1.2370846062992125
0
LINE
8
BLACK
6
CONTINUOUS
10
0.6731164173228347
20
1.2370846062992125
11
0.6772938582677165
21
1.2349561417322834
0
LINE
8
BLACK
6
CONTINUOUS
10
0.6772938582677165
20
1.2349561417322834
11
0.6793259448818898
21
1.2330369291338583
0
LINE
8
BLACK
6
CONTINUOUS
10
0.6793259448818898
20
1.2330369291338583
11
0.6799978346456693
21
1.2303237401574803
0
LINE
8
BLACK
6
CONTINUOUS
10
0.6799978346456693
20
1.2303237401574803
11
0.6797240157480314
21
1.2288978346456694
0
LINE
8
BLACK
6
CONTINUOUS
10
0.6797240157480314
20
1.2288978346456694
11
0.6796194488188976
21
1.228598937007874
0
LINE
8
BLACK
6
CONTINUOUS
10
0.6796194488188976
20
1.228598937007874
11
0.6792673228346456
21
1.2275926377952755
0
LINE
8
BLACK
6
CONTINUOUS
10
0.6792673228346456
20
1.2275926377952755
11
0.677638188976378
21
1.2253213385826771
0
LINE
8
BLACK
6
CONTINUOUS
10
0.677638188976378
20
1.2253213385826771
11
0.6768371259842519
21
1.2248111417322833
0
LINE
8
BLACK
6
CONTINUOUS
10
0.6768371259842519
20
1.2248111417322833
11
0.6731165354330708
21
1.2229153937007873
0
LINE
8
BLACK
6
CONTINUOUS
10
0.6731165354330708
20
1.2229153937007873
11
0.6731163385826772
21
1.2229152755905512
0
LINE
8
BLACK
6
CONTINUOUS
10
0.6731163385826772
20
1.2229152755905512
11
0.6695846062992126
21
1.2193835433070865
0
LINE
8
BLACK
6
CONTINUOUS
10
0.6695846062992126
20
1.2193835433070865
11
0.6683108267716535
21
1.2168835433070866
0
LINE
8
BLACK
6
CONTINUOUS
10
0.6683108267716535
20
1.2168835433070866
11
0.6673170866141732
21
1.2149332283464567
0
LINE
8
BLACK
6
CONTINUOUS
10
0.6673170866141732
20
1.2149332283464567
11
0.6667322834645669
21
1.211240905511811
0
LINE
8
BLACK
6
CONTINUOUS
10
0.6667322834645669
20
1.211240905511811
11
0.6667322834645669
21
1.2112408661417322
0
LINE
8
BLACK
6
CONTINUOUS
10
0.6667322834645669
20
1.2112408661417322
11
0.6667322834645669
21
1.211240748031496
0
LINE
8
BLACK
6
CONTINUOUS
10
0.6667322834645669
20
1.211240748031496
11
0.6667322834645669
21
1.1737591732283463
0
LINE
8
BLACK
6
CONTINUOUS
10
0.6667322834645669
20
1.1737591732283463
11
0.6673170472440945
21
1.1700668110236221
0
LINE
8
BLACK
6
CONTINUOUS
10
0.6673170472440945
20
1.1700668110236221
11
0.6695846062992126
21
1.1656164173228347
0
LINE
8
BLACK
6
CONTINUOUS
10
0.6695846062992126
20
1.1656164173228347
11
0.6731164173228347
21
1.1620846062992125
0
LINE
8
BLACK
6
CONTINUOUS
10
0.6731164173228347
20
1.1620846062992125
11
0.6768558267716536
21
1.1601793307086614
0
LINE
8
BLACK
6
CONTINUOUS
10
0.6768558267716536
20
1.1601793307086614
11
0.6775667716535433
21
1.1598170866141733
0
LINE
8
BLACK
6
CONTINUOUS
10
0.6775667716535433
20
1.1598170866141733
11
0.681259094488189
21
1.159232283464567
0
LINE
8
BLACK
6
CONTINUOUS
10
0.681259094488189
20
1.159232283464567
11
0.6812591732283464
21
1.159232283464567
0
LINE
8
BLACK
6
CONTINUOUS
10
0.6812591732283464
20
1.159232283464567
11
0.6812592125984251
21
1.159232283464567
0
LINE
8
BLACK
6
CONTINUOUS
10
0.6812592125984251
20
1.159232283464567
11
0.7387407874015748
21
1.159232283464567
0
LINE
8
BLACK
6
CONTINUOUS
10
0.7387407874015748
20
1.159232283464567
11
0.7424331496062992
21
1.1598170472440945
0
LINE
8
BLACK
6
CONTINUOUS
10
0.7424331496062992
20
1.1598170472440945
11
0.7468835433070866
21
1.1620846062992125
0
LINE
8
BLACK
6
CONTINUOUS
10
0.7468835433070866
20
1.1620846062992125
11
0.7504153543307086
21
1.1656164173228347
0
LINE
8
BLACK
6
CONTINUOUS
10
0.7504153543307086
20
1.1656164173228347
11
0.7520166141732283
21
1.1687590944881889
0
LINE
8
BLACK
6
CONTINUOUS
10
0.7520166141732283
20
1.1687590944881889
11
0.7526829133858267
21
1.1700667716535433
0
LINE
8
BLACK
6
CONTINUOUS
10
0.7526829133858267
20
1.1700667716535433
11
0.7526829527559055
21
1.1700669685039369
0
LINE
8
BLACK
6
CONTINUOUS
10
0.7526829527559055
20
1.1700669685039369
11
0.7527820472440945
21
1.1703719685039369
0
LINE
8
BLACK
6
CONTINUOUS
10
0.7527820472440945
20
1.1703719685039369
11
0.7543596062992126
21
1.1726793307086614
0
LINE
8
BLACK
6
CONTINUOUS
10
0.7543596062992126
20
1.1726793307086614
11
0.7569342125984252
21
1.173767559055118
0
LINE
8
BLACK
6
CONTINUOUS
10
0.7569342125984252
20
1.173767559055118
11
0.7596884645669291
21
1.173291062992126
0
LINE
8
BLACK
6
CONTINUOUS
10
0.7596884645669291
20
1.173291062992126
11
0.7617478346456693
21
1.1714011811023621
0
LINE
8
BLACK
6
CONTINUOUS
10
0.7617478346456693
20
1.1714011811023621
11
0.762217716535433
21
1.1703724409448819
0
LINE
8
BLACK
6
CONTINUOUS
10
0.762217716535433
20
1.1703724409448819
11
0.762316968503937
21
1.1700669685039369
0
LINE
8
BLACK
6
CONTINUOUS
10
0.762316968503937
20
1.1700669685039369
11
0.7645846062992125
21
1.1656164173228347
0
LINE
8
BLACK
6
CONTINUOUS
10
0.7645846062992125
20
1.1656164173228347
11
0.7681164173228346
21
1.1620846062992125
0
LINE
8
BLACK
6
CONTINUOUS
10
0.7681164173228346
20
1.1620846062992125
11
0.7718558267716535
21
1.1601793307086614
0
LINE
8
BLACK
6
CONTINUOUS
10
0.7718558267716535
20
1.1601793307086614
11
0.7725667716535433
21
1.1598170866141733
0
LINE
8
BLACK
6
CONTINUOUS
10
0.7725667716535433
20
1.1598170866141733
11
0.776259094488189
21
1.159232283464567
0
LINE
8
BLACK
6
CONTINUOUS
10
0.776259094488189
20
1.159232283464567
11
0.7762591732283465
21
1.159232283464567
0
LINE
8
BLACK
6
CONTINUOUS
10
0.7762591732283465
20
1.159232283464567
11
0.7762592125984252
21
1.159232283464567
0
LINE
8
BLACK
6
CONTINUOUS
10
0.7762592125984252
20
1.159232283464567
11
0.8337407874015748
21
1.159232283464567
0
LINE
8
BLACK
6
CONTINUOUS
10
0.8337407874015748
20
1.159232283464567
11
0.8374331496062992
21
1.1598170472440945
0
LINE
8
BLACK
6
CONTINUOUS
10
0.8374331496062992
20
1.1598170472440945
11
0.8418835433070866
21
1.1620846062992125
0
LINE
8
BLACK
6
CONTINUOUS
10
0.8418835433070866
20
1.1620846062992125
11
0.8454153543307087
21
1.1656164173228347
0
LINE
8
BLACK
6
CONTINUOUS
10
0.8454153543307087
20
1.1656164173228347
11
0.8464664566929133
21
1.1676793307086615
0
LINE
8
BLACK
6
CONTINUOUS
10
0.8464664566929133
20
1.1676793307086615
11
0.8476829133858268
21
1.1700667716535433
0
LINE
8
BLACK
6
CONTINUOUS
10
0.8476829133858268
20
1.1700667716535433
11
0.8482677165354331
21
1.173759094488189
0
LINE
8
BLACK
6
CONTINUOUS
10
0.8482677165354331
20
1.173759094488189
11
0.8482676771653543
21
1.2112408661417322
0
LINE
8
BLACK
6
CONTINUOUS
10
0.8482676771653543
20
1.2112408661417322
11
0.8476829133858268
21
1.2149332283464567
0
LINE
8
BLACK
6
CONTINUOUS
10
0.8476829133858268
20
1.2149332283464567
11
0.8454153543307087
21
1.2193835433070865
0
LINE
8
BLACK
6
CONTINUOUS
10
0.8454153543307087
20
1.2193835433070865
11
0.8418835433070866
21
1.2229153543307085
0
LINE
8
BLACK
6
CONTINUOUS
10
0.8418835433070866
20
1.2229153543307085
11
0.8381629527559055
21
1.2248111023622048
0
LINE
8
BLACK
6
CONTINUOUS
10
0.8381629527559055
20
1.2248111023622048
11
0.8361308267716535
21
1.2267303149606299
0
LINE
8
BLACK
6
CONTINUOUS
10
0.8361308267716535
20
1.2267303149606299
11
0.8357327559055118
21
1.2275926771653543
0
LINE
8
BLACK
6
CONTINUOUS
10
0.8357327559055118
20
1.2275926771653543
11
0.835276062992126
21
1.2288978346456694
0
LINE
8
BLACK
6
CONTINUOUS
10
0.835276062992126
20
1.2288978346456694
11
0.8351335433070866
21
1.2316893307086614
0
LINE
8
BLACK
6
CONTINUOUS
10
0.8351335433070866
20
1.2316893307086614
11
0.8365229133858267
21
1.2341147244094488
0
LINE
8
BLACK
6
CONTINUOUS
10
0.8365229133858267
20
1.2341147244094488
11
0.8377062204724409
21
1.2349561811023622
0
LINE
8
BLACK
6
CONTINUOUS
10
0.8377062204724409
20
1.2349561811023622
11
0.8418835433070866
21
1.2370846062992125
0
LINE
8
BLACK
6
CONTINUOUS
10
0.8418835433070866
20
1.2370846062992125
11
0.8454153543307087
21
1.2406164173228347
0
LINE
8
BLACK
6
CONTINUOUS
10
0.8454153543307087
20
1.2406164173228347
11
0.8464090944881889
21
1.2425668110236221
0
LINE
8
BLACK
6
CONTINUOUS
10
0.8464090944881889
20
1.2425668110236221
11
0.8476829133858268
21
1.2450667716535433
0
LINE
8
BLACK
6
CONTINUOUS
10
0.8476829133858268
20
1.2450667716535433
11
0.8482677165354331
21
1.248759094488189
0
LINE
8
BLACK
6
CONTINUOUS
10
0.8482677165354331
20
1.248759094488189
11
0.8482676771653543
21
1.2862408661417322
0
LINE
8
BLACK
6
CONTINUOUS
10
0.8482676771653543
20
1.2862408661417322
11
0.8476829133858268
21
1.2899332283464566
0
LINE
8
BLACK
6
CONTINUOUS
10
0.8476829133858268
20
1.2899332283464566
11
0.8454153543307087
21
1.2943835433070865
0
LINE
8
BLACK
6
CONTINUOUS
10
0.8454153543307087
20
1.2943835433070865
11
0.8418835433070866
21
1.2979153543307087
0
LINE
8
BLACK
6
CONTINUOUS
10
0.8418835433070866
20
1.2979153543307087
11
0.8380831496062991
21
1.2998517322834646
0
LINE
8
BLACK
6
CONTINUOUS
10
0.8380831496062991
20
1.2998517322834646
11
0.8360511023622047
21
1.3017708661417322
0
LINE
8
BLACK
6
CONTINUOUS
10
0.8360511023622047
20
1.3017708661417322
11
0.8353792125984252
21
1.3044840551181103
0
LINE
8
BLACK
6
CONTINUOUS
10
0.8353792125984252
20
1.3044840551181103
11
0.8362807874015747
21
1.3071298031496064
0
LINE
8
BLACK
6
CONTINUOUS
10
0.8362807874015747
20
1.3071298031496064
11
0.8384696456692913
21
1.3088681102362205
0
LINE
8
BLACK
6
CONTINUOUS
10
0.8384696456692913
20
1.3088681102362205
11
0.8403350787401574
21
1.3092322834645669
0
LINE
8
BLACK
6
CONTINUOUS
10
0.8403350787401574
20
1.3092322834645669
11
0.8412407480314961
21
1.3092322834645669
0
LINE
8
BLACK
6
CONTINUOUS
10
0.8412407480314961
20
1.3092322834645669
11
0.8449331496062992
21
1.3098170472440944
0
LINE
8
BLACK
6
CONTINUOUS
10
0.8449331496062992
20
1.3098170472440944
11
0.8493835433070865
21
1.3120846062992126
0
LINE
8
BLACK
6
CONTINUOUS
10
0.8493835433070865
20
1.3120846062992126
11
0.8529153543307086
21
1.3156164173228346
0
LINE
8
BLACK
6
CONTINUOUS
10
0.8529153543307086
20
1.3156164173228346
11
0.8540707086614173
21
1.3178839763779526
0
LINE
8
BLACK
6
CONTINUOUS
10
0.8540707086614173
20
1.3178839763779526
11
0.8551829133858267
21
1.3200667716535432
0
LINE
8
BLACK
6
CONTINUOUS
10
0.8551829133858267
20
1.3200667716535432
11
0.8551829527559055
21
1.320066968503937
0
LINE
8
BLACK
6
CONTINUOUS
10
0.8551829527559055
20
1.320066968503937
11
0.8552820472440945
21
1.320371968503937
0
LINE
8
BLACK
6
CONTINUOUS
10
0.8552820472440945
20
1.320371968503937
11
0.8568596062992125
21
1.3226793307086613
0
LINE
8
BLACK
6
CONTINUOUS
10
0.8568596062992125
20
1.3226793307086613
11
0.8594342125984252
21
1.3237675590551181
0
LINE
8
BLACK
6
CONTINUOUS
10
0.8594342125984252
20
1.3237675590551181
11
0.8621884645669291
21
1.323291062992126
0
LINE
8
BLACK
6
CONTINUOUS
10
0.8621884645669291
20
1.323291062992126
11
0.8642478346456692
21
1.3214011811023623
0
LINE
8
BLACK
6
CONTINUOUS
10
0.8642478346456692
20
1.3214011811023623
11
0.8647177165354331
21
1.3203724409448818
0
LINE
8
BLACK
6
CONTINUOUS
10
0.8647177165354331
20
1.3203724409448818
11
0.864816968503937
21
1.320066968503937
0
LINE
8
BLACK
6
CONTINUOUS
10
0.864816968503937
20
1.320066968503937
11
0.8670846062992126
21
1.3156164173228346
0
LINE
8
BLACK
6
CONTINUOUS
10
0.8670846062992126
20
1.3156164173228346
11
0.8706164173228347
21
1.3120846062992126
0
LINE
8
BLACK
6
CONTINUOUS
10
0.8706164173228347
20
1.3120846062992126
11
0.8750667716535433
21
1.3098170472440944
0
LINE
8
BLACK
6
CONTINUOUS
10
0.8750667716535433
20
1.3098170472440944
11
0.8763191338582677
21
1.3096187007874016
0
LINE
8
BLACK
6
CONTINUOUS
10
0.8763191338582677
20
1.3096187007874016
11
0.8788448031496062
21
1.3084212992125983
0
LINE
8
BLACK
6
CONTINUOUS
10
0.8788448031496062
20
1.3084212992125983
11
0.8803222047244095
21
1.3060485039370078
0
LINE
8
BLACK
6
CONTINUOUS
10
0.8803222047244095
20
1.3060485039370078
11
0.8802822047244094
21
1.3032536614173229
0
LINE
8
BLACK
6
CONTINUOUS
10
0.8802822047244094
20
1.3032536614173229
11
0.8787375590551181
21
1.300924094488189
0
LINE
8
BLACK
6
CONTINUOUS
10
0.8787375590551181
20
1.300924094488189
11
0.8777950393700787
21
1.3002992125984252
0
LINE
8
BLACK
6
CONTINUOUS
10
0.8777950393700787
20
1.3002992125984252
11
0.8775667716535432
21
1.3001829133858267
0
LINE
8
BLACK
6
CONTINUOUS
10
0.8775667716535432
20
1.3001829133858267
11
0.8741319291338583
21
1.2984327559055118
0
LINE
8
BLACK
6
CONTINUOUS
10
0.8741319291338583
20
1.2984327559055118
11
0.8731165354330709
21
1.2979153937007875
0
LINE
8
BLACK
6
CONTINUOUS
10
0.8731165354330709
20
1.2979153937007875
11
0.8731163385826771
21
1.2979152755905512
0
LINE
8
BLACK
6
CONTINUOUS
10
0.8731163385826771
20
1.2979152755905512
11
0.8695846062992125
21
1.2943835433070865
0
LINE
8
BLACK
6
CONTINUOUS
10
0.8695846062992125
20
1.2943835433070865
11
0.8685693307086614
21
1.292390905511811
0
LINE
8
BLACK
6
CONTINUOUS
10
0.8685693307086614
20
1.292390905511811
11
0.8673170866141732
21
1.2899332283464566
0
LINE
8
BLACK
6
CONTINUOUS
10
0.8673170866141732
20
1.2899332283464566
11
0.8667322834645669
21
1.2862409055118109
0
LINE
8
BLACK
6
CONTINUOUS
10
0.8667322834645669
20
1.2862409055118109
11
0.8667322834645669
21
1.2862408661417322
0
LINE
8
BLACK
6
CONTINUOUS
10
0.8667322834645669
20
1.2862408661417322
11
0.8667322834645669
21
1.2862407480314961
0
LINE
8
BLACK
6
CONTINUOUS
10
0.8667322834645669
20
1.2862407480314961
11
0.8667322834645669
21
1.2487591732283465
0
LINE
8
BLACK
6
CONTINUOUS
10
0.8667322834645669
20
1.2487591732283465
11
0.8673170472440944
21
1.245066811023622
0
LINE
8
BLACK
6
CONTINUOUS
10
0.8673170472440944
20
1.245066811023622
11
0.8695846062992125
21
1.2406164173228347
0
LINE
8
BLACK
6
CONTINUOUS
10
0.8695846062992125
20
1.2406164173228347
11
0.8731164173228346
21
1.2370846062992125
0
LINE
8
BLACK
6
CONTINUOUS
10
0.8731164173228346
20
1.2370846062992125
11
0.8772938582677166
21
1.2349561417322834
0
LINE
8
BLACK
6
CONTINUOUS
10
0.8772938582677166
20
1.2349561417322834
11
0.8793259448818898
21
1.2330369291338583
0
LINE
8
BLACK
6
CONTINUOUS
10
0.8793259448818898
20
1.2330369291338583
11
0.8799978346456693
21
1.2303237401574803
0
LINE
8
BLACK
6
CONTINUOUS
10
0.8799978346456693
20
1.2303237401574803
11
0.8797240157480315
21
1.2288978346456694
0
LINE
8
BLACK
6
CONTINUOUS
10
0.8797240157480315
20
1.2288978346456694
11
0.8796194488188976
21
1.228598937007874
0
LINE
8
BLACK
6
CONTINUOUS
10
0.8796194488188976
20
1.228598937007874
11
0.8792673228346457
21
1.2275926377952755
0
LINE
8
BLACK
6
CONTINUOUS
10
0.8792673228346457
20
1.2275926377952755
11
0.8776381889763779
21
1.2253213385826771
0
LINE
8
BLACK
6
CONTINUOUS
10
0.8776381889763779
20
1.2253213385826771
11
0.8768371259842519
21
1.2248111417322833
0
LINE
8
BLACK
6
CONTINUOUS
10
0.8768371259842519
20
1.2248111417322833
11
0.8731165354330709
21
1.2229153937007873
0
LINE
8
BLACK
6
CONTINUOUS
10
0.8731165354330709
20
1.2229153937007873
11
0.8731163385826771
21
1.2229152755905512
0
LINE
8
BLACK
6
CONTINUOUS
10
0.8731163385826771
20
1.2229152755905512
11
0.8695846062992125
21
1.2193835433070865
0
LINE
8
BLACK
6
CONTINUOUS
10
0.8695846062992125
20
1.2193835433070865
11
0.8683108267716535
21
1.2168835433070866
0
LINE
8
BLACK
6
CONTINUOUS
10
0.8683108267716535
20
1.2168835433070866
11
0.8673170866141732
21
1.2149332283464567
0
LINE
8
BLACK
6
CONTINUOUS
10
0.8673170866141732
20
1.2149332283464567
11
0.8667322834645669
21
1.211240905511811
0
LINE
8
BLACK
6
CONTINUOUS
10
0.8667322834645669
20
1.211240905511811
11
0.8667322834645669
21
1.2112408661417322
0
LINE
8
BLACK
6
CONTINUOUS
10
0.8667322834645669
20
1.2112408661417322
11
0.8667322834645669
21
1.211240748031496
0
LINE
8
BLACK
6
CONTINUOUS
10
0.8667322834645669
20
1.211240748031496
11
0.8667322834645669
21
1.1737591732283463
0
LINE
8
BLACK
6
CONTINUOUS
10
0.8667322834645669
20
1.1737591732283463
11
0.8673170472440944
21
1.1700668110236221
0
LINE
8
BLACK
6
CONTINUOUS
10
0.8673170472440944
20
1.1700668110236221
11
0.8695846062992125
21
1.1656164173228347
0
LINE
8
BLACK
6
CONTINUOUS
10
0.8695846062992125
20
1.1656164173228347
11
0.8731164173228346
21
1.1620846062992125
0
LINE
8
BLACK
6
CONTINUOUS
10
0.8731164173228346
20
1.1620846062992125
11
0.8768558267716535
21
1.1601793307086614
0
LINE
8
BLACK
6
CONTINUOUS
10
0.8768558267716535
20
1.1601793307086614
11
0.8775667716535432
21
1.1598170866141733
0
LINE
8
BLACK
6
CONTINUOUS
10
0.8775667716535432
20
1.1598170866141733
11
0.881259094488189
21
1.159232283464567
0
LINE
8
BLACK
6
CONTINUOUS
10
0.881259094488189
20
1.159232283464567
11
0.8812591732283465
21
1.159232283464567
0
LINE
8
BLACK
6
CONTINUOUS
10
0.8812591732283465
20
1.159232283464567
11
0.8812592125984252
21
1.159232283464567
0
LINE
8
BLACK
6
CONTINUOUS
10
0.8812592125984252
20
1.159232283464567
11
0.9387407874015747
21
1.159232283464567
0
LINE
8
BLACK
6
CONTINUOUS
10
0.9387407874015747
20
1.159232283464567
11
0.9424331496062992
21
1.1598170472440945
0
LINE
8
BLACK
6
CONTINUOUS
10
0.9424331496062992
20
1.1598170472440945
11
0.9468835433070866
21
1.1620846062992125
0
LINE
8
BLACK
6
CONTINUOUS
10
0.9468835433070866
20
1.1620846062992125
11
0.9504153543307087
21
1.1656164173228347
0
LINE
8
BLACK
6
CONTINUOUS
10
0.9504153543307087
20
1.1656164173228347
11
0.9514664566929134
21
1.1676793307086615
0
LINE
8
BLACK
6
CONTINUOUS
10
0.9514664566929134
20
1.1676793307086615
11
0.9526829133858268
21
1.1700667716535433
0
LINE
8
BLACK
6
CONTINUOUS
10
0.9526829133858268
20
1.1700667716535433
11
0.9532677165354331
21
1.173759094488189
0
LINE
8
BLACK
6
CONTINUOUS
10
0.9532677165354331
20
1.173759094488189
11
0.9532676771653543
21
1.2112408661417322
0
LINE
8
BLACK
6
CONTINUOUS
10
0.9532676771653543
20
1.2112408661417322
11
0.9526829133858268
21
1.2149332283464567
0
LINE
8
BLACK
6
CONTINUOUS
10
0.9526829133858268
20
1.2149332283464567
11
0.9504153543307087
21
1.2193835433070865
0
LINE
8
BLACK
6
CONTINUOUS
10
0.9504153543307087
20
1.2193835433070865
11
0.9468835433070866
21
1.2229153543307085
0
LINE
8
BLACK
6
CONTINUOUS
10
0.9468835433070866
20
1.2229153543307085
11
0.9431626771653543
21
1.2248112204724408
0
LINE
8
BLACK
6
CONTINUOUS
10
0.9431626771653543
20
1.2248112204724408
11
0.9411307086614173
21
1.2267303149606299
0
LINE
8
BLACK
6
CONTINUOUS
10
0.9411307086614173
20
1.2267303149606299
11
0.9407328346456693
21
1.2275920866141732
0
LINE
8
BLACK
6
CONTINUOUS
10
0.9407328346456693
20
1.2275920866141732
11
0.9402758661417323
21
1.2288979921259842
0
LINE
8
BLACK
6
CONTINUOUS
10
0.9402758661417323
20
1.2288979921259842
11
0.9401334645669291
21
1.2316893307086614
0
LINE
8
BLACK
6
CONTINUOUS
10
0.9401334645669291
20
1.2316893307086614
11
0.9415227952755906
21
1.2341147244094488
0
LINE
8
BLACK
6
CONTINUOUS
10
0.9415227952755906
20
1.2341147244094488
11
0.9427059842519685
21
1.2349560629921259
0
LINE
8
BLACK
6
CONTINUOUS
10
0.9427059842519685
20
1.2349560629921259
11
0.944028188976378
21
1.2356297637795275
0
LINE
8
BLACK
6
CONTINUOUS
10
0.944028188976378
20
1.2356297637795275
11
0.9468835433070866
21
1.2370846062992125
0
LINE
8
BLACK
6
CONTINUOUS
10
0.9468835433070866
20
1.2370846062992125
11
0.9504153543307087
21
1.2406164173228347
0
LINE
8
BLACK
6
CONTINUOUS
10
0.9504153543307087
20
1.2406164173228347
11
0.951409094488189
21
1.2425668110236221
0
LINE
8
BLACK
6
CONTINUOUS
10
0.951409094488189
20
1.2425668110236221
11
0.9526829133858268
21
1.2450667716535433
0
LINE
8
BLACK
6
CONTINUOUS
10
0.9526829133858268
20
1.2450667716535433
11
0.9532677165354331
21
1.248759094488189
0
LINE
8
BLACK
6
CONTINUOUS
10
0.9532677165354331
20
1.248759094488189
11
0.9532676771653543
21
1.2862408661417322
0
LINE
8
BLACK
6
CONTINUOUS
10
0.9532676771653543
20
1.2862408661417322
11
0.9526829133858268
21
1.2899332283464566
0
LINE
8
BLACK
6
CONTINUOUS
10
0.9526829133858268
20
1.2899332283464566
11
0.9504153543307087
21
1.2943835433070865
0
LINE
8
BLACK
6
CONTINUOUS
10
0.9504153543307087
20
1.2943835433070865
11
0.9468835433070866
21
1.2979153543307087
0
LINE
8
BLACK
6
CONTINUOUS
10
0.9468835433070866
20
1.2979153543307087
11
0.9424332283464567
21
1.3001829133858267
0
LINE
8
BLACK
6
CONTINUOUS
10
0.9424332283464567
20
1.3001829133858267
11
0.9424331102362205
21
1.3001829133858267
0
LINE
8
BLACK
6
CONTINUOUS
10
0.9424331102362205
20
1.3001829133858267
11
0.9422049212598425
21
1.3002992125984252
0
LINE
8
BLACK
6
CONTINUOUS
10
0.9422049212598425
20
1.3002992125984252
11
0.9401727952755905
21
1.3022184251968503
0
LINE
8
BLACK
6
CONTINUOUS
10
0.9401727952755905
20
1.3022184251968503
11
0.939500905511811
21
1.3049315748031496
0
LINE
8
BLACK
6
CONTINUOUS
10
0.939500905511811
20
1.3049315748031496
11
0.9404024803149607
21
1.3075773228346457
0
LINE
8
BLACK
6
CONTINUOUS
10
0.9404024803149607
20
1.3075773228346457
11
0.9425913385826772
21
1.3093156299212598
0
LINE
8
BLACK
6
CONTINUOUS
10
0.9425913385826772
20
1.3093156299212598
11
0.9436809448818897
21
1.3096187401574804
0
LINE
8
BLACK
6
CONTINUOUS
10
0.9436809448818897
20
1.3096187401574804
11
0.9449331889763779
21
1.3098170472440944
0
LINE
8
BLACK
6
CONTINUOUS
10
0.9449331889763779
20
1.3098170472440944
11
0.9493835433070866
21
1.3120846062992126
0
LINE
8
BLACK
6
CONTINUOUS
10
0.9493835433070866
20
1.3120846062992126
11
0.9529153543307086
21
1.3156164173228346
0
LINE
8
BLACK
6
CONTINUOUS
10
0.9529153543307086
20
1.3156164173228346
11
0.9540707086614173
21
1.3178839763779526
0
LINE
8
BLACK
6
CONTINUOUS
10
0.9540707086614173
20
1.3178839763779526
11
0.9551829133858267
21
1.3200667716535432
0
LINE
8
BLACK
6
CONTINUOUS
10
0.9551829133858267
20
1.3200667716535432
11
0.9551829527559055
21
1.320066968503937
0
LINE
8
BLACK
6
CONTINUOUS
10
0.9551829527559055
20
1.320066968503937
11
0.9552820472440945
21
1.320371968503937
0
LINE
8
BLACK
6
CONTINUOUS
10
0.9552820472440945
20
1.320371968503937
11
0.9568596062992126
21
1.3226793307086613
0
LINE
8
BLACK
6
CONTINUOUS
10
0.9568596062992126
20
1.3226793307086613
11
0.9594342125984252
21
1.3237675590551181
0
LINE
8
BLACK
6
CONTINUOUS
10
0.9594342125984252
20
1.3237675590551181
11
0.9621884645669291
21
1.323291062992126
0
LINE
8
BLACK
6
CONTINUOUS
10
0.9621884645669291
20
1.323291062992126
11
0.9642478346456693
21
1.3214011811023623
0
LINE
8
BLACK
6
CONTINUOUS
10
0.9642478346456693
20
1.3214011811023623
11
0.964717716535433
21
1.3203724409448818
0
LINE
8
BLACK
6
CONTINUOUS
10
0.964717716535433
20
1.3203724409448818
11
0.9648169685039369
21
1.320066968503937
0
LINE
8
BLACK
6
CONTINUOUS
10
0.9648169685039369
20
1.320066968503937
11
0.9670846062992126
21
1.3156164173228346
0
LINE
8
BLACK
6
CONTINUOUS
10
0.9670846062992126
20
1.3156164173228346
11
0.9706164173228347
21
1.3120846062992126
0
LINE
8
BLACK
6
CONTINUOUS
10
0.9706164173228347
20
1.3120846062992126
11
0.9750667716535433
21
1.3098170472440944
0
LINE
8
BLACK
6
CONTINUOUS
10
0.9750667716535433
20
1.3098170472440944
11
0.9763191338582677
21
1.3096187007874016
0
LINE
8
BLACK
6
CONTINUOUS
10
0.9763191338582677
20
1.3096187007874016
11
0.9788448031496063
21
1.3084212992125983
0
LINE
8
BLACK
6
CONTINUOUS
10
0.9788448031496063
20
1.3084212992125983
11
0.9803222047244095
21
1.3060485039370078
0
LINE
8
BLACK
6
CONTINUOUS
10
0.9803222047244095
20
1.3060485039370078
11
0.9802822047244094
21
1.3032536614173229
0
LINE
8
BLACK
6
CONTINUOUS
10
0.9802822047244094
20
1.3032536614173229
11
0.9787375590551181
21
1.300924094488189
0
LINE
8
BLACK
6
CONTINUOUS
10
0.9787375590551181
20
1.300924094488189
11
0.9777950393700787
21
1.3002992125984252
0
LINE
8
BLACK
6
CONTINUOUS
10
0.9777950393700787
20
1.3002992125984252
11
0.9775667716535433
21
1.3001829133858267
0
LINE
8
BLACK
6
CONTINUOUS
10
0.9775667716535433
20
1.3001829133858267
11
0.9741319291338583
21
1.2984327559055118
0
LINE
8
BLACK
6
CONTINUOUS
10
0.9741319291338583
20
1.2984327559055118
11
0.9731165354330709
21
1.2979153937007875
0
LINE
8
BLACK
6
CONTINUOUS
10
0.9731165354330709
20
1.2979153937007875
11
0.9731163385826771
21
1.2979152755905512
0
LINE
8
BLACK
6
CONTINUOUS
10
0.9731163385826771
20
1.2979152755905512
11
0.9695846062992126
21
1.2943835433070865
0
LINE
8
BLACK
6
CONTINUOUS
10
0.9695846062992126
20
1.2943835433070865
11
0.9685693307086614
21
1.292390905511811
0
LINE
8
BLACK
6
CONTINUOUS
10
0.9685693307086614
20
1.292390905511811
11
0.9673170866141733
21
1.2899332283464566
0
LINE
8
BLACK
6
CONTINUOUS
10
0.9673170866141733
20
1.2899332283464566
11
0.9667322834645669
21
1.2862409055118109
0
LINE
8
BLACK
6
CONTINUOUS
10
0.9667322834645669
20
1.2862409055118109
11
0.9667322834645669
21
1.2862408661417322
0
LINE
8
BLACK
6
CONTINUOUS
10
0.9667322834645669
20
1.2862408661417322
11
0.9667322834645669
21
1.2862407480314961
0
LINE
8
BLACK
6
CONTINUOUS
10
0.9667322834645669
20
1.2862407480314961
11
0.9667322834645669
21
1.2487591732283465
0
LINE
8
BLACK
6
CONTINUOUS
10
0.9667322834645669
20
1.2487591732283465
11
0.9673170472440945
21
1.245066811023622
0
LINE
8
BLACK
6
CONTINUOUS
10
0.9673170472440945
20
1.245066811023622
11
0.9695846062992126
21
1.2406164173228347
0
LINE
8
BLACK
6
CONTINUOUS
10
0.9695846062992126
20
1.2406164173228347
11
0.9731164173228346
21
1.2370846062992125
0
LINE
8
BLACK
6
CONTINUOUS
10
0.9731164173228346
20
1.2370846062992125
11
0.9772938582677165
21
1.2349561417322834
0
LINE
8
BLACK
6
CONTINUOUS
10
0.9772938582677165
20
1.2349561417322834
11
0.9793259448818897
21
1.2330369291338583
0
LINE
8
BLACK
6
CONTINUOUS
10
0.9793259448818897
20
1.2330369291338583
11
0.9799978346456693
21
1.2303237401574803
0
LINE
8
BLACK
6
CONTINUOUS
10
0.9799978346456693
20
1.2303237401574803
11
0.9797240157480315
21
1.2288978346456694
0
LINE
8
BLACK
6
CONTINUOUS
10
0.9797240157480315
20
1.2288978346456694
11
0.9796194488188976
21
1.228598937007874
0
LINE
8
BLACK
6
CONTINUOUS
10
0.9796194488188976
20
1.228598937007874
11
0.9792673228346457
21
1.2275926377952755
0
LINE
8
BLACK
6
CONTINUOUS
10
0.9792673228346457
20
1.2275926377952755
11
0.9776381889763779
21
1.2253213385826771
0
LINE
8
BLACK
6
CONTINUOUS
10
0.9776381889763779
20
1.2253213385826771
11
0.976837125984252
21
1.2248111417322833
0
LINE
8
BLACK
6
CONTINUOUS
10
0.976837125984252
20
1.2248111417322833
11
0.9731165354330709
21
1.2229153937007873
0
LINE
8
BLACK
6
CONTINUOUS
10
0.9731165354330709
20
1.2229153937007873
11
0.9731163385826771
21
1.2229152755905512
0
LINE
8
BLACK
6
CONTINUOUS
10
0.9731163385826771
20
1.2229152755905512
11
0.9695846062992126
21
1.2193835433070865
0
LINE
8
BLACK
6
CONTINUOUS
10
0.9695846062992126
20
1.2193835433070865
11
0.9683108267716535
21
1.2168835433070866
0
LINE
8
BLACK
6
CONTINUOUS
10
0.9683108267716535
20
1.2168835433070866
11
0.9673170866141733
21
1.2149332283464567
0
LINE
8
BLACK
6
CONTINUOUS
10
0.9673170866141733
20
1.2149332283464567
11
0.9667322834645669
21
1.211240905511811
0
LINE
8
BLACK
6
CONTINUOUS
10
0.9667322834645669
20
1.211240905511811
11
0.9667322834645669
21
1.2112408661417322
0
LINE
8
BLACK
6
CONTINUOUS
10
0.9667322834645669
20
1.2112408661417322
11
0.9667322834645669
21
1.211240748031496
0
LINE
8
BLACK
6
CONTINUOUS
10
0.9667322834645669
20
1.211240748031496
11
0.9667322834645669
21
1.1737591732283463
0
LINE
8
BLACK
6
CONTINUOUS
10
0.9667322834645669
20
1.1737591732283463
11
0.9673170472440945
21
1.1700668110236221
0
LINE
8
BLACK
6
CONTINUOUS
10
0.9673170472440945
20
1.1700668110236221
11
0.9695846062992126
21
1.1656164173228347
0
LINE
8
BLACK
6
CONTINUOUS
10
0.9695846062992126
20
1.1656164173228347
11
0.9731164173228346
21
1.1620846062992125
0
LINE
8
BLACK
6
CONTINUOUS
10
0.9731164173228346
20
1.1620846062992125
11
0.9768558267716535
21
1.1601793307086614
0
LINE
8
BLACK
6
CONTINUOUS
10
0.9768558267716535
20
1.1601793307086614
11
0.9775667716535433
21
1.1598170866141733
0
LINE
8
BLACK
6
CONTINUOUS
10
0.9775667716535433
20
1.1598170866141733
11
0.9812590944881889
21
1.159232283464567
0
LINE
8
BLACK
6
CONTINUOUS
10
0.9812590944881889
20
1.159232283464567
11
0.9812591732283464
21
1.159232283464567
0
LINE
8
BLACK
6
CONTINUOUS
10
0.9812591732283464
20
1.159232283464567
11
0.9812592125984252
21
1.159232283464567
0
LINE
8
BLACK
6
CONTINUOUS
10
0.9812592125984252
20
1.159232283464567
11
1.0387407874015748
21
1.159232283464567
0
LINE
8
BLACK
6
CONTINUOUS
10
1.0387407874015748
20
1.159232283464567
11
1.0424331496062993
21
1.1598170472440945
0
LINE
8
BLACK
6
CONTINUOUS
10
1.0424331496062993
20
1.1598170472440945
11
1.0468835433070867
21
1.1620846062992125
0
LINE
8
BLACK
6
CONTINUOUS
10
1.0468835433070867
20
1.1620846062992125
11
1.0504153543307087
21
1.1656164173228347
0
LINE
8
BLACK
6
CONTINUOUS
10
1.0504153543307087
20
1.1656164173228347
11
1.0514664566929133
21
1.1676793307086615
0
LINE
8
BLACK
6
CONTINUOUS
10
1.0514664566929133
20
1.1676793307086615
11
1.0526829133858266
21
1.1700667716535433
0
LINE
8
BLACK
6
CONTINUOUS
10
1.0526829133858266
20
1.1700667716535433
11
1.0532677165354329
21
1.173759094488189
0
LINE
8
BLACK
6
CONTINUOUS
10
1.0532677165354329
20
1.173759094488189
11
1.0532676771653544
21
1.2112408661417322
0
LINE
8
BLACK
6
CONTINUOUS
10
1.0532676771653544
20
1.2112408661417322
11
1.0526829133858266
21
1.2149332283464567
0
LINE
8
BLACK
6
CONTINUOUS
10
1.0526829133858266
20
1.2149332283464567
11
1.0504153543307087
21
1.2193835433070865
0
LINE
8
BLACK
6
CONTINUOUS
10
1.0504153543307087
20
1.2193835433070865
11
1.0468835433070867
21
1.2229153543307085
0
LINE
8
BLACK
6
CONTINUOUS
10
1.0468835433070867
20
1.2229153543307085
11
1.0431626771653544
21
1.2248112204724408
0
LINE
8
BLACK
6
CONTINUOUS
10
1.0431626771653544
20
1.2248112204724408
11
1.0411307086614172
21
1.2267303149606299
0
LINE
8
BLACK
6
CONTINUOUS
10
1.0411307086614172
20
1.2267303149606299
11
1.0407328346456692
21
1.2275920866141732
0
LINE
8
BLACK
6
CONTINUOUS
10
1.0407328346456692
20
1.2275920866141732
11
1.0402758661417322
21
1.2288979921259842
0
LINE
8
BLACK
6
CONTINUOUS
10
1.0402758661417322
20
1.2288979921259842
11
1.0401334645669291
21
1.2316893307086614
0
LINE
8
BLACK
6
CONTINUOUS
10
1.0401334645669291
20
1.2316893307086614
11
1.0415227952755906
21
1.2341147244094488
0
LINE
8
BLACK
6
CONTINUOUS
10
1.0415227952755906
20
1.2341147244094488
11
1.0427059842519686
21
1.2349560629921259
0
LINE
8
BLACK
6
CONTINUOUS
10
1.0427059842519686
20
1.2349560629921259
11
1.0440281889763778
21
1.2356297637795275
0
LINE
8
BLACK
6
CONTINUOUS
10
1.0440281889763778
20
1.2356297637795275
11
1.0468835433070867
21
1.2370846062992125
0
LINE
8
BLACK
6
CONTINUOUS
10
1.0468835433070867
20
1.2370846062992125
11
1.0504153543307087
21
1.2406164173228347
0
LINE
8
BLACK
6
CONTINUOUS
10
1.0504153543307087
20
1.2406164173228347
11
1.0514090944881889
21
1.2425668110236221
0
LINE
8
BLACK
6
CONTINUOUS
10
1.0514090944881889
20
1.2425668110236221
11
1.0526829133858266
21
1.2450667716535433
0
LINE
8
BLACK
6
CONTINUOUS
10
1.0526829133858266
20
1.2450667716535433
11
1.0532677165354329
21
1.248759094488189
0
LINE
8
BLACK
6
CONTINUOUS
10
1.0532677165354329
20
1.248759094488189
11
1.0532676771653544
21
1.2862408661417322
0
LINE
8
BLACK
6
CONTINUOUS
10
1.0532676771653544
20
1.2862408661417322
11
1.0526829133858266
21
1.2899332283464566
0
LINE
8
BLACK
6
CONTINUOUS
10
1.0526829133858266
20
1.2899332283464566
11
1.0504153543307087
21
1.2943835433070865
0
LINE
8
BLACK
6
CONTINUOUS
10
1.0504153543307087
20
1.2943835433070865
11
1.0468835433070867
21
1.2979153543307087
0
LINE
8
BLACK
6
CONTINUOUS
10
1.0468835433070867
20
1.2979153543307087
11
1.0424332283464566
21
1.3001829133858267
0
LINE
8
BLACK
6
CONTINUOUS
10
1.0424332283464566
20
1.3001829133858267
11
1.0424331102362205
21
1.3001829133858267
0
LINE
8
BLACK
6
CONTINUOUS
10
1.0424331102362205
20
1.3001829133858267
11
1.0422049212598425
21
1.3002992125984252
0
LINE
8
BLACK
6
CONTINUOUS
10
1.0422049212598425
20
1.3002992125984252
11
1.0401727952755906
21
1.3022184251968503
0
LINE
8
BLACK
6
CONTINUOUS
10
1.0401727952755906
20
1.3022184251968503
11
1.039500905511811
21
1.3049315748031496
0
LINE
8
BLACK
6
CONTINUOUS
10
1.039500905511811
20
1.3049315748031496
11
1.0404024803149605
21
1.3075773228346457
0
LINE
8
BLACK
6
CONTINUOUS
10
1.0404024803149605
20
1.3075773228346457
11
1.0425913385826771
21
1.3093156299212598
0
LINE
8
BLACK
6
CONTINUOUS
10
1.0425913385826771
20
1.3093156299212598
11
1.0436809448818898
21
1.3096187401574804
0
LINE
8
BLACK
6
CONTINUOUS
10
1.0436809448818898
20
1.3096187401574804
11
1.044933188976378
21
1.3098170472440944
0
LINE
8
BLACK
6
CONTINUOUS
10
1.044933188976378
20
1.3098170472440944
11
1.0493835433070866
21
1.3120846062992126
0
LINE
8
BLACK
6
CONTINUOUS
10
1.0493835433070866
20
1.3120846062992126
11
1.0529153543307086
21
1.3156164173228346
0
LINE
8
BLACK
6
CONTINUOUS
10
1.0529153543307086
20
1.3156164173228346
11
1.0540707086614174
21
1.3178839763779526
0
LINE
8
BLACK
6
CONTINUOUS
10
1.0540707086614174
20
1.3178839763779526
11
1.0551829133858268
21
1.3200667716535432
0
LINE
8
BLACK
6
CONTINUOUS
10
1.0551829133858268
20
1.3200667716535432
11
1.0551829527559056
21
1.320066968503937
0
LINE
8
BLACK
6
CONTINUOUS
10
1.0551829527559056
20
1.320066968503937
11
1.0552820472440945
21
1.320371968503937
0
LINE
8
BLACK
6
CONTINUOUS
10
1.0552820472440945
20
1.320371968503937
11
1.0568596062992126
21
1.3226793307086613
0
LINE
8
BLACK
6
CONTINUOUS
10
1.0568596062992126
20
1.3226793307086613
11
1.0594342125984251
21
1.3237675590551181
0
LINE
8
BLACK
6
CONTINUOUS
10
1.0594342125984251
20
1.3237675590551181
11
1.0621884645669291
21
1.323291062992126
0
LINE
8
BLACK
6
CONTINUOUS
10
1.0621884645669291
20
1.323291062992126
11
1.0642478346456692
21
1.3214011811023623
0
LINE
8
BLACK
6
CONTINUOUS
10
1.0642478346456692
20
1.3214011811023623
11
1.0647177165354331
21
1.3203724409448818
0
LINE
8
BLACK
6
CONTINUOUS
10
1.0647177165354331
20
1.3203724409448818
11
1.064816968503937
21
1.320066968503937
0
LINE
8
BLACK
6
CONTINUOUS
10
1.064816968503937
20
1.320066968503937
11
1.0670846062992125
21
1.3156164173228346
0
LINE
8
BLACK
6
CONTINUOUS
10
1.0670846062992125
20
1.3156164173228346
11
1.0706164173228345
21
1.3120846062992126
0
LINE
8
BLACK
6
CONTINUOUS
10
1.0706164173228345
20
1.3120846062992126
11
1.0750667716535434
21
1.3098170472440944
0
LINE
8
BLACK
6
CONTINUOUS
10
1.0750667716535434
20
1.3098170472440944
11
1.0763191338582676
21
1.3096187007874016
0
LINE
8
BLACK
6
CONTINUOUS
10
1.0763191338582676
20
1.3096187007874016
11
1.0788448031496063
21
1.3084212992125983
0
LINE
8
BLACK
6
CONTINUOUS
10
1.0788448031496063
20
1.3084212992125983
11
1.0803222047244094
21
1.3060485039370078
0
LINE
8
BLACK
6
CONTINUOUS
10
1.0803222047244094
20
1.3060485039370078
11
1.0802822047244094
21
1.3032536614173229
0
LINE
8
BLACK
6
CONTINUOUS
10
1.0802822047244094
20
1.3032536614173229
11
1.078737559055118
21
1.300924094488189
0
LINE
8
BLACK
6
CONTINUOUS
10
1.078737559055118
20
1.300924094488189
11
1.0777950393700788
21
1.3002992125984252
0
LINE
8
BLACK
6
CONTINUOUS
10
1.0777950393700788
20
1.3002992125984252
11
1.0775667716535433
21
1.3001829133858267
0
LINE
8
BLACK
6
CONTINUOUS
10
1.0775667716535433
20
1.3001829133858267
11
1.0741319291338582
21
1.2984327559055118
0
LINE
8
BLACK
6
CONTINUOUS
10
1.0741319291338582
20
1.2984327559055118
11
1.073116535433071
21
1.2979153937007875
0
LINE
8
BLACK
6
CONTINUOUS
10
1.073116535433071
20
1.2979153937007875
11
1.0731163385826772
21
1.2979152755905512
0
LINE
8
BLACK
6
CONTINUOUS
10
1.0731163385826772
20
1.2979152755905512
11
1.0695846062992125
21
1.2943835433070865
0
LINE
8
BLACK
6
CONTINUOUS
10
1.0695846062992125
20
1.2943835433070865
11
1.0685693307086614
21
1.292390905511811
0
LINE
8
BLACK
6
CONTINUOUS
10
1.0685693307086614
20
1.292390905511811
11
1.0673170866141732
21
1.2899332283464566
0
LINE
8
BLACK
6
CONTINUOUS
10
1.0673170866141732
20
1.2899332283464566
11
1.0667322834645669
21
1.2862409055118109
0
LINE
8
BLACK
6
CONTINUOUS
10
1.0667322834645669
20
1.2862409055118109
11
1.0667322834645669
21
1.2862408661417322
0
LINE
8
BLACK
6
CONTINUOUS
10
1.0667322834645669
20
1.2862408661417322
11
1.0667322834645669
21
1.2862407480314961
0
LINE
8
BLACK
6
CONTINUOUS
10
1.0667322834645669
20
1.2862407480314961
11
1.0667322834645669
21
1.2487591732283465
0
LINE
8
BLACK
6
CONTINUOUS
10
1.0667322834645669
20
1.2487591732283465
11
1.0673170472440945
21
1.245066811023622
0
LINE
8
BLACK
6
CONTINUOUS
10
1.0673170472440945
20
1.245066811023622
11
1.0695846062992125
21
1.2406164173228347
0
LINE
8
BLACK
6
CONTINUOUS
10
1.0695846062992125
20
1.2406164173228347
11
1.0731164173228347
21
1.2370846062992125
0
LINE
8
BLACK
6
CONTINUOUS
10
1.0731164173228347
20
1.2370846062992125
11
1.0772938582677165
21
1.2349561417322834
0
LINE
8
BLACK
6
CONTINUOUS
10
1.0772938582677165
20
1.2349561417322834
11
1.0793259448818897
21
1.2330369291338583
0
LINE
8
BLACK
6
CONTINUOUS
10
1.0793259448818897
20
1.2330369291338583
11
1.0799978346456693
21
1.2303237401574803
0
LINE
8
BLACK
6
CONTINUOUS
10
1.0799978346456693
20
1.2303237401574803
11
1.0797240157480315
21
1.2288978346456694
0
LINE
8
BLACK
6
CONTINUOUS
10
1.0797240157480315
20
1.2288978346456694
11
1.0796194488188977
21
1.228598937007874
0
LINE
8
BLACK
6
CONTINUOUS
10
1.0796194488188977
20
1.228598937007874
11
1.0792673228346457
21
1.2275926377952755
0
LINE
8
BLACK
6
CONTINUOUS
10
1.0792673228346457
20
1.2275926377952755
11
1.077638188976378
21
1.2253213385826771
0
LINE
8
BLACK
6
CONTINUOUS
10
1.077638188976378
20
1.2253213385826771
11
1.076837125984252
21
1.2248111417322833
0
LINE
8
BLACK
6
CONTINUOUS
10
1.076837125984252
20
1.2248111417322833
11
1.073116535433071
21
1.2229153937007873
0
LINE
8
BLACK
6
CONTINUOUS
10
1.073116535433071
20
1.2229153937007873
11
1.0731163385826772
21
1.2229152755905512
0
LINE
8
BLACK
6
CONTINUOUS
10
1.0731163385826772
20
1.2229152755905512
11
1.0695846062992125
21
1.2193835433070865
0
LINE
8
BLACK
6
CONTINUOUS
10
1.0695846062992125
20
1.2193835433070865
11
1.0683108267716535
21
1.2168835433070866
0
LINE
8
BLACK
6
CONTINUOUS
10
1.0683108267716535
20
1.2168835433070866
11
1.0673170866141732
21
1.2149332283464567
0
LINE
8
BLACK
6
CONTINUOUS
10
1.0673170866141732
20
1.2149332283464567
11
1.0667322834645669
21
1.211240905511811
0
LINE
8
BLACK
6
CONTINUOUS
10
1.0667322834645669
20
1.211240905511811
11
1.0667322834645669
21
1.2112408661417322
0
LINE
8
BLACK
6
CONTINUOUS
10
1.0667322834645669
20
1.2112408661417322
11
1.0667322834645669
21
1.211240748031496
0
LINE
8
BLACK
6
CONTINUOUS
10
1.0667322834645669
20
1.211240748031496
11
1.0667322834645669
21
1.1737591732283463
0
LINE
8
BLACK
6
CONTINUOUS
10
1.0667322834645669
20
1.1737591732283463
11
1.0673170472440945
21
1.1700668110236221
0
LINE
8
BLACK
6
CONTINUOUS
10
1.0673170472440945
20
1.1700668110236221
11
1.0695846062992125
21
1.1656164173228347
0
LINE
8
BLACK
6
CONTINUOUS
10
1.0695846062992125
20
1.1656164173228347
11
1.0731164173228347
21
1.1620846062992125
0
LINE
8
BLACK
6
CONTINUOUS
10
1.0731164173228347
20
1.1620846062992125
11
1.0768558267716535
21
1.1601793307086614
0
LINE
8
BLACK
6
CONTINUOUS
10
1.0768558267716535
20
1.1601793307086614
11
1.0775667716535433
21
1.1598170866141733
0
LINE
8
BLACK
6
CONTINUOUS
10
1.0775667716535433
20
1.1598170866141733
11
1.081259094488189
21
1.159232283464567
0
LINE
8
BLACK
6
CONTINUOUS
10
1.081259094488189
20
1.159232283464567
11
1.0812591732283465
21
1.159232283464567
0
LINE
8
BLACK
6
CONTINUOUS
10
1.0812591732283465
20
1.159232283464567
11
1.0812592125984253
21
1.159232283464567
0
LINE
8
BLACK
6
CONTINUOUS
10
1.0812592125984253
20
1.159232283464567
11
1.1387407874015747
21
1.159232283464567
0
LINE
8
BLACK
6
CONTINUOUS
10
1.1387407874015747
20
1.159232283464567
11
1.1424331496062992
21
1.1598170472440945
0
LINE
8
BLACK
6
CONTINUOUS
10
1.1424331496062992
20
1.1598170472440945
11
1.1468835433070865
21
1.1620846062992125
0
LINE
8
BLACK
6
CONTINUOUS
10
1.1468835433070865
20
1.1620846062992125
11
1.1504153543307087
21
1.1656164173228347
0
LINE
8
BLACK
6
CONTINUOUS
10
1.1504153543307087
20
1.1656164173228347
11
1.1514664566929134
21
1.1676793307086615
0
LINE
8
BLACK
6
CONTINUOUS
10
1.1514664566929134
20
1.1676793307086615
11
1.1526829133858267
21
1.1700667716535433
0
LINE
8
BLACK
6
CONTINUOUS
10
1.1526829133858267
20
1.1700667716535433
11
1.153267716535433
21
1.173759094488189
0
LINE
8
BLACK
6
CONTINUOUS
10
1.153267716535433
20
1.173759094488189
11
1.1532676771653543
21
1.2112408661417322
0
LINE
8
BLACK
6
CONTINUOUS
10
1.1532676771653543
20
1.2112408661417322
11
1.1526829133858267
21
1.2149332283464567
0
LINE
8
BLACK
6
CONTINUOUS
10
1.1526829133858267
20
1.2149332283464567
11
1.1504153543307087
21
1.2193835433070865
0
LINE
8
BLACK
6
CONTINUOUS
10
1.1504153543307087
20
1.2193835433070865
11
1.1468835433070865
21
1.2229153543307085
0
LINE
8
BLACK
6
CONTINUOUS
10
1.1468835433070865
20
1.2229153543307085
11
1.1431626771653542
21
1.2248112204724408
0
LINE
8
BLACK
6
CONTINUOUS
10
1.1431626771653542
20
1.2248112204724408
11
1.1411307086614173
21
1.2267303149606299
0
LINE
8
BLACK
6
CONTINUOUS
10
1.1411307086614173
20
1.2267303149606299
11
1.1407328346456693
21
1.2275920866141732
0
LINE
8
BLACK
6
CONTINUOUS
10
1.1407328346456693
20
1.2275920866141732
11
1.1402758661417323
21
1.2288979921259842
0
LINE
8
BLACK
6
CONTINUOUS
10
1.1402758661417323
20
1.2288979921259842
11
1.1401334645669292
21
1.2316893307086614
0
LINE
8
BLACK
6
CONTINUOUS
10
1.1401334645669292
20
1.2316893307086614
11
1.1415227952755904
21
1.2341147244094488
0
LINE
8
BLACK
6
CONTINUOUS
10
1.1415227952755904
20
1.2341147244094488
11
1.1427059842519685
21
1.2349560629921259
0
LINE
8
BLACK
6
CONTINUOUS
10
1.1427059842519685
20
1.2349560629921259
11
1.1440281889763779
21
1.2356297637795275
0
LINE
8
BLACK
6
CONTINUOUS
10
1.1440281889763779
20
1.2356297637795275
11
1.1468835433070865
21
1.2370846062992125
0
LINE
8
BLACK
6
CONTINUOUS
10
1.1468835433070865
20
1.2370846062992125
11
1.1504153543307087
21
1.2406164173228347
0
LINE
8
BLACK
6
CONTINUOUS
10
1.1504153543307087
20
1.2406164173228347
11
1.151409094488189
21
1.2425668110236221
0
LINE
8
BLACK
6
CONTINUOUS
10
1.151409094488189
20
1.2425668110236221
11
1.1526829133858267
21
1.2450667716535433
0
LINE
8
BLACK
6
CONTINUOUS
10
1.1526829133858267
20
1.2450667716535433
11
1.153267716535433
21
1.248759094488189
0
LINE
8
BLACK
6
CONTINUOUS
10
1.153267716535433
20
1.248759094488189
11
1.1532676771653543
21
1.2862408661417322
0
LINE
8
BLACK
6
CONTINUOUS
10
1.1532676771653543
20
1.2862408661417322
11
1.1526829133858267
21
1.2899332283464566
0
LINE
8
BLACK
6
CONTINUOUS
10
1.1526829133858267
20
1.2899332283464566
11
1.1504153543307087
21
1.2943835433070865
0
LINE
8
BLACK
6
CONTINUOUS
10
1.1504153543307087
20
1.2943835433070865
11
1.1468835433070865
21
1.2979153543307087
0
LINE
8
BLACK
6
CONTINUOUS
10
1.1468835433070865
20
1.2979153543307087
11
1.1424332283464567
21
1.3001829133858267
0
LINE
8
BLACK
6
CONTINUOUS
10
1.1424332283464567
20
1.3001829133858267
11
1.1424331102362204
21
1.3001829133858267
0
LINE
8
BLACK
6
CONTINUOUS
10
1.1424331102362204
20
1.3001829133858267
11
1.1422049212598424
21
1.3002992125984252
0
LINE
8
BLACK
6
CONTINUOUS
10
1.1422049212598424
20
1.3002992125984252
11
1.1401727952755905
21
1.3022184251968503
0
LINE
8
BLACK
6
CONTINUOUS
10
1.1401727952755905
20
1.3022184251968503
11
1.139500905511811
21
1.3049315748031496
0
LINE
8
BLACK
6
CONTINUOUS
10
1.139500905511811
20
1.3049315748031496
11
1.1404024803149606
21
1.3075773228346457
0
LINE
8
BLACK
6
CONTINUOUS
10
1.1404024803149606
20
1.3075773228346457
11
1.1425913385826771
21
1.3093156299212598
0
LINE
8
BLACK
6
CONTINUOUS
10
1.1425913385826771
20
1.3093156299212598
11
1.1436809448818896
21
1.3096187401574804
0
LINE
8
BLACK
6
CONTINUOUS
10
1.1436809448818896
20
1.3096187401574804
11
1.1449331889763779
21
1.3098170472440944
0
LINE
8
BLACK
6
CONTINUOUS
10
1.1449331889763779
20
1.3098170472440944
11
1.1493835433070867
21
1.3120846062992126
0
LINE
8
BLACK
6
CONTINUOUS
10
1.1493835433070867
20
1.3120846062992126
11
1.1529153543307087
21
1.3156164173228346
0
LINE
8
BLACK
6
CONTINUOUS
10
1.1529153543307087
20
1.3156164173228346
11
1.1540707086614173
21
1.3178839763779526
0
LINE
8
BLACK
6
CONTINUOUS
10
1.1540707086614173
20
1.3178839763779526
11
1.1551829133858267
21
1.3200667716535432
0
LINE
8
BLACK
6
CONTINUOUS
10
1.1551829133858267
20
1.3200667716535432
11
1.1551829527559054
21
1.320066968503937
0
LINE
8
BLACK
6
CONTINUOUS
10
1.1551829527559054
20
1.320066968503937
11
1.1552820472440946
21
1.320371968503937
0
LINE
8
BLACK
6
CONTINUOUS
10
1.1552820472440946
20
1.320371968503937
11
1.1568596062992125
21
1.3226793307086613
0
LINE
8
BLACK
6
CONTINUOUS
10
1.1568596062992125
20
1.3226793307086613
11
1.1594342125984252
21
1.3237675590551181
0
LINE
8
BLACK
6
CONTINUOUS
10
1.1594342125984252
20
1.3237675590551181
11
1.1621884645669291
21
1.323291062992126
0
LINE
8
BLACK
6
CONTINUOUS
10
1.1621884645669291
20
1.323291062992126
11
1.1642478346456693
21
1.3214011811023623
0
LINE
8
BLACK
6
CONTINUOUS
10
1.1642478346456693
20
1.3214011811023623
11
1.164717716535433
21
1.3203724409448818
0
LINE
8
BLACK
6
CONTINUOUS
10
1.164717716535433
20
1.3203724409448818
11
1.1648169685039369
21
1.320066968503937
0
LINE
8
BLACK
6
CONTINUOUS
10
1.1648169685039369
20
1.320066968503937
11
1.1670846062992126
21
1.3156164173228346
0
LINE
8
BLACK
6
CONTINUOUS
10
1.1670846062992126
20
1.3156164173228346
11
1.1706164173228346
21
1.3120846062992126
0
LINE
8
BLACK
6
CONTINUOUS
10
1.1706164173228346
20
1.3120846062992126
11
1.1750666929133857
21
1.3098171259842519
0
LINE
8
BLACK
6
CONTINUOUS
10
1.1750666929133857
20
1.3098171259842519
11
1.1750667716535432
21
1.3098170866141732
0
LINE
8
BLACK
6
CONTINUOUS
10
1.1750667716535432
20
1.3098170866141732
11
1.1787590944881889
21
1.3092322834645669
0
LINE
8
BLACK
6
CONTINUOUS
10
1.1787590944881889
20
1.3092322834645669
11
1.1833661417322834
21
1.3092322834645669
0
LINE
8
BLACK
6
CONTINUOUS
10
1.1833661417322834
20
1.3092322834645669
11
1.1860480708661416
21
1.3084448031496063
0
LINE
8
BLACK
6
CONTINUOUS
10
1.1860480708661416
20
1.3084448031496063
11
1.1878785039370079
21
1.3063323622047245
0
LINE
8
BLACK
6
CONTINUOUS
10
1.1878785039370079
20
1.3063323622047245
11
1.1883267716535433
21
1.304271653543307
0
LINE
8
BLACK
6
CONTINUOUS
10
1.1883267716535433
20
1.304271653543307
11
1.1883267716535433
21
1.3032283070866142
0
LINE
8
BLACK
6
CONTINUOUS
10
1.1883267716535433
20
1.3032283070866142
11
1.1875392913385827
21
1.300546377952756
0
LINE
8
BLACK
6
CONTINUOUS
10
1.1875392913385827
20
1.300546377952756
11
1.1854268503937007
21
1.2987159448818897
0
LINE
8
BLACK
6
CONTINUOUS
10
1.1854268503937007
20
1.2987159448818897
11
1.1833661417322834
21
1.2982676771653543
0
LINE
8
BLACK
6
CONTINUOUS
10
1.1833661417322834
20
1.2982676771653543
11
1.1812591338582676
21
1.2982676771653543
0
LINE
8
BLACK
6
CONTINUOUS
10
1.1812591338582676
20
1.2982676771653543
11
1.1775667716535432
21
1.2976829133858268
0
LINE
8
BLACK
6
CONTINUOUS
10
1.1775667716535432
20
1.2976829133858268
11
1.1753416141732282
21
1.2965491338582678
0
LINE
8
BLACK
6
CONTINUOUS
10
1.1753416141732282
20
1.2965491338582678
11
1.1731164173228346
21
1.2954153543307085
0
LINE
8
BLACK
6
CONTINUOUS
10
1.1731164173228346
20
1.2954153543307085
11
1.1695846062992126
21
1.2918835433070865
0
LINE
8
BLACK
6
CONTINUOUS
10
1.1695846062992126
20
1.2918835433070865
11
1.1680632677165355
21
1.2888977165354329
0
LINE
8
BLACK
6
CONTINUOUS
10
1.1680632677165355
20
1.2888977165354329
11
1.1673170866141731
21
1.2874332283464567
0
LINE
8
BLACK
6
CONTINUOUS
10
1.1673170866141731
20
1.2874332283464567
11
1.1667322834645668
21
1.283740905511811
0
LINE
8
BLACK
6
CONTINUOUS
10
1.1667322834645668
20
1.283740905511811
11
1.1667322834645668
21
1.2837408661417322
0
LINE
8
BLACK
6
CONTINUOUS
10
1.1667322834645668
20
1.2837408661417322
11
1.1667322834645668
21
1.283740748031496
0
LINE
8
BLACK
6
CONTINUOUS
10
1.1667322834645668
20
1.283740748031496
11
1.1667322834645668
21
1.2462591732283463
0
LINE
8
BLACK
6
CONTINUOUS
10
1.1667322834645668
20
1.2462591732283463
11
1.1673170472440944
21
1.2425668110236221
0
LINE
8
BLACK
6
CONTINUOUS
10
1.1673170472440944
20
1.2425668110236221
11
1.1695846062992126
21
1.2381164173228347
0
LINE
8
BLACK
6
CONTINUOUS
10
1.1695846062992126
20
1.2381164173228347
11
1.1731163385826771
21
1.23458468503937
0
LINE
8
BLACK
6
CONTINUOUS
10
1.1731163385826771
20
1.23458468503937
11
1.1731165354330708
21
1.234584527559055
0
LINE
8
BLACK
6
CONTINUOUS
10
1.1731165354330708
20
1.234584527559055
11
1.1765534645669291
21
1.232833346456693
0
LINE
8
BLACK
6
CONTINUOUS
10
1.1765534645669291
20
1.232833346456693
11
1.1785855118110236
21
1.2309141338582676
0
LINE
8
BLACK
6
CONTINUOUS
10
1.1785855118110236
20
1.2309141338582676
11
1.1792574015748032
21
1.2282009448818898
0
LINE
8
BLACK
6
CONTINUOUS
10
1.1792574015748032
20
1.2282009448818898
11
1.1791375984251968
21
1.2273096456692913
0
LINE
8
BLACK
6
CONTINUOUS
10
1.1791375984251968
20
1.2273096456692913
11
1.1790799606299212
21
1.2270572047244095
0
LINE
8
BLACK
6
CONTINUOUS
10
1.1790799606299212
20
1.2270572047244095
11
1.1789481102362205
21
1.2258870078740156
0
LINE
8
BLACK
6
CONTINUOUS
10
1.1789481102362205
20
1.2258870078740156
11
1.1778652755905512
21
1.2233101181102362
0
LINE
8
BLACK
6
CONTINUOUS
10
1.1778652755905512
20
1.2233101181102362
11
1.176270748031496
21
1.2220225590551181
0
LINE
8
BLACK
6
CONTINUOUS
10
1.176270748031496
20
1.2220225590551181
11
1.1731165354330708
21
1.2204153937007873
0
LINE
8
BLACK
6
CONTINUOUS
10
1.1731165354330708
20
1.2204153937007873
11
1.1731163385826771
21
1.2204152755905511
0
LINE
8
BLACK
6
CONTINUOUS
10
1.1731163385826771
20
1.2204152755905511
11
1.1695846062992126
21
1.2168835433070866
0
LINE
8
BLACK
6
CONTINUOUS
10
1.1695846062992126
20
1.2168835433070866
11
1.1680632677165355
21
1.213897716535433
0
LINE
8
BLACK
6
CONTINUOUS
10
1.1680632677165355
20
1.213897716535433
11
1.1673170866141731
21
1.2124332283464567
0
LINE
8
BLACK
6
CONTINUOUS
10
1.1673170866141731
20
1.2124332283464567
11
1.1667322834645668
21
1.208740905511811
0
LINE
8
BLACK
6
CONTINUOUS
10
1.1667322834645668
20
1.208740905511811
11
1.1667322834645668
21
1.2087408661417323
0
LINE
8
BLACK
6
CONTINUOUS
10
1.1667322834645668
20
1.2087408661417323
11
1.1667322834645668
21
1.208740748031496
0
LINE
8
BLACK
6
CONTINUOUS
10
1.1667322834645668
20
1.208740748031496
11
1.1667322834645668
21
1.1712591732283464
0
LINE
8
BLACK
6
CONTINUOUS
10
1.1667322834645668
20
1.1712591732283464
11
1.1673170472440944
21
1.1675668110236219
0
LINE
8
BLACK
6
CONTINUOUS
10
1.1673170472440944
20
1.1675668110236219
11
1.1695846062992126
21
1.1631164173228346
0
LINE
8
BLACK
6
CONTINUOUS
10
1.1695846062992126
20
1.1631164173228346
11
1.1731164173228346
21
1.1595846062992126
0
LINE
8
BLACK
6
CONTINUOUS
10
1.1731164173228346
20
1.1595846062992126
11
1.1770763385826772
21
1.1575669685039369
0
LINE
8
BLACK
6
CONTINUOUS
10
1.1770763385826772
20
1.1575669685039369
11
1.1775667716535432
21
1.1573170866141731
0
LINE
8
BLACK
6
CONTINUOUS
10
1.1775667716535432
20
1.1573170866141731
11
1.1812590944881889
21
1.1567322834645668
0
LINE
8
BLACK
6
CONTINUOUS
10
1.1812590944881889
20
1.1567322834645668
11
1.1812591732283464
21
1.1567322834645668
0
LINE
8
BLACK
6
CONTINUOUS
10
1.1812591732283464
20
1.1567322834645668
11
1.1812592125984251
21
1.1567322834645668
0
LINE
8
BLACK
6
CONTINUOUS
10
1.1812592125984251
20
1.1567322834645668
11
1.2387407874015748
21
1.1567322834645668
0
LINE
8
BLACK
6
CONTINUOUS
10
1.2387407874015748
20
1.1567322834645668
11
1.2424331496062992
21
1.1573170472440946
0
LINE
8
BLACK
6
CONTINUOUS
10
1.2424331496062992
20
1.1573170472440946
11
1.2468835433070866
21
1.1595846062992126
0
LINE
8
BLACK
6
CONTINUOUS
10
1.2468835433070866
20
1.1595846062992126
11
1.2504153543307086
21
1.1631164173228346
0
LINE
8
BLACK
6
CONTINUOUS
10
1.2504153543307086
20
1.1631164173228346
11
1.251409094488189
21
1.1650667716535432
0
LINE
8
BLACK
6
CONTINUOUS
10
1.251409094488189
20
1.1650667716535432
11
1.2526829133858268
21
1.1675667716535434
0
LINE
8
BLACK
6
CONTINUOUS
10
1.2526829133858268
20
1.1675667716535434
11
1.2532677165354331
21
1.1712590944881889
0
LINE
8
BLACK
6
CONTINUOUS
10
1.2532677165354331
20
1.1712590944881889
11
1.2532676771653544
21
1.2087408661417323
0
LINE
8
BLACK
6
CONTINUOUS
10
1.2532676771653544
20
1.2087408661417323
11
1.2526829133858268
21
1.2124332283464567
0
LINE
8
BLACK
6
CONTINUOUS
10
1.2526829133858268
20
1.2124332283464567
11
1.2504153543307086
21
1.2168835433070866
0
LINE
8
BLACK
6
CONTINUOUS
10
1.2504153543307086
20
1.2168835433070866
11
1.2468835433070866
21
1.2204153543307086
0
LINE
8
BLACK
6
CONTINUOUS
10
1.2468835433070866
20
1.2204153543307086
11
1.2437291732283464
21
1.2220225590551181
0
LINE
8
BLACK
6
CONTINUOUS
10
1.2437291732283464
20
1.2220225590551181
11
1.2416970866141732
21
1.2239417322834645
0
LINE
8
BLACK
6
CONTINUOUS
10
1.2416970866141732
20
1.2239417322834645
11
1.2410518110236219
21
1.2258872440944881
0
LINE
8
BLACK
6
CONTINUOUS
10
1.2410518110236219
20
1.2258872440944881
11
1.2410481102362205
21
1.2259199212598424
0
LINE
8
BLACK
6
CONTINUOUS
10
1.2410481102362205
20
1.2259199212598424
11
1.24092
21
1.227057283464567
0
LINE
8
BLACK
6
CONTINUOUS
10
1.24092
20
1.227057283464567
11
1.240919842519685
21
1.2270575984251968
0
LINE
8
BLACK
6
CONTINUOUS
10
1.240919842519685
20
1.2270575984251968
11
1.2408624803149606
21
1.2273090551181103
0
LINE
8
BLACK
6
CONTINUOUS
10
1.2408624803149606
20
1.2273090551181103
11
1.2410331496062992
21
1.2300989763779526
0
LINE
8
BLACK
6
CONTINUOUS
10
1.2410331496062992
20
1.2300989763779526
11
1.2426850393700788
21
1.2323537401574802
0
LINE
8
BLACK
6
CONTINUOUS
10
1.2426850393700788
20
1.2323537401574802
11
1.2434465354330708
21
1.2328333858267717
0
LINE
8
BLACK
6
CONTINUOUS
10
1.2434465354330708
20
1.2328333858267717
11
1.2468835039370079
21
1.2345846062992125
0
LINE
8
BLACK
6
CONTINUOUS
10
1.2468835039370079
20
1.2345846062992125
11
1.2468836220472441
21
1.23458468503937
0
LINE
8
BLACK
6
CONTINUOUS
10
1.2468836220472441
20
1.23458468503937
11
1.2504153543307086
21
1.2381164173228347
0
LINE
8
BLACK
6
CONTINUOUS
10
1.2504153543307086
20
1.2381164173228347
11
1.2514682677165354
21
1.2401829133858266
0
LINE
8
BLACK
6
CONTINUOUS
10
1.2514682677165354
20
1.2401829133858266
11
1.2526829133858268
21
1.2425667716535433
0
LINE
8
BLACK
6
CONTINUOUS
10
1.2526829133858268
20
1.2425667716535433
11
1.2532677165354331
21
1.2462590944881891
0
LINE
8
BLACK
6
CONTINUOUS
10
1.2532677165354331
20
1.2462590944881891
11
1.2532676771653544
21
1.2837408661417322
0
LINE
8
BLACK
6
CONTINUOUS
10
1.2532676771653544
20
1.2837408661417322
11
1.2526829133858268
21
1.2874332283464567
0
LINE
8
BLACK
6
CONTINUOUS
10
1.2526829133858268
20
1.2874332283464567
11
1.2504153543307086
21
1.2918835433070865
0
LINE
8
BLACK
6
CONTINUOUS
10
1.2504153543307086
20
1.2918835433070865
11
1.2468835433070866
21
1.2954153543307085
0
LINE
8
BLACK
6
CONTINUOUS
10
1.2468835433070866
20
1.2954153543307085
11
1.2424332283464568
21
1.2976829133858268
0
LINE
8
BLACK
6
CONTINUOUS
10
1.2424332283464568
20
1.2976829133858268
11
1.238740905511811
21
1.298267716535433
0
LINE
8
BLACK
6
CONTINUOUS
10
1.238740905511811
20
1.298267716535433
11
1.2366338188976378
21
1.2982676771653543
0
LINE
8
BLACK
6
CONTINUOUS
10
1.2366338188976378
20
1.2982676771653543
11
1.2339520078740158
21
1.2990551181102361
0
LINE
8
BLACK
6
CONTINUOUS
10
1.2339520078740158
20
1.2990551181102361
11
1.2321215354330708
21
1.3011675196850394
0
LINE
8
BLACK
6
CONTINUOUS
10
1.2321215354330708
20
1.3011675196850394
11
1.2316732283464566
21
1.3032283070866142
0
LINE
8
BLACK
6
CONTINUOUS
10
1.2316732283464566
20
1.3032283070866142
11
1.2316732283464566
21
1.304271653543307
0
LINE
8
BLACK
6
CONTINUOUS
10
1.2316732283464566
20
1.304271653543307
11
1.2324607086614172
21
1.3069535826771652
0
LINE
8
BLACK
6
CONTINUOUS
10
1.2324607086614172
20
1.3069535826771652
11
1.2345731496062993
21
1.3087840157480315
0
LINE
8
BLACK
6
CONTINUOUS
10
1.2345731496062993
20
1.3087840157480315
11
1.2366338188976378
21
1.3092322834645669
0
LINE
8
BLACK
6
CONTINUOUS
10
1.2366338188976378
20
1.3092322834645669
11
1.2412407874015747
21
1.3092322834645669
0
LINE
8
BLACK
6
CONTINUOUS
10
1.2412407874015747
20
1.3092322834645669
11
1.2449331496062992
21
1.3098170472440944
0
LINE
8
BLACK
6
CONTINUOUS
10
1.2449331496062992
20
1.3098170472440944
11
1.2493835433070866
21
1.3120846062992126
0
LINE
8
BLACK
6
CONTINUOUS
10
1.2493835433070866
20
1.3120846062992126
11
1.2529153543307086
21
1.3156164173228346
0
LINE
8
BLACK
6
CONTINUOUS
10
1.2529153543307086
20
1.3156164173228346
11
1.2540707086614173
21
1.3178839763779526
0
LINE
8
BLACK
6
CONTINUOUS
10
1.2540707086614173
20
1.3178839763779526
11
1.2551829133858268
21
1.3200667716535432
0
LINE
8
BLACK
6
CONTINUOUS
10
1.2551829133858268
20
1.3200667716535432
11
1.2551829527559055
21
1.320066968503937
0
LINE
8
BLACK
6
CONTINUOUS
10
1.2551829527559055
20
1.320066968503937
11
1.2552820472440944
21
1.320371968503937
0
LINE
8
BLACK
6
CONTINUOUS
10
1.2552820472440944
20
1.320371968503937
11
1.2568596062992126
21
1.3226793307086613
0
LINE
8
BLACK
6
CONTINUOUS
10
1.2568596062992126
20
1.3226793307086613
11
1.2594342125984253
21
1.3237675590551181
0
LINE
8
BLACK
6
CONTINUOUS
10
1.2594342125984253
20
1.3237675590551181
11
1.262188464566929
21
1.323291062992126
0
LINE
8
BLACK
6
CONTINUOUS
10
1.262188464566929
20
1.323291062992126
11
1.2642478346456694
21
1.3214011811023623
0
LINE
8
BLACK
6
CONTINUOUS
10
1.2642478346456694
20
1.3214011811023623
11
1.2647177165354331
21
1.3203724409448818
0
LINE
8
BLACK
6
CONTINUOUS
10
1.2647177165354331
20
1.3203724409448818
11
1.264816968503937
21
1.320066968503937
0
LINE
8
BLACK
6
CONTINUOUS
10
1.264816968503937
20
1.320066968503937
11
1.2670846062992125
21
1.3156164173228346
0
LINE
8
BLACK
6
CONTINUOUS
10
1.2670846062992125
20
1.3156164173228346
11
1.2706164173228347
21
1.3120846062992126
0
LINE
8
BLACK
6
CONTINUOUS
10
1.2706164173228347
20
1.3120846062992126
11
1.2750666929133858
21
1.3098171259842519
0
LINE
8
BLACK
6
CONTINUOUS
10
1.2750666929133858
20
1.3098171259842519
11
1.2750667716535433
21
1.3098170866141732
0
LINE
8
BLACK
6
CONTINUOUS
10
1.2750667716535433
20
1.3098170866141732
11
1.278759094488189
21
1.3092322834645669
0
LINE
8
BLACK
6
CONTINUOUS
10
1.278759094488189
20
1.3092322834645669
11
1.2833661417322835
21
1.3092322834645669
0
LINE
8
BLACK
6
CONTINUOUS
10
1.2833661417322835
20
1.3092322834645669
11
1.2860480708661417
21
1.3084448031496063
0
LINE
8
BLACK
6
CONTINUOUS
10
1.2860480708661417
20
1.3084448031496063
11
1.2878785039370078
21
1.3063323622047245
0
LINE
8
BLACK
6
CONTINUOUS
10
1.2878785039370078
20
1.3063323622047245
11
1.2883267716535434
21
1.304271653543307
0
LINE
8
BLACK
6
CONTINUOUS
10
1.2883267716535434
20
1.304271653543307
11
1.2883267716535434
21
1.3032283070866142
0
LINE
8
BLACK
6
CONTINUOUS
10
1.2883267716535434
20
1.3032283070866142
11
1.2875392913385826
21
1.300546377952756
0
LINE
8
BLACK
6
CONTINUOUS
10
1.2875392913385826
20
1.300546377952756
11
1.2854268503937007
21
1.2987159448818897
0
LINE
8
BLACK
6
CONTINUOUS
10
1.2854268503937007
20
1.2987159448818897
11
1.2833661417322835
21
1.2982676771653543
0
LINE
8
BLACK
6
CONTINUOUS
10
1.2833661417322835
20
1.2982676771653543
11
1.2812591338582677
21
1.2982676771653543
0
LINE
8
BLACK
6
CONTINUOUS
10
1.2812591338582677
20
1.2982676771653543
11
1.2775667716535433
21
1.2976829133858268
0
LINE
8
BLACK
6
CONTINUOUS
10
1.2775667716535433
20
1.2976829133858268
11
1.2753416141732283
21
1.2965491338582678
0
LINE
8
BLACK
6
CONTINUOUS
10
1.2753416141732283
20
1.2965491338582678
11
1.2731164173228346
21
1.2954153543307085
0
LINE
8
BLACK
6
CONTINUOUS
10
1.2731164173228346
20
1.2954153543307085
11
1.2695846062992127
21
1.2918835433070865
0
LINE
8
BLACK
6
CONTINUOUS
10
1.2695846062992127
20
1.2918835433070865
11
1.2680632677165353
21
1.2888977165354329
0
LINE
8
BLACK
6
CONTINUOUS
10
1.2680632677165353
20
1.2888977165354329
11
1.2673170866141732
21
1.2874332283464567
0
LINE
8
BLACK
6
CONTINUOUS
10
1.2673170866141732
20
1.2874332283464567
11
1.2667322834645669
21
1.283740905511811
0
LINE
8
BLACK
6
CONTINUOUS
10
1.2667322834645669
20
1.283740905511811
11
1.2667322834645669
21
1.2837408661417322
0
LINE
8
BLACK
6
CONTINUOUS
10
1.2667322834645669
20
1.2837408661417322
11
1.2667322834645669
21
1.283740748031496
0
LINE
8
BLACK
6
CONTINUOUS
10
1.2667322834645669
20
1.283740748031496
11
1.2667322834645669
21
1.2462591732283463
0
LINE
8
BLACK
6
CONTINUOUS
10
1.2667322834645669
20
1.2462591732283463
11
1.2673170472440944
21
1.2425668110236221
0
LINE
8
BLACK
6
CONTINUOUS
10
1.2673170472440944
20
1.2425668110236221
11
1.2695846062992127
21
1.2381164173228347
0
LINE
8
BLACK
6
CONTINUOUS
10
1.2695846062992127
20
1.2381164173228347
11
1.2731163385826771
21
1.23458468503937
0
LINE
8
BLACK
6
CONTINUOUS
10
1.2731163385826771
20
1.23458468503937
11
1.2731165354330709
21
1.234584527559055
0
LINE
8
BLACK
6
CONTINUOUS
10
1.2731165354330709
20
1.234584527559055
11
1.2765534645669292
21
1.232833346456693
0
LINE
8
BLACK
6
CONTINUOUS
10
1.2765534645669292
20
1.232833346456693
11
1.2785855118110236
21
1.2309141338582676
0
LINE
8
BLACK
6
CONTINUOUS
10
1.2785855118110236
20
1.2309141338582676
11
1.2792574015748031
21
1.2282009448818898
0
LINE
8
BLACK
6
CONTINUOUS
10
1.2792574015748031
20
1.2282009448818898
11
1.2791375984251969
21
1.2273096456692913
0
LINE
8
BLACK
6
CONTINUOUS
10
1.2791375984251969
20
1.2273096456692913
11
1.2790799606299212
21
1.2270572047244095
0
LINE
8
BLACK
6
CONTINUOUS
10
1.2790799606299212
20
1.2270572047244095
11
1.2789481102362203
21
1.2258870078740156
0
LINE
8
BLACK
6
CONTINUOUS
10
1.2789481102362203
20
1.2258870078740156
11
1.2778652755905511
21
1.2233101181102362
0
LINE
8
BLACK
6
CONTINUOUS
10
1.2778652755905511
20
1.2233101181102362
11
1.2762707480314961
21
1.2220225590551181
0
LINE
8
BLACK
6
CONTINUOUS
10
1.2762707480314961
20
1.2220225590551181
11
1.2731165354330709
21
1.2204153937007873
0
LINE
8
BLACK
6
CONTINUOUS
10
1.2731165354330709
20
1.2204153937007873
11
1.2731163385826771
21
1.2204152755905511
0
LINE
8
BLACK
6
CONTINUOUS
10
1.2731163385826771
20
1.2204152755905511
11
1.2695846062992127
21
1.2168835433070866
0
LINE
8
BLACK
6
CONTINUOUS
10
1.2695846062992127
20
1.2168835433070866
11
1.2680632677165353
21
1.213897716535433
0
LINE
8
BLACK
6
CONTINUOUS
10
1.2680632677165353
20
1.213897716535433
11
1.2673170866141732
21
1.2124332283464567
0
LINE
8
BLACK
6
CONTINUOUS
10
1.2673170866141732
20
1.2124332283464567
11
1.2667322834645669
21
1.208740905511811
0
LINE
8
BLACK
6
CONTINUOUS
10
1.2667322834645669
20
1.208740905511811
11
1.2667322834645669
21
1.2087408661417323
0
LINE
8
BLACK
6
CONTINUOUS
10
1.2667322834645669
20
1.2087408661417323
11
1.2667322834645669
21
1.208740748031496
0
LINE
8
BLACK
6
CONTINUOUS
10
1.2667322834645669
20
1.208740748031496
11
1.2667322834645669
21
1.1712591732283464
0
LINE
8
BLACK
6
CONTINUOUS
10
1.2667322834645669
20
1.1712591732283464
11
1.2673170472440944
21
1.1675668110236219
0
LINE
8
BLACK
6
CONTINUOUS
10
1.2673170472440944
20
1.1675668110236219
11
1.2695846062992127
21
1.1631164173228346
0
LINE
8
BLACK
6
CONTINUOUS
10
1.2695846062992127
20
1.1631164173228346
11
1.2731164173228346
21
1.1595846062992126
0
LINE
8
BLACK
6
CONTINUOUS
10
1.2731164173228346
20
1.1595846062992126
11
1.2770763385826771
21
1.1575669685039369
0
LINE
8
BLACK
6
CONTINUOUS
10
1.2770763385826771
20
1.1575669685039369
11
1.2775667716535433
21
1.1573170866141731
0
LINE
8
BLACK
6
CONTINUOUS
10
1.2775667716535433
20
1.1573170866141731
11
1.281259094488189
21
1.1567322834645668
0
LINE
8
BLACK
6
CONTINUOUS
10
1.281259094488189
20
1.1567322834645668
11
1.2812591732283465
21
1.1567322834645668
0
LINE
8
BLACK
6
CONTINUOUS
10
1.2812591732283465
20
1.1567322834645668
11
1.2812592125984252
21
1.1567322834645668
0
LINE
8
BLACK
6
CONTINUOUS
10
1.2812592125984252
20
1.1567322834645668
11
1.3387407874015749
21
1.1567322834645668
0
LINE
8
BLACK
6
CONTINUOUS
10
1.3387407874015749
20
1.1567322834645668
11
1.3424331496062991
21
1.1573170472440946
0
LINE
8
BLACK
6
CONTINUOUS
10
1.3424331496062991
20
1.1573170472440946
11
1.3468835433070865
21
1.1595846062992126
0
LINE
8
BLACK
6
CONTINUOUS
10
1.3468835433070865
20
1.1595846062992126
11
1.3504153543307087
21
1.1631164173228346
0
LINE
8
BLACK
6
CONTINUOUS
10
1.3504153543307087
20
1.1631164173228346
11
1.3514090944881889
21
1.1650667716535432
0
LINE
8
BLACK
6
CONTINUOUS
10
1.3514090944881889
20
1.1650667716535432
11
1.3526829133858267
21
1.1675667716535434
0
LINE
8
BLACK
6
CONTINUOUS
10
1.3526829133858267
20
1.1675667716535434
11
1.353267716535433
21
1.1712590944881889
0
LINE
8
BLACK
6
CONTINUOUS
10
1.353267716535433
20
1.1712590944881889
11
1.3532676771653542
21
1.2087408661417323
0
LINE
8
BLACK
6
CONTINUOUS
10
1.3532676771653542
20
1.2087408661417323
11
1.3526829133858267
21
1.2124332283464567
0
LINE
8
BLACK
6
CONTINUOUS
10
1.3526829133858267
20
1.2124332283464567
11
1.3504153543307087
21
1.2168835433070866
0
LINE
8
BLACK
6
CONTINUOUS
10
1.3504153543307087
20
1.2168835433070866
11
1.3468835433070865
21
1.2204153543307086
0
LINE
8
BLACK
6
CONTINUOUS
10
1.3468835433070865
20
1.2204153543307086
11
1.3437291732283465
21
1.2220225590551181
0
LINE
8
BLACK
6
CONTINUOUS
10
1.3437291732283465
20
1.2220225590551181
11
1.3416970866141733
21
1.2239417322834645
0
LINE
8
BLACK
6
CONTINUOUS
10
1.3416970866141733
20
1.2239417322834645
11
1.341051811023622
21
1.2258872440944881
0
LINE
8
BLACK
6
CONTINUOUS
10
1.341051811023622
20
1.2258872440944881
11
1.3410481102362204
21
1.2259199212598424
0
LINE
8
BLACK
6
CONTINUOUS
10
1.3410481102362204
20
1.2259199212598424
11
1.3409199999999999
21
1.227057283464567
0
LINE
8
BLACK
6
CONTINUOUS
10
1.3409199999999999
20
1.227057283464567
11
1.3409198425196851
21
1.2270575984251968
0
LINE
8
BLACK
6
CONTINUOUS
10
1.3409198425196851
20
1.2270575984251968
11
1.3408624803149607
21
1.2273090551181103
0
LINE
8
BLACK
6
CONTINUOUS
10
1.3408624803149607
20
1.2273090551181103
11
1.3410331496062993
21
1.2300989763779526
0
LINE
8
BLACK
6
CONTINUOUS
10
1.3410331496062993
20
1.2300989763779526
11
1.3426850393700787
21
1.2323537401574802
0
LINE
8
BLACK
6
CONTINUOUS
10
1.3426850393700787
20
1.2323537401574802
11
1.3434465354330709
21
1.2328333858267717
0
LINE
8
BLACK
6
CONTINUOUS
10
1.3434465354330709
20
1.2328333858267717
11
1.346883503937008
21
1.2345846062992125
0
LINE
8
BLACK
6
CONTINUOUS
10
1.346883503937008
20
1.2345846062992125
11
1.346883622047244
21
1.23458468503937
0
LINE
8
BLACK
6
CONTINUOUS
10
1.346883622047244
20
1.23458468503937
11
1.3504153543307087
21
1.2381164173228347
0
LINE
8
BLACK
6
CONTINUOUS
10
1.3504153543307087
20
1.2381164173228347
11
1.3514682677165355
21
1.2401829133858266
0
LINE
8
BLACK
6
CONTINUOUS
10
1.3514682677165355
20
1.2401829133858266
11
1.3526829133858267
21
1.2425667716535433
0
LINE
8
BLACK
6
CONTINUOUS
10
1.3526829133858267
20
1.2425667716535433
11
1.353267716535433
21
1.2462590944881891
0
LINE
8
BLACK
6
CONTINUOUS
10
1.353267716535433
20
1.2462590944881891
11
1.3532676771653542
21
1.2837408661417322
0
LINE
8
BLACK
6
CONTINUOUS
10
1.3532676771653542
20
1.2837408661417322
11
1.3526829133858267
21
1.2874332283464567
0
LINE
8
BLACK
6
CONTINUOUS
10
1.3526829133858267
20
1.2874332283464567
11
1.3504153543307087
21
1.2918835433070865
0
LINE
8
BLACK
6
CONTINUOUS
10
1.3504153543307087
20
1.2918835433070865
11
1.3468835433070865
21
1.2954153543307085
0
LINE
8
BLACK
6
CONTINUOUS
10
1.3468835433070865
20
1.2954153543307085
11
1.3424332283464566
21
1.2976829133858268
0
LINE
8
BLACK
6
CONTINUOUS
10
1.3424332283464566
20
1.2976829133858268
11
1.3387409055118109
21
1.298267716535433
0
LINE
8
BLACK
6
CONTINUOUS
10
1.3387409055118109
20
1.298267716535433
11
1.3366338188976377
21
1.2982676771653543
0
LINE
8
BLACK
6
CONTINUOUS
10
1.3366338188976377
20
1.2982676771653543
11
1.3339520078740157
21
1.2990551181102361
0
LINE
8
BLACK
6
CONTINUOUS
10
1.3339520078740157
20
1.2990551181102361
11
1.3321215354330709
21
1.3011675196850394
0
LINE
8
BLACK
6
CONTINUOUS
10
1.3321215354330709
20
1.3011675196850394
11
1.3316732283464567
21
1.3032283070866142
0
LINE
8
BLACK
6
CONTINUOUS
10
1.3316732283464567
20
1.3032283070866142
11
1.3316732283464567
21
1.304271653543307
0
LINE
8
BLACK
6
CONTINUOUS
10
1.3316732283464567
20
1.304271653543307
11
1.3324607086614173
21
1.3069535826771652
0
LINE
8
BLACK
6
CONTINUOUS
10
1.3324607086614173
20
1.3069535826771652
11
1.3345731496062991
21
1.3087840157480315
0
LINE
8
BLACK
6
CONTINUOUS
10
1.3345731496062991
20
1.3087840157480315
11
1.3366338188976377
21
1.3092322834645669
0
LINE
8
BLACK
6
CONTINUOUS
10
1.3366338188976377
20
1.3092322834645669
11
1.3412407874015748
21
1.3092322834645669
0
LINE
8
BLACK
6
CONTINUOUS
10
1.3412407874015748
20
1.3092322834645669
11
1.3449331496062993
21
1.3098170472440944
0
LINE
8
BLACK
6
CONTINUOUS
10
1.3449331496062993
20
1.3098170472440944
11
1.3493835433070867
21
1.3120846062992126
0
LINE
8
BLACK
6
CONTINUOUS
10
1.3493835433070867
20
1.3120846062992126
11
1.3529153543307086
21
1.3156164173228346
0
LINE
8
BLACK
6
CONTINUOUS
10
1.3529153543307086
20
1.3156164173228346
11
1.3540707086614172
21
1.3178839763779526
0
LINE
8
BLACK
6
CONTINUOUS
10
1.3540707086614172
20
1.3178839763779526
11
1.3551829133858266
21
1.3200667716535432
0
LINE
8
BLACK
6
CONTINUOUS
10
1.3551829133858266
20
1.3200667716535432
11
1.3551829527559054
21
1.320066968503937
0
LINE
8
BLACK
6
CONTINUOUS
10
1.3551829527559054
20
1.320066968503937
11
1.3552820472440945
21
1.320371968503937
0
LINE
8
BLACK
6
CONTINUOUS
10
1.3552820472440945
20
1.320371968503937
11
1.3568596062992127
21
1.3226793307086613
0
LINE
8
BLACK
6
CONTINUOUS
10
1.3568596062992127
20
1.3226793307086613
11
1.3594342125984251
21
1.3237675590551181
0
LINE
8
BLACK
6
CONTINUOUS
10
1.3594342125984251
20
1.3237675590551181
11
1.3621884645669291
21
1.323291062992126
0
LINE
8
BLACK
6
CONTINUOUS
10
1.3621884645669291
20
1.323291062992126
11
1.3642478346456692
21
1.3214011811023623
0
LINE
8
BLACK
6
CONTINUOUS
10
1.3642478346456692
20
1.3214011811023623
11
1.3647177165354329
21
1.3203724409448818
0
LINE
8
BLACK
6
CONTINUOUS
10
1.3647177165354329
20
1.3203724409448818
11
1.3648169685039371
21
1.320066968503937
0
LINE
8
BLACK
6
CONTINUOUS
10
1.3648169685039371
20
1.320066968503937
11
1.3670846062992126
21
1.3156164173228346
0
LINE
8
BLACK
6
CONTINUOUS
10
1.3670846062992126
20
1.3156164173228346
11
1.3706164173228346
21
1.3120846062992126
0
LINE
8
BLACK
6
CONTINUOUS
10
1.3706164173228346
20
1.3120846062992126
11
1.3750666929133859
21
1.3098171259842519
0
LINE
8
BLACK
6
CONTINUOUS
10
1.3750666929133859
20
1.3098171259842519
11
1.3750667716535432
21
1.3098170866141732
0
LINE
8
BLACK
6
CONTINUOUS
10
1.3750667716535432
20
1.3098170866141732
11
1.3787590944881889
21
1.3092322834645669
0
LINE
8
BLACK
6
CONTINUOUS
10
1.3787590944881889
20
1.3092322834645669
11
1.3833661417322833
21
1.3092322834645669
0
LINE
8
BLACK
6
CONTINUOUS
10
1.3833661417322833
20
1.3092322834645669
11
1.3860480708661418
21
1.3084448031496063
0
LINE
8
BLACK
6
CONTINUOUS
10
1.3860480708661418
20
1.3084448031496063
11
1.3878785039370078
21
1.3063323622047245
0
LINE
8
BLACK
6
CONTINUOUS
10
1.3878785039370078
20
1.3063323622047245
11
1.3883267716535432
21
1.304271653543307
0
LINE
8
BLACK
6
CONTINUOUS
10
1.3883267716535432
20
1.304271653543307
11
1.3883267716535432
21
1.3032283070866142
0
LINE
8
BLACK
6
CONTINUOUS
10
1.3883267716535432
20
1.3032283070866142
11
1.3875392913385827
21
1.300546377952756
0
LINE
8
BLACK
6
CONTINUOUS
10
1.3875392913385827
20
1.300546377952756
11
1.3854268503937008
21
1.2987159448818897
0
LINE
8
BLACK
6
CONTINUOUS
10
1.3854268503937008
20
1.2987159448818897
11
1.3833661417322833
21
1.2982676771653543
0
LINE
8
BLACK
6
CONTINUOUS
10
1.3833661417322833
20
1.2982676771653543
11
1.3812591338582676
21
1.2982676771653543
0
LINE
8
BLACK
6
CONTINUOUS
10
1.3812591338582676
20
1.2982676771653543
11
1.3775667716535434
21
1.2976829133858268
0
LINE
8
BLACK
6
CONTINUOUS
10
1.3775667716535434
20
1.2976829133858268
11
1.3753416141732284
21
1.2965491338582678
0
LINE
8
BLACK
6
CONTINUOUS
10
1.3753416141732284
20
1.2965491338582678
11
1.3731164173228345
21
1.2954153543307085
0
LINE
8
BLACK
6
CONTINUOUS
10
1.3731164173228345
20
1.2954153543307085
11
1.3695846062992125
21
1.2918835433070865
0
LINE
8
BLACK
6
CONTINUOUS
10
1.3695846062992125
20
1.2918835433070865
11
1.3680632677165354
21
1.2888977165354329
0
LINE
8
BLACK
6
CONTINUOUS
10
1.3680632677165354
20
1.2888977165354329
11
1.3673170866141733
21
1.2874332283464567
0
LINE
8
BLACK
6
CONTINUOUS
10
1.3673170866141733
20
1.2874332283464567
11
1.366732283464567
21
1.283740905511811
0
LINE
8
BLACK
6
CONTINUOUS
10
1.366732283464567
20
1.283740905511811
11
1.366732283464567
21
1.2837408661417322
0
LINE
8
BLACK
6
CONTINUOUS
10
1.366732283464567
20
1.2837408661417322
11
1.366732283464567
21
1.283740748031496
0
LINE
8
BLACK
6
CONTINUOUS
10
1.366732283464567
20
1.283740748031496
11
1.366732283464567
21
1.2462591732283463
0
LINE
8
BLACK
6
CONTINUOUS
10
1.366732283464567
20
1.2462591732283463
11
1.3673170472440945
21
1.2425668110236221
0
LINE
8
BLACK
6
CONTINUOUS
10
1.3673170472440945
20
1.2425668110236221
11
1.3695846062992125
21
1.2381164173228347
0
LINE
8
BLACK
6
CONTINUOUS
10
1.3695846062992125
20
1.2381164173228347
11
1.3731163385826772
21
1.23458468503937
0
LINE
8
BLACK
6
CONTINUOUS
10
1.3731163385826772
20
1.23458468503937
11
1.3731165354330708
21
1.234584527559055
0
LINE
8
BLACK
6
CONTINUOUS
10
1.3731165354330708
20
1.234584527559055
11
1.3765534645669291
21
1.232833346456693
0
LINE
8
BLACK
6
CONTINUOUS
10
1.3765534645669291
20
1.232833346456693
11
1.3785855118110235
21
1.2309141338582676
0
LINE
8
BLACK
6
CONTINUOUS
10
1.3785855118110235
20
1.2309141338582676
11
1.3792574015748031
21
1.2282009448818898
0
LINE
8
BLACK
6
CONTINUOUS
10
1.3792574015748031
20
1.2282009448818898
11
1.3791375984251968
21
1.2273096456692913
0
LINE
8
BLACK
6
CONTINUOUS
10
1.3791375984251968
20
1.2273096456692913
11
1.3790799606299213
21
1.2270572047244095
0
LINE
8
BLACK
6
CONTINUOUS
10
1.3790799606299213
20
1.2270572047244095
11
1.3789481102362204
21
1.2258870078740156
0
LINE
8
BLACK
6
CONTINUOUS
10
1.3789481102362204
20
1.2258870078740156
11
1.3778652755905512
21
1.2233101181102362
0
LINE
8
BLACK
6
CONTINUOUS
10
1.3778652755905512
20
1.2233101181102362
11
1.376270748031496
21
1.2220225590551181
0
LINE
8
BLACK
6
CONTINUOUS
10
1.376270748031496
20
1.2220225590551181
11
1.3731165354330708
21
1.2204153937007873
0
LINE
8
BLACK
6
CONTINUOUS
10
1.3731165354330708
20
1.2204153937007873
11
1.3731163385826772
21
1.2204152755905511
0
LINE
8
BLACK
6
CONTINUOUS
10
1.3731163385826772
20
1.2204152755905511
11
1.3695846062992125
21
1.2168835433070866
0
LINE
8
BLACK
6
CONTINUOUS
10
1.3695846062992125
20
1.2168835433070866
11
1.3680632677165354
21
1.213897716535433
0
LINE
8
BLACK
6
CONTINUOUS
10
1.3680632677165354
20
1.213897716535433
11
1.3673170866141733
21
1.2124332283464567
0
LINE
8
BLACK
6
CONTINUOUS
10
1.3673170866141733
20
1.2124332283464567
11
1.366732283464567
21
1.208740905511811
0
LINE
8
BLACK
6
CONTINUOUS
10
1.366732283464567
20
1.208740905511811
11
1.366732283464567
21
1.2087408661417323
0
LINE
8
BLACK
6
CONTINUOUS
10
1.366732283464567
20
1.2087408661417323
11
1.366732283464567
21
1.208740748031496
0
LINE
8
BLACK
6
CONTINUOUS
10
1.366732283464567
20
1.208740748031496
11
1.366732283464567
21
1.1712591732283464
0
LINE
8
BLACK
6
CONTINUOUS
10
1.366732283464567
20
1.1712591732283464
11
1.3673170472440945
21
1.1675668110236219
0
LINE
8
BLACK
6
CONTINUOUS
10
1.3673170472440945
20
1.1675668110236219
11
1.3695846062992125
21
1.1631164173228346
0
LINE
8
BLACK
6
CONTINUOUS
10
1.3695846062992125
20
1.1631164173228346
11
1.3731164173228345
21
1.1595846062992126
0
LINE
8
BLACK
6
CONTINUOUS
10
1.3731164173228345
20
1.1595846062992126
11
1.3770763385826772
21
1.1575669685039369
0
LINE
8
BLACK
6
CONTINUOUS
10
1.3770763385826772
20
1.1575669685039369
11
1.3775667716535434
21
1.1573170866141731
0
LINE
8
BLACK
6
CONTINUOUS
10
1.3775667716535434
20
1.1573170866141731
11
1.3812590944881888
21
1.1567322834645668
0
LINE
8
BLACK
6
CONTINUOUS
10
1.3812590944881888
20
1.1567322834645668
11
1.3812591732283463
21
1.1567322834645668
0
LINE
8
BLACK
6
CONTINUOUS
10
1.3812591732283463
20
1.1567322834645668
11
1.3812592125984251
21
1.1567322834645668
0
LINE
8
BLACK
6
CONTINUOUS
10
1.3812592125984251
20
1.1567322834645668
11
1.4387407874015747
21
1.1567322834645668
0
LINE
8
BLACK
6
CONTINUOUS
10
1.4387407874015747
20
1.1567322834645668
11
1.4424331496062992
21
1.1573170472440946
0
LINE
8
BLACK
6
CONTINUOUS
10
1.4424331496062992
20
1.1573170472440946
11
1.4468835433070866
21
1.1595846062992126
0
LINE
8
BLACK
6
CONTINUOUS
10
1.4468835433070866
20
1.1595846062992126
11
1.4504153543307086
21
1.1631164173228346
0
LINE
8
BLACK
6
CONTINUOUS
10
1.4504153543307086
20
1.1631164173228346
11
1.451409094488189
21
1.1650667716535432
0
LINE
8
BLACK
6
CONTINUOUS
10
1.451409094488189
20
1.1650667716535432
11
1.4526829133858268
21
1.1675667716535434
0
LINE
8
BLACK
6
CONTINUOUS
10
1.4526829133858268
20
1.1675667716535434
11
1.4532677165354331
21
1.1712590944881889
0
LINE
8
BLACK
6
CONTINUOUS
10
1.4532677165354331
20
1.1712590944881889
11
1.4532676771653543
21
1.2087408661417323
0
LINE
8
BLACK
6
CONTINUOUS
10
1.4532676771653543
20
1.2087408661417323
11
1.4526829133858268
21
1.2124332283464567
0
LINE
8
BLACK
6
CONTINUOUS
10
1.4526829133858268
20
1.2124332283464567
11
1.4504153543307086
21
1.2168835433070866
0
LINE
8
BLACK
6
CONTINUOUS
10
1.4504153543307086
20
1.2168835433070866
11
1.4468835433070866
21
1.2204153543307086
0
LINE
8
BLACK
6
CONTINUOUS
10
1.4468835433070866
20
1.2204153543307086
11
1.4437291732283464
21
1.2220225590551181
0
LINE
8
BLACK
6
CONTINUOUS
10
1.4437291732283464
20
1.2220225590551181
11
1.4416970866141732
21
1.2239417322834645
0
LINE
8
BLACK
6
CONTINUOUS
10
1.4416970866141732
20
1.2239417322834645
11
1.4410518110236221
21
1.2258872440944881
0
LINE
8
BLACK
6
CONTINUOUS
10
1.4410518110236221
20
1.2258872440944881
11
1.4410481102362205
21
1.2259199212598424
0
LINE
8
BLACK
6
CONTINUOUS
10
1.4410481102362205
20
1.2259199212598424
11
1.44092
21
1.227057283464567
0
LINE
8
BLACK
6
CONTINUOUS
10
1.44092
20
1.227057283464567
11
1.440919842519685
21
1.2270575984251968
0
LINE
8
BLACK
6
CONTINUOUS
10
1.440919842519685
20
1.2270575984251968
11
1.4408624803149606
21
1.2273090551181103
0
LINE
8
BLACK
6
CONTINUOUS
10
1.4408624803149606
20
1.2273090551181103
11
1.4410331496062991
21
1.2300989763779526
0
LINE
8
BLACK
6
CONTINUOUS
10
1.4410331496062991
20
1.2300989763779526
11
1.4426850393700787
21
1.2323537401574802
0
LINE
8
BLACK
6
CONTINUOUS
10
1.4426850393700787
20
1.2323537401574802
11
1.4434465354330708
21
1.2328333858267717
0
LINE
8
BLACK
6
CONTINUOUS
10
1.4434465354330708
20
1.2328333858267717
11
1.4468835039370078
21
1.2345846062992125
0
LINE
8
BLACK
6
CONTINUOUS
10
1.4468835039370078
20
1.2345846062992125
11
1.4468836220472441
21
1.23458468503937
0
LINE
8
BLACK
6
CONTINUOUS
10
1.4468836220472441
20
1.23458468503937
11
1.4504153543307086
21
1.2381164173228347
0
LINE
8
BLACK
6
CONTINUOUS
10
1.4504153543307086
20
1.2381164173228347
11
1.4514682677165354
21
1.2401829133858266
0
LINE
8
BLACK
6
CONTINUOUS
10
1.4514682677165354
20
1.2401829133858266
11
1.4526829133858268
21
1.2425667716535433
0
LINE
8
BLACK
6
CONTINUOUS
10
1.4526829133858268
20
1.2425667716535433
11
1.4532677165354331
21
1.2462590944881891
0
LINE
8
BLACK
6
CONTINUOUS
10
1.4532677165354331
20
1.2462590944881891
11
1.4532676771653543
21
1.2837408661417322
0
LINE
8
BLACK
6
CONTINUOUS
10
1.4532676771653543
20
1.2837408661417322
11
1.4526829133858268
21
1.2874332283464567
0
LINE
8
BLACK
6
CONTINUOUS
10
1.4526829133858268
20
1.2874332283464567
11
1.4504153543307086
21
1.2918835433070865
0
LINE
8
BLACK
6
CONTINUOUS
10
1.4504153543307086
20
1.2918835433070865
11
1.4468835433070866
21
1.2954153543307085
0
LINE
8
BLACK
6
CONTINUOUS
10
1.4468835433070866
20
1.2954153543307085
11
1.4424332283464567
21
1.2976829133858268
0
LINE
8
BLACK
6
CONTINUOUS
10
1.4424332283464567
20
1.2976829133858268
11
1.438740905511811
21
1.298267716535433
0
LINE
8
BLACK
6
CONTINUOUS
10
1.438740905511811
20
1.298267716535433
11
1.4366338188976377
21
1.2982676771653543
0
LINE
8
BLACK
6
CONTINUOUS
10
1.4366338188976377
20
1.2982676771653543
11
1.4339520078740158
21
1.2990551181102361
0
LINE
8
BLACK
6
CONTINUOUS
10
1.4339520078740158
20
1.2990551181102361
11
1.4321215354330707
21
1.3011675196850394
0
LINE
8
BLACK
6
CONTINUOUS
10
1.4321215354330707
20
1.3011675196850394
11
1.4316732283464566
21
1.3032283070866142
0
LINE
8
BLACK
6
CONTINUOUS
10
1.4316732283464566
20
1.3032283070866142
11
1.4316732283464566
21
1.304271653543307
0
LINE
8
BLACK
6
CONTINUOUS
10
1.4316732283464566
20
1.304271653543307
11
1.4324607086614174
21
1.3069535826771652
0
LINE
8
BLACK
6
CONTINUOUS
10
1.4324607086614174
20
1.3069535826771652
11
1.4345731496062992
21
1.3087840157480315
0
LINE
8
BLACK
6
CONTINUOUS
10
1.4345731496062992
20
1.3087840157480315
11
1.4366338188976377
21
1.3092322834645669
0
LINE
8
BLACK
6
CONTINUOUS
10
1.4366338188976377
20
1.3092322834645669
11
1.4412407874015747
21
1.3092322834645669
0
LINE
8
BLACK
6
CONTINUOUS
10
1.4412407874015747
20
1.3092322834645669
11
1.4449331496062991
21
1.3098170472440944
0
LINE
8
BLACK
6
CONTINUOUS
10
1.4449331496062991
20
1.3098170472440944
11
1.4493835433070865
21
1.3120846062992126
0
LINE
8
BLACK
6
CONTINUOUS
10
1.4493835433070865
20
1.3120846062992126
11
1.4529153543307087
21
1.3156164173228346
0
LINE
8
BLACK
6
CONTINUOUS
10
1.4529153543307087
20
1.3156164173228346
11
1.453690472440945
21
1.3171377559055117
0
LINE
8
BLACK
6
CONTINUOUS
10
1.453690472440945
20
1.3171377559055117
11
1.4551829133858267
21
1.3200667716535432
0
LINE
8
BLACK
6
CONTINUOUS
10
1.4551829133858267
20
1.3200667716535432
11
1.455767716535433
21
1.323759094488189
0
LINE
8
BLACK
6
CONTINUOUS
10
1.455767716535433
20
1.323759094488189
11
1.4557676771653543
21
1.3862408661417323
0
LINE
8
BLACK
6
CONTINUOUS
10
1.4557676771653543
20
1.3862408661417323
11
1.4551829133858267
21
1.3899332283464567
0
LINE
8
BLACK
6
CONTINUOUS
10
1.4551829133858267
20
1.3899332283464567
11
1.4529153543307087
21
1.3943835433070866
0
LINE
8
BLACK
6
CONTINUOUS
10
1.4529153543307087
20
1.3943835433070866
11
1.4493835433070865
21
1.3979153543307086
0
LINE
8
BLACK
6
CONTINUOUS
10
1.4493835433070865
20
1.3979153543307086
11
1.4449332283464567
21
1.4001829133858268
0
LINE
8
BLACK
6
CONTINUOUS
10
1.4449332283464567
20
1.4001829133858268
11
1.4449327165354331
21
1.4001829527559055
0
LINE
8
BLACK
6
CONTINUOUS
10
1.4449327165354331
20
1.4001829527559055
11
1.4446280708661416
21
1.4002820078740157
0
LINE
8
BLACK
6
CONTINUOUS
10
1.4446280708661416
20
1.4002820078740157
11
1.4423206692913386
21
1.4018595275590551
0
LINE
8
BLACK
6
CONTINUOUS
10
1.4423206692913386
20
1.4018595275590551
11
1.441232401574803
21
1.4044341338582678
0
LINE
8
BLACK
6
CONTINUOUS
10
1.441232401574803
20
1.4044341338582678
11
1.4417088582677164
21
1.4071883858267715
0
LINE
8
BLACK
6
CONTINUOUS
10
1.4417088582677164
20
1.4071883858267715
11
1.4435987007874016
21
1.4092477952755904
0
LINE
8
BLACK
6
CONTINUOUS
10
1.4435987007874016
20
1.4092477952755904
11
1.4446275984251968
21
1.4097177559055118
0
LINE
8
BLACK
6
CONTINUOUS
10
1.4446275984251968
20
1.4097177559055118
11
1.4449331102362204
21
1.4098170078740158
0
LINE
8
BLACK
6
CONTINUOUS
10
1.4449331102362204
20
1.4098170078740158
11
1.4493835433070865
21
1.4120846062992125
0
LINE
8
BLACK
6
CONTINUOUS
10
1.4493835433070865
20
1.4120846062992125
11
1.4529153543307087
21
1.4156164173228347
0
LINE
8
BLACK
6
CONTINUOUS
10
1.4529153543307087
20
1.4156164173228347
11
1.453690472440945
21
1.4171377559055118
0
LINE
8
BLACK
6
CONTINUOUS
10
1.453690472440945
20
1.4171377559055118
11
1.4551829133858267
21
1.4200667716535433
0
LINE
8
BLACK
6
CONTINUOUS
10
1.4551829133858267
20
1.4200667716535433
11
1.455767716535433
21
1.423759094488189
0
LINE
8
BLACK
6
CONTINUOUS
10
1.455767716535433
20
1.423759094488189
11
1.4557676771653543
21
1.4822946456692914
0
LINE
8
BLACK
6
CONTINUOUS
10
1.4557676771653543
20
1.4822946456692914
11
1.4565551574803148
21
1.4849765748031496
0
LINE
8
BLACK
6
CONTINUOUS
10
1.4565551574803148
20
1.4849765748031496
11
1.4586675984251969
21
1.4868070078740157
0
LINE
8
BLACK
6
CONTINUOUS
10
1.4586675984251969
20
1.4868070078740157
11
1.4614342913385827
21
1.4872048031496063
0
LINE
8
BLACK
6
CONTINUOUS
10
1.4614342913385827
20
1.4872048031496063
11
1.463976811023622
21
1.4860436614173227
0
LINE
8
BLACK
6
CONTINUOUS
10
1.463976811023622
20
1.4860436614173227
11
1.4642360236220473
21
1.4858023228346455
0
LINE
8
BLACK
6
CONTINUOUS
10
1.4642360236220473
20
1.4858023228346455
11
1.4700423228346455
21
1.4799959842519685
0
LINE
8
BLACK
6
CONTINUOUS
10
1.4700423228346455
20
1.4799959842519685
11
1.4701599212598424
21
1.4798742913385827
0
LINE
8
BLACK
6
CONTINUOUS
10
1.4701599212598424
20
1.4798742913385827
11
1.4718825196850394
21
1.4780298818897637
0
LINE
8
BLACK
6
CONTINUOUS
10
1.4718825196850394
20
1.4780298818897637
11
1.4718827952755906
21
1.4780296456692914
0
LINE
8
BLACK
6
CONTINUOUS
10
1.4718827952755906
20
1.4780296456692914
11
1.4732612204724409
21
1.4771913779527559
0
LINE
8
BLACK
6
CONTINUOUS
10
1.4732612204724409
20
1.4771913779527559
11
1.4736808661417322
21
1.4769057874015747
0
LINE
8
BLACK
6
CONTINUOUS
10
1.4736808661417322
20
1.4769057874015747
11
1.4749667716535433
21
1.4759306692913385
0
LINE
8
BLACK
6
CONTINUOUS
10
1.4749667716535433
20
1.4759306692913385
11
1.4756180708661417
21
1.4756738188976377
0
LINE
8
BLACK
6
CONTINUOUS
10
1.4756180708661417
20
1.4756738188976377
11
1.4763751181102363
21
1.4752977952755906
0
LINE
8
BLACK
6
CONTINUOUS
10
1.4763751181102363
20
1.4752977952755906
11
1.476973188976378
21
1.4749341338582678
0
LINE
8
BLACK
6
CONTINUOUS
10
1.476973188976378
20
1.4749341338582678
11
1.4781102362204723
21
1.4746155118110236
0
LINE
8
BLACK
6
CONTINUOUS
10
1.4781102362204723
20
1.4746155118110236
11
1.480480157480315
21
1.4731335433070867
0
LINE
8
BLACK
6
CONTINUOUS
10
1.480480157480315
20
1.4731335433070867
11
1.4816726771653543
21
1.4706055511811023
0
LINE
8
BLACK
6
CONTINUOUS
10
1.4816726771653543
20
1.4706055511811023
11
1.481732283464567
21
1.4698389370078739
0
LINE
8
BLACK
6
CONTINUOUS
10
1.481732283464567
20
1.4698389370078739
11
1.481732283464567
21
1.4662591732283463
0
LINE
8
BLACK
6
CONTINUOUS
10
1.481732283464567
20
1.4662591732283463
11
1.4823170472440945
21
1.4625668110236221
0
LINE
8
BLACK
6
CONTINUOUS
10
1.4823170472440945
20
1.4625668110236221
11
1.4845846062992125
21
1.4581164173228347
0
LINE
8
BLACK
6
CONTINUOUS
10
1.4845846062992125
20
1.4581164173228347
11
1.4881164173228345
21
1.4545846062992125
0
LINE
8
BLACK
6
CONTINUOUS
10
1.4881164173228345
20
1.4545846062992125
11
1.4925666929133858
21
1.452317125984252
0
LINE
8
BLACK
6
CONTINUOUS
10
1.4925666929133858
20
1.452317125984252
11
1.4925667716535433
21
1.4523170866141732
0
LINE
8
BLACK
6
CONTINUOUS
10
1.4925667716535433
20
1.4523170866141732
11
1.4962590944881888
21
1.451732283464567
0
LINE
8
BLACK
6
CONTINUOUS
10
1.4962590944881888
20
1.451732283464567
11
1.4962591732283463
21
1.451732283464567
0
LINE
8
BLACK
6
CONTINUOUS
10
1.4962591732283463
20
1.451732283464567
11
1.4962592125984251
21
1.451732283464567
0
LINE
8
BLACK
6
CONTINUOUS
10
1.4962592125984251
20
1.451732283464567
11
1.5337407874015747
21
1.451732283464567
0
LINE
8
BLACK
6
CONTINUOUS
10
1.5337407874015747
20
1.451732283464567
11
1.5374331496062992
21
1.4523170472440945
0
LINE
8
BLACK
6
CONTINUOUS
10
1.5374331496062992
20
1.4523170472440945
11
1.5418835433070865
21
1.4545846062992125
0
LINE
8
BLACK
6
CONTINUOUS
10
1.5418835433070865
20
1.4545846062992125
11
1.5454153543307085
21
1.4581164173228347
0
LINE
8
BLACK
6
CONTINUOUS
10
1.5454153543307085
20
1.4581164173228347
11
1.5461904724409448
21
1.4596377559055118
0
LINE
8
BLACK
6
CONTINUOUS
10
1.5461904724409448
20
1.4596377559055118
11
1.5476829133858268
21
1.4625667716535433
0
LINE
8
BLACK
6
CONTINUOUS
10
1.5476829133858268
20
1.4625667716535433
11
1.548267716535433
21
1.466259094488189
0
LINE
8
BLACK
6
CONTINUOUS
10
1.548267716535433
20
1.466259094488189
11
1.5482676771653543
21
1.5237408661417322
0
LINE
8
BLACK
6
CONTINUOUS
10
1.5482676771653543
20
1.5237408661417322
11
1.5476829133858268
21
1.5274332283464567
0
LINE
8
BLACK
6
CONTINUOUS
10
1.5476829133858268
20
1.5274332283464567
11
1.5454153543307085
21
1.5318835433070865
0
LINE
8
BLACK
6
CONTINUOUS
10
1.5454153543307085
20
1.5318835433070865
11
1.5418835433070865
21
1.5354153543307085
0
LINE
8
BLACK
6
CONTINUOUS
10
1.5418835433070865
20
1.5354153543307085
11
1.5374332283464567
21
1.5376829133858267
0
LINE
8
BLACK
6
CONTINUOUS
10
1.5374332283464567
20
1.5376829133858267
11
1.533740905511811
21
1.538267716535433
0
LINE
8
BLACK
6
CONTINUOUS
10
1.533740905511811
20
1.538267716535433
11
1.4962591338582676
21
1.5382676771653543
0
LINE
8
BLACK
6
CONTINUOUS
10
1.4962591338582676
20
1.5382676771653543
11
1.4925667716535433
21
1.5376829133858267
0
LINE
8
BLACK
6
CONTINUOUS
10
1.4925667716535433
20
1.5376829133858267
11
1.4903416141732284
21
1.5365491338582677
0
LINE
8
BLACK
6
CONTINUOUS
10
1.4903416141732284
20
1.5365491338582677
11
1.4881164173228345
21
1.5354153543307085
0
LINE
8
BLACK
6
CONTINUOUS
10
1.4881164173228345
20
1.5354153543307085
11
1.4855279527559055
21
1.5328268897637796
0
LINE
8
BLACK
6
CONTINUOUS
10
1.4855279527559055
20
1.5328268897637796
11
1.4830747244094489
21
1.531487283464567
0
LINE
8
BLACK
6
CONTINUOUS
10
1.4830747244094489
20
1.531487283464567
11
1.4802867322834645
21
1.5316866929133859
0
LINE
8
BLACK
6
CONTINUOUS
10
1.4802867322834645
20
1.5316866929133859
11
1.4785126771653543
21
1.5328268110236221
0
LINE
8
BLACK
6
CONTINUOUS
10
1.4785126771653543
20
1.5328268110236221
11
1.4663350787401574
21
1.5450044094488189
0
LINE
8
BLACK
6
CONTINUOUS
10
1.4663350787401574
20
1.5450044094488189
11
1.4662196456692913
21
1.5451238188976377
0
LINE
8
BLACK
6
CONTINUOUS
10
1.4662196456692913
20
1.5451238188976377
11
1.4644952755905511
21
1.5469702362204725
0
LINE
8
BLACK
6
CONTINUOUS
10
1.4644952755905511
20
1.5469702362204725
11
1.4631166535433071
21
1.5478085433070865
0
LINE
8
BLACK
6
CONTINUOUS
10
1.4631166535433071
20
1.5478085433070865
11
1.4626972440944881
21
1.5480939370078739
0
LINE
8
BLACK
6
CONTINUOUS
10
1.4626972440944881
20
1.5480939370078739
11
1.4614111023622047
21
1.5490693307086614
0
LINE
8
BLACK
6
CONTINUOUS
10
1.4614111023622047
20
1.5490693307086614
11
1.4607601968503936
21
1.5493259842519684
0
LINE
8
BLACK
6
CONTINUOUS
10
1.4607601968503936
20
1.5493259842519684
11
1.4600024015748032
21
1.5497024015748031
0
LINE
8
BLACK
6
CONTINUOUS
10
1.4600024015748032
20
1.5497024015748031
11
1.4594048031496063
21
1.5500658267716536
0
LINE
8
BLACK
6
CONTINUOUS
10
1.4594048031496063
20
1.5500658267716536
11
1.4578505905511812
21
1.5505012598425196
0
LINE
8
BLACK
6
CONTINUOUS
10
1.4578505905511812
20
1.5505012598425196
11
1.457369842519685
21
1.5506629527559055
0
LINE
8
BLACK
6
CONTINUOUS
10
1.457369842519685
20
1.5506629527559055
11
1.4558686614173229
21
1.5512549606299213
0
LINE
8
BLACK
6
CONTINUOUS
10
1.4558686614173229
20
1.5512549606299213
11
1.4551724015748031
21
1.5513265354330708
0
LINE
8
BLACK
6
CONTINUOUS
10
1.4551724015748031
20
1.5513265354330708
11
1.4543416929133859
21
1.5514844094488189
0
LINE
8
BLACK
6
CONTINUOUS
10
1.4543416929133859
20
1.5514844094488189
11
1.4536679133858268
21
1.5516732283464567
0
LINE
8
BLACK
6
CONTINUOUS
10
1.4536679133858268
20
1.5516732283464567
11
1.4536678346456693
21
1.5516732283464567
0
LINE
8
BLACK
6
CONTINUOUS
10
1.4536678346456693
20
1.5516732283464567
11
1.4520543700787401
21
1.5516732283464567
0
LINE
8
BLACK
6
CONTINUOUS
10
1.4520543700787401
20
1.5516732283464567
11
1.4515470078740158
21
1.551699251968504
0
LINE
8
BLACK
6
CONTINUOUS
10
1.4515470078740158
20
1.551699251968504
11
1.4499420866141732
21
1.551864251968504
0
LINE
8
BLACK
6
CONTINUOUS
10
1.4499420866141732
20
1.551864251968504
11
1.4499420472440945
21
1.5518642125984252
0
LINE
8
BLACK
6
CONTINUOUS
10
1.4499420472440945
20
1.5518642125984252
11
1.4499420472440945
21
1.551864251968504
0
LINE
8
BLACK
6
CONTINUOUS
10
1.4499420472440945
20
1.551864251968504
11
1.449651496062992
21
1.5518141338582676
0
LINE
8
BLACK
6
CONTINUOUS
10
1.449651496062992
20
1.5518141338582676
11
1.4492524015748032
21
1.5517453543307087
0
LINE
8
BLACK
6
CONTINUOUS
10
1.4492524015748032
20
1.5517453543307087
11
1.4484096062992127
21
1.5516732283464567
0
LINE
8
BLACK
6
CONTINUOUS
10
1.4484096062992127
20
1.5516732283464567
11
1.2436441338582678
21
1.5516732283464567
0
LINE
8
BLACK
6
CONTINUOUS
10
1.2436441338582678
20
1.5516732283464567
11
1.2434748031496063
21
1.5516761023622048
0
LINE
8
BLACK
6
CONTINUOUS
10
1.2434748031496063
20
1.5516761023622048
11
1.2434601968503938
21
1.5516765748031496
0
LINE
8
BLACK
6
CONTINUOUS
10
1.2434601968503938
20
1.5516765748031496
11
1.2409517322834644
21
1.5517622834645668
0
LINE
8
BLACK
6
CONTINUOUS
10
1.2409517322834644
20
1.5517622834645668
11
1.2393838188976378
21
1.551380157480315
0
LINE
8
BLACK
6
CONTINUOUS
10
1.2393838188976378
20
1.551380157480315
11
1.2388855905511811
21
1.5512854724409448
0
LINE
8
BLACK
6
CONTINUOUS
10
1.2388855905511811
20
1.5512854724409448
11
1.2372866141732284
21
1.551065748031496
0
LINE
8
BLACK
6
CONTINUOUS
10
1.2372866141732284
20
1.551065748031496
11
1.2372865354330709
21
1.5510657086614172
0
LINE
8
BLACK
6
CONTINUOUS
10
1.2372865354330709
20
1.5510657086614172
11
1.2372864960629921
21
1.5510657086614172
0
LINE
8
BLACK
6
CONTINUOUS
10
1.2372864960629921
20
1.5510657086614172
11
1.2370713779527558
21
1.5509722440944882
0
LINE
8
BLACK
6
CONTINUOUS
10
1.2370713779527558
20
1.5509722440944882
11
1.2366448031496062
21
1.5507869291338583
0
LINE
8
BLACK
6
CONTINUOUS
10
1.2366448031496062
20
1.5507869291338583
11
1.2358427952755906
21
1.5505172440944881
0
LINE
8
BLACK
6
CONTINUOUS
10
1.2358427952755906
20
1.5505172440944881
11
1.2351633070866141
21
1.5503516929133858
0
LINE
8
BLACK
6
CONTINUOUS
10
1.2351633070866141
20
1.5503516929133858
11
1.2337562598425196
21
1.5495605511811024
0
LINE
8
BLACK
6
CONTINUOUS
10
1.2337562598425196
20
1.5495605511811024
11
1.2333025590551181
21
1.5493351968503937
0
LINE
8
BLACK
6
CONTINUOUS
10
1.2333025590551181
20
1.5493351968503937
11
1.2318220472440944
21
1.5486921259842519
0
LINE
8
BLACK
6
CONTINUOUS
10
1.2318220472440944
20
1.5486921259842519
11
1.2312792125984251
21
1.5482504724409449
0
LINE
8
BLACK
6
CONTINUOUS
10
1.2312792125984251
20
1.5482504724409449
11
1.2305799606299213
21
1.5477745669291338
0
LINE
8
BLACK
6
CONTINUOUS
10
1.2305799606299213
20
1.5477745669291338
11
1.2299701181102363
21
1.5474316929133858
0
LINE
8
BLACK
6
CONTINUOUS
10
1.2299701181102363
20
1.5474316929133858
11
1.2288291338582678
21
1.5462907086614173
0
LINE
8
BLACK
6
CONTINUOUS
10
1.2288291338582678
20
1.5462907086614173
11
1.2284524409448818
21
1.545950748031496
0
LINE
8
BLACK
6
CONTINUOUS
10
1.2284524409448818
20
1.545950748031496
11
1.2272004724409449
21
1.5449322047244094
0
LINE
8
BLACK
6
CONTINUOUS
10
1.2272004724409449
20
1.5449322047244094
11
1.2272004330708661
21
1.5449321259842519
0
LINE
8
BLACK
6
CONTINUOUS
10
1.2272004330708661
20
1.5449321259842519
11
1.2267968897637795
21
1.5443604724409448
0
LINE
8
BLACK
6
CONTINUOUS
10
1.2267968897637795
20
1.5443604724409448
11
1.2262518897637795
21
1.543713464566929
0
LINE
8
BLACK
6
CONTINUOUS
10
1.2262518897637795
20
1.543713464566929
11
1.1949961023622047
21
1.5124577165354329
0
LINE
8
BLACK
6
CONTINUOUS
10
1.1949961023622047
20
1.5124577165354329
11
1.1948742913385826
21
1.51234
0
LINE
8
BLACK
6
CONTINUOUS
10
1.1948742913385826
20
1.51234
11
1.193029842519685
21
1.5106174409448818
0
LINE
8
BLACK
6
CONTINUOUS
10
1.193029842519685
20
1.5106174409448818
11
1.1930298031496063
21
1.5106173622047243
0
LINE
8
BLACK
6
CONTINUOUS
10
1.1930298031496063
20
1.5106173622047243
11
1.192191496062992
21
1.5092388582677165
0
LINE
8
BLACK
6
CONTINUOUS
10
1.192191496062992
20
1.5092388582677165
11
1.1919057874015748
21
1.5088190551181102
0
LINE
8
BLACK
6
CONTINUOUS
10
1.1919057874015748
20
1.5088190551181102
11
1.1909306692913386
21
1.5075331496062991
0
LINE
8
BLACK
6
CONTINUOUS
10
1.1909306692913386
20
1.5075331496062991
11
1.1909305905511811
21
1.5075330314960629
0
LINE
8
BLACK
6
CONTINUOUS
10
1.1909305905511811
20
1.5075330314960629
11
1.1909305905511811
21
1.5075329921259841
0
LINE
8
BLACK
6
CONTINUOUS
10
1.1909305905511811
20
1.5075329921259841
11
1.1906738976377953
21
1.506882125984252
0
LINE
8
BLACK
6
CONTINUOUS
10
1.1906738976377953
20
1.506882125984252
11
1.1902977165354331
21
1.5061247244094489
0
LINE
8
BLACK
6
CONTINUOUS
10
1.1902977165354331
20
1.5061247244094489
11
1.1899341732283464
21
1.5055268897637795
0
LINE
8
BLACK
6
CONTINUOUS
10
1.1899341732283464
20
1.5055268897637795
11
1.1899341338582676
21
1.5055267716535432
0
LINE
8
BLACK
6
CONTINUOUS
10
1.1899341338582676
20
1.5055267716535432
11
1.1896155905511812
21
1.5043898818897636
0
LINE
8
BLACK
6
CONTINUOUS
10
1.1896155905511812
20
1.5043898818897636
11
1.1881337007874015
21
1.5020198818897637
0
LINE
8
BLACK
6
CONTINUOUS
10
1.1881337007874015
20
1.5020198818897637
11
1.1856057480314961
21
1.5008273228346456
0
LINE
8
BLACK
6
CONTINUOUS
10
1.1856057480314961
20
1.5008273228346456
11
1.184838937007874
21
1.5007676771653542
0
LINE
8
BLACK
6
CONTINUOUS
10
1.184838937007874
20
1.5007676771653542
11
1.1787591338582677
21
1.5007676771653542
0
LINE
8
BLACK
6
CONTINUOUS
10
1.1787591338582677
20
1.5007676771653542
11
1.1750667716535432
21
1.5001829133858267
0
LINE
8
BLACK
6
CONTINUOUS
10
1.1750667716535432
20
1.5001829133858267
11
1.1728416141732283
21
1.4990491338582677
0
LINE
8
BLACK
6
CONTINUOUS
10
1.1728416141732283
20
1.4990491338582677
11
1.1706164173228346
21
1.4979153543307087
0
LINE
8
BLACK
6
CONTINUOUS
10
1.1706164173228346
20
1.4979153543307087
11
1.1670846062992126
21
1.4943835433070867
0
LINE
8
BLACK
6
CONTINUOUS
10
1.1670846062992126
20
1.4943835433070867
11
1.1648170866141732
21
1.4899332283464566
0
LINE
8
BLACK
6
CONTINUOUS
10
1.1648170866141732
20
1.4899332283464566
11
1.164717874015748
21
1.4896278346456693
0
LINE
8
BLACK
6
CONTINUOUS
10
1.164717874015748
20
1.4896278346456693
11
1.1631401968503936
21
1.4873205118110235
0
LINE
8
BLACK
6
CONTINUOUS
10
1.1631401968503936
20
1.4873205118110235
11
1.1605655511811024
21
1.4862324015748032
0
LINE
8
BLACK
6
CONTINUOUS
10
1.1605655511811024
20
1.4862324015748032
11
1.1578113385826772
21
1.4867089763779526
0
LINE
8
BLACK
6
CONTINUOUS
10
1.1578113385826772
20
1.4867089763779526
11
1.1557520078740158
21
1.488598937007874
0
LINE
8
BLACK
6
CONTINUOUS
10
1.1557520078740158
20
1.488598937007874
11
1.1552821259842518
21
1.4896278346456693
0
LINE
8
BLACK
6
CONTINUOUS
10
1.1552821259842518
20
1.4896278346456693
11
1.1551829133858267
21
1.4899331496062991
0
LINE
8
BLACK
6
CONTINUOUS
10
1.1551829133858267
20
1.4899331496062991
11
1.1551829133858267
21
1.4899332283464566
0
LINE
8
BLACK
6
CONTINUOUS
10
1.1551829133858267
20
1.4899332283464566
11
1.1529153543307087
21
1.4943835433070867
0
LINE
8
BLACK
6
CONTINUOUS
10
1.1529153543307087
20
1.4943835433070867
11
1.1493835433070867
21
1.4979153543307087
0
LINE
8
BLACK
6
CONTINUOUS
10
1.1493835433070867
20
1.4979153543307087
11
1.1449332283464566
21
1.5001829133858267
0
LINE
8
BLACK
6
CONTINUOUS
10
1.1449332283464566
20
1.5001829133858267
11
1.1412409055118109
21
1.5007677165354329
0
LINE
8
BLACK
6
CONTINUOUS
10
1.1412409055118109
20
1.5007677165354329
11
1.0787591338582676
21
1.5007676771653542
0
LINE
8
BLACK
6
CONTINUOUS
10
1.0787591338582676
20
1.5007676771653542
11
1.0750667716535434
21
1.5001829133858267
0
LINE
8
BLACK
6
CONTINUOUS
10
1.0750667716535434
20
1.5001829133858267
11
1.0728416141732284
21
1.4990491338582677
0
LINE
8
BLACK
6
CONTINUOUS
10
1.0728416141732284
20
1.4990491338582677
11
1.0706164173228345
21
1.4979153543307087
0
LINE
8
BLACK
6
CONTINUOUS
10
1.0706164173228345
20
1.4979153543307087
11
1.0670846062992125
21
1.4943835433070867
0
LINE
8
BLACK
6
CONTINUOUS
10
1.0670846062992125
20
1.4943835433070867
11
1.0648170866141733
21
1.4899332283464566
0
LINE
8
BLACK
6
CONTINUOUS
10
1.0648170866141733
20
1.4899332283464566
11
1.0647178740157479
21
1.4896278346456693
0
LINE
8
BLACK
6
CONTINUOUS
10
1.0647178740157479
20
1.4896278346456693
11
1.0631401968503937
21
1.4873205118110235
0
LINE
8
BLACK
6
CONTINUOUS
10
1.0631401968503937
20
1.4873205118110235
11
1.0605655511811023
21
1.4862324015748032
0
LINE
8
BLACK
6
CONTINUOUS
10
1.0605655511811023
20
1.4862324015748032
11
1.0578113385826771
21
1.4867089763779526
0
LINE
8
BLACK
6
CONTINUOUS
10
1.0578113385826771
20
1.4867089763779526
11
1.0557520078740157
21
1.488598937007874
0
LINE
8
BLACK
6
CONTINUOUS
10
1.0557520078740157
20
1.488598937007874
11
1.055282125984252
21
1.4896278346456693
0
LINE
8
BLACK
6
CONTINUOUS
10
1.055282125984252
20
1.4896278346456693
11
1.0551829133858268
21
1.4899331496062991
0
LINE
8
BLACK
6
CONTINUOUS
10
1.0551829133858268
20
1.4899331496062991
11
1.0551829133858268
21
1.4899332283464566
0
LINE
8
BLACK
6
CONTINUOUS
10
1.0551829133858268
20
1.4899332283464566
11
1.0529153543307086
21
1.4943835433070867
0
LINE
8
BLACK
6
CONTINUOUS
10
1.0529153543307086
20
1.4943835433070867
11
1.0493835433070866
21
1.4979153543307087
0
LINE
8
BLACK
6
CONTINUOUS
10
1.0493835433070866
20
1.4979153543307087
11
1.0449332283464567
21
1.5001829133858267
0
LINE
8
BLACK
6
CONTINUOUS
10
1.0449332283464567
20
1.5001829133858267
11
1.041240905511811
21
1.5007677165354329
0
LINE
8
BLACK
6
CONTINUOUS
10
1.041240905511811
20
1.5007677165354329
11
0.9787591338582677
21
1.5007676771653542
0
LINE
8
BLACK
6
CONTINUOUS
10
0.9787591338582677
20
1.5007676771653542
11
0.9750667716535433
21
1.5001829133858267
0
LINE
8
BLACK
6
CONTINUOUS
10
0.9750667716535433
20
1.5001829133858267
11
0.9728416141732283
21
1.4990491338582677
0
LINE
8
BLACK
6
CONTINUOUS
10
0.9728416141732283
20
1.4990491338582677
11
0.9706164173228347
21
1.4979153543307087
0
LINE
8
BLACK
6
CONTINUOUS
10
0.9706164173228347
20
1.4979153543307087
11
0.9670846062992126
21
1.4943835433070867
0
LINE
8
BLACK
6
CONTINUOUS
10
0.9670846062992126
20
1.4943835433070867
11
0.9648170866141732
21
1.4899332283464566
0
LINE
8
BLACK
6
CONTINUOUS
10
0.9648170866141732
20
1.4899332283464566
11
0.964717874015748
21
1.4896278346456693
0
LINE
8
BLACK
6
CONTINUOUS
10
0.964717874015748
20
1.4896278346456693
11
0.9631401968503936
21
1.4873205118110235
0
LINE
8
BLACK
6
CONTINUOUS
10
0.9631401968503936
20
1.4873205118110235
11
0.9605655511811023
21
1.4862324015748032
0
LINE
8
BLACK
6
CONTINUOUS
10
0.9605655511811023
20
1.4862324015748032
11
0.9578113385826772
21
1.4867089763779526
0
LINE
8
BLACK
6
CONTINUOUS
10
0.9578113385826772
20
1.4867089763779526
11
0.9557520078740157
21
1.488598937007874
0
LINE
8
BLACK
6
CONTINUOUS
10
0.9557520078740157
20
1.488598937007874
11
0.955282125984252
21
1.4896278346456693
0
LINE
8
BLACK
6
CONTINUOUS
10
0.955282125984252
20
1.4896278346456693
11
0.9551829133858267
21
1.4899331496062991
0
LINE
8
BLACK
6
CONTINUOUS
10
0.9551829133858267
20
1.4899331496062991
11
0.9551829133858267
21
1.4899332283464566
0
LINE
8
BLACK
6
CONTINUOUS
10
0.9551829133858267
20
1.4899332283464566
11
0.9529153543307086
21
1.4943835433070867
0
LINE
8
BLACK
6
CONTINUOUS
10
0.9529153543307086
20
1.4943835433070867
11
0.9493835433070866
21
1.4979153543307087
0
LINE
8
BLACK
6
CONTINUOUS
10
0.9493835433070866
20
1.4979153543307087
11
0.9449332283464567
21
1.5001829133858267
0
LINE
8
BLACK
6
CONTINUOUS
10
0.9449332283464567
20
1.5001829133858267
11
0.9412409055118111
21
1.5007677165354329
0
LINE
8
BLACK
6
CONTINUOUS
10
0.9412409055118111
20
1.5007677165354329
11
0.8787591338582676
21
1.5007676771653542
0
LINE
8
BLACK
6
CONTINUOUS
10
0.8787591338582676
20
1.5007676771653542
11
0.8750667716535433
21
1.5001829133858267
0
LINE
8
BLACK
6
CONTINUOUS
10
0.8750667716535433
20
1.5001829133858267
11
0.8728416141732284
21
1.4990491338582677
0
LINE
8
BLACK
6
CONTINUOUS
10
0.8728416141732284
20
1.4990491338582677
11
0.8706164173228347
21
1.4979153543307087
0
LINE
8
BLACK
6
CONTINUOUS
10
0.8706164173228347
20
1.4979153543307087
11
0.8670846062992126
21
1.4943835433070867
0
LINE
8
BLACK
6
CONTINUOUS
10
0.8670846062992126
20
1.4943835433070867
11
0.8648170866141732
21
1.4899332283464566
0
LINE
8
BLACK
6
CONTINUOUS
10
0.8648170866141732
20
1.4899332283464566
11
0.8647178740157481
21
1.4896278346456693
0
LINE
8
BLACK
6
CONTINUOUS
10
0.8647178740157481
20
1.4896278346456693
11
0.8631401968503937
21
1.4873205118110235
0
LINE
8
BLACK
6
CONTINUOUS
10
0.8631401968503937
20
1.4873205118110235
11
0.8605655511811023
21
1.4862324015748032
0
LINE
8
BLACK
6
CONTINUOUS
10
0.8605655511811023
20
1.4862324015748032
11
0.8578113385826771
21
1.4867089763779526
0
LINE
8
BLACK
6
CONTINUOUS
10
0.8578113385826771
20
1.4867089763779526
11
0.8557520078740157
21
1.488598937007874
0
LINE
8
BLACK
6
CONTINUOUS
10
0.8557520078740157
20
1.488598937007874
11
0.8552821259842519
21
1.4896278346456693
0
LINE
8
BLACK
6
CONTINUOUS
10
0.8552821259842519
20
1.4896278346456693
11
0.8551829133858267
21
1.4899331496062991
0
LINE
8
BLACK
6
CONTINUOUS
10
0.8551829133858267
20
1.4899331496062991
11
0.8551829133858267
21
1.4899332283464566
0
LINE
8
BLACK
6
CONTINUOUS
10
0.8551829133858267
20
1.4899332283464566
11
0.8529153543307086
21
1.4943835433070867
0
LINE
8
BLACK
6
CONTINUOUS
10
0.8529153543307086
20
1.4943835433070867
11
0.8493835433070865
21
1.4979153543307087
0
LINE
8
BLACK
6
CONTINUOUS
10
0.8493835433070865
20
1.4979153543307087
11
0.8449332283464567
21
1.5001829133858267
0
LINE
8
BLACK
6
CONTINUOUS
10
0.8449332283464567
20
1.5001829133858267
11
0.841240905511811
21
1.5007677165354329
0
LINE
8
BLACK
6
CONTINUOUS
10
0.841240905511811
20
1.5007677165354329
11
0.7787591338582677
21
1.5007676771653542
0
LINE
8
BLACK
6
CONTINUOUS
10
0.7787591338582677
20
1.5007676771653542
11
0.7750667716535433
21
1.5001829133858267
0
LINE
8
BLACK
6
CONTINUOUS
10
0.7750667716535433
20
1.5001829133858267
11
0.7728416141732283
21
1.4990491338582677
0
LINE
8
BLACK
6
CONTINUOUS
10
0.7728416141732283
20
1.4990491338582677
11
0.7706164173228346
21
1.4979153543307087
0
LINE
8
BLACK
6
CONTINUOUS
10
0.7706164173228346
20
1.4979153543307087
11
0.7670846062992126
21
1.4943835433070867
0
LINE
8
BLACK
6
CONTINUOUS
10
0.7670846062992126
20
1.4943835433070867
11
0.7648170866141732
21
1.4899332283464566
0
LINE
8
BLACK
6
CONTINUOUS
10
0.7648170866141732
20
1.4899332283464566
11
0.764717874015748
21
1.4896278346456693
0
LINE
8
BLACK
6
CONTINUOUS
10
0.764717874015748
20
1.4896278346456693
11
0.7631401968503937
21
1.4873205118110235
0
LINE
8
BLACK
6
CONTINUOUS
10
0.7631401968503937
20
1.4873205118110235
11
0.7605655511811024
21
1.4862324015748032
0
LINE
8
BLACK
6
CONTINUOUS
10
0.7605655511811024
20
1.4862324015748032
11
0.7578113385826771
21
1.4867089763779526
0
LINE
8
BLACK
6
CONTINUOUS
10
0.7578113385826771
20
1.4867089763779526
11
0.7557520078740158
21
1.488598937007874
0
LINE
8
BLACK
6
CONTINUOUS
10
0.7557520078740158
20
1.488598937007874
11
0.7552821259842519
21
1.4896278346456693
0
LINE
8
BLACK
6
CONTINUOUS
10
0.7552821259842519
20
1.4896278346456693
11
0.7551829133858268
21
1.4899331496062991
0
LINE
8
BLACK
6
CONTINUOUS
10
0.7551829133858268
20
1.4899331496062991
11
0.7551829133858268
21
1.4899332283464566
0
LINE
8
BLACK
6
CONTINUOUS
10
0.7551829133858268
20
1.4899332283464566
11
0.7529153543307087
21
1.4943835433070867
0
LINE
8
BLACK
6
CONTINUOUS
10
0.7529153543307087
20
1.4943835433070867
11
0.7493835433070866
21
1.4979153543307087
0
LINE
8
BLACK
6
CONTINUOUS
10
0.7493835433070866
20
1.4979153543307087
11
0.7449332283464567
21
1.5001829133858267
0
LINE
8
BLACK
6
CONTINUOUS
10
0.7449332283464567
20
1.5001829133858267
11
0.741240905511811
21
1.5007677165354329
0
LINE
8
BLACK
6
CONTINUOUS
10
0.741240905511811
20
1.5007677165354329
11
0.6787591338582677
21
1.5007676771653542
0
LINE
8
BLACK
6
CONTINUOUS
10
0.6787591338582677
20
1.5007676771653542
11
0.6750667716535433
21
1.5001829133858267
0
LINE
8
BLACK
6
CONTINUOUS
10
0.6750667716535433
20
1.5001829133858267
11
0.6728416141732283
21
1.4990491338582677
0
LINE
8
BLACK
6
CONTINUOUS
10
0.6728416141732283
20
1.4990491338582677
11
0.6706164173228346
21
1.4979153543307087
0
LINE
8
BLACK
6
CONTINUOUS
10
0.6706164173228346
20
1.4979153543307087
11
0.6670846062992126
21
1.4943835433070867
0
LINE
8
BLACK
6
CONTINUOUS
10
0.6670846062992126
20
1.4943835433070867
11
0.6655632677165354
21
1.4913977165354331
0
LINE
8
BLACK
6
CONTINUOUS
10
0.6655632677165354
20
1.4913977165354331
11
0.6648170866141732
21
1.4899332283464566
0
LINE
8
BLACK
6
CONTINUOUS
10
0.6648170866141732
20
1.4899332283464566
11
0.6642322834645669
21
1.4862409055118111
0
LINE
8
BLACK
6
CONTINUOUS
10
0.6642322834645669
20
1.4862409055118111
11
0.6642322834645669
21
1.4862408661417323
0
LINE
8
BLACK
6
CONTINUOUS
10
0.6642322834645669
20
1.4862408661417323
11
0.6642322834645669
21
1.4862407480314961
0
LINE
8
BLACK
6
CONTINUOUS
10
0.6642322834645669
20
1.4862407480314961
11
0.6642322834645669
21
1.4237591732283463
0
LINE
8
BLACK
6
CONTINUOUS
10
0.6642322834645669
20
1.4237591732283463
11
0.6648170472440945
21
1.4200668110236221
0
LINE
8
BLACK
6
CONTINUOUS
10
0.6648170472440945
20
1.4200668110236221
11
0.6670846062992126
21
1.4156164173228347
0
LINE
8
BLACK
6
CONTINUOUS
10
0.6670846062992126
20
1.4156164173228347
11
0.6706164173228346
21
1.4120846062992125
0
LINE
8
BLACK
6
CONTINUOUS
10
0.6706164173228346
20
1.4120846062992125
11
0.6750668503937007
21
1.4098170078740158
0
LINE
8
BLACK
6
CONTINUOUS
10
0.6750668503937007
20
1.4098170078740158
11
0.6753722047244094
21
1.4097178346456694
0
LINE
8
BLACK
6
CONTINUOUS
10
0.6753722047244094
20
1.4097178346456694
11
0.6776795275590551
21
1.408140157480315
0
LINE
8
BLACK
6
CONTINUOUS
10
0.6776795275590551
20
1.408140157480315
11
0.6787675984251968
21
1.4055654724409448
0
LINE
8
BLACK
6
CONTINUOUS
10
0.6787675984251968
20
1.4055654724409448
11
0.6782909448818898
21
1.4028112598425198
0
LINE
8
BLACK
6
CONTINUOUS
10
0.6782909448818898
20
1.4028112598425198
11
0.6764009448818897
21
1.4007519685039369
0
LINE
8
BLACK
6
CONTINUOUS
10
0.6764009448818897
20
1.4007519685039369
11
0.6753722047244094
21
1.4002821653543307
0
LINE
8
BLACK
6
CONTINUOUS
10
0.6753722047244094
20
1.4002821653543307
11
0.6750668503937007
21
1.4001829527559055
0
LINE
8
BLACK
6
CONTINUOUS
10
0.6750668503937007
20
1.4001829527559055
11
0.6706164173228346
21
1.3979153543307086
0
LINE
8
BLACK
6
CONTINUOUS
10
0.6706164173228346
20
1.3979153543307086
11
0.6670846062992126
21
1.3943835433070866
0
LINE
8
BLACK
6
CONTINUOUS
10
0.6670846062992126
20
1.3943835433070866
11
0.6655632677165354
21
1.391397716535433
0
LINE
8
BLACK
6
CONTINUOUS
10
0.6655632677165354
20
1.391397716535433
11
0.6648170866141732
21
1.3899332283464567
0
LINE
8
BLACK
6
CONTINUOUS
10
0.6648170866141732
20
1.3899332283464567
11
0.6642322834645669
21
1.386240905511811
0
LINE
8
BLACK
6
CONTINUOUS
10
0.6642322834645669
20
1.386240905511811
11
0.6642322834645669
21
1.3862408661417323
0
LINE
8
BLACK
6
CONTINUOUS
10
0.6642322834645669
20
1.3862408661417323
11
0.6642322834645669
21
1.386240748031496
0
LINE
8
BLACK
6
CONTINUOUS
10
0.6642322834645669
20
1.386240748031496
11
0.6642322834645669
21
1.3237591732283465
0
LINE
8
BLACK
6
CONTINUOUS
10
0.6642322834645669
20
1.3237591732283465
11
0.6648170472440945
21
1.320066811023622
0
CIRCLE
8
BLACK
10
0.2
20
0.2
40
0.0068897637795276
0
CIRCLE
8
BLACK
10
1.8
20
0.2
40
0.0068897637795276
0
CIRCLE
8
BLACK
10
1.8
20
1.3999999999999999
40
0.0068897637795276
0
CIRCLE
8
BLACK
10
0.2
20
1.3999999999999999
40
0.0068897637795276
0
CIRCLE
8
BLACK
10
1.21
20
1.355
40
0.0068897637795276
0
CIRCLE
8
BLACK
10
1.21
20
1.4550000000000001
40
0.0068897637795276
0
CIRCLE
8
BLACK
10
0.71
20
1.355
40
0.0068897637795276
0
CIRCLE
8
BLACK
10
0.71
20
1.4550000000000001
40
0.0068897637795276
0
CIRCLE
8
BLACK
10
0.91
20
1.355
40
0.0068897637795276
0
CIRCLE
8
BLACK
10
0.91
20
1.4550000000000001
40
0.0068897637795276
0
CIRCLE
8
BLACK
10
1.4099999999999999
20
1.355
40
0.0068897637795276
0
CIRCLE
8
BLACK
10
1.4099999999999999
20
1.4550000000000001
40
0.0068897637795276
0
CIRCLE
8
BLACK
10
1.1099999999999999
20
1.355
40
0.0068897637795276
0
CIRCLE
8
BLACK
10
1.1099999999999999
20
1.4550000000000001
40
0.0068897637795276
0
CIRCLE
8
BLACK
10
1.3100000000000001
20
1.355
40
0.0068897637795276
0
CIRCLE
8
BLACK
10
1.3100000000000001
20
1.4550000000000001
40
0.0068897637795276
0
CIRCLE
8
BLACK
10
1.01
20
1.355
40
0.0068897637795276
0
CIRCLE
8
BLACK
10
1.01
20
1.4550000000000001
40
0.0068897637795276
0
CIRCLE
8
BLACK
10
0.605
20
1.355
40
0.0068897637795276
0
CIRCLE
8
BLACK
10
0.605
20
1.4550000000000001
40
0.0068897637795276
0
CIRCLE
8
BLACK
10
0.8099999999999999
20
1.355
40
0.0068897637795276
0
CIRCLE
8
BLACK
10
0.8099999999999999
20
1.4550000000000001
40
0.0068897637795276
0
CIRCLE
8
BLACK
10
0.125
20
0.45
40
0.0068897637795276
0
CIRCLE
8
BLACK
10
0.125
20
0.5499999999999999
40
0.0068897637795276
0
CIRCLE
8
BLACK
10
0.91
20
0.2331496062992126
40
0.0068897637795276
0
CIRCLE
8
BLACK
10
0.91
20
0.43
40
0.0068897637795276
0
CIRCLE
8
BLACK
10
0.71
20
0.2331496062992126
40
0.0068897637795276
0
CIRCLE
8
BLACK
10
0.71
20
0.43
40
0.0068897637795276
0
CIRCLE
8
BLACK
10
0.2081496062992126
20
0.85
40
0.0068897637795276
0
CIRCLE
8
BLACK
10
0.405
20
0.85
40
0.0068897637795276
0
CIRCLE
8
BLACK
10
0.2081496062992126
20
1.0449999999999999
40
0.0068897637795276
0
CIRCLE
8
BLACK
10
0.405
20
1.0449999999999999
40
0.0068897637795276
0
CIRCLE
8
BLACK
10
1.7868503937007874
20
1.0449999999999999
40
0.0068897637795276
0
CIRCLE
8
BLACK
10
1.5899999999999999
20
1.0449999999999999
40
0.0068897637795276
0
CIRCLE
8
BLACK
10
1.7868503937007874
20
0.85
40
0.0068897637795276
0
CIRCLE
8
BLACK
10
1.5899999999999999
20
0.85
40
0.0068897637795276
0
CIRCLE
8
BLACK
10
0.515
20
0.2331496062992126
40
0.0068897637795276
0
CIRCLE
8
BLACK
10
0.515
20
0.43
40
0.0068897637795276
0
CIRCLE
8
BLACK
10
1.1099999999999999
20
0.2331496062992126
40
0.0068897637795276
0
CIRCLE
8
BLACK
10
1.1099999999999999
20
0.43
40
0.0068897637795276
0
CIRCLE
8
BLACK
10
1.3100000000000001
20
0.2331496062992126
40
0.0068897637795276
0
CIRCLE
8
BLACK
10
1.3100000000000001
20
0.43
40
0.0068897637795276
0
CIRCLE
8
BLACK
10
1.51
20
0.2331496062992126
40
0.0068897637795276
0
CIRCLE
8
BLACK
10
1.51
20
0.43
40
0.0068897637795276
0
CIRCLE
8
BLACK
10
0.9813779527559054
20
0.8909448818897637
40
0.0068897637795276
0
CIRCLE
8
BLACK
10
1.0286220472440946
20
0.8909448818897637
40
0.0068897637795276
0
CIRCLE
8
BLACK
10
0.9813779527559054
20
0.9303149606299213
40
0.0068897637795276
0
CIRCLE
8
BLACK
10
1.0286220472440946
20
0.9303149606299213
40
0.0068897637795276
0
CIRCLE
8
BLACK
10
0.9813779527559054
20
0.9696850393700788
40
0.0068897637795276
0
CIRCLE
8
BLACK
10
1.0286220472440946
20
0.9696850393700788
40
0.0068897637795276
0
CIRCLE
8
BLACK
10
0.9813779527559054
20
1.0090551181102363
40
0.0068897637795276
0
CIRCLE
8
BLACK
10
1.0286220472440946
20
1.0090551181102363
40
0.0068897637795276
0
CIRCLE
8
BLACK
10
1.6199999999999999
20
0.46
40
0.0078740157480315
0
CIRCLE
8
BLACK
10
0.44
20
0.5499999999999999
40
0.0078740157480315
0
CIRCLE
8
BLACK
10
1.6199999999999999
20
0.36
40
0.0078740157480315
0
CIRCLE
8
BLACK
10
0.54
20
0.5499999999999999
40
0.0078740157480315
0
CIRCLE
8
BLACK
10
0.67
20
0.5499999999999999
40
0.0078740157480315
0
CIRCLE
8
BLACK
10
1.48
20
1.3400000000000001
40
0.0078740157480315
0
CIRCLE
8
BLACK
10
0.95
20
1.1299999999999999
40
0.0078740157480315
0
CIRCLE
8
BLACK
10
0.36
20
1.3100000000000001
40
0.0078740157480315
0
CIRCLE
8
BLACK
10
0.765
20
0.5499999999999999
40
0.0078740157480315
0
CIRCLE
8
BLACK
10
0.41
20
0.39
40
0.0078740157480315
0
CIRCLE
8
BLACK
10
1.4099999999999999
20
0.5499999999999999
40
0.0078740157480315
0
CIRCLE
8
BLACK
10
1.3100000000000001
20
0.5499999999999999
40
0.0078740157480315
0
CIRCLE
8
BLACK
10
1.5
20
0.5499999999999999
40
0.0078740157480315
0
CIRCLE
8
BLACK
10
0.49
20
0.5499999999999999
40
0.0078740157480315
0
CIRCLE
8
BLACK
10
0.36
20
1.51
40
0.0078740157480315
0
CIRCLE
8
BLACK
10
0.41
20
0.44
40
0.0078740157480315
0
CIRCLE
8
BLACK
10
0.625
20
0.5499999212598425
40
0.0078740157480315
0
CIRCLE
8
BLACK
10
1.5899999999999999
20
0.5499999999999999
40
0.0078740157480315
0
CIRCLE
8
BLACK
10
0.9
20
1.1299999999999999
40
0.0078740157480315
0
CIRCLE
8
BLACK
10
1.1499999999999999
20
0.75
40
0.0078740157480315
0
CIRCLE
8
BLACK
10
0.46
20
1.51
40
0.0078740157480315
0
CIRCLE
8
BLACK
10
1.6199999999999999
20
0.41
40
0.0078740157480315
0
CIRCLE
8
BLACK
10
0.7497958267716536
20
0.954755
40
0.0078740157480315
0
CIRCLE
8
BLACK
10
0.39
20
0.5
40
0.0078740157480315
0
CIRCLE
8
BLACK
10
1.6299999999999999
20
0.51
40
0.0078740157480315
0
CIRCLE
8
BLACK
10
0.36
20
1.4099999999999999
40
0.0078740157480315
0
CIRCLE
8
BLACK
10
1.48
20
1.3799999999999999
40
0.0078740157480315
0
CIRCLE
8
BLACK
10
1.48
20
1.4199999999999999
40
0.0078740157480315
0
CIRCLE
8
BLACK
10
1.48
20
1.21
40
0.0078740157480315
0
CIRCLE
8
BLACK
10
1.3599999999999999
20
0.5499999999999999
40
0.0078740157480315
0
CIRCLE
8
BLACK
10
1.48
20
1.26
40
0.0078740157480315
0
CIRCLE
8
BLACK
10
1.1099999999999999
20
0.5499999999999999
40
0.0078740157480315
0
CIRCLE
8
BLACK
10
0.36
20
1.26
40
0.0078740157480315
0
CIRCLE
8
BLACK
10
1.48
20
1.3
40
0.0078740157480315
0
CIRCLE
8
BLACK
10
1.21
20
0.5499999999999999
40
0.0078740157480315
0
CIRCLE
8
BLACK
10
0.36
20
1.46
40
0.0078740157480315
0
CIRCLE
8
BLACK
10
1.46
20
0.5499999999999999
40
0.0078740157480315
0
CIRCLE
8
BLACK
10
0.58
20
0.5499997637795275
40
0.0078740157480315
0
CIRCLE
8
BLACK
10
1.26
20
0.5499999999999999
40
0.0078740157480315
0
CIRCLE
8
BLACK
10
1.54
20
0.5499999999999999
40
0.0078740157480315
0
CIRCLE
8
BLACK
10
0.41
20
1.51
40
0.0078740157480315
0
CIRCLE
8
BLACK
10
0.36
20
1.3599999999999999
40
0.0078740157480315
0
CIRCLE
8
BLACK
10
0.715
20
0.5499999999999999
40
0.0078740157480315
0
CIRCLE
8
BLACK
10
0.97
20
1.0800000000000001
40
0.0078740157480315
0
CIRCLE
8
BLACK
10
0.41
20
0.33
40
0.0078740157480315
0
CIRCLE
8
BLACK
10
0.9299999999999999
20
1.0800000000000001
40
0.0078740157480315
0
CIRCLE
8
BLACK
10
1.1599999999999999
20
0.5499999999999999
40
0.0078740157480315
0
CIRCLE
8
BLACK
10
0.735
20
0.98
40
0.0078740157480315
0
CIRCLE
8
BLACK
10
0.52
20
0.6749999999999999
40
0.0078740157480315
0
CIRCLE
8
BLACK
10
1.02
20
0.85
40
0.0078740157480315
0
CIRCLE
8
BLACK
10
0.98
20
0.8099999999999999
40
0.0078740157480315
0
CIRCLE
8
BLACK
10
1.01
20
0.6899999999999999
40
0.0078740157480315
0
CIRCLE
8
BLACK
10
1.9099999999999999
20
0.735
40
0.0078740157480315
0
CIRCLE
8
BLACK
10
0.35
20
1.1950000000000001
40
0.0078740157480315
0
CIRCLE
8
BLACK
10
0.98
20
0.85
40
0.0078740157480315
0
CIRCLE
8
BLACK
10
1.21
20
1.22
40
0.0078740157480315
0
CIRCLE
8
BLACK
10
1.3149999999999999
20
0.735
40
0.0078740157480315
0
CIRCLE
8
BLACK
10
1.2949999999999999
20
0.9306294094488189
40
0.0078740157480315
0
CIRCLE
8
BLACK
10
0.6899999999999999
20
0.97
40
0.0078740157480315
0
CIRCLE
8
BLACK
10
0.71
20
1.22
40
0.0078740157480315
0
CIRCLE
8
BLACK
10
0.91
20
1.22
40
0.0078740157480315
0
CIRCLE
8
BLACK
10
0.82
20
0.9950002362204724
40
0.0078740157480315
0
CIRCLE
8
BLACK
10
1.4099999999999999
20
1.22
40
0.0078740157480315
0
CIRCLE
8
BLACK
10
1.2582671259842519
20
1.0042048031496063
40
0.0078740157480315
0
CIRCLE
8
BLACK
10
1.1099999999999999
20
1.22
40
0.0078740157480315
0
CIRCLE
8
BLACK
10
1.2549999999999999
20
0.9149999212598425
40
0.0078740157480315
0
CIRCLE
8
BLACK
10
1.3100000000000001
20
1.22
40
0.0078740157480315
0
CIRCLE
8
BLACK
10
1.2849999999999999
20
0.975
40
0.0078740157480315
0
CIRCLE
8
BLACK
10
1.01
20
1.22
40
0.0078740157480315
0
CIRCLE
8
BLACK
10
1.212095590551181
20
0.8909448818897637
40
0.0078740157480315
0
CIRCLE
8
BLACK
10
0.65
20
0.95
40
0.0078740157480315
0
CIRCLE
8
BLACK
10
0.605
20
1.22
40
0.0078740157480315
0
CIRCLE
8
BLACK
10
0.775
20
0.985
40
0.0078740157480315
0
CIRCLE
8
BLACK
10
0.8049999999999999
20
1.2200002362204725
40
0.0078740157480315
  0
ENDSEC
  0
EOF
