  0
SECTION
  2
HEADER
  9
$ANGBASE
  50
0.0
  9
$ANGDIR
  70
1
  9
$MEASUREMENT
  70
0
  0
ENDSEC
  0
SECTION
  2
TABLES
  0
TABLE
  2
LTYPE
  70
4
  0
LTYPE
  5
40F
  2
CONTINUOUS
  70
0
  3
Solid line
  72
65
  73
0
  40
0.0
  0
LTYPE
  5
410
  2
DASHDOT
 70
0
  3
Dash Dot ____ _ ____ _
 72
65
 73
4
 40
2.0
 49
1.25
 49
-0.25
 49
0.25
 49
-0.25
  0
LTYPE
  5
411
  2
DASHED
 70
0
  3
Dashed __ __ __ __ __
 72
65
 73
2
 40
0.75
 49
0.5
 49
-0.25
  0
LTYPE
  5
43B
  2
DOTTED
 70
0
  3
Dotted .  .  .  .
 72
65
 73
2
 40
0.2
 49
0.0
 49
-0.2
  0
ENDTAB
  0
TABLE
  2
STYLE
  70
4
  0
STYLE
  2
KICAD
  70
0
  40
0
  41
1
  42
1
  50
0
  71
0
  3
isocp.shx
  0
STYLE
  2
KICADB
  70
0
  40
0
  41
1
  42
1
  50
0
  71
0
  3
isocp.shx
  0
STYLE
  2
KICADI
  70
0
  40
0
  41
1
  42
1
  50
15
  71
0
  3
isocp.shx
  0
STYLE
  2
KICADBI
  70
0
  40
0
  41
1
  42
1
  50
15
  71
0
  3
isocp.shx
  0
ENDTAB
  0
TABLE
  2
LAYER
  70
1
  0
LAYER
  2
BLACK
  70
0
  62
7
  6
CONTINUOUS
  0
ENDTAB
  0
ENDSEC
  0
SECTION
  2
ENTITIES
0
LINE
8
BLACK
6
CONTINUOUS
10
0.2033930708661417
20
0.3257937007874016
11
0.2068202362204724
21
0.3257937007874016
0
LINE
8
BLACK
6
CONTINUOUS
10
0.2068202362204724
20
0.3257937007874016
11
0.2104794094488189
21
0.3253957086614173
0
LINE
8
BLACK
6
CONTINUOUS
10
0.2104794094488189
20
0.3253957086614173
11
0.2141057480314961
21
0.3251920866141732
0
LINE
8
BLACK
6
CONTINUOUS
10
0.2141057480314961
20
0.3251920866141732
11
0.2172249212598425
21
0.3246620866141732
0
LINE
8
BLACK
6
CONTINUOUS
10
0.2172249212598425
20
0.3246620866141732
11
0.2203811023622047
21
0.3243188582677165
0
LINE
8
BLACK
6
CONTINUOUS
10
0.2203811023622047
20
0.3243188582677165
11
0.2242248818897638
21
0.3234727559055118
0
LINE
8
BLACK
6
CONTINUOUS
10
0.2242248818897638
20
0.3234727559055118
11
0.2280341338582677
21
0.3228255511811023
0
LINE
8
BLACK
6
CONTINUOUS
10
0.2280341338582677
20
0.3228255511811023
11
0.2308478346456693
21
0.3220149212598425
0
LINE
8
BLACK
6
CONTINUOUS
10
0.2308478346456693
20
0.3220149212598425
11
0.233702874015748
21
0.3213864960629921
0
LINE
8
BLACK
6
CONTINUOUS
10
0.233702874015748
20
0.3213864960629921
11
0.2376761023622047
21
0.3200477559055118
0
LINE
8
BLACK
6
CONTINUOUS
10
0.2376761023622047
20
0.3200477559055118
11
0.2416099606299213
21
0.3189144488188976
0
LINE
8
BLACK
6
CONTINUOUS
10
0.2416099606299213
20
0.3189144488188976
11
0.2440963779527559
21
0.3178845275590551
0
LINE
8
BLACK
6
CONTINUOUS
10
0.2440963779527559
20
0.3178845275590551
11
0.2466292913385827
21
0.3170311023622047
0
LINE
8
BLACK
6
CONTINUOUS
10
0.2466292913385827
20
0.3170311023622047
11
0.2506707874015748
21
0.3151612992125984
0
LINE
8
BLACK
6
CONTINUOUS
10
0.2506707874015748
20
0.3151612992125984
11
0.2546625196850394
21
0.313507874015748
0
LINE
8
BLACK
6
CONTINUOUS
10
0.2546625196850394
20
0.313507874015748
11
0.2568098031496063
21
0.312321062992126
0
LINE
8
BLACK
6
CONTINUOUS
10
0.2568098031496063
20
0.312321062992126
11
0.2590093307086614
21
0.3113035039370078
0
LINE
8
BLACK
6
CONTINUOUS
10
0.2590093307086614
20
0.3113035039370078
11
0.2630505511811024
21
0.308871968503937
0
LINE
8
BLACK
6
CONTINUOUS
10
0.2630505511811024
20
0.308871968503937
11
0.2670276771653543
21
0.3066738976377953
0
LINE
8
BLACK
6
CONTINUOUS
10
0.2670276771653543
20
0.3066738976377953
11
0.2688345669291339
21
0.3053918110236221
0
LINE
8
BLACK
6
CONTINUOUS
10
0.2688345669291339
20
0.3053918110236221
11
0.2706976377952756
21
0.3042708661417323
0
LINE
8
BLACK
6
CONTINUOUS
10
0.2706976377952756
20
0.3042708661417323
11
0.2746654724409449
21
0.3012545669291338
0
LINE
8
BLACK
6
CONTINUOUS
10
0.2746654724409449
20
0.3012545669291338
11
0.2785498818897638
21
0.2984984645669291
0
LINE
8
BLACK
6
CONTINUOUS
10
0.2785498818897638
20
0.2984984645669291
11
0.2800237007874016
21
0.2971813779527559
0
LINE
8
BLACK
6
CONTINUOUS
10
0.2800237007874016
20
0.2971813779527559
11
0.2815566535433071
21
0.296016062992126
0
LINE
8
BLACK
6
CONTINUOUS
10
0.2815566535433071
20
0.296016062992126
11
0.285373937007874
21
0.2924000787401575
0
LINE
8
BLACK
6
CONTINUOUS
10
0.285373937007874
20
0.2924000787401575
11
0.2890843307086614
21
0.2890843307086614
0
LINE
8
BLACK
6
CONTINUOUS
10
0.2890843307086614
20
0.2890843307086614
11
0.2902422440944882
21
0.2877885826771653
0
LINE
8
BLACK
6
CONTINUOUS
10
0.2902422440944882
20
0.2877885826771653
11
0.2914596456692913
21
0.2866354330708661
0
LINE
8
BLACK
6
CONTINUOUS
10
0.2914596456692913
20
0.2866354330708661
11
0.2950464960629921
21
0.2824126377952756
0
LINE
8
BLACK
6
CONTINUOUS
10
0.2950464960629921
20
0.2824126377952756
11
0.2984984645669291
21
0.2785498818897638
0
LINE
8
BLACK
6
CONTINUOUS
10
0.2984984645669291
20
0.2785498818897638
11
0.2993655118110236
21
0.2773278346456693
0
LINE
8
BLACK
6
CONTINUOUS
10
0.2993655118110236
20
0.2773278346456693
11
0.3002906692913386
21
0.2762387007874016
0
LINE
8
BLACK
6
CONTINUOUS
10
0.3002906692913386
20
0.2762387007874016
11
0.303567874015748
21
0.271405157480315
0
LINE
8
BLACK
6
CONTINUOUS
10
0.303567874015748
20
0.271405157480315
11
0.3066738976377953
21
0.2670276771653543
0
LINE
8
BLACK
6
CONTINUOUS
10
0.3066738976377953
20
0.2670276771653543
11
0.3072822047244094
21
0.2659269291338582
0
LINE
8
BLACK
6
CONTINUOUS
10
0.3072822047244094
20
0.2659269291338582
11
0.3079456299212598
21
0.2649485433070866
0
LINE
8
BLACK
6
CONTINUOUS
10
0.3079456299212598
20
0.2649485433070866
11
0.3108335433070866
21
0.2595013385826772
0
LINE
8
BLACK
6
CONTINUOUS
10
0.3108335433070866
20
0.2595013385826772
11
0.313507874015748
21
0.2546625196850394
0
LINE
8
BLACK
6
CONTINUOUS
10
0.313507874015748
20
0.2546625196850394
11
0.3138970078740158
21
0.2537229527559055
0
LINE
8
BLACK
6
CONTINUOUS
10
0.3138970078740158
20
0.2537229527559055
11
0.3143348031496063
21
0.2528972834645669
0
LINE
8
BLACK
6
CONTINUOUS
10
0.3143348031496063
20
0.2528972834645669
11
0.3167526377952756
21
0.2468289763779528
0
LINE
8
BLACK
6
CONTINUOUS
10
0.3167526377952756
20
0.2468289763779528
11
0.3189144488188976
21
0.2416099606299213
0
LINE
8
BLACK
6
CONTINUOUS
10
0.3189144488188976
20
0.2416099606299213
11
0.3191294094488189
21
0.2408637401574803
0
LINE
8
BLACK
6
CONTINUOUS
10
0.3191294094488189
20
0.2408637401574803
11
0.3193839763779527
21
0.2402248818897638
0
LINE
8
BLACK
6
CONTINUOUS
10
0.3193839763779527
20
0.2402248818897638
11
0.3212576771653543
21
0.2334763385826772
0
LINE
8
BLACK
6
CONTINUOUS
10
0.3212576771653543
20
0.2334763385826772
11
0.3228255511811023
21
0.2280341338582677
0
LINE
8
BLACK
6
CONTINUOUS
10
0.3228255511811023
20
0.2280341338582677
11
0.3229151968503937
21
0.2275064566929134
0
LINE
8
BLACK
6
CONTINUOUS
10
0.3229151968503937
20
0.2275064566929134
11
0.3230331102362204
21
0.227081811023622
0
LINE
8
BLACK
6
CONTINUOUS
10
0.3230331102362204
20
0.227081811023622
11
0.3242899212598425
21
0.2194154724409449
0
LINE
8
BLACK
6
CONTINUOUS
10
0.3242899212598425
20
0.2194154724409449
11
0.3251920866141732
21
0.2141057480314961
0
LINE
8
BLACK
6
CONTINUOUS
10
0.3251920866141732
20
0.2141057480314961
11
0.3252085826771653
21
0.2138117322834646
0
LINE
8
BLACK
6
CONTINUOUS
10
0.3252085826771653
20
0.2138117322834646
11
0.3252399606299213
21
0.2136204330708661
0
LINE
8
BLACK
6
CONTINUOUS
10
0.3252399606299213
20
0.2136204330708661
11
0.3258165748031496
21
0.2029851181102362
0
LINE
8
BLACK
6
CONTINUOUS
10
0.3258165748031496
20
0.2029851181102362
11
0.3259842519685039
21
0.2
0
LINE
8
BLACK
6
CONTINUOUS
10
0.3259842519685039
20
0.2
11
0.3258166141732283
21
0.1970151181102362
0
LINE
8
BLACK
6
CONTINUOUS
10
0.3258166141732283
20
0.1970151181102362
11
0.3252399606299213
21
0.1863795275590551
0
LINE
8
BLACK
6
CONTINUOUS
10
0.3252399606299213
20
0.1863795275590551
11
0.3252085826771653
21
0.186188188976378
0
LINE
8
BLACK
6
CONTINUOUS
10
0.3252085826771653
20
0.186188188976378
11
0.3251920866141732
21
0.1858942519685039
0
LINE
8
BLACK
6
CONTINUOUS
10
0.3251920866141732
20
0.1858942519685039
11
0.3242900787401575
21
0.1805855905511811
0
LINE
8
BLACK
6
CONTINUOUS
10
0.3242900787401575
20
0.1805855905511811
11
0.3230331102362204
21
0.1729181496062992
0
LINE
8
BLACK
6
CONTINUOUS
10
0.3230331102362204
20
0.1729181496062992
11
0.322915157480315
21
0.1724934251968504
0
LINE
8
BLACK
6
CONTINUOUS
10
0.322915157480315
20
0.1724934251968504
11
0.3228255511811023
21
0.1719658661417323
0
LINE
8
BLACK
6
CONTINUOUS
10
0.3228255511811023
20
0.1719658661417323
11
0.3212579527559055
21
0.1665246456692913
0
LINE
8
BLACK
6
CONTINUOUS
10
0.3212579527559055
20
0.1665246456692913
11
0.3193839763779527
21
0.1597750787401575
0
LINE
8
BLACK
6
CONTINUOUS
10
0.3193839763779527
20
0.1597750787401575
11
0.3191293700787401
21
0.1591361023622047
0
LINE
8
BLACK
6
CONTINUOUS
10
0.3191293700787401
20
0.1591361023622047
11
0.3189144488188976
21
0.1583900393700787
0
LINE
8
BLACK
6
CONTINUOUS
10
0.3189144488188976
20
0.1583900393700787
11
0.316753031496063
21
0.1531720078740157
0
LINE
8
BLACK
6
CONTINUOUS
10
0.316753031496063
20
0.1531720078740157
11
0.3143348031496063
21
0.1471026771653543
0
LINE
8
BLACK
6
CONTINUOUS
10
0.3143348031496063
20
0.1471026771653543
11
0.313896968503937
21
0.1462768110236221
0
LINE
8
BLACK
6
CONTINUOUS
10
0.313896968503937
20
0.1462768110236221
11
0.313507874015748
21
0.1453374803149606
0
LINE
8
BLACK
6
CONTINUOUS
10
0.313507874015748
20
0.1453374803149606
11
0.3108340551181102
21
0.1404995669291338
0
LINE
8
BLACK
6
CONTINUOUS
10
0.3108340551181102
20
0.1404995669291338
11
0.3079456299212598
21
0.1350514173228347
0
LINE
8
BLACK
6
CONTINUOUS
10
0.3079456299212598
20
0.1350514173228347
11
0.3072820866141732
21
0.1340727952755905
0
LINE
8
BLACK
6
CONTINUOUS
10
0.3072820866141732
20
0.1340727952755905
11
0.3066738976377953
21
0.1329723228346457
0
LINE
8
BLACK
6
CONTINUOUS
10
0.3066738976377953
20
0.1329723228346457
11
0.3035684645669292
21
0.1285956299212598
0
LINE
8
BLACK
6
CONTINUOUS
10
0.3035684645669292
20
0.1285956299212598
11
0.3002906692913386
21
0.1237612598425197
0
LINE
8
BLACK
6
CONTINUOUS
10
0.3002906692913386
20
0.1237612598425197
11
0.2993653543307087
21
0.1226718897637795
0
LINE
8
BLACK
6
CONTINUOUS
10
0.2993653543307087
20
0.1226718897637795
11
0.2984984645669291
21
0.1214501181102362
0
LINE
8
BLACK
6
CONTINUOUS
10
0.2984984645669291
20
0.1214501181102362
11
0.2950471653543307
21
0.1175881102362205
0
LINE
8
BLACK
6
CONTINUOUS
10
0.2950471653543307
20
0.1175881102362205
11
0.2914596456692913
21
0.1133645275590551
0
LINE
8
BLACK
6
CONTINUOUS
10
0.2914596456692913
20
0.1133645275590551
11
0.2902420078740157
21
0.1122111023622047
0
LINE
8
BLACK
6
CONTINUOUS
10
0.2902420078740157
20
0.1122111023622047
11
0.2890843307086614
21
0.1109156692913386
0
LINE
8
BLACK
6
CONTINUOUS
10
0.2890843307086614
20
0.1109156692913386
11
0.2853746850393701
21
0.1076005118110236
0
LINE
8
BLACK
6
CONTINUOUS
10
0.2853746850393701
20
0.1076005118110236
11
0.2815566535433071
21
0.1039838976377953
0
LINE
8
BLACK
6
CONTINUOUS
10
0.2815566535433071
20
0.1039838976377953
11
0.2800233858267717
21
0.1028183464566929
0
LINE
8
BLACK
6
CONTINUOUS
10
0.2800233858267717
20
0.1028183464566929
11
0.2785498818897638
21
0.1015015354330709
0
LINE
8
BLACK
6
CONTINUOUS
10
0.2785498818897638
20
0.1015015354330709
11
0.2746662598425197
21
0.0987459448818898
0
LINE
8
BLACK
6
CONTINUOUS
10
0.2746662598425197
20
0.0987459448818898
11
0.2706976377952756
21
0.095729094488189
0
LINE
8
BLACK
6
CONTINUOUS
10
0.2706976377952756
20
0.095729094488189
11
0.2688341732283465
21
0.094607874015748
0
LINE
8
BLACK
6
CONTINUOUS
10
0.2688341732283465
20
0.094607874015748
11
0.2670276771653543
21
0.0933261023622047
0
LINE
8
BLACK
6
CONTINUOUS
10
0.2670276771653543
20
0.0933261023622047
11
0.2630513385826772
21
0.0911284645669291
0
LINE
8
BLACK
6
CONTINUOUS
10
0.2630513385826772
20
0.0911284645669291
11
0.2590093307086614
21
0.0886964566929134
0
LINE
8
BLACK
6
CONTINUOUS
10
0.2590093307086614
20
0.0886964566929134
11
0.2568093700787402
21
0.0876786220472441
0
LINE
8
BLACK
6
CONTINUOUS
10
0.2568093700787402
20
0.0876786220472441
11
0.2546625196850394
21
0.086492125984252
0
LINE
8
BLACK
6
CONTINUOUS
10
0.2546625196850394
20
0.086492125984252
11
0.2506716141732284
21
0.0848390157480315
0
LINE
8
BLACK
6
CONTINUOUS
10
0.2506716141732284
20
0.0848390157480315
11
0.2466292913385827
21
0.0829688582677165
0
LINE
8
BLACK
6
CONTINUOUS
10
0.2466292913385827
20
0.0829688582677165
11
0.2440958661417323
21
0.0821152362204724
0
LINE
8
BLACK
6
CONTINUOUS
10
0.2440958661417323
20
0.0821152362204724
11
0.2416099606299213
21
0.0810855511811024
0
LINE
8
BLACK
6
CONTINUOUS
10
0.2416099606299213
20
0.0810855511811024
11
0.2376768897637795
21
0.0799524409448819
0
LINE
8
BLACK
6
CONTINUOUS
10
0.2376768897637795
20
0.0799524409448819
11
0.233702874015748
21
0.0786134645669291
0
LINE
8
BLACK
6
CONTINUOUS
10
0.233702874015748
20
0.0786134645669291
11
0.2308472440944882
21
0.0779848818897638
0
LINE
8
BLACK
6
CONTINUOUS
10
0.2308472440944882
20
0.0779848818897638
11
0.2280341338582677
21
0.0771744488188976
0
LINE
8
BLACK
6
CONTINUOUS
10
0.2280341338582677
20
0.0771744488188976
11
0.2242256692913386
21
0.0765273622047244
0
LINE
8
BLACK
6
CONTINUOUS
10
0.2242256692913386
20
0.0765273622047244
11
0.2203811023622047
21
0.0756811023622047
0
LINE
8
BLACK
6
CONTINUOUS
10
0.2203811023622047
20
0.0756811023622047
11
0.2172244094488189
21
0.0753377952755905
0
LINE
8
BLACK
6
CONTINUOUS
10
0.2172244094488189
20
0.0753377952755905
11
0.2141057480314961
21
0.0748079133858268
0
LINE
8
BLACK
6
CONTINUOUS
10
0.2141057480314961
20
0.0748079133858268
11
0.2104796062992126
21
0.0746042519685039
0
LINE
8
BLACK
6
CONTINUOUS
10
0.2104796062992126
20
0.0746042519685039
11
0.2068202362204724
21
0.0742062992125984
0
LINE
8
BLACK
6
CONTINUOUS
10
0.2068202362204724
20
0.0742062992125984
11
0.2033930708661417
21
0.0742062992125984
0
LINE
8
BLACK
6
CONTINUOUS
10
0.2033930708661417
20
0.0742062992125984
11
0.2
21
0.0740157480314961
0
LINE
8
BLACK
6
CONTINUOUS
10
0.2
20
0.0740157480314961
11
0.1966069291338583
21
0.0742062992125984
0
LINE
8
BLACK
6
CONTINUOUS
10
0.1966069291338583
20
0.0742062992125984
11
0.1931797637795276
21
0.0742062992125984
0
LINE
8
BLACK
6
CONTINUOUS
10
0.1931797637795276
20
0.0742062992125984
11
0.1895203149606299
21
0.0746042519685039
0
LINE
8
BLACK
6
CONTINUOUS
10
0.1895203149606299
20
0.0746042519685039
11
0.1858942519685039
21
0.0748079133858268
0
LINE
8
BLACK
6
CONTINUOUS
10
0.1858942519685039
20
0.0748079133858268
11
0.1827755905511811
21
0.0753377559055118
0
LINE
8
BLACK
6
CONTINUOUS
10
0.1827755905511811
20
0.0753377559055118
11
0.1796188582677165
21
0.0756811023622047
0
LINE
8
BLACK
6
CONTINUOUS
10
0.1796188582677165
20
0.0756811023622047
11
0.175774094488189
21
0.0765273622047244
0
LINE
8
BLACK
6
CONTINUOUS
10
0.175774094488189
20
0.0765273622047244
11
0.1719658661417323
21
0.0771744488188976
0
LINE
8
BLACK
6
CONTINUOUS
10
0.1719658661417323
20
0.0771744488188976
11
0.1691528346456693
21
0.077984842519685
0
LINE
8
BLACK
6
CONTINUOUS
10
0.1691528346456693
20
0.077984842519685
11
0.1662970866141732
21
0.0786134645669291
0
LINE
8
BLACK
6
CONTINUOUS
10
0.1662970866141732
20
0.0786134645669291
11
0.1623227952755905
21
0.0799525196850394
0
LINE
8
BLACK
6
CONTINUOUS
10
0.1623227952755905
20
0.0799525196850394
11
0.1583900393700787
21
0.0810855511811024
0
LINE
8
BLACK
6
CONTINUOUS
10
0.1583900393700787
20
0.0810855511811024
11
0.1559042913385827
21
0.082115157480315
0
LINE
8
BLACK
6
CONTINUOUS
10
0.1559042913385827
20
0.082115157480315
11
0.1533706692913386
21
0.0829688582677165
0
LINE
8
BLACK
6
CONTINUOUS
10
0.1533706692913386
20
0.0829688582677165
11
0.1493279921259842
21
0.0848391732283465
0
LINE
8
BLACK
6
CONTINUOUS
10
0.1493279921259842
20
0.0848391732283465
11
0.1453374803149606
21
0.086492125984252
0
LINE
8
BLACK
6
CONTINUOUS
10
0.1453374803149606
20
0.086492125984252
11
0.1431907874015748
21
0.0876785433070866
0
LINE
8
BLACK
6
CONTINUOUS
10
0.1431907874015748
20
0.0876785433070866
11
0.1409906299212599
21
0.0886964566929134
0
LINE
8
BLACK
6
CONTINUOUS
10
0.1409906299212599
20
0.0886964566929134
11
0.1369481496062992
21
0.0911287401574803
0
LINE
8
BLACK
6
CONTINUOUS
10
0.1369481496062992
20
0.0911287401574803
11
0.1329723228346457
21
0.0933261023622047
0
LINE
8
BLACK
6
CONTINUOUS
10
0.1329723228346457
20
0.0933261023622047
11
0.1311659842519685
21
0.0946077165354331
0
LINE
8
BLACK
6
CONTINUOUS
10
0.1311659842519685
20
0.0946077165354331
11
0.1293023228346457
21
0.095729094488189
0
LINE
8
BLACK
6
CONTINUOUS
10
0.1293023228346457
20
0.095729094488189
11
0.1253331102362205
21
0.0987463779527559
0
LINE
8
BLACK
6
CONTINUOUS
10
0.1253331102362205
20
0.0987463779527559
11
0.1214501181102362
21
0.1015015354330709
0
LINE
8
BLACK
6
CONTINUOUS
10
0.1214501181102362
20
0.1015015354330709
11
0.1199768110236221
21
0.1028181496062992
0
LINE
8
BLACK
6
CONTINUOUS
10
0.1199768110236221
20
0.1028181496062992
11
0.1184433070866142
21
0.1039838976377953
0
LINE
8
BLACK
6
CONTINUOUS
10
0.1184433070866142
20
0.1039838976377953
11
0.1146246062992126
21
0.1076011417322835
0
LINE
8
BLACK
6
CONTINUOUS
10
0.1146246062992126
20
0.1076011417322835
11
0.1109156692913386
21
0.1109156692913386
0
LINE
8
BLACK
6
CONTINUOUS
10
0.1109156692913386
20
0.1109156692913386
11
0.1097581496062992
21
0.1122108661417323
0
LINE
8
BLACK
6
CONTINUOUS
10
0.1097581496062992
20
0.1122108661417323
11
0.1085403149606299
21
0.1133645275590551
0
LINE
8
BLACK
6
CONTINUOUS
10
0.1085403149606299
20
0.1133645275590551
11
0.1049520078740157
21
0.1175889763779528
0
LINE
8
BLACK
6
CONTINUOUS
10
0.1049520078740157
20
0.1175889763779528
11
0.1015015354330709
21
0.1214501181102362
0
LINE
8
BLACK
6
CONTINUOUS
10
0.1015015354330709
20
0.1214501181102362
11
0.1006348031496063
21
0.1226716141732283
0
LINE
8
BLACK
6
CONTINUOUS
10
0.1006348031496063
20
0.1226716141732283
11
0.0997092913385827
21
0.1237612598425197
0
LINE
8
BLACK
6
CONTINUOUS
10
0.0997092913385827
20
0.1237612598425197
11
0.0964305905511811
21
0.1285968897637795
0
LINE
8
BLACK
6
CONTINUOUS
10
0.0964305905511811
20
0.1285968897637795
11
0.0933261023622047
21
0.1329723228346457
0
LINE
8
BLACK
6
CONTINUOUS
10
0.0933261023622047
20
0.1329723228346457
11
0.092718031496063
21
0.1340724803149606
0
LINE
8
BLACK
6
CONTINUOUS
10
0.092718031496063
20
0.1340724803149606
11
0.0920543307086614
21
0.1350514173228347
0
LINE
8
BLACK
6
CONTINUOUS
10
0.0920543307086614
20
0.1350514173228347
11
0.0891649606299213
21
0.1405012992125984
0
LINE
8
BLACK
6
CONTINUOUS
10
0.0891649606299213
20
0.1405012992125984
11
0.086492125984252
21
0.1453374803149606
0
LINE
8
BLACK
6
CONTINUOUS
10
0.086492125984252
20
0.1453374803149606
11
0.0861031496062992
21
0.1462764960629921
0
LINE
8
BLACK
6
CONTINUOUS
10
0.0861031496062992
20
0.1462764960629921
11
0.085665157480315
21
0.1471026771653543
0
LINE
8
BLACK
6
CONTINUOUS
10
0.085665157480315
20
0.1471026771653543
11
0.0832458661417323
21
0.1531744881889764
0
LINE
8
BLACK
6
CONTINUOUS
10
0.0832458661417323
20
0.1531744881889764
11
0.0810855511811024
21
0.1583900393700787
0
LINE
8
BLACK
6
CONTINUOUS
10
0.0810855511811024
20
0.1583900393700787
11
0.0808707086614173
21
0.159135748031496
0
LINE
8
BLACK
6
CONTINUOUS
10
0.0808707086614173
20
0.159135748031496
11
0.0806159842519685
21
0.1597750787401575
0
LINE
8
BLACK
6
CONTINUOUS
10
0.0806159842519685
20
0.1597750787401575
11
0.078740905511811
21
0.1665284251968504
0
LINE
8
BLACK
6
CONTINUOUS
10
0.078740905511811
20
0.1665284251968504
11
0.0771744488188976
21
0.1719658661417323
0
LINE
8
BLACK
6
CONTINUOUS
10
0.0771744488188976
20
0.1719658661417323
11
0.077084842519685
21
0.172493031496063
0
LINE
8
BLACK
6
CONTINUOUS
10
0.077084842519685
20
0.172493031496063
11
0.0769668503937008
21
0.1729181496062992
0
LINE
8
BLACK
6
CONTINUOUS
10
0.0769668503937008
20
0.1729181496062992
11
0.0757087401574803
21
0.1805921653543307
0
LINE
8
BLACK
6
CONTINUOUS
10
0.0757087401574803
20
0.1805921653543307
11
0.0748079133858268
21
0.1858942519685039
0
LINE
8
BLACK
6
CONTINUOUS
10
0.0748079133858268
20
0.1858942519685039
11
0.0747914173228346
21
0.1861877952755905
0
LINE
8
BLACK
6
CONTINUOUS
10
0.0747914173228346
20
0.1861877952755905
11
0.07476
21
0.1863795275590551
0
LINE
8
BLACK
6
CONTINUOUS
10
0.07476
20
0.1863795275590551
11
0.0741822047244095
21
0.1970353937007874
0
LINE
8
BLACK
6
CONTINUOUS
10
0.0741822047244095
20
0.1970353937007874
11
0.0740157480314961
21
0.2
0
LINE
8
BLACK
6
CONTINUOUS
10
0.0740157480314961
20
0.2
11
0.0741822440944882
21
0.2029648031496063
0
LINE
8
BLACK
6
CONTINUOUS
10
0.0741822440944882
20
0.2029648031496063
11
0.07476
21
0.2136204330708661
0
LINE
8
BLACK
6
CONTINUOUS
10
0.07476
20
0.2136204330708661
11
0.0747914173228346
21
0.2138120866141732
0
LINE
8
BLACK
6
CONTINUOUS
10
0.0747914173228346
20
0.2138120866141732
11
0.0748079133858268
21
0.2141057480314961
0
LINE
8
BLACK
6
CONTINUOUS
10
0.0748079133858268
20
0.2141057480314961
11
0.075708937007874
21
0.2194088582677165
0
LINE
8
BLACK
6
CONTINUOUS
10
0.075708937007874
20
0.2194088582677165
11
0.0769668503937008
21
0.227081811023622
0
LINE
8
BLACK
6
CONTINUOUS
10
0.0769668503937008
20
0.227081811023622
11
0.077084842519685
21
0.2275068110236221
0
LINE
8
BLACK
6
CONTINUOUS
10
0.077084842519685
20
0.2275068110236221
11
0.0771744488188976
21
0.2280341338582677
0
LINE
8
BLACK
6
CONTINUOUS
10
0.0771744488188976
20
0.2280341338582677
11
0.0787412204724409
21
0.2334725984251969
0
LINE
8
BLACK
6
CONTINUOUS
10
0.0787412204724409
20
0.2334725984251969
11
0.0806159842519685
21
0.2402248818897638
0
LINE
8
BLACK
6
CONTINUOUS
10
0.0806159842519685
20
0.2402248818897638
11
0.0808706692913386
21
0.240864094488189
0
LINE
8
BLACK
6
CONTINUOUS
10
0.0808706692913386
20
0.240864094488189
11
0.0810855511811024
21
0.2416099606299213
0
LINE
8
BLACK
6
CONTINUOUS
10
0.0810855511811024
20
0.2416099606299213
11
0.0832462992125984
21
0.2468264566929134
0
LINE
8
BLACK
6
CONTINUOUS
10
0.0832462992125984
20
0.2468264566929134
11
0.085665157480315
21
0.2528972834645669
0
LINE
8
BLACK
6
CONTINUOUS
10
0.085665157480315
20
0.2528972834645669
11
0.0861030708661417
21
0.2537233070866142
0
LINE
8
BLACK
6
CONTINUOUS
10
0.0861030708661417
20
0.2537233070866142
11
0.086492125984252
21
0.2546625196850394
0
LINE
8
BLACK
6
CONTINUOUS
10
0.086492125984252
20
0.2546625196850394
11
0.0891654724409449
21
0.2594995669291338
0
LINE
8
BLACK
6
CONTINUOUS
10
0.0891654724409449
20
0.2594995669291338
11
0.0920543307086614
21
0.2649485433070866
0
LINE
8
BLACK
6
CONTINUOUS
10
0.0920543307086614
20
0.2649485433070866
11
0.0927179133858268
21
0.2659272440944882
0
LINE
8
BLACK
6
CONTINUOUS
10
0.0927179133858268
20
0.2659272440944882
11
0.0933261023622047
21
0.2670276771653543
0
LINE
8
BLACK
6
CONTINUOUS
10
0.0933261023622047
20
0.2670276771653543
11
0.0964311811023622
21
0.2714038976377953
0
LINE
8
BLACK
6
CONTINUOUS
10
0.0964311811023622
20
0.2714038976377953
11
0.0997092913385827
21
0.2762387007874016
0
LINE
8
BLACK
6
CONTINUOUS
10
0.0997092913385827
20
0.2762387007874016
11
0.1006346456692913
21
0.2773281102362204
0
LINE
8
BLACK
6
CONTINUOUS
10
0.1006346456692913
20
0.2773281102362204
11
0.1015015354330709
21
0.2785498818897638
0
LINE
8
BLACK
6
CONTINUOUS
10
0.1015015354330709
20
0.2785498818897638
11
0.1049526771653543
21
0.2824117322834646
0
LINE
8
BLACK
6
CONTINUOUS
10
0.1049526771653543
20
0.2824117322834646
11
0.1085403149606299
21
0.2866354330708661
0
LINE
8
BLACK
6
CONTINUOUS
10
0.1085403149606299
20
0.2866354330708661
11
0.1097579527559055
21
0.2877888188976378
0
LINE
8
BLACK
6
CONTINUOUS
10
0.1097579527559055
20
0.2877888188976378
11
0.1109156692913386
21
0.2890843307086614
0
LINE
8
BLACK
6
CONTINUOUS
10
0.1109156692913386
20
0.2890843307086614
11
0.1146253149606299
21
0.2923994881889764
0
LINE
8
BLACK
6
CONTINUOUS
10
0.1146253149606299
20
0.2923994881889764
11
0.1184433070866142
21
0.296016062992126
0
LINE
8
BLACK
6
CONTINUOUS
10
0.1184433070866142
20
0.296016062992126
11
0.1199764960629921
21
0.2971815748031496
0
LINE
8
BLACK
6
CONTINUOUS
10
0.1199764960629921
20
0.2971815748031496
11
0.1214501181102362
21
0.2984984645669291
0
LINE
8
BLACK
6
CONTINUOUS
10
0.1214501181102362
20
0.2984984645669291
11
0.1253338976377953
21
0.3012541338582677
0
LINE
8
BLACK
6
CONTINUOUS
10
0.1253338976377953
20
0.3012541338582677
11
0.1293023228346457
21
0.3042708661417323
0
LINE
8
BLACK
6
CONTINUOUS
10
0.1293023228346457
20
0.3042708661417323
11
0.1311656299212599
21
0.305391968503937
0
LINE
8
BLACK
6
CONTINUOUS
10
0.1311656299212599
20
0.305391968503937
11
0.1329723228346457
21
0.3066738976377953
0
LINE
8
BLACK
6
CONTINUOUS
10
0.1329723228346457
20
0.3066738976377953
11
0.136948937007874
21
0.3088716929133858
0
LINE
8
BLACK
6
CONTINUOUS
10
0.136948937007874
20
0.3088716929133858
11
0.1409906299212599
21
0.3113035039370078
0
LINE
8
BLACK
6
CONTINUOUS
10
0.1409906299212599
20
0.3113035039370078
11
0.1431903543307086
21
0.3123211811023622
0
LINE
8
BLACK
6
CONTINUOUS
10
0.1431903543307086
20
0.3123211811023622
11
0.1453374803149606
21
0.313507874015748
0
LINE
8
BLACK
6
CONTINUOUS
10
0.1453374803149606
20
0.313507874015748
11
0.1493288188976378
21
0.3151611417322834
0
LINE
8
BLACK
6
CONTINUOUS
10
0.1493288188976378
20
0.3151611417322834
11
0.1533706692913386
21
0.3170311023622047
0
LINE
8
BLACK
6
CONTINUOUS
10
0.1533706692913386
20
0.3170311023622047
11
0.155903779527559
21
0.3178846062992126
0
LINE
8
BLACK
6
CONTINUOUS
10
0.155903779527559
20
0.3178846062992126
11
0.1583900393700787
21
0.3189144488188976
0
LINE
8
BLACK
6
CONTINUOUS
10
0.1583900393700787
20
0.3189144488188976
11
0.1623235826771653
21
0.3200476771653543
0
LINE
8
BLACK
6
CONTINUOUS
10
0.1623235826771653
20
0.3200476771653543
11
0.1662970866141732
21
0.3213864960629921
0
LINE
8
BLACK
6
CONTINUOUS
10
0.1662970866141732
20
0.3213864960629921
11
0.1691522440944882
21
0.3220149606299212
0
LINE
8
BLACK
6
CONTINUOUS
10
0.1691522440944882
20
0.3220149606299212
11
0.1719658661417323
21
0.3228255511811023
0
LINE
8
BLACK
6
CONTINUOUS
10
0.1719658661417323
20
0.3228255511811023
11
0.1757748818897638
21
0.3234727165354331
0
LINE
8
BLACK
6
CONTINUOUS
10
0.1757748818897638
20
0.3234727165354331
11
0.1796188582677165
21
0.3243188582677165
0
LINE
8
BLACK
6
CONTINUOUS
10
0.1796188582677165
20
0.3243188582677165
11
0.1827751181102362
21
0.3246620866141732
0
LINE
8
BLACK
6
CONTINUOUS
10
0.1827751181102362
20
0.3246620866141732
11
0.1858942519685039
21
0.3251920866141732
0
LINE
8
BLACK
6
CONTINUOUS
10
0.1858942519685039
20
0.3251920866141732
11
0.1895205511811024
21
0.3253957086614173
0
LINE
8
BLACK
6
CONTINUOUS
10
0.1895205511811024
20
0.3253957086614173
11
0.1931797637795276
21
0.3257937007874016
0
LINE
8
BLACK
6
CONTINUOUS
10
0.1931797637795276
20
0.3257937007874016
11
0.1966069291338583
21
0.3257937007874016
0
LINE
8
BLACK
6
CONTINUOUS
10
0.1966069291338583
20
0.3257937007874016
11
0.2
21
0.3259842519685039
0
LINE
8
BLACK
6
CONTINUOUS
10
0.2
20
0.3259842519685039
11
0.2033930708661417
21
0.3257937007874016
0
LINE
8
BLACK
6
CONTINUOUS
10
1.8033930708661416
20
0.3257937007874016
11
1.8068202362204724
21
0.3257937007874016
0
LINE
8
BLACK
6
CONTINUOUS
10
1.8068202362204724
20
0.3257937007874016
11
1.8104794094488188
21
0.3253957086614173
0
LINE
8
BLACK
6
CONTINUOUS
10
1.8104794094488188
20
0.3253957086614173
11
1.8141057480314959
21
0.3251920866141732
0
LINE
8
BLACK
6
CONTINUOUS
10
1.8141057480314959
20
0.3251920866141732
11
1.8172249212598426
21
0.3246620866141732
0
LINE
8
BLACK
6
CONTINUOUS
10
1.8172249212598426
20
0.3246620866141732
11
1.8203811023622047
21
0.3243188582677165
0
LINE
8
BLACK
6
CONTINUOUS
10
1.8203811023622047
20
0.3243188582677165
11
1.8242248818897637
21
0.3234727559055118
0
LINE
8
BLACK
6
CONTINUOUS
10
1.8242248818897637
20
0.3234727559055118
11
1.8280341338582677
21
0.3228255511811023
0
LINE
8
BLACK
6
CONTINUOUS
10
1.8280341338582677
20
0.3228255511811023
11
1.8308478346456694
21
0.3220149212598425
0
LINE
8
BLACK
6
CONTINUOUS
10
1.8308478346456694
20
0.3220149212598425
11
1.8337028740157479
21
0.3213864960629921
0
LINE
8
BLACK
6
CONTINUOUS
10
1.8337028740157479
20
0.3213864960629921
11
1.8376761023622046
21
0.3200477559055118
0
LINE
8
BLACK
6
CONTINUOUS
10
1.8376761023622046
20
0.3200477559055118
11
1.8416099606299212
21
0.3189144488188976
0
LINE
8
BLACK
6
CONTINUOUS
10
1.8416099606299212
20
0.3189144488188976
11
1.8440963779527559
21
0.3178845275590551
0
LINE
8
BLACK
6
CONTINUOUS
10
1.8440963779527559
20
0.3178845275590551
11
1.8466292913385827
21
0.3170311023622047
0
LINE
8
BLACK
6
CONTINUOUS
10
1.8466292913385827
20
0.3170311023622047
11
1.8506707874015749
21
0.3151612992125984
0
LINE
8
BLACK
6
CONTINUOUS
10
1.8506707874015749
20
0.3151612992125984
11
1.8546625196850393
21
0.313507874015748
0
LINE
8
BLACK
6
CONTINUOUS
10
1.8546625196850393
20
0.313507874015748
11
1.8568098031496063
21
0.312321062992126
0
LINE
8
BLACK
6
CONTINUOUS
10
1.8568098031496063
20
0.312321062992126
11
1.8590093307086615
21
0.3113035039370078
0
LINE
8
BLACK
6
CONTINUOUS
10
1.8590093307086615
20
0.3113035039370078
11
1.8630505511811024
21
0.308871968503937
0
LINE
8
BLACK
6
CONTINUOUS
10
1.8630505511811024
20
0.308871968503937
11
1.8670276771653542
21
0.3066738976377953
0
LINE
8
BLACK
6
CONTINUOUS
10
1.8670276771653542
20
0.3066738976377953
11
1.8688345669291337
21
0.3053918110236221
0
LINE
8
BLACK
6
CONTINUOUS
10
1.8688345669291337
20
0.3053918110236221
11
1.8706976377952755
21
0.3042708661417323
0
LINE
8
BLACK
6
CONTINUOUS
10
1.8706976377952755
20
0.3042708661417323
11
1.8746654724409448
21
0.3012545669291338
0
LINE
8
BLACK
6
CONTINUOUS
10
1.8746654724409448
20
0.3012545669291338
11
1.8785498818897637
21
0.2984984645669291
0
LINE
8
BLACK
6
CONTINUOUS
10
1.8785498818897637
20
0.2984984645669291
11
1.8800237007874014
21
0.2971813779527559
0
LINE
8
BLACK
6
CONTINUOUS
10
1.8800237007874014
20
0.2971813779527559
11
1.881556653543307
21
0.296016062992126
0
LINE
8
BLACK
6
CONTINUOUS
10
1.881556653543307
20
0.296016062992126
11
1.8853739370078739
21
0.2924000787401575
0
LINE
8
BLACK
6
CONTINUOUS
10
1.8853739370078739
20
0.2924000787401575
11
1.8890843307086613
21
0.2890843307086614
0
LINE
8
BLACK
6
CONTINUOUS
10
1.8890843307086613
20
0.2890843307086614
11
1.8902422440944882
21
0.2877885826771653
0
LINE
8
BLACK
6
CONTINUOUS
10
1.8902422440944882
20
0.2877885826771653
11
1.8914596456692914
21
0.2866354330708661
0
LINE
8
BLACK
6
CONTINUOUS
10
1.8914596456692914
20
0.2866354330708661
11
1.895046496062992
21
0.2824126377952756
0
LINE
8
BLACK
6
CONTINUOUS
10
1.895046496062992
20
0.2824126377952756
11
1.8984984645669292
21
0.2785498818897638
0
LINE
8
BLACK
6
CONTINUOUS
10
1.8984984645669292
20
0.2785498818897638
11
1.8993655118110235
21
0.2773278346456693
0
LINE
8
BLACK
6
CONTINUOUS
10
1.8993655118110235
20
0.2773278346456693
11
1.9002906692913386
21
0.2762387007874016
0
LINE
8
BLACK
6
CONTINUOUS
10
1.9002906692913386
20
0.2762387007874016
11
1.903567874015748
21
0.271405157480315
0
LINE
8
BLACK
6
CONTINUOUS
10
1.903567874015748
20
0.271405157480315
11
1.9066738976377953
21
0.2670276771653543
0
LINE
8
BLACK
6
CONTINUOUS
10
1.9066738976377953
20
0.2670276771653543
11
1.9072822047244093
21
0.2659269291338582
0
LINE
8
BLACK
6
CONTINUOUS
10
1.9072822047244093
20
0.2659269291338582
11
1.9079456299212598
21
0.2649485433070866
0
LINE
8
BLACK
6
CONTINUOUS
10
1.9079456299212598
20
0.2649485433070866
11
1.9108335433070867
21
0.2595013385826772
0
LINE
8
BLACK
6
CONTINUOUS
10
1.9108335433070867
20
0.2595013385826772
11
1.9135078740157481
21
0.2546625196850394
0
LINE
8
BLACK
6
CONTINUOUS
10
1.9135078740157481
20
0.2546625196850394
11
1.9138970078740156
21
0.2537229527559055
0
LINE
8
BLACK
6
CONTINUOUS
10
1.9138970078740156
20
0.2537229527559055
11
1.9143348031496064
21
0.2528972834645669
0
LINE
8
BLACK
6
CONTINUOUS
10
1.9143348031496064
20
0.2528972834645669
11
1.9167526377952755
21
0.2468289763779528
0
LINE
8
BLACK
6
CONTINUOUS
10
1.9167526377952755
20
0.2468289763779528
11
1.9189144488188976
21
0.2416099606299213
0
LINE
8
BLACK
6
CONTINUOUS
10
1.9189144488188976
20
0.2416099606299213
11
1.9191294094488189
21
0.2408637401574803
0
LINE
8
BLACK
6
CONTINUOUS
10
1.9191294094488189
20
0.2408637401574803
11
1.9193839763779528
21
0.2402248818897638
0
LINE
8
BLACK
6
CONTINUOUS
10
1.9193839763779528
20
0.2402248818897638
11
1.9212576771653542
21
0.2334763385826772
0
LINE
8
BLACK
6
CONTINUOUS
10
1.9212576771653542
20
0.2334763385826772
11
1.9228255511811023
21
0.2280341338582677
0
LINE
8
BLACK
6
CONTINUOUS
10
1.9228255511811023
20
0.2280341338582677
11
1.9229151968503937
21
0.2275064566929134
0
LINE
8
BLACK
6
CONTINUOUS
10
1.9229151968503937
20
0.2275064566929134
11
1.9230331102362204
21
0.227081811023622
0
LINE
8
BLACK
6
CONTINUOUS
10
1.9230331102362204
20
0.227081811023622
11
1.9242899212598426
21
0.2194154724409449
0
LINE
8
BLACK
6
CONTINUOUS
10
1.9242899212598426
20
0.2194154724409449
11
1.9251920866141732
21
0.2141057480314961
0
LINE
8
BLACK
6
CONTINUOUS
10
1.9251920866141732
20
0.2141057480314961
11
1.9252085826771652
21
0.2138117322834646
0
LINE
8
BLACK
6
CONTINUOUS
10
1.9252085826771652
20
0.2138117322834646
11
1.9252399606299213
21
0.2136204330708661
0
LINE
8
BLACK
6
CONTINUOUS
10
1.9252399606299213
20
0.2136204330708661
11
1.9258165748031495
21
0.2029851181102362
0
LINE
8
BLACK
6
CONTINUOUS
10
1.9258165748031495
20
0.2029851181102362
11
1.925984251968504
21
0.2
0
LINE
8
BLACK
6
CONTINUOUS
10
1.925984251968504
20
0.2
11
1.9258166141732282
21
0.1970151181102362
0
LINE
8
BLACK
6
CONTINUOUS
10
1.9258166141732282
20
0.1970151181102362
11
1.9252399606299213
21
0.1863795275590551
0
LINE
8
BLACK
6
CONTINUOUS
10
1.9252399606299213
20
0.1863795275590551
11
1.9252085826771652
21
0.186188188976378
0
LINE
8
BLACK
6
CONTINUOUS
10
1.9252085826771652
20
0.186188188976378
11
1.9251920866141732
21
0.1858942519685039
0
LINE
8
BLACK
6
CONTINUOUS
10
1.9251920866141732
20
0.1858942519685039
11
1.9242900787401573
21
0.1805855905511811
0
LINE
8
BLACK
6
CONTINUOUS
10
1.9242900787401573
20
0.1805855905511811
11
1.9230331102362204
21
0.1729181496062992
0
LINE
8
BLACK
6
CONTINUOUS
10
1.9230331102362204
20
0.1729181496062992
11
1.9229151574803149
21
0.1724934251968504
0
LINE
8
BLACK
6
CONTINUOUS
10
1.9229151574803149
20
0.1724934251968504
11
1.9228255511811023
21
0.1719658661417323
0
LINE
8
BLACK
6
CONTINUOUS
10
1.9228255511811023
20
0.1719658661417323
11
1.9212579527559055
21
0.1665246456692913
0
LINE
8
BLACK
6
CONTINUOUS
10
1.9212579527559055
20
0.1665246456692913
11
1.9193839763779528
21
0.1597750787401575
0
LINE
8
BLACK
6
CONTINUOUS
10
1.9193839763779528
20
0.1597750787401575
11
1.9191293700787402
21
0.1591361023622047
0
LINE
8
BLACK
6
CONTINUOUS
10
1.9191293700787402
20
0.1591361023622047
11
1.9189144488188976
21
0.1583900393700787
0
LINE
8
BLACK
6
CONTINUOUS
10
1.9189144488188976
20
0.1583900393700787
11
1.916753031496063
21
0.1531720078740157
0
LINE
8
BLACK
6
CONTINUOUS
10
1.916753031496063
20
0.1531720078740157
11
1.9143348031496064
21
0.1471026771653543
0
LINE
8
BLACK
6
CONTINUOUS
10
1.9143348031496064
20
0.1471026771653543
11
1.9138969685039369
21
0.1462768110236221
0
LINE
8
BLACK
6
CONTINUOUS
10
1.9138969685039369
20
0.1462768110236221
11
1.9135078740157481
21
0.1453374803149606
0
LINE
8
BLACK
6
CONTINUOUS
10
1.9135078740157481
20
0.1453374803149606
11
1.9108340551181102
21
0.1404995669291338
0
LINE
8
BLACK
6
CONTINUOUS
10
1.9108340551181102
20
0.1404995669291338
11
1.9079456299212598
21
0.1350514173228347
0
LINE
8
BLACK
6
CONTINUOUS
10
1.9079456299212598
20
0.1350514173228347
11
1.9072820866141731
21
0.1340727952755905
0
LINE
8
BLACK
6
CONTINUOUS
10
1.9072820866141731
20
0.1340727952755905
11
1.9066738976377953
21
0.1329723228346457
0
LINE
8
BLACK
6
CONTINUOUS
10
1.9066738976377953
20
0.1329723228346457
11
1.9035684645669291
21
0.1285956299212598
0
LINE
8
BLACK
6
CONTINUOUS
10
1.9035684645669291
20
0.1285956299212598
11
1.9002906692913386
21
0.1237612598425197
0
LINE
8
BLACK
6
CONTINUOUS
10
1.9002906692913386
20
0.1237612598425197
11
1.8993653543307085
21
0.1226718897637795
0
LINE
8
BLACK
6
CONTINUOUS
10
1.8993653543307085
20
0.1226718897637795
11
1.8984984645669292
21
0.1214501181102362
0
LINE
8
BLACK
6
CONTINUOUS
10
1.8984984645669292
20
0.1214501181102362
11
1.8950471653543306
21
0.1175881102362205
0
LINE
8
BLACK
6
CONTINUOUS
10
1.8950471653543306
20
0.1175881102362205
11
1.8914596456692914
21
0.1133645275590551
0
LINE
8
BLACK
6
CONTINUOUS
10
1.8914596456692914
20
0.1133645275590551
11
1.8902420078740156
21
0.1122111023622047
0
LINE
8
BLACK
6
CONTINUOUS
10
1.8902420078740156
20
0.1122111023622047
11
1.8890843307086613
21
0.1109156692913386
0
LINE
8
BLACK
6
CONTINUOUS
10
1.8890843307086613
20
0.1109156692913386
11
1.88537468503937
21
0.1076005118110236
0
LINE
8
BLACK
6
CONTINUOUS
10
1.88537468503937
20
0.1076005118110236
11
1.881556653543307
21
0.1039838976377953
0
LINE
8
BLACK
6
CONTINUOUS
10
1.881556653543307
20
0.1039838976377953
11
1.8800233858267716
21
0.1028183464566929
0
LINE
8
BLACK
6
CONTINUOUS
10
1.8800233858267716
20
0.1028183464566929
11
1.8785498818897637
21
0.1015015354330709
0
LINE
8
BLACK
6
CONTINUOUS
10
1.8785498818897637
20
0.1015015354330709
11
1.8746662598425197
21
0.0987459448818898
0
LINE
8
BLACK
6
CONTINUOUS
10
1.8746662598425197
20
0.0987459448818898
11
1.8706976377952755
21
0.095729094488189
0
LINE
8
BLACK
6
CONTINUOUS
10
1.8706976377952755
20
0.095729094488189
11
1.8688341732283464
21
0.094607874015748
0
LINE
8
BLACK
6
CONTINUOUS
10
1.8688341732283464
20
0.094607874015748
11
1.8670276771653542
21
0.0933261023622047
0
LINE
8
BLACK
6
CONTINUOUS
10
1.8670276771653542
20
0.0933261023622047
11
1.863051338582677
21
0.0911284645669291
0
LINE
8
BLACK
6
CONTINUOUS
10
1.863051338582677
20
0.0911284645669291
11
1.8590093307086615
21
0.0886964566929134
0
LINE
8
BLACK
6
CONTINUOUS
10
1.8590093307086615
20
0.0886964566929134
11
1.85680937007874
21
0.0876786220472441
0
LINE
8
BLACK
6
CONTINUOUS
10
1.85680937007874
20
0.0876786220472441
11
1.8546625196850393
21
0.086492125984252
0
LINE
8
BLACK
6
CONTINUOUS
10
1.8546625196850393
20
0.086492125984252
11
1.8506716141732282
21
0.0848390157480315
0
LINE
8
BLACK
6
CONTINUOUS
10
1.8506716141732282
20
0.0848390157480315
11
1.8466292913385827
21
0.0829688582677165
0
LINE
8
BLACK
6
CONTINUOUS
10
1.8466292913385827
20
0.0829688582677165
11
1.8440958661417322
21
0.0821152362204724
0
LINE
8
BLACK
6
CONTINUOUS
10
1.8440958661417322
20
0.0821152362204724
11
1.8416099606299212
21
0.0810855511811024
0
LINE
8
BLACK
6
CONTINUOUS
10
1.8416099606299212
20
0.0810855511811024
11
1.8376768897637794
21
0.0799524409448819
0
LINE
8
BLACK
6
CONTINUOUS
10
1.8376768897637794
20
0.0799524409448819
11
1.8337028740157479
21
0.0786134645669291
0
LINE
8
BLACK
6
CONTINUOUS
10
1.8337028740157479
20
0.0786134645669291
11
1.8308472440944881
21
0.0779848818897638
0
LINE
8
BLACK
6
CONTINUOUS
10
1.8308472440944881
20
0.0779848818897638
11
1.8280341338582677
21
0.0771744488188976
0
LINE
8
BLACK
6
CONTINUOUS
10
1.8280341338582677
20
0.0771744488188976
11
1.8242256692913386
21
0.0765273622047244
0
LINE
8
BLACK
6
CONTINUOUS
10
1.8242256692913386
20
0.0765273622047244
11
1.8203811023622047
21
0.0756811023622047
0
LINE
8
BLACK
6
CONTINUOUS
10
1.8203811023622047
20
0.0756811023622047
11
1.8172244094488188
21
0.0753377952755905
0
LINE
8
BLACK
6
CONTINUOUS
10
1.8172244094488188
20
0.0753377952755905
11
1.8141057480314959
21
0.0748079133858268
0
LINE
8
BLACK
6
CONTINUOUS
10
1.8141057480314959
20
0.0748079133858268
11
1.8104796062992126
21
0.0746042519685039
0
LINE
8
BLACK
6
CONTINUOUS
10
1.8104796062992126
20
0.0746042519685039
11
1.8068202362204724
21
0.0742062992125984
0
LINE
8
BLACK
6
CONTINUOUS
10
1.8068202362204724
20
0.0742062992125984
11
1.8033930708661416
21
0.0742062992125984
0
LINE
8
BLACK
6
CONTINUOUS
10
1.8033930708661416
20
0.0742062992125984
11
1.8
21
0.0740157480314961
0
LINE
8
BLACK
6
CONTINUOUS
10
1.8
20
0.0740157480314961
11
1.7966069291338582
21
0.0742062992125984
0
LINE
8
BLACK
6
CONTINUOUS
10
1.7966069291338582
20
0.0742062992125984
11
1.7931797637795275
21
0.0742062992125984
0
LINE
8
BLACK
6
CONTINUOUS
10
1.7931797637795275
20
0.0742062992125984
11
1.7895203149606298
21
0.0746042519685039
0
LINE
8
BLACK
6
CONTINUOUS
10
1.7895203149606298
20
0.0746042519685039
11
1.7858942519685039
21
0.0748079133858268
0
LINE
8
BLACK
6
CONTINUOUS
10
1.7858942519685039
20
0.0748079133858268
11
1.7827755905511811
21
0.0753377559055118
0
LINE
8
BLACK
6
CONTINUOUS
10
1.7827755905511811
20
0.0753377559055118
11
1.7796188582677166
21
0.0756811023622047
0
LINE
8
BLACK
6
CONTINUOUS
10
1.7796188582677166
20
0.0756811023622047
11
1.775774094488189
21
0.0765273622047244
0
LINE
8
BLACK
6
CONTINUOUS
10
1.775774094488189
20
0.0765273622047244
11
1.7719658661417323
21
0.0771744488188976
0
LINE
8
BLACK
6
CONTINUOUS
10
1.7719658661417323
20
0.0771744488188976
11
1.7691528346456693
21
0.077984842519685
0
LINE
8
BLACK
6
CONTINUOUS
10
1.7691528346456693
20
0.077984842519685
11
1.7662970866141732
21
0.0786134645669291
0
LINE
8
BLACK
6
CONTINUOUS
10
1.7662970866141732
20
0.0786134645669291
11
1.7623227952755904
21
0.0799525196850394
0
LINE
8
BLACK
6
CONTINUOUS
10
1.7623227952755904
20
0.0799525196850394
11
1.7583900393700787
21
0.0810855511811024
0
LINE
8
BLACK
6
CONTINUOUS
10
1.7583900393700787
20
0.0810855511811024
11
1.7559042913385827
21
0.082115157480315
0
LINE
8
BLACK
6
CONTINUOUS
10
1.7559042913385827
20
0.082115157480315
11
1.7533706692913384
21
0.0829688582677165
0
LINE
8
BLACK
6
CONTINUOUS
10
1.7533706692913384
20
0.0829688582677165
11
1.7493279921259841
21
0.0848391732283465
0
LINE
8
BLACK
6
CONTINUOUS
10
1.7493279921259841
20
0.0848391732283465
11
1.7453374803149606
21
0.086492125984252
0
LINE
8
BLACK
6
CONTINUOUS
10
1.7453374803149606
20
0.086492125984252
11
1.7431907874015748
21
0.0876785433070866
0
LINE
8
BLACK
6
CONTINUOUS
10
1.7431907874015748
20
0.0876785433070866
11
1.7409906299212599
21
0.0886964566929134
0
LINE
8
BLACK
6
CONTINUOUS
10
1.7409906299212599
20
0.0886964566929134
11
1.7369481496062991
21
0.0911287401574803
0
LINE
8
BLACK
6
CONTINUOUS
10
1.7369481496062991
20
0.0911287401574803
11
1.7329723228346456
21
0.0933261023622047
0
LINE
8
BLACK
6
CONTINUOUS
10
1.7329723228346456
20
0.0933261023622047
11
1.7311659842519684
21
0.0946077165354331
0
LINE
8
BLACK
6
CONTINUOUS
10
1.7311659842519684
20
0.0946077165354331
11
1.7293023228346456
21
0.095729094488189
0
LINE
8
BLACK
6
CONTINUOUS
10
1.7293023228346456
20
0.095729094488189
11
1.7253331102362204
21
0.0987463779527559
0
LINE
8
BLACK
6
CONTINUOUS
10
1.7253331102362204
20
0.0987463779527559
11
1.7214501181102362
21
0.1015015354330709
0
LINE
8
BLACK
6
CONTINUOUS
10
1.7214501181102362
20
0.1015015354330709
11
1.719976811023622
21
0.1028181496062992
0
LINE
8
BLACK
6
CONTINUOUS
10
1.719976811023622
20
0.1028181496062992
11
1.7184433070866141
21
0.1039838976377953
0
LINE
8
BLACK
6
CONTINUOUS
10
1.7184433070866141
20
0.1039838976377953
11
1.7146246062992125
21
0.1076011417322835
0
LINE
8
BLACK
6
CONTINUOUS
10
1.7146246062992125
20
0.1076011417322835
11
1.7109156692913385
21
0.1109156692913386
0
LINE
8
BLACK
6
CONTINUOUS
10
1.7109156692913385
20
0.1109156692913386
11
1.7097581496062992
21
0.1122108661417323
0
LINE
8
BLACK
6
CONTINUOUS
10
1.7097581496062992
20
0.1122108661417323
11
1.70854031496063
21
0.1133645275590551
0
LINE
8
BLACK
6
CONTINUOUS
10
1.70854031496063
20
0.1133645275590551
11
1.7049520078740157
21
0.1175889763779528
0
LINE
8
BLACK
6
CONTINUOUS
10
1.7049520078740157
20
0.1175889763779528
11
1.7015015354330709
21
0.1214501181102362
0
LINE
8
BLACK
6
CONTINUOUS
10
1.7015015354330709
20
0.1214501181102362
11
1.7006348031496064
21
0.1226716141732283
0
LINE
8
BLACK
6
CONTINUOUS
10
1.7006348031496064
20
0.1226716141732283
11
1.6997092913385827
21
0.1237612598425197
0
LINE
8
BLACK
6
CONTINUOUS
10
1.6997092913385827
20
0.1237612598425197
11
1.6964305905511812
21
0.1285968897637795
0
LINE
8
BLACK
6
CONTINUOUS
10
1.6964305905511812
20
0.1285968897637795
11
1.6933261023622046
21
0.1329723228346457
0
LINE
8
BLACK
6
CONTINUOUS
10
1.6933261023622046
20
0.1329723228346457
11
1.692718031496063
21
0.1340724803149606
0
LINE
8
BLACK
6
CONTINUOUS
10
1.692718031496063
20
0.1340724803149606
11
1.6920543307086613
21
0.1350514173228347
0
LINE
8
BLACK
6
CONTINUOUS
10
1.6920543307086613
20
0.1350514173228347
11
1.6891649606299213
21
0.1405012992125984
0
LINE
8
BLACK
6
CONTINUOUS
10
1.6891649606299213
20
0.1405012992125984
11
1.686492125984252
21
0.1453374803149606
0
LINE
8
BLACK
6
CONTINUOUS
10
1.686492125984252
20
0.1453374803149606
11
1.6861031496062993
21
0.1462764960629921
0
LINE
8
BLACK
6
CONTINUOUS
10
1.6861031496062993
20
0.1462764960629921
11
1.685665157480315
21
0.1471026771653543
0
LINE
8
BLACK
6
CONTINUOUS
10
1.685665157480315
20
0.1471026771653543
11
1.6832458661417322
21
0.1531744881889764
0
LINE
8
BLACK
6
CONTINUOUS
10
1.6832458661417322
20
0.1531744881889764
11
1.6810855511811023
21
0.1583900393700787
0
LINE
8
BLACK
6
CONTINUOUS
10
1.6810855511811023
20
0.1583900393700787
11
1.6808707086614172
21
0.159135748031496
0
LINE
8
BLACK
6
CONTINUOUS
10
1.6808707086614172
20
0.159135748031496
11
1.6806159842519686
21
0.1597750787401575
0
LINE
8
BLACK
6
CONTINUOUS
10
1.6806159842519686
20
0.1597750787401575
11
1.678740905511811
21
0.1665284251968504
0
LINE
8
BLACK
6
CONTINUOUS
10
1.678740905511811
20
0.1665284251968504
11
1.6771744488188975
21
0.1719658661417323
0
LINE
8
BLACK
6
CONTINUOUS
10
1.6771744488188975
20
0.1719658661417323
11
1.6770848425196849
21
0.172493031496063
0
LINE
8
BLACK
6
CONTINUOUS
10
1.6770848425196849
20
0.172493031496063
11
1.6769668503937007
21
0.1729181496062992
0
LINE
8
BLACK
6
CONTINUOUS
10
1.6769668503937007
20
0.1729181496062992
11
1.6757087401574802
21
0.1805921653543307
0
LINE
8
BLACK
6
CONTINUOUS
10
1.6757087401574802
20
0.1805921653543307
11
1.6748079133858267
21
0.1858942519685039
0
LINE
8
BLACK
6
CONTINUOUS
10
1.6748079133858267
20
0.1858942519685039
11
1.6747914173228347
21
0.1861877952755905
0
LINE
8
BLACK
6
CONTINUOUS
10
1.6747914173228347
20
0.1861877952755905
11
1.67476
21
0.1863795275590551
0
LINE
8
BLACK
6
CONTINUOUS
10
1.67476
20
0.1863795275590551
11
1.6741822047244095
21
0.1970353937007874
0
LINE
8
BLACK
6
CONTINUOUS
10
1.6741822047244095
20
0.1970353937007874
11
1.6740157480314961
21
0.2
0
LINE
8
BLACK
6
CONTINUOUS
10
1.6740157480314961
20
0.2
11
1.6741822440944882
21
0.2029648031496063
0
LINE
8
BLACK
6
CONTINUOUS
10
1.6741822440944882
20
0.2029648031496063
11
1.67476
21
0.2136204330708661
0
LINE
8
BLACK
6
CONTINUOUS
10
1.67476
20
0.2136204330708661
11
1.6747914173228347
21
0.2138120866141732
0
LINE
8
BLACK
6
CONTINUOUS
10
1.6747914173228347
20
0.2138120866141732
11
1.6748079133858267
21
0.2141057480314961
0
LINE
8
BLACK
6
CONTINUOUS
10
1.6748079133858267
20
0.2141057480314961
11
1.6757089370078739
21
0.2194088582677165
0
LINE
8
BLACK
6
CONTINUOUS
10
1.6757089370078739
20
0.2194088582677165
11
1.6769668503937007
21
0.227081811023622
0
LINE
8
BLACK
6
CONTINUOUS
10
1.6769668503937007
20
0.227081811023622
11
1.6770848425196849
21
0.2275068110236221
0
LINE
8
BLACK
6
CONTINUOUS
10
1.6770848425196849
20
0.2275068110236221
11
1.6771744488188975
21
0.2280341338582677
0
LINE
8
BLACK
6
CONTINUOUS
10
1.6771744488188975
20
0.2280341338582677
11
1.678741220472441
21
0.2334725984251969
0
LINE
8
BLACK
6
CONTINUOUS
10
1.678741220472441
20
0.2334725984251969
11
1.6806159842519686
21
0.2402248818897638
0
LINE
8
BLACK
6
CONTINUOUS
10
1.6806159842519686
20
0.2402248818897638
11
1.6808706692913384
21
0.240864094488189
0
LINE
8
BLACK
6
CONTINUOUS
10
1.6808706692913384
20
0.240864094488189
11
1.6810855511811023
21
0.2416099606299213
0
LINE
8
BLACK
6
CONTINUOUS
10
1.6810855511811023
20
0.2416099606299213
11
1.6832462992125985
21
0.2468264566929134
0
LINE
8
BLACK
6
CONTINUOUS
10
1.6832462992125985
20
0.2468264566929134
11
1.685665157480315
21
0.2528972834645669
0
LINE
8
BLACK
6
CONTINUOUS
10
1.685665157480315
20
0.2528972834645669
11
1.6861030708661418
21
0.2537233070866142
0
LINE
8
BLACK
6
CONTINUOUS
10
1.6861030708661418
20
0.2537233070866142
11
1.686492125984252
21
0.2546625196850394
0
LINE
8
BLACK
6
CONTINUOUS
10
1.686492125984252
20
0.2546625196850394
11
1.6891654724409448
21
0.2594995669291338
0
LINE
8
BLACK
6
CONTINUOUS
10
1.6891654724409448
20
0.2594995669291338
11
1.6920543307086613
21
0.2649485433070866
0
LINE
8
BLACK
6
CONTINUOUS
10
1.6920543307086613
20
0.2649485433070866
11
1.6927179133858268
21
0.2659272440944882
0
LINE
8
BLACK
6
CONTINUOUS
10
1.6927179133858268
20
0.2659272440944882
11
1.6933261023622046
21
0.2670276771653543
0
LINE
8
BLACK
6
CONTINUOUS
10
1.6933261023622046
20
0.2670276771653543
11
1.6964311811023622
21
0.2714038976377953
0
LINE
8
BLACK
6
CONTINUOUS
10
1.6964311811023622
20
0.2714038976377953
11
1.6997092913385827
21
0.2762387007874016
0
LINE
8
BLACK
6
CONTINUOUS
10
1.6997092913385827
20
0.2762387007874016
11
1.7006346456692913
21
0.2773281102362204
0
LINE
8
BLACK
6
CONTINUOUS
10
1.7006346456692913
20
0.2773281102362204
11
1.7015015354330709
21
0.2785498818897638
0
LINE
8
BLACK
6
CONTINUOUS
10
1.7015015354330709
20
0.2785498818897638
11
1.7049526771653543
21
0.2824117322834646
0
LINE
8
BLACK
6
CONTINUOUS
10
1.7049526771653543
20
0.2824117322834646
11
1.70854031496063
21
0.2866354330708661
0
LINE
8
BLACK
6
CONTINUOUS
10
1.70854031496063
20
0.2866354330708661
11
1.7097579527559055
21
0.2877888188976378
0
LINE
8
BLACK
6
CONTINUOUS
10
1.7097579527559055
20
0.2877888188976378
11
1.7109156692913385
21
0.2890843307086614
0
LINE
8
BLACK
6
CONTINUOUS
10
1.7109156692913385
20
0.2890843307086614
11
1.7146253149606299
21
0.2923994881889764
0
LINE
8
BLACK
6
CONTINUOUS
10
1.7146253149606299
20
0.2923994881889764
11
1.7184433070866141
21
0.296016062992126
0
LINE
8
BLACK
6
CONTINUOUS
10
1.7184433070866141
20
0.296016062992126
11
1.7199764960629922
21
0.2971815748031496
0
LINE
8
BLACK
6
CONTINUOUS
10
1.7199764960629922
20
0.2971815748031496
11
1.7214501181102362
21
0.2984984645669291
0
LINE
8
BLACK
6
CONTINUOUS
10
1.7214501181102362
20
0.2984984645669291
11
1.7253338976377952
21
0.3012541338582677
0
LINE
8
BLACK
6
CONTINUOUS
10
1.7253338976377952
20
0.3012541338582677
11
1.7293023228346456
21
0.3042708661417323
0
LINE
8
BLACK
6
CONTINUOUS
10
1.7293023228346456
20
0.3042708661417323
11
1.7311656299212599
21
0.305391968503937
0
LINE
8
BLACK
6
CONTINUOUS
10
1.7311656299212599
20
0.305391968503937
11
1.7329723228346456
21
0.3066738976377953
0
LINE
8
BLACK
6
CONTINUOUS
10
1.7329723228346456
20
0.3066738976377953
11
1.7369489370078739
21
0.3088716929133858
0
LINE
8
BLACK
6
CONTINUOUS
10
1.7369489370078739
20
0.3088716929133858
11
1.7409906299212599
21
0.3113035039370078
0
LINE
8
BLACK
6
CONTINUOUS
10
1.7409906299212599
20
0.3113035039370078
11
1.7431903543307086
21
0.3123211811023622
0
LINE
8
BLACK
6
CONTINUOUS
10
1.7431903543307086
20
0.3123211811023622
11
1.7453374803149606
21
0.313507874015748
0
LINE
8
BLACK
6
CONTINUOUS
10
1.7453374803149606
20
0.313507874015748
11
1.7493288188976377
21
0.3151611417322834
0
LINE
8
BLACK
6
CONTINUOUS
10
1.7493288188976377
20
0.3151611417322834
11
1.7533706692913384
21
0.3170311023622047
0
LINE
8
BLACK
6
CONTINUOUS
10
1.7533706692913384
20
0.3170311023622047
11
1.7559037795275589
21
0.3178846062992126
0
LINE
8
BLACK
6
CONTINUOUS
10
1.7559037795275589
20
0.3178846062992126
11
1.7583900393700787
21
0.3189144488188976
0
LINE
8
BLACK
6
CONTINUOUS
10
1.7583900393700787
20
0.3189144488188976
11
1.7623235826771653
21
0.3200476771653543
0
LINE
8
BLACK
6
CONTINUOUS
10
1.7623235826771653
20
0.3200476771653543
11
1.7662970866141732
21
0.3213864960629921
0
LINE
8
BLACK
6
CONTINUOUS
10
1.7662970866141732
20
0.3213864960629921
11
1.7691522440944882
21
0.3220149606299212
0
LINE
8
BLACK
6
CONTINUOUS
10
1.7691522440944882
20
0.3220149606299212
11
1.7719658661417323
21
0.3228255511811023
0
LINE
8
BLACK
6
CONTINUOUS
10
1.7719658661417323
20
0.3228255511811023
11
1.7757748818897638
21
0.3234727165354331
0
LINE
8
BLACK
6
CONTINUOUS
10
1.7757748818897638
20
0.3234727165354331
11
1.7796188582677166
21
0.3243188582677165
0
LINE
8
BLACK
6
CONTINUOUS
10
1.7796188582677166
20
0.3243188582677165
11
1.7827751181102363
21
0.3246620866141732
0
LINE
8
BLACK
6
CONTINUOUS
10
1.7827751181102363
20
0.3246620866141732
11
1.7858942519685039
21
0.3251920866141732
0
LINE
8
BLACK
6
CONTINUOUS
10
1.7858942519685039
20
0.3251920866141732
11
1.7895205511811023
21
0.3253957086614173
0
LINE
8
BLACK
6
CONTINUOUS
10
1.7895205511811023
20
0.3253957086614173
11
1.7931797637795275
21
0.3257937007874016
0
LINE
8
BLACK
6
CONTINUOUS
10
1.7931797637795275
20
0.3257937007874016
11
1.7966069291338582
21
0.3257937007874016
0
LINE
8
BLACK
6
CONTINUOUS
10
1.7966069291338582
20
0.3257937007874016
11
1.8
21
0.3259842519685039
0
LINE
8
BLACK
6
CONTINUOUS
10
1.8
20
0.3259842519685039
11
1.8033930708661416
21
0.3257937007874016
0
LINE
8
BLACK
6
CONTINUOUS
10
0.5903191732283465
20
0.3159601181102362
11
0.5916588188976378
21
0.3158047244094488
0
LINE
8
BLACK
6
CONTINUOUS
10
0.5916588188976378
20
0.3158047244094488
11
0.5921164960629921
21
0.3156025984251968
0
LINE
8
BLACK
6
CONTINUOUS
10
0.5921164960629921
20
0.3156025984251968
11
0.5930132677165354
21
0.3154242519685039
0
LINE
8
BLACK
6
CONTINUOUS
10
0.5930132677165354
20
0.3154242519685039
11
0.5939732677165355
21
0.3147827559055118
0
LINE
8
BLACK
6
CONTINUOUS
10
0.5939732677165355
20
0.3147827559055118
11
0.5944112992125984
21
0.3145893700787402
0
LINE
8
BLACK
6
CONTINUOUS
10
0.5944112992125984
20
0.3145893700787402
11
0.5947104724409449
21
0.314290157480315
0
LINE
8
BLACK
6
CONTINUOUS
10
0.5947104724409449
20
0.314290157480315
11
0.5955677559055118
21
0.3137173622047244
0
LINE
8
BLACK
6
CONTINUOUS
10
0.5955677559055118
20
0.3137173622047244
11
0.5961405511811023
21
0.3128600787401575
0
LINE
8
BLACK
6
CONTINUOUS
10
0.5961405511811023
20
0.3128600787401575
11
0.5964397637795276
21
0.312560905511811
0
LINE
8
BLACK
6
CONTINUOUS
10
0.5964397637795276
20
0.312560905511811
11
0.5966331496062992
21
0.312122874015748
0
LINE
8
BLACK
6
CONTINUOUS
10
0.5966331496062992
20
0.312122874015748
11
0.5972746456692913
21
0.311162874015748
0
LINE
8
BLACK
6
CONTINUOUS
10
0.5972746456692913
20
0.311162874015748
11
0.5974529921259842
21
0.3102661023622047
0
LINE
8
BLACK
6
CONTINUOUS
10
0.5974529921259842
20
0.3102661023622047
11
0.5976551181102362
21
0.3098084251968504
0
LINE
8
BLACK
6
CONTINUOUS
10
0.5976551181102362
20
0.3098084251968504
11
0.5978105118110236
21
0.3084687007874016
0
LINE
8
BLACK
6
CONTINUOUS
10
0.5978105118110236
20
0.3084687007874016
11
0.5978740157480315
21
0.3081496062992126
0
LINE
8
BLACK
6
CONTINUOUS
10
0.5978740157480315
20
0.3081496062992126
11
0.5978740157480315
21
0.1581496062992126
0
LINE
8
BLACK
6
CONTINUOUS
10
0.5978740157480315
20
0.1581496062992126
11
0.5978105118110236
21
0.1578304724409449
0
LINE
8
BLACK
6
CONTINUOUS
10
0.5978105118110236
20
0.1578304724409449
11
0.5976551181102362
21
0.1564907480314961
0
LINE
8
BLACK
6
CONTINUOUS
10
0.5976551181102362
20
0.1564907480314961
11
0.5974529921259842
21
0.1560329921259843
0
LINE
8
BLACK
6
CONTINUOUS
10
0.5974529921259842
20
0.1560329921259843
11
0.5972746456692913
21
0.1551363385826772
0
LINE
8
BLACK
6
CONTINUOUS
10
0.5972746456692913
20
0.1551363385826772
11
0.596633188976378
21
0.1541763779527559
0
LINE
8
BLACK
6
CONTINUOUS
10
0.596633188976378
20
0.1541763779527559
11
0.5964397637795276
21
0.1537382677165354
0
LINE
8
BLACK
6
CONTINUOUS
10
0.5964397637795276
20
0.1537382677165354
11
0.5961404724409448
21
0.1534389763779528
0
LINE
8
BLACK
6
CONTINUOUS
10
0.5961404724409448
20
0.1534389763779528
11
0.5955677559055118
21
0.1525818503937008
0
LINE
8
BLACK
6
CONTINUOUS
10
0.5955677559055118
20
0.1525818503937008
11
0.5947105905511811
21
0.152009094488189
0
LINE
8
BLACK
6
CONTINUOUS
10
0.5947105905511811
20
0.152009094488189
11
0.5944112992125984
21
0.1517098031496063
0
LINE
8
BLACK
6
CONTINUOUS
10
0.5944112992125984
20
0.1517098031496063
11
0.5939731102362205
21
0.1515162992125984
0
LINE
8
BLACK
6
CONTINUOUS
10
0.5939731102362205
20
0.1515162992125984
11
0.5930132677165354
21
0.1508749606299213
0
LINE
8
BLACK
6
CONTINUOUS
10
0.5930132677165354
20
0.1508749606299213
11
0.5921166929133859
21
0.1506966141732284
0
LINE
8
BLACK
6
CONTINUOUS
10
0.5921166929133859
20
0.1506966141732284
11
0.5916588188976378
21
0.1504944488188976
0
LINE
8
BLACK
6
CONTINUOUS
10
0.5916588188976378
20
0.1504944488188976
11
0.5903186220472441
21
0.150338937007874
0
LINE
8
BLACK
6
CONTINUOUS
10
0.5903186220472441
20
0.150338937007874
11
0.59
21
0.1502755905511811
0
LINE
8
BLACK
6
CONTINUOUS
10
0.59
20
0.1502755905511811
11
0.5897723228346456
21
0.1502755905511811
0
LINE
8
BLACK
6
CONTINUOUS
10
0.5897723228346456
20
0.1502755905511811
11
0.4402277165354331
21
0.1502755905511811
0
LINE
8
BLACK
6
CONTINUOUS
10
0.4402277165354331
20
0.1502755905511811
11
0.44
21
0.1502755905511811
0
LINE
8
BLACK
6
CONTINUOUS
10
0.44
20
0.1502755905511811
11
0.4396813385826772
21
0.150338937007874
0
LINE
8
BLACK
6
CONTINUOUS
10
0.4396813385826772
20
0.150338937007874
11
0.4383411417322834
21
0.1504944488188976
0
LINE
8
BLACK
6
CONTINUOUS
10
0.4383411417322834
20
0.1504944488188976
11
0.4378832283464567
21
0.1506966141732284
0
LINE
8
BLACK
6
CONTINUOUS
10
0.4378832283464567
20
0.1506966141732284
11
0.4369867322834646
21
0.1508749606299213
0
LINE
8
BLACK
6
CONTINUOUS
10
0.4369867322834646
20
0.1508749606299213
11
0.4360269291338583
21
0.1515162598425197
0
LINE
8
BLACK
6
CONTINUOUS
10
0.4360269291338583
20
0.1515162598425197
11
0.4355886614173228
21
0.1517098031496063
0
LINE
8
BLACK
6
CONTINUOUS
10
0.4355886614173228
20
0.1517098031496063
11
0.4352892519685039
21
0.1520091732283465
0
LINE
8
BLACK
6
CONTINUOUS
10
0.4352892519685039
20
0.1520091732283465
11
0.4344322440944882
21
0.1525818503937008
0
LINE
8
BLACK
6
CONTINUOUS
10
0.4344322440944882
20
0.1525818503937008
11
0.4338595669291339
21
0.1534388582677165
0
LINE
8
BLACK
6
CONTINUOUS
10
0.4338595669291339
20
0.1534388582677165
11
0.4335601968503937
21
0.1537382677165354
0
LINE
8
BLACK
6
CONTINUOUS
10
0.4335601968503937
20
0.1537382677165354
11
0.4333666535433071
21
0.1541765354330709
0
LINE
8
BLACK
6
CONTINUOUS
10
0.4333666535433071
20
0.1541765354330709
11
0.4327253543307086
21
0.1551363385826772
0
LINE
8
BLACK
6
CONTINUOUS
10
0.4327253543307086
20
0.1551363385826772
11
0.4325470078740157
21
0.1560328346456693
0
LINE
8
BLACK
6
CONTINUOUS
10
0.4325470078740157
20
0.1560328346456693
11
0.432344842519685
21
0.1564907480314961
0
LINE
8
BLACK
6
CONTINUOUS
10
0.432344842519685
20
0.1564907480314961
11
0.4321893307086614
21
0.1578310236220472
0
LINE
8
BLACK
6
CONTINUOUS
10
0.4321893307086614
20
0.1578310236220472
11
0.4321259842519685
21
0.1581496062992126
0
LINE
8
BLACK
6
CONTINUOUS
10
0.4321259842519685
20
0.1581496062992126
11
0.4321259842519685
21
0.3081496062992126
0
LINE
8
BLACK
6
CONTINUOUS
10
0.4321259842519685
20
0.3081496062992126
11
0.4321893700787401
21
0.3084683070866142
0
LINE
8
BLACK
6
CONTINUOUS
10
0.4321893700787401
20
0.3084683070866142
11
0.432344842519685
21
0.3098084251968504
0
LINE
8
BLACK
6
CONTINUOUS
10
0.432344842519685
20
0.3098084251968504
11
0.4325470078740157
21
0.3102662992125984
0
LINE
8
BLACK
6
CONTINUOUS
10
0.4325470078740157
20
0.3102662992125984
11
0.4327253543307086
21
0.311162874015748
0
LINE
8
BLACK
6
CONTINUOUS
10
0.4327253543307086
20
0.311162874015748
11
0.4333666929133858
21
0.3121227165354331
0
LINE
8
BLACK
6
CONTINUOUS
10
0.4333666929133858
20
0.3121227165354331
11
0.4335601968503937
21
0.312560905511811
0
LINE
8
BLACK
6
CONTINUOUS
10
0.4335601968503937
20
0.312560905511811
11
0.4338594881889763
21
0.3128601968503937
0
LINE
8
BLACK
6
CONTINUOUS
10
0.4338594881889763
20
0.3128601968503937
11
0.4344322440944882
21
0.3137173622047244
0
LINE
8
BLACK
6
CONTINUOUS
10
0.4344322440944882
20
0.3137173622047244
11
0.4352893700787401
21
0.3142900787401575
0
LINE
8
BLACK
6
CONTINUOUS
10
0.4352893700787401
20
0.3142900787401575
11
0.4355886614173228
21
0.3145893700787402
0
LINE
8
BLACK
6
CONTINUOUS
10
0.4355886614173228
20
0.3145893700787402
11
0.4360267716535433
21
0.3147827952755906
0
LINE
8
BLACK
6
CONTINUOUS
10
0.4360267716535433
20
0.3147827952755906
11
0.4369867322834646
21
0.3154242519685039
0
LINE
8
BLACK
6
CONTINUOUS
10
0.4369867322834646
20
0.3154242519685039
11
0.4378833858267717
21
0.3156025984251968
0
LINE
8
BLACK
6
CONTINUOUS
10
0.4378833858267717
20
0.3156025984251968
11
0.4383411417322834
21
0.3158047244094488
0
LINE
8
BLACK
6
CONTINUOUS
10
0.4383411417322834
20
0.3158047244094488
11
0.4396809448818897
21
0.315960157480315
0
LINE
8
BLACK
6
CONTINUOUS
10
0.4396809448818897
20
0.315960157480315
11
0.44
21
0.3160236220472441
0
LINE
8
BLACK
6
CONTINUOUS
10
0.44
20
0.3160236220472441
11
0.59
21
0.3160236220472441
0
LINE
8
BLACK
6
CONTINUOUS
10
0.59
20
0.3160236220472441
11
0.5903191732283465
21
0.3159601181102362
0
LINE
8
BLACK
6
CONTINUOUS
10
0.7853191732283464
20
0.3159601181102362
11
0.7866588188976378
21
0.3158047244094488
0
LINE
8
BLACK
6
CONTINUOUS
10
0.7866588188976378
20
0.3158047244094488
11
0.7871164960629921
21
0.3156025984251968
0
LINE
8
BLACK
6
CONTINUOUS
10
0.7871164960629921
20
0.3156025984251968
11
0.7880132677165355
21
0.3154242519685039
0
LINE
8
BLACK
6
CONTINUOUS
10
0.7880132677165355
20
0.3154242519685039
11
0.7889732677165354
21
0.3147827559055118
0
LINE
8
BLACK
6
CONTINUOUS
10
0.7889732677165354
20
0.3147827559055118
11
0.7894112992125984
21
0.3145893700787402
0
LINE
8
BLACK
6
CONTINUOUS
10
0.7894112992125984
20
0.3145893700787402
11
0.7897104724409448
21
0.314290157480315
0
LINE
8
BLACK
6
CONTINUOUS
10
0.7897104724409448
20
0.314290157480315
11
0.7905677559055118
21
0.3137173622047244
0
LINE
8
BLACK
6
CONTINUOUS
10
0.7905677559055118
20
0.3137173622047244
11
0.7911405511811024
21
0.3128600787401575
0
LINE
8
BLACK
6
CONTINUOUS
10
0.7911405511811024
20
0.3128600787401575
11
0.7914397637795275
21
0.312560905511811
0
LINE
8
BLACK
6
CONTINUOUS
10
0.7914397637795275
20
0.312560905511811
11
0.7916331496062992
21
0.312122874015748
0
LINE
8
BLACK
6
CONTINUOUS
10
0.7916331496062992
20
0.312122874015748
11
0.7922746456692913
21
0.311162874015748
0
LINE
8
BLACK
6
CONTINUOUS
10
0.7922746456692913
20
0.311162874015748
11
0.7924529921259842
21
0.3102661023622047
0
LINE
8
BLACK
6
CONTINUOUS
10
0.7924529921259842
20
0.3102661023622047
11
0.7926551181102363
21
0.3098084251968504
0
LINE
8
BLACK
6
CONTINUOUS
10
0.7926551181102363
20
0.3098084251968504
11
0.7928105118110236
21
0.3084687007874016
0
LINE
8
BLACK
6
CONTINUOUS
10
0.7928105118110236
20
0.3084687007874016
11
0.7928740157480315
21
0.3081496062992126
0
LINE
8
BLACK
6
CONTINUOUS
10
0.7928740157480315
20
0.3081496062992126
11
0.7928740157480315
21
0.1581496062992126
0
LINE
8
BLACK
6
CONTINUOUS
10
0.7928740157480315
20
0.1581496062992126
11
0.7928105118110236
21
0.1578304724409449
0
LINE
8
BLACK
6
CONTINUOUS
10
0.7928105118110236
20
0.1578304724409449
11
0.7926551181102363
21
0.1564907480314961
0
LINE
8
BLACK
6
CONTINUOUS
10
0.7926551181102363
20
0.1564907480314961
11
0.7924529921259842
21
0.1560329921259843
0
LINE
8
BLACK
6
CONTINUOUS
10
0.7924529921259842
20
0.1560329921259843
11
0.7922746456692913
21
0.1551363385826772
0
LINE
8
BLACK
6
CONTINUOUS
10
0.7922746456692913
20
0.1551363385826772
11
0.7916331889763779
21
0.1541763779527559
0
LINE
8
BLACK
6
CONTINUOUS
10
0.7916331889763779
20
0.1541763779527559
11
0.7914397637795275
21
0.1537382677165354
0
LINE
8
BLACK
6
CONTINUOUS
10
0.7914397637795275
20
0.1537382677165354
11
0.7911404724409449
21
0.1534389763779528
0
LINE
8
BLACK
6
CONTINUOUS
10
0.7911404724409449
20
0.1534389763779528
11
0.7905677559055118
21
0.1525818503937008
0
LINE
8
BLACK
6
CONTINUOUS
10
0.7905677559055118
20
0.1525818503937008
11
0.7897105905511811
21
0.152009094488189
0
LINE
8
BLACK
6
CONTINUOUS
10
0.7897105905511811
20
0.152009094488189
11
0.7894112992125984
21
0.1517098031496063
0
LINE
8
BLACK
6
CONTINUOUS
10
0.7894112992125984
20
0.1517098031496063
11
0.7889731102362204
21
0.1515162992125984
0
LINE
8
BLACK
6
CONTINUOUS
10
0.7889731102362204
20
0.1515162992125984
11
0.7880132677165355
21
0.1508749606299213
0
LINE
8
BLACK
6
CONTINUOUS
10
0.7880132677165355
20
0.1508749606299213
11
0.7871166929133858
21
0.1506966141732284
0
LINE
8
BLACK
6
CONTINUOUS
10
0.7871166929133858
20
0.1506966141732284
11
0.7866588188976378
21
0.1504944488188976
0
LINE
8
BLACK
6
CONTINUOUS
10
0.7866588188976378
20
0.1504944488188976
11
0.7853186220472441
21
0.150338937007874
0
LINE
8
BLACK
6
CONTINUOUS
10
0.7853186220472441
20
0.150338937007874
11
0.785
21
0.1502755905511811
0
LINE
8
BLACK
6
CONTINUOUS
10
0.785
20
0.1502755905511811
11
0.7847723228346456
21
0.1502755905511811
0
LINE
8
BLACK
6
CONTINUOUS
10
0.7847723228346456
20
0.1502755905511811
11
0.6352277165354331
21
0.1502755905511811
0
LINE
8
BLACK
6
CONTINUOUS
10
0.6352277165354331
20
0.1502755905511811
11
0.635
21
0.1502755905511811
0
LINE
8
BLACK
6
CONTINUOUS
10
0.635
20
0.1502755905511811
11
0.6346813385826772
21
0.150338937007874
0
LINE
8
BLACK
6
CONTINUOUS
10
0.6346813385826772
20
0.150338937007874
11
0.6333411417322834
21
0.1504944488188976
0
LINE
8
BLACK
6
CONTINUOUS
10
0.6333411417322834
20
0.1504944488188976
11
0.6328832283464567
21
0.1506966141732284
0
LINE
8
BLACK
6
CONTINUOUS
10
0.6328832283464567
20
0.1506966141732284
11
0.6319867322834646
21
0.1508749606299213
0
LINE
8
BLACK
6
CONTINUOUS
10
0.6319867322834646
20
0.1508749606299213
11
0.6310269291338583
21
0.1515162598425197
0
LINE
8
BLACK
6
CONTINUOUS
10
0.6310269291338583
20
0.1515162598425197
11
0.6305886614173228
21
0.1517098031496063
0
LINE
8
BLACK
6
CONTINUOUS
10
0.6305886614173228
20
0.1517098031496063
11
0.6302892519685039
21
0.1520091732283465
0
LINE
8
BLACK
6
CONTINUOUS
10
0.6302892519685039
20
0.1520091732283465
11
0.6294322440944882
21
0.1525818503937008
0
LINE
8
BLACK
6
CONTINUOUS
10
0.6294322440944882
20
0.1525818503937008
11
0.6288595669291338
21
0.1534388582677165
0
LINE
8
BLACK
6
CONTINUOUS
10
0.6288595669291338
20
0.1534388582677165
11
0.6285601968503937
21
0.1537382677165354
0
LINE
8
BLACK
6
CONTINUOUS
10
0.6285601968503937
20
0.1537382677165354
11
0.6283666535433071
21
0.1541765354330709
0
LINE
8
BLACK
6
CONTINUOUS
10
0.6283666535433071
20
0.1541765354330709
11
0.6277253543307086
21
0.1551363385826772
0
LINE
8
BLACK
6
CONTINUOUS
10
0.6277253543307086
20
0.1551363385826772
11
0.6275470078740157
21
0.1560328346456693
0
LINE
8
BLACK
6
CONTINUOUS
10
0.6275470078740157
20
0.1560328346456693
11
0.627344842519685
21
0.1564907480314961
0
LINE
8
BLACK
6
CONTINUOUS
10
0.627344842519685
20
0.1564907480314961
11
0.6271893307086615
21
0.1578310236220472
0
LINE
8
BLACK
6
CONTINUOUS
10
0.6271893307086615
20
0.1578310236220472
11
0.6271259842519685
21
0.1581496062992126
0
LINE
8
BLACK
6
CONTINUOUS
10
0.6271259842519685
20
0.1581496062992126
11
0.6271259842519685
21
0.3081496062992126
0
LINE
8
BLACK
6
CONTINUOUS
10
0.6271259842519685
20
0.3081496062992126
11
0.6271893700787401
21
0.3084683070866142
0
LINE
8
BLACK
6
CONTINUOUS
10
0.6271893700787401
20
0.3084683070866142
11
0.627344842519685
21
0.3098084251968504
0
LINE
8
BLACK
6
CONTINUOUS
10
0.627344842519685
20
0.3098084251968504
11
0.6275470078740157
21
0.3102662992125984
0
LINE
8
BLACK
6
CONTINUOUS
10
0.6275470078740157
20
0.3102662992125984
11
0.6277253543307086
21
0.311162874015748
0
LINE
8
BLACK
6
CONTINUOUS
10
0.6277253543307086
20
0.311162874015748
11
0.6283666929133858
21
0.3121227165354331
0
LINE
8
BLACK
6
CONTINUOUS
10
0.6283666929133858
20
0.3121227165354331
11
0.6285601968503937
21
0.312560905511811
0
LINE
8
BLACK
6
CONTINUOUS
10
0.6285601968503937
20
0.312560905511811
11
0.6288594881889764
21
0.3128601968503937
0
LINE
8
BLACK
6
CONTINUOUS
10
0.6288594881889764
20
0.3128601968503937
11
0.6294322440944882
21
0.3137173622047244
0
LINE
8
BLACK
6
CONTINUOUS
10
0.6294322440944882
20
0.3137173622047244
11
0.6302893700787402
21
0.3142900787401575
0
LINE
8
BLACK
6
CONTINUOUS
10
0.6302893700787402
20
0.3142900787401575
11
0.6305886614173228
21
0.3145893700787402
0
LINE
8
BLACK
6
CONTINUOUS
10
0.6305886614173228
20
0.3145893700787402
11
0.6310267716535433
21
0.3147827952755906
0
LINE
8
BLACK
6
CONTINUOUS
10
0.6310267716535433
20
0.3147827952755906
11
0.6319867322834646
21
0.3154242519685039
0
LINE
8
BLACK
6
CONTINUOUS
10
0.6319867322834646
20
0.3154242519685039
11
0.6328833858267716
21
0.3156025984251968
0
LINE
8
BLACK
6
CONTINUOUS
10
0.6328833858267716
20
0.3156025984251968
11
0.6333411417322834
21
0.3158047244094488
0
LINE
8
BLACK
6
CONTINUOUS
10
0.6333411417322834
20
0.3158047244094488
11
0.6346809448818898
21
0.315960157480315
0
LINE
8
BLACK
6
CONTINUOUS
10
0.6346809448818898
20
0.315960157480315
11
0.635
21
0.3160236220472441
0
LINE
8
BLACK
6
CONTINUOUS
10
0.635
20
0.3160236220472441
11
0.785
21
0.3160236220472441
0
LINE
8
BLACK
6
CONTINUOUS
10
0.785
20
0.3160236220472441
11
0.7853191732283464
21
0.3159601181102362
0
LINE
8
BLACK
6
CONTINUOUS
10
0.9853191732283464
20
0.3159601181102362
11
0.9866588188976377
21
0.3158047244094488
0
LINE
8
BLACK
6
CONTINUOUS
10
0.9866588188976377
20
0.3158047244094488
11
0.9871164960629921
21
0.3156025984251968
0
LINE
8
BLACK
6
CONTINUOUS
10
0.9871164960629921
20
0.3156025984251968
11
0.9880132677165354
21
0.3154242519685039
0
LINE
8
BLACK
6
CONTINUOUS
10
0.9880132677165354
20
0.3154242519685039
11
0.9889732677165354
21
0.3147827559055118
0
LINE
8
BLACK
6
CONTINUOUS
10
0.9889732677165354
20
0.3147827559055118
11
0.9894112992125984
21
0.3145893700787402
0
LINE
8
BLACK
6
CONTINUOUS
10
0.9894112992125984
20
0.3145893700787402
11
0.9897104724409449
21
0.314290157480315
0
LINE
8
BLACK
6
CONTINUOUS
10
0.9897104724409449
20
0.314290157480315
11
0.9905677559055118
21
0.3137173622047244
0
LINE
8
BLACK
6
CONTINUOUS
10
0.9905677559055118
20
0.3137173622047244
11
0.9911405511811023
21
0.3128600787401575
0
LINE
8
BLACK
6
CONTINUOUS
10
0.9911405511811023
20
0.3128600787401575
11
0.9914397637795276
21
0.312560905511811
0
LINE
8
BLACK
6
CONTINUOUS
10
0.9914397637795276
20
0.312560905511811
11
0.9916331496062992
21
0.312122874015748
0
LINE
8
BLACK
6
CONTINUOUS
10
0.9916331496062992
20
0.312122874015748
11
0.9922746456692914
21
0.311162874015748
0
LINE
8
BLACK
6
CONTINUOUS
10
0.9922746456692914
20
0.311162874015748
11
0.9924529921259843
21
0.3102661023622047
0
LINE
8
BLACK
6
CONTINUOUS
10
0.9924529921259843
20
0.3102661023622047
11
0.9926551181102362
21
0.3098084251968504
0
LINE
8
BLACK
6
CONTINUOUS
10
0.9926551181102362
20
0.3098084251968504
11
0.9928105118110236
21
0.3084687007874016
0
LINE
8
BLACK
6
CONTINUOUS
10
0.9928105118110236
20
0.3084687007874016
11
0.9928740157480315
21
0.3081496062992126
0
LINE
8
BLACK
6
CONTINUOUS
10
0.9928740157480315
20
0.3081496062992126
11
0.9928740157480315
21
0.1581496062992126
0
LINE
8
BLACK
6
CONTINUOUS
10
0.9928740157480315
20
0.1581496062992126
11
0.9928105118110236
21
0.1578304724409449
0
LINE
8
BLACK
6
CONTINUOUS
10
0.9928105118110236
20
0.1578304724409449
11
0.9926551181102362
21
0.1564907480314961
0
LINE
8
BLACK
6
CONTINUOUS
10
0.9926551181102362
20
0.1564907480314961
11
0.9924529921259843
21
0.1560329921259843
0
LINE
8
BLACK
6
CONTINUOUS
10
0.9924529921259843
20
0.1560329921259843
11
0.9922746456692914
21
0.1551363385826772
0
LINE
8
BLACK
6
CONTINUOUS
10
0.9922746456692914
20
0.1551363385826772
11
0.991633188976378
21
0.1541763779527559
0
LINE
8
BLACK
6
CONTINUOUS
10
0.991633188976378
20
0.1541763779527559
11
0.9914397637795276
21
0.1537382677165354
0
LINE
8
BLACK
6
CONTINUOUS
10
0.9914397637795276
20
0.1537382677165354
11
0.9911404724409448
21
0.1534389763779528
0
LINE
8
BLACK
6
CONTINUOUS
10
0.9911404724409448
20
0.1534389763779528
11
0.9905677559055118
21
0.1525818503937008
0
LINE
8
BLACK
6
CONTINUOUS
10
0.9905677559055118
20
0.1525818503937008
11
0.989710590551181
21
0.152009094488189
0
LINE
8
BLACK
6
CONTINUOUS
10
0.989710590551181
20
0.152009094488189
11
0.9894112992125984
21
0.1517098031496063
0
LINE
8
BLACK
6
CONTINUOUS
10
0.9894112992125984
20
0.1517098031496063
11
0.9889731102362205
21
0.1515162992125984
0
LINE
8
BLACK
6
CONTINUOUS
10
0.9889731102362205
20
0.1515162992125984
11
0.9880132677165354
21
0.1508749606299213
0
LINE
8
BLACK
6
CONTINUOUS
10
0.9880132677165354
20
0.1508749606299213
11
0.9871166929133858
21
0.1506966141732284
0
LINE
8
BLACK
6
CONTINUOUS
10
0.9871166929133858
20
0.1506966141732284
11
0.9866588188976377
21
0.1504944488188976
0
LINE
8
BLACK
6
CONTINUOUS
10
0.9866588188976377
20
0.1504944488188976
11
0.9853186220472441
21
0.150338937007874
0
LINE
8
BLACK
6
CONTINUOUS
10
0.9853186220472441
20
0.150338937007874
11
0.985
21
0.1502755905511811
0
LINE
8
BLACK
6
CONTINUOUS
10
0.985
20
0.1502755905511811
11
0.9847723228346457
21
0.1502755905511811
0
LINE
8
BLACK
6
CONTINUOUS
10
0.9847723228346457
20
0.1502755905511811
11
0.835227716535433
21
0.1502755905511811
0
LINE
8
BLACK
6
CONTINUOUS
10
0.835227716535433
20
0.1502755905511811
11
0.835
21
0.1502755905511811
0
LINE
8
BLACK
6
CONTINUOUS
10
0.835
20
0.1502755905511811
11
0.8346813385826771
21
0.150338937007874
0
LINE
8
BLACK
6
CONTINUOUS
10
0.8346813385826771
20
0.150338937007874
11
0.8333411417322835
21
0.1504944488188976
0
LINE
8
BLACK
6
CONTINUOUS
10
0.8333411417322835
20
0.1504944488188976
11
0.8328832283464567
21
0.1506966141732284
0
LINE
8
BLACK
6
CONTINUOUS
10
0.8328832283464567
20
0.1506966141732284
11
0.8319867322834645
21
0.1508749606299213
0
LINE
8
BLACK
6
CONTINUOUS
10
0.8319867322834645
20
0.1508749606299213
11
0.8310269291338582
21
0.1515162598425197
0
LINE
8
BLACK
6
CONTINUOUS
10
0.8310269291338582
20
0.1515162598425197
11
0.8305886614173228
21
0.1517098031496063
0
LINE
8
BLACK
6
CONTINUOUS
10
0.8305886614173228
20
0.1517098031496063
11
0.8302892519685039
21
0.1520091732283465
0
LINE
8
BLACK
6
CONTINUOUS
10
0.8302892519685039
20
0.1520091732283465
11
0.8294322440944881
21
0.1525818503937008
0
LINE
8
BLACK
6
CONTINUOUS
10
0.8294322440944881
20
0.1525818503937008
11
0.8288595669291339
21
0.1534388582677165
0
LINE
8
BLACK
6
CONTINUOUS
10
0.8288595669291339
20
0.1534388582677165
11
0.8285601968503937
21
0.1537382677165354
0
LINE
8
BLACK
6
CONTINUOUS
10
0.8285601968503937
20
0.1537382677165354
11
0.8283666535433071
21
0.1541765354330709
0
LINE
8
BLACK
6
CONTINUOUS
10
0.8283666535433071
20
0.1541765354330709
11
0.8277253543307086
21
0.1551363385826772
0
LINE
8
BLACK
6
CONTINUOUS
10
0.8277253543307086
20
0.1551363385826772
11
0.8275470078740157
21
0.1560328346456693
0
LINE
8
BLACK
6
CONTINUOUS
10
0.8275470078740157
20
0.1560328346456693
11
0.827344842519685
21
0.1564907480314961
0
LINE
8
BLACK
6
CONTINUOUS
10
0.827344842519685
20
0.1564907480314961
11
0.8271893307086614
21
0.1578310236220472
0
LINE
8
BLACK
6
CONTINUOUS
10
0.8271893307086614
20
0.1578310236220472
11
0.8271259842519685
21
0.1581496062992126
0
LINE
8
BLACK
6
CONTINUOUS
10
0.8271259842519685
20
0.1581496062992126
11
0.8271259842519685
21
0.3081496062992126
0
LINE
8
BLACK
6
CONTINUOUS
10
0.8271259842519685
20
0.3081496062992126
11
0.8271893700787402
21
0.3084683070866142
0
LINE
8
BLACK
6
CONTINUOUS
10
0.8271893700787402
20
0.3084683070866142
11
0.827344842519685
21
0.3098084251968504
0
LINE
8
BLACK
6
CONTINUOUS
10
0.827344842519685
20
0.3098084251968504
11
0.8275470078740157
21
0.3102662992125984
0
LINE
8
BLACK
6
CONTINUOUS
10
0.8275470078740157
20
0.3102662992125984
11
0.8277253543307086
21
0.311162874015748
0
LINE
8
BLACK
6
CONTINUOUS
10
0.8277253543307086
20
0.311162874015748
11
0.8283666929133858
21
0.3121227165354331
0
LINE
8
BLACK
6
CONTINUOUS
10
0.8283666929133858
20
0.3121227165354331
11
0.8285601968503937
21
0.312560905511811
0
LINE
8
BLACK
6
CONTINUOUS
10
0.8285601968503937
20
0.312560905511811
11
0.8288594881889764
21
0.3128601968503937
0
LINE
8
BLACK
6
CONTINUOUS
10
0.8288594881889764
20
0.3128601968503937
11
0.8294322440944881
21
0.3137173622047244
0
LINE
8
BLACK
6
CONTINUOUS
10
0.8294322440944881
20
0.3137173622047244
11
0.8302893700787402
21
0.3142900787401575
0
LINE
8
BLACK
6
CONTINUOUS
10
0.8302893700787402
20
0.3142900787401575
11
0.8305886614173228
21
0.3145893700787402
0
LINE
8
BLACK
6
CONTINUOUS
10
0.8305886614173228
20
0.3145893700787402
11
0.8310267716535433
21
0.3147827952755906
0
LINE
8
BLACK
6
CONTINUOUS
10
0.8310267716535433
20
0.3147827952755906
11
0.8319867322834645
21
0.3154242519685039
0
LINE
8
BLACK
6
CONTINUOUS
10
0.8319867322834645
20
0.3154242519685039
11
0.8328833858267717
21
0.3156025984251968
0
LINE
8
BLACK
6
CONTINUOUS
10
0.8328833858267717
20
0.3156025984251968
11
0.8333411417322835
21
0.3158047244094488
0
LINE
8
BLACK
6
CONTINUOUS
10
0.8333411417322835
20
0.3158047244094488
11
0.8346809448818897
21
0.315960157480315
0
LINE
8
BLACK
6
CONTINUOUS
10
0.8346809448818897
20
0.315960157480315
11
0.835
21
0.3160236220472441
0
LINE
8
BLACK
6
CONTINUOUS
10
0.835
20
0.3160236220472441
11
0.985
21
0.3160236220472441
0
LINE
8
BLACK
6
CONTINUOUS
10
0.985
20
0.3160236220472441
11
0.9853191732283464
21
0.3159601181102362
0
LINE
8
BLACK
6
CONTINUOUS
10
1.1853191732283463
20
0.3159601181102362
11
1.1866588188976377
21
0.3158047244094488
0
LINE
8
BLACK
6
CONTINUOUS
10
1.1866588188976377
20
0.3158047244094488
11
1.1871164960629921
21
0.3156025984251968
0
LINE
8
BLACK
6
CONTINUOUS
10
1.1871164960629921
20
0.3156025984251968
11
1.1880132677165354
21
0.3154242519685039
0
LINE
8
BLACK
6
CONTINUOUS
10
1.1880132677165354
20
0.3154242519685039
11
1.1889732677165354
21
0.3147827559055118
0
LINE
8
BLACK
6
CONTINUOUS
10
1.1889732677165354
20
0.3147827559055118
11
1.1894112992125985
21
0.3145893700787402
0
LINE
8
BLACK
6
CONTINUOUS
10
1.1894112992125985
20
0.3145893700787402
11
1.1897104724409449
21
0.314290157480315
0
LINE
8
BLACK
6
CONTINUOUS
10
1.1897104724409449
20
0.314290157480315
11
1.1905677559055119
21
0.3137173622047244
0
LINE
8
BLACK
6
CONTINUOUS
10
1.1905677559055119
20
0.3137173622047244
11
1.1911405511811024
21
0.3128600787401575
0
LINE
8
BLACK
6
CONTINUOUS
10
1.1911405511811024
20
0.3128600787401575
11
1.1914397637795275
21
0.312560905511811
0
LINE
8
BLACK
6
CONTINUOUS
10
1.1914397637795275
20
0.312560905511811
11
1.1916331496062993
21
0.312122874015748
0
LINE
8
BLACK
6
CONTINUOUS
10
1.1916331496062993
20
0.312122874015748
11
1.1922746456692914
21
0.311162874015748
0
LINE
8
BLACK
6
CONTINUOUS
10
1.1922746456692914
20
0.311162874015748
11
1.1924529921259843
21
0.3102661023622047
0
LINE
8
BLACK
6
CONTINUOUS
10
1.1924529921259843
20
0.3102661023622047
11
1.1926551181102363
21
0.3098084251968504
0
LINE
8
BLACK
6
CONTINUOUS
10
1.1926551181102363
20
0.3098084251968504
11
1.1928105118110235
21
0.3084687007874016
0
LINE
8
BLACK
6
CONTINUOUS
10
1.1928105118110235
20
0.3084687007874016
11
1.1928740157480315
21
0.3081496062992126
0
LINE
8
BLACK
6
CONTINUOUS
10
1.1928740157480315
20
0.3081496062992126
11
1.1928740157480315
21
0.1581496062992126
0
LINE
8
BLACK
6
CONTINUOUS
10
1.1928740157480315
20
0.1581496062992126
11
1.1928105118110235
21
0.1578304724409449
0
LINE
8
BLACK
6
CONTINUOUS
10
1.1928105118110235
20
0.1578304724409449
11
1.1926551181102363
21
0.1564907480314961
0
LINE
8
BLACK
6
CONTINUOUS
10
1.1926551181102363
20
0.1564907480314961
11
1.1924529921259843
21
0.1560329921259843
0
LINE
8
BLACK
6
CONTINUOUS
10
1.1924529921259843
20
0.1560329921259843
11
1.1922746456692914
21
0.1551363385826772
0
LINE
8
BLACK
6
CONTINUOUS
10
1.1922746456692914
20
0.1551363385826772
11
1.1916331889763778
21
0.1541763779527559
0
LINE
8
BLACK
6
CONTINUOUS
10
1.1916331889763778
20
0.1541763779527559
11
1.1914397637795275
21
0.1537382677165354
0
LINE
8
BLACK
6
CONTINUOUS
10
1.1914397637795275
20
0.1537382677165354
11
1.1911404724409449
21
0.1534389763779528
0
LINE
8
BLACK
6
CONTINUOUS
10
1.1911404724409449
20
0.1534389763779528
11
1.1905677559055119
21
0.1525818503937008
0
LINE
8
BLACK
6
CONTINUOUS
10
1.1905677559055119
20
0.1525818503937008
11
1.1897105905511811
21
0.152009094488189
0
LINE
8
BLACK
6
CONTINUOUS
10
1.1897105905511811
20
0.152009094488189
11
1.1894112992125985
21
0.1517098031496063
0
LINE
8
BLACK
6
CONTINUOUS
10
1.1894112992125985
20
0.1517098031496063
11
1.1889731102362204
21
0.1515162992125984
0
LINE
8
BLACK
6
CONTINUOUS
10
1.1889731102362204
20
0.1515162992125984
11
1.1880132677165354
21
0.1508749606299213
0
LINE
8
BLACK
6
CONTINUOUS
10
1.1880132677165354
20
0.1508749606299213
11
1.1871166929133858
21
0.1506966141732284
0
LINE
8
BLACK
6
CONTINUOUS
10
1.1871166929133858
20
0.1506966141732284
11
1.1866588188976377
21
0.1504944488188976
0
LINE
8
BLACK
6
CONTINUOUS
10
1.1866588188976377
20
0.1504944488188976
11
1.185318622047244
21
0.150338937007874
0
LINE
8
BLACK
6
CONTINUOUS
10
1.185318622047244
20
0.150338937007874
11
1.1850000000000001
21
0.1502755905511811
0
LINE
8
BLACK
6
CONTINUOUS
10
1.1850000000000001
20
0.1502755905511811
11
1.1847723228346456
21
0.1502755905511811
0
LINE
8
BLACK
6
CONTINUOUS
10
1.1847723228346456
20
0.1502755905511811
11
1.0352277165354331
21
0.1502755905511811
0
LINE
8
BLACK
6
CONTINUOUS
10
1.0352277165354331
20
0.1502755905511811
11
1.0349999999999999
21
0.1502755905511811
0
LINE
8
BLACK
6
CONTINUOUS
10
1.0349999999999999
20
0.1502755905511811
11
1.0346813385826772
21
0.150338937007874
0
LINE
8
BLACK
6
CONTINUOUS
10
1.0346813385826772
20
0.150338937007874
11
1.0333411417322835
21
0.1504944488188976
0
LINE
8
BLACK
6
CONTINUOUS
10
1.0333411417322835
20
0.1504944488188976
11
1.0328832283464566
21
0.1506966141732284
0
LINE
8
BLACK
6
CONTINUOUS
10
1.0328832283464566
20
0.1506966141732284
11
1.0319867322834646
21
0.1508749606299213
0
LINE
8
BLACK
6
CONTINUOUS
10
1.0319867322834646
20
0.1508749606299213
11
1.0310269291338583
21
0.1515162598425197
0
LINE
8
BLACK
6
CONTINUOUS
10
1.0310269291338583
20
0.1515162598425197
11
1.0305886614173227
21
0.1517098031496063
0
LINE
8
BLACK
6
CONTINUOUS
10
1.0305886614173227
20
0.1517098031496063
11
1.0302892519685038
21
0.1520091732283465
0
LINE
8
BLACK
6
CONTINUOUS
10
1.0302892519685038
20
0.1520091732283465
11
1.0294322440944881
21
0.1525818503937008
0
LINE
8
BLACK
6
CONTINUOUS
10
1.0294322440944881
20
0.1525818503937008
11
1.0288595669291338
21
0.1534388582677165
0
LINE
8
BLACK
6
CONTINUOUS
10
1.0288595669291338
20
0.1534388582677165
11
1.0285601968503937
21
0.1537382677165354
0
LINE
8
BLACK
6
CONTINUOUS
10
1.0285601968503937
20
0.1537382677165354
11
1.0283666535433071
21
0.1541765354330709
0
LINE
8
BLACK
6
CONTINUOUS
10
1.0283666535433071
20
0.1541765354330709
11
1.0277253543307086
21
0.1551363385826772
0
LINE
8
BLACK
6
CONTINUOUS
10
1.0277253543307086
20
0.1551363385826772
11
1.0275470078740156
21
0.1560328346456693
0
LINE
8
BLACK
6
CONTINUOUS
10
1.0275470078740156
20
0.1560328346456693
11
1.0273448425196849
21
0.1564907480314961
0
LINE
8
BLACK
6
CONTINUOUS
10
1.0273448425196849
20
0.1564907480314961
11
1.0271893307086615
21
0.1578310236220472
0
LINE
8
BLACK
6
CONTINUOUS
10
1.0271893307086615
20
0.1578310236220472
11
1.0271259842519684
21
0.1581496062992126
0
LINE
8
BLACK
6
CONTINUOUS
10
1.0271259842519684
20
0.1581496062992126
11
1.0271259842519684
21
0.3081496062992126
0
LINE
8
BLACK
6
CONTINUOUS
10
1.0271259842519684
20
0.3081496062992126
11
1.0271893700787402
21
0.3084683070866142
0
LINE
8
BLACK
6
CONTINUOUS
10
1.0271893700787402
20
0.3084683070866142
11
1.0273448425196849
21
0.3098084251968504
0
LINE
8
BLACK
6
CONTINUOUS
10
1.0273448425196849
20
0.3098084251968504
11
1.0275470078740156
21
0.3102662992125984
0
LINE
8
BLACK
6
CONTINUOUS
10
1.0275470078740156
20
0.3102662992125984
11
1.0277253543307086
21
0.311162874015748
0
LINE
8
BLACK
6
CONTINUOUS
10
1.0277253543307086
20
0.311162874015748
11
1.0283666929133859
21
0.3121227165354331
0
LINE
8
BLACK
6
CONTINUOUS
10
1.0283666929133859
20
0.3121227165354331
11
1.0285601968503937
21
0.312560905511811
0
LINE
8
BLACK
6
CONTINUOUS
10
1.0285601968503937
20
0.312560905511811
11
1.0288594881889763
21
0.3128601968503937
0
LINE
8
BLACK
6
CONTINUOUS
10
1.0288594881889763
20
0.3128601968503937
11
1.0294322440944881
21
0.3137173622047244
0
LINE
8
BLACK
6
CONTINUOUS
10
1.0294322440944881
20
0.3137173622047244
11
1.0302893700787401
21
0.3142900787401575
0
LINE
8
BLACK
6
CONTINUOUS
10
1.0302893700787401
20
0.3142900787401575
11
1.0305886614173227
21
0.3145893700787402
0
LINE
8
BLACK
6
CONTINUOUS
10
1.0305886614173227
20
0.3145893700787402
11
1.0310267716535433
21
0.3147827952755906
0
LINE
8
BLACK
6
CONTINUOUS
10
1.0310267716535433
20
0.3147827952755906
11
1.0319867322834646
21
0.3154242519685039
0
LINE
8
BLACK
6
CONTINUOUS
10
1.0319867322834646
20
0.3154242519685039
11
1.0328833858267716
21
0.3156025984251968
0
LINE
8
BLACK
6
CONTINUOUS
10
1.0328833858267716
20
0.3156025984251968
11
1.0333411417322835
21
0.3158047244094488
0
LINE
8
BLACK
6
CONTINUOUS
10
1.0333411417322835
20
0.3158047244094488
11
1.0346809448818897
21
0.315960157480315
0
LINE
8
BLACK
6
CONTINUOUS
10
1.0346809448818897
20
0.315960157480315
11
1.0349999999999999
21
0.3160236220472441
0
LINE
8
BLACK
6
CONTINUOUS
10
1.0349999999999999
20
0.3160236220472441
11
1.1850000000000001
21
0.3160236220472441
0
LINE
8
BLACK
6
CONTINUOUS
10
1.1850000000000001
20
0.3160236220472441
11
1.1853191732283463
21
0.3159601181102362
0
LINE
8
BLACK
6
CONTINUOUS
10
1.3853191732283465
20
0.3159601181102362
11
1.3866588188976379
21
0.3158047244094488
0
LINE
8
BLACK
6
CONTINUOUS
10
1.3866588188976379
20
0.3158047244094488
11
1.387116496062992
21
0.3156025984251968
0
LINE
8
BLACK
6
CONTINUOUS
10
1.387116496062992
20
0.3156025984251968
11
1.3880132677165353
21
0.3154242519685039
0
LINE
8
BLACK
6
CONTINUOUS
10
1.3880132677165353
20
0.3154242519685039
11
1.3889732677165354
21
0.3147827559055118
0
LINE
8
BLACK
6
CONTINUOUS
10
1.3889732677165354
20
0.3147827559055118
11
1.3894112992125984
21
0.3145893700787402
0
LINE
8
BLACK
6
CONTINUOUS
10
1.3894112992125984
20
0.3145893700787402
11
1.3897104724409448
21
0.314290157480315
0
LINE
8
BLACK
6
CONTINUOUS
10
1.3897104724409448
20
0.314290157480315
11
1.3905677559055118
21
0.3137173622047244
0
LINE
8
BLACK
6
CONTINUOUS
10
1.3905677559055118
20
0.3137173622047244
11
1.3911405511811024
21
0.3128600787401575
0
LINE
8
BLACK
6
CONTINUOUS
10
1.3911405511811024
20
0.3128600787401575
11
1.3914397637795275
21
0.312560905511811
0
LINE
8
BLACK
6
CONTINUOUS
10
1.3914397637795275
20
0.312560905511811
11
1.3916331496062992
21
0.312122874015748
0
LINE
8
BLACK
6
CONTINUOUS
10
1.3916331496062992
20
0.312122874015748
11
1.3922746456692914
21
0.311162874015748
0
LINE
8
BLACK
6
CONTINUOUS
10
1.3922746456692914
20
0.311162874015748
11
1.3924529921259843
21
0.3102661023622047
0
LINE
8
BLACK
6
CONTINUOUS
10
1.3924529921259843
20
0.3102661023622047
11
1.3926551181102362
21
0.3098084251968504
0
LINE
8
BLACK
6
CONTINUOUS
10
1.3926551181102362
20
0.3098084251968504
11
1.3928105118110237
21
0.3084687007874016
0
LINE
8
BLACK
6
CONTINUOUS
10
1.3928105118110237
20
0.3084687007874016
11
1.3928740157480315
21
0.3081496062992126
0
LINE
8
BLACK
6
CONTINUOUS
10
1.3928740157480315
20
0.3081496062992126
11
1.3928740157480315
21
0.1581496062992126
0
LINE
8
BLACK
6
CONTINUOUS
10
1.3928740157480315
20
0.1581496062992126
11
1.3928105118110237
21
0.1578304724409449
0
LINE
8
BLACK
6
CONTINUOUS
10
1.3928105118110237
20
0.1578304724409449
11
1.3926551181102362
21
0.1564907480314961
0
LINE
8
BLACK
6
CONTINUOUS
10
1.3926551181102362
20
0.1564907480314961
11
1.3924529921259843
21
0.1560329921259843
0
LINE
8
BLACK
6
CONTINUOUS
10
1.3924529921259843
20
0.1560329921259843
11
1.3922746456692914
21
0.1551363385826772
0
LINE
8
BLACK
6
CONTINUOUS
10
1.3922746456692914
20
0.1551363385826772
11
1.391633188976378
21
0.1541763779527559
0
LINE
8
BLACK
6
CONTINUOUS
10
1.391633188976378
20
0.1541763779527559
11
1.3914397637795275
21
0.1537382677165354
0
LINE
8
BLACK
6
CONTINUOUS
10
1.3914397637795275
20
0.1537382677165354
11
1.3911404724409449
21
0.1534389763779528
0
LINE
8
BLACK
6
CONTINUOUS
10
1.3911404724409449
20
0.1534389763779528
11
1.3905677559055118
21
0.1525818503937008
0
LINE
8
BLACK
6
CONTINUOUS
10
1.3905677559055118
20
0.1525818503937008
11
1.3897105905511811
21
0.152009094488189
0
LINE
8
BLACK
6
CONTINUOUS
10
1.3897105905511811
20
0.152009094488189
11
1.3894112992125984
21
0.1517098031496063
0
LINE
8
BLACK
6
CONTINUOUS
10
1.3894112992125984
20
0.1517098031496063
11
1.3889731102362204
21
0.1515162992125984
0
LINE
8
BLACK
6
CONTINUOUS
10
1.3889731102362204
20
0.1515162992125984
11
1.3880132677165353
21
0.1508749606299213
0
LINE
8
BLACK
6
CONTINUOUS
10
1.3880132677165353
20
0.1508749606299213
11
1.3871166929133858
21
0.1506966141732284
0
LINE
8
BLACK
6
CONTINUOUS
10
1.3871166929133858
20
0.1506966141732284
11
1.3866588188976379
21
0.1504944488188976
0
LINE
8
BLACK
6
CONTINUOUS
10
1.3866588188976379
20
0.1504944488188976
11
1.385318622047244
21
0.150338937007874
0
LINE
8
BLACK
6
CONTINUOUS
10
1.385318622047244
20
0.150338937007874
11
1.385
21
0.1502755905511811
0
LINE
8
BLACK
6
CONTINUOUS
10
1.385
20
0.1502755905511811
11
1.3847723228346456
21
0.1502755905511811
0
LINE
8
BLACK
6
CONTINUOUS
10
1.3847723228346456
20
0.1502755905511811
11
1.2352277165354331
21
0.1502755905511811
0
LINE
8
BLACK
6
CONTINUOUS
10
1.2352277165354331
20
0.1502755905511811
11
1.2349999999999999
21
0.1502755905511811
0
LINE
8
BLACK
6
CONTINUOUS
10
1.2349999999999999
20
0.1502755905511811
11
1.2346813385826771
21
0.150338937007874
0
LINE
8
BLACK
6
CONTINUOUS
10
1.2346813385826771
20
0.150338937007874
11
1.2333411417322835
21
0.1504944488188976
0
LINE
8
BLACK
6
CONTINUOUS
10
1.2333411417322835
20
0.1504944488188976
11
1.2328832283464566
21
0.1506966141732284
0
LINE
8
BLACK
6
CONTINUOUS
10
1.2328832283464566
20
0.1506966141732284
11
1.2319867322834646
21
0.1508749606299213
0
LINE
8
BLACK
6
CONTINUOUS
10
1.2319867322834646
20
0.1508749606299213
11
1.2310269291338582
21
0.1515162598425197
0
LINE
8
BLACK
6
CONTINUOUS
10
1.2310269291338582
20
0.1515162598425197
11
1.2305886614173227
21
0.1517098031496063
0
LINE
8
BLACK
6
CONTINUOUS
10
1.2305886614173227
20
0.1517098031496063
11
1.2302892519685038
21
0.1520091732283465
0
LINE
8
BLACK
6
CONTINUOUS
10
1.2302892519685038
20
0.1520091732283465
11
1.2294322440944883
21
0.1525818503937008
0
LINE
8
BLACK
6
CONTINUOUS
10
1.2294322440944883
20
0.1525818503937008
11
1.2288595669291338
21
0.1534388582677165
0
LINE
8
BLACK
6
CONTINUOUS
10
1.2288595669291338
20
0.1534388582677165
11
1.2285601968503936
21
0.1537382677165354
0
LINE
8
BLACK
6
CONTINUOUS
10
1.2285601968503936
20
0.1537382677165354
11
1.2283666535433071
21
0.1541765354330709
0
LINE
8
BLACK
6
CONTINUOUS
10
1.2283666535433071
20
0.1541765354330709
11
1.2277253543307087
21
0.1551363385826772
0
LINE
8
BLACK
6
CONTINUOUS
10
1.2277253543307087
20
0.1551363385826772
11
1.2275470078740158
21
0.1560328346456693
0
LINE
8
BLACK
6
CONTINUOUS
10
1.2275470078740158
20
0.1560328346456693
11
1.2273448425196851
21
0.1564907480314961
0
LINE
8
BLACK
6
CONTINUOUS
10
1.2273448425196851
20
0.1564907480314961
11
1.2271893307086614
21
0.1578310236220472
0
LINE
8
BLACK
6
CONTINUOUS
10
1.2271893307086614
20
0.1578310236220472
11
1.2271259842519684
21
0.1581496062992126
0
LINE
8
BLACK
6
CONTINUOUS
10
1.2271259842519684
20
0.1581496062992126
11
1.2271259842519684
21
0.3081496062992126
0
LINE
8
BLACK
6
CONTINUOUS
10
1.2271259842519684
20
0.3081496062992126
11
1.2271893700787402
21
0.3084683070866142
0
LINE
8
BLACK
6
CONTINUOUS
10
1.2271893700787402
20
0.3084683070866142
11
1.2273448425196851
21
0.3098084251968504
0
LINE
8
BLACK
6
CONTINUOUS
10
1.2273448425196851
20
0.3098084251968504
11
1.2275470078740158
21
0.3102662992125984
0
LINE
8
BLACK
6
CONTINUOUS
10
1.2275470078740158
20
0.3102662992125984
11
1.2277253543307087
21
0.311162874015748
0
LINE
8
BLACK
6
CONTINUOUS
10
1.2277253543307087
20
0.311162874015748
11
1.2283666929133858
21
0.3121227165354331
0
LINE
8
BLACK
6
CONTINUOUS
10
1.2283666929133858
20
0.3121227165354331
11
1.2285601968503936
21
0.312560905511811
0
LINE
8
BLACK
6
CONTINUOUS
10
1.2285601968503936
20
0.312560905511811
11
1.2288594881889763
21
0.3128601968503937
0
LINE
8
BLACK
6
CONTINUOUS
10
1.2288594881889763
20
0.3128601968503937
11
1.2294322440944883
21
0.3137173622047244
0
LINE
8
BLACK
6
CONTINUOUS
10
1.2294322440944883
20
0.3137173622047244
11
1.2302893700787401
21
0.3142900787401575
0
LINE
8
BLACK
6
CONTINUOUS
10
1.2302893700787401
20
0.3142900787401575
11
1.2305886614173227
21
0.3145893700787402
0
LINE
8
BLACK
6
CONTINUOUS
10
1.2305886614173227
20
0.3145893700787402
11
1.2310267716535432
21
0.3147827952755906
0
LINE
8
BLACK
6
CONTINUOUS
10
1.2310267716535432
20
0.3147827952755906
11
1.2319867322834646
21
0.3154242519685039
0
LINE
8
BLACK
6
CONTINUOUS
10
1.2319867322834646
20
0.3154242519685039
11
1.2328833858267716
21
0.3156025984251968
0
LINE
8
BLACK
6
CONTINUOUS
10
1.2328833858267716
20
0.3156025984251968
11
1.2333411417322835
21
0.3158047244094488
0
LINE
8
BLACK
6
CONTINUOUS
10
1.2333411417322835
20
0.3158047244094488
11
1.2346809448818898
21
0.315960157480315
0
LINE
8
BLACK
6
CONTINUOUS
10
1.2346809448818898
20
0.315960157480315
11
1.2349999999999999
21
0.3160236220472441
0
LINE
8
BLACK
6
CONTINUOUS
10
1.2349999999999999
20
0.3160236220472441
11
1.385
21
0.3160236220472441
0
LINE
8
BLACK
6
CONTINUOUS
10
1.385
20
0.3160236220472441
11
1.3853191732283465
21
0.3159601181102362
0
LINE
8
BLACK
6
CONTINUOUS
10
1.5853191732283465
20
0.3159601181102362
11
1.5866588188976378
21
0.3158047244094488
0
LINE
8
BLACK
6
CONTINUOUS
10
1.5866588188976378
20
0.3158047244094488
11
1.587116496062992
21
0.3156025984251968
0
LINE
8
BLACK
6
CONTINUOUS
10
1.587116496062992
20
0.3156025984251968
11
1.5880132677165355
21
0.3154242519685039
0
LINE
8
BLACK
6
CONTINUOUS
10
1.5880132677165355
20
0.3154242519685039
11
1.5889732677165354
21
0.3147827559055118
0
LINE
8
BLACK
6
CONTINUOUS
10
1.5889732677165354
20
0.3147827559055118
11
1.5894112992125984
21
0.3145893700787402
0
LINE
8
BLACK
6
CONTINUOUS
10
1.5894112992125984
20
0.3145893700787402
11
1.5897104724409448
21
0.314290157480315
0
LINE
8
BLACK
6
CONTINUOUS
10
1.5897104724409448
20
0.314290157480315
11
1.5905677559055118
21
0.3137173622047244
0
LINE
8
BLACK
6
CONTINUOUS
10
1.5905677559055118
20
0.3137173622047244
11
1.5911405511811023
21
0.3128600787401575
0
LINE
8
BLACK
6
CONTINUOUS
10
1.5911405511811023
20
0.3128600787401575
11
1.5914397637795274
21
0.312560905511811
0
LINE
8
BLACK
6
CONTINUOUS
10
1.5914397637795274
20
0.312560905511811
11
1.5916331496062992
21
0.312122874015748
0
LINE
8
BLACK
6
CONTINUOUS
10
1.5916331496062992
20
0.312122874015748
11
1.5922746456692913
21
0.311162874015748
0
LINE
8
BLACK
6
CONTINUOUS
10
1.5922746456692913
20
0.311162874015748
11
1.5924529921259842
21
0.3102661023622047
0
LINE
8
BLACK
6
CONTINUOUS
10
1.5924529921259842
20
0.3102661023622047
11
1.5926551181102362
21
0.3098084251968504
0
LINE
8
BLACK
6
CONTINUOUS
10
1.5926551181102362
20
0.3098084251968504
11
1.5928105118110236
21
0.3084687007874016
0
LINE
8
BLACK
6
CONTINUOUS
10
1.5928105118110236
20
0.3084687007874016
11
1.5928740157480314
21
0.3081496062992126
0
LINE
8
BLACK
6
CONTINUOUS
10
1.5928740157480314
20
0.3081496062992126
11
1.5928740157480314
21
0.1581496062992126
0
LINE
8
BLACK
6
CONTINUOUS
10
1.5928740157480314
20
0.1581496062992126
11
1.5928105118110236
21
0.1578304724409449
0
LINE
8
BLACK
6
CONTINUOUS
10
1.5928105118110236
20
0.1578304724409449
11
1.5926551181102362
21
0.1564907480314961
0
LINE
8
BLACK
6
CONTINUOUS
10
1.5926551181102362
20
0.1564907480314961
11
1.5924529921259842
21
0.1560329921259843
0
LINE
8
BLACK
6
CONTINUOUS
10
1.5924529921259842
20
0.1560329921259843
11
1.5922746456692913
21
0.1551363385826772
0
LINE
8
BLACK
6
CONTINUOUS
10
1.5922746456692913
20
0.1551363385826772
11
1.591633188976378
21
0.1541763779527559
0
LINE
8
BLACK
6
CONTINUOUS
10
1.591633188976378
20
0.1541763779527559
11
1.5914397637795274
21
0.1537382677165354
0
LINE
8
BLACK
6
CONTINUOUS
10
1.5914397637795274
20
0.1537382677165354
11
1.5911404724409448
21
0.1534389763779528
0
LINE
8
BLACK
6
CONTINUOUS
10
1.5911404724409448
20
0.1534389763779528
11
1.5905677559055118
21
0.1525818503937008
0
LINE
8
BLACK
6
CONTINUOUS
10
1.5905677559055118
20
0.1525818503937008
11
1.589710590551181
21
0.152009094488189
0
LINE
8
BLACK
6
CONTINUOUS
10
1.589710590551181
20
0.152009094488189
11
1.5894112992125984
21
0.1517098031496063
0
LINE
8
BLACK
6
CONTINUOUS
10
1.5894112992125984
20
0.1517098031496063
11
1.5889731102362203
21
0.1515162992125984
0
LINE
8
BLACK
6
CONTINUOUS
10
1.5889731102362203
20
0.1515162992125984
11
1.5880132677165355
21
0.1508749606299213
0
LINE
8
BLACK
6
CONTINUOUS
10
1.5880132677165355
20
0.1508749606299213
11
1.5871166929133858
21
0.1506966141732284
0
LINE
8
BLACK
6
CONTINUOUS
10
1.5871166929133858
20
0.1506966141732284
11
1.5866588188976378
21
0.1504944488188976
0
LINE
8
BLACK
6
CONTINUOUS
10
1.5866588188976378
20
0.1504944488188976
11
1.5853186220472442
21
0.150338937007874
0
LINE
8
BLACK
6
CONTINUOUS
10
1.5853186220472442
20
0.150338937007874
11
1.585
21
0.1502755905511811
0
LINE
8
BLACK
6
CONTINUOUS
10
1.585
20
0.1502755905511811
11
1.5847723228346455
21
0.1502755905511811
0
LINE
8
BLACK
6
CONTINUOUS
10
1.5847723228346455
20
0.1502755905511811
11
1.435227716535433
21
0.1502755905511811
0
LINE
8
BLACK
6
CONTINUOUS
10
1.435227716535433
20
0.1502755905511811
11
1.4350000000000001
21
0.1502755905511811
0
LINE
8
BLACK
6
CONTINUOUS
10
1.4350000000000001
20
0.1502755905511811
11
1.4346813385826771
21
0.150338937007874
0
LINE
8
BLACK
6
CONTINUOUS
10
1.4346813385826771
20
0.150338937007874
11
1.4333411417322834
21
0.1504944488188976
0
LINE
8
BLACK
6
CONTINUOUS
10
1.4333411417322834
20
0.1504944488188976
11
1.4328832283464568
21
0.1506966141732284
0
LINE
8
BLACK
6
CONTINUOUS
10
1.4328832283464568
20
0.1506966141732284
11
1.4319867322834645
21
0.1508749606299213
0
LINE
8
BLACK
6
CONTINUOUS
10
1.4319867322834645
20
0.1508749606299213
11
1.4310269291338582
21
0.1515162598425197
0
LINE
8
BLACK
6
CONTINUOUS
10
1.4310269291338582
20
0.1515162598425197
11
1.4305886614173229
21
0.1517098031496063
0
LINE
8
BLACK
6
CONTINUOUS
10
1.4305886614173229
20
0.1517098031496063
11
1.430289251968504
21
0.1520091732283465
0
LINE
8
BLACK
6
CONTINUOUS
10
1.430289251968504
20
0.1520091732283465
11
1.4294322440944882
21
0.1525818503937008
0
LINE
8
BLACK
6
CONTINUOUS
10
1.4294322440944882
20
0.1525818503937008
11
1.4288595669291337
21
0.1534388582677165
0
LINE
8
BLACK
6
CONTINUOUS
10
1.4288595669291337
20
0.1534388582677165
11
1.4285601968503936
21
0.1537382677165354
0
LINE
8
BLACK
6
CONTINUOUS
10
1.4285601968503936
20
0.1537382677165354
11
1.4283666535433071
21
0.1541765354330709
0
LINE
8
BLACK
6
CONTINUOUS
10
1.4283666535433071
20
0.1541765354330709
11
1.4277253543307087
21
0.1551363385826772
0
LINE
8
BLACK
6
CONTINUOUS
10
1.4277253543307087
20
0.1551363385826772
11
1.4275470078740158
21
0.1560328346456693
0
LINE
8
BLACK
6
CONTINUOUS
10
1.4275470078740158
20
0.1560328346456693
11
1.4273448425196851
21
0.1564907480314961
0
LINE
8
BLACK
6
CONTINUOUS
10
1.4273448425196851
20
0.1564907480314961
11
1.4271893307086614
21
0.1578310236220472
0
LINE
8
BLACK
6
CONTINUOUS
10
1.4271893307086614
20
0.1578310236220472
11
1.4271259842519686
21
0.1581496062992126
0
LINE
8
BLACK
6
CONTINUOUS
10
1.4271259842519686
20
0.1581496062992126
11
1.4271259842519686
21
0.3081496062992126
0
LINE
8
BLACK
6
CONTINUOUS
10
1.4271259842519686
20
0.3081496062992126
11
1.4271893700787401
21
0.3084683070866142
0
LINE
8
BLACK
6
CONTINUOUS
10
1.4271893700787401
20
0.3084683070866142
11
1.4273448425196851
21
0.3098084251968504
0
LINE
8
BLACK
6
CONTINUOUS
10
1.4273448425196851
20
0.3098084251968504
11
1.4275470078740158
21
0.3102662992125984
0
LINE
8
BLACK
6
CONTINUOUS
10
1.4275470078740158
20
0.3102662992125984
11
1.4277253543307087
21
0.311162874015748
0
LINE
8
BLACK
6
CONTINUOUS
10
1.4277253543307087
20
0.311162874015748
11
1.4283666929133858
21
0.3121227165354331
0
LINE
8
BLACK
6
CONTINUOUS
10
1.4283666929133858
20
0.3121227165354331
11
1.4285601968503936
21
0.312560905511811
0
LINE
8
BLACK
6
CONTINUOUS
10
1.4285601968503936
20
0.312560905511811
11
1.4288594881889762
21
0.3128601968503937
0
LINE
8
BLACK
6
CONTINUOUS
10
1.4288594881889762
20
0.3128601968503937
11
1.4294322440944882
21
0.3137173622047244
0
LINE
8
BLACK
6
CONTINUOUS
10
1.4294322440944882
20
0.3137173622047244
11
1.43028937007874
21
0.3142900787401575
0
LINE
8
BLACK
6
CONTINUOUS
10
1.43028937007874
20
0.3142900787401575
11
1.4305886614173229
21
0.3145893700787402
0
LINE
8
BLACK
6
CONTINUOUS
10
1.4305886614173229
20
0.3145893700787402
11
1.4310267716535432
21
0.3147827952755906
0
LINE
8
BLACK
6
CONTINUOUS
10
1.4310267716535432
20
0.3147827952755906
11
1.4319867322834645
21
0.3154242519685039
0
LINE
8
BLACK
6
CONTINUOUS
10
1.4319867322834645
20
0.3154242519685039
11
1.4328833858267715
21
0.3156025984251968
0
LINE
8
BLACK
6
CONTINUOUS
10
1.4328833858267715
20
0.3156025984251968
11
1.4333411417322834
21
0.3158047244094488
0
LINE
8
BLACK
6
CONTINUOUS
10
1.4333411417322834
20
0.3158047244094488
11
1.4346809448818898
21
0.315960157480315
0
LINE
8
BLACK
6
CONTINUOUS
10
1.4346809448818898
20
0.315960157480315
11
1.4350000000000001
21
0.3160236220472441
0
LINE
8
BLACK
6
CONTINUOUS
10
1.4350000000000001
20
0.3160236220472441
11
1.585
21
0.3160236220472441
0
LINE
8
BLACK
6
CONTINUOUS
10
1.585
20
0.3160236220472441
11
1.5853191732283465
21
0.3159601181102362
0
LINE
8
BLACK
6
CONTINUOUS
10
0.5903191732283465
20
0.5128105118110237
11
0.5916588188976378
21
0.5126551181102362
0
LINE
8
BLACK
6
CONTINUOUS
10
0.5916588188976378
20
0.5126551181102362
11
0.5921164960629921
21
0.5124529921259843
0
LINE
8
BLACK
6
CONTINUOUS
10
0.5921164960629921
20
0.5124529921259843
11
0.5930132677165354
21
0.5122746456692914
0
LINE
8
BLACK
6
CONTINUOUS
10
0.5930132677165354
20
0.5122746456692914
11
0.5939732677165355
21
0.5116331496062992
0
LINE
8
BLACK
6
CONTINUOUS
10
0.5939732677165355
20
0.5116331496062992
11
0.5944112992125984
21
0.5114397637795276
0
LINE
8
BLACK
6
CONTINUOUS
10
0.5944112992125984
20
0.5114397637795276
11
0.5947104724409449
21
0.5111405511811024
0
LINE
8
BLACK
6
CONTINUOUS
10
0.5947104724409449
20
0.5111405511811024
11
0.5955677559055118
21
0.5105677559055118
0
LINE
8
BLACK
6
CONTINUOUS
10
0.5955677559055118
20
0.5105677559055118
11
0.5961405511811023
21
0.5097104724409449
0
LINE
8
BLACK
6
CONTINUOUS
10
0.5961405511811023
20
0.5097104724409449
11
0.5964397637795276
21
0.5094112992125984
0
LINE
8
BLACK
6
CONTINUOUS
10
0.5964397637795276
20
0.5094112992125984
11
0.5966331496062992
21
0.5089732677165354
0
LINE
8
BLACK
6
CONTINUOUS
10
0.5966331496062992
20
0.5089732677165354
11
0.5972746456692913
21
0.5080132677165354
0
LINE
8
BLACK
6
CONTINUOUS
10
0.5972746456692913
20
0.5080132677165354
11
0.5974529921259842
21
0.5071164960629921
0
LINE
8
BLACK
6
CONTINUOUS
10
0.5974529921259842
20
0.5071164960629921
11
0.5976551181102362
21
0.5066588188976378
0
LINE
8
BLACK
6
CONTINUOUS
10
0.5976551181102362
20
0.5066588188976378
11
0.5978105118110236
21
0.505319094488189
0
LINE
8
BLACK
6
CONTINUOUS
10
0.5978105118110236
20
0.505319094488189
11
0.5978740157480315
21
0.505
0
LINE
8
BLACK
6
CONTINUOUS
10
0.5978740157480315
20
0.505
11
0.5978740157480315
21
0.355
0
LINE
8
BLACK
6
CONTINUOUS
10
0.5978740157480315
20
0.355
11
0.5978105118110236
21
0.3546808661417323
0
LINE
8
BLACK
6
CONTINUOUS
10
0.5978105118110236
20
0.3546808661417323
11
0.5976551181102362
21
0.3533411417322835
0
LINE
8
BLACK
6
CONTINUOUS
10
0.5976551181102362
20
0.3533411417322835
11
0.5974529921259842
21
0.3528833858267716
0
LINE
8
BLACK
6
CONTINUOUS
10
0.5974529921259842
20
0.3528833858267716
11
0.5972746456692913
21
0.3519867322834646
0
LINE
8
BLACK
6
CONTINUOUS
10
0.5972746456692913
20
0.3519867322834646
11
0.596633188976378
21
0.3510267716535433
0
LINE
8
BLACK
6
CONTINUOUS
10
0.596633188976378
20
0.3510267716535433
11
0.5964397637795276
21
0.3505886614173228
0
LINE
8
BLACK
6
CONTINUOUS
10
0.5964397637795276
20
0.3505886614173228
11
0.5961404724409448
21
0.3502893700787402
0
LINE
8
BLACK
6
CONTINUOUS
10
0.5961404724409448
20
0.3502893700787402
11
0.5955677559055118
21
0.3494322440944882
0
LINE
8
BLACK
6
CONTINUOUS
10
0.5955677559055118
20
0.3494322440944882
11
0.5947105905511811
21
0.3488594881889764
0
LINE
8
BLACK
6
CONTINUOUS
10
0.5947105905511811
20
0.3488594881889764
11
0.5944112992125984
21
0.3485601968503937
0
LINE
8
BLACK
6
CONTINUOUS
10
0.5944112992125984
20
0.3485601968503937
11
0.5939731102362205
21
0.3483666929133858
0
LINE
8
BLACK
6
CONTINUOUS
10
0.5939731102362205
20
0.3483666929133858
11
0.5930132677165354
21
0.3477253543307087
0
LINE
8
BLACK
6
CONTINUOUS
10
0.5930132677165354
20
0.3477253543307087
11
0.5921166929133859
21
0.3475470078740158
0
LINE
8
BLACK
6
CONTINUOUS
10
0.5921166929133859
20
0.3475470078740158
11
0.5916588188976378
21
0.347344842519685
0
LINE
8
BLACK
6
CONTINUOUS
10
0.5916588188976378
20
0.347344842519685
11
0.5903186220472441
21
0.3471893307086614
0
LINE
8
BLACK
6
CONTINUOUS
10
0.5903186220472441
20
0.3471893307086614
11
0.59
21
0.3471259842519685
0
LINE
8
BLACK
6
CONTINUOUS
10
0.59
20
0.3471259842519685
11
0.5897723228346456
21
0.3471259842519685
0
LINE
8
BLACK
6
CONTINUOUS
10
0.5897723228346456
20
0.3471259842519685
11
0.4402277165354331
21
0.3471259842519685
0
LINE
8
BLACK
6
CONTINUOUS
10
0.4402277165354331
20
0.3471259842519685
11
0.44
21
0.3471259842519685
0
LINE
8
BLACK
6
CONTINUOUS
10
0.44
20
0.3471259842519685
11
0.4396813385826772
21
0.3471893307086614
0
LINE
8
BLACK
6
CONTINUOUS
10
0.4396813385826772
20
0.3471893307086614
11
0.4383411417322834
21
0.347344842519685
0
LINE
8
BLACK
6
CONTINUOUS
10
0.4383411417322834
20
0.347344842519685
11
0.4378832283464567
21
0.3475470078740158
0
LINE
8
BLACK
6
CONTINUOUS
10
0.4378832283464567
20
0.3475470078740158
11
0.4369867322834646
21
0.3477253543307087
0
LINE
8
BLACK
6
CONTINUOUS
10
0.4369867322834646
20
0.3477253543307087
11
0.4360269291338583
21
0.3483666535433071
0
LINE
8
BLACK
6
CONTINUOUS
10
0.4360269291338583
20
0.3483666535433071
11
0.4355886614173228
21
0.3485601968503937
0
LINE
8
BLACK
6
CONTINUOUS
10
0.4355886614173228
20
0.3485601968503937
11
0.4352892519685039
21
0.3488595669291338
0
LINE
8
BLACK
6
CONTINUOUS
10
0.4352892519685039
20
0.3488595669291338
11
0.4344322440944882
21
0.3494322440944882
0
LINE
8
BLACK
6
CONTINUOUS
10
0.4344322440944882
20
0.3494322440944882
11
0.4338595669291339
21
0.3502892519685039
0
LINE
8
BLACK
6
CONTINUOUS
10
0.4338595669291339
20
0.3502892519685039
11
0.4335601968503937
21
0.3505886614173228
0
LINE
8
BLACK
6
CONTINUOUS
10
0.4335601968503937
20
0.3505886614173228
11
0.4333666535433071
21
0.3510269291338582
0
LINE
8
BLACK
6
CONTINUOUS
10
0.4333666535433071
20
0.3510269291338582
11
0.4327253543307086
21
0.3519867322834646
0
LINE
8
BLACK
6
CONTINUOUS
10
0.4327253543307086
20
0.3519867322834646
11
0.4325470078740157
21
0.3528832283464567
0
LINE
8
BLACK
6
CONTINUOUS
10
0.4325470078740157
20
0.3528832283464567
11
0.432344842519685
21
0.3533411417322835
0
LINE
8
BLACK
6
CONTINUOUS
10
0.432344842519685
20
0.3533411417322835
11
0.4321893307086614
21
0.3546814173228346
0
LINE
8
BLACK
6
CONTINUOUS
10
0.4321893307086614
20
0.3546814173228346
11
0.4321259842519685
21
0.355
0
LINE
8
BLACK
6
CONTINUOUS
10
0.4321259842519685
20
0.355
11
0.4321259842519685
21
0.505
0
LINE
8
BLACK
6
CONTINUOUS
10
0.4321259842519685
20
0.505
11
0.4321893700787401
21
0.5053187007874016
0
LINE
8
BLACK
6
CONTINUOUS
10
0.4321893700787401
20
0.5053187007874016
11
0.432344842519685
21
0.5066588188976378
0
LINE
8
BLACK
6
CONTINUOUS
10
0.432344842519685
20
0.5066588188976378
11
0.4325470078740157
21
0.5071166929133858
0
LINE
8
BLACK
6
CONTINUOUS
10
0.4325470078740157
20
0.5071166929133858
11
0.4327253543307086
21
0.5080132677165354
0
LINE
8
BLACK
6
CONTINUOUS
10
0.4327253543307086
20
0.5080132677165354
11
0.4333666929133858
21
0.5089731102362205
0
LINE
8
BLACK
6
CONTINUOUS
10
0.4333666929133858
20
0.5089731102362205
11
0.4335601968503937
21
0.5094112992125984
0
LINE
8
BLACK
6
CONTINUOUS
10
0.4335601968503937
20
0.5094112992125984
11
0.4338594881889763
21
0.5097105905511811
0
LINE
8
BLACK
6
CONTINUOUS
10
0.4338594881889763
20
0.5097105905511811
11
0.4344322440944882
21
0.5105677559055118
0
LINE
8
BLACK
6
CONTINUOUS
10
0.4344322440944882
20
0.5105677559055118
11
0.4352893700787401
21
0.5111404724409448
0
LINE
8
BLACK
6
CONTINUOUS
10
0.4352893700787401
20
0.5111404724409448
11
0.4355886614173228
21
0.5114397637795276
0
LINE
8
BLACK
6
CONTINUOUS
10
0.4355886614173228
20
0.5114397637795276
11
0.4360267716535433
21
0.511633188976378
0
LINE
8
BLACK
6
CONTINUOUS
10
0.4360267716535433
20
0.511633188976378
11
0.4369867322834646
21
0.5122746456692914
0
LINE
8
BLACK
6
CONTINUOUS
10
0.4369867322834646
20
0.5122746456692914
11
0.4378833858267717
21
0.5124529921259843
0
LINE
8
BLACK
6
CONTINUOUS
10
0.4378833858267717
20
0.5124529921259843
11
0.4383411417322834
21
0.5126551181102362
0
LINE
8
BLACK
6
CONTINUOUS
10
0.4383411417322834
20
0.5126551181102362
11
0.4396809448818897
21
0.5128105511811023
0
LINE
8
BLACK
6
CONTINUOUS
10
0.4396809448818897
20
0.5128105511811023
11
0.44
21
0.5128740157480315
0
LINE
8
BLACK
6
CONTINUOUS
10
0.44
20
0.5128740157480315
11
0.59
21
0.5128740157480315
0
LINE
8
BLACK
6
CONTINUOUS
10
0.59
20
0.5128740157480315
11
0.5903191732283465
21
0.5128105118110237
0
LINE
8
BLACK
6
CONTINUOUS
10
0.7853191732283464
20
0.5128105118110237
11
0.7866588188976378
21
0.5126551181102362
0
LINE
8
BLACK
6
CONTINUOUS
10
0.7866588188976378
20
0.5126551181102362
11
0.7871164960629921
21
0.5124529921259843
0
LINE
8
BLACK
6
CONTINUOUS
10
0.7871164960629921
20
0.5124529921259843
11
0.7880132677165355
21
0.5122746456692914
0
LINE
8
BLACK
6
CONTINUOUS
10
0.7880132677165355
20
0.5122746456692914
11
0.7889732677165354
21
0.5116331496062992
0
LINE
8
BLACK
6
CONTINUOUS
10
0.7889732677165354
20
0.5116331496062992
11
0.7894112992125984
21
0.5114397637795276
0
LINE
8
BLACK
6
CONTINUOUS
10
0.7894112992125984
20
0.5114397637795276
11
0.7897104724409448
21
0.5111405511811024
0
LINE
8
BLACK
6
CONTINUOUS
10
0.7897104724409448
20
0.5111405511811024
11
0.7905677559055118
21
0.5105677559055118
0
LINE
8
BLACK
6
CONTINUOUS
10
0.7905677559055118
20
0.5105677559055118
11
0.7911405511811024
21
0.5097104724409449
0
LINE
8
BLACK
6
CONTINUOUS
10
0.7911405511811024
20
0.5097104724409449
11
0.7914397637795275
21
0.5094112992125984
0
LINE
8
BLACK
6
CONTINUOUS
10
0.7914397637795275
20
0.5094112992125984
11
0.7916331496062992
21
0.5089732677165354
0
LINE
8
BLACK
6
CONTINUOUS
10
0.7916331496062992
20
0.5089732677165354
11
0.7922746456692913
21
0.5080132677165354
0
LINE
8
BLACK
6
CONTINUOUS
10
0.7922746456692913
20
0.5080132677165354
11
0.7924529921259842
21
0.5071164960629921
0
LINE
8
BLACK
6
CONTINUOUS
10
0.7924529921259842
20
0.5071164960629921
11
0.7926551181102363
21
0.5066588188976378
0
LINE
8
BLACK
6
CONTINUOUS
10
0.7926551181102363
20
0.5066588188976378
11
0.7928105118110236
21
0.505319094488189
0
LINE
8
BLACK
6
CONTINUOUS
10
0.7928105118110236
20
0.505319094488189
11
0.7928740157480315
21
0.505
0
LINE
8
BLACK
6
CONTINUOUS
10
0.7928740157480315
20
0.505
11
0.7928740157480315
21
0.355
0
LINE
8
BLACK
6
CONTINUOUS
10
0.7928740157480315
20
0.355
11
0.7928105118110236
21
0.3546808661417323
0
LINE
8
BLACK
6
CONTINUOUS
10
0.7928105118110236
20
0.3546808661417323
11
0.7926551181102363
21
0.3533411417322835
0
LINE
8
BLACK
6
CONTINUOUS
10
0.7926551181102363
20
0.3533411417322835
11
0.7924529921259842
21
0.3528833858267716
0
LINE
8
BLACK
6
CONTINUOUS
10
0.7924529921259842
20
0.3528833858267716
11
0.7922746456692913
21
0.3519867322834646
0
LINE
8
BLACK
6
CONTINUOUS
10
0.7922746456692913
20
0.3519867322834646
11
0.7916331889763779
21
0.3510267716535433
0
LINE
8
BLACK
6
CONTINUOUS
10
0.7916331889763779
20
0.3510267716535433
11
0.7914397637795275
21
0.3505886614173228
0
LINE
8
BLACK
6
CONTINUOUS
10
0.7914397637795275
20
0.3505886614173228
11
0.7911404724409449
21
0.3502893700787402
0
LINE
8
BLACK
6
CONTINUOUS
10
0.7911404724409449
20
0.3502893700787402
11
0.7905677559055118
21
0.3494322440944882
0
LINE
8
BLACK
6
CONTINUOUS
10
0.7905677559055118
20
0.3494322440944882
11
0.7897105905511811
21
0.3488594881889764
0
LINE
8
BLACK
6
CONTINUOUS
10
0.7897105905511811
20
0.3488594881889764
11
0.7894112992125984
21
0.3485601968503937
0
LINE
8
BLACK
6
CONTINUOUS
10
0.7894112992125984
20
0.3485601968503937
11
0.7889731102362204
21
0.3483666929133858
0
LINE
8
BLACK
6
CONTINUOUS
10
0.7889731102362204
20
0.3483666929133858
11
0.7880132677165355
21
0.3477253543307087
0
LINE
8
BLACK
6
CONTINUOUS
10
0.7880132677165355
20
0.3477253543307087
11
0.7871166929133858
21
0.3475470078740158
0
LINE
8
BLACK
6
CONTINUOUS
10
0.7871166929133858
20
0.3475470078740158
11
0.7866588188976378
21
0.347344842519685
0
LINE
8
BLACK
6
CONTINUOUS
10
0.7866588188976378
20
0.347344842519685
11
0.7853186220472441
21
0.3471893307086614
0
LINE
8
BLACK
6
CONTINUOUS
10
0.7853186220472441
20
0.3471893307086614
11
0.785
21
0.3471259842519685
0
LINE
8
BLACK
6
CONTINUOUS
10
0.785
20
0.3471259842519685
11
0.7847723228346456
21
0.3471259842519685
0
LINE
8
BLACK
6
CONTINUOUS
10
0.7847723228346456
20
0.3471259842519685
11
0.6352277165354331
21
0.3471259842519685
0
LINE
8
BLACK
6
CONTINUOUS
10
0.6352277165354331
20
0.3471259842519685
11
0.635
21
0.3471259842519685
0
LINE
8
BLACK
6
CONTINUOUS
10
0.635
20
0.3471259842519685
11
0.6346813385826772
21
0.3471893307086614
0
LINE
8
BLACK
6
CONTINUOUS
10
0.6346813385826772
20
0.3471893307086614
11
0.6333411417322834
21
0.347344842519685
0
LINE
8
BLACK
6
CONTINUOUS
10
0.6333411417322834
20
0.347344842519685
11
0.6328832283464567
21
0.3475470078740158
0
LINE
8
BLACK
6
CONTINUOUS
10
0.6328832283464567
20
0.3475470078740158
11
0.6319867322834646
21
0.3477253543307087
0
LINE
8
BLACK
6
CONTINUOUS
10
0.6319867322834646
20
0.3477253543307087
11
0.6310269291338583
21
0.3483666535433071
0
LINE
8
BLACK
6
CONTINUOUS
10
0.6310269291338583
20
0.3483666535433071
11
0.6305886614173228
21
0.3485601968503937
0
LINE
8
BLACK
6
CONTINUOUS
10
0.6305886614173228
20
0.3485601968503937
11
0.6302892519685039
21
0.3488595669291338
0
LINE
8
BLACK
6
CONTINUOUS
10
0.6302892519685039
20
0.3488595669291338
11
0.6294322440944882
21
0.3494322440944882
0
LINE
8
BLACK
6
CONTINUOUS
10
0.6294322440944882
20
0.3494322440944882
11
0.6288595669291338
21
0.3502892519685039
0
LINE
8
BLACK
6
CONTINUOUS
10
0.6288595669291338
20
0.3502892519685039
11
0.6285601968503937
21
0.3505886614173228
0
LINE
8
BLACK
6
CONTINUOUS
10
0.6285601968503937
20
0.3505886614173228
11
0.6283666535433071
21
0.3510269291338582
0
LINE
8
BLACK
6
CONTINUOUS
10
0.6283666535433071
20
0.3510269291338582
11
0.6277253543307086
21
0.3519867322834646
0
LINE
8
BLACK
6
CONTINUOUS
10
0.6277253543307086
20
0.3519867322834646
11
0.6275470078740157
21
0.3528832283464567
0
LINE
8
BLACK
6
CONTINUOUS
10
0.6275470078740157
20
0.3528832283464567
11
0.627344842519685
21
0.3533411417322835
0
LINE
8
BLACK
6
CONTINUOUS
10
0.627344842519685
20
0.3533411417322835
11
0.6271893307086615
21
0.3546814173228346
0
LINE
8
BLACK
6
CONTINUOUS
10
0.6271893307086615
20
0.3546814173228346
11
0.6271259842519685
21
0.355
0
LINE
8
BLACK
6
CONTINUOUS
10
0.6271259842519685
20
0.355
11
0.6271259842519685
21
0.505
0
LINE
8
BLACK
6
CONTINUOUS
10
0.6271259842519685
20
0.505
11
0.6271893700787401
21
0.5053187007874016
0
LINE
8
BLACK
6
CONTINUOUS
10
0.6271893700787401
20
0.5053187007874016
11
0.627344842519685
21
0.5066588188976378
0
LINE
8
BLACK
6
CONTINUOUS
10
0.627344842519685
20
0.5066588188976378
11
0.6275470078740157
21
0.5071166929133858
0
LINE
8
BLACK
6
CONTINUOUS
10
0.6275470078740157
20
0.5071166929133858
11
0.6277253543307086
21
0.5080132677165354
0
LINE
8
BLACK
6
CONTINUOUS
10
0.6277253543307086
20
0.5080132677165354
11
0.6283666929133858
21
0.5089731102362205
0
LINE
8
BLACK
6
CONTINUOUS
10
0.6283666929133858
20
0.5089731102362205
11
0.6285601968503937
21
0.5094112992125984
0
LINE
8
BLACK
6
CONTINUOUS
10
0.6285601968503937
20
0.5094112992125984
11
0.6288594881889764
21
0.5097105905511811
0
LINE
8
BLACK
6
CONTINUOUS
10
0.6288594881889764
20
0.5097105905511811
11
0.6294322440944882
21
0.5105677559055118
0
LINE
8
BLACK
6
CONTINUOUS
10
0.6294322440944882
20
0.5105677559055118
11
0.6302893700787402
21
0.5111404724409448
0
LINE
8
BLACK
6
CONTINUOUS
10
0.6302893700787402
20
0.5111404724409448
11
0.6305886614173228
21
0.5114397637795276
0
LINE
8
BLACK
6
CONTINUOUS
10
0.6305886614173228
20
0.5114397637795276
11
0.6310267716535433
21
0.511633188976378
0
LINE
8
BLACK
6
CONTINUOUS
10
0.6310267716535433
20
0.511633188976378
11
0.6319867322834646
21
0.5122746456692914
0
LINE
8
BLACK
6
CONTINUOUS
10
0.6319867322834646
20
0.5122746456692914
11
0.6328833858267716
21
0.5124529921259843
0
LINE
8
BLACK
6
CONTINUOUS
10
0.6328833858267716
20
0.5124529921259843
11
0.6333411417322834
21
0.5126551181102362
0
LINE
8
BLACK
6
CONTINUOUS
10
0.6333411417322834
20
0.5126551181102362
11
0.6346809448818898
21
0.5128105511811023
0
LINE
8
BLACK
6
CONTINUOUS
10
0.6346809448818898
20
0.5128105511811023
11
0.635
21
0.5128740157480315
0
LINE
8
BLACK
6
CONTINUOUS
10
0.635
20
0.5128740157480315
11
0.785
21
0.5128740157480315
0
LINE
8
BLACK
6
CONTINUOUS
10
0.785
20
0.5128740157480315
11
0.7853191732283464
21
0.5128105118110237
0
LINE
8
BLACK
6
CONTINUOUS
10
0.9853191732283464
20
0.5128105118110237
11
0.9866588188976377
21
0.5126551181102362
0
LINE
8
BLACK
6
CONTINUOUS
10
0.9866588188976377
20
0.5126551181102362
11
0.9871164960629921
21
0.5124529921259843
0
LINE
8
BLACK
6
CONTINUOUS
10
0.9871164960629921
20
0.5124529921259843
11
0.9880132677165354
21
0.5122746456692914
0
LINE
8
BLACK
6
CONTINUOUS
10
0.9880132677165354
20
0.5122746456692914
11
0.9889732677165354
21
0.5116331496062992
0
LINE
8
BLACK
6
CONTINUOUS
10
0.9889732677165354
20
0.5116331496062992
11
0.9894112992125984
21
0.5114397637795276
0
LINE
8
BLACK
6
CONTINUOUS
10
0.9894112992125984
20
0.5114397637795276
11
0.9897104724409449
21
0.5111405511811024
0
LINE
8
BLACK
6
CONTINUOUS
10
0.9897104724409449
20
0.5111405511811024
11
0.9905677559055118
21
0.5105677559055118
0
LINE
8
BLACK
6
CONTINUOUS
10
0.9905677559055118
20
0.5105677559055118
11
0.9911405511811023
21
0.5097104724409449
0
LINE
8
BLACK
6
CONTINUOUS
10
0.9911405511811023
20
0.5097104724409449
11
0.9914397637795276
21
0.5094112992125984
0
LINE
8
BLACK
6
CONTINUOUS
10
0.9914397637795276
20
0.5094112992125984
11
0.9916331496062992
21
0.5089732677165354
0
LINE
8
BLACK
6
CONTINUOUS
10
0.9916331496062992
20
0.5089732677165354
11
0.9922746456692914
21
0.5080132677165354
0
LINE
8
BLACK
6
CONTINUOUS
10
0.9922746456692914
20
0.5080132677165354
11
0.9924529921259843
21
0.5071164960629921
0
LINE
8
BLACK
6
CONTINUOUS
10
0.9924529921259843
20
0.5071164960629921
11
0.9926551181102362
21
0.5066588188976378
0
LINE
8
BLACK
6
CONTINUOUS
10
0.9926551181102362
20
0.5066588188976378
11
0.9928105118110236
21
0.505319094488189
0
LINE
8
BLACK
6
CONTINUOUS
10
0.9928105118110236
20
0.505319094488189
11
0.9928740157480315
21
0.505
0
LINE
8
BLACK
6
CONTINUOUS
10
0.9928740157480315
20
0.505
11
0.9928740157480315
21
0.355
0
LINE
8
BLACK
6
CONTINUOUS
10
0.9928740157480315
20
0.355
11
0.9928105118110236
21
0.3546808661417323
0
LINE
8
BLACK
6
CONTINUOUS
10
0.9928105118110236
20
0.3546808661417323
11
0.9926551181102362
21
0.3533411417322835
0
LINE
8
BLACK
6
CONTINUOUS
10
0.9926551181102362
20
0.3533411417322835
11
0.9924529921259843
21
0.3528833858267716
0
LINE
8
BLACK
6
CONTINUOUS
10
0.9924529921259843
20
0.3528833858267716
11
0.9922746456692914
21
0.3519867322834646
0
LINE
8
BLACK
6
CONTINUOUS
10
0.9922746456692914
20
0.3519867322834646
11
0.991633188976378
21
0.3510267716535433
0
LINE
8
BLACK
6
CONTINUOUS
10
0.991633188976378
20
0.3510267716535433
11
0.9914397637795276
21
0.3505886614173228
0
LINE
8
BLACK
6
CONTINUOUS
10
0.9914397637795276
20
0.3505886614173228
11
0.9911404724409448
21
0.3502893700787402
0
LINE
8
BLACK
6
CONTINUOUS
10
0.9911404724409448
20
0.3502893700787402
11
0.9905677559055118
21
0.3494322440944882
0
LINE
8
BLACK
6
CONTINUOUS
10
0.9905677559055118
20
0.3494322440944882
11
0.989710590551181
21
0.3488594881889764
0
LINE
8
BLACK
6
CONTINUOUS
10
0.989710590551181
20
0.3488594881889764
11
0.9894112992125984
21
0.3485601968503937
0
LINE
8
BLACK
6
CONTINUOUS
10
0.9894112992125984
20
0.3485601968503937
11
0.9889731102362205
21
0.3483666929133858
0
LINE
8
BLACK
6
CONTINUOUS
10
0.9889731102362205
20
0.3483666929133858
11
0.9880132677165354
21
0.3477253543307087
0
LINE
8
BLACK
6
CONTINUOUS
10
0.9880132677165354
20
0.3477253543307087
11
0.9871166929133858
21
0.3475470078740158
0
LINE
8
BLACK
6
CONTINUOUS
10
0.9871166929133858
20
0.3475470078740158
11
0.9866588188976377
21
0.347344842519685
0
LINE
8
BLACK
6
CONTINUOUS
10
0.9866588188976377
20
0.347344842519685
11
0.9853186220472441
21
0.3471893307086614
0
LINE
8
BLACK
6
CONTINUOUS
10
0.9853186220472441
20
0.3471893307086614
11
0.985
21
0.3471259842519685
0
LINE
8
BLACK
6
CONTINUOUS
10
0.985
20
0.3471259842519685
11
0.9847723228346457
21
0.3471259842519685
0
LINE
8
BLACK
6
CONTINUOUS
10
0.9847723228346457
20
0.3471259842519685
11
0.835227716535433
21
0.3471259842519685
0
LINE
8
BLACK
6
CONTINUOUS
10
0.835227716535433
20
0.3471259842519685
11
0.835
21
0.3471259842519685
0
LINE
8
BLACK
6
CONTINUOUS
10
0.835
20
0.3471259842519685
11
0.8346813385826771
21
0.3471893307086614
0
LINE
8
BLACK
6
CONTINUOUS
10
0.8346813385826771
20
0.3471893307086614
11
0.8333411417322835
21
0.347344842519685
0
LINE
8
BLACK
6
CONTINUOUS
10
0.8333411417322835
20
0.347344842519685
11
0.8328832283464567
21
0.3475470078740158
0
LINE
8
BLACK
6
CONTINUOUS
10
0.8328832283464567
20
0.3475470078740158
11
0.8319867322834645
21
0.3477253543307087
0
LINE
8
BLACK
6
CONTINUOUS
10
0.8319867322834645
20
0.3477253543307087
11
0.8310269291338582
21
0.3483666535433071
0
LINE
8
BLACK
6
CONTINUOUS
10
0.8310269291338582
20
0.3483666535433071
11
0.8305886614173228
21
0.3485601968503937
0
LINE
8
BLACK
6
CONTINUOUS
10
0.8305886614173228
20
0.3485601968503937
11
0.8302892519685039
21
0.3488595669291338
0
LINE
8
BLACK
6
CONTINUOUS
10
0.8302892519685039
20
0.3488595669291338
11
0.8294322440944881
21
0.3494322440944882
0
LINE
8
BLACK
6
CONTINUOUS
10
0.8294322440944881
20
0.3494322440944882
11
0.8288595669291339
21
0.3502892519685039
0
LINE
8
BLACK
6
CONTINUOUS
10
0.8288595669291339
20
0.3502892519685039
11
0.8285601968503937
21
0.3505886614173228
0
LINE
8
BLACK
6
CONTINUOUS
10
0.8285601968503937
20
0.3505886614173228
11
0.8283666535433071
21
0.3510269291338582
0
LINE
8
BLACK
6
CONTINUOUS
10
0.8283666535433071
20
0.3510269291338582
11
0.8277253543307086
21
0.3519867322834646
0
LINE
8
BLACK
6
CONTINUOUS
10
0.8277253543307086
20
0.3519867322834646
11
0.8275470078740157
21
0.3528832283464567
0
LINE
8
BLACK
6
CONTINUOUS
10
0.8275470078740157
20
0.3528832283464567
11
0.827344842519685
21
0.3533411417322835
0
LINE
8
BLACK
6
CONTINUOUS
10
0.827344842519685
20
0.3533411417322835
11
0.8271893307086614
21
0.3546814173228346
0
LINE
8
BLACK
6
CONTINUOUS
10
0.8271893307086614
20
0.3546814173228346
11
0.8271259842519685
21
0.355
0
LINE
8
BLACK
6
CONTINUOUS
10
0.8271259842519685
20
0.355
11
0.8271259842519685
21
0.505
0
LINE
8
BLACK
6
CONTINUOUS
10
0.8271259842519685
20
0.505
11
0.8271893700787402
21
0.5053187007874016
0
LINE
8
BLACK
6
CONTINUOUS
10
0.8271893700787402
20
0.5053187007874016
11
0.827344842519685
21
0.5066588188976378
0
LINE
8
BLACK
6
CONTINUOUS
10
0.827344842519685
20
0.5066588188976378
11
0.8275470078740157
21
0.5071166929133858
0
LINE
8
BLACK
6
CONTINUOUS
10
0.8275470078740157
20
0.5071166929133858
11
0.8277253543307086
21
0.5080132677165354
0
LINE
8
BLACK
6
CONTINUOUS
10
0.8277253543307086
20
0.5080132677165354
11
0.8283666929133858
21
0.5089731102362205
0
LINE
8
BLACK
6
CONTINUOUS
10
0.8283666929133858
20
0.5089731102362205
11
0.8285601968503937
21
0.5094112992125984
0
LINE
8
BLACK
6
CONTINUOUS
10
0.8285601968503937
20
0.5094112992125984
11
0.8288594881889764
21
0.5097105905511811
0
LINE
8
BLACK
6
CONTINUOUS
10
0.8288594881889764
20
0.5097105905511811
11
0.8294322440944881
21
0.5105677559055118
0
LINE
8
BLACK
6
CONTINUOUS
10
0.8294322440944881
20
0.5105677559055118
11
0.8302893700787402
21
0.5111404724409448
0
LINE
8
BLACK
6
CONTINUOUS
10
0.8302893700787402
20
0.5111404724409448
11
0.8305886614173228
21
0.5114397637795276
0
LINE
8
BLACK
6
CONTINUOUS
10
0.8305886614173228
20
0.5114397637795276
11
0.8310267716535433
21
0.511633188976378
0
LINE
8
BLACK
6
CONTINUOUS
10
0.8310267716535433
20
0.511633188976378
11
0.8319867322834645
21
0.5122746456692914
0
LINE
8
BLACK
6
CONTINUOUS
10
0.8319867322834645
20
0.5122746456692914
11
0.8328833858267717
21
0.5124529921259843
0
LINE
8
BLACK
6
CONTINUOUS
10
0.8328833858267717
20
0.5124529921259843
11
0.8333411417322835
21
0.5126551181102362
0
LINE
8
BLACK
6
CONTINUOUS
10
0.8333411417322835
20
0.5126551181102362
11
0.8346809448818897
21
0.5128105511811023
0
LINE
8
BLACK
6
CONTINUOUS
10
0.8346809448818897
20
0.5128105511811023
11
0.835
21
0.5128740157480315
0
LINE
8
BLACK
6
CONTINUOUS
10
0.835
20
0.5128740157480315
11
0.985
21
0.5128740157480315
0
LINE
8
BLACK
6
CONTINUOUS
10
0.985
20
0.5128740157480315
11
0.9853191732283464
21
0.5128105118110237
0
LINE
8
BLACK
6
CONTINUOUS
10
1.1853191732283463
20
0.5128105118110237
11
1.1866588188976377
21
0.5126551181102362
0
LINE
8
BLACK
6
CONTINUOUS
10
1.1866588188976377
20
0.5126551181102362
11
1.1871164960629921
21
0.5124529921259843
0
LINE
8
BLACK
6
CONTINUOUS
10
1.1871164960629921
20
0.5124529921259843
11
1.1880132677165354
21
0.5122746456692914
0
LINE
8
BLACK
6
CONTINUOUS
10
1.1880132677165354
20
0.5122746456692914
11
1.1889732677165354
21
0.5116331496062992
0
LINE
8
BLACK
6
CONTINUOUS
10
1.1889732677165354
20
0.5116331496062992
11
1.1894112992125985
21
0.5114397637795276
0
LINE
8
BLACK
6
CONTINUOUS
10
1.1894112992125985
20
0.5114397637795276
11
1.1897104724409449
21
0.5111405511811024
0
LINE
8
BLACK
6
CONTINUOUS
10
1.1897104724409449
20
0.5111405511811024
11
1.1905677559055119
21
0.5105677559055118
0
LINE
8
BLACK
6
CONTINUOUS
10
1.1905677559055119
20
0.5105677559055118
11
1.1911405511811024
21
0.5097104724409449
0
LINE
8
BLACK
6
CONTINUOUS
10
1.1911405511811024
20
0.5097104724409449
11
1.1914397637795275
21
0.5094112992125984
0
LINE
8
BLACK
6
CONTINUOUS
10
1.1914397637795275
20
0.5094112992125984
11
1.1916331496062993
21
0.5089732677165354
0
LINE
8
BLACK
6
CONTINUOUS
10
1.1916331496062993
20
0.5089732677165354
11
1.1922746456692914
21
0.5080132677165354
0
LINE
8
BLACK
6
CONTINUOUS
10
1.1922746456692914
20
0.5080132677165354
11
1.1924529921259843
21
0.5071164960629921
0
LINE
8
BLACK
6
CONTINUOUS
10
1.1924529921259843
20
0.5071164960629921
11
1.1926551181102363
21
0.5066588188976378
0
LINE
8
BLACK
6
CONTINUOUS
10
1.1926551181102363
20
0.5066588188976378
11
1.1928105118110235
21
0.505319094488189
0
LINE
8
BLACK
6
CONTINUOUS
10
1.1928105118110235
20
0.505319094488189
11
1.1928740157480315
21
0.505
0
LINE
8
BLACK
6
CONTINUOUS
10
1.1928740157480315
20
0.505
11
1.1928740157480315
21
0.355
0
LINE
8
BLACK
6
CONTINUOUS
10
1.1928740157480315
20
0.355
11
1.1928105118110235
21
0.3546808661417323
0
LINE
8
BLACK
6
CONTINUOUS
10
1.1928105118110235
20
0.3546808661417323
11
1.1926551181102363
21
0.3533411417322835
0
LINE
8
BLACK
6
CONTINUOUS
10
1.1926551181102363
20
0.3533411417322835
11
1.1924529921259843
21
0.3528833858267716
0
LINE
8
BLACK
6
CONTINUOUS
10
1.1924529921259843
20
0.3528833858267716
11
1.1922746456692914
21
0.3519867322834646
0
LINE
8
BLACK
6
CONTINUOUS
10
1.1922746456692914
20
0.3519867322834646
11
1.1916331889763778
21
0.3510267716535433
0
LINE
8
BLACK
6
CONTINUOUS
10
1.1916331889763778
20
0.3510267716535433
11
1.1914397637795275
21
0.3505886614173228
0
LINE
8
BLACK
6
CONTINUOUS
10
1.1914397637795275
20
0.3505886614173228
11
1.1911404724409449
21
0.3502893700787402
0
LINE
8
BLACK
6
CONTINUOUS
10
1.1911404724409449
20
0.3502893700787402
11
1.1905677559055119
21
0.3494322440944882
0
LINE
8
BLACK
6
CONTINUOUS
10
1.1905677559055119
20
0.3494322440944882
11
1.1897105905511811
21
0.3488594881889764
0
LINE
8
BLACK
6
CONTINUOUS
10
1.1897105905511811
20
0.3488594881889764
11
1.1894112992125985
21
0.3485601968503937
0
LINE
8
BLACK
6
CONTINUOUS
10
1.1894112992125985
20
0.3485601968503937
11
1.1889731102362204
21
0.3483666929133858
0
LINE
8
BLACK
6
CONTINUOUS
10
1.1889731102362204
20
0.3483666929133858
11
1.1880132677165354
21
0.3477253543307087
0
LINE
8
BLACK
6
CONTINUOUS
10
1.1880132677165354
20
0.3477253543307087
11
1.1871166929133858
21
0.3475470078740158
0
LINE
8
BLACK
6
CONTINUOUS
10
1.1871166929133858
20
0.3475470078740158
11
1.1866588188976377
21
0.347344842519685
0
LINE
8
BLACK
6
CONTINUOUS
10
1.1866588188976377
20
0.347344842519685
11
1.185318622047244
21
0.3471893307086614
0
LINE
8
BLACK
6
CONTINUOUS
10
1.185318622047244
20
0.3471893307086614
11
1.1850000000000001
21
0.3471259842519685
0
LINE
8
BLACK
6
CONTINUOUS
10
1.1850000000000001
20
0.3471259842519685
11
1.1847723228346456
21
0.3471259842519685
0
LINE
8
BLACK
6
CONTINUOUS
10
1.1847723228346456
20
0.3471259842519685
11
1.0352277165354331
21
0.3471259842519685
0
LINE
8
BLACK
6
CONTINUOUS
10
1.0352277165354331
20
0.3471259842519685
11
1.0349999999999999
21
0.3471259842519685
0
LINE
8
BLACK
6
CONTINUOUS
10
1.0349999999999999
20
0.3471259842519685
11
1.0346813385826772
21
0.3471893307086614
0
LINE
8
BLACK
6
CONTINUOUS
10
1.0346813385826772
20
0.3471893307086614
11
1.0333411417322835
21
0.347344842519685
0
LINE
8
BLACK
6
CONTINUOUS
10
1.0333411417322835
20
0.347344842519685
11
1.0328832283464566
21
0.3475470078740158
0
LINE
8
BLACK
6
CONTINUOUS
10
1.0328832283464566
20
0.3475470078740158
11
1.0319867322834646
21
0.3477253543307087
0
LINE
8
BLACK
6
CONTINUOUS
10
1.0319867322834646
20
0.3477253543307087
11
1.0310269291338583
21
0.3483666535433071
0
LINE
8
BLACK
6
CONTINUOUS
10
1.0310269291338583
20
0.3483666535433071
11
1.0305886614173227
21
0.3485601968503937
0
LINE
8
BLACK
6
CONTINUOUS
10
1.0305886614173227
20
0.3485601968503937
11
1.0302892519685038
21
0.3488595669291338
0
LINE
8
BLACK
6
CONTINUOUS
10
1.0302892519685038
20
0.3488595669291338
11
1.0294322440944881
21
0.3494322440944882
0
LINE
8
BLACK
6
CONTINUOUS
10
1.0294322440944881
20
0.3494322440944882
11
1.0288595669291338
21
0.3502892519685039
0
LINE
8
BLACK
6
CONTINUOUS
10
1.0288595669291338
20
0.3502892519685039
11
1.0285601968503937
21
0.3505886614173228
0
LINE
8
BLACK
6
CONTINUOUS
10
1.0285601968503937
20
0.3505886614173228
11
1.0283666535433071
21
0.3510269291338582
0
LINE
8
BLACK
6
CONTINUOUS
10
1.0283666535433071
20
0.3510269291338582
11
1.0277253543307086
21
0.3519867322834646
0
LINE
8
BLACK
6
CONTINUOUS
10
1.0277253543307086
20
0.3519867322834646
11
1.0275470078740156
21
0.3528832283464567
0
LINE
8
BLACK
6
CONTINUOUS
10
1.0275470078740156
20
0.3528832283464567
11
1.0273448425196849
21
0.3533411417322835
0
LINE
8
BLACK
6
CONTINUOUS
10
1.0273448425196849
20
0.3533411417322835
11
1.0271893307086615
21
0.3546814173228346
0
LINE
8
BLACK
6
CONTINUOUS
10
1.0271893307086615
20
0.3546814173228346
11
1.0271259842519684
21
0.355
0
LINE
8
BLACK
6
CONTINUOUS
10
1.0271259842519684
20
0.355
11
1.0271259842519684
21
0.505
0
LINE
8
BLACK
6
CONTINUOUS
10
1.0271259842519684
20
0.505
11
1.0271893700787402
21
0.5053187007874016
0
LINE
8
BLACK
6
CONTINUOUS
10
1.0271893700787402
20
0.5053187007874016
11
1.0273448425196849
21
0.5066588188976378
0
LINE
8
BLACK
6
CONTINUOUS
10
1.0273448425196849
20
0.5066588188976378
11
1.0275470078740156
21
0.5071166929133858
0
LINE
8
BLACK
6
CONTINUOUS
10
1.0275470078740156
20
0.5071166929133858
11
1.0277253543307086
21
0.5080132677165354
0
LINE
8
BLACK
6
CONTINUOUS
10
1.0277253543307086
20
0.5080132677165354
11
1.0283666929133859
21
0.5089731102362205
0
LINE
8
BLACK
6
CONTINUOUS
10
1.0283666929133859
20
0.5089731102362205
11
1.0285601968503937
21
0.5094112992125984
0
LINE
8
BLACK
6
CONTINUOUS
10
1.0285601968503937
20
0.5094112992125984
11
1.0288594881889763
21
0.5097105905511811
0
LINE
8
BLACK
6
CONTINUOUS
10
1.0288594881889763
20
0.5097105905511811
11
1.0294322440944881
21
0.5105677559055118
0
LINE
8
BLACK
6
CONTINUOUS
10
1.0294322440944881
20
0.5105677559055118
11
1.0302893700787401
21
0.5111404724409448
0
LINE
8
BLACK
6
CONTINUOUS
10
1.0302893700787401
20
0.5111404724409448
11
1.0305886614173227
21
0.5114397637795276
0
LINE
8
BLACK
6
CONTINUOUS
10
1.0305886614173227
20
0.5114397637795276
11
1.0310267716535433
21
0.511633188976378
0
LINE
8
BLACK
6
CONTINUOUS
10
1.0310267716535433
20
0.511633188976378
11
1.0319867322834646
21
0.5122746456692914
0
LINE
8
BLACK
6
CONTINUOUS
10
1.0319867322834646
20
0.5122746456692914
11
1.0328833858267716
21
0.5124529921259843
0
LINE
8
BLACK
6
CONTINUOUS
10
1.0328833858267716
20
0.5124529921259843
11
1.0333411417322835
21
0.5126551181102362
0
LINE
8
BLACK
6
CONTINUOUS
10
1.0333411417322835
20
0.5126551181102362
11
1.0346809448818897
21
0.5128105511811023
0
LINE
8
BLACK
6
CONTINUOUS
10
1.0346809448818897
20
0.5128105511811023
11
1.0349999999999999
21
0.5128740157480315
0
LINE
8
BLACK
6
CONTINUOUS
10
1.0349999999999999
20
0.5128740157480315
11
1.1850000000000001
21
0.5128740157480315
0
LINE
8
BLACK
6
CONTINUOUS
10
1.1850000000000001
20
0.5128740157480315
11
1.1853191732283463
21
0.5128105118110237
0
LINE
8
BLACK
6
CONTINUOUS
10
1.3853191732283465
20
0.5128105118110237
11
1.3866588188976379
21
0.5126551181102362
0
LINE
8
BLACK
6
CONTINUOUS
10
1.3866588188976379
20
0.5126551181102362
11
1.387116496062992
21
0.5124529921259843
0
LINE
8
BLACK
6
CONTINUOUS
10
1.387116496062992
20
0.5124529921259843
11
1.3880132677165353
21
0.5122746456692914
0
LINE
8
BLACK
6
CONTINUOUS
10
1.3880132677165353
20
0.5122746456692914
11
1.3889732677165354
21
0.5116331496062992
0
LINE
8
BLACK
6
CONTINUOUS
10
1.3889732677165354
20
0.5116331496062992
11
1.3894112992125984
21
0.5114397637795276
0
LINE
8
BLACK
6
CONTINUOUS
10
1.3894112992125984
20
0.5114397637795276
11
1.3897104724409448
21
0.5111405511811024
0
LINE
8
BLACK
6
CONTINUOUS
10
1.3897104724409448
20
0.5111405511811024
11
1.3905677559055118
21
0.5105677559055118
0
LINE
8
BLACK
6
CONTINUOUS
10
1.3905677559055118
20
0.5105677559055118
11
1.3911405511811024
21
0.5097104724409449
0
LINE
8
BLACK
6
CONTINUOUS
10
1.3911405511811024
20
0.5097104724409449
11
1.3914397637795275
21
0.5094112992125984
0
LINE
8
BLACK
6
CONTINUOUS
10
1.3914397637795275
20
0.5094112992125984
11
1.3916331496062992
21
0.5089732677165354
0
LINE
8
BLACK
6
CONTINUOUS
10
1.3916331496062992
20
0.5089732677165354
11
1.3922746456692914
21
0.5080132677165354
0
LINE
8
BLACK
6
CONTINUOUS
10
1.3922746456692914
20
0.5080132677165354
11
1.3924529921259843
21
0.5071164960629921
0
LINE
8
BLACK
6
CONTINUOUS
10
1.3924529921259843
20
0.5071164960629921
11
1.3926551181102362
21
0.5066588188976378
0
LINE
8
BLACK
6
CONTINUOUS
10
1.3926551181102362
20
0.5066588188976378
11
1.3928105118110237
21
0.505319094488189
0
LINE
8
BLACK
6
CONTINUOUS
10
1.3928105118110237
20
0.505319094488189
11
1.3928740157480315
21
0.505
0
LINE
8
BLACK
6
CONTINUOUS
10
1.3928740157480315
20
0.505
11
1.3928740157480315
21
0.355
0
LINE
8
BLACK
6
CONTINUOUS
10
1.3928740157480315
20
0.355
11
1.3928105118110237
21
0.3546808661417323
0
LINE
8
BLACK
6
CONTINUOUS
10
1.3928105118110237
20
0.3546808661417323
11
1.3926551181102362
21
0.3533411417322835
0
LINE
8
BLACK
6
CONTINUOUS
10
1.3926551181102362
20
0.3533411417322835
11
1.3924529921259843
21
0.3528833858267716
0
LINE
8
BLACK
6
CONTINUOUS
10
1.3924529921259843
20
0.3528833858267716
11
1.3922746456692914
21
0.3519867322834646
0
LINE
8
BLACK
6
CONTINUOUS
10
1.3922746456692914
20
0.3519867322834646
11
1.391633188976378
21
0.3510267716535433
0
LINE
8
BLACK
6
CONTINUOUS
10
1.391633188976378
20
0.3510267716535433
11
1.3914397637795275
21
0.3505886614173228
0
LINE
8
BLACK
6
CONTINUOUS
10
1.3914397637795275
20
0.3505886614173228
11
1.3911404724409449
21
0.3502893700787402
0
LINE
8
BLACK
6
CONTINUOUS
10
1.3911404724409449
20
0.3502893700787402
11
1.3905677559055118
21
0.3494322440944882
0
LINE
8
BLACK
6
CONTINUOUS
10
1.3905677559055118
20
0.3494322440944882
11
1.3897105905511811
21
0.3488594881889764
0
LINE
8
BLACK
6
CONTINUOUS
10
1.3897105905511811
20
0.3488594881889764
11
1.3894112992125984
21
0.3485601968503937
0
LINE
8
BLACK
6
CONTINUOUS
10
1.3894112992125984
20
0.3485601968503937
11
1.3889731102362204
21
0.3483666929133858
0
LINE
8
BLACK
6
CONTINUOUS
10
1.3889731102362204
20
0.3483666929133858
11
1.3880132677165353
21
0.3477253543307087
0
LINE
8
BLACK
6
CONTINUOUS
10
1.3880132677165353
20
0.3477253543307087
11
1.3871166929133858
21
0.3475470078740158
0
LINE
8
BLACK
6
CONTINUOUS
10
1.3871166929133858
20
0.3475470078740158
11
1.3866588188976379
21
0.347344842519685
0
LINE
8
BLACK
6
CONTINUOUS
10
1.3866588188976379
20
0.347344842519685
11
1.385318622047244
21
0.3471893307086614
0
LINE
8
BLACK
6
CONTINUOUS
10
1.385318622047244
20
0.3471893307086614
11
1.385
21
0.3471259842519685
0
LINE
8
BLACK
6
CONTINUOUS
10
1.385
20
0.3471259842519685
11
1.3847723228346456
21
0.3471259842519685
0
LINE
8
BLACK
6
CONTINUOUS
10
1.3847723228346456
20
0.3471259842519685
11
1.2352277165354331
21
0.3471259842519685
0
LINE
8
BLACK
6
CONTINUOUS
10
1.2352277165354331
20
0.3471259842519685
11
1.2349999999999999
21
0.3471259842519685
0
LINE
8
BLACK
6
CONTINUOUS
10
1.2349999999999999
20
0.3471259842519685
11
1.2346813385826771
21
0.3471893307086614
0
LINE
8
BLACK
6
CONTINUOUS
10
1.2346813385826771
20
0.3471893307086614
11
1.2333411417322835
21
0.347344842519685
0
LINE
8
BLACK
6
CONTINUOUS
10
1.2333411417322835
20
0.347344842519685
11
1.2328832283464566
21
0.3475470078740158
0
LINE
8
BLACK
6
CONTINUOUS
10
1.2328832283464566
20
0.3475470078740158
11
1.2319867322834646
21
0.3477253543307087
0
LINE
8
BLACK
6
CONTINUOUS
10
1.2319867322834646
20
0.3477253543307087
11
1.2310269291338582
21
0.3483666535433071
0
LINE
8
BLACK
6
CONTINUOUS
10
1.2310269291338582
20
0.3483666535433071
11
1.2305886614173227
21
0.3485601968503937
0
LINE
8
BLACK
6
CONTINUOUS
10
1.2305886614173227
20
0.3485601968503937
11
1.2302892519685038
21
0.3488595669291338
0
LINE
8
BLACK
6
CONTINUOUS
10
1.2302892519685038
20
0.3488595669291338
11
1.2294322440944883
21
0.3494322440944882
0
LINE
8
BLACK
6
CONTINUOUS
10
1.2294322440944883
20
0.3494322440944882
11
1.2288595669291338
21
0.3502892519685039
0
LINE
8
BLACK
6
CONTINUOUS
10
1.2288595669291338
20
0.3502892519685039
11
1.2285601968503936
21
0.3505886614173228
0
LINE
8
BLACK
6
CONTINUOUS
10
1.2285601968503936
20
0.3505886614173228
11
1.2283666535433071
21
0.3510269291338582
0
LINE
8
BLACK
6
CONTINUOUS
10
1.2283666535433071
20
0.3510269291338582
11
1.2277253543307087
21
0.3519867322834646
0
LINE
8
BLACK
6
CONTINUOUS
10
1.2277253543307087
20
0.3519867322834646
11
1.2275470078740158
21
0.3528832283464567
0
LINE
8
BLACK
6
CONTINUOUS
10
1.2275470078740158
20
0.3528832283464567
11
1.2273448425196851
21
0.3533411417322835
0
LINE
8
BLACK
6
CONTINUOUS
10
1.2273448425196851
20
0.3533411417322835
11
1.2271893307086614
21
0.3546814173228346
0
LINE
8
BLACK
6
CONTINUOUS
10
1.2271893307086614
20
0.3546814173228346
11
1.2271259842519684
21
0.355
0
LINE
8
BLACK
6
CONTINUOUS
10
1.2271259842519684
20
0.355
11
1.2271259842519684
21
0.505
0
LINE
8
BLACK
6
CONTINUOUS
10
1.2271259842519684
20
0.505
11
1.2271893700787402
21
0.5053187007874016
0
LINE
8
BLACK
6
CONTINUOUS
10
1.2271893700787402
20
0.5053187007874016
11
1.2273448425196851
21
0.5066588188976378
0
LINE
8
BLACK
6
CONTINUOUS
10
1.2273448425196851
20
0.5066588188976378
11
1.2275470078740158
21
0.5071166929133858
0
LINE
8
BLACK
6
CONTINUOUS
10
1.2275470078740158
20
0.5071166929133858
11
1.2277253543307087
21
0.5080132677165354
0
LINE
8
BLACK
6
CONTINUOUS
10
1.2277253543307087
20
0.5080132677165354
11
1.2283666929133858
21
0.5089731102362205
0
LINE
8
BLACK
6
CONTINUOUS
10
1.2283666929133858
20
0.5089731102362205
11
1.2285601968503936
21
0.5094112992125984
0
LINE
8
BLACK
6
CONTINUOUS
10
1.2285601968503936
20
0.5094112992125984
11
1.2288594881889763
21
0.5097105905511811
0
LINE
8
BLACK
6
CONTINUOUS
10
1.2288594881889763
20
0.5097105905511811
11
1.2294322440944883
21
0.5105677559055118
0
LINE
8
BLACK
6
CONTINUOUS
10
1.2294322440944883
20
0.5105677559055118
11
1.2302893700787401
21
0.5111404724409448
0
LINE
8
BLACK
6
CONTINUOUS
10
1.2302893700787401
20
0.5111404724409448
11
1.2305886614173227
21
0.5114397637795276
0
LINE
8
BLACK
6
CONTINUOUS
10
1.2305886614173227
20
0.5114397637795276
11
1.2310267716535432
21
0.511633188976378
0
LINE
8
BLACK
6
CONTINUOUS
10
1.2310267716535432
20
0.511633188976378
11
1.2319867322834646
21
0.5122746456692914
0
LINE
8
BLACK
6
CONTINUOUS
10
1.2319867322834646
20
0.5122746456692914
11
1.2328833858267716
21
0.5124529921259843
0
LINE
8
BLACK
6
CONTINUOUS
10
1.2328833858267716
20
0.5124529921259843
11
1.2333411417322835
21
0.5126551181102362
0
LINE
8
BLACK
6
CONTINUOUS
10
1.2333411417322835
20
0.5126551181102362
11
1.2346809448818898
21
0.5128105511811023
0
LINE
8
BLACK
6
CONTINUOUS
10
1.2346809448818898
20
0.5128105511811023
11
1.2349999999999999
21
0.5128740157480315
0
LINE
8
BLACK
6
CONTINUOUS
10
1.2349999999999999
20
0.5128740157480315
11
1.385
21
0.5128740157480315
0
LINE
8
BLACK
6
CONTINUOUS
10
1.385
20
0.5128740157480315
11
1.3853191732283465
21
0.5128105118110237
0
LINE
8
BLACK
6
CONTINUOUS
10
1.5853191732283465
20
0.5128105118110237
11
1.5866588188976378
21
0.5126551181102362
0
LINE
8
BLACK
6
CONTINUOUS
10
1.5866588188976378
20
0.5126551181102362
11
1.587116496062992
21
0.5124529921259843
0
LINE
8
BLACK
6
CONTINUOUS
10
1.587116496062992
20
0.5124529921259843
11
1.5880132677165355
21
0.5122746456692914
0
LINE
8
BLACK
6
CONTINUOUS
10
1.5880132677165355
20
0.5122746456692914
11
1.5889732677165354
21
0.5116331496062992
0
LINE
8
BLACK
6
CONTINUOUS
10
1.5889732677165354
20
0.5116331496062992
11
1.5894112992125984
21
0.5114397637795276
0
LINE
8
BLACK
6
CONTINUOUS
10
1.5894112992125984
20
0.5114397637795276
11
1.5897104724409448
21
0.5111405511811024
0
LINE
8
BLACK
6
CONTINUOUS
10
1.5897104724409448
20
0.5111405511811024
11
1.5905677559055118
21
0.5105677559055118
0
LINE
8
BLACK
6
CONTINUOUS
10
1.5905677559055118
20
0.5105677559055118
11
1.5911405511811023
21
0.5097104724409449
0
LINE
8
BLACK
6
CONTINUOUS
10
1.5911405511811023
20
0.5097104724409449
11
1.5914397637795274
21
0.5094112992125984
0
LINE
8
BLACK
6
CONTINUOUS
10
1.5914397637795274
20
0.5094112992125984
11
1.5916331496062992
21
0.5089732677165354
0
LINE
8
BLACK
6
CONTINUOUS
10
1.5916331496062992
20
0.5089732677165354
11
1.5922746456692913
21
0.5080132677165354
0
LINE
8
BLACK
6
CONTINUOUS
10
1.5922746456692913
20
0.5080132677165354
11
1.5924529921259842
21
0.5071164960629921
0
LINE
8
BLACK
6
CONTINUOUS
10
1.5924529921259842
20
0.5071164960629921
11
1.5926551181102362
21
0.5066588188976378
0
LINE
8
BLACK
6
CONTINUOUS
10
1.5926551181102362
20
0.5066588188976378
11
1.5928105118110236
21
0.505319094488189
0
LINE
8
BLACK
6
CONTINUOUS
10
1.5928105118110236
20
0.505319094488189
11
1.5928740157480314
21
0.505
0
LINE
8
BLACK
6
CONTINUOUS
10
1.5928740157480314
20
0.505
11
1.5928740157480314
21
0.355
0
LINE
8
BLACK
6
CONTINUOUS
10
1.5928740157480314
20
0.355
11
1.5928105118110236
21
0.3546808661417323
0
LINE
8
BLACK
6
CONTINUOUS
10
1.5928105118110236
20
0.3546808661417323
11
1.5926551181102362
21
0.3533411417322835
0
LINE
8
BLACK
6
CONTINUOUS
10
1.5926551181102362
20
0.3533411417322835
11
1.5924529921259842
21
0.3528833858267716
0
LINE
8
BLACK
6
CONTINUOUS
10
1.5924529921259842
20
0.3528833858267716
11
1.5922746456692913
21
0.3519867322834646
0
LINE
8
BLACK
6
CONTINUOUS
10
1.5922746456692913
20
0.3519867322834646
11
1.591633188976378
21
0.3510267716535433
0
LINE
8
BLACK
6
CONTINUOUS
10
1.591633188976378
20
0.3510267716535433
11
1.5914397637795274
21
0.3505886614173228
0
LINE
8
BLACK
6
CONTINUOUS
10
1.5914397637795274
20
0.3505886614173228
11
1.5911404724409448
21
0.3502893700787402
0
LINE
8
BLACK
6
CONTINUOUS
10
1.5911404724409448
20
0.3502893700787402
11
1.5905677559055118
21
0.3494322440944882
0
LINE
8
BLACK
6
CONTINUOUS
10
1.5905677559055118
20
0.3494322440944882
11
1.589710590551181
21
0.3488594881889764
0
LINE
8
BLACK
6
CONTINUOUS
10
1.589710590551181
20
0.3488594881889764
11
1.5894112992125984
21
0.3485601968503937
0
LINE
8
BLACK
6
CONTINUOUS
10
1.5894112992125984
20
0.3485601968503937
11
1.5889731102362203
21
0.3483666929133858
0
LINE
8
BLACK
6
CONTINUOUS
10
1.5889731102362203
20
0.3483666929133858
11
1.5880132677165355
21
0.3477253543307087
0
LINE
8
BLACK
6
CONTINUOUS
10
1.5880132677165355
20
0.3477253543307087
11
1.5871166929133858
21
0.3475470078740158
0
LINE
8
BLACK
6
CONTINUOUS
10
1.5871166929133858
20
0.3475470078740158
11
1.5866588188976378
21
0.347344842519685
0
LINE
8
BLACK
6
CONTINUOUS
10
1.5866588188976378
20
0.347344842519685
11
1.5853186220472442
21
0.3471893307086614
0
LINE
8
BLACK
6
CONTINUOUS
10
1.5853186220472442
20
0.3471893307086614
11
1.585
21
0.3471259842519685
0
LINE
8
BLACK
6
CONTINUOUS
10
1.585
20
0.3471259842519685
11
1.5847723228346455
21
0.3471259842519685
0
LINE
8
BLACK
6
CONTINUOUS
10
1.5847723228346455
20
0.3471259842519685
11
1.435227716535433
21
0.3471259842519685
0
LINE
8
BLACK
6
CONTINUOUS
10
1.435227716535433
20
0.3471259842519685
11
1.4350000000000001
21
0.3471259842519685
0
LINE
8
BLACK
6
CONTINUOUS
10
1.4350000000000001
20
0.3471259842519685
11
1.4346813385826771
21
0.3471893307086614
0
LINE
8
BLACK
6
CONTINUOUS
10
1.4346813385826771
20
0.3471893307086614
11
1.4333411417322834
21
0.347344842519685
0
LINE
8
BLACK
6
CONTINUOUS
10
1.4333411417322834
20
0.347344842519685
11
1.4328832283464568
21
0.3475470078740158
0
LINE
8
BLACK
6
CONTINUOUS
10
1.4328832283464568
20
0.3475470078740158
11
1.4319867322834645
21
0.3477253543307087
0
LINE
8
BLACK
6
CONTINUOUS
10
1.4319867322834645
20
0.3477253543307087
11
1.4310269291338582
21
0.3483666535433071
0
LINE
8
BLACK
6
CONTINUOUS
10
1.4310269291338582
20
0.3483666535433071
11
1.4305886614173229
21
0.3485601968503937
0
LINE
8
BLACK
6
CONTINUOUS
10
1.4305886614173229
20
0.3485601968503937
11
1.430289251968504
21
0.3488595669291338
0
LINE
8
BLACK
6
CONTINUOUS
10
1.430289251968504
20
0.3488595669291338
11
1.4294322440944882
21
0.3494322440944882
0
LINE
8
BLACK
6
CONTINUOUS
10
1.4294322440944882
20
0.3494322440944882
11
1.4288595669291337
21
0.3502892519685039
0
LINE
8
BLACK
6
CONTINUOUS
10
1.4288595669291337
20
0.3502892519685039
11
1.4285601968503936
21
0.3505886614173228
0
LINE
8
BLACK
6
CONTINUOUS
10
1.4285601968503936
20
0.3505886614173228
11
1.4283666535433071
21
0.3510269291338582
0
LINE
8
BLACK
6
CONTINUOUS
10
1.4283666535433071
20
0.3510269291338582
11
1.4277253543307087
21
0.3519867322834646
0
LINE
8
BLACK
6
CONTINUOUS
10
1.4277253543307087
20
0.3519867322834646
11
1.4275470078740158
21
0.3528832283464567
0
LINE
8
BLACK
6
CONTINUOUS
10
1.4275470078740158
20
0.3528832283464567
11
1.4273448425196851
21
0.3533411417322835
0
LINE
8
BLACK
6
CONTINUOUS
10
1.4273448425196851
20
0.3533411417322835
11
1.4271893307086614
21
0.3546814173228346
0
LINE
8
BLACK
6
CONTINUOUS
10
1.4271893307086614
20
0.3546814173228346
11
1.4271259842519686
21
0.355
0
LINE
8
BLACK
6
CONTINUOUS
10
1.4271259842519686
20
0.355
11
1.4271259842519686
21
0.505
0
LINE
8
BLACK
6
CONTINUOUS
10
1.4271259842519686
20
0.505
11
1.4271893700787401
21
0.5053187007874016
0
LINE
8
BLACK
6
CONTINUOUS
10
1.4271893700787401
20
0.5053187007874016
11
1.4273448425196851
21
0.5066588188976378
0
LINE
8
BLACK
6
CONTINUOUS
10
1.4273448425196851
20
0.5066588188976378
11
1.4275470078740158
21
0.5071166929133858
0
LINE
8
BLACK
6
CONTINUOUS
10
1.4275470078740158
20
0.5071166929133858
11
1.4277253543307087
21
0.5080132677165354
0
LINE
8
BLACK
6
CONTINUOUS
10
1.4277253543307087
20
0.5080132677165354
11
1.4283666929133858
21
0.5089731102362205
0
LINE
8
BLACK
6
CONTINUOUS
10
1.4283666929133858
20
0.5089731102362205
11
1.4285601968503936
21
0.5094112992125984
0
LINE
8
BLACK
6
CONTINUOUS
10
1.4285601968503936
20
0.5094112992125984
11
1.4288594881889762
21
0.5097105905511811
0
LINE
8
BLACK
6
CONTINUOUS
10
1.4288594881889762
20
0.5097105905511811
11
1.4294322440944882
21
0.5105677559055118
0
LINE
8
BLACK
6
CONTINUOUS
10
1.4294322440944882
20
0.5105677559055118
11
1.43028937007874
21
0.5111404724409448
0
LINE
8
BLACK
6
CONTINUOUS
10
1.43028937007874
20
0.5111404724409448
11
1.4305886614173229
21
0.5114397637795276
0
LINE
8
BLACK
6
CONTINUOUS
10
1.4305886614173229
20
0.5114397637795276
11
1.4310267716535432
21
0.511633188976378
0
LINE
8
BLACK
6
CONTINUOUS
10
1.4310267716535432
20
0.511633188976378
11
1.4319867322834645
21
0.5122746456692914
0
LINE
8
BLACK
6
CONTINUOUS
10
1.4319867322834645
20
0.5122746456692914
11
1.4328833858267715
21
0.5124529921259843
0
LINE
8
BLACK
6
CONTINUOUS
10
1.4328833858267715
20
0.5124529921259843
11
1.4333411417322834
21
0.5126551181102362
0
LINE
8
BLACK
6
CONTINUOUS
10
1.4333411417322834
20
0.5126551181102362
11
1.4346809448818898
21
0.5128105511811023
0
LINE
8
BLACK
6
CONTINUOUS
10
1.4346809448818898
20
0.5128105511811023
11
1.4350000000000001
21
0.5128740157480315
0
LINE
8
BLACK
6
CONTINUOUS
10
1.4350000000000001
20
0.5128740157480315
11
1.585
21
0.5128740157480315
0
LINE
8
BLACK
6
CONTINUOUS
10
1.585
20
0.5128740157480315
11
1.5853191732283465
21
0.5128105118110237
0
LINE
8
BLACK
6
CONTINUOUS
10
0.1553191732283465
20
0.4878105118110236
11
0.1566588188976378
21
0.4876551181102362
0
LINE
8
BLACK
6
CONTINUOUS
10
0.1566588188976378
20
0.4876551181102362
11
0.1571164960629921
21
0.4874529921259843
0
LINE
8
BLACK
6
CONTINUOUS
10
0.1571164960629921
20
0.4874529921259843
11
0.1580132677165354
21
0.4872746456692914
0
LINE
8
BLACK
6
CONTINUOUS
10
0.1580132677165354
20
0.4872746456692914
11
0.1589732677165354
21
0.4866331496062992
0
LINE
8
BLACK
6
CONTINUOUS
10
0.1589732677165354
20
0.4866331496062992
11
0.1594112992125984
21
0.4864397637795275
0
LINE
8
BLACK
6
CONTINUOUS
10
0.1594112992125984
20
0.4864397637795275
11
0.1597104724409449
21
0.4861405511811023
0
LINE
8
BLACK
6
CONTINUOUS
10
0.1597104724409449
20
0.4861405511811023
11
0.1605677559055118
21
0.4855677559055118
0
LINE
8
BLACK
6
CONTINUOUS
10
0.1605677559055118
20
0.4855677559055118
11
0.1611405511811023
21
0.4847104724409449
0
LINE
8
BLACK
6
CONTINUOUS
10
0.1611405511811023
20
0.4847104724409449
11
0.1614397637795276
21
0.4844112992125984
0
LINE
8
BLACK
6
CONTINUOUS
10
0.1614397637795276
20
0.4844112992125984
11
0.1616331496062992
21
0.4839732677165354
0
LINE
8
BLACK
6
CONTINUOUS
10
0.1616331496062992
20
0.4839732677165354
11
0.1622746456692913
21
0.4830132677165354
0
LINE
8
BLACK
6
CONTINUOUS
10
0.1622746456692913
20
0.4830132677165354
11
0.1624529921259842
21
0.4821164960629921
0
LINE
8
BLACK
6
CONTINUOUS
10
0.1624529921259842
20
0.4821164960629921
11
0.1626551181102362
21
0.4816588188976378
0
LINE
8
BLACK
6
CONTINUOUS
10
0.1626551181102362
20
0.4816588188976378
11
0.1628105118110236
21
0.480319094488189
0
LINE
8
BLACK
6
CONTINUOUS
10
0.1628105118110236
20
0.480319094488189
11
0.1628740157480315
21
0.48
0
LINE
8
BLACK
6
CONTINUOUS
10
0.1628740157480315
20
0.48
11
0.1628740157480315
21
0.42
0
LINE
8
BLACK
6
CONTINUOUS
10
0.1628740157480315
20
0.42
11
0.1628105118110236
21
0.4196808661417323
0
LINE
8
BLACK
6
CONTINUOUS
10
0.1628105118110236
20
0.4196808661417323
11
0.1626551181102362
21
0.4183411417322834
0
LINE
8
BLACK
6
CONTINUOUS
10
0.1626551181102362
20
0.4183411417322834
11
0.1624529921259842
21
0.4178833858267716
0
LINE
8
BLACK
6
CONTINUOUS
10
0.1624529921259842
20
0.4178833858267716
11
0.1622746456692913
21
0.4169867322834646
0
LINE
8
BLACK
6
CONTINUOUS
10
0.1622746456692913
20
0.4169867322834646
11
0.161633188976378
21
0.4160267716535433
0
LINE
8
BLACK
6
CONTINUOUS
10
0.161633188976378
20
0.4160267716535433
11
0.1614397637795276
21
0.4155886614173228
0
LINE
8
BLACK
6
CONTINUOUS
10
0.1614397637795276
20
0.4155886614173228
11
0.1611404724409449
21
0.4152893700787402
0
LINE
8
BLACK
6
CONTINUOUS
10
0.1611404724409449
20
0.4152893700787402
11
0.1605677559055118
21
0.4144322440944882
0
LINE
8
BLACK
6
CONTINUOUS
10
0.1605677559055118
20
0.4144322440944882
11
0.1597105905511811
21
0.4138594881889764
0
LINE
8
BLACK
6
CONTINUOUS
10
0.1597105905511811
20
0.4138594881889764
11
0.1594112992125984
21
0.4135601968503937
0
LINE
8
BLACK
6
CONTINUOUS
10
0.1594112992125984
20
0.4135601968503937
11
0.1589731102362205
21
0.4133666929133858
0
LINE
8
BLACK
6
CONTINUOUS
10
0.1589731102362205
20
0.4133666929133858
11
0.1580132677165354
21
0.4127253543307087
0
LINE
8
BLACK
6
CONTINUOUS
10
0.1580132677165354
20
0.4127253543307087
11
0.1571166929133858
21
0.4125470078740157
0
LINE
8
BLACK
6
CONTINUOUS
10
0.1571166929133858
20
0.4125470078740157
11
0.1566588188976378
21
0.412344842519685
0
LINE
8
BLACK
6
CONTINUOUS
10
0.1566588188976378
20
0.412344842519685
11
0.1553186220472441
21
0.4121893307086614
0
LINE
8
BLACK
6
CONTINUOUS
10
0.1553186220472441
20
0.4121893307086614
11
0.155
21
0.4121259842519685
0
LINE
8
BLACK
6
CONTINUOUS
10
0.155
20
0.4121259842519685
11
0.1547723228346457
21
0.4121259842519685
0
LINE
8
BLACK
6
CONTINUOUS
10
0.1547723228346457
20
0.4121259842519685
11
0.0952277165354331
21
0.4121259842519685
0
LINE
8
BLACK
6
CONTINUOUS
10
0.0952277165354331
20
0.4121259842519685
11
0.095
21
0.4121259842519685
0
LINE
8
BLACK
6
CONTINUOUS
10
0.095
20
0.4121259842519685
11
0.0946813385826772
21
0.4121893307086614
0
LINE
8
BLACK
6
CONTINUOUS
10
0.0946813385826772
20
0.4121893307086614
11
0.0933411417322835
21
0.412344842519685
0
LINE
8
BLACK
6
CONTINUOUS
10
0.0933411417322835
20
0.412344842519685
11
0.0928832283464567
21
0.4125470078740157
0
LINE
8
BLACK
6
CONTINUOUS
10
0.0928832283464567
20
0.4125470078740157
11
0.0919867322834646
21
0.4127253543307087
0
LINE
8
BLACK
6
CONTINUOUS
10
0.0919867322834646
20
0.4127253543307087
11
0.0910269291338583
21
0.4133666535433071
0
LINE
8
BLACK
6
CONTINUOUS
10
0.0910269291338583
20
0.4133666535433071
11
0.0905886614173228
21
0.4135601968503937
0
LINE
8
BLACK
6
CONTINUOUS
10
0.0905886614173228
20
0.4135601968503937
11
0.0902892519685039
21
0.4138595669291338
0
LINE
8
BLACK
6
CONTINUOUS
10
0.0902892519685039
20
0.4138595669291338
11
0.0894322440944882
21
0.4144322440944882
0
LINE
8
BLACK
6
CONTINUOUS
10
0.0894322440944882
20
0.4144322440944882
11
0.0888595669291339
21
0.4152892519685039
0
LINE
8
BLACK
6
CONTINUOUS
10
0.0888595669291339
20
0.4152892519685039
11
0.0885601968503937
21
0.4155886614173228
0
LINE
8
BLACK
6
CONTINUOUS
10
0.0885601968503937
20
0.4155886614173228
11
0.0883666535433071
21
0.4160269291338582
0
LINE
8
BLACK
6
CONTINUOUS
10
0.0883666535433071
20
0.4160269291338582
11
0.0877253543307087
21
0.4169867322834646
0
LINE
8
BLACK
6
CONTINUOUS
10
0.0877253543307087
20
0.4169867322834646
11
0.0875470078740157
21
0.4178832283464567
0
LINE
8
BLACK
6
CONTINUOUS
10
0.0875470078740157
20
0.4178832283464567
11
0.087344842519685
21
0.4183411417322834
0
LINE
8
BLACK
6
CONTINUOUS
10
0.087344842519685
20
0.4183411417322834
11
0.0871893307086614
21
0.4196814173228346
0
LINE
8
BLACK
6
CONTINUOUS
10
0.0871893307086614
20
0.4196814173228346
11
0.0871259842519685
21
0.42
0
LINE
8
BLACK
6
CONTINUOUS
10
0.0871259842519685
20
0.42
11
0.0871259842519685
21
0.48
0
LINE
8
BLACK
6
CONTINUOUS
10
0.0871259842519685
20
0.48
11
0.0871893700787402
21
0.4803187007874016
0
LINE
8
BLACK
6
CONTINUOUS
10
0.0871893700787402
20
0.4803187007874016
11
0.087344842519685
21
0.4816588188976378
0
LINE
8
BLACK
6
CONTINUOUS
10
0.087344842519685
20
0.4816588188976378
11
0.0875470078740157
21
0.4821166929133858
0
LINE
8
BLACK
6
CONTINUOUS
10
0.0875470078740157
20
0.4821166929133858
11
0.0877253543307087
21
0.4830132677165354
0
LINE
8
BLACK
6
CONTINUOUS
10
0.0877253543307087
20
0.4830132677165354
11
0.0883666929133858
21
0.4839731102362205
0
LINE
8
BLACK
6
CONTINUOUS
10
0.0883666929133858
20
0.4839731102362205
11
0.0885601968503937
21
0.4844112992125984
0
LINE
8
BLACK
6
CONTINUOUS
10
0.0885601968503937
20
0.4844112992125984
11
0.0888594881889764
21
0.4847105905511811
0
LINE
8
BLACK
6
CONTINUOUS
10
0.0888594881889764
20
0.4847105905511811
11
0.0894322440944882
21
0.4855677559055118
0
LINE
8
BLACK
6
CONTINUOUS
10
0.0894322440944882
20
0.4855677559055118
11
0.0902893700787402
21
0.4861404724409449
0
LINE
8
BLACK
6
CONTINUOUS
10
0.0902893700787402
20
0.4861404724409449
11
0.0905886614173228
21
0.4864397637795275
0
LINE
8
BLACK
6
CONTINUOUS
10
0.0905886614173228
20
0.4864397637795275
11
0.0910267716535433
21
0.4866331889763779
0
LINE
8
BLACK
6
CONTINUOUS
10
0.0910267716535433
20
0.4866331889763779
11
0.0919867322834646
21
0.4872746456692914
0
LINE
8
BLACK
6
CONTINUOUS
10
0.0919867322834646
20
0.4872746456692914
11
0.0928833858267717
21
0.4874529921259843
0
LINE
8
BLACK
6
CONTINUOUS
10
0.0928833858267717
20
0.4874529921259843
11
0.0933411417322835
21
0.4876551181102362
0
LINE
8
BLACK
6
CONTINUOUS
10
0.0933411417322835
20
0.4876551181102362
11
0.0946809448818898
21
0.4878105511811023
0
LINE
8
BLACK
6
CONTINUOUS
10
0.0946809448818898
20
0.4878105511811023
11
0.095
21
0.4878740157480315
0
LINE
8
BLACK
6
CONTINUOUS
10
0.095
20
0.4878740157480315
11
0.155
21
0.4878740157480315
0
LINE
8
BLACK
6
CONTINUOUS
10
0.155
20
0.4878740157480315
11
0.1553191732283465
21
0.4878105118110236
0
LINE
8
BLACK
6
CONTINUOUS
10
0.1553191732283465
20
0.5878105118110236
11
0.1566588188976378
21
0.5876551181102362
0
LINE
8
BLACK
6
CONTINUOUS
10
0.1566588188976378
20
0.5876551181102362
11
0.1571164960629921
21
0.5874529921259842
0
LINE
8
BLACK
6
CONTINUOUS
10
0.1571164960629921
20
0.5874529921259842
11
0.1580132677165354
21
0.5872746456692913
0
LINE
8
BLACK
6
CONTINUOUS
10
0.1580132677165354
20
0.5872746456692913
11
0.1589732677165354
21
0.5866331496062992
0
LINE
8
BLACK
6
CONTINUOUS
10
0.1589732677165354
20
0.5866331496062992
11
0.1594112992125984
21
0.5864397637795276
0
LINE
8
BLACK
6
CONTINUOUS
10
0.1594112992125984
20
0.5864397637795276
11
0.1597104724409449
21
0.5861405511811023
0
LINE
8
BLACK
6
CONTINUOUS
10
0.1597104724409449
20
0.5861405511811023
11
0.1605677559055118
21
0.5855677559055118
0
LINE
8
BLACK
6
CONTINUOUS
10
0.1605677559055118
20
0.5855677559055118
11
0.1611405511811023
21
0.5847104724409449
0
LINE
8
BLACK
6
CONTINUOUS
10
0.1611405511811023
20
0.5847104724409449
11
0.1614397637795276
21
0.5844112992125984
0
LINE
8
BLACK
6
CONTINUOUS
10
0.1614397637795276
20
0.5844112992125984
11
0.1616331496062992
21
0.5839732677165355
0
LINE
8
BLACK
6
CONTINUOUS
10
0.1616331496062992
20
0.5839732677165355
11
0.1622746456692913
21
0.5830132677165354
0
LINE
8
BLACK
6
CONTINUOUS
10
0.1622746456692913
20
0.5830132677165354
11
0.1624529921259842
21
0.5821164960629921
0
LINE
8
BLACK
6
CONTINUOUS
10
0.1624529921259842
20
0.5821164960629921
11
0.1626551181102362
21
0.5816588188976378
0
LINE
8
BLACK
6
CONTINUOUS
10
0.1626551181102362
20
0.5816588188976378
11
0.1628105118110236
21
0.580319094488189
0
LINE
8
BLACK
6
CONTINUOUS
10
0.1628105118110236
20
0.580319094488189
11
0.1628740157480315
21
0.58
0
LINE
8
BLACK
6
CONTINUOUS
10
0.1628740157480315
20
0.58
11
0.1628740157480315
21
0.52
0
LINE
8
BLACK
6
CONTINUOUS
10
0.1628740157480315
20
0.52
11
0.1628105118110236
21
0.5196808661417323
0
LINE
8
BLACK
6
CONTINUOUS
10
0.1628105118110236
20
0.5196808661417323
11
0.1626551181102362
21
0.5183411417322834
0
LINE
8
BLACK
6
CONTINUOUS
10
0.1626551181102362
20
0.5183411417322834
11
0.1624529921259842
21
0.5178833858267716
0
LINE
8
BLACK
6
CONTINUOUS
10
0.1624529921259842
20
0.5178833858267716
11
0.1622746456692913
21
0.5169867322834646
0
LINE
8
BLACK
6
CONTINUOUS
10
0.1622746456692913
20
0.5169867322834646
11
0.161633188976378
21
0.5160267716535433
0
LINE
8
BLACK
6
CONTINUOUS
10
0.161633188976378
20
0.5160267716535433
11
0.1614397637795276
21
0.5155886614173228
0
LINE
8
BLACK
6
CONTINUOUS
10
0.1614397637795276
20
0.5155886614173228
11
0.1611404724409449
21
0.5152893700787401
0
LINE
8
BLACK
6
CONTINUOUS
10
0.1611404724409449
20
0.5152893700787401
11
0.1605677559055118
21
0.5144322440944882
0
LINE
8
BLACK
6
CONTINUOUS
10
0.1605677559055118
20
0.5144322440944882
11
0.1597105905511811
21
0.5138594881889764
0
LINE
8
BLACK
6
CONTINUOUS
10
0.1597105905511811
20
0.5138594881889764
11
0.1594112992125984
21
0.5135601968503937
0
LINE
8
BLACK
6
CONTINUOUS
10
0.1594112992125984
20
0.5135601968503937
11
0.1589731102362205
21
0.5133666929133858
0
LINE
8
BLACK
6
CONTINUOUS
10
0.1589731102362205
20
0.5133666929133858
11
0.1580132677165354
21
0.5127253543307086
0
LINE
8
BLACK
6
CONTINUOUS
10
0.1580132677165354
20
0.5127253543307086
11
0.1571166929133858
21
0.5125470078740157
0
LINE
8
BLACK
6
CONTINUOUS
10
0.1571166929133858
20
0.5125470078740157
11
0.1566588188976378
21
0.512344842519685
0
LINE
8
BLACK
6
CONTINUOUS
10
0.1566588188976378
20
0.512344842519685
11
0.1553186220472441
21
0.5121893307086615
0
LINE
8
BLACK
6
CONTINUOUS
10
0.1553186220472441
20
0.5121893307086615
11
0.155
21
0.5121259842519685
0
LINE
8
BLACK
6
CONTINUOUS
10
0.155
20
0.5121259842519685
11
0.1547723228346457
21
0.5121259842519685
0
LINE
8
BLACK
6
CONTINUOUS
10
0.1547723228346457
20
0.5121259842519685
11
0.0952277165354331
21
0.5121259842519685
0
LINE
8
BLACK
6
CONTINUOUS
10
0.0952277165354331
20
0.5121259842519685
11
0.095
21
0.5121259842519685
0
LINE
8
BLACK
6
CONTINUOUS
10
0.095
20
0.5121259842519685
11
0.0946813385826772
21
0.5121893307086615
0
LINE
8
BLACK
6
CONTINUOUS
10
0.0946813385826772
20
0.5121893307086615
11
0.0933411417322835
21
0.512344842519685
0
LINE
8
BLACK
6
CONTINUOUS
10
0.0933411417322835
20
0.512344842519685
11
0.0928832283464567
21
0.5125470078740157
0
LINE
8
BLACK
6
CONTINUOUS
10
0.0928832283464567
20
0.5125470078740157
11
0.0919867322834646
21
0.5127253543307086
0
LINE
8
BLACK
6
CONTINUOUS
10
0.0919867322834646
20
0.5127253543307086
11
0.0910269291338583
21
0.5133666535433071
0
LINE
8
BLACK
6
CONTINUOUS
10
0.0910269291338583
20
0.5133666535433071
11
0.0905886614173228
21
0.5135601968503937
0
LINE
8
BLACK
6
CONTINUOUS
10
0.0905886614173228
20
0.5135601968503937
11
0.0902892519685039
21
0.5138595669291338
0
LINE
8
BLACK
6
CONTINUOUS
10
0.0902892519685039
20
0.5138595669291338
11
0.0894322440944882
21
0.5144322440944882
0
LINE
8
BLACK
6
CONTINUOUS
10
0.0894322440944882
20
0.5144322440944882
11
0.0888595669291339
21
0.5152892519685039
0
LINE
8
BLACK
6
CONTINUOUS
10
0.0888595669291339
20
0.5152892519685039
11
0.0885601968503937
21
0.5155886614173228
0
LINE
8
BLACK
6
CONTINUOUS
10
0.0885601968503937
20
0.5155886614173228
11
0.0883666535433071
21
0.5160269291338583
0
LINE
8
BLACK
6
CONTINUOUS
10
0.0883666535433071
20
0.5160269291338583
11
0.0877253543307087
21
0.5169867322834646
0
LINE
8
BLACK
6
CONTINUOUS
10
0.0877253543307087
20
0.5169867322834646
11
0.0875470078740157
21
0.5178832283464567
0
LINE
8
BLACK
6
CONTINUOUS
10
0.0875470078740157
20
0.5178832283464567
11
0.087344842519685
21
0.5183411417322834
0
LINE
8
BLACK
6
CONTINUOUS
10
0.087344842519685
20
0.5183411417322834
11
0.0871893307086614
21
0.5196814173228347
0
LINE
8
BLACK
6
CONTINUOUS
10
0.0871893307086614
20
0.5196814173228347
11
0.0871259842519685
21
0.52
0
LINE
8
BLACK
6
CONTINUOUS
10
0.0871259842519685
20
0.52
11
0.0871259842519685
21
0.58
0
LINE
8
BLACK
6
CONTINUOUS
10
0.0871259842519685
20
0.58
11
0.0871893700787402
21
0.5803187007874016
0
LINE
8
BLACK
6
CONTINUOUS
10
0.0871893700787402
20
0.5803187007874016
11
0.087344842519685
21
0.5816588188976378
0
LINE
8
BLACK
6
CONTINUOUS
10
0.087344842519685
20
0.5816588188976378
11
0.0875470078740157
21
0.5821166929133859
0
LINE
8
BLACK
6
CONTINUOUS
10
0.0875470078740157
20
0.5821166929133859
11
0.0877253543307087
21
0.5830132677165354
0
LINE
8
BLACK
6
CONTINUOUS
10
0.0877253543307087
20
0.5830132677165354
11
0.0883666929133858
21
0.5839731102362204
0
LINE
8
BLACK
6
CONTINUOUS
10
0.0883666929133858
20
0.5839731102362204
11
0.0885601968503937
21
0.5844112992125984
0
LINE
8
BLACK
6
CONTINUOUS
10
0.0885601968503937
20
0.5844112992125984
11
0.0888594881889764
21
0.5847105905511811
0
LINE
8
BLACK
6
CONTINUOUS
10
0.0888594881889764
20
0.5847105905511811
11
0.0894322440944882
21
0.5855677559055118
0
LINE
8
BLACK
6
CONTINUOUS
10
0.0894322440944882
20
0.5855677559055118
11
0.0902893700787402
21
0.5861404724409449
0
LINE
8
BLACK
6
CONTINUOUS
10
0.0902893700787402
20
0.5861404724409449
11
0.0905886614173228
21
0.5864397637795276
0
LINE
8
BLACK
6
CONTINUOUS
10
0.0905886614173228
20
0.5864397637795276
11
0.0910267716535433
21
0.586633188976378
0
LINE
8
BLACK
6
CONTINUOUS
10
0.0910267716535433
20
0.586633188976378
11
0.0919867322834646
21
0.5872746456692913
0
LINE
8
BLACK
6
CONTINUOUS
10
0.0919867322834646
20
0.5872746456692913
11
0.0928833858267717
21
0.5874529921259842
0
LINE
8
BLACK
6
CONTINUOUS
10
0.0928833858267717
20
0.5874529921259842
11
0.0933411417322835
21
0.5876551181102362
0
LINE
8
BLACK
6
CONTINUOUS
10
0.0933411417322835
20
0.5876551181102362
11
0.0946809448818898
21
0.5878105511811024
0
LINE
8
BLACK
6
CONTINUOUS
10
0.0946809448818898
20
0.5878105511811024
11
0.095
21
0.5878740157480314
0
LINE
8
BLACK
6
CONTINUOUS
10
0.095
20
0.5878740157480314
11
0.155
21
0.5878740157480314
0
LINE
8
BLACK
6
CONTINUOUS
10
0.155
20
0.5878740157480314
11
0.1553191732283465
21
0.5878105118110236
0
LINE
8
BLACK
6
CONTINUOUS
10
0.2834687795275591
20
0.9328105118110236
11
0.2848084251968504
21
0.9326551181102362
0
LINE
8
BLACK
6
CONTINUOUS
10
0.2848084251968504
20
0.9326551181102362
11
0.2852661023622047
21
0.9324529921259842
0
LINE
8
BLACK
6
CONTINUOUS
10
0.2852661023622047
20
0.9324529921259842
11
0.286162874015748
21
0.9322746456692913
0
LINE
8
BLACK
6
CONTINUOUS
10
0.286162874015748
20
0.9322746456692913
11
0.287122874015748
21
0.9316331496062992
0
LINE
8
BLACK
6
CONTINUOUS
10
0.287122874015748
20
0.9316331496062992
11
0.287560905511811
21
0.9314397637795275
0
LINE
8
BLACK
6
CONTINUOUS
10
0.287560905511811
20
0.9314397637795275
11
0.2878600787401575
21
0.9311405511811024
0
LINE
8
BLACK
6
CONTINUOUS
10
0.2878600787401575
20
0.9311405511811024
11
0.2887173622047244
21
0.9305677559055118
0
LINE
8
BLACK
6
CONTINUOUS
10
0.2887173622047244
20
0.9305677559055118
11
0.2892901574803149
21
0.9297104724409448
0
LINE
8
BLACK
6
CONTINUOUS
10
0.2892901574803149
20
0.9297104724409448
11
0.2895893700787401
21
0.9294112992125984
0
LINE
8
BLACK
6
CONTINUOUS
10
0.2895893700787401
20
0.9294112992125984
11
0.2897827559055118
21
0.9289732677165354
0
LINE
8
BLACK
6
CONTINUOUS
10
0.2897827559055118
20
0.9289732677165354
11
0.2904242519685039
21
0.9280132677165354
0
LINE
8
BLACK
6
CONTINUOUS
10
0.2904242519685039
20
0.9280132677165354
11
0.2906025984251969
21
0.9271164960629921
0
LINE
8
BLACK
6
CONTINUOUS
10
0.2906025984251969
20
0.9271164960629921
11
0.2908047244094488
21
0.9266588188976378
0
LINE
8
BLACK
6
CONTINUOUS
10
0.2908047244094488
20
0.9266588188976378
11
0.2909601181102362
21
0.9253190944881889
0
LINE
8
BLACK
6
CONTINUOUS
10
0.2909601181102362
20
0.9253190944881889
11
0.2910236220472441
21
0.9249999999999999
0
LINE
8
BLACK
6
CONTINUOUS
10
0.2910236220472441
20
0.9249999999999999
11
0.2910236220472441
21
0.775
0
LINE
8
BLACK
6
CONTINUOUS
10
0.2910236220472441
20
0.775
11
0.2909601181102362
21
0.7746808661417323
0
LINE
8
BLACK
6
CONTINUOUS
10
0.2909601181102362
20
0.7746808661417323
11
0.2908047244094488
21
0.7733411417322834
0
LINE
8
BLACK
6
CONTINUOUS
10
0.2908047244094488
20
0.7733411417322834
11
0.2906025984251969
21
0.7728833858267716
0
LINE
8
BLACK
6
CONTINUOUS
10
0.2906025984251969
20
0.7728833858267716
11
0.2904242519685039
21
0.7719867322834646
0
LINE
8
BLACK
6
CONTINUOUS
10
0.2904242519685039
20
0.7719867322834646
11
0.2897827952755905
21
0.7710267716535433
0
LINE
8
BLACK
6
CONTINUOUS
10
0.2897827952755905
20
0.7710267716535433
11
0.2895893700787401
21
0.7705886614173229
0
LINE
8
BLACK
6
CONTINUOUS
10
0.2895893700787401
20
0.7705886614173229
11
0.2892900787401575
21
0.7702893700787401
0
LINE
8
BLACK
6
CONTINUOUS
10
0.2892900787401575
20
0.7702893700787401
11
0.2887173622047244
21
0.7694322440944882
0
LINE
8
BLACK
6
CONTINUOUS
10
0.2887173622047244
20
0.7694322440944882
11
0.2878601968503937
21
0.7688594881889763
0
LINE
8
BLACK
6
CONTINUOUS
10
0.2878601968503937
20
0.7688594881889763
11
0.287560905511811
21
0.7685601968503937
0
LINE
8
BLACK
6
CONTINUOUS
10
0.287560905511811
20
0.7685601968503937
11
0.2871227165354331
21
0.7683666929133858
0
LINE
8
BLACK
6
CONTINUOUS
10
0.2871227165354331
20
0.7683666929133858
11
0.286162874015748
21
0.7677253543307087
0
LINE
8
BLACK
6
CONTINUOUS
10
0.286162874015748
20
0.7677253543307087
11
0.2852662992125984
21
0.7675470078740158
0
LINE
8
BLACK
6
CONTINUOUS
10
0.2852662992125984
20
0.7675470078740158
11
0.2848084251968504
21
0.767344842519685
0
LINE
8
BLACK
6
CONTINUOUS
10
0.2848084251968504
20
0.767344842519685
11
0.2834682283464567
21
0.7671893307086614
0
LINE
8
BLACK
6
CONTINUOUS
10
0.2834682283464567
20
0.7671893307086614
11
0.2831496062992126
21
0.7671259842519685
0
LINE
8
BLACK
6
CONTINUOUS
10
0.2831496062992126
20
0.7671259842519685
11
0.2829219291338583
21
0.7671259842519685
0
LINE
8
BLACK
6
CONTINUOUS
10
0.2829219291338583
20
0.7671259842519685
11
0.1333773228346457
21
0.7671259842519685
0
LINE
8
BLACK
6
CONTINUOUS
10
0.1333773228346457
20
0.7671259842519685
11
0.1331496062992126
21
0.7671259842519685
0
LINE
8
BLACK
6
CONTINUOUS
10
0.1331496062992126
20
0.7671259842519685
11
0.1328309448818898
21
0.7671893307086614
0
LINE
8
BLACK
6
CONTINUOUS
10
0.1328309448818898
20
0.7671893307086614
11
0.131490748031496
21
0.767344842519685
0
LINE
8
BLACK
6
CONTINUOUS
10
0.131490748031496
20
0.767344842519685
11
0.1310328346456693
21
0.7675470078740158
0
LINE
8
BLACK
6
CONTINUOUS
10
0.1310328346456693
20
0.7675470078740158
11
0.1301363385826772
21
0.7677253543307087
0
LINE
8
BLACK
6
CONTINUOUS
10
0.1301363385826772
20
0.7677253543307087
11
0.1291765354330709
21
0.768366653543307
0
LINE
8
BLACK
6
CONTINUOUS
10
0.1291765354330709
20
0.768366653543307
11
0.1287382677165354
21
0.7685601968503937
0
LINE
8
BLACK
6
CONTINUOUS
10
0.1287382677165354
20
0.7685601968503937
11
0.1284388582677165
21
0.7688595669291338
0
LINE
8
BLACK
6
CONTINUOUS
10
0.1284388582677165
20
0.7688595669291338
11
0.1275818503937008
21
0.7694322440944882
0
LINE
8
BLACK
6
CONTINUOUS
10
0.1275818503937008
20
0.7694322440944882
11
0.1270091732283465
21
0.770289251968504
0
LINE
8
BLACK
6
CONTINUOUS
10
0.1270091732283465
20
0.770289251968504
11
0.1267098031496063
21
0.7705886614173229
0
LINE
8
BLACK
6
CONTINUOUS
10
0.1267098031496063
20
0.7705886614173229
11
0.1265162598425197
21
0.7710269291338583
0
LINE
8
BLACK
6
CONTINUOUS
10
0.1265162598425197
20
0.7710269291338583
11
0.1258749606299213
21
0.7719867322834646
0
LINE
8
BLACK
6
CONTINUOUS
10
0.1258749606299213
20
0.7719867322834646
11
0.1256966141732283
21
0.7728832283464567
0
LINE
8
BLACK
6
CONTINUOUS
10
0.1256966141732283
20
0.7728832283464567
11
0.1254944488188976
21
0.7733411417322834
0
LINE
8
BLACK
6
CONTINUOUS
10
0.1254944488188976
20
0.7733411417322834
11
0.125338937007874
21
0.7746814173228346
0
LINE
8
BLACK
6
CONTINUOUS
10
0.125338937007874
20
0.7746814173228346
11
0.1252755905511811
21
0.775
0
LINE
8
BLACK
6
CONTINUOUS
10
0.1252755905511811
20
0.775
11
0.1252755905511811
21
0.9249999999999999
0
LINE
8
BLACK
6
CONTINUOUS
10
0.1252755905511811
20
0.9249999999999999
11
0.1253389763779527
21
0.9253187007874015
0
LINE
8
BLACK
6
CONTINUOUS
10
0.1253389763779527
20
0.9253187007874015
11
0.1254944488188976
21
0.9266588188976378
0
LINE
8
BLACK
6
CONTINUOUS
10
0.1254944488188976
20
0.9266588188976378
11
0.1256966141732283
21
0.9271166929133858
0
LINE
8
BLACK
6
CONTINUOUS
10
0.1256966141732283
20
0.9271166929133858
11
0.1258749606299213
21
0.9280132677165354
0
LINE
8
BLACK
6
CONTINUOUS
10
0.1258749606299213
20
0.9280132677165354
11
0.1265162992125984
21
0.9289731102362204
0
LINE
8
BLACK
6
CONTINUOUS
10
0.1265162992125984
20
0.9289731102362204
11
0.1267098031496063
21
0.9294112992125984
0
LINE
8
BLACK
6
CONTINUOUS
10
0.1267098031496063
20
0.9294112992125984
11
0.127009094488189
21
0.9297105905511811
0
LINE
8
BLACK
6
CONTINUOUS
10
0.127009094488189
20
0.9297105905511811
11
0.1275818503937008
21
0.9305677559055118
0
LINE
8
BLACK
6
CONTINUOUS
10
0.1275818503937008
20
0.9305677559055118
11
0.1284389763779528
21
0.9311404724409449
0
LINE
8
BLACK
6
CONTINUOUS
10
0.1284389763779528
20
0.9311404724409449
11
0.1287382677165354
21
0.9314397637795275
0
LINE
8
BLACK
6
CONTINUOUS
10
0.1287382677165354
20
0.9314397637795275
11
0.1291763779527559
21
0.9316331889763779
0
LINE
8
BLACK
6
CONTINUOUS
10
0.1291763779527559
20
0.9316331889763779
11
0.1301363385826772
21
0.9322746456692913
0
LINE
8
BLACK
6
CONTINUOUS
10
0.1301363385826772
20
0.9322746456692913
11
0.1310329921259842
21
0.9324529921259842
0
LINE
8
BLACK
6
CONTINUOUS
10
0.1310329921259842
20
0.9324529921259842
11
0.131490748031496
21
0.9326551181102362
0
LINE
8
BLACK
6
CONTINUOUS
10
0.131490748031496
20
0.9326551181102362
11
0.1328305511811023
21
0.9328105511811023
0
LINE
8
BLACK
6
CONTINUOUS
10
0.1328305511811023
20
0.9328105511811023
11
0.1331496062992126
21
0.9328740157480315
0
LINE
8
BLACK
6
CONTINUOUS
10
0.1331496062992126
20
0.9328740157480315
11
0.2831496062992126
21
0.9328740157480315
0
LINE
8
BLACK
6
CONTINUOUS
10
0.2831496062992126
20
0.9328740157480315
11
0.2834687795275591
21
0.9328105118110236
0
LINE
8
BLACK
6
CONTINUOUS
10
0.4803191732283464
20
0.9328105118110236
11
0.4816588188976378
21
0.9326551181102362
0
LINE
8
BLACK
6
CONTINUOUS
10
0.4816588188976378
20
0.9326551181102362
11
0.4821164960629921
21
0.9324529921259842
0
LINE
8
BLACK
6
CONTINUOUS
10
0.4821164960629921
20
0.9324529921259842
11
0.4830132677165354
21
0.9322746456692913
0
LINE
8
BLACK
6
CONTINUOUS
10
0.4830132677165354
20
0.9322746456692913
11
0.4839732677165354
21
0.9316331496062992
0
LINE
8
BLACK
6
CONTINUOUS
10
0.4839732677165354
20
0.9316331496062992
11
0.4844112992125984
21
0.9314397637795275
0
LINE
8
BLACK
6
CONTINUOUS
10
0.4844112992125984
20
0.9314397637795275
11
0.4847104724409449
21
0.9311405511811024
0
LINE
8
BLACK
6
CONTINUOUS
10
0.4847104724409449
20
0.9311405511811024
11
0.4855677559055118
21
0.9305677559055118
0
LINE
8
BLACK
6
CONTINUOUS
10
0.4855677559055118
20
0.9305677559055118
11
0.4861405511811023
21
0.9297104724409448
0
LINE
8
BLACK
6
CONTINUOUS
10
0.4861405511811023
20
0.9297104724409448
11
0.4864397637795275
21
0.9294112992125984
0
LINE
8
BLACK
6
CONTINUOUS
10
0.4864397637795275
20
0.9294112992125984
11
0.4866331496062992
21
0.9289732677165354
0
LINE
8
BLACK
6
CONTINUOUS
10
0.4866331496062992
20
0.9289732677165354
11
0.4872746456692914
21
0.9280132677165354
0
LINE
8
BLACK
6
CONTINUOUS
10
0.4872746456692914
20
0.9280132677165354
11
0.4874529921259843
21
0.9271164960629921
0
LINE
8
BLACK
6
CONTINUOUS
10
0.4874529921259843
20
0.9271164960629921
11
0.4876551181102362
21
0.9266588188976378
0
LINE
8
BLACK
6
CONTINUOUS
10
0.4876551181102362
20
0.9266588188976378
11
0.4878105118110236
21
0.9253190944881889
0
LINE
8
BLACK
6
CONTINUOUS
10
0.4878105118110236
20
0.9253190944881889
11
0.4878740157480315
21
0.9249999999999999
0
LINE
8
BLACK
6
CONTINUOUS
10
0.4878740157480315
20
0.9249999999999999
11
0.4878740157480315
21
0.775
0
LINE
8
BLACK
6
CONTINUOUS
10
0.4878740157480315
20
0.775
11
0.4878105118110236
21
0.7746808661417323
0
LINE
8
BLACK
6
CONTINUOUS
10
0.4878105118110236
20
0.7746808661417323
11
0.4876551181102362
21
0.7733411417322834
0
LINE
8
BLACK
6
CONTINUOUS
10
0.4876551181102362
20
0.7733411417322834
11
0.4874529921259843
21
0.7728833858267716
0
LINE
8
BLACK
6
CONTINUOUS
10
0.4874529921259843
20
0.7728833858267716
11
0.4872746456692914
21
0.7719867322834646
0
LINE
8
BLACK
6
CONTINUOUS
10
0.4872746456692914
20
0.7719867322834646
11
0.4866331889763779
21
0.7710267716535433
0
LINE
8
BLACK
6
CONTINUOUS
10
0.4866331889763779
20
0.7710267716535433
11
0.4864397637795275
21
0.7705886614173229
0
LINE
8
BLACK
6
CONTINUOUS
10
0.4864397637795275
20
0.7705886614173229
11
0.4861404724409449
21
0.7702893700787401
0
LINE
8
BLACK
6
CONTINUOUS
10
0.4861404724409449
20
0.7702893700787401
11
0.4855677559055118
21
0.7694322440944882
0
LINE
8
BLACK
6
CONTINUOUS
10
0.4855677559055118
20
0.7694322440944882
11
0.4847105905511811
21
0.7688594881889763
0
LINE
8
BLACK
6
CONTINUOUS
10
0.4847105905511811
20
0.7688594881889763
11
0.4844112992125984
21
0.7685601968503937
0
LINE
8
BLACK
6
CONTINUOUS
10
0.4844112992125984
20
0.7685601968503937
11
0.4839731102362205
21
0.7683666929133858
0
LINE
8
BLACK
6
CONTINUOUS
10
0.4839731102362205
20
0.7683666929133858
11
0.4830132677165354
21
0.7677253543307087
0
LINE
8
BLACK
6
CONTINUOUS
10
0.4830132677165354
20
0.7677253543307087
11
0.4821166929133858
21
0.7675470078740158
0
LINE
8
BLACK
6
CONTINUOUS
10
0.4821166929133858
20
0.7675470078740158
11
0.4816588188976378
21
0.767344842519685
0
LINE
8
BLACK
6
CONTINUOUS
10
0.4816588188976378
20
0.767344842519685
11
0.4803186220472441
21
0.7671893307086614
0
LINE
8
BLACK
6
CONTINUOUS
10
0.4803186220472441
20
0.7671893307086614
11
0.48
21
0.7671259842519685
0
LINE
8
BLACK
6
CONTINUOUS
10
0.48
20
0.7671259842519685
11
0.4797723228346457
21
0.7671259842519685
0
LINE
8
BLACK
6
CONTINUOUS
10
0.4797723228346457
20
0.7671259842519685
11
0.330227716535433
21
0.7671259842519685
0
LINE
8
BLACK
6
CONTINUOUS
10
0.330227716535433
20
0.7671259842519685
11
0.33
21
0.7671259842519685
0
LINE
8
BLACK
6
CONTINUOUS
10
0.33
20
0.7671259842519685
11
0.3296813385826772
21
0.7671893307086614
0
LINE
8
BLACK
6
CONTINUOUS
10
0.3296813385826772
20
0.7671893307086614
11
0.3283411417322835
21
0.767344842519685
0
LINE
8
BLACK
6
CONTINUOUS
10
0.3283411417322835
20
0.767344842519685
11
0.3278832283464567
21
0.7675470078740158
0
LINE
8
BLACK
6
CONTINUOUS
10
0.3278832283464567
20
0.7675470078740158
11
0.3269867322834645
21
0.7677253543307087
0
LINE
8
BLACK
6
CONTINUOUS
10
0.3269867322834645
20
0.7677253543307087
11
0.3260269291338583
21
0.768366653543307
0
LINE
8
BLACK
6
CONTINUOUS
10
0.3260269291338583
20
0.768366653543307
11
0.3255886614173228
21
0.7685601968503937
0
LINE
8
BLACK
6
CONTINUOUS
10
0.3255886614173228
20
0.7685601968503937
11
0.3252892519685039
21
0.7688595669291338
0
LINE
8
BLACK
6
CONTINUOUS
10
0.3252892519685039
20
0.7688595669291338
11
0.3244322440944882
21
0.7694322440944882
0
LINE
8
BLACK
6
CONTINUOUS
10
0.3244322440944882
20
0.7694322440944882
11
0.3238595669291339
21
0.770289251968504
0
LINE
8
BLACK
6
CONTINUOUS
10
0.3238595669291339
20
0.770289251968504
11
0.3235601968503937
21
0.7705886614173229
0
LINE
8
BLACK
6
CONTINUOUS
10
0.3235601968503937
20
0.7705886614173229
11
0.3233666535433071
21
0.7710269291338583
0
LINE
8
BLACK
6
CONTINUOUS
10
0.3233666535433071
20
0.7710269291338583
11
0.3227253543307086
21
0.7719867322834646
0
LINE
8
BLACK
6
CONTINUOUS
10
0.3227253543307086
20
0.7719867322834646
11
0.3225470078740157
21
0.7728832283464567
0
LINE
8
BLACK
6
CONTINUOUS
10
0.3225470078740157
20
0.7728832283464567
11
0.322344842519685
21
0.7733411417322834
0
LINE
8
BLACK
6
CONTINUOUS
10
0.322344842519685
20
0.7733411417322834
11
0.3221893307086614
21
0.7746814173228346
0
LINE
8
BLACK
6
CONTINUOUS
10
0.3221893307086614
20
0.7746814173228346
11
0.3221259842519685
21
0.775
0
LINE
8
BLACK
6
CONTINUOUS
10
0.3221259842519685
20
0.775
11
0.3221259842519685
21
0.9249999999999999
0
LINE
8
BLACK
6
CONTINUOUS
10
0.3221259842519685
20
0.9249999999999999
11
0.3221893700787402
21
0.9253187007874015
0
LINE
8
BLACK
6
CONTINUOUS
10
0.3221893700787402
20
0.9253187007874015
11
0.322344842519685
21
0.9266588188976378
0
LINE
8
BLACK
6
CONTINUOUS
10
0.322344842519685
20
0.9266588188976378
11
0.3225470078740157
21
0.9271166929133858
0
LINE
8
BLACK
6
CONTINUOUS
10
0.3225470078740157
20
0.9271166929133858
11
0.3227253543307086
21
0.9280132677165354
0
LINE
8
BLACK
6
CONTINUOUS
10
0.3227253543307086
20
0.9280132677165354
11
0.3233666929133858
21
0.9289731102362204
0
LINE
8
BLACK
6
CONTINUOUS
10
0.3233666929133858
20
0.9289731102362204
11
0.3235601968503937
21
0.9294112992125984
0
LINE
8
BLACK
6
CONTINUOUS
10
0.3235601968503937
20
0.9294112992125984
11
0.3238594881889764
21
0.9297105905511811
0
LINE
8
BLACK
6
CONTINUOUS
10
0.3238594881889764
20
0.9297105905511811
11
0.3244322440944882
21
0.9305677559055118
0
LINE
8
BLACK
6
CONTINUOUS
10
0.3244322440944882
20
0.9305677559055118
11
0.3252893700787401
21
0.9311404724409449
0
LINE
8
BLACK
6
CONTINUOUS
10
0.3252893700787401
20
0.9311404724409449
11
0.3255886614173228
21
0.9314397637795275
0
LINE
8
BLACK
6
CONTINUOUS
10
0.3255886614173228
20
0.9314397637795275
11
0.3260267716535433
21
0.9316331889763779
0
LINE
8
BLACK
6
CONTINUOUS
10
0.3260267716535433
20
0.9316331889763779
11
0.3269867322834645
21
0.9322746456692913
0
LINE
8
BLACK
6
CONTINUOUS
10
0.3269867322834645
20
0.9322746456692913
11
0.3278833858267716
21
0.9324529921259842
0
LINE
8
BLACK
6
CONTINUOUS
10
0.3278833858267716
20
0.9324529921259842
11
0.3283411417322835
21
0.9326551181102362
0
LINE
8
BLACK
6
CONTINUOUS
10
0.3283411417322835
20
0.9326551181102362
11
0.3296809448818898
21
0.9328105511811023
0
LINE
8
BLACK
6
CONTINUOUS
10
0.3296809448818898
20
0.9328105511811023
11
0.33
21
0.9328740157480315
0
LINE
8
BLACK
6
CONTINUOUS
10
0.33
20
0.9328740157480315
11
0.48
21
0.9328740157480315
0
LINE
8
BLACK
6
CONTINUOUS
10
0.48
20
0.9328740157480315
11
0.4803191732283464
21
0.9328105118110236
0
LINE
8
BLACK
6
CONTINUOUS
10
1.6653191732283463
20
0.9328105118110236
11
1.6666588188976377
21
0.9326551181102362
0
LINE
8
BLACK
6
CONTINUOUS
10
1.6666588188976377
20
0.9326551181102362
11
1.6671164960629921
21
0.9324529921259842
0
LINE
8
BLACK
6
CONTINUOUS
10
1.6671164960629921
20
0.9324529921259842
11
1.6680132677165354
21
0.9322746456692913
0
LINE
8
BLACK
6
CONTINUOUS
10
1.6680132677165354
20
0.9322746456692913
11
1.6689732677165354
21
0.9316331496062992
0
LINE
8
BLACK
6
CONTINUOUS
10
1.6689732677165354
20
0.9316331496062992
11
1.6694112992125985
21
0.9314397637795275
0
LINE
8
BLACK
6
CONTINUOUS
10
1.6694112992125985
20
0.9314397637795275
11
1.6697104724409448
21
0.9311405511811024
0
LINE
8
BLACK
6
CONTINUOUS
10
1.6697104724409448
20
0.9311405511811024
11
1.6705677559055119
21
0.9305677559055118
0
LINE
8
BLACK
6
CONTINUOUS
10
1.6705677559055119
20
0.9305677559055118
11
1.6711405511811024
21
0.9297104724409448
0
LINE
8
BLACK
6
CONTINUOUS
10
1.6711405511811024
20
0.9297104724409448
11
1.6714397637795275
21
0.9294112992125984
0
LINE
8
BLACK
6
CONTINUOUS
10
1.6714397637795275
20
0.9294112992125984
11
1.6716331496062993
21
0.9289732677165354
0
LINE
8
BLACK
6
CONTINUOUS
10
1.6716331496062993
20
0.9289732677165354
11
1.6722746456692914
21
0.9280132677165354
0
LINE
8
BLACK
6
CONTINUOUS
10
1.6722746456692914
20
0.9280132677165354
11
1.6724529921259843
21
0.9271164960629921
0
LINE
8
BLACK
6
CONTINUOUS
10
1.6724529921259843
20
0.9271164960629921
11
1.6726551181102363
21
0.9266588188976378
0
LINE
8
BLACK
6
CONTINUOUS
10
1.6726551181102363
20
0.9266588188976378
11
1.6728105118110237
21
0.9253190944881889
0
LINE
8
BLACK
6
CONTINUOUS
10
1.6728105118110237
20
0.9253190944881889
11
1.6728740157480315
21
0.9249999999999999
0
LINE
8
BLACK
6
CONTINUOUS
10
1.6728740157480315
20
0.9249999999999999
11
1.6728740157480315
21
0.775
0
LINE
8
BLACK
6
CONTINUOUS
10
1.6728740157480315
20
0.775
11
1.6728105118110237
21
0.7746808661417323
0
LINE
8
BLACK
6
CONTINUOUS
10
1.6728105118110237
20
0.7746808661417323
11
1.6726551181102363
21
0.7733411417322834
0
LINE
8
BLACK
6
CONTINUOUS
10
1.6726551181102363
20
0.7733411417322834
11
1.6724529921259843
21
0.7728833858267716
0
LINE
8
BLACK
6
CONTINUOUS
10
1.6724529921259843
20
0.7728833858267716
11
1.6722746456692914
21
0.7719867322834646
0
LINE
8
BLACK
6
CONTINUOUS
10
1.6722746456692914
20
0.7719867322834646
11
1.6716331889763778
21
0.7710267716535433
0
LINE
8
BLACK
6
CONTINUOUS
10
1.6716331889763778
20
0.7710267716535433
11
1.6714397637795275
21
0.7705886614173229
0
LINE
8
BLACK
6
CONTINUOUS
10
1.6714397637795275
20
0.7705886614173229
11
1.6711404724409449
21
0.7702893700787401
0
LINE
8
BLACK
6
CONTINUOUS
10
1.6711404724409449
20
0.7702893700787401
11
1.6705677559055119
21
0.7694322440944882
0
LINE
8
BLACK
6
CONTINUOUS
10
1.6705677559055119
20
0.7694322440944882
11
1.6697105905511811
21
0.7688594881889763
0
LINE
8
BLACK
6
CONTINUOUS
10
1.6697105905511811
20
0.7688594881889763
11
1.6694112992125985
21
0.7685601968503937
0
LINE
8
BLACK
6
CONTINUOUS
10
1.6694112992125985
20
0.7685601968503937
11
1.6689731102362204
21
0.7683666929133858
0
LINE
8
BLACK
6
CONTINUOUS
10
1.6689731102362204
20
0.7683666929133858
11
1.6680132677165354
21
0.7677253543307087
0
LINE
8
BLACK
6
CONTINUOUS
10
1.6680132677165354
20
0.7677253543307087
11
1.6671166929133858
21
0.7675470078740158
0
LINE
8
BLACK
6
CONTINUOUS
10
1.6671166929133858
20
0.7675470078740158
11
1.6666588188976377
21
0.767344842519685
0
LINE
8
BLACK
6
CONTINUOUS
10
1.6666588188976377
20
0.767344842519685
11
1.665318622047244
21
0.7671893307086614
0
LINE
8
BLACK
6
CONTINUOUS
10
1.665318622047244
20
0.7671893307086614
11
1.665
21
0.7671259842519685
0
LINE
8
BLACK
6
CONTINUOUS
10
1.665
20
0.7671259842519685
11
1.6647723228346456
21
0.7671259842519685
0
LINE
8
BLACK
6
CONTINUOUS
10
1.6647723228346456
20
0.7671259842519685
11
1.5152277165354331
21
0.7671259842519685
0
LINE
8
BLACK
6
CONTINUOUS
10
1.5152277165354331
20
0.7671259842519685
11
1.5149999999999999
21
0.7671259842519685
0
LINE
8
BLACK
6
CONTINUOUS
10
1.5149999999999999
20
0.7671259842519685
11
1.5146813385826772
21
0.7671893307086614
0
LINE
8
BLACK
6
CONTINUOUS
10
1.5146813385826772
20
0.7671893307086614
11
1.5133411417322835
21
0.767344842519685
0
LINE
8
BLACK
6
CONTINUOUS
10
1.5133411417322835
20
0.767344842519685
11
1.5128832283464566
21
0.7675470078740158
0
LINE
8
BLACK
6
CONTINUOUS
10
1.5128832283464566
20
0.7675470078740158
11
1.5119867322834646
21
0.7677253543307087
0
LINE
8
BLACK
6
CONTINUOUS
10
1.5119867322834646
20
0.7677253543307087
11
1.5110269291338583
21
0.768366653543307
0
LINE
8
BLACK
6
CONTINUOUS
10
1.5110269291338583
20
0.768366653543307
11
1.5105886614173227
21
0.7685601968503937
0
LINE
8
BLACK
6
CONTINUOUS
10
1.5105886614173227
20
0.7685601968503937
11
1.5102892519685038
21
0.7688595669291338
0
LINE
8
BLACK
6
CONTINUOUS
10
1.5102892519685038
20
0.7688595669291338
11
1.5094322440944881
21
0.7694322440944882
0
LINE
8
BLACK
6
CONTINUOUS
10
1.5094322440944881
20
0.7694322440944882
11
1.5088595669291338
21
0.770289251968504
0
LINE
8
BLACK
6
CONTINUOUS
10
1.5088595669291338
20
0.770289251968504
11
1.5085601968503937
21
0.7705886614173229
0
LINE
8
BLACK
6
CONTINUOUS
10
1.5085601968503937
20
0.7705886614173229
11
1.5083666535433071
21
0.7710269291338583
0
LINE
8
BLACK
6
CONTINUOUS
10
1.5083666535433071
20
0.7710269291338583
11
1.5077253543307085
21
0.7719867322834646
0
LINE
8
BLACK
6
CONTINUOUS
10
1.5077253543307085
20
0.7719867322834646
11
1.5075470078740156
21
0.7728832283464567
0
LINE
8
BLACK
6
CONTINUOUS
10
1.5075470078740156
20
0.7728832283464567
11
1.5073448425196849
21
0.7733411417322834
0
LINE
8
BLACK
6
CONTINUOUS
10
1.5073448425196849
20
0.7733411417322834
11
1.5071893307086615
21
0.7746814173228346
0
LINE
8
BLACK
6
CONTINUOUS
10
1.5071893307086615
20
0.7746814173228346
11
1.5071259842519684
21
0.775
0
LINE
8
BLACK
6
CONTINUOUS
10
1.5071259842519684
20
0.775
11
1.5071259842519684
21
0.9249999999999999
0
LINE
8
BLACK
6
CONTINUOUS
10
1.5071259842519684
20
0.9249999999999999
11
1.5071893700787402
21
0.9253187007874015
0
LINE
8
BLACK
6
CONTINUOUS
10
1.5071893700787402
20
0.9253187007874015
11
1.5073448425196849
21
0.9266588188976378
0
LINE
8
BLACK
6
CONTINUOUS
10
1.5073448425196849
20
0.9266588188976378
11
1.5075470078740156
21
0.9271166929133858
0
LINE
8
BLACK
6
CONTINUOUS
10
1.5075470078740156
20
0.9271166929133858
11
1.5077253543307085
21
0.9280132677165354
0
LINE
8
BLACK
6
CONTINUOUS
10
1.5077253543307085
20
0.9280132677165354
11
1.5083666929133859
21
0.9289731102362204
0
LINE
8
BLACK
6
CONTINUOUS
10
1.5083666929133859
20
0.9289731102362204
11
1.5085601968503937
21
0.9294112992125984
0
LINE
8
BLACK
6
CONTINUOUS
10
1.5085601968503937
20
0.9294112992125984
11
1.5088594881889763
21
0.9297105905511811
0
LINE
8
BLACK
6
CONTINUOUS
10
1.5088594881889763
20
0.9297105905511811
11
1.5094322440944881
21
0.9305677559055118
0
LINE
8
BLACK
6
CONTINUOUS
10
1.5094322440944881
20
0.9305677559055118
11
1.5102893700787401
21
0.9311404724409449
0
LINE
8
BLACK
6
CONTINUOUS
10
1.5102893700787401
20
0.9311404724409449
11
1.5105886614173227
21
0.9314397637795275
0
LINE
8
BLACK
6
CONTINUOUS
10
1.5105886614173227
20
0.9314397637795275
11
1.5110267716535433
21
0.9316331889763779
0
LINE
8
BLACK
6
CONTINUOUS
10
1.5110267716535433
20
0.9316331889763779
11
1.5119867322834646
21
0.9322746456692913
0
LINE
8
BLACK
6
CONTINUOUS
10
1.5119867322834646
20
0.9322746456692913
11
1.5128833858267716
21
0.9324529921259842
0
LINE
8
BLACK
6
CONTINUOUS
10
1.5128833858267716
20
0.9324529921259842
11
1.5133411417322835
21
0.9326551181102362
0
LINE
8
BLACK
6
CONTINUOUS
10
1.5133411417322835
20
0.9326551181102362
11
1.5146809448818896
21
0.9328105511811023
0
LINE
8
BLACK
6
CONTINUOUS
10
1.5146809448818896
20
0.9328105511811023
11
1.5149999999999999
21
0.9328740157480315
0
LINE
8
BLACK
6
CONTINUOUS
10
1.5149999999999999
20
0.9328740157480315
11
1.665
21
0.9328740157480315
0
LINE
8
BLACK
6
CONTINUOUS
10
1.665
20
0.9328740157480315
11
1.6653191732283463
21
0.9328105118110236
0
LINE
8
BLACK
6
CONTINUOUS
10
1.8621695669291338
20
0.9328105118110236
11
1.8635092125984252
21
0.9326551181102362
0
LINE
8
BLACK
6
CONTINUOUS
10
1.8635092125984252
20
0.9326551181102362
11
1.8639668897637796
21
0.9324529921259842
0
LINE
8
BLACK
6
CONTINUOUS
10
1.8639668897637796
20
0.9324529921259842
11
1.8648636614173228
21
0.9322746456692913
0
LINE
8
BLACK
6
CONTINUOUS
10
1.8648636614173228
20
0.9322746456692913
11
1.8658236614173227
21
0.9316331496062992
0
LINE
8
BLACK
6
CONTINUOUS
10
1.8658236614173227
20
0.9316331496062992
11
1.8662616929133857
21
0.9314397637795275
0
LINE
8
BLACK
6
CONTINUOUS
10
1.8662616929133857
20
0.9314397637795275
11
1.8665608661417323
21
0.9311405511811024
0
LINE
8
BLACK
6
CONTINUOUS
10
1.8665608661417323
20
0.9311405511811024
11
1.8674181496062991
21
0.9305677559055118
0
LINE
8
BLACK
6
CONTINUOUS
10
1.8674181496062991
20
0.9305677559055118
11
1.8679909448818897
21
0.9297104724409448
0
LINE
8
BLACK
6
CONTINUOUS
10
1.8679909448818897
20
0.9297104724409448
11
1.868290157480315
21
0.9294112992125984
0
LINE
8
BLACK
6
CONTINUOUS
10
1.868290157480315
20
0.9294112992125984
11
1.8684835433070865
21
0.9289732677165354
0
LINE
8
BLACK
6
CONTINUOUS
10
1.8684835433070865
20
0.9289732677165354
11
1.8691250393700787
21
0.9280132677165354
0
LINE
8
BLACK
6
CONTINUOUS
10
1.8691250393700787
20
0.9280132677165354
11
1.8693033858267716
21
0.9271164960629921
0
LINE
8
BLACK
6
CONTINUOUS
10
1.8693033858267716
20
0.9271164960629921
11
1.8695055118110235
21
0.9266588188976378
0
LINE
8
BLACK
6
CONTINUOUS
10
1.8695055118110235
20
0.9266588188976378
11
1.869660905511811
21
0.9253190944881889
0
LINE
8
BLACK
6
CONTINUOUS
10
1.869660905511811
20
0.9253190944881889
11
1.8697244094488188
21
0.9249999999999999
0
LINE
8
BLACK
6
CONTINUOUS
10
1.8697244094488188
20
0.9249999999999999
11
1.8697244094488188
21
0.775
0
LINE
8
BLACK
6
CONTINUOUS
10
1.8697244094488188
20
0.775
11
1.869660905511811
21
0.7746808661417323
0
LINE
8
BLACK
6
CONTINUOUS
10
1.869660905511811
20
0.7746808661417323
11
1.8695055118110235
21
0.7733411417322834
0
LINE
8
BLACK
6
CONTINUOUS
10
1.8695055118110235
20
0.7733411417322834
11
1.8693033858267716
21
0.7728833858267716
0
LINE
8
BLACK
6
CONTINUOUS
10
1.8693033858267716
20
0.7728833858267716
11
1.8691250393700787
21
0.7719867322834646
0
LINE
8
BLACK
6
CONTINUOUS
10
1.8691250393700787
20
0.7719867322834646
11
1.8684835826771653
21
0.7710267716535433
0
LINE
8
BLACK
6
CONTINUOUS
10
1.8684835826771653
20
0.7710267716535433
11
1.868290157480315
21
0.7705886614173229
0
LINE
8
BLACK
6
CONTINUOUS
10
1.868290157480315
20
0.7705886614173229
11
1.8679908661417322
21
0.7702893700787401
0
LINE
8
BLACK
6
CONTINUOUS
10
1.8679908661417322
20
0.7702893700787401
11
1.8674181496062991
21
0.7694322440944882
0
LINE
8
BLACK
6
CONTINUOUS
10
1.8674181496062991
20
0.7694322440944882
11
1.8665609842519684
21
0.7688594881889763
0
LINE
8
BLACK
6
CONTINUOUS
10
1.8665609842519684
20
0.7688594881889763
11
1.8662616929133857
21
0.7685601968503937
0
LINE
8
BLACK
6
CONTINUOUS
10
1.8662616929133857
20
0.7685601968503937
11
1.8658235039370079
21
0.7683666929133858
0
LINE
8
BLACK
6
CONTINUOUS
10
1.8658235039370079
20
0.7683666929133858
11
1.8648636614173228
21
0.7677253543307087
0
LINE
8
BLACK
6
CONTINUOUS
10
1.8648636614173228
20
0.7677253543307087
11
1.8639670866141731
21
0.7675470078740158
0
LINE
8
BLACK
6
CONTINUOUS
10
1.8639670866141731
20
0.7675470078740158
11
1.8635092125984252
21
0.767344842519685
0
LINE
8
BLACK
6
CONTINUOUS
10
1.8635092125984252
20
0.767344842519685
11
1.8621690157480315
21
0.7671893307086614
0
LINE
8
BLACK
6
CONTINUOUS
10
1.8621690157480315
20
0.7671893307086614
11
1.8618503937007873
21
0.7671259842519685
0
LINE
8
BLACK
6
CONTINUOUS
10
1.8618503937007873
20
0.7671259842519685
11
1.8616227165354331
21
0.7671259842519685
0
LINE
8
BLACK
6
CONTINUOUS
10
1.8616227165354331
20
0.7671259842519685
11
1.7120781102362204
21
0.7671259842519685
0
LINE
8
BLACK
6
CONTINUOUS
10
1.7120781102362204
20
0.7671259842519685
11
1.7118503937007874
21
0.7671259842519685
0
LINE
8
BLACK
6
CONTINUOUS
10
1.7118503937007874
20
0.7671259842519685
11
1.7115317322834644
21
0.7671893307086614
0
LINE
8
BLACK
6
CONTINUOUS
10
1.7115317322834644
20
0.7671893307086614
11
1.7101915354330708
21
0.767344842519685
0
LINE
8
BLACK
6
CONTINUOUS
10
1.7101915354330708
20
0.767344842519685
11
1.7097336220472441
21
0.7675470078740158
0
LINE
8
BLACK
6
CONTINUOUS
10
1.7097336220472441
20
0.7675470078740158
11
1.7088371259842519
21
0.7677253543307087
0
LINE
8
BLACK
6
CONTINUOUS
10
1.7088371259842519
20
0.7677253543307087
11
1.7078773228346456
21
0.768366653543307
0
LINE
8
BLACK
6
CONTINUOUS
10
1.7078773228346456
20
0.768366653543307
11
1.7074390551181102
21
0.7685601968503937
0
LINE
8
BLACK
6
CONTINUOUS
10
1.7074390551181102
20
0.7685601968503937
11
1.7071396456692913
21
0.7688595669291338
0
LINE
8
BLACK
6
CONTINUOUS
10
1.7071396456692913
20
0.7688595669291338
11
1.7062826377952756
21
0.7694322440944882
0
LINE
8
BLACK
6
CONTINUOUS
10
1.7062826377952756
20
0.7694322440944882
11
1.7057099606299213
21
0.770289251968504
0
LINE
8
BLACK
6
CONTINUOUS
10
1.7057099606299213
20
0.770289251968504
11
1.7054105905511812
21
0.7705886614173229
0
LINE
8
BLACK
6
CONTINUOUS
10
1.7054105905511812
20
0.7705886614173229
11
1.7052170472440944
21
0.7710269291338583
0
LINE
8
BLACK
6
CONTINUOUS
10
1.7052170472440944
20
0.7710269291338583
11
1.704575748031496
21
0.7719867322834646
0
LINE
8
BLACK
6
CONTINUOUS
10
1.704575748031496
20
0.7719867322834646
11
1.7043974015748031
21
0.7728832283464567
0
LINE
8
BLACK
6
CONTINUOUS
10
1.7043974015748031
20
0.7728832283464567
11
1.7041952362204724
21
0.7733411417322834
0
LINE
8
BLACK
6
CONTINUOUS
10
1.7041952362204724
20
0.7733411417322834
11
1.7040397244094487
21
0.7746814173228346
0
LINE
8
BLACK
6
CONTINUOUS
10
1.7040397244094487
20
0.7746814173228346
11
1.7039763779527559
21
0.775
0
LINE
8
BLACK
6
CONTINUOUS
10
1.7039763779527559
20
0.775
11
1.7039763779527559
21
0.9249999999999999
0
LINE
8
BLACK
6
CONTINUOUS
10
1.7039763779527559
20
0.9249999999999999
11
1.7040397637795275
21
0.9253187007874015
0
LINE
8
BLACK
6
CONTINUOUS
10
1.7040397637795275
20
0.9253187007874015
11
1.7041952362204724
21
0.9266588188976378
0
LINE
8
BLACK
6
CONTINUOUS
10
1.7041952362204724
20
0.9266588188976378
11
1.7043974015748031
21
0.9271166929133858
0
LINE
8
BLACK
6
CONTINUOUS
10
1.7043974015748031
20
0.9271166929133858
11
1.704575748031496
21
0.9280132677165354
0
LINE
8
BLACK
6
CONTINUOUS
10
1.704575748031496
20
0.9280132677165354
11
1.7052170866141731
21
0.9289731102362204
0
LINE
8
BLACK
6
CONTINUOUS
10
1.7052170866141731
20
0.9289731102362204
11
1.7054105905511812
21
0.9294112992125984
0
LINE
8
BLACK
6
CONTINUOUS
10
1.7054105905511812
20
0.9294112992125984
11
1.7057098818897638
21
0.9297105905511811
0
LINE
8
BLACK
6
CONTINUOUS
10
1.7057098818897638
20
0.9297105905511811
11
1.7062826377952756
21
0.9305677559055118
0
LINE
8
BLACK
6
CONTINUOUS
10
1.7062826377952756
20
0.9305677559055118
11
1.7071397637795276
21
0.9311404724409449
0
LINE
8
BLACK
6
CONTINUOUS
10
1.7071397637795276
20
0.9311404724409449
11
1.7074390551181102
21
0.9314397637795275
0
LINE
8
BLACK
6
CONTINUOUS
10
1.7074390551181102
20
0.9314397637795275
11
1.7078771653543308
21
0.9316331889763779
0
LINE
8
BLACK
6
CONTINUOUS
10
1.7078771653543308
20
0.9316331889763779
11
1.7088371259842519
21
0.9322746456692913
0
LINE
8
BLACK
6
CONTINUOUS
10
1.7088371259842519
20
0.9322746456692913
11
1.7097337795275591
21
0.9324529921259842
0
LINE
8
BLACK
6
CONTINUOUS
10
1.7097337795275591
20
0.9324529921259842
11
1.7101915354330708
21
0.9326551181102362
0
LINE
8
BLACK
6
CONTINUOUS
10
1.7101915354330708
20
0.9326551181102362
11
1.7115313385826771
21
0.9328105511811023
0
LINE
8
BLACK
6
CONTINUOUS
10
1.7115313385826771
20
0.9328105511811023
11
1.7118503937007874
21
0.9328740157480315
0
LINE
8
BLACK
6
CONTINUOUS
10
1.7118503937007874
20
0.9328740157480315
11
1.8618503937007873
21
0.9328740157480315
0
LINE
8
BLACK
6
CONTINUOUS
10
1.8618503937007873
20
0.9328740157480315
11
1.8621695669291338
21
0.9328105118110236
0
LINE
8
BLACK
6
CONTINUOUS
10
0.9825895669291338
20
0.900585748031496
11
0.9844164173228346
21
0.9002964173228346
0
LINE
8
BLACK
6
CONTINUOUS
10
0.9844164173228346
20
0.9002964173228346
11
0.9846547244094488
21
0.9001749606299212
0
LINE
8
BLACK
6
CONTINUOUS
10
0.9846547244094488
20
0.9001749606299212
11
0.9851596062992126
21
0.9000745669291338
0
LINE
8
BLACK
6
CONTINUOUS
10
0.9851596062992126
20
0.9000745669291338
11
0.9861480708661418
21
0.8994140551181102
0
LINE
8
BLACK
6
CONTINUOUS
10
0.9861480708661418
20
0.8994140551181102
11
0.987157559055118
21
0.8988997244094488
0
LINE
8
BLACK
6
CONTINUOUS
10
0.987157559055118
20
0.8988997244094488
11
0.9876401968503937
21
0.8984170472440944
0
LINE
8
BLACK
6
CONTINUOUS
10
0.9876401968503937
20
0.8984170472440944
11
0.9883655118110236
21
0.8979324409448819
0
LINE
8
BLACK
6
CONTINUOUS
10
0.9883655118110236
20
0.8979324409448819
11
0.9888501181102362
21
0.8972071259842519
0
LINE
8
BLACK
6
CONTINUOUS
10
0.9888501181102362
20
0.8972071259842519
11
0.9893327952755905
21
0.8967244881889763
0
LINE
8
BLACK
6
CONTINUOUS
10
0.9893327952755905
20
0.8967244881889763
11
0.989847125984252
21
0.8957149999999999
0
LINE
8
BLACK
6
CONTINUOUS
10
0.989847125984252
20
0.8957149999999999
11
0.9905076377952756
21
0.8947265354330708
0
LINE
8
BLACK
6
CONTINUOUS
10
0.9905076377952756
20
0.8947265354330708
11
0.990608031496063
21
0.8942216535433071
0
LINE
8
BLACK
6
CONTINUOUS
10
0.990608031496063
20
0.8942216535433071
11
0.9907294881889763
21
0.8939833464566929
0
LINE
8
BLACK
6
CONTINUOUS
10
0.9907294881889763
20
0.8939833464566929
11
0.9910188188976378
21
0.8921564960629921
0
LINE
8
BLACK
6
CONTINUOUS
10
0.9910188188976378
20
0.8921564960629921
11
0.991259842519685
21
0.8909448818897637
0
LINE
8
BLACK
6
CONTINUOUS
10
0.991259842519685
20
0.8909448818897637
11
0.9910188188976378
21
0.8897333070866141
0
LINE
8
BLACK
6
CONTINUOUS
10
0.9910188188976378
20
0.8897333070866141
11
0.9907294881889763
21
0.8879063779527558
0
LINE
8
BLACK
6
CONTINUOUS
10
0.9907294881889763
20
0.8879063779527558
11
0.990608031496063
21
0.887668031496063
0
LINE
8
BLACK
6
CONTINUOUS
10
0.990608031496063
20
0.887668031496063
11
0.9905076377952756
21
0.8871632283464567
0
LINE
8
BLACK
6
CONTINUOUS
10
0.9905076377952756
20
0.8871632283464567
11
0.9898472047244095
21
0.886174842519685
0
LINE
8
BLACK
6
CONTINUOUS
10
0.9898472047244095
20
0.886174842519685
11
0.9893327952755905
21
0.8851652362204724
0
LINE
8
BLACK
6
CONTINUOUS
10
0.9893327952755905
20
0.8851652362204724
11
0.9888500393700788
21
0.8846824803149607
0
LINE
8
BLACK
6
CONTINUOUS
10
0.9888500393700788
20
0.8846824803149607
11
0.9883655118110236
21
0.8839573228346457
0
LINE
8
BLACK
6
CONTINUOUS
10
0.9883655118110236
20
0.8839573228346457
11
0.9876403149606299
21
0.8834727559055118
0
LINE
8
BLACK
6
CONTINUOUS
10
0.9876403149606299
20
0.8834727559055118
11
0.987157559055118
21
0.8829899999999999
0
LINE
8
BLACK
6
CONTINUOUS
10
0.987157559055118
20
0.8829899999999999
11
0.9861478346456692
21
0.8824755118110236
0
LINE
8
BLACK
6
CONTINUOUS
10
0.9861478346456692
20
0.8824755118110236
11
0.9851596062992126
21
0.8818151968503937
0
LINE
8
BLACK
6
CONTINUOUS
10
0.9851596062992126
20
0.8818151968503937
11
0.984654842519685
21
0.8817147637795275
0
LINE
8
BLACK
6
CONTINUOUS
10
0.984654842519685
20
0.8817147637795275
11
0.9844164173228346
21
0.8815933070866142
0
LINE
8
BLACK
6
CONTINUOUS
10
0.9844164173228346
20
0.8815933070866142
11
0.9825885826771653
21
0.881303779527559
0
LINE
8
BLACK
6
CONTINUOUS
10
0.9825885826771653
20
0.881303779527559
11
0.9813779527559054
21
0.8810629921259843
0
LINE
8
BLACK
6
CONTINUOUS
10
0.9813779527559054
20
0.8810629921259843
11
0.9801673622047243
21
0.881303779527559
0
LINE
8
BLACK
6
CONTINUOUS
10
0.9801673622047243
20
0.881303779527559
11
0.9783394488188976
21
0.8815933070866142
0
LINE
8
BLACK
6
CONTINUOUS
10
0.9783394488188976
20
0.8815933070866142
11
0.9781009842519685
21
0.8817148031496063
0
LINE
8
BLACK
6
CONTINUOUS
10
0.9781009842519685
20
0.8817148031496063
11
0.9775962992125984
21
0.8818151968503937
0
LINE
8
BLACK
6
CONTINUOUS
10
0.9775962992125984
20
0.8818151968503937
11
0.9766081496062992
21
0.8824754330708661
0
LINE
8
BLACK
6
CONTINUOUS
10
0.9766081496062992
20
0.8824754330708661
11
0.9755983070866141
21
0.8829899999999999
0
LINE
8
BLACK
6
CONTINUOUS
10
0.9755983070866141
20
0.8829899999999999
11
0.9751154330708661
21
0.8834728346456693
0
LINE
8
BLACK
6
CONTINUOUS
10
0.9751154330708661
20
0.8834728346456693
11
0.9743903937007874
21
0.8839573228346457
0
LINE
8
BLACK
6
CONTINUOUS
10
0.9743903937007874
20
0.8839573228346457
11
0.973905905511811
21
0.8846823622047244
0
LINE
8
BLACK
6
CONTINUOUS
10
0.973905905511811
20
0.8846823622047244
11
0.9734230708661417
21
0.8851652362204724
0
LINE
8
BLACK
6
CONTINUOUS
10
0.9734230708661417
20
0.8851652362204724
11
0.9729085039370079
21
0.8861750787401574
0
LINE
8
BLACK
6
CONTINUOUS
10
0.9729085039370079
20
0.8861750787401574
11
0.9722482677165354
21
0.8871632283464567
0
LINE
8
BLACK
6
CONTINUOUS
10
0.9722482677165354
20
0.8871632283464567
11
0.972147874015748
21
0.8876679133858267
0
LINE
8
BLACK
6
CONTINUOUS
10
0.972147874015748
20
0.8876679133858267
11
0.9720263779527559
21
0.8879063779527558
0
LINE
8
BLACK
6
CONTINUOUS
10
0.9720263779527559
20
0.8879063779527558
11
0.9717368503937007
21
0.8897342913385826
0
LINE
8
BLACK
6
CONTINUOUS
10
0.9717368503937007
20
0.8897342913385826
11
0.971496062992126
21
0.8909448818897637
0
LINE
8
BLACK
6
CONTINUOUS
10
0.971496062992126
20
0.8909448818897637
11
0.9717368503937007
21
0.8921555118110236
0
LINE
8
BLACK
6
CONTINUOUS
10
0.9717368503937007
20
0.8921555118110236
11
0.9720263779527559
21
0.8939833464566929
0
LINE
8
BLACK
6
CONTINUOUS
10
0.9720263779527559
20
0.8939833464566929
11
0.9721478346456692
21
0.8942217716535433
0
LINE
8
BLACK
6
CONTINUOUS
10
0.9721478346456692
20
0.8942217716535433
11
0.9722482677165354
21
0.8947265354330708
0
LINE
8
BLACK
6
CONTINUOUS
10
0.9722482677165354
20
0.8947265354330708
11
0.9729085826771653
21
0.8957147637795275
0
LINE
8
BLACK
6
CONTINUOUS
10
0.9729085826771653
20
0.8957147637795275
11
0.9734230708661417
21
0.8967244881889763
0
LINE
8
BLACK
6
CONTINUOUS
10
0.9734230708661417
20
0.8967244881889763
11
0.9739058267716535
21
0.8972072440944882
0
LINE
8
BLACK
6
CONTINUOUS
10
0.9739058267716535
20
0.8972072440944882
11
0.9743903937007874
21
0.8979324409448819
0
LINE
8
BLACK
6
CONTINUOUS
10
0.9743903937007874
20
0.8979324409448819
11
0.9751155511811024
21
0.898416968503937
0
LINE
8
BLACK
6
CONTINUOUS
10
0.9751155511811024
20
0.898416968503937
11
0.9755983070866141
21
0.8988997244094488
0
LINE
8
BLACK
6
CONTINUOUS
10
0.9755983070866141
20
0.8988997244094488
11
0.9766079133858268
21
0.8994141338582677
0
LINE
8
BLACK
6
CONTINUOUS
10
0.9766079133858268
20
0.8994141338582677
11
0.9775962992125984
21
0.9000745669291338
0
LINE
8
BLACK
6
CONTINUOUS
10
0.9775962992125984
20
0.9000745669291338
11
0.9781011023622047
21
0.9001749606299212
0
LINE
8
BLACK
6
CONTINUOUS
10
0.9781011023622047
20
0.9001749606299212
11
0.9783394488188976
21
0.9002964173228346
0
LINE
8
BLACK
6
CONTINUOUS
10
0.9783394488188976
20
0.9002964173228346
11
0.9801663779527559
21
0.900585748031496
0
LINE
8
BLACK
6
CONTINUOUS
10
0.9801663779527559
20
0.900585748031496
11
0.9813779527559054
21
0.9008267716535433
0
LINE
8
BLACK
6
CONTINUOUS
10
0.9813779527559054
20
0.9008267716535433
11
0.9825895669291338
21
0.900585748031496
0
LINE
8
BLACK
6
CONTINUOUS
10
1.0298336614173229
20
0.900585748031496
11
1.0316605118110236
21
0.9002964173228346
0
LINE
8
BLACK
6
CONTINUOUS
10
1.0316605118110236
20
0.9002964173228346
11
1.0318988188976377
21
0.9001749606299212
0
LINE
8
BLACK
6
CONTINUOUS
10
1.0318988188976377
20
0.9001749606299212
11
1.0324037007874016
21
0.9000745669291338
0
LINE
8
BLACK
6
CONTINUOUS
10
1.0324037007874016
20
0.9000745669291338
11
1.0333921653543308
21
0.8994140551181102
0
LINE
8
BLACK
6
CONTINUOUS
10
1.0333921653543308
20
0.8994140551181102
11
1.0344016535433072
21
0.8988997244094488
0
LINE
8
BLACK
6
CONTINUOUS
10
1.0344016535433072
20
0.8988997244094488
11
1.0348842913385827
21
0.8984170472440944
0
LINE
8
BLACK
6
CONTINUOUS
10
1.0348842913385827
20
0.8984170472440944
11
1.0356096062992126
21
0.8979324409448819
0
LINE
8
BLACK
6
CONTINUOUS
10
1.0356096062992126
20
0.8979324409448819
11
1.0360942125984252
21
0.8972071259842519
0
LINE
8
BLACK
6
CONTINUOUS
10
1.0360942125984252
20
0.8972071259842519
11
1.0365768897637795
21
0.8967244881889763
0
LINE
8
BLACK
6
CONTINUOUS
10
1.0365768897637795
20
0.8967244881889763
11
1.037091220472441
21
0.8957149999999999
0
LINE
8
BLACK
6
CONTINUOUS
10
1.037091220472441
20
0.8957149999999999
11
1.0377517322834646
21
0.8947265354330708
0
LINE
8
BLACK
6
CONTINUOUS
10
1.0377517322834646
20
0.8947265354330708
11
1.0378521259842519
21
0.8942216535433071
0
LINE
8
BLACK
6
CONTINUOUS
10
1.0378521259842519
20
0.8942216535433071
11
1.0379735826771654
21
0.8939833464566929
0
LINE
8
BLACK
6
CONTINUOUS
10
1.0379735826771654
20
0.8939833464566929
11
1.0382629133858268
21
0.8921564960629921
0
LINE
8
BLACK
6
CONTINUOUS
10
1.0382629133858268
20
0.8921564960629921
11
1.0385039370078739
21
0.8909448818897637
0
LINE
8
BLACK
6
CONTINUOUS
10
1.0385039370078739
20
0.8909448818897637
11
1.0382629133858268
21
0.8897333070866141
0
LINE
8
BLACK
6
CONTINUOUS
10
1.0382629133858268
20
0.8897333070866141
11
1.0379735826771654
21
0.8879063779527558
0
LINE
8
BLACK
6
CONTINUOUS
10
1.0379735826771654
20
0.8879063779527558
11
1.0378521259842519
21
0.887668031496063
0
LINE
8
BLACK
6
CONTINUOUS
10
1.0378521259842519
20
0.887668031496063
11
1.0377517322834646
21
0.8871632283464567
0
LINE
8
BLACK
6
CONTINUOUS
10
1.0377517322834646
20
0.8871632283464567
11
1.0370912992125985
21
0.886174842519685
0
LINE
8
BLACK
6
CONTINUOUS
10
1.0370912992125985
20
0.886174842519685
11
1.0365768897637795
21
0.8851652362204724
0
LINE
8
BLACK
6
CONTINUOUS
10
1.0365768897637795
20
0.8851652362204724
11
1.0360941338582677
21
0.8846824803149607
0
LINE
8
BLACK
6
CONTINUOUS
10
1.0360941338582677
20
0.8846824803149607
11
1.0356096062992126
21
0.8839573228346457
0
LINE
8
BLACK
6
CONTINUOUS
10
1.0356096062992126
20
0.8839573228346457
11
1.0348844094488188
21
0.8834727559055118
0
LINE
8
BLACK
6
CONTINUOUS
10
1.0348844094488188
20
0.8834727559055118
11
1.0344016535433072
21
0.8829899999999999
0
LINE
8
BLACK
6
CONTINUOUS
10
1.0344016535433072
20
0.8829899999999999
11
1.0333919291338582
21
0.8824755118110236
0
LINE
8
BLACK
6
CONTINUOUS
10
1.0333919291338582
20
0.8824755118110236
11
1.0324037007874016
21
0.8818151968503937
0
LINE
8
BLACK
6
CONTINUOUS
10
1.0324037007874016
20
0.8818151968503937
11
1.0318989370078739
21
0.8817147637795275
0
LINE
8
BLACK
6
CONTINUOUS
10
1.0318989370078739
20
0.8817147637795275
11
1.0316605118110236
21
0.8815933070866142
0
LINE
8
BLACK
6
CONTINUOUS
10
1.0316605118110236
20
0.8815933070866142
11
1.0298326771653543
21
0.881303779527559
0
LINE
8
BLACK
6
CONTINUOUS
10
1.0298326771653543
20
0.881303779527559
11
1.0286220472440946
21
0.8810629921259843
0
LINE
8
BLACK
6
CONTINUOUS
10
1.0286220472440946
20
0.8810629921259843
11
1.0274114566929133
21
0.881303779527559
0
LINE
8
BLACK
6
CONTINUOUS
10
1.0274114566929133
20
0.881303779527559
11
1.0255835433070866
21
0.8815933070866142
0
LINE
8
BLACK
6
CONTINUOUS
10
1.0255835433070866
20
0.8815933070866142
11
1.0253450787401575
21
0.8817148031496063
0
LINE
8
BLACK
6
CONTINUOUS
10
1.0253450787401575
20
0.8817148031496063
11
1.0248403937007873
21
0.8818151968503937
0
LINE
8
BLACK
6
CONTINUOUS
10
1.0248403937007873
20
0.8818151968503937
11
1.0238522440944882
21
0.8824754330708661
0
LINE
8
BLACK
6
CONTINUOUS
10
1.0238522440944882
20
0.8824754330708661
11
1.0228424015748032
21
0.8829899999999999
0
LINE
8
BLACK
6
CONTINUOUS
10
1.0228424015748032
20
0.8829899999999999
11
1.0223595275590551
21
0.8834728346456693
0
LINE
8
BLACK
6
CONTINUOUS
10
1.0223595275590551
20
0.8834728346456693
11
1.0216344881889763
21
0.8839573228346457
0
LINE
8
BLACK
6
CONTINUOUS
10
1.0216344881889763
20
0.8839573228346457
11
1.02115
21
0.8846823622047244
0
LINE
8
BLACK
6
CONTINUOUS
10
1.02115
20
0.8846823622047244
11
1.0206671653543307
21
0.8851652362204724
0
LINE
8
BLACK
6
CONTINUOUS
10
1.0206671653543307
20
0.8851652362204724
11
1.0201525984251969
21
0.8861750787401574
0
LINE
8
BLACK
6
CONTINUOUS
10
1.0201525984251969
20
0.8861750787401574
11
1.0194923622047243
21
0.8871632283464567
0
LINE
8
BLACK
6
CONTINUOUS
10
1.0194923622047243
20
0.8871632283464567
11
1.019391968503937
21
0.8876679133858267
0
LINE
8
BLACK
6
CONTINUOUS
10
1.019391968503937
20
0.8876679133858267
11
1.0192704724409449
21
0.8879063779527558
0
LINE
8
BLACK
6
CONTINUOUS
10
1.0192704724409449
20
0.8879063779527558
11
1.0189809448818898
21
0.8897342913385826
0
LINE
8
BLACK
6
CONTINUOUS
10
1.0189809448818898
20
0.8897342913385826
11
1.018740157480315
21
0.8909448818897637
0
LINE
8
BLACK
6
CONTINUOUS
10
1.018740157480315
20
0.8909448818897637
11
1.0189809448818898
21
0.8921555118110236
0
LINE
8
BLACK
6
CONTINUOUS
10
1.0189809448818898
20
0.8921555118110236
11
1.0192704724409449
21
0.8939833464566929
0
LINE
8
BLACK
6
CONTINUOUS
10
1.0192704724409449
20
0.8939833464566929
11
1.0193919291338582
21
0.8942217716535433
0
LINE
8
BLACK
6
CONTINUOUS
10
1.0193919291338582
20
0.8942217716535433
11
1.0194923622047243
21
0.8947265354330708
0
LINE
8
BLACK
6
CONTINUOUS
10
1.0194923622047243
20
0.8947265354330708
11
1.0201526771653544
21
0.8957147637795275
0
LINE
8
BLACK
6
CONTINUOUS
10
1.0201526771653544
20
0.8957147637795275
11
1.0206671653543307
21
0.8967244881889763
0
LINE
8
BLACK
6
CONTINUOUS
10
1.0206671653543307
20
0.8967244881889763
11
1.0211499212598425
21
0.8972072440944882
0
LINE
8
BLACK
6
CONTINUOUS
10
1.0211499212598425
20
0.8972072440944882
11
1.0216344881889763
21
0.8979324409448819
0
LINE
8
BLACK
6
CONTINUOUS
10
1.0216344881889763
20
0.8979324409448819
11
1.0223596456692914
21
0.898416968503937
0
LINE
8
BLACK
6
CONTINUOUS
10
1.0223596456692914
20
0.898416968503937
11
1.0228424015748032
21
0.8988997244094488
0
LINE
8
BLACK
6
CONTINUOUS
10
1.0228424015748032
20
0.8988997244094488
11
1.0238520078740156
21
0.8994141338582677
0
LINE
8
BLACK
6
CONTINUOUS
10
1.0238520078740156
20
0.8994141338582677
11
1.0248403937007873
21
0.9000745669291338
0
LINE
8
BLACK
6
CONTINUOUS
10
1.0248403937007873
20
0.9000745669291338
11
1.0253451968503937
21
0.9001749606299212
0
LINE
8
BLACK
6
CONTINUOUS
10
1.0253451968503937
20
0.9001749606299212
11
1.0255835433070866
21
0.9002964173228346
0
LINE
8
BLACK
6
CONTINUOUS
10
1.0255835433070866
20
0.9002964173228346
11
1.027410472440945
21
0.900585748031496
0
LINE
8
BLACK
6
CONTINUOUS
10
1.027410472440945
20
0.900585748031496
11
1.0286220472440946
21
0.9008267716535433
0
LINE
8
BLACK
6
CONTINUOUS
10
1.0286220472440946
20
0.9008267716535433
11
1.0298336614173229
21
0.900585748031496
0
LINE
8
BLACK
6
CONTINUOUS
10
0.9825895669291338
20
0.9399558267716536
11
0.9844164173228346
21
0.9396664960629921
0
LINE
8
BLACK
6
CONTINUOUS
10
0.9844164173228346
20
0.9396664960629921
11
0.9846547244094488
21
0.9395450393700787
0
LINE
8
BLACK
6
CONTINUOUS
10
0.9846547244094488
20
0.9395450393700787
11
0.9851596062992126
21
0.9394446456692913
0
LINE
8
BLACK
6
CONTINUOUS
10
0.9851596062992126
20
0.9394446456692913
11
0.9861480708661418
21
0.9387841338582676
0
LINE
8
BLACK
6
CONTINUOUS
10
0.9861480708661418
20
0.9387841338582676
11
0.987157559055118
21
0.9382698031496063
0
LINE
8
BLACK
6
CONTINUOUS
10
0.987157559055118
20
0.9382698031496063
11
0.9876401968503937
21
0.937787125984252
0
LINE
8
BLACK
6
CONTINUOUS
10
0.9876401968503937
20
0.937787125984252
11
0.9883655118110236
21
0.9373025196850393
0
LINE
8
BLACK
6
CONTINUOUS
10
0.9883655118110236
20
0.9373025196850393
11
0.9888501181102362
21
0.9365772047244094
0
LINE
8
BLACK
6
CONTINUOUS
10
0.9888501181102362
20
0.9365772047244094
11
0.9893327952755905
21
0.9360945669291338
0
LINE
8
BLACK
6
CONTINUOUS
10
0.9893327952755905
20
0.9360945669291338
11
0.989847125984252
21
0.9350850787401574
0
LINE
8
BLACK
6
CONTINUOUS
10
0.989847125984252
20
0.9350850787401574
11
0.9905076377952756
21
0.9340966141732283
0
LINE
8
BLACK
6
CONTINUOUS
10
0.9905076377952756
20
0.9340966141732283
11
0.990608031496063
21
0.9335917322834646
0
LINE
8
BLACK
6
CONTINUOUS
10
0.990608031496063
20
0.9335917322834646
11
0.9907294881889763
21
0.9333534251968504
0
LINE
8
BLACK
6
CONTINUOUS
10
0.9907294881889763
20
0.9333534251968504
11
0.9910188188976378
21
0.9315265748031496
0
LINE
8
BLACK
6
CONTINUOUS
10
0.9910188188976378
20
0.9315265748031496
11
0.991259842519685
21
0.9303149606299213
0
LINE
8
BLACK
6
CONTINUOUS
10
0.991259842519685
20
0.9303149606299213
11
0.9910188188976378
21
0.9291033858267717
0
LINE
8
BLACK
6
CONTINUOUS
10
0.9910188188976378
20
0.9291033858267717
11
0.9907294881889763
21
0.9272764566929134
0
LINE
8
BLACK
6
CONTINUOUS
10
0.9907294881889763
20
0.9272764566929134
11
0.990608031496063
21
0.9270381102362204
0
LINE
8
BLACK
6
CONTINUOUS
10
0.990608031496063
20
0.9270381102362204
11
0.9905076377952756
21
0.9265333070866142
0
LINE
8
BLACK
6
CONTINUOUS
10
0.9905076377952756
20
0.9265333070866142
11
0.9898472047244095
21
0.9255449212598424
0
LINE
8
BLACK
6
CONTINUOUS
10
0.9898472047244095
20
0.9255449212598424
11
0.9893327952755905
21
0.9245353149606299
0
LINE
8
BLACK
6
CONTINUOUS
10
0.9893327952755905
20
0.9245353149606299
11
0.9888500393700788
21
0.9240525590551181
0
LINE
8
BLACK
6
CONTINUOUS
10
0.9888500393700788
20
0.9240525590551181
11
0.9883655118110236
21
0.9233274015748031
0
LINE
8
BLACK
6
CONTINUOUS
10
0.9883655118110236
20
0.9233274015748031
11
0.9876403149606299
21
0.9228428346456693
0
LINE
8
BLACK
6
CONTINUOUS
10
0.9876403149606299
20
0.9228428346456693
11
0.987157559055118
21
0.9223600787401575
0
LINE
8
BLACK
6
CONTINUOUS
10
0.987157559055118
20
0.9223600787401575
11
0.9861478346456692
21
0.9218455905511811
0
LINE
8
BLACK
6
CONTINUOUS
10
0.9861478346456692
20
0.9218455905511811
11
0.9851596062992126
21
0.9211852755905512
0
LINE
8
BLACK
6
CONTINUOUS
10
0.9851596062992126
20
0.9211852755905512
11
0.984654842519685
21
0.921084842519685
0
LINE
8
BLACK
6
CONTINUOUS
10
0.984654842519685
20
0.921084842519685
11
0.9844164173228346
21
0.9209633858267716
0
LINE
8
BLACK
6
CONTINUOUS
10
0.9844164173228346
20
0.9209633858267716
11
0.9825885826771653
21
0.9206738582677165
0
LINE
8
BLACK
6
CONTINUOUS
10
0.9825885826771653
20
0.9206738582677165
11
0.9813779527559054
21
0.9204330708661417
0
LINE
8
BLACK
6
CONTINUOUS
10
0.9813779527559054
20
0.9204330708661417
11
0.9801673622047243
21
0.9206738582677165
0
LINE
8
BLACK
6
CONTINUOUS
10
0.9801673622047243
20
0.9206738582677165
11
0.9783394488188976
21
0.9209633858267716
0
LINE
8
BLACK
6
CONTINUOUS
10
0.9783394488188976
20
0.9209633858267716
11
0.9781009842519685
21
0.9210848818897638
0
LINE
8
BLACK
6
CONTINUOUS
10
0.9781009842519685
20
0.9210848818897638
11
0.9775962992125984
21
0.9211852755905512
0
LINE
8
BLACK
6
CONTINUOUS
10
0.9775962992125984
20
0.9211852755905512
11
0.9766081496062992
21
0.9218455118110236
0
LINE
8
BLACK
6
CONTINUOUS
10
0.9766081496062992
20
0.9218455118110236
11
0.9755983070866141
21
0.9223600787401575
0
LINE
8
BLACK
6
CONTINUOUS
10
0.9755983070866141
20
0.9223600787401575
11
0.9751154330708661
21
0.9228429133858268
0
LINE
8
BLACK
6
CONTINUOUS
10
0.9751154330708661
20
0.9228429133858268
11
0.9743903937007874
21
0.9233274015748031
0
LINE
8
BLACK
6
CONTINUOUS
10
0.9743903937007874
20
0.9233274015748031
11
0.973905905511811
21
0.9240524409448818
0
LINE
8
BLACK
6
CONTINUOUS
10
0.973905905511811
20
0.9240524409448818
11
0.9734230708661417
21
0.9245353149606299
0
LINE
8
BLACK
6
CONTINUOUS
10
0.9734230708661417
20
0.9245353149606299
11
0.9729085039370079
21
0.925545157480315
0
LINE
8
BLACK
6
CONTINUOUS
10
0.9729085039370079
20
0.925545157480315
11
0.9722482677165354
21
0.9265333070866142
0
LINE
8
BLACK
6
CONTINUOUS
10
0.9722482677165354
20
0.9265333070866142
11
0.972147874015748
21
0.9270379921259843
0
LINE
8
BLACK
6
CONTINUOUS
10
0.972147874015748
20
0.9270379921259843
11
0.9720263779527559
21
0.9272764566929134
0
LINE
8
BLACK
6
CONTINUOUS
10
0.9720263779527559
20
0.9272764566929134
11
0.9717368503937007
21
0.9291043700787401
0
LINE
8
BLACK
6
CONTINUOUS
10
0.9717368503937007
20
0.9291043700787401
11
0.971496062992126
21
0.9303149606299213
0
LINE
8
BLACK
6
CONTINUOUS
10
0.971496062992126
20
0.9303149606299213
11
0.9717368503937007
21
0.9315255905511811
0
LINE
8
BLACK
6
CONTINUOUS
10
0.9717368503937007
20
0.9315255905511811
11
0.9720263779527559
21
0.9333534251968504
0
LINE
8
BLACK
6
CONTINUOUS
10
0.9720263779527559
20
0.9333534251968504
11
0.9721478346456692
21
0.9335918503937007
0
LINE
8
BLACK
6
CONTINUOUS
10
0.9721478346456692
20
0.9335918503937007
11
0.9722482677165354
21
0.9340966141732283
0
LINE
8
BLACK
6
CONTINUOUS
10
0.9722482677165354
20
0.9340966141732283
11
0.9729085826771653
21
0.935084842519685
0
LINE
8
BLACK
6
CONTINUOUS
10
0.9729085826771653
20
0.935084842519685
11
0.9734230708661417
21
0.9360945669291338
0
LINE
8
BLACK
6
CONTINUOUS
10
0.9734230708661417
20
0.9360945669291338
11
0.9739058267716535
21
0.9365773228346457
0
LINE
8
BLACK
6
CONTINUOUS
10
0.9739058267716535
20
0.9365773228346457
11
0.9743903937007874
21
0.9373025196850393
0
LINE
8
BLACK
6
CONTINUOUS
10
0.9743903937007874
20
0.9373025196850393
11
0.9751155511811024
21
0.9377870472440945
0
LINE
8
BLACK
6
CONTINUOUS
10
0.9751155511811024
20
0.9377870472440945
11
0.9755983070866141
21
0.9382698031496063
0
LINE
8
BLACK
6
CONTINUOUS
10
0.9755983070866141
20
0.9382698031496063
11
0.9766079133858268
21
0.9387842125984251
0
LINE
8
BLACK
6
CONTINUOUS
10
0.9766079133858268
20
0.9387842125984251
11
0.9775962992125984
21
0.9394446456692913
0
LINE
8
BLACK
6
CONTINUOUS
10
0.9775962992125984
20
0.9394446456692913
11
0.9781011023622047
21
0.9395450393700787
0
LINE
8
BLACK
6
CONTINUOUS
10
0.9781011023622047
20
0.9395450393700787
11
0.9783394488188976
21
0.9396664960629921
0
LINE
8
BLACK
6
CONTINUOUS
10
0.9783394488188976
20
0.9396664960629921
11
0.9801663779527559
21
0.9399558267716536
0
LINE
8
BLACK
6
CONTINUOUS
10
0.9801663779527559
20
0.9399558267716536
11
0.9813779527559054
21
0.9401968503937007
0
LINE
8
BLACK
6
CONTINUOUS
10
0.9813779527559054
20
0.9401968503937007
11
0.9825895669291338
21
0.9399558267716536
0
LINE
8
BLACK
6
CONTINUOUS
10
1.0298336614173229
20
0.9399558267716536
11
1.0316605118110236
21
0.9396664960629921
0
LINE
8
BLACK
6
CONTINUOUS
10
1.0316605118110236
20
0.9396664960629921
11
1.0318988188976377
21
0.9395450393700787
0
LINE
8
BLACK
6
CONTINUOUS
10
1.0318988188976377
20
0.9395450393700787
11
1.0324037007874016
21
0.9394446456692913
0
LINE
8
BLACK
6
CONTINUOUS
10
1.0324037007874016
20
0.9394446456692913
11
1.0333921653543308
21
0.9387841338582676
0
LINE
8
BLACK
6
CONTINUOUS
10
1.0333921653543308
20
0.9387841338582676
11
1.0344016535433072
21
0.9382698031496063
0
LINE
8
BLACK
6
CONTINUOUS
10
1.0344016535433072
20
0.9382698031496063
11
1.0348842913385827
21
0.937787125984252
0
LINE
8
BLACK
6
CONTINUOUS
10
1.0348842913385827
20
0.937787125984252
11
1.0356096062992126
21
0.9373025196850393
0
LINE
8
BLACK
6
CONTINUOUS
10
1.0356096062992126
20
0.9373025196850393
11
1.0360942125984252
21
0.9365772047244094
0
LINE
8
BLACK
6
CONTINUOUS
10
1.0360942125984252
20
0.9365772047244094
11
1.0365768897637795
21
0.9360945669291338
0
LINE
8
BLACK
6
CONTINUOUS
10
1.0365768897637795
20
0.9360945669291338
11
1.037091220472441
21
0.9350850787401574
0
LINE
8
BLACK
6
CONTINUOUS
10
1.037091220472441
20
0.9350850787401574
11
1.0377517322834646
21
0.9340966141732283
0
LINE
8
BLACK
6
CONTINUOUS
10
1.0377517322834646
20
0.9340966141732283
11
1.0378521259842519
21
0.9335917322834646
0
LINE
8
BLACK
6
CONTINUOUS
10
1.0378521259842519
20
0.9335917322834646
11
1.0379735826771654
21
0.9333534251968504
0
LINE
8
BLACK
6
CONTINUOUS
10
1.0379735826771654
20
0.9333534251968504
11
1.0382629133858268
21
0.9315265748031496
0
LINE
8
BLACK
6
CONTINUOUS
10
1.0382629133858268
20
0.9315265748031496
11
1.0385039370078739
21
0.9303149606299213
0
LINE
8
BLACK
6
CONTINUOUS
10
1.0385039370078739
20
0.9303149606299213
11
1.0382629133858268
21
0.9291033858267717
0
LINE
8
BLACK
6
CONTINUOUS
10
1.0382629133858268
20
0.9291033858267717
11
1.0379735826771654
21
0.9272764566929134
0
LINE
8
BLACK
6
CONTINUOUS
10
1.0379735826771654
20
0.9272764566929134
11
1.0378521259842519
21
0.9270381102362204
0
LINE
8
BLACK
6
CONTINUOUS
10
1.0378521259842519
20
0.9270381102362204
11
1.0377517322834646
21
0.9265333070866142
0
LINE
8
BLACK
6
CONTINUOUS
10
1.0377517322834646
20
0.9265333070866142
11
1.0370912992125985
21
0.9255449212598424
0
LINE
8
BLACK
6
CONTINUOUS
10
1.0370912992125985
20
0.9255449212598424
11
1.0365768897637795
21
0.9245353149606299
0
LINE
8
BLACK
6
CONTINUOUS
10
1.0365768897637795
20
0.9245353149606299
11
1.0360941338582677
21
0.9240525590551181
0
LINE
8
BLACK
6
CONTINUOUS
10
1.0360941338582677
20
0.9240525590551181
11
1.0356096062992126
21
0.9233274015748031
0
LINE
8
BLACK
6
CONTINUOUS
10
1.0356096062992126
20
0.9233274015748031
11
1.0348844094488188
21
0.9228428346456693
0
LINE
8
BLACK
6
CONTINUOUS
10
1.0348844094488188
20
0.9228428346456693
11
1.0344016535433072
21
0.9223600787401575
0
LINE
8
BLACK
6
CONTINUOUS
10
1.0344016535433072
20
0.9223600787401575
11
1.0333919291338582
21
0.9218455905511811
0
LINE
8
BLACK
6
CONTINUOUS
10
1.0333919291338582
20
0.9218455905511811
11
1.0324037007874016
21
0.9211852755905512
0
LINE
8
BLACK
6
CONTINUOUS
10
1.0324037007874016
20
0.9211852755905512
11
1.0318989370078739
21
0.921084842519685
0
LINE
8
BLACK
6
CONTINUOUS
10
1.0318989370078739
20
0.921084842519685
11
1.0316605118110236
21
0.9209633858267716
0
LINE
8
BLACK
6
CONTINUOUS
10
1.0316605118110236
20
0.9209633858267716
11
1.0298326771653543
21
0.9206738582677165
0
LINE
8
BLACK
6
CONTINUOUS
10
1.0298326771653543
20
0.9206738582677165
11
1.0286220472440946
21
0.9204330708661417
0
LINE
8
BLACK
6
CONTINUOUS
10
1.0286220472440946
20
0.9204330708661417
11
1.0274114566929133
21
0.9206738582677165
0
LINE
8
BLACK
6
CONTINUOUS
10
1.0274114566929133
20
0.9206738582677165
11
1.0255835433070866
21
0.9209633858267716
0
LINE
8
BLACK
6
CONTINUOUS
10
1.0255835433070866
20
0.9209633858267716
11
1.0253450787401575
21
0.9210848818897638
0
LINE
8
BLACK
6
CONTINUOUS
10
1.0253450787401575
20
0.9210848818897638
11
1.0248403937007873
21
0.9211852755905512
0
LINE
8
BLACK
6
CONTINUOUS
10
1.0248403937007873
20
0.9211852755905512
11
1.0238522440944882
21
0.9218455118110236
0
LINE
8
BLACK
6
CONTINUOUS
10
1.0238522440944882
20
0.9218455118110236
11
1.0228424015748032
21
0.9223600787401575
0
LINE
8
BLACK
6
CONTINUOUS
10
1.0228424015748032
20
0.9223600787401575
11
1.0223595275590551
21
0.9228429133858268
0
LINE
8
BLACK
6
CONTINUOUS
10
1.0223595275590551
20
0.9228429133858268
11
1.0216344881889763
21
0.9233274015748031
0
LINE
8
BLACK
6
CONTINUOUS
10
1.0216344881889763
20
0.9233274015748031
11
1.02115
21
0.9240524409448818
0
LINE
8
BLACK
6
CONTINUOUS
10
1.02115
20
0.9240524409448818
11
1.0206671653543307
21
0.9245353149606299
0
LINE
8
BLACK
6
CONTINUOUS
10
1.0206671653543307
20
0.9245353149606299
11
1.0201525984251969
21
0.925545157480315
0
LINE
8
BLACK
6
CONTINUOUS
10
1.0201525984251969
20
0.925545157480315
11
1.0194923622047243
21
0.9265333070866142
0
LINE
8
BLACK
6
CONTINUOUS
10
1.0194923622047243
20
0.9265333070866142
11
1.019391968503937
21
0.9270379921259843
0
LINE
8
BLACK
6
CONTINUOUS
10
1.019391968503937
20
0.9270379921259843
11
1.0192704724409449
21
0.9272764566929134
0
LINE
8
BLACK
6
CONTINUOUS
10
1.0192704724409449
20
0.9272764566929134
11
1.0189809448818898
21
0.9291043700787401
0
LINE
8
BLACK
6
CONTINUOUS
10
1.0189809448818898
20
0.9291043700787401
11
1.018740157480315
21
0.9303149606299213
0
LINE
8
BLACK
6
CONTINUOUS
10
1.018740157480315
20
0.9303149606299213
11
1.0189809448818898
21
0.9315255905511811
0
LINE
8
BLACK
6
CONTINUOUS
10
1.0189809448818898
20
0.9315255905511811
11
1.0192704724409449
21
0.9333534251968504
0
LINE
8
BLACK
6
CONTINUOUS
10
1.0192704724409449
20
0.9333534251968504
11
1.0193919291338582
21
0.9335918503937007
0
LINE
8
BLACK
6
CONTINUOUS
10
1.0193919291338582
20
0.9335918503937007
11
1.0194923622047243
21
0.9340966141732283
0
LINE
8
BLACK
6
CONTINUOUS
10
1.0194923622047243
20
0.9340966141732283
11
1.0201526771653544
21
0.935084842519685
0
LINE
8
BLACK
6
CONTINUOUS
10
1.0201526771653544
20
0.935084842519685
11
1.0206671653543307
21
0.9360945669291338
0
LINE
8
BLACK
6
CONTINUOUS
10
1.0206671653543307
20
0.9360945669291338
11
1.0211499212598425
21
0.9365773228346457
0
LINE
8
BLACK
6
CONTINUOUS
10
1.0211499212598425
20
0.9365773228346457
11
1.0216344881889763
21
0.9373025196850393
0
LINE
8
BLACK
6
CONTINUOUS
10
1.0216344881889763
20
0.9373025196850393
11
1.0223596456692914
21
0.9377870472440945
0
LINE
8
BLACK
6
CONTINUOUS
10
1.0223596456692914
20
0.9377870472440945
11
1.0228424015748032
21
0.9382698031496063
0
LINE
8
BLACK
6
CONTINUOUS
10
1.0228424015748032
20
0.9382698031496063
11
1.0238520078740156
21
0.9387842125984251
0
LINE
8
BLACK
6
CONTINUOUS
10
1.0238520078740156
20
0.9387842125984251
11
1.0248403937007873
21
0.9394446456692913
0
LINE
8
BLACK
6
CONTINUOUS
10
1.0248403937007873
20
0.9394446456692913
11
1.0253451968503937
21
0.9395450393700787
0
LINE
8
BLACK
6
CONTINUOUS
10
1.0253451968503937
20
0.9395450393700787
11
1.0255835433070866
21
0.9396664960629921
0
LINE
8
BLACK
6
CONTINUOUS
10
1.0255835433070866
20
0.9396664960629921
11
1.027410472440945
21
0.9399558267716536
0
LINE
8
BLACK
6
CONTINUOUS
10
1.027410472440945
20
0.9399558267716536
11
1.0286220472440946
21
0.9401968503937007
0
LINE
8
BLACK
6
CONTINUOUS
10
1.0286220472440946
20
0.9401968503937007
11
1.0298336614173229
21
0.9399558267716536
0
LINE
8
BLACK
6
CONTINUOUS
10
0.9825895669291338
20
0.979325905511811
11
0.9844164173228346
21
0.9790365748031495
0
LINE
8
BLACK
6
CONTINUOUS
10
0.9844164173228346
20
0.9790365748031495
11
0.9846547244094488
21
0.9789151181102362
0
LINE
8
BLACK
6
CONTINUOUS
10
0.9846547244094488
20
0.9789151181102362
11
0.9851596062992126
21
0.9788147244094488
0
LINE
8
BLACK
6
CONTINUOUS
10
0.9851596062992126
20
0.9788147244094488
11
0.9861480708661418
21
0.9781542125984252
0
LINE
8
BLACK
6
CONTINUOUS
10
0.9861480708661418
20
0.9781542125984252
11
0.987157559055118
21
0.9776398818897638
0
LINE
8
BLACK
6
CONTINUOUS
10
0.987157559055118
20
0.9776398818897638
11
0.9876401968503937
21
0.9771572047244095
0
LINE
8
BLACK
6
CONTINUOUS
10
0.9876401968503937
20
0.9771572047244095
11
0.9883655118110236
21
0.9766725984251968
0
LINE
8
BLACK
6
CONTINUOUS
10
0.9883655118110236
20
0.9766725984251968
11
0.9888501181102362
21
0.9759472834645669
0
LINE
8
BLACK
6
CONTINUOUS
10
0.9888501181102362
20
0.9759472834645669
11
0.9893327952755905
21
0.9754646456692914
0
LINE
8
BLACK
6
CONTINUOUS
10
0.9893327952755905
20
0.9754646456692914
11
0.989847125984252
21
0.974455157480315
0
LINE
8
BLACK
6
CONTINUOUS
10
0.989847125984252
20
0.974455157480315
11
0.9905076377952756
21
0.9734666929133858
0
LINE
8
BLACK
6
CONTINUOUS
10
0.9905076377952756
20
0.9734666929133858
11
0.990608031496063
21
0.972961811023622
0
LINE
8
BLACK
6
CONTINUOUS
10
0.990608031496063
20
0.972961811023622
11
0.9907294881889763
21
0.9727235039370079
0
LINE
8
BLACK
6
CONTINUOUS
10
0.9907294881889763
20
0.9727235039370079
11
0.9910188188976378
21
0.9708966535433071
0
LINE
8
BLACK
6
CONTINUOUS
10
0.9910188188976378
20
0.9708966535433071
11
0.991259842519685
21
0.9696850393700788
0
LINE
8
BLACK
6
CONTINUOUS
10
0.991259842519685
20
0.9696850393700788
11
0.9910188188976378
21
0.9684734645669291
0
LINE
8
BLACK
6
CONTINUOUS
10
0.9910188188976378
20
0.9684734645669291
11
0.9907294881889763
21
0.9666465354330709
0
LINE
8
BLACK
6
CONTINUOUS
10
0.9907294881889763
20
0.9666465354330709
11
0.990608031496063
21
0.9664081889763779
0
LINE
8
BLACK
6
CONTINUOUS
10
0.990608031496063
20
0.9664081889763779
11
0.9905076377952756
21
0.9659033858267716
0
LINE
8
BLACK
6
CONTINUOUS
10
0.9905076377952756
20
0.9659033858267716
11
0.9898472047244095
21
0.964915
0
LINE
8
BLACK
6
CONTINUOUS
10
0.9898472047244095
20
0.964915
11
0.9893327952755905
21
0.9639053937007874
0
LINE
8
BLACK
6
CONTINUOUS
10
0.9893327952755905
20
0.9639053937007874
11
0.9888500393700788
21
0.9634226377952756
0
LINE
8
BLACK
6
CONTINUOUS
10
0.9888500393700788
20
0.9634226377952756
11
0.9883655118110236
21
0.9626974803149606
0
LINE
8
BLACK
6
CONTINUOUS
10
0.9883655118110236
20
0.9626974803149606
11
0.9876403149606299
21
0.9622129133858267
0
LINE
8
BLACK
6
CONTINUOUS
10
0.9876403149606299
20
0.9622129133858267
11
0.987157559055118
21
0.961730157480315
0
LINE
8
BLACK
6
CONTINUOUS
10
0.987157559055118
20
0.961730157480315
11
0.9861478346456692
21
0.9612156692913386
0
LINE
8
BLACK
6
CONTINUOUS
10
0.9861478346456692
20
0.9612156692913386
11
0.9851596062992126
21
0.9605553543307086
0
LINE
8
BLACK
6
CONTINUOUS
10
0.9851596062992126
20
0.9605553543307086
11
0.984654842519685
21
0.9604549212598424
0
LINE
8
BLACK
6
CONTINUOUS
10
0.984654842519685
20
0.9604549212598424
11
0.9844164173228346
21
0.9603334645669291
0
LINE
8
BLACK
6
CONTINUOUS
10
0.9844164173228346
20
0.9603334645669291
11
0.9825885826771653
21
0.960043937007874
0
LINE
8
BLACK
6
CONTINUOUS
10
0.9825885826771653
20
0.960043937007874
11
0.9813779527559054
21
0.9598031496062992
0
LINE
8
BLACK
6
CONTINUOUS
10
0.9813779527559054
20
0.9598031496062992
11
0.9801673622047243
21
0.960043937007874
0
LINE
8
BLACK
6
CONTINUOUS
10
0.9801673622047243
20
0.960043937007874
11
0.9783394488188976
21
0.9603334645669291
0
LINE
8
BLACK
6
CONTINUOUS
10
0.9783394488188976
20
0.9603334645669291
11
0.9781009842519685
21
0.9604549606299212
0
LINE
8
BLACK
6
CONTINUOUS
10
0.9781009842519685
20
0.9604549606299212
11
0.9775962992125984
21
0.9605553543307086
0
LINE
8
BLACK
6
CONTINUOUS
10
0.9775962992125984
20
0.9605553543307086
11
0.9766081496062992
21
0.9612155905511811
0
LINE
8
BLACK
6
CONTINUOUS
10
0.9766081496062992
20
0.9612155905511811
11
0.9755983070866141
21
0.961730157480315
0
LINE
8
BLACK
6
CONTINUOUS
10
0.9755983070866141
20
0.961730157480315
11
0.9751154330708661
21
0.9622129921259842
0
LINE
8
BLACK
6
CONTINUOUS
10
0.9751154330708661
20
0.9622129921259842
11
0.9743903937007874
21
0.9626974803149606
0
LINE
8
BLACK
6
CONTINUOUS
10
0.9743903937007874
20
0.9626974803149606
11
0.973905905511811
21
0.9634225196850393
0
LINE
8
BLACK
6
CONTINUOUS
10
0.973905905511811
20
0.9634225196850393
11
0.9734230708661417
21
0.9639053937007874
0
LINE
8
BLACK
6
CONTINUOUS
10
0.9734230708661417
20
0.9639053937007874
11
0.9729085039370079
21
0.9649152362204724
0
LINE
8
BLACK
6
CONTINUOUS
10
0.9729085039370079
20
0.9649152362204724
11
0.9722482677165354
21
0.9659033858267716
0
LINE
8
BLACK
6
CONTINUOUS
10
0.9722482677165354
20
0.9659033858267716
11
0.972147874015748
21
0.9664080708661417
0
LINE
8
BLACK
6
CONTINUOUS
10
0.972147874015748
20
0.9664080708661417
11
0.9720263779527559
21
0.9666465354330709
0
LINE
8
BLACK
6
CONTINUOUS
10
0.9720263779527559
20
0.9666465354330709
11
0.9717368503937007
21
0.9684744488188977
0
LINE
8
BLACK
6
CONTINUOUS
10
0.9717368503937007
20
0.9684744488188977
11
0.971496062992126
21
0.9696850393700788
0
LINE
8
BLACK
6
CONTINUOUS
10
0.971496062992126
20
0.9696850393700788
11
0.9717368503937007
21
0.9708956692913385
0
LINE
8
BLACK
6
CONTINUOUS
10
0.9717368503937007
20
0.9708956692913385
11
0.9720263779527559
21
0.9727235039370079
0
LINE
8
BLACK
6
CONTINUOUS
10
0.9720263779527559
20
0.9727235039370079
11
0.9721478346456692
21
0.9729619291338583
0
LINE
8
BLACK
6
CONTINUOUS
10
0.9721478346456692
20
0.9729619291338583
11
0.9722482677165354
21
0.9734666929133858
0
LINE
8
BLACK
6
CONTINUOUS
10
0.9722482677165354
20
0.9734666929133858
11
0.9729085826771653
21
0.9744549212598425
0
LINE
8
BLACK
6
CONTINUOUS
10
0.9729085826771653
20
0.9744549212598425
11
0.9734230708661417
21
0.9754646456692914
0
LINE
8
BLACK
6
CONTINUOUS
10
0.9734230708661417
20
0.9754646456692914
11
0.9739058267716535
21
0.9759474015748031
0
LINE
8
BLACK
6
CONTINUOUS
10
0.9739058267716535
20
0.9759474015748031
11
0.9743903937007874
21
0.9766725984251968
0
LINE
8
BLACK
6
CONTINUOUS
10
0.9743903937007874
20
0.9766725984251968
11
0.9751155511811024
21
0.977157125984252
0
LINE
8
BLACK
6
CONTINUOUS
10
0.9751155511811024
20
0.977157125984252
11
0.9755983070866141
21
0.9776398818897638
0
LINE
8
BLACK
6
CONTINUOUS
10
0.9755983070866141
20
0.9776398818897638
11
0.9766079133858268
21
0.9781542913385827
0
LINE
8
BLACK
6
CONTINUOUS
10
0.9766079133858268
20
0.9781542913385827
11
0.9775962992125984
21
0.9788147244094488
0
LINE
8
BLACK
6
CONTINUOUS
10
0.9775962992125984
20
0.9788147244094488
11
0.9781011023622047
21
0.9789151181102362
0
LINE
8
BLACK
6
CONTINUOUS
10
0.9781011023622047
20
0.9789151181102362
11
0.9783394488188976
21
0.9790365748031495
0
LINE
8
BLACK
6
CONTINUOUS
10
0.9783394488188976
20
0.9790365748031495
11
0.9801663779527559
21
0.979325905511811
0
LINE
8
BLACK
6
CONTINUOUS
10
0.9801663779527559
20
0.979325905511811
11
0.9813779527559054
21
0.9795669291338582
0
LINE
8
BLACK
6
CONTINUOUS
10
0.9813779527559054
20
0.9795669291338582
11
0.9825895669291338
21
0.979325905511811
0
LINE
8
BLACK
6
CONTINUOUS
10
1.0298336614173229
20
0.979325905511811
11
1.0316605118110236
21
0.9790365748031495
0
LINE
8
BLACK
6
CONTINUOUS
10
1.0316605118110236
20
0.9790365748031495
11
1.0318988188976377
21
0.9789151181102362
0
LINE
8
BLACK
6
CONTINUOUS
10
1.0318988188976377
20
0.9789151181102362
11
1.0324037007874016
21
0.9788147244094488
0
LINE
8
BLACK
6
CONTINUOUS
10
1.0324037007874016
20
0.9788147244094488
11
1.0333921653543308
21
0.9781542125984252
0
LINE
8
BLACK
6
CONTINUOUS
10
1.0333921653543308
20
0.9781542125984252
11
1.0344016535433072
21
0.9776398818897638
0
LINE
8
BLACK
6
CONTINUOUS
10
1.0344016535433072
20
0.9776398818897638
11
1.0348842913385827
21
0.9771572047244095
0
LINE
8
BLACK
6
CONTINUOUS
10
1.0348842913385827
20
0.9771572047244095
11
1.0356096062992126
21
0.9766725984251968
0
LINE
8
BLACK
6
CONTINUOUS
10
1.0356096062992126
20
0.9766725984251968
11
1.0360942125984252
21
0.9759472834645669
0
LINE
8
BLACK
6
CONTINUOUS
10
1.0360942125984252
20
0.9759472834645669
11
1.0365768897637795
21
0.9754646456692914
0
LINE
8
BLACK
6
CONTINUOUS
10
1.0365768897637795
20
0.9754646456692914
11
1.037091220472441
21
0.974455157480315
0
LINE
8
BLACK
6
CONTINUOUS
10
1.037091220472441
20
0.974455157480315
11
1.0377517322834646
21
0.9734666929133858
0
LINE
8
BLACK
6
CONTINUOUS
10
1.0377517322834646
20
0.9734666929133858
11
1.0378521259842519
21
0.972961811023622
0
LINE
8
BLACK
6
CONTINUOUS
10
1.0378521259842519
20
0.972961811023622
11
1.0379735826771654
21
0.9727235039370079
0
LINE
8
BLACK
6
CONTINUOUS
10
1.0379735826771654
20
0.9727235039370079
11
1.0382629133858268
21
0.9708966535433071
0
LINE
8
BLACK
6
CONTINUOUS
10
1.0382629133858268
20
0.9708966535433071
11
1.0385039370078739
21
0.9696850393700788
0
LINE
8
BLACK
6
CONTINUOUS
10
1.0385039370078739
20
0.9696850393700788
11
1.0382629133858268
21
0.9684734645669291
0
LINE
8
BLACK
6
CONTINUOUS
10
1.0382629133858268
20
0.9684734645669291
11
1.0379735826771654
21
0.9666465354330709
0
LINE
8
BLACK
6
CONTINUOUS
10
1.0379735826771654
20
0.9666465354330709
11
1.0378521259842519
21
0.9664081889763779
0
LINE
8
BLACK
6
CONTINUOUS
10
1.0378521259842519
20
0.9664081889763779
11
1.0377517322834646
21
0.9659033858267716
0
LINE
8
BLACK
6
CONTINUOUS
10
1.0377517322834646
20
0.9659033858267716
11
1.0370912992125985
21
0.964915
0
LINE
8
BLACK
6
CONTINUOUS
10
1.0370912992125985
20
0.964915
11
1.0365768897637795
21
0.9639053937007874
0
LINE
8
BLACK
6
CONTINUOUS
10
1.0365768897637795
20
0.9639053937007874
11
1.0360941338582677
21
0.9634226377952756
0
LINE
8
BLACK
6
CONTINUOUS
10
1.0360941338582677
20
0.9634226377952756
11
1.0356096062992126
21
0.9626974803149606
0
LINE
8
BLACK
6
CONTINUOUS
10
1.0356096062992126
20
0.9626974803149606
11
1.0348844094488188
21
0.9622129133858267
0
LINE
8
BLACK
6
CONTINUOUS
10
1.0348844094488188
20
0.9622129133858267
11
1.0344016535433072
21
0.961730157480315
0
LINE
8
BLACK
6
CONTINUOUS
10
1.0344016535433072
20
0.961730157480315
11
1.0333919291338582
21
0.9612156692913386
0
LINE
8
BLACK
6
CONTINUOUS
10
1.0333919291338582
20
0.9612156692913386
11
1.0324037007874016
21
0.9605553543307086
0
LINE
8
BLACK
6
CONTINUOUS
10
1.0324037007874016
20
0.9605553543307086
11
1.0318989370078739
21
0.9604549212598424
0
LINE
8
BLACK
6
CONTINUOUS
10
1.0318989370078739
20
0.9604549212598424
11
1.0316605118110236
21
0.9603334645669291
0
LINE
8
BLACK
6
CONTINUOUS
10
1.0316605118110236
20
0.9603334645669291
11
1.0298326771653543
21
0.960043937007874
0
LINE
8
BLACK
6
CONTINUOUS
10
1.0298326771653543
20
0.960043937007874
11
1.0286220472440946
21
0.9598031496062992
0
LINE
8
BLACK
6
CONTINUOUS
10
1.0286220472440946
20
0.9598031496062992
11
1.0274114566929133
21
0.960043937007874
0
LINE
8
BLACK
6
CONTINUOUS
10
1.0274114566929133
20
0.960043937007874
11
1.0255835433070866
21
0.9603334645669291
0
LINE
8
BLACK
6
CONTINUOUS
10
1.0255835433070866
20
0.9603334645669291
11
1.0253450787401575
21
0.9604549606299212
0
LINE
8
BLACK
6
CONTINUOUS
10
1.0253450787401575
20
0.9604549606299212
11
1.0248403937007873
21
0.9605553543307086
0
LINE
8
BLACK
6
CONTINUOUS
10
1.0248403937007873
20
0.9605553543307086
11
1.0238522440944882
21
0.9612155905511811
0
LINE
8
BLACK
6
CONTINUOUS
10
1.0238522440944882
20
0.9612155905511811
11
1.0228424015748032
21
0.961730157480315
0
LINE
8
BLACK
6
CONTINUOUS
10
1.0228424015748032
20
0.961730157480315
11
1.0223595275590551
21
0.9622129921259842
0
LINE
8
BLACK
6
CONTINUOUS
10
1.0223595275590551
20
0.9622129921259842
11
1.0216344881889763
21
0.9626974803149606
0
LINE
8
BLACK
6
CONTINUOUS
10
1.0216344881889763
20
0.9626974803149606
11
1.02115
21
0.9634225196850393
0
LINE
8
BLACK
6
CONTINUOUS
10
1.02115
20
0.9634225196850393
11
1.0206671653543307
21
0.9639053937007874
0
LINE
8
BLACK
6
CONTINUOUS
10
1.0206671653543307
20
0.9639053937007874
11
1.0201525984251969
21
0.9649152362204724
0
LINE
8
BLACK
6
CONTINUOUS
10
1.0201525984251969
20
0.9649152362204724
11
1.0194923622047243
21
0.9659033858267716
0
LINE
8
BLACK
6
CONTINUOUS
10
1.0194923622047243
20
0.9659033858267716
11
1.019391968503937
21
0.9664080708661417
0
LINE
8
BLACK
6
CONTINUOUS
10
1.019391968503937
20
0.9664080708661417
11
1.0192704724409449
21
0.9666465354330709
0
LINE
8
BLACK
6
CONTINUOUS
10
1.0192704724409449
20
0.9666465354330709
11
1.0189809448818898
21
0.9684744488188977
0
LINE
8
BLACK
6
CONTINUOUS
10
1.0189809448818898
20
0.9684744488188977
11
1.018740157480315
21
0.9696850393700788
0
LINE
8
BLACK
6
CONTINUOUS
10
1.018740157480315
20
0.9696850393700788
11
1.0189809448818898
21
0.9708956692913385
0
LINE
8
BLACK
6
CONTINUOUS
10
1.0189809448818898
20
0.9708956692913385
11
1.0192704724409449
21
0.9727235039370079
0
LINE
8
BLACK
6
CONTINUOUS
10
1.0192704724409449
20
0.9727235039370079
11
1.0193919291338582
21
0.9729619291338583
0
LINE
8
BLACK
6
CONTINUOUS
10
1.0193919291338582
20
0.9729619291338583
11
1.0194923622047243
21
0.9734666929133858
0
LINE
8
BLACK
6
CONTINUOUS
10
1.0194923622047243
20
0.9734666929133858
11
1.0201526771653544
21
0.9744549212598425
0
LINE
8
BLACK
6
CONTINUOUS
10
1.0201526771653544
20
0.9744549212598425
11
1.0206671653543307
21
0.9754646456692914
0
LINE
8
BLACK
6
CONTINUOUS
10
1.0206671653543307
20
0.9754646456692914
11
1.0211499212598425
21
0.9759474015748031
0
LINE
8
BLACK
6
CONTINUOUS
10
1.0211499212598425
20
0.9759474015748031
11
1.0216344881889763
21
0.9766725984251968
0
LINE
8
BLACK
6
CONTINUOUS
10
1.0216344881889763
20
0.9766725984251968
11
1.0223596456692914
21
0.977157125984252
0
LINE
8
BLACK
6
CONTINUOUS
10
1.0223596456692914
20
0.977157125984252
11
1.0228424015748032
21
0.9776398818897638
0
LINE
8
BLACK
6
CONTINUOUS
10
1.0228424015748032
20
0.9776398818897638
11
1.0238520078740156
21
0.9781542913385827
0
LINE
8
BLACK
6
CONTINUOUS
10
1.0238520078740156
20
0.9781542913385827
11
1.0248403937007873
21
0.9788147244094488
0
LINE
8
BLACK
6
CONTINUOUS
10
1.0248403937007873
20
0.9788147244094488
11
1.0253451968503937
21
0.9789151181102362
0
LINE
8
BLACK
6
CONTINUOUS
10
1.0253451968503937
20
0.9789151181102362
11
1.0255835433070866
21
0.9790365748031495
0
LINE
8
BLACK
6
CONTINUOUS
10
1.0255835433070866
20
0.9790365748031495
11
1.027410472440945
21
0.979325905511811
0
LINE
8
BLACK
6
CONTINUOUS
10
1.027410472440945
20
0.979325905511811
11
1.0286220472440946
21
0.9795669291338582
0
LINE
8
BLACK
6
CONTINUOUS
10
1.0286220472440946
20
0.9795669291338582
11
1.0298336614173229
21
0.979325905511811
0
LINE
8
BLACK
6
CONTINUOUS
10
0.2834687795275591
20
1.1278105118110235
11
0.2848084251968504
21
1.1276551181102361
0
LINE
8
BLACK
6
CONTINUOUS
10
0.2848084251968504
20
1.1276551181102361
11
0.2852661023622047
21
1.1274529921259842
0
LINE
8
BLACK
6
CONTINUOUS
10
0.2852661023622047
20
1.1274529921259842
11
0.286162874015748
21
1.1272746456692913
0
LINE
8
BLACK
6
CONTINUOUS
10
0.286162874015748
20
1.1272746456692913
11
0.287122874015748
21
1.1266331496062991
0
LINE
8
BLACK
6
CONTINUOUS
10
0.287122874015748
20
1.1266331496062991
11
0.287560905511811
21
1.1264397637795276
0
LINE
8
BLACK
6
CONTINUOUS
10
0.287560905511811
20
1.1264397637795276
11
0.2878600787401575
21
1.1261405511811022
0
LINE
8
BLACK
6
CONTINUOUS
10
0.2878600787401575
20
1.1261405511811022
11
0.2887173622047244
21
1.1255677559055117
0
LINE
8
BLACK
6
CONTINUOUS
10
0.2887173622047244
20
1.1255677559055117
11
0.2892901574803149
21
1.1247104724409449
0
LINE
8
BLACK
6
CONTINUOUS
10
0.2892901574803149
20
1.1247104724409449
11
0.2895893700787401
21
1.1244112992125983
0
LINE
8
BLACK
6
CONTINUOUS
10
0.2895893700787401
20
1.1244112992125983
11
0.2897827559055118
21
1.1239732677165355
0
LINE
8
BLACK
6
CONTINUOUS
10
0.2897827559055118
20
1.1239732677165355
11
0.2904242519685039
21
1.1230132677165354
0
LINE
8
BLACK
6
CONTINUOUS
10
0.2904242519685039
20
1.1230132677165354
11
0.2906025984251969
21
1.1221164960629921
0
LINE
8
BLACK
6
CONTINUOUS
10
0.2906025984251969
20
1.1221164960629921
11
0.2908047244094488
21
1.1216588188976377
0
LINE
8
BLACK
6
CONTINUOUS
10
0.2908047244094488
20
1.1216588188976377
11
0.2909601181102362
21
1.1203190944881889
0
LINE
8
BLACK
6
CONTINUOUS
10
0.2909601181102362
20
1.1203190944881889
11
0.2910236220472441
21
1.1199999999999999
0
LINE
8
BLACK
6
CONTINUOUS
10
0.2910236220472441
20
1.1199999999999999
11
0.2910236220472441
21
0.97
0
LINE
8
BLACK
6
CONTINUOUS
10
0.2910236220472441
20
0.97
11
0.2909601181102362
21
0.9696808661417322
0
LINE
8
BLACK
6
CONTINUOUS
10
0.2909601181102362
20
0.9696808661417322
11
0.2908047244094488
21
0.9683411417322835
0
LINE
8
BLACK
6
CONTINUOUS
10
0.2908047244094488
20
0.9683411417322835
11
0.2906025984251969
21
0.9678833858267716
0
LINE
8
BLACK
6
CONTINUOUS
10
0.2906025984251969
20
0.9678833858267716
11
0.2904242519685039
21
0.9669867322834645
0
LINE
8
BLACK
6
CONTINUOUS
10
0.2904242519685039
20
0.9669867322834645
11
0.2897827952755905
21
0.9660267716535433
0
LINE
8
BLACK
6
CONTINUOUS
10
0.2897827952755905
20
0.9660267716535433
11
0.2895893700787401
21
0.9655886614173228
0
LINE
8
BLACK
6
CONTINUOUS
10
0.2895893700787401
20
0.9655886614173228
11
0.2892900787401575
21
0.9652893700787402
0
LINE
8
BLACK
6
CONTINUOUS
10
0.2892900787401575
20
0.9652893700787402
11
0.2887173622047244
21
0.9644322440944881
0
LINE
8
BLACK
6
CONTINUOUS
10
0.2887173622047244
20
0.9644322440944881
11
0.2878601968503937
21
0.9638594881889764
0
LINE
8
BLACK
6
CONTINUOUS
10
0.2878601968503937
20
0.9638594881889764
11
0.287560905511811
21
0.9635601968503936
0
LINE
8
BLACK
6
CONTINUOUS
10
0.287560905511811
20
0.9635601968503936
11
0.2871227165354331
21
0.9633666929133858
0
LINE
8
BLACK
6
CONTINUOUS
10
0.2871227165354331
20
0.9633666929133858
11
0.286162874015748
21
0.9627253543307086
0
LINE
8
BLACK
6
CONTINUOUS
10
0.286162874015748
20
0.9627253543307086
11
0.2852662992125984
21
0.9625470078740157
0
LINE
8
BLACK
6
CONTINUOUS
10
0.2852662992125984
20
0.9625470078740157
11
0.2848084251968504
21
0.962344842519685
0
LINE
8
BLACK
6
CONTINUOUS
10
0.2848084251968504
20
0.962344842519685
11
0.2834682283464567
21
0.9621893307086614
0
LINE
8
BLACK
6
CONTINUOUS
10
0.2834682283464567
20
0.9621893307086614
11
0.2831496062992126
21
0.9621259842519685
0
LINE
8
BLACK
6
CONTINUOUS
10
0.2831496062992126
20
0.9621259842519685
11
0.2829219291338583
21
0.9621259842519685
0
LINE
8
BLACK
6
CONTINUOUS
10
0.2829219291338583
20
0.9621259842519685
11
0.1333773228346457
21
0.9621259842519685
0
LINE
8
BLACK
6
CONTINUOUS
10
0.1333773228346457
20
0.9621259842519685
11
0.1331496062992126
21
0.9621259842519685
0
LINE
8
BLACK
6
CONTINUOUS
10
0.1331496062992126
20
0.9621259842519685
11
0.1328309448818898
21
0.9621893307086614
0
LINE
8
BLACK
6
CONTINUOUS
10
0.1328309448818898
20
0.9621893307086614
11
0.131490748031496
21
0.962344842519685
0
LINE
8
BLACK
6
CONTINUOUS
10
0.131490748031496
20
0.962344842519685
11
0.1310328346456693
21
0.9625470078740157
0
LINE
8
BLACK
6
CONTINUOUS
10
0.1310328346456693
20
0.9625470078740157
11
0.1301363385826772
21
0.9627253543307086
0
LINE
8
BLACK
6
CONTINUOUS
10
0.1301363385826772
20
0.9627253543307086
11
0.1291765354330709
21
0.9633666535433071
0
LINE
8
BLACK
6
CONTINUOUS
10
0.1291765354330709
20
0.9633666535433071
11
0.1287382677165354
21
0.9635601968503936
0
LINE
8
BLACK
6
CONTINUOUS
10
0.1287382677165354
20
0.9635601968503936
11
0.1284388582677165
21
0.9638595669291339
0
LINE
8
BLACK
6
CONTINUOUS
10
0.1284388582677165
20
0.9638595669291339
11
0.1275818503937008
21
0.9644322440944881
0
LINE
8
BLACK
6
CONTINUOUS
10
0.1275818503937008
20
0.9644322440944881
11
0.1270091732283465
21
0.9652892519685039
0
LINE
8
BLACK
6
CONTINUOUS
10
0.1270091732283465
20
0.9652892519685039
11
0.1267098031496063
21
0.9655886614173228
0
LINE
8
BLACK
6
CONTINUOUS
10
0.1267098031496063
20
0.9655886614173228
11
0.1265162598425197
21
0.9660269291338582
0
LINE
8
BLACK
6
CONTINUOUS
10
0.1265162598425197
20
0.9660269291338582
11
0.1258749606299213
21
0.9669867322834645
0
LINE
8
BLACK
6
CONTINUOUS
10
0.1258749606299213
20
0.9669867322834645
11
0.1256966141732283
21
0.9678832283464567
0
LINE
8
BLACK
6
CONTINUOUS
10
0.1256966141732283
20
0.9678832283464567
11
0.1254944488188976
21
0.9683411417322835
0
LINE
8
BLACK
6
CONTINUOUS
10
0.1254944488188976
20
0.9683411417322835
11
0.125338937007874
21
0.9696814173228346
0
LINE
8
BLACK
6
CONTINUOUS
10
0.125338937007874
20
0.9696814173228346
11
0.1252755905511811
21
0.97
0
LINE
8
BLACK
6
CONTINUOUS
10
0.1252755905511811
20
0.97
11
0.1252755905511811
21
1.1199999999999999
0
LINE
8
BLACK
6
CONTINUOUS
10
0.1252755905511811
20
1.1199999999999999
11
0.1253389763779527
21
1.1203187007874016
0
LINE
8
BLACK
6
CONTINUOUS
10
0.1253389763779527
20
1.1203187007874016
11
0.1254944488188976
21
1.1216588188976377
0
LINE
8
BLACK
6
CONTINUOUS
10
0.1254944488188976
20
1.1216588188976377
11
0.1256966141732283
21
1.1221166929133859
0
LINE
8
BLACK
6
CONTINUOUS
10
0.1256966141732283
20
1.1221166929133859
11
0.1258749606299213
21
1.1230132677165354
0
LINE
8
BLACK
6
CONTINUOUS
10
0.1258749606299213
20
1.1230132677165354
11
0.1265162992125984
21
1.1239731102362205
0
LINE
8
BLACK
6
CONTINUOUS
10
0.1265162992125984
20
1.1239731102362205
11
0.1267098031496063
21
1.1244112992125983
0
LINE
8
BLACK
6
CONTINUOUS
10
0.1267098031496063
20
1.1244112992125983
11
0.127009094488189
21
1.1247105905511812
0
LINE
8
BLACK
6
CONTINUOUS
10
0.127009094488189
20
1.1247105905511812
11
0.1275818503937008
21
1.1255677559055117
0
LINE
8
BLACK
6
CONTINUOUS
10
0.1275818503937008
20
1.1255677559055117
11
0.1284389763779528
21
1.126140472440945
0
LINE
8
BLACK
6
CONTINUOUS
10
0.1284389763779528
20
1.126140472440945
11
0.1287382677165354
21
1.1264397637795276
0
LINE
8
BLACK
6
CONTINUOUS
10
0.1287382677165354
20
1.1264397637795276
11
0.1291763779527559
21
1.1266331889763779
0
LINE
8
BLACK
6
CONTINUOUS
10
0.1291763779527559
20
1.1266331889763779
11
0.1301363385826772
21
1.1272746456692913
0
LINE
8
BLACK
6
CONTINUOUS
10
0.1301363385826772
20
1.1272746456692913
11
0.1310329921259842
21
1.1274529921259842
0
LINE
8
BLACK
6
CONTINUOUS
10
0.1310329921259842
20
1.1274529921259842
11
0.131490748031496
21
1.1276551181102361
0
LINE
8
BLACK
6
CONTINUOUS
10
0.131490748031496
20
1.1276551181102361
11
0.1328305511811023
21
1.1278105511811023
0
LINE
8
BLACK
6
CONTINUOUS
10
0.1328305511811023
20
1.1278105511811023
11
0.1331496062992126
21
1.1278740157480314
0
LINE
8
BLACK
6
CONTINUOUS
10
0.1331496062992126
20
1.1278740157480314
11
0.2831496062992126
21
1.1278740157480314
0
LINE
8
BLACK
6
CONTINUOUS
10
0.2831496062992126
20
1.1278740157480314
11
0.2834687795275591
21
1.1278105118110235
0
LINE
8
BLACK
6
CONTINUOUS
10
0.4803191732283464
20
1.1278105118110235
11
0.4816588188976378
21
1.1276551181102361
0
LINE
8
BLACK
6
CONTINUOUS
10
0.4816588188976378
20
1.1276551181102361
11
0.4821164960629921
21
1.1274529921259842
0
LINE
8
BLACK
6
CONTINUOUS
10
0.4821164960629921
20
1.1274529921259842
11
0.4830132677165354
21
1.1272746456692913
0
LINE
8
BLACK
6
CONTINUOUS
10
0.4830132677165354
20
1.1272746456692913
11
0.4839732677165354
21
1.1266331496062991
0
LINE
8
BLACK
6
CONTINUOUS
10
0.4839732677165354
20
1.1266331496062991
11
0.4844112992125984
21
1.1264397637795276
0
LINE
8
BLACK
6
CONTINUOUS
10
0.4844112992125984
20
1.1264397637795276
11
0.4847104724409449
21
1.1261405511811022
0
LINE
8
BLACK
6
CONTINUOUS
10
0.4847104724409449
20
1.1261405511811022
11
0.4855677559055118
21
1.1255677559055117
0
LINE
8
BLACK
6
CONTINUOUS
10
0.4855677559055118
20
1.1255677559055117
11
0.4861405511811023
21
1.1247104724409449
0
LINE
8
BLACK
6
CONTINUOUS
10
0.4861405511811023
20
1.1247104724409449
11
0.4864397637795275
21
1.1244112992125983
0
LINE
8
BLACK
6
CONTINUOUS
10
0.4864397637795275
20
1.1244112992125983
11
0.4866331496062992
21
1.1239732677165355
0
LINE
8
BLACK
6
CONTINUOUS
10
0.4866331496062992
20
1.1239732677165355
11
0.4872746456692914
21
1.1230132677165354
0
LINE
8
BLACK
6
CONTINUOUS
10
0.4872746456692914
20
1.1230132677165354
11
0.4874529921259843
21
1.1221164960629921
0
LINE
8
BLACK
6
CONTINUOUS
10
0.4874529921259843
20
1.1221164960629921
11
0.4876551181102362
21
1.1216588188976377
0
LINE
8
BLACK
6
CONTINUOUS
10
0.4876551181102362
20
1.1216588188976377
11
0.4878105118110236
21
1.1203190944881889
0
LINE
8
BLACK
6
CONTINUOUS
10
0.4878105118110236
20
1.1203190944881889
11
0.4878740157480315
21
1.1199999999999999
0
LINE
8
BLACK
6
CONTINUOUS
10
0.4878740157480315
20
1.1199999999999999
11
0.4878740157480315
21
0.97
0
LINE
8
BLACK
6
CONTINUOUS
10
0.4878740157480315
20
0.97
11
0.4878105118110236
21
0.9696808661417322
0
LINE
8
BLACK
6
CONTINUOUS
10
0.4878105118110236
20
0.9696808661417322
11
0.4876551181102362
21
0.9683411417322835
0
LINE
8
BLACK
6
CONTINUOUS
10
0.4876551181102362
20
0.9683411417322835
11
0.4874529921259843
21
0.9678833858267716
0
LINE
8
BLACK
6
CONTINUOUS
10
0.4874529921259843
20
0.9678833858267716
11
0.4872746456692914
21
0.9669867322834645
0
LINE
8
BLACK
6
CONTINUOUS
10
0.4872746456692914
20
0.9669867322834645
11
0.4866331889763779
21
0.9660267716535433
0
LINE
8
BLACK
6
CONTINUOUS
10
0.4866331889763779
20
0.9660267716535433
11
0.4864397637795275
21
0.9655886614173228
0
LINE
8
BLACK
6
CONTINUOUS
10
0.4864397637795275
20
0.9655886614173228
11
0.4861404724409449
21
0.9652893700787402
0
LINE
8
BLACK
6
CONTINUOUS
10
0.4861404724409449
20
0.9652893700787402
11
0.4855677559055118
21
0.9644322440944881
0
LINE
8
BLACK
6
CONTINUOUS
10
0.4855677559055118
20
0.9644322440944881
11
0.4847105905511811
21
0.9638594881889764
0
LINE
8
BLACK
6
CONTINUOUS
10
0.4847105905511811
20
0.9638594881889764
11
0.4844112992125984
21
0.9635601968503936
0
LINE
8
BLACK
6
CONTINUOUS
10
0.4844112992125984
20
0.9635601968503936
11
0.4839731102362205
21
0.9633666929133858
0
LINE
8
BLACK
6
CONTINUOUS
10
0.4839731102362205
20
0.9633666929133858
11
0.4830132677165354
21
0.9627253543307086
0
LINE
8
BLACK
6
CONTINUOUS
10
0.4830132677165354
20
0.9627253543307086
11
0.4821166929133858
21
0.9625470078740157
0
LINE
8
BLACK
6
CONTINUOUS
10
0.4821166929133858
20
0.9625470078740157
11
0.4816588188976378
21
0.962344842519685
0
LINE
8
BLACK
6
CONTINUOUS
10
0.4816588188976378
20
0.962344842519685
11
0.4803186220472441
21
0.9621893307086614
0
LINE
8
BLACK
6
CONTINUOUS
10
0.4803186220472441
20
0.9621893307086614
11
0.48
21
0.9621259842519685
0
LINE
8
BLACK
6
CONTINUOUS
10
0.48
20
0.9621259842519685
11
0.4797723228346457
21
0.9621259842519685
0
LINE
8
BLACK
6
CONTINUOUS
10
0.4797723228346457
20
0.9621259842519685
11
0.330227716535433
21
0.9621259842519685
0
LINE
8
BLACK
6
CONTINUOUS
10
0.330227716535433
20
0.9621259842519685
11
0.33
21
0.9621259842519685
0
LINE
8
BLACK
6
CONTINUOUS
10
0.33
20
0.9621259842519685
11
0.3296813385826772
21
0.9621893307086614
0
LINE
8
BLACK
6
CONTINUOUS
10
0.3296813385826772
20
0.9621893307086614
11
0.3283411417322835
21
0.962344842519685
0
LINE
8
BLACK
6
CONTINUOUS
10
0.3283411417322835
20
0.962344842519685
11
0.3278832283464567
21
0.9625470078740157
0
LINE
8
BLACK
6
CONTINUOUS
10
0.3278832283464567
20
0.9625470078740157
11
0.3269867322834645
21
0.9627253543307086
0
LINE
8
BLACK
6
CONTINUOUS
10
0.3269867322834645
20
0.9627253543307086
11
0.3260269291338583
21
0.9633666535433071
0
LINE
8
BLACK
6
CONTINUOUS
10
0.3260269291338583
20
0.9633666535433071
11
0.3255886614173228
21
0.9635601968503936
0
LINE
8
BLACK
6
CONTINUOUS
10
0.3255886614173228
20
0.9635601968503936
11
0.3252892519685039
21
0.9638595669291339
0
LINE
8
BLACK
6
CONTINUOUS
10
0.3252892519685039
20
0.9638595669291339
11
0.3244322440944882
21
0.9644322440944881
0
LINE
8
BLACK
6
CONTINUOUS
10
0.3244322440944882
20
0.9644322440944881
11
0.3238595669291339
21
0.9652892519685039
0
LINE
8
BLACK
6
CONTINUOUS
10
0.3238595669291339
20
0.9652892519685039
11
0.3235601968503937
21
0.9655886614173228
0
LINE
8
BLACK
6
CONTINUOUS
10
0.3235601968503937
20
0.9655886614173228
11
0.3233666535433071
21
0.9660269291338582
0
LINE
8
BLACK
6
CONTINUOUS
10
0.3233666535433071
20
0.9660269291338582
11
0.3227253543307086
21
0.9669867322834645
0
LINE
8
BLACK
6
CONTINUOUS
10
0.3227253543307086
20
0.9669867322834645
11
0.3225470078740157
21
0.9678832283464567
0
LINE
8
BLACK
6
CONTINUOUS
10
0.3225470078740157
20
0.9678832283464567
11
0.322344842519685
21
0.9683411417322835
0
LINE
8
BLACK
6
CONTINUOUS
10
0.322344842519685
20
0.9683411417322835
11
0.3221893307086614
21
0.9696814173228346
0
LINE
8
BLACK
6
CONTINUOUS
10
0.3221893307086614
20
0.9696814173228346
11
0.3221259842519685
21
0.97
0
LINE
8
BLACK
6
CONTINUOUS
10
0.3221259842519685
20
0.97
11
0.3221259842519685
21
1.1199999999999999
0
LINE
8
BLACK
6
CONTINUOUS
10
0.3221259842519685
20
1.1199999999999999
11
0.3221893700787402
21
1.1203187007874016
0
LINE
8
BLACK
6
CONTINUOUS
10
0.3221893700787402
20
1.1203187007874016
11
0.322344842519685
21
1.1216588188976377
0
LINE
8
BLACK
6
CONTINUOUS
10
0.322344842519685
20
1.1216588188976377
11
0.3225470078740157
21
1.1221166929133859
0
LINE
8
BLACK
6
CONTINUOUS
10
0.3225470078740157
20
1.1221166929133859
11
0.3227253543307086
21
1.1230132677165354
0
LINE
8
BLACK
6
CONTINUOUS
10
0.3227253543307086
20
1.1230132677165354
11
0.3233666929133858
21
1.1239731102362205
0
LINE
8
BLACK
6
CONTINUOUS
10
0.3233666929133858
20
1.1239731102362205
11
0.3235601968503937
21
1.1244112992125983
0
LINE
8
BLACK
6
CONTINUOUS
10
0.3235601968503937
20
1.1244112992125983
11
0.3238594881889764
21
1.1247105905511812
0
LINE
8
BLACK
6
CONTINUOUS
10
0.3238594881889764
20
1.1247105905511812
11
0.3244322440944882
21
1.1255677559055117
0
LINE
8
BLACK
6
CONTINUOUS
10
0.3244322440944882
20
1.1255677559055117
11
0.3252893700787401
21
1.126140472440945
0
LINE
8
BLACK
6
CONTINUOUS
10
0.3252893700787401
20
1.126140472440945
11
0.3255886614173228
21
1.1264397637795276
0
LINE
8
BLACK
6
CONTINUOUS
10
0.3255886614173228
20
1.1264397637795276
11
0.3260267716535433
21
1.1266331889763779
0
LINE
8
BLACK
6
CONTINUOUS
10
0.3260267716535433
20
1.1266331889763779
11
0.3269867322834645
21
1.1272746456692913
0
LINE
8
BLACK
6
CONTINUOUS
10
0.3269867322834645
20
1.1272746456692913
11
0.3278833858267716
21
1.1274529921259842
0
LINE
8
BLACK
6
CONTINUOUS
10
0.3278833858267716
20
1.1274529921259842
11
0.3283411417322835
21
1.1276551181102361
0
LINE
8
BLACK
6
CONTINUOUS
10
0.3283411417322835
20
1.1276551181102361
11
0.3296809448818898
21
1.1278105511811023
0
LINE
8
BLACK
6
CONTINUOUS
10
0.3296809448818898
20
1.1278105511811023
11
0.33
21
1.1278740157480314
0
LINE
8
BLACK
6
CONTINUOUS
10
0.33
20
1.1278740157480314
11
0.48
21
1.1278740157480314
0
LINE
8
BLACK
6
CONTINUOUS
10
0.48
20
1.1278740157480314
11
0.4803191732283464
21
1.1278105118110235
0
LINE
8
BLACK
6
CONTINUOUS
10
1.6653191732283463
20
1.1278105118110235
11
1.6666588188976377
21
1.1276551181102361
0
LINE
8
BLACK
6
CONTINUOUS
10
1.6666588188976377
20
1.1276551181102361
11
1.6671164960629921
21
1.1274529921259842
0
LINE
8
BLACK
6
CONTINUOUS
10
1.6671164960629921
20
1.1274529921259842
11
1.6680132677165354
21
1.1272746456692913
0
LINE
8
BLACK
6
CONTINUOUS
10
1.6680132677165354
20
1.1272746456692913
11
1.6689732677165354
21
1.1266331496062991
0
LINE
8
BLACK
6
CONTINUOUS
10
1.6689732677165354
20
1.1266331496062991
11
1.6694112992125985
21
1.1264397637795276
0
LINE
8
BLACK
6
CONTINUOUS
10
1.6694112992125985
20
1.1264397637795276
11
1.6697104724409448
21
1.1261405511811022
0
LINE
8
BLACK
6
CONTINUOUS
10
1.6697104724409448
20
1.1261405511811022
11
1.6705677559055119
21
1.1255677559055117
0
LINE
8
BLACK
6
CONTINUOUS
10
1.6705677559055119
20
1.1255677559055117
11
1.6711405511811024
21
1.1247104724409449
0
LINE
8
BLACK
6
CONTINUOUS
10
1.6711405511811024
20
1.1247104724409449
11
1.6714397637795275
21
1.1244112992125983
0
LINE
8
BLACK
6
CONTINUOUS
10
1.6714397637795275
20
1.1244112992125983
11
1.6716331496062993
21
1.1239732677165355
0
LINE
8
BLACK
6
CONTINUOUS
10
1.6716331496062993
20
1.1239732677165355
11
1.6722746456692914
21
1.1230132677165354
0
LINE
8
BLACK
6
CONTINUOUS
10
1.6722746456692914
20
1.1230132677165354
11
1.6724529921259843
21
1.1221164960629921
0
LINE
8
BLACK
6
CONTINUOUS
10
1.6724529921259843
20
1.1221164960629921
11
1.6726551181102363
21
1.1216588188976377
0
LINE
8
BLACK
6
CONTINUOUS
10
1.6726551181102363
20
1.1216588188976377
11
1.6728105118110237
21
1.1203190944881889
0
LINE
8
BLACK
6
CONTINUOUS
10
1.6728105118110237
20
1.1203190944881889
11
1.6728740157480315
21
1.1199999999999999
0
LINE
8
BLACK
6
CONTINUOUS
10
1.6728740157480315
20
1.1199999999999999
11
1.6728740157480315
21
0.97
0
LINE
8
BLACK
6
CONTINUOUS
10
1.6728740157480315
20
0.97
11
1.6728105118110237
21
0.9696808661417322
0
LINE
8
BLACK
6
CONTINUOUS
10
1.6728105118110237
20
0.9696808661417322
11
1.6726551181102363
21
0.9683411417322835
0
LINE
8
BLACK
6
CONTINUOUS
10
1.6726551181102363
20
0.9683411417322835
11
1.6724529921259843
21
0.9678833858267716
0
LINE
8
BLACK
6
CONTINUOUS
10
1.6724529921259843
20
0.9678833858267716
11
1.6722746456692914
21
0.9669867322834645
0
LINE
8
BLACK
6
CONTINUOUS
10
1.6722746456692914
20
0.9669867322834645
11
1.6716331889763778
21
0.9660267716535433
0
LINE
8
BLACK
6
CONTINUOUS
10
1.6716331889763778
20
0.9660267716535433
11
1.6714397637795275
21
0.9655886614173228
0
LINE
8
BLACK
6
CONTINUOUS
10
1.6714397637795275
20
0.9655886614173228
11
1.6711404724409449
21
0.9652893700787402
0
LINE
8
BLACK
6
CONTINUOUS
10
1.6711404724409449
20
0.9652893700787402
11
1.6705677559055119
21
0.9644322440944881
0
LINE
8
BLACK
6
CONTINUOUS
10
1.6705677559055119
20
0.9644322440944881
11
1.6697105905511811
21
0.9638594881889764
0
LINE
8
BLACK
6
CONTINUOUS
10
1.6697105905511811
20
0.9638594881889764
11
1.6694112992125985
21
0.9635601968503936
0
LINE
8
BLACK
6
CONTINUOUS
10
1.6694112992125985
20
0.9635601968503936
11
1.6689731102362204
21
0.9633666929133858
0
LINE
8
BLACK
6
CONTINUOUS
10
1.6689731102362204
20
0.9633666929133858
11
1.6680132677165354
21
0.9627253543307086
0
LINE
8
BLACK
6
CONTINUOUS
10
1.6680132677165354
20
0.9627253543307086
11
1.6671166929133858
21
0.9625470078740157
0
LINE
8
BLACK
6
CONTINUOUS
10
1.6671166929133858
20
0.9625470078740157
11
1.6666588188976377
21
0.962344842519685
0
LINE
8
BLACK
6
CONTINUOUS
10
1.6666588188976377
20
0.962344842519685
11
1.665318622047244
21
0.9621893307086614
0
LINE
8
BLACK
6
CONTINUOUS
10
1.665318622047244
20
0.9621893307086614
11
1.665
21
0.9621259842519685
0
LINE
8
BLACK
6
CONTINUOUS
10
1.665
20
0.9621259842519685
11
1.6647723228346456
21
0.9621259842519685
0
LINE
8
BLACK
6
CONTINUOUS
10
1.6647723228346456
20
0.9621259842519685
11
1.5152277165354331
21
0.9621259842519685
0
LINE
8
BLACK
6
CONTINUOUS
10
1.5152277165354331
20
0.9621259842519685
11
1.5149999999999999
21
0.9621259842519685
0
LINE
8
BLACK
6
CONTINUOUS
10
1.5149999999999999
20
0.9621259842519685
11
1.5146813385826772
21
0.9621893307086614
0
LINE
8
BLACK
6
CONTINUOUS
10
1.5146813385826772
20
0.9621893307086614
11
1.5133411417322835
21
0.962344842519685
0
LINE
8
BLACK
6
CONTINUOUS
10
1.5133411417322835
20
0.962344842519685
11
1.5128832283464566
21
0.9625470078740157
0
LINE
8
BLACK
6
CONTINUOUS
10
1.5128832283464566
20
0.9625470078740157
11
1.5119867322834646
21
0.9627253543307086
0
LINE
8
BLACK
6
CONTINUOUS
10
1.5119867322834646
20
0.9627253543307086
11
1.5110269291338583
21
0.9633666535433071
0
LINE
8
BLACK
6
CONTINUOUS
10
1.5110269291338583
20
0.9633666535433071
11
1.5105886614173227
21
0.9635601968503936
0
LINE
8
BLACK
6
CONTINUOUS
10
1.5105886614173227
20
0.9635601968503936
11
1.5102892519685038
21
0.9638595669291339
0
LINE
8
BLACK
6
CONTINUOUS
10
1.5102892519685038
20
0.9638595669291339
11
1.5094322440944881
21
0.9644322440944881
0
LINE
8
BLACK
6
CONTINUOUS
10
1.5094322440944881
20
0.9644322440944881
11
1.5088595669291338
21
0.9652892519685039
0
LINE
8
BLACK
6
CONTINUOUS
10
1.5088595669291338
20
0.9652892519685039
11
1.5085601968503937
21
0.9655886614173228
0
LINE
8
BLACK
6
CONTINUOUS
10
1.5085601968503937
20
0.9655886614173228
11
1.5083666535433071
21
0.9660269291338582
0
LINE
8
BLACK
6
CONTINUOUS
10
1.5083666535433071
20
0.9660269291338582
11
1.5077253543307085
21
0.9669867322834645
0
LINE
8
BLACK
6
CONTINUOUS
10
1.5077253543307085
20
0.9669867322834645
11
1.5075470078740156
21
0.9678832283464567
0
LINE
8
BLACK
6
CONTINUOUS
10
1.5075470078740156
20
0.9678832283464567
11
1.5073448425196849
21
0.9683411417322835
0
LINE
8
BLACK
6
CONTINUOUS
10
1.5073448425196849
20
0.9683411417322835
11
1.5071893307086615
21
0.9696814173228346
0
LINE
8
BLACK
6
CONTINUOUS
10
1.5071893307086615
20
0.9696814173228346
11
1.5071259842519684
21
0.97
0
LINE
8
BLACK
6
CONTINUOUS
10
1.5071259842519684
20
0.97
11
1.5071259842519684
21
1.1199999999999999
0
LINE
8
BLACK
6
CONTINUOUS
10
1.5071259842519684
20
1.1199999999999999
11
1.5071893700787402
21
1.1203187007874016
0
LINE
8
BLACK
6
CONTINUOUS
10
1.5071893700787402
20
1.1203187007874016
11
1.5073448425196849
21
1.1216588188976377
0
LINE
8
BLACK
6
CONTINUOUS
10
1.5073448425196849
20
1.1216588188976377
11
1.5075470078740156
21
1.1221166929133859
0
LINE
8
BLACK
6
CONTINUOUS
10
1.5075470078740156
20
1.1221166929133859
11
1.5077253543307085
21
1.1230132677165354
0
LINE
8
BLACK
6
CONTINUOUS
10
1.5077253543307085
20
1.1230132677165354
11
1.5083666929133859
21
1.1239731102362205
0
LINE
8
BLACK
6
CONTINUOUS
10
1.5083666929133859
20
1.1239731102362205
11
1.5085601968503937
21
1.1244112992125983
0
LINE
8
BLACK
6
CONTINUOUS
10
1.5085601968503937
20
1.1244112992125983
11
1.5088594881889763
21
1.1247105905511812
0
LINE
8
BLACK
6
CONTINUOUS
10
1.5088594881889763
20
1.1247105905511812
11
1.5094322440944881
21
1.1255677559055117
0
LINE
8
BLACK
6
CONTINUOUS
10
1.5094322440944881
20
1.1255677559055117
11
1.5102893700787401
21
1.126140472440945
0
LINE
8
BLACK
6
CONTINUOUS
10
1.5102893700787401
20
1.126140472440945
11
1.5105886614173227
21
1.1264397637795276
0
LINE
8
BLACK
6
CONTINUOUS
10
1.5105886614173227
20
1.1264397637795276
11
1.5110267716535433
21
1.1266331889763779
0
LINE
8
BLACK
6
CONTINUOUS
10
1.5110267716535433
20
1.1266331889763779
11
1.5119867322834646
21
1.1272746456692913
0
LINE
8
BLACK
6
CONTINUOUS
10
1.5119867322834646
20
1.1272746456692913
11
1.5128833858267716
21
1.1274529921259842
0
LINE
8
BLACK
6
CONTINUOUS
10
1.5128833858267716
20
1.1274529921259842
11
1.5133411417322835
21
1.1276551181102361
0
LINE
8
BLACK
6
CONTINUOUS
10
1.5133411417322835
20
1.1276551181102361
11
1.5146809448818896
21
1.1278105511811023
0
LINE
8
BLACK
6
CONTINUOUS
10
1.5146809448818896
20
1.1278105511811023
11
1.5149999999999999
21
1.1278740157480314
0
LINE
8
BLACK
6
CONTINUOUS
10
1.5149999999999999
20
1.1278740157480314
11
1.665
21
1.1278740157480314
0
LINE
8
BLACK
6
CONTINUOUS
10
1.665
20
1.1278740157480314
11
1.6653191732283463
21
1.1278105118110235
0
LINE
8
BLACK
6
CONTINUOUS
10
1.8621695669291338
20
1.1278105118110235
11
1.8635092125984252
21
1.1276551181102361
0
LINE
8
BLACK
6
CONTINUOUS
10
1.8635092125984252
20
1.1276551181102361
11
1.8639668897637796
21
1.1274529921259842
0
LINE
8
BLACK
6
CONTINUOUS
10
1.8639668897637796
20
1.1274529921259842
11
1.8648636614173228
21
1.1272746456692913
0
LINE
8
BLACK
6
CONTINUOUS
10
1.8648636614173228
20
1.1272746456692913
11
1.8658236614173227
21
1.1266331496062991
0
LINE
8
BLACK
6
CONTINUOUS
10
1.8658236614173227
20
1.1266331496062991
11
1.8662616929133857
21
1.1264397637795276
0
LINE
8
BLACK
6
CONTINUOUS
10
1.8662616929133857
20
1.1264397637795276
11
1.8665608661417323
21
1.1261405511811022
0
LINE
8
BLACK
6
CONTINUOUS
10
1.8665608661417323
20
1.1261405511811022
11
1.8674181496062991
21
1.1255677559055117
0
LINE
8
BLACK
6
CONTINUOUS
10
1.8674181496062991
20
1.1255677559055117
11
1.8679909448818897
21
1.1247104724409449
0
LINE
8
BLACK
6
CONTINUOUS
10
1.8679909448818897
20
1.1247104724409449
11
1.868290157480315
21
1.1244112992125983
0
LINE
8
BLACK
6
CONTINUOUS
10
1.868290157480315
20
1.1244112992125983
11
1.8684835433070865
21
1.1239732677165355
0
LINE
8
BLACK
6
CONTINUOUS
10
1.8684835433070865
20
1.1239732677165355
11
1.8691250393700787
21
1.1230132677165354
0
LINE
8
BLACK
6
CONTINUOUS
10
1.8691250393700787
20
1.1230132677165354
11
1.8693033858267716
21
1.1221164960629921
0
LINE
8
BLACK
6
CONTINUOUS
10
1.8693033858267716
20
1.1221164960629921
11
1.8695055118110235
21
1.1216588188976377
0
LINE
8
BLACK
6
CONTINUOUS
10
1.8695055118110235
20
1.1216588188976377
11
1.869660905511811
21
1.1203190944881889
0
LINE
8
BLACK
6
CONTINUOUS
10
1.869660905511811
20
1.1203190944881889
11
1.8697244094488188
21
1.1199999999999999
0
LINE
8
BLACK
6
CONTINUOUS
10
1.8697244094488188
20
1.1199999999999999
11
1.8697244094488188
21
0.97
0
LINE
8
BLACK
6
CONTINUOUS
10
1.8697244094488188
20
0.97
11
1.869660905511811
21
0.9696808661417322
0
LINE
8
BLACK
6
CONTINUOUS
10
1.869660905511811
20
0.9696808661417322
11
1.8695055118110235
21
0.9683411417322835
0
LINE
8
BLACK
6
CONTINUOUS
10
1.8695055118110235
20
0.9683411417322835
11
1.8693033858267716
21
0.9678833858267716
0
LINE
8
BLACK
6
CONTINUOUS
10
1.8693033858267716
20
0.9678833858267716
11
1.8691250393700787
21
0.9669867322834645
0
LINE
8
BLACK
6
CONTINUOUS
10
1.8691250393700787
20
0.9669867322834645
11
1.8684835826771653
21
0.9660267716535433
0
LINE
8
BLACK
6
CONTINUOUS
10
1.8684835826771653
20
0.9660267716535433
11
1.868290157480315
21
0.9655886614173228
0
LINE
8
BLACK
6
CONTINUOUS
10
1.868290157480315
20
0.9655886614173228
11
1.8679908661417322
21
0.9652893700787402
0
LINE
8
BLACK
6
CONTINUOUS
10
1.8679908661417322
20
0.9652893700787402
11
1.8674181496062991
21
0.9644322440944881
0
LINE
8
BLACK
6
CONTINUOUS
10
1.8674181496062991
20
0.9644322440944881
11
1.8665609842519684
21
0.9638594881889764
0
LINE
8
BLACK
6
CONTINUOUS
10
1.8665609842519684
20
0.9638594881889764
11
1.8662616929133857
21
0.9635601968503936
0
LINE
8
BLACK
6
CONTINUOUS
10
1.8662616929133857
20
0.9635601968503936
11
1.8658235039370079
21
0.9633666929133858
0
LINE
8
BLACK
6
CONTINUOUS
10
1.8658235039370079
20
0.9633666929133858
11
1.8648636614173228
21
0.9627253543307086
0
LINE
8
BLACK
6
CONTINUOUS
10
1.8648636614173228
20
0.9627253543307086
11
1.8639670866141731
21
0.9625470078740157
0
LINE
8
BLACK
6
CONTINUOUS
10
1.8639670866141731
20
0.9625470078740157
11
1.8635092125984252
21
0.962344842519685
0
LINE
8
BLACK
6
CONTINUOUS
10
1.8635092125984252
20
0.962344842519685
11
1.8621690157480315
21
0.9621893307086614
0
LINE
8
BLACK
6
CONTINUOUS
10
1.8621690157480315
20
0.9621893307086614
11
1.8618503937007873
21
0.9621259842519685
0
LINE
8
BLACK
6
CONTINUOUS
10
1.8618503937007873
20
0.9621259842519685
11
1.8616227165354331
21
0.9621259842519685
0
LINE
8
BLACK
6
CONTINUOUS
10
1.8616227165354331
20
0.9621259842519685
11
1.7120781102362204
21
0.9621259842519685
0
LINE
8
BLACK
6
CONTINUOUS
10
1.7120781102362204
20
0.9621259842519685
11
1.7118503937007874
21
0.9621259842519685
0
LINE
8
BLACK
6
CONTINUOUS
10
1.7118503937007874
20
0.9621259842519685
11
1.7115317322834644
21
0.9621893307086614
0
LINE
8
BLACK
6
CONTINUOUS
10
1.7115317322834644
20
0.9621893307086614
11
1.7101915354330708
21
0.962344842519685
0
LINE
8
BLACK
6
CONTINUOUS
10
1.7101915354330708
20
0.962344842519685
11
1.7097336220472441
21
0.9625470078740157
0
LINE
8
BLACK
6
CONTINUOUS
10
1.7097336220472441
20
0.9625470078740157
11
1.7088371259842519
21
0.9627253543307086
0
LINE
8
BLACK
6
CONTINUOUS
10
1.7088371259842519
20
0.9627253543307086
11
1.7078773228346456
21
0.9633666535433071
0
LINE
8
BLACK
6
CONTINUOUS
10
1.7078773228346456
20
0.9633666535433071
11
1.7074390551181102
21
0.9635601968503936
0
LINE
8
BLACK
6
CONTINUOUS
10
1.7074390551181102
20
0.9635601968503936
11
1.7071396456692913
21
0.9638595669291339
0
LINE
8
BLACK
6
CONTINUOUS
10
1.7071396456692913
20
0.9638595669291339
11
1.7062826377952756
21
0.9644322440944881
0
LINE
8
BLACK
6
CONTINUOUS
10
1.7062826377952756
20
0.9644322440944881
11
1.7057099606299213
21
0.9652892519685039
0
LINE
8
BLACK
6
CONTINUOUS
10
1.7057099606299213
20
0.9652892519685039
11
1.7054105905511812
21
0.9655886614173228
0
LINE
8
BLACK
6
CONTINUOUS
10
1.7054105905511812
20
0.9655886614173228
11
1.7052170472440944
21
0.9660269291338582
0
LINE
8
BLACK
6
CONTINUOUS
10
1.7052170472440944
20
0.9660269291338582
11
1.704575748031496
21
0.9669867322834645
0
LINE
8
BLACK
6
CONTINUOUS
10
1.704575748031496
20
0.9669867322834645
11
1.7043974015748031
21
0.9678832283464567
0
LINE
8
BLACK
6
CONTINUOUS
10
1.7043974015748031
20
0.9678832283464567
11
1.7041952362204724
21
0.9683411417322835
0
LINE
8
BLACK
6
CONTINUOUS
10
1.7041952362204724
20
0.9683411417322835
11
1.7040397244094487
21
0.9696814173228346
0
LINE
8
BLACK
6
CONTINUOUS
10
1.7040397244094487
20
0.9696814173228346
11
1.7039763779527559
21
0.97
0
LINE
8
BLACK
6
CONTINUOUS
10
1.7039763779527559
20
0.97
11
1.7039763779527559
21
1.1199999999999999
0
LINE
8
BLACK
6
CONTINUOUS
10
1.7039763779527559
20
1.1199999999999999
11
1.7040397637795275
21
1.1203187007874016
0
LINE
8
BLACK
6
CONTINUOUS
10
1.7040397637795275
20
1.1203187007874016
11
1.7041952362204724
21
1.1216588188976377
0
LINE
8
BLACK
6
CONTINUOUS
10
1.7041952362204724
20
1.1216588188976377
11
1.7043974015748031
21
1.1221166929133859
0
LINE
8
BLACK
6
CONTINUOUS
10
1.7043974015748031
20
1.1221166929133859
11
1.704575748031496
21
1.1230132677165354
0
LINE
8
BLACK
6
CONTINUOUS
10
1.704575748031496
20
1.1230132677165354
11
1.7052170866141731
21
1.1239731102362205
0
LINE
8
BLACK
6
CONTINUOUS
10
1.7052170866141731
20
1.1239731102362205
11
1.7054105905511812
21
1.1244112992125983
0
LINE
8
BLACK
6
CONTINUOUS
10
1.7054105905511812
20
1.1244112992125983
11
1.7057098818897638
21
1.1247105905511812
0
LINE
8
BLACK
6
CONTINUOUS
10
1.7057098818897638
20
1.1247105905511812
11
1.7062826377952756
21
1.1255677559055117
0
LINE
8
BLACK
6
CONTINUOUS
10
1.7062826377952756
20
1.1255677559055117
11
1.7071397637795276
21
1.126140472440945
0
LINE
8
BLACK
6
CONTINUOUS
10
1.7071397637795276
20
1.126140472440945
11
1.7074390551181102
21
1.1264397637795276
0
LINE
8
BLACK
6
CONTINUOUS
10
1.7074390551181102
20
1.1264397637795276
11
1.7078771653543308
21
1.1266331889763779
0
LINE
8
BLACK
6
CONTINUOUS
10
1.7078771653543308
20
1.1266331889763779
11
1.7088371259842519
21
1.1272746456692913
0
LINE
8
BLACK
6
CONTINUOUS
10
1.7088371259842519
20
1.1272746456692913
11
1.7097337795275591
21
1.1274529921259842
0
LINE
8
BLACK
6
CONTINUOUS
10
1.7097337795275591
20
1.1274529921259842
11
1.7101915354330708
21
1.1276551181102361
0
LINE
8
BLACK
6
CONTINUOUS
10
1.7101915354330708
20
1.1276551181102361
11
1.7115313385826771
21
1.1278105511811023
0
LINE
8
BLACK
6
CONTINUOUS
10
1.7115313385826771
20
1.1278105511811023
11
1.7118503937007874
21
1.1278740157480314
0
LINE
8
BLACK
6
CONTINUOUS
10
1.7118503937007874
20
1.1278740157480314
11
1.8618503937007873
21
1.1278740157480314
0
LINE
8
BLACK
6
CONTINUOUS
10
1.8618503937007873
20
1.1278740157480314
11
1.8621695669291338
21
1.1278105118110235
0
LINE
8
BLACK
6
CONTINUOUS
10
0.9825895669291338
20
1.0186959842519685
11
0.9844164173228346
21
1.0184066535433072
0
LINE
8
BLACK
6
CONTINUOUS
10
0.9844164173228346
20
1.0184066535433072
11
0.9846547244094488
21
1.0182851968503936
0
LINE
8
BLACK
6
CONTINUOUS
10
0.9846547244094488
20
1.0182851968503936
11
0.9851596062992126
21
1.0181848031496064
0
LINE
8
BLACK
6
CONTINUOUS
10
0.9851596062992126
20
1.0181848031496064
11
0.9861480708661418
21
1.0175242913385827
0
LINE
8
BLACK
6
CONTINUOUS
10
0.9861480708661418
20
1.0175242913385827
11
0.987157559055118
21
1.0170099606299212
0
LINE
8
BLACK
6
CONTINUOUS
10
0.987157559055118
20
1.0170099606299212
11
0.9876401968503937
21
1.0165272834645669
0
LINE
8
BLACK
6
CONTINUOUS
10
0.9876401968503937
20
1.0165272834645669
11
0.9883655118110236
21
1.0160426771653543
0
LINE
8
BLACK
6
CONTINUOUS
10
0.9883655118110236
20
1.0160426771653543
11
0.9888501181102362
21
1.0153173622047245
0
LINE
8
BLACK
6
CONTINUOUS
10
0.9888501181102362
20
1.0153173622047245
11
0.9893327952755905
21
1.0148347244094489
0
LINE
8
BLACK
6
CONTINUOUS
10
0.9893327952755905
20
1.0148347244094489
11
0.989847125984252
21
1.0138252362204725
0
LINE
8
BLACK
6
CONTINUOUS
10
0.989847125984252
20
1.0138252362204725
11
0.9905076377952756
21
1.0128367716535434
0
LINE
8
BLACK
6
CONTINUOUS
10
0.9905076377952756
20
1.0128367716535434
11
0.990608031496063
21
1.0123318897637794
0
LINE
8
BLACK
6
CONTINUOUS
10
0.990608031496063
20
1.0123318897637794
11
0.9907294881889763
21
1.0120935826771653
0
LINE
8
BLACK
6
CONTINUOUS
10
0.9907294881889763
20
1.0120935826771653
11
0.9910188188976378
21
1.0102667322834646
0
LINE
8
BLACK
6
CONTINUOUS
10
0.9910188188976378
20
1.0102667322834646
11
0.991259842519685
21
1.0090551181102363
0
LINE
8
BLACK
6
CONTINUOUS
10
0.991259842519685
20
1.0090551181102363
11
0.9910188188976378
21
1.0078435433070867
0
LINE
8
BLACK
6
CONTINUOUS
10
0.9910188188976378
20
1.0078435433070867
11
0.9907294881889763
21
1.0060166141732283
0
LINE
8
BLACK
6
CONTINUOUS
10
0.9907294881889763
20
1.0060166141732283
11
0.990608031496063
21
1.0057782677165354
0
LINE
8
BLACK
6
CONTINUOUS
10
0.990608031496063
20
1.0057782677165354
11
0.9905076377952756
21
1.005273464566929
0
LINE
8
BLACK
6
CONTINUOUS
10
0.9905076377952756
20
1.005273464566929
11
0.9898472047244095
21
1.0042850787401574
0
LINE
8
BLACK
6
CONTINUOUS
10
0.9898472047244095
20
1.0042850787401574
11
0.9893327952755905
21
1.0032754724409449
0
LINE
8
BLACK
6
CONTINUOUS
10
0.9893327952755905
20
1.0032754724409449
11
0.9888500393700788
21
1.0027927165354331
0
LINE
8
BLACK
6
CONTINUOUS
10
0.9888500393700788
20
1.0027927165354331
11
0.9883655118110236
21
1.002067559055118
0
LINE
8
BLACK
6
CONTINUOUS
10
0.9883655118110236
20
1.002067559055118
11
0.9876403149606299
21
1.0015829921259842
0
LINE
8
BLACK
6
CONTINUOUS
10
0.9876403149606299
20
1.0015829921259842
11
0.987157559055118
21
1.0011002362204724
0
LINE
8
BLACK
6
CONTINUOUS
10
0.987157559055118
20
1.0011002362204724
11
0.9861478346456692
21
1.0005857480314961
0
LINE
8
BLACK
6
CONTINUOUS
10
0.9861478346456692
20
1.0005857480314961
11
0.9851596062992126
21
0.9999254330708661
0
LINE
8
BLACK
6
CONTINUOUS
10
0.9851596062992126
20
0.9999254330708661
11
0.984654842519685
21
0.999825
0
LINE
8
BLACK
6
CONTINUOUS
10
0.984654842519685
20
0.999825
11
0.9844164173228346
21
0.9997035433070866
0
LINE
8
BLACK
6
CONTINUOUS
10
0.9844164173228346
20
0.9997035433070866
11
0.9825885826771653
21
0.9994140157480315
0
LINE
8
BLACK
6
CONTINUOUS
10
0.9825885826771653
20
0.9994140157480315
11
0.9813779527559054
21
0.9991732283464567
0
LINE
8
BLACK
6
CONTINUOUS
10
0.9813779527559054
20
0.9991732283464567
11
0.9801673622047243
21
0.9994140157480315
0
LINE
8
BLACK
6
CONTINUOUS
10
0.9801673622047243
20
0.9994140157480315
11
0.9783394488188976
21
0.9997035433070866
0
LINE
8
BLACK
6
CONTINUOUS
10
0.9783394488188976
20
0.9997035433070866
11
0.9781009842519685
21
0.9998250393700787
0
LINE
8
BLACK
6
CONTINUOUS
10
0.9781009842519685
20
0.9998250393700787
11
0.9775962992125984
21
0.9999254330708661
0
LINE
8
BLACK
6
CONTINUOUS
10
0.9775962992125984
20
0.9999254330708661
11
0.9766081496062992
21
1.0005856692913386
0
LINE
8
BLACK
6
CONTINUOUS
10
0.9766081496062992
20
1.0005856692913386
11
0.9755983070866141
21
1.0011002362204724
0
LINE
8
BLACK
6
CONTINUOUS
10
0.9755983070866141
20
1.0011002362204724
11
0.9751154330708661
21
1.0015830708661417
0
LINE
8
BLACK
6
CONTINUOUS
10
0.9751154330708661
20
1.0015830708661417
11
0.9743903937007874
21
1.002067559055118
0
LINE
8
BLACK
6
CONTINUOUS
10
0.9743903937007874
20
1.002067559055118
11
0.973905905511811
21
1.0027925984251969
0
LINE
8
BLACK
6
CONTINUOUS
10
0.973905905511811
20
1.0027925984251969
11
0.9734230708661417
21
1.0032754724409449
0
LINE
8
BLACK
6
CONTINUOUS
10
0.9734230708661417
20
1.0032754724409449
11
0.9729085039370079
21
1.0042853149606299
0
LINE
8
BLACK
6
CONTINUOUS
10
0.9729085039370079
20
1.0042853149606299
11
0.9722482677165354
21
1.005273464566929
0
LINE
8
BLACK
6
CONTINUOUS
10
0.9722482677165354
20
1.005273464566929
11
0.972147874015748
21
1.0057781496062992
0
LINE
8
BLACK
6
CONTINUOUS
10
0.972147874015748
20
1.0057781496062992
11
0.9720263779527559
21
1.0060166141732283
0
LINE
8
BLACK
6
CONTINUOUS
10
0.9720263779527559
20
1.0060166141732283
11
0.9717368503937007
21
1.0078445275590551
0
LINE
8
BLACK
6
CONTINUOUS
10
0.9717368503937007
20
1.0078445275590551
11
0.971496062992126
21
1.0090551181102363
0
LINE
8
BLACK
6
CONTINUOUS
10
0.971496062992126
20
1.0090551181102363
11
0.9717368503937007
21
1.010265748031496
0
LINE
8
BLACK
6
CONTINUOUS
10
0.9717368503937007
20
1.010265748031496
11
0.9720263779527559
21
1.0120935826771653
0
LINE
8
BLACK
6
CONTINUOUS
10
0.9720263779527559
20
1.0120935826771653
11
0.9721478346456692
21
1.0123320078740157
0
LINE
8
BLACK
6
CONTINUOUS
10
0.9721478346456692
20
1.0123320078740157
11
0.9722482677165354
21
1.0128367716535434
0
LINE
8
BLACK
6
CONTINUOUS
10
0.9722482677165354
20
1.0128367716535434
11
0.9729085826771653
21
1.013825
0
LINE
8
BLACK
6
CONTINUOUS
10
0.9729085826771653
20
1.013825
11
0.9734230708661417
21
1.0148347244094489
0
LINE
8
BLACK
6
CONTINUOUS
10
0.9734230708661417
20
1.0148347244094489
11
0.9739058267716535
21
1.0153174803149605
0
LINE
8
BLACK
6
CONTINUOUS
10
0.9739058267716535
20
1.0153174803149605
11
0.9743903937007874
21
1.0160426771653543
0
LINE
8
BLACK
6
CONTINUOUS
10
0.9743903937007874
20
1.0160426771653543
11
0.9751155511811024
21
1.0165272047244094
0
LINE
8
BLACK
6
CONTINUOUS
10
0.9751155511811024
20
1.0165272047244094
11
0.9755983070866141
21
1.0170099606299212
0
LINE
8
BLACK
6
CONTINUOUS
10
0.9755983070866141
20
1.0170099606299212
11
0.9766079133858268
21
1.0175243700787402
0
LINE
8
BLACK
6
CONTINUOUS
10
0.9766079133858268
20
1.0175243700787402
11
0.9775962992125984
21
1.0181848031496064
0
LINE
8
BLACK
6
CONTINUOUS
10
0.9775962992125984
20
1.0181848031496064
11
0.9781011023622047
21
1.0182851968503936
0
LINE
8
BLACK
6
CONTINUOUS
10
0.9781011023622047
20
1.0182851968503936
11
0.9783394488188976
21
1.0184066535433072
0
LINE
8
BLACK
6
CONTINUOUS
10
0.9783394488188976
20
1.0184066535433072
11
0.9801663779527559
21
1.0186959842519685
0
LINE
8
BLACK
6
CONTINUOUS
10
0.9801663779527559
20
1.0186959842519685
11
0.9813779527559054
21
1.0189370078740156
0
LINE
8
BLACK
6
CONTINUOUS
10
0.9813779527559054
20
1.0189370078740156
11
0.9825895669291338
21
1.0186959842519685
0
LINE
8
BLACK
6
CONTINUOUS
10
1.0298336614173229
20
1.0186959842519685
11
1.0316605118110236
21
1.0184066535433072
0
LINE
8
BLACK
6
CONTINUOUS
10
1.0316605118110236
20
1.0184066535433072
11
1.0318988188976377
21
1.0182851968503936
0
LINE
8
BLACK
6
CONTINUOUS
10
1.0318988188976377
20
1.0182851968503936
11
1.0324037007874016
21
1.0181848031496064
0
LINE
8
BLACK
6
CONTINUOUS
10
1.0324037007874016
20
1.0181848031496064
11
1.0333921653543308
21
1.0175242913385827
0
LINE
8
BLACK
6
CONTINUOUS
10
1.0333921653543308
20
1.0175242913385827
11
1.0344016535433072
21
1.0170099606299212
0
LINE
8
BLACK
6
CONTINUOUS
10
1.0344016535433072
20
1.0170099606299212
11
1.0348842913385827
21
1.0165272834645669
0
LINE
8
BLACK
6
CONTINUOUS
10
1.0348842913385827
20
1.0165272834645669
11
1.0356096062992126
21
1.0160426771653543
0
LINE
8
BLACK
6
CONTINUOUS
10
1.0356096062992126
20
1.0160426771653543
11
1.0360942125984252
21
1.0153173622047245
0
LINE
8
BLACK
6
CONTINUOUS
10
1.0360942125984252
20
1.0153173622047245
11
1.0365768897637795
21
1.0148347244094489
0
LINE
8
BLACK
6
CONTINUOUS
10
1.0365768897637795
20
1.0148347244094489
11
1.037091220472441
21
1.0138252362204725
0
LINE
8
BLACK
6
CONTINUOUS
10
1.037091220472441
20
1.0138252362204725
11
1.0377517322834646
21
1.0128367716535434
0
LINE
8
BLACK
6
CONTINUOUS
10
1.0377517322834646
20
1.0128367716535434
11
1.0378521259842519
21
1.0123318897637794
0
LINE
8
BLACK
6
CONTINUOUS
10
1.0378521259842519
20
1.0123318897637794
11
1.0379735826771654
21
1.0120935826771653
0
LINE
8
BLACK
6
CONTINUOUS
10
1.0379735826771654
20
1.0120935826771653
11
1.0382629133858268
21
1.0102667322834646
0
LINE
8
BLACK
6
CONTINUOUS
10
1.0382629133858268
20
1.0102667322834646
11
1.0385039370078739
21
1.0090551181102363
0
LINE
8
BLACK
6
CONTINUOUS
10
1.0385039370078739
20
1.0090551181102363
11
1.0382629133858268
21
1.0078435433070867
0
LINE
8
BLACK
6
CONTINUOUS
10
1.0382629133858268
20
1.0078435433070867
11
1.0379735826771654
21
1.0060166141732283
0
LINE
8
BLACK
6
CONTINUOUS
10
1.0379735826771654
20
1.0060166141732283
11
1.0378521259842519
21
1.0057782677165354
0
LINE
8
BLACK
6
CONTINUOUS
10
1.0378521259842519
20
1.0057782677165354
11
1.0377517322834646
21
1.005273464566929
0
LINE
8
BLACK
6
CONTINUOUS
10
1.0377517322834646
20
1.005273464566929
11
1.0370912992125985
21
1.0042850787401574
0
LINE
8
BLACK
6
CONTINUOUS
10
1.0370912992125985
20
1.0042850787401574
11
1.0365768897637795
21
1.0032754724409449
0
LINE
8
BLACK
6
CONTINUOUS
10
1.0365768897637795
20
1.0032754724409449
11
1.0360941338582677
21
1.0027927165354331
0
LINE
8
BLACK
6
CONTINUOUS
10
1.0360941338582677
20
1.0027927165354331
11
1.0356096062992126
21
1.002067559055118
0
LINE
8
BLACK
6
CONTINUOUS
10
1.0356096062992126
20
1.002067559055118
11
1.0348844094488188
21
1.0015829921259842
0
LINE
8
BLACK
6
CONTINUOUS
10
1.0348844094488188
20
1.0015829921259842
11
1.0344016535433072
21
1.0011002362204724
0
LINE
8
BLACK
6
CONTINUOUS
10
1.0344016535433072
20
1.0011002362204724
11
1.0333919291338582
21
1.0005857480314961
0
LINE
8
BLACK
6
CONTINUOUS
10
1.0333919291338582
20
1.0005857480314961
11
1.0324037007874016
21
0.9999254330708661
0
LINE
8
BLACK
6
CONTINUOUS
10
1.0324037007874016
20
0.9999254330708661
11
1.0318989370078739
21
0.999825
0
LINE
8
BLACK
6
CONTINUOUS
10
1.0318989370078739
20
0.999825
11
1.0316605118110236
21
0.9997035433070866
0
LINE
8
BLACK
6
CONTINUOUS
10
1.0316605118110236
20
0.9997035433070866
11
1.0298326771653543
21
0.9994140157480315
0
LINE
8
BLACK
6
CONTINUOUS
10
1.0298326771653543
20
0.9994140157480315
11
1.0286220472440946
21
0.9991732283464567
0
LINE
8
BLACK
6
CONTINUOUS
10
1.0286220472440946
20
0.9991732283464567
11
1.0274114566929133
21
0.9994140157480315
0
LINE
8
BLACK
6
CONTINUOUS
10
1.0274114566929133
20
0.9994140157480315
11
1.0255835433070866
21
0.9997035433070866
0
LINE
8
BLACK
6
CONTINUOUS
10
1.0255835433070866
20
0.9997035433070866
11
1.0253450787401575
21
0.9998250393700787
0
LINE
8
BLACK
6
CONTINUOUS
10
1.0253450787401575
20
0.9998250393700787
11
1.0248403937007873
21
0.9999254330708661
0
LINE
8
BLACK
6
CONTINUOUS
10
1.0248403937007873
20
0.9999254330708661
11
1.0238522440944882
21
1.0005856692913386
0
LINE
8
BLACK
6
CONTINUOUS
10
1.0238522440944882
20
1.0005856692913386
11
1.0228424015748032
21
1.0011002362204724
0
LINE
8
BLACK
6
CONTINUOUS
10
1.0228424015748032
20
1.0011002362204724
11
1.0223595275590551
21
1.0015830708661417
0
LINE
8
BLACK
6
CONTINUOUS
10
1.0223595275590551
20
1.0015830708661417
11
1.0216344881889763
21
1.002067559055118
0
LINE
8
BLACK
6
CONTINUOUS
10
1.0216344881889763
20
1.002067559055118
11
1.02115
21
1.0027925984251969
0
LINE
8
BLACK
6
CONTINUOUS
10
1.02115
20
1.0027925984251969
11
1.0206671653543307
21
1.0032754724409449
0
LINE
8
BLACK
6
CONTINUOUS
10
1.0206671653543307
20
1.0032754724409449
11
1.0201525984251969
21
1.0042853149606299
0
LINE
8
BLACK
6
CONTINUOUS
10
1.0201525984251969
20
1.0042853149606299
11
1.0194923622047243
21
1.005273464566929
0
LINE
8
BLACK
6
CONTINUOUS
10
1.0194923622047243
20
1.005273464566929
11
1.019391968503937
21
1.0057781496062992
0
LINE
8
BLACK
6
CONTINUOUS
10
1.019391968503937
20
1.0057781496062992
11
1.0192704724409449
21
1.0060166141732283
0
LINE
8
BLACK
6
CONTINUOUS
10
1.0192704724409449
20
1.0060166141732283
11
1.0189809448818898
21
1.0078445275590551
0
LINE
8
BLACK
6
CONTINUOUS
10
1.0189809448818898
20
1.0078445275590551
11
1.018740157480315
21
1.0090551181102363
0
LINE
8
BLACK
6
CONTINUOUS
10
1.018740157480315
20
1.0090551181102363
11
1.0189809448818898
21
1.010265748031496
0
LINE
8
BLACK
6
CONTINUOUS
10
1.0189809448818898
20
1.010265748031496
11
1.0192704724409449
21
1.0120935826771653
0
LINE
8
BLACK
6
CONTINUOUS
10
1.0192704724409449
20
1.0120935826771653
11
1.0193919291338582
21
1.0123320078740157
0
LINE
8
BLACK
6
CONTINUOUS
10
1.0193919291338582
20
1.0123320078740157
11
1.0194923622047243
21
1.0128367716535434
0
LINE
8
BLACK
6
CONTINUOUS
10
1.0194923622047243
20
1.0128367716535434
11
1.0201526771653544
21
1.013825
0
LINE
8
BLACK
6
CONTINUOUS
10
1.0201526771653544
20
1.013825
11
1.0206671653543307
21
1.0148347244094489
0
LINE
8
BLACK
6
CONTINUOUS
10
1.0206671653543307
20
1.0148347244094489
11
1.0211499212598425
21
1.0153174803149605
0
LINE
8
BLACK
6
CONTINUOUS
10
1.0211499212598425
20
1.0153174803149605
11
1.0216344881889763
21
1.0160426771653543
0
LINE
8
BLACK
6
CONTINUOUS
10
1.0216344881889763
20
1.0160426771653543
11
1.0223596456692914
21
1.0165272047244094
0
LINE
8
BLACK
6
CONTINUOUS
10
1.0223596456692914
20
1.0165272047244094
11
1.0228424015748032
21
1.0170099606299212
0
LINE
8
BLACK
6
CONTINUOUS
10
1.0228424015748032
20
1.0170099606299212
11
1.0238520078740156
21
1.0175243700787402
0
LINE
8
BLACK
6
CONTINUOUS
10
1.0238520078740156
20
1.0175243700787402
11
1.0248403937007873
21
1.0181848031496064
0
LINE
8
BLACK
6
CONTINUOUS
10
1.0248403937007873
20
1.0181848031496064
11
1.0253451968503937
21
1.0182851968503936
0
LINE
8
BLACK
6
CONTINUOUS
10
1.0253451968503937
20
1.0182851968503936
11
1.0255835433070866
21
1.0184066535433072
0
LINE
8
BLACK
6
CONTINUOUS
10
1.0255835433070866
20
1.0184066535433072
11
1.027410472440945
21
1.0186959842519685
0
LINE
8
BLACK
6
CONTINUOUS
10
1.027410472440945
20
1.0186959842519685
11
1.0286220472440946
21
1.0189370078740156
0
LINE
8
BLACK
6
CONTINUOUS
10
1.0286220472440946
20
1.0189370078740156
11
1.0298336614173229
21
1.0186959842519685
0
LINE
8
BLACK
6
CONTINUOUS
10
0.2033930708661417
20
1.5257937007874016
11
0.2068202362204724
21
1.5257937007874016
0
LINE
8
BLACK
6
CONTINUOUS
10
0.2068202362204724
20
1.5257937007874016
11
0.2104794094488189
21
1.5253957086614174
0
LINE
8
BLACK
6
CONTINUOUS
10
0.2104794094488189
20
1.5253957086614174
11
0.2141057480314961
21
1.5251920866141733
0
LINE
8
BLACK
6
CONTINUOUS
10
0.2141057480314961
20
1.5251920866141733
11
0.2172249212598425
21
1.5246620866141731
0
LINE
8
BLACK
6
CONTINUOUS
10
0.2172249212598425
20
1.5246620866141731
11
0.2203811023622047
21
1.5243188582677165
0
LINE
8
BLACK
6
CONTINUOUS
10
0.2203811023622047
20
1.5243188582677165
11
0.2242248818897638
21
1.5234727559055117
0
LINE
8
BLACK
6
CONTINUOUS
10
0.2242248818897638
20
1.5234727559055117
11
0.2280341338582677
21
1.5228255511811024
0
LINE
8
BLACK
6
CONTINUOUS
10
0.2280341338582677
20
1.5228255511811024
11
0.2308478346456693
21
1.5220149212598424
0
LINE
8
BLACK
6
CONTINUOUS
10
0.2308478346456693
20
1.5220149212598424
11
0.233702874015748
21
1.5213864960629921
0
LINE
8
BLACK
6
CONTINUOUS
10
0.233702874015748
20
1.5213864960629921
11
0.2376761023622047
21
1.5200477559055117
0
LINE
8
BLACK
6
CONTINUOUS
10
0.2376761023622047
20
1.5200477559055117
11
0.2416099606299213
21
1.5189144488188977
0
LINE
8
BLACK
6
CONTINUOUS
10
0.2416099606299213
20
1.5189144488188977
11
0.2440963779527559
21
1.5178845275590551
0
LINE
8
BLACK
6
CONTINUOUS
10
0.2440963779527559
20
1.5178845275590551
11
0.2466292913385827
21
1.5170311023622047
0
LINE
8
BLACK
6
CONTINUOUS
10
0.2466292913385827
20
1.5170311023622047
11
0.2506707874015748
21
1.5151612992125985
0
LINE
8
BLACK
6
CONTINUOUS
10
0.2506707874015748
20
1.5151612992125985
11
0.2546625196850394
21
1.5135078740157479
0
LINE
8
BLACK
6
CONTINUOUS
10
0.2546625196850394
20
1.5135078740157479
11
0.2568098031496063
21
1.512321062992126
0
LINE
8
BLACK
6
CONTINUOUS
10
0.2568098031496063
20
1.512321062992126
11
0.2590093307086614
21
1.5113035039370077
0
LINE
8
BLACK
6
CONTINUOUS
10
0.2590093307086614
20
1.5113035039370077
11
0.2630505511811024
21
1.5088719685039369
0
LINE
8
BLACK
6
CONTINUOUS
10
0.2630505511811024
20
1.5088719685039369
11
0.2670276771653543
21
1.5066738976377951
0
LINE
8
BLACK
6
CONTINUOUS
10
0.2670276771653543
20
1.5066738976377951
11
0.2688345669291339
21
1.505391811023622
0
LINE
8
BLACK
6
CONTINUOUS
10
0.2688345669291339
20
1.505391811023622
11
0.2706976377952756
21
1.5042708661417323
0
LINE
8
BLACK
6
CONTINUOUS
10
0.2706976377952756
20
1.5042708661417323
11
0.2746654724409449
21
1.5012545669291337
0
LINE
8
BLACK
6
CONTINUOUS
10
0.2746654724409449
20
1.5012545669291337
11
0.2785498818897638
21
1.498498464566929
0
LINE
8
BLACK
6
CONTINUOUS
10
0.2785498818897638
20
1.498498464566929
11
0.2800237007874016
21
1.4971813779527559
0
LINE
8
BLACK
6
CONTINUOUS
10
0.2800237007874016
20
1.4971813779527559
11
0.2815566535433071
21
1.496016062992126
0
LINE
8
BLACK
6
CONTINUOUS
10
0.2815566535433071
20
1.496016062992126
11
0.285373937007874
21
1.4924000787401575
0
LINE
8
BLACK
6
CONTINUOUS
10
0.285373937007874
20
1.4924000787401575
11
0.2890843307086614
21
1.4890843307086614
0
LINE
8
BLACK
6
CONTINUOUS
10
0.2890843307086614
20
1.4890843307086614
11
0.2902422440944882
21
1.4877885826771653
0
LINE
8
BLACK
6
CONTINUOUS
10
0.2902422440944882
20
1.4877885826771653
11
0.2914596456692913
21
1.4866354330708662
0
LINE
8
BLACK
6
CONTINUOUS
10
0.2914596456692913
20
1.4866354330708662
11
0.2950464960629921
21
1.4824126377952755
0
LINE
8
BLACK
6
CONTINUOUS
10
0.2950464960629921
20
1.4824126377952755
11
0.2984984645669291
21
1.4785498818897638
0
LINE
8
BLACK
6
CONTINUOUS
10
0.2984984645669291
20
1.4785498818897638
11
0.2993655118110236
21
1.4773278346456693
0
LINE
8
BLACK
6
CONTINUOUS
10
0.2993655118110236
20
1.4773278346456693
11
0.3002906692913386
21
1.4762387007874016
0
LINE
8
BLACK
6
CONTINUOUS
10
0.3002906692913386
20
1.4762387007874016
11
0.303567874015748
21
1.4714051574803149
0
LINE
8
BLACK
6
CONTINUOUS
10
0.303567874015748
20
1.4714051574803149
11
0.3066738976377953
21
1.4670276771653543
0
LINE
8
BLACK
6
CONTINUOUS
10
0.3066738976377953
20
1.4670276771653543
11
0.3072822047244094
21
1.4659269291338581
0
LINE
8
BLACK
6
CONTINUOUS
10
0.3072822047244094
20
1.4659269291338581
11
0.3079456299212598
21
1.4649485433070866
0
LINE
8
BLACK
6
CONTINUOUS
10
0.3079456299212598
20
1.4649485433070866
11
0.3108335433070866
21
1.4595013385826772
0
LINE
8
BLACK
6
CONTINUOUS
10
0.3108335433070866
20
1.4595013385826772
11
0.313507874015748
21
1.4546625196850393
0
LINE
8
BLACK
6
CONTINUOUS
10
0.313507874015748
20
1.4546625196850393
11
0.3138970078740158
21
1.4537229527559055
0
LINE
8
BLACK
6
CONTINUOUS
10
0.3138970078740158
20
1.4537229527559055
11
0.3143348031496063
21
1.4528972834645668
0
LINE
8
BLACK
6
CONTINUOUS
10
0.3143348031496063
20
1.4528972834645668
11
0.3167526377952756
21
1.4468289763779527
0
LINE
8
BLACK
6
CONTINUOUS
10
0.3167526377952756
20
1.4468289763779527
11
0.3189144488188976
21
1.4416099606299213
0
LINE
8
BLACK
6
CONTINUOUS
10
0.3189144488188976
20
1.4416099606299213
11
0.3191294094488189
21
1.4408637401574802
0
LINE
8
BLACK
6
CONTINUOUS
10
0.3191294094488189
20
1.4408637401574802
11
0.3193839763779527
21
1.4402248818897638
0
LINE
8
BLACK
6
CONTINUOUS
10
0.3193839763779527
20
1.4402248818897638
11
0.3212576771653543
21
1.4334763385826772
0
LINE
8
BLACK
6
CONTINUOUS
10
0.3212576771653543
20
1.4334763385826772
11
0.3228255511811023
21
1.4280341338582676
0
LINE
8
BLACK
6
CONTINUOUS
10
0.3228255511811023
20
1.4280341338582676
11
0.3229151968503937
21
1.4275064566929134
0
LINE
8
BLACK
6
CONTINUOUS
10
0.3229151968503937
20
1.4275064566929134
11
0.3230331102362204
21
1.4270818110236221
0
LINE
8
BLACK
6
CONTINUOUS
10
0.3230331102362204
20
1.4270818110236221
11
0.3242899212598425
21
1.4194154724409449
0
LINE
8
BLACK
6
CONTINUOUS
10
0.3242899212598425
20
1.4194154724409449
11
0.3251920866141732
21
1.414105748031496
0
LINE
8
BLACK
6
CONTINUOUS
10
0.3251920866141732
20
1.414105748031496
11
0.3252085826771653
21
1.4138117322834645
0
LINE
8
BLACK
6
CONTINUOUS
10
0.3252085826771653
20
1.4138117322834645
11
0.3252399606299213
21
1.4136204330708662
0
LINE
8
BLACK
6
CONTINUOUS
10
0.3252399606299213
20
1.4136204330708662
11
0.3258165748031496
21
1.4029851181102362
0
LINE
8
BLACK
6
CONTINUOUS
10
0.3258165748031496
20
1.4029851181102362
11
0.3259842519685039
21
1.3999999999999999
0
LINE
8
BLACK
6
CONTINUOUS
10
0.3259842519685039
20
1.3999999999999999
11
0.3258166141732283
21
1.3970151181102362
0
LINE
8
BLACK
6
CONTINUOUS
10
0.3258166141732283
20
1.3970151181102362
11
0.3252399606299213
21
1.3863795275590551
0
LINE
8
BLACK
6
CONTINUOUS
10
0.3252399606299213
20
1.3863795275590551
11
0.3252085826771653
21
1.3861881889763779
0
LINE
8
BLACK
6
CONTINUOUS
10
0.3252085826771653
20
1.3861881889763779
11
0.3251920866141732
21
1.3858942519685038
0
LINE
8
BLACK
6
CONTINUOUS
10
0.3251920866141732
20
1.3858942519685038
11
0.3242900787401575
21
1.380585590551181
0
LINE
8
BLACK
6
CONTINUOUS
10
0.3242900787401575
20
1.380585590551181
11
0.3230331102362204
21
1.3729181496062992
0
LINE
8
BLACK
6
CONTINUOUS
10
0.3230331102362204
20
1.3729181496062992
11
0.322915157480315
21
1.3724934251968504
0
LINE
8
BLACK
6
CONTINUOUS
10
0.322915157480315
20
1.3724934251968504
11
0.3228255511811023
21
1.3719658661417322
0
LINE
8
BLACK
6
CONTINUOUS
10
0.3228255511811023
20
1.3719658661417322
11
0.3212579527559055
21
1.3665246456692912
0
LINE
8
BLACK
6
CONTINUOUS
10
0.3212579527559055
20
1.3665246456692912
11
0.3193839763779527
21
1.3597750787401575
0
LINE
8
BLACK
6
CONTINUOUS
10
0.3193839763779527
20
1.3597750787401575
11
0.3191293700787401
21
1.3591361023622046
0
LINE
8
BLACK
6
CONTINUOUS
10
0.3191293700787401
20
1.3591361023622046
11
0.3189144488188976
21
1.3583900393700787
0
LINE
8
BLACK
6
CONTINUOUS
10
0.3189144488188976
20
1.3583900393700787
11
0.316753031496063
21
1.3531720078740157
0
LINE
8
BLACK
6
CONTINUOUS
10
0.316753031496063
20
1.3531720078740157
11
0.3143348031496063
21
1.3471026771653543
0
LINE
8
BLACK
6
CONTINUOUS
10
0.3143348031496063
20
1.3471026771653543
11
0.313896968503937
21
1.3462768110236221
0
LINE
8
BLACK
6
CONTINUOUS
10
0.313896968503937
20
1.3462768110236221
11
0.313507874015748
21
1.3453374803149607
0
LINE
8
BLACK
6
CONTINUOUS
10
0.313507874015748
20
1.3453374803149607
11
0.3108340551181102
21
1.3404995669291337
0
LINE
8
BLACK
6
CONTINUOUS
10
0.3108340551181102
20
1.3404995669291337
11
0.3079456299212598
21
1.3350514173228347
0
LINE
8
BLACK
6
CONTINUOUS
10
0.3079456299212598
20
1.3350514173228347
11
0.3072820866141732
21
1.3340727952755904
0
LINE
8
BLACK
6
CONTINUOUS
10
0.3072820866141732
20
1.3340727952755904
11
0.3066738976377953
21
1.3329723228346457
0
LINE
8
BLACK
6
CONTINUOUS
10
0.3066738976377953
20
1.3329723228346457
11
0.3035684645669292
21
1.3285956299212598
0
LINE
8
BLACK
6
CONTINUOUS
10
0.3035684645669292
20
1.3285956299212598
11
0.3002906692913386
21
1.3237612598425197
0
LINE
8
BLACK
6
CONTINUOUS
10
0.3002906692913386
20
1.3237612598425197
11
0.2993653543307087
21
1.3226718897637795
0
LINE
8
BLACK
6
CONTINUOUS
10
0.2993653543307087
20
1.3226718897637795
11
0.2984984645669291
21
1.3214501181102363
0
LINE
8
BLACK
6
CONTINUOUS
10
0.2984984645669291
20
1.3214501181102363
11
0.2950471653543307
21
1.3175881102362204
0
LINE
8
BLACK
6
CONTINUOUS
10
0.2950471653543307
20
1.3175881102362204
11
0.2914596456692913
21
1.3133645275590551
0
LINE
8
BLACK
6
CONTINUOUS
10
0.2914596456692913
20
1.3133645275590551
11
0.2902420078740157
21
1.3122111023622047
0
LINE
8
BLACK
6
CONTINUOUS
10
0.2902420078740157
20
1.3122111023622047
11
0.2890843307086614
21
1.3109156692913386
0
LINE
8
BLACK
6
CONTINUOUS
10
0.2890843307086614
20
1.3109156692913386
11
0.2853746850393701
21
1.3076005118110237
0
LINE
8
BLACK
6
CONTINUOUS
10
0.2853746850393701
20
1.3076005118110237
11
0.2815566535433071
21
1.3039838976377953
0
LINE
8
BLACK
6
CONTINUOUS
10
0.2815566535433071
20
1.3039838976377953
11
0.2800233858267717
21
1.3028183464566929
0
LINE
8
BLACK
6
CONTINUOUS
10
0.2800233858267717
20
1.3028183464566929
11
0.2785498818897638
21
1.3015015354330708
0
LINE
8
BLACK
6
CONTINUOUS
10
0.2785498818897638
20
1.3015015354330708
11
0.2746662598425197
21
1.2987459448818897
0
LINE
8
BLACK
6
CONTINUOUS
10
0.2746662598425197
20
1.2987459448818897
11
0.2706976377952756
21
1.295729094488189
0
LINE
8
BLACK
6
CONTINUOUS
10
0.2706976377952756
20
1.295729094488189
11
0.2688341732283465
21
1.2946078740157481
0
LINE
8
BLACK
6
CONTINUOUS
10
0.2688341732283465
20
1.2946078740157481
11
0.2670276771653543
21
1.2933261023622047
0
LINE
8
BLACK
6
CONTINUOUS
10
0.2670276771653543
20
1.2933261023622047
11
0.2630513385826772
21
1.2911284645669292
0
LINE
8
BLACK
6
CONTINUOUS
10
0.2630513385826772
20
1.2911284645669292
11
0.2590093307086614
21
1.2886964566929133
0
LINE
8
BLACK
6
CONTINUOUS
10
0.2590093307086614
20
1.2886964566929133
11
0.2568093700787402
21
1.287678622047244
0
LINE
8
BLACK
6
CONTINUOUS
10
0.2568093700787402
20
1.287678622047244
11
0.2546625196850394
21
1.2864921259842519
0
LINE
8
BLACK
6
CONTINUOUS
10
0.2546625196850394
20
1.2864921259842519
11
0.2506716141732284
21
1.2848390157480314
0
LINE
8
BLACK
6
CONTINUOUS
10
0.2506716141732284
20
1.2848390157480314
11
0.2466292913385827
21
1.2829688582677166
0
LINE
8
BLACK
6
CONTINUOUS
10
0.2466292913385827
20
1.2829688582677166
11
0.2440958661417323
21
1.2821152362204724
0
LINE
8
BLACK
6
CONTINUOUS
10
0.2440958661417323
20
1.2821152362204724
11
0.2416099606299213
21
1.2810855511811023
0
LINE
8
BLACK
6
CONTINUOUS
10
0.2416099606299213
20
1.2810855511811023
11
0.2376768897637795
21
1.2799524409448819
0
LINE
8
BLACK
6
CONTINUOUS
10
0.2376768897637795
20
1.2799524409448819
11
0.233702874015748
21
1.2786134645669291
0
LINE
8
BLACK
6
CONTINUOUS
10
0.233702874015748
20
1.2786134645669291
11
0.2308472440944882
21
1.2779848818897637
0
LINE
8
BLACK
6
CONTINUOUS
10
0.2308472440944882
20
1.2779848818897637
11
0.2280341338582677
21
1.2771744488188976
0
LINE
8
BLACK
6
CONTINUOUS
10
0.2280341338582677
20
1.2771744488188976
11
0.2242256692913386
21
1.2765273622047244
0
LINE
8
BLACK
6
CONTINUOUS
10
0.2242256692913386
20
1.2765273622047244
11
0.2203811023622047
21
1.2756811023622048
0
LINE
8
BLACK
6
CONTINUOUS
10
0.2203811023622047
20
1.2756811023622048
11
0.2172244094488189
21
1.2753377952755904
0
LINE
8
BLACK
6
CONTINUOUS
10
0.2172244094488189
20
1.2753377952755904
11
0.2141057480314961
21
1.2748079133858268
0
LINE
8
BLACK
6
CONTINUOUS
10
0.2141057480314961
20
1.2748079133858268
11
0.2104796062992126
21
1.2746042519685039
0
LINE
8
BLACK
6
CONTINUOUS
10
0.2104796062992126
20
1.2746042519685039
11
0.2068202362204724
21
1.2742062992125984
0
LINE
8
BLACK
6
CONTINUOUS
10
0.2068202362204724
20
1.2742062992125984
11
0.2033930708661417
21
1.2742062992125984
0
LINE
8
BLACK
6
CONTINUOUS
10
0.2033930708661417
20
1.2742062992125984
11
0.2
21
1.274015748031496
0
LINE
8
BLACK
6
CONTINUOUS
10
0.2
20
1.274015748031496
11
0.1966069291338583
21
1.2742062992125984
0
LINE
8
BLACK
6
CONTINUOUS
10
0.1966069291338583
20
1.2742062992125984
11
0.1931797637795276
21
1.2742062992125984
0
LINE
8
BLACK
6
CONTINUOUS
10
0.1931797637795276
20
1.2742062992125984
11
0.1895203149606299
21
1.2746042519685039
0
LINE
8
BLACK
6
CONTINUOUS
10
0.1895203149606299
20
1.2746042519685039
11
0.1858942519685039
21
1.2748079133858268
0
LINE
8
BLACK
6
CONTINUOUS
10
0.1858942519685039
20
1.2748079133858268
11
0.1827755905511811
21
1.2753377559055117
0
LINE
8
BLACK
6
CONTINUOUS
10
0.1827755905511811
20
1.2753377559055117
11
0.1796188582677165
21
1.2756811023622048
0
LINE
8
BLACK
6
CONTINUOUS
10
0.1796188582677165
20
1.2756811023622048
11
0.175774094488189
21
1.2765273622047244
0
LINE
8
BLACK
6
CONTINUOUS
10
0.175774094488189
20
1.2765273622047244
11
0.1719658661417323
21
1.2771744488188976
0
LINE
8
BLACK
6
CONTINUOUS
10
0.1719658661417323
20
1.2771744488188976
11
0.1691528346456693
21
1.2779848425196849
0
LINE
8
BLACK
6
CONTINUOUS
10
0.1691528346456693
20
1.2779848425196849
11
0.1662970866141732
21
1.2786134645669291
0
LINE
8
BLACK
6
CONTINUOUS
10
0.1662970866141732
20
1.2786134645669291
11
0.1623227952755905
21
1.2799525196850394
0
LINE
8
BLACK
6
CONTINUOUS
10
0.1623227952755905
20
1.2799525196850394
11
0.1583900393700787
21
1.2810855511811023
0
LINE
8
BLACK
6
CONTINUOUS
10
0.1583900393700787
20
1.2810855511811023
11
0.1559042913385827
21
1.2821151574803149
0
LINE
8
BLACK
6
CONTINUOUS
10
0.1559042913385827
20
1.2821151574803149
11
0.1533706692913386
21
1.2829688582677166
0
LINE
8
BLACK
6
CONTINUOUS
10
0.1533706692913386
20
1.2829688582677166
11
0.1493279921259842
21
1.2848391732283464
0
LINE
8
BLACK
6
CONTINUOUS
10
0.1493279921259842
20
1.2848391732283464
11
0.1453374803149606
21
1.2864921259842519
0
LINE
8
BLACK
6
CONTINUOUS
10
0.1453374803149606
20
1.2864921259842519
11
0.1431907874015748
21
1.2876785433070865
0
LINE
8
BLACK
6
CONTINUOUS
10
0.1431907874015748
20
1.2876785433070865
11
0.1409906299212599
21
1.2886964566929133
0
LINE
8
BLACK
6
CONTINUOUS
10
0.1409906299212599
20
1.2886964566929133
11
0.1369481496062992
21
1.2911287401574802
0
LINE
8
BLACK
6
CONTINUOUS
10
0.1369481496062992
20
1.2911287401574802
11
0.1329723228346457
21
1.2933261023622047
0
LINE
8
BLACK
6
CONTINUOUS
10
0.1329723228346457
20
1.2933261023622047
11
0.1311659842519685
21
1.2946077165354331
0
LINE
8
BLACK
6
CONTINUOUS
10
0.1311659842519685
20
1.2946077165354331
11
0.1293023228346457
21
1.295729094488189
0
LINE
8
BLACK
6
CONTINUOUS
10
0.1293023228346457
20
1.295729094488189
11
0.1253331102362205
21
1.2987463779527559
0
LINE
8
BLACK
6
CONTINUOUS
10
0.1253331102362205
20
1.2987463779527559
11
0.1214501181102362
21
1.3015015354330708
0
LINE
8
BLACK
6
CONTINUOUS
10
0.1214501181102362
20
1.3015015354330708
11
0.1199768110236221
21
1.3028181496062992
0
LINE
8
BLACK
6
CONTINUOUS
10
0.1199768110236221
20
1.3028181496062992
11
0.1184433070866142
21
1.3039838976377953
0
LINE
8
BLACK
6
CONTINUOUS
10
0.1184433070866142
20
1.3039838976377953
11
0.1146246062992126
21
1.3076011417322835
0
LINE
8
BLACK
6
CONTINUOUS
10
0.1146246062992126
20
1.3076011417322835
11
0.1109156692913386
21
1.3109156692913386
0
LINE
8
BLACK
6
CONTINUOUS
10
0.1109156692913386
20
1.3109156692913386
11
0.1097581496062992
21
1.3122108661417322
0
LINE
8
BLACK
6
CONTINUOUS
10
0.1097581496062992
20
1.3122108661417322
11
0.1085403149606299
21
1.3133645275590551
0
LINE
8
BLACK
6
CONTINUOUS
10
0.1085403149606299
20
1.3133645275590551
11
0.1049520078740157
21
1.3175889763779527
0
LINE
8
BLACK
6
CONTINUOUS
10
0.1049520078740157
20
1.3175889763779527
11
0.1015015354330709
21
1.3214501181102363
0
LINE
8
BLACK
6
CONTINUOUS
10
0.1015015354330709
20
1.3214501181102363
11
0.1006348031496063
21
1.3226716141732284
0
LINE
8
BLACK
6
CONTINUOUS
10
0.1006348031496063
20
1.3226716141732284
11
0.0997092913385827
21
1.3237612598425197
0
LINE
8
BLACK
6
CONTINUOUS
10
0.0997092913385827
20
1.3237612598425197
11
0.0964305905511811
21
1.3285968897637794
0
LINE
8
BLACK
6
CONTINUOUS
10
0.0964305905511811
20
1.3285968897637794
11
0.0933261023622047
21
1.3329723228346457
0
LINE
8
BLACK
6
CONTINUOUS
10
0.0933261023622047
20
1.3329723228346457
11
0.092718031496063
21
1.3340724803149606
0
LINE
8
BLACK
6
CONTINUOUS
10
0.092718031496063
20
1.3340724803149606
11
0.0920543307086614
21
1.3350514173228347
0
LINE
8
BLACK
6
CONTINUOUS
10
0.0920543307086614
20
1.3350514173228347
11
0.0891649606299213
21
1.3405012992125984
0
LINE
8
BLACK
6
CONTINUOUS
10
0.0891649606299213
20
1.3405012992125984
11
0.086492125984252
21
1.3453374803149607
0
LINE
8
BLACK
6
CONTINUOUS
10
0.086492125984252
20
1.3453374803149607
11
0.0861031496062992
21
1.346276496062992
0
LINE
8
BLACK
6
CONTINUOUS
10
0.0861031496062992
20
1.346276496062992
11
0.085665157480315
21
1.3471026771653543
0
LINE
8
BLACK
6
CONTINUOUS
10
0.085665157480315
20
1.3471026771653543
11
0.0832458661417323
21
1.3531744881889765
0
LINE
8
BLACK
6
CONTINUOUS
10
0.0832458661417323
20
1.3531744881889765
11
0.0810855511811024
21
1.3583900393700787
0
LINE
8
BLACK
6
CONTINUOUS
10
0.0810855511811024
20
1.3583900393700787
11
0.0808707086614173
21
1.3591357480314961
0
LINE
8
BLACK
6
CONTINUOUS
10
0.0808707086614173
20
1.3591357480314961
11
0.0806159842519685
21
1.3597750787401575
0
LINE
8
BLACK
6
CONTINUOUS
10
0.0806159842519685
20
1.3597750787401575
11
0.078740905511811
21
1.3665284251968504
0
LINE
8
BLACK
6
CONTINUOUS
10
0.078740905511811
20
1.3665284251968504
11
0.0771744488188976
21
1.3719658661417322
0
LINE
8
BLACK
6
CONTINUOUS
10
0.0771744488188976
20
1.3719658661417322
11
0.077084842519685
21
1.3724930314960631
0
LINE
8
BLACK
6
CONTINUOUS
10
0.077084842519685
20
1.3724930314960631
11
0.0769668503937008
21
1.3729181496062992
0
LINE
8
BLACK
6
CONTINUOUS
10
0.0769668503937008
20
1.3729181496062992
11
0.0757087401574803
21
1.3805921653543307
0
LINE
8
BLACK
6
CONTINUOUS
10
0.0757087401574803
20
1.3805921653543307
11
0.0748079133858268
21
1.3858942519685038
0
LINE
8
BLACK
6
CONTINUOUS
10
0.0748079133858268
20
1.3858942519685038
11
0.0747914173228346
21
1.3861877952755906
0
LINE
8
BLACK
6
CONTINUOUS
10
0.0747914173228346
20
1.3861877952755906
11
0.07476
21
1.3863795275590551
0
LINE
8
BLACK
6
CONTINUOUS
10
0.07476
20
1.3863795275590551
11
0.0741822047244095
21
1.3970353937007873
0
LINE
8
BLACK
6
CONTINUOUS
10
0.0741822047244095
20
1.3970353937007873
11
0.0740157480314961
21
1.3999999999999999
0
LINE
8
BLACK
6
CONTINUOUS
10
0.0740157480314961
20
1.3999999999999999
11
0.0741822440944882
21
1.4029648031496063
0
LINE
8
BLACK
6
CONTINUOUS
10
0.0741822440944882
20
1.4029648031496063
11
0.07476
21
1.4136204330708662
0
LINE
8
BLACK
6
CONTINUOUS
10
0.07476
20
1.4136204330708662
11
0.0747914173228346
21
1.4138120866141732
0
LINE
8
BLACK
6
CONTINUOUS
10
0.0747914173228346
20
1.4138120866141732
11
0.0748079133858268
21
1.414105748031496
0
LINE
8
BLACK
6
CONTINUOUS
10
0.0748079133858268
20
1.414105748031496
11
0.075708937007874
21
1.4194088582677165
0
LINE
8
BLACK
6
CONTINUOUS
10
0.075708937007874
20
1.4194088582677165
11
0.0769668503937008
21
1.4270818110236221
0
LINE
8
BLACK
6
CONTINUOUS
10
0.0769668503937008
20
1.4270818110236221
11
0.077084842519685
21
1.427506811023622
0
LINE
8
BLACK
6
CONTINUOUS
10
0.077084842519685
20
1.427506811023622
11
0.0771744488188976
21
1.4280341338582676
0
LINE
8
BLACK
6
CONTINUOUS
10
0.0771744488188976
20
1.4280341338582676
11
0.0787412204724409
21
1.4334725984251968
0
LINE
8
BLACK
6
CONTINUOUS
10
0.0787412204724409
20
1.4334725984251968
11
0.0806159842519685
21
1.4402248818897638
0
LINE
8
BLACK
6
CONTINUOUS
10
0.0806159842519685
20
1.4402248818897638
11
0.0808706692913386
21
1.440864094488189
0
LINE
8
BLACK
6
CONTINUOUS
10
0.0808706692913386
20
1.440864094488189
11
0.0810855511811024
21
1.4416099606299213
0
LINE
8
BLACK
6
CONTINUOUS
10
0.0810855511811024
20
1.4416099606299213
11
0.0832462992125984
21
1.4468264566929134
0
LINE
8
BLACK
6
CONTINUOUS
10
0.0832462992125984
20
1.4468264566929134
11
0.085665157480315
21
1.4528972834645668
0
LINE
8
BLACK
6
CONTINUOUS
10
0.085665157480315
20
1.4528972834645668
11
0.0861030708661417
21
1.4537233070866142
0
LINE
8
BLACK
6
CONTINUOUS
10
0.0861030708661417
20
1.4537233070866142
11
0.086492125984252
21
1.4546625196850393
0
LINE
8
BLACK
6
CONTINUOUS
10
0.086492125984252
20
1.4546625196850393
11
0.0891654724409449
21
1.4594995669291337
0
LINE
8
BLACK
6
CONTINUOUS
10
0.0891654724409449
20
1.4594995669291337
11
0.0920543307086614
21
1.4649485433070866
0
LINE
8
BLACK
6
CONTINUOUS
10
0.0920543307086614
20
1.4649485433070866
11
0.0927179133858268
21
1.4659272440944882
0
LINE
8
BLACK
6
CONTINUOUS
10
0.0927179133858268
20
1.4659272440944882
11
0.0933261023622047
21
1.4670276771653543
0
LINE
8
BLACK
6
CONTINUOUS
10
0.0933261023622047
20
1.4670276771653543
11
0.0964311811023622
21
1.4714038976377952
0
LINE
8
BLACK
6
CONTINUOUS
10
0.0964311811023622
20
1.4714038976377952
11
0.0997092913385827
21
1.4762387007874016
0
LINE
8
BLACK
6
CONTINUOUS
10
0.0997092913385827
20
1.4762387007874016
11
0.1006346456692913
21
1.4773281102362203
0
LINE
8
BLACK
6
CONTINUOUS
10
0.1006346456692913
20
1.4773281102362203
11
0.1015015354330709
21
1.4785498818897638
0
LINE
8
BLACK
6
CONTINUOUS
10
0.1015015354330709
20
1.4785498818897638
11
0.1049526771653543
21
1.4824117322834645
0
LINE
8
BLACK
6
CONTINUOUS
10
0.1049526771653543
20
1.4824117322834645
11
0.1085403149606299
21
1.4866354330708662
0
LINE
8
BLACK
6
CONTINUOUS
10
0.1085403149606299
20
1.4866354330708662
11
0.1097579527559055
21
1.4877888188976378
0
LINE
8
BLACK
6
CONTINUOUS
10
0.1097579527559055
20
1.4877888188976378
11
0.1109156692913386
21
1.4890843307086614
0
LINE
8
BLACK
6
CONTINUOUS
10
0.1109156692913386
20
1.4890843307086614
11
0.1146253149606299
21
1.4923994881889764
0
LINE
8
BLACK
6
CONTINUOUS
10
0.1146253149606299
20
1.4923994881889764
11
0.1184433070866142
21
1.496016062992126
0
LINE
8
BLACK
6
CONTINUOUS
10
0.1184433070866142
20
1.496016062992126
11
0.1199764960629921
21
1.4971815748031496
0
LINE
8
BLACK
6
CONTINUOUS
10
0.1199764960629921
20
1.4971815748031496
11
0.1214501181102362
21
1.498498464566929
0
LINE
8
BLACK
6
CONTINUOUS
10
0.1214501181102362
20
1.498498464566929
11
0.1253338976377953
21
1.5012541338582677
0
LINE
8
BLACK
6
CONTINUOUS
10
0.1253338976377953
20
1.5012541338582677
11
0.1293023228346457
21
1.5042708661417323
0
LINE
8
BLACK
6
CONTINUOUS
10
0.1293023228346457
20
1.5042708661417323
11
0.1311656299212599
21
1.505391968503937
0
LINE
8
BLACK
6
CONTINUOUS
10
0.1311656299212599
20
1.505391968503937
11
0.1329723228346457
21
1.5066738976377951
0
LINE
8
BLACK
6
CONTINUOUS
10
0.1329723228346457
20
1.5066738976377951
11
0.136948937007874
21
1.5088716929133859
0
LINE
8
BLACK
6
CONTINUOUS
10
0.136948937007874
20
1.5088716929133859
11
0.1409906299212599
21
1.5113035039370077
0
LINE
8
BLACK
6
CONTINUOUS
10
0.1409906299212599
20
1.5113035039370077
11
0.1431903543307086
21
1.5123211811023622
0
LINE
8
BLACK
6
CONTINUOUS
10
0.1431903543307086
20
1.5123211811023622
11
0.1453374803149606
21
1.5135078740157479
0
LINE
8
BLACK
6
CONTINUOUS
10
0.1453374803149606
20
1.5135078740157479
11
0.1493288188976378
21
1.5151611417322834
0
LINE
8
BLACK
6
CONTINUOUS
10
0.1493288188976378
20
1.5151611417322834
11
0.1533706692913386
21
1.5170311023622047
0
LINE
8
BLACK
6
CONTINUOUS
10
0.1533706692913386
20
1.5170311023622047
11
0.155903779527559
21
1.5178846062992126
0
LINE
8
BLACK
6
CONTINUOUS
10
0.155903779527559
20
1.5178846062992126
11
0.1583900393700787
21
1.5189144488188977
0
LINE
8
BLACK
6
CONTINUOUS
10
0.1583900393700787
20
1.5189144488188977
11
0.1623235826771653
21
1.5200476771653544
0
LINE
8
BLACK
6
CONTINUOUS
10
0.1623235826771653
20
1.5200476771653544
11
0.1662970866141732
21
1.5213864960629921
0
LINE
8
BLACK
6
CONTINUOUS
10
0.1662970866141732
20
1.5213864960629921
11
0.1691522440944882
21
1.5220149606299211
0
LINE
8
BLACK
6
CONTINUOUS
10
0.1691522440944882
20
1.5220149606299211
11
0.1719658661417323
21
1.5228255511811024
0
LINE
8
BLACK
6
CONTINUOUS
10
0.1719658661417323
20
1.5228255511811024
11
0.1757748818897638
21
1.5234727165354331
0
LINE
8
BLACK
6
CONTINUOUS
10
0.1757748818897638
20
1.5234727165354331
11
0.1796188582677165
21
1.5243188582677165
0
LINE
8
BLACK
6
CONTINUOUS
10
0.1796188582677165
20
1.5243188582677165
11
0.1827751181102362
21
1.5246620866141731
0
LINE
8
BLACK
6
CONTINUOUS
10
0.1827751181102362
20
1.5246620866141731
11
0.1858942519685039
21
1.5251920866141733
0
LINE
8
BLACK
6
CONTINUOUS
10
0.1858942519685039
20
1.5251920866141733
11
0.1895205511811024
21
1.5253957086614174
0
LINE
8
BLACK
6
CONTINUOUS
10
0.1895205511811024
20
1.5253957086614174
11
0.1931797637795276
21
1.5257937007874016
0
LINE
8
BLACK
6
CONTINUOUS
10
0.1931797637795276
20
1.5257937007874016
11
0.1966069291338583
21
1.5257937007874016
0
LINE
8
BLACK
6
CONTINUOUS
10
0.1966069291338583
20
1.5257937007874016
11
0.2
21
1.5259842519685038
0
LINE
8
BLACK
6
CONTINUOUS
10
0.2
20
1.5259842519685038
11
0.2033930708661417
21
1.5257937007874016
0
LINE
8
BLACK
6
CONTINUOUS
10
1.8033930708661416
20
1.5257937007874016
11
1.8068202362204724
21
1.5257937007874016
0
LINE
8
BLACK
6
CONTINUOUS
10
1.8068202362204724
20
1.5257937007874016
11
1.8104794094488188
21
1.5253957086614174
0
LINE
8
BLACK
6
CONTINUOUS
10
1.8104794094488188
20
1.5253957086614174
11
1.8141057480314959
21
1.5251920866141733
0
LINE
8
BLACK
6
CONTINUOUS
10
1.8141057480314959
20
1.5251920866141733
11
1.8172249212598426
21
1.5246620866141731
0
LINE
8
BLACK
6
CONTINUOUS
10
1.8172249212598426
20
1.5246620866141731
11
1.8203811023622047
21
1.5243188582677165
0
LINE
8
BLACK
6
CONTINUOUS
10
1.8203811023622047
20
1.5243188582677165
11
1.8242248818897637
21
1.5234727559055117
0
LINE
8
BLACK
6
CONTINUOUS
10
1.8242248818897637
20
1.5234727559055117
11
1.8280341338582677
21
1.5228255511811024
0
LINE
8
BLACK
6
CONTINUOUS
10
1.8280341338582677
20
1.5228255511811024
11
1.8308478346456694
21
1.5220149212598424
0
LINE
8
BLACK
6
CONTINUOUS
10
1.8308478346456694
20
1.5220149212598424
11
1.8337028740157479
21
1.5213864960629921
0
LINE
8
BLACK
6
CONTINUOUS
10
1.8337028740157479
20
1.5213864960629921
11
1.8376761023622046
21
1.5200477559055117
0
LINE
8
BLACK
6
CONTINUOUS
10
1.8376761023622046
20
1.5200477559055117
11
1.8416099606299212
21
1.5189144488188977
0
LINE
8
BLACK
6
CONTINUOUS
10
1.8416099606299212
20
1.5189144488188977
11
1.8440963779527559
21
1.5178845275590551
0
LINE
8
BLACK
6
CONTINUOUS
10
1.8440963779527559
20
1.5178845275590551
11
1.8466292913385827
21
1.5170311023622047
0
LINE
8
BLACK
6
CONTINUOUS
10
1.8466292913385827
20
1.5170311023622047
11
1.8506707874015749
21
1.5151612992125985
0
LINE
8
BLACK
6
CONTINUOUS
10
1.8506707874015749
20
1.5151612992125985
11
1.8546625196850393
21
1.5135078740157479
0
LINE
8
BLACK
6
CONTINUOUS
10
1.8546625196850393
20
1.5135078740157479
11
1.8568098031496063
21
1.512321062992126
0
LINE
8
BLACK
6
CONTINUOUS
10
1.8568098031496063
20
1.512321062992126
11
1.8590093307086615
21
1.5113035039370077
0
LINE
8
BLACK
6
CONTINUOUS
10
1.8590093307086615
20
1.5113035039370077
11
1.8630505511811024
21
1.5088719685039369
0
LINE
8
BLACK
6
CONTINUOUS
10
1.8630505511811024
20
1.5088719685039369
11
1.8670276771653542
21
1.5066738976377951
0
LINE
8
BLACK
6
CONTINUOUS
10
1.8670276771653542
20
1.5066738976377951
11
1.8688345669291337
21
1.505391811023622
0
LINE
8
BLACK
6
CONTINUOUS
10
1.8688345669291337
20
1.505391811023622
11
1.8706976377952755
21
1.5042708661417323
0
LINE
8
BLACK
6
CONTINUOUS
10
1.8706976377952755
20
1.5042708661417323
11
1.8746654724409448
21
1.5012545669291337
0
LINE
8
BLACK
6
CONTINUOUS
10
1.8746654724409448
20
1.5012545669291337
11
1.8785498818897637
21
1.498498464566929
0
LINE
8
BLACK
6
CONTINUOUS
10
1.8785498818897637
20
1.498498464566929
11
1.8800237007874014
21
1.4971813779527559
0
LINE
8
BLACK
6
CONTINUOUS
10
1.8800237007874014
20
1.4971813779527559
11
1.881556653543307
21
1.496016062992126
0
LINE
8
BLACK
6
CONTINUOUS
10
1.881556653543307
20
1.496016062992126
11
1.8853739370078739
21
1.4924000787401575
0
LINE
8
BLACK
6
CONTINUOUS
10
1.8853739370078739
20
1.4924000787401575
11
1.8890843307086613
21
1.4890843307086614
0
LINE
8
BLACK
6
CONTINUOUS
10
1.8890843307086613
20
1.4890843307086614
11
1.8902422440944882
21
1.4877885826771653
0
LINE
8
BLACK
6
CONTINUOUS
10
1.8902422440944882
20
1.4877885826771653
11
1.8914596456692914
21
1.4866354330708662
0
LINE
8
BLACK
6
CONTINUOUS
10
1.8914596456692914
20
1.4866354330708662
11
1.895046496062992
21
1.4824126377952755
0
LINE
8
BLACK
6
CONTINUOUS
10
1.895046496062992
20
1.4824126377952755
11
1.8984984645669292
21
1.4785498818897638
0
LINE
8
BLACK
6
CONTINUOUS
10
1.8984984645669292
20
1.4785498818897638
11
1.8993655118110235
21
1.4773278346456693
0
LINE
8
BLACK
6
CONTINUOUS
10
1.8993655118110235
20
1.4773278346456693
11
1.9002906692913386
21
1.4762387007874016
0
LINE
8
BLACK
6
CONTINUOUS
10
1.9002906692913386
20
1.4762387007874016
11
1.903567874015748
21
1.4714051574803149
0
LINE
8
BLACK
6
CONTINUOUS
10
1.903567874015748
20
1.4714051574803149
11
1.9066738976377953
21
1.4670276771653543
0
LINE
8
BLACK
6
CONTINUOUS
10
1.9066738976377953
20
1.4670276771653543
11
1.9072822047244093
21
1.4659269291338581
0
LINE
8
BLACK
6
CONTINUOUS
10
1.9072822047244093
20
1.4659269291338581
11
1.9079456299212598
21
1.4649485433070866
0
LINE
8
BLACK
6
CONTINUOUS
10
1.9079456299212598
20
1.4649485433070866
11
1.9108335433070867
21
1.4595013385826772
0
LINE
8
BLACK
6
CONTINUOUS
10
1.9108335433070867
20
1.4595013385826772
11
1.9135078740157481
21
1.4546625196850393
0
LINE
8
BLACK
6
CONTINUOUS
10
1.9135078740157481
20
1.4546625196850393
11
1.9138970078740156
21
1.4537229527559055
0
LINE
8
BLACK
6
CONTINUOUS
10
1.9138970078740156
20
1.4537229527559055
11
1.9143348031496064
21
1.4528972834645668
0
LINE
8
BLACK
6
CONTINUOUS
10
1.9143348031496064
20
1.4528972834645668
11
1.9167526377952755
21
1.4468289763779527
0
LINE
8
BLACK
6
CONTINUOUS
10
1.9167526377952755
20
1.4468289763779527
11
1.9189144488188976
21
1.4416099606299213
0
LINE
8
BLACK
6
CONTINUOUS
10
1.9189144488188976
20
1.4416099606299213
11
1.9191294094488189
21
1.4408637401574802
0
LINE
8
BLACK
6
CONTINUOUS
10
1.9191294094488189
20
1.4408637401574802
11
1.9193839763779528
21
1.4402248818897638
0
LINE
8
BLACK
6
CONTINUOUS
10
1.9193839763779528
20
1.4402248818897638
11
1.9212576771653542
21
1.4334763385826772
0
LINE
8
BLACK
6
CONTINUOUS
10
1.9212576771653542
20
1.4334763385826772
11
1.9228255511811023
21
1.4280341338582676
0
LINE
8
BLACK
6
CONTINUOUS
10
1.9228255511811023
20
1.4280341338582676
11
1.9229151968503937
21
1.4275064566929134
0
LINE
8
BLACK
6
CONTINUOUS
10
1.9229151968503937
20
1.4275064566929134
11
1.9230331102362204
21
1.4270818110236221
0
LINE
8
BLACK
6
CONTINUOUS
10
1.9230331102362204
20
1.4270818110236221
11
1.9242899212598426
21
1.4194154724409449
0
LINE
8
BLACK
6
CONTINUOUS
10
1.9242899212598426
20
1.4194154724409449
11
1.9251920866141732
21
1.414105748031496
0
LINE
8
BLACK
6
CONTINUOUS
10
1.9251920866141732
20
1.414105748031496
11
1.9252085826771652
21
1.4138117322834645
0
LINE
8
BLACK
6
CONTINUOUS
10
1.9252085826771652
20
1.4138117322834645
11
1.9252399606299213
21
1.4136204330708662
0
LINE
8
BLACK
6
CONTINUOUS
10
1.9252399606299213
20
1.4136204330708662
11
1.9258165748031495
21
1.4029851181102362
0
LINE
8
BLACK
6
CONTINUOUS
10
1.9258165748031495
20
1.4029851181102362
11
1.925984251968504
21
1.3999999999999999
0
LINE
8
BLACK
6
CONTINUOUS
10
1.925984251968504
20
1.3999999999999999
11
1.9258166141732282
21
1.3970151181102362
0
LINE
8
BLACK
6
CONTINUOUS
10
1.9258166141732282
20
1.3970151181102362
11
1.9252399606299213
21
1.3863795275590551
0
LINE
8
BLACK
6
CONTINUOUS
10
1.9252399606299213
20
1.3863795275590551
11
1.9252085826771652
21
1.3861881889763779
0
LINE
8
BLACK
6
CONTINUOUS
10
1.9252085826771652
20
1.3861881889763779
11
1.9251920866141732
21
1.3858942519685038
0
LINE
8
BLACK
6
CONTINUOUS
10
1.9251920866141732
20
1.3858942519685038
11
1.9242900787401573
21
1.380585590551181
0
LINE
8
BLACK
6
CONTINUOUS
10
1.9242900787401573
20
1.380585590551181
11
1.9230331102362204
21
1.3729181496062992
0
LINE
8
BLACK
6
CONTINUOUS
10
1.9230331102362204
20
1.3729181496062992
11
1.9229151574803149
21
1.3724934251968504
0
LINE
8
BLACK
6
CONTINUOUS
10
1.9229151574803149
20
1.3724934251968504
11
1.9228255511811023
21
1.3719658661417322
0
LINE
8
BLACK
6
CONTINUOUS
10
1.9228255511811023
20
1.3719658661417322
11
1.9212579527559055
21
1.3665246456692912
0
LINE
8
BLACK
6
CONTINUOUS
10
1.9212579527559055
20
1.3665246456692912
11
1.9193839763779528
21
1.3597750787401575
0
LINE
8
BLACK
6
CONTINUOUS
10
1.9193839763779528
20
1.3597750787401575
11
1.9191293700787402
21
1.3591361023622046
0
LINE
8
BLACK
6
CONTINUOUS
10
1.9191293700787402
20
1.3591361023622046
11
1.9189144488188976
21
1.3583900393700787
0
LINE
8
BLACK
6
CONTINUOUS
10
1.9189144488188976
20
1.3583900393700787
11
1.916753031496063
21
1.3531720078740157
0
LINE
8
BLACK
6
CONTINUOUS
10
1.916753031496063
20
1.3531720078740157
11
1.9143348031496064
21
1.3471026771653543
0
LINE
8
BLACK
6
CONTINUOUS
10
1.9143348031496064
20
1.3471026771653543
11
1.9138969685039369
21
1.3462768110236221
0
LINE
8
BLACK
6
CONTINUOUS
10
1.9138969685039369
20
1.3462768110236221
11
1.9135078740157481
21
1.3453374803149607
0
LINE
8
BLACK
6
CONTINUOUS
10
1.9135078740157481
20
1.3453374803149607
11
1.9108340551181102
21
1.3404995669291337
0
LINE
8
BLACK
6
CONTINUOUS
10
1.9108340551181102
20
1.3404995669291337
11
1.9079456299212598
21
1.3350514173228347
0
LINE
8
BLACK
6
CONTINUOUS
10
1.9079456299212598
20
1.3350514173228347
11
1.9072820866141731
21
1.3340727952755904
0
LINE
8
BLACK
6
CONTINUOUS
10
1.9072820866141731
20
1.3340727952755904
11
1.9066738976377953
21
1.3329723228346457
0
LINE
8
BLACK
6
CONTINUOUS
10
1.9066738976377953
20
1.3329723228346457
11
1.9035684645669291
21
1.3285956299212598
0
LINE
8
BLACK
6
CONTINUOUS
10
1.9035684645669291
20
1.3285956299212598
11
1.9002906692913386
21
1.3237612598425197
0
LINE
8
BLACK
6
CONTINUOUS
10
1.9002906692913386
20
1.3237612598425197
11
1.8993653543307085
21
1.3226718897637795
0
LINE
8
BLACK
6
CONTINUOUS
10
1.8993653543307085
20
1.3226718897637795
11
1.8984984645669292
21
1.3214501181102363
0
LINE
8
BLACK
6
CONTINUOUS
10
1.8984984645669292
20
1.3214501181102363
11
1.8950471653543306
21
1.3175881102362204
0
LINE
8
BLACK
6
CONTINUOUS
10
1.8950471653543306
20
1.3175881102362204
11
1.8914596456692914
21
1.3133645275590551
0
LINE
8
BLACK
6
CONTINUOUS
10
1.8914596456692914
20
1.3133645275590551
11
1.8902420078740156
21
1.3122111023622047
0
LINE
8
BLACK
6
CONTINUOUS
10
1.8902420078740156
20
1.3122111023622047
11
1.8890843307086613
21
1.3109156692913386
0
LINE
8
BLACK
6
CONTINUOUS
10
1.8890843307086613
20
1.3109156692913386
11
1.88537468503937
21
1.3076005118110237
0
LINE
8
BLACK
6
CONTINUOUS
10
1.88537468503937
20
1.3076005118110237
11
1.881556653543307
21
1.3039838976377953
0
LINE
8
BLACK
6
CONTINUOUS
10
1.881556653543307
20
1.3039838976377953
11
1.8800233858267716
21
1.3028183464566929
0
LINE
8
BLACK
6
CONTINUOUS
10
1.8800233858267716
20
1.3028183464566929
11
1.8785498818897637
21
1.3015015354330708
0
LINE
8
BLACK
6
CONTINUOUS
10
1.8785498818897637
20
1.3015015354330708
11
1.8746662598425197
21
1.2987459448818897
0
LINE
8
BLACK
6
CONTINUOUS
10
1.8746662598425197
20
1.2987459448818897
11
1.8706976377952755
21
1.295729094488189
0
LINE
8
BLACK
6
CONTINUOUS
10
1.8706976377952755
20
1.295729094488189
11
1.8688341732283464
21
1.2946078740157481
0
LINE
8
BLACK
6
CONTINUOUS
10
1.8688341732283464
20
1.2946078740157481
11
1.8670276771653542
21
1.2933261023622047
0
LINE
8
BLACK
6
CONTINUOUS
10
1.8670276771653542
20
1.2933261023622047
11
1.863051338582677
21
1.2911284645669292
0
LINE
8
BLACK
6
CONTINUOUS
10
1.863051338582677
20
1.2911284645669292
11
1.8590093307086615
21
1.2886964566929133
0
LINE
8
BLACK
6
CONTINUOUS
10
1.8590093307086615
20
1.2886964566929133
11
1.85680937007874
21
1.287678622047244
0
LINE
8
BLACK
6
CONTINUOUS
10
1.85680937007874
20
1.287678622047244
11
1.8546625196850393
21
1.2864921259842519
0
LINE
8
BLACK
6
CONTINUOUS
10
1.8546625196850393
20
1.2864921259842519
11
1.8506716141732282
21
1.2848390157480314
0
LINE
8
BLACK
6
CONTINUOUS
10
1.8506716141732282
20
1.2848390157480314
11
1.8466292913385827
21
1.2829688582677166
0
LINE
8
BLACK
6
CONTINUOUS
10
1.8466292913385827
20
1.2829688582677166
11
1.8440958661417322
21
1.2821152362204724
0
LINE
8
BLACK
6
CONTINUOUS
10
1.8440958661417322
20
1.2821152362204724
11
1.8416099606299212
21
1.2810855511811023
0
LINE
8
BLACK
6
CONTINUOUS
10
1.8416099606299212
20
1.2810855511811023
11
1.8376768897637794
21
1.2799524409448819
0
LINE
8
BLACK
6
CONTINUOUS
10
1.8376768897637794
20
1.2799524409448819
11
1.8337028740157479
21
1.2786134645669291
0
LINE
8
BLACK
6
CONTINUOUS
10
1.8337028740157479
20
1.2786134645669291
11
1.8308472440944881
21
1.2779848818897637
0
LINE
8
BLACK
6
CONTINUOUS
10
1.8308472440944881
20
1.2779848818897637
11
1.8280341338582677
21
1.2771744488188976
0
LINE
8
BLACK
6
CONTINUOUS
10
1.8280341338582677
20
1.2771744488188976
11
1.8242256692913386
21
1.2765273622047244
0
LINE
8
BLACK
6
CONTINUOUS
10
1.8242256692913386
20
1.2765273622047244
11
1.8203811023622047
21
1.2756811023622048
0
LINE
8
BLACK
6
CONTINUOUS
10
1.8203811023622047
20
1.2756811023622048
11
1.8172244094488188
21
1.2753377952755904
0
LINE
8
BLACK
6
CONTINUOUS
10
1.8172244094488188
20
1.2753377952755904
11
1.8141057480314959
21
1.2748079133858268
0
LINE
8
BLACK
6
CONTINUOUS
10
1.8141057480314959
20
1.2748079133858268
11
1.8104796062992126
21
1.2746042519685039
0
LINE
8
BLACK
6
CONTINUOUS
10
1.8104796062992126
20
1.2746042519685039
11
1.8068202362204724
21
1.2742062992125984
0
LINE
8
BLACK
6
CONTINUOUS
10
1.8068202362204724
20
1.2742062992125984
11
1.8033930708661416
21
1.2742062992125984
0
LINE
8
BLACK
6
CONTINUOUS
10
1.8033930708661416
20
1.2742062992125984
11
1.8
21
1.274015748031496
0
LINE
8
BLACK
6
CONTINUOUS
10
1.8
20
1.274015748031496
11
1.7966069291338582
21
1.2742062992125984
0
LINE
8
BLACK
6
CONTINUOUS
10
1.7966069291338582
20
1.2742062992125984
11
1.7931797637795275
21
1.2742062992125984
0
LINE
8
BLACK
6
CONTINUOUS
10
1.7931797637795275
20
1.2742062992125984
11
1.7895203149606298
21
1.2746042519685039
0
LINE
8
BLACK
6
CONTINUOUS
10
1.7895203149606298
20
1.2746042519685039
11
1.7858942519685039
21
1.2748079133858268
0
LINE
8
BLACK
6
CONTINUOUS
10
1.7858942519685039
20
1.2748079133858268
11
1.7827755905511811
21
1.2753377559055117
0
LINE
8
BLACK
6
CONTINUOUS
10
1.7827755905511811
20
1.2753377559055117
11
1.7796188582677166
21
1.2756811023622048
0
LINE
8
BLACK
6
CONTINUOUS
10
1.7796188582677166
20
1.2756811023622048
11
1.775774094488189
21
1.2765273622047244
0
LINE
8
BLACK
6
CONTINUOUS
10
1.775774094488189
20
1.2765273622047244
11
1.7719658661417323
21
1.2771744488188976
0
LINE
8
BLACK
6
CONTINUOUS
10
1.7719658661417323
20
1.2771744488188976
11
1.7691528346456693
21
1.2779848425196849
0
LINE
8
BLACK
6
CONTINUOUS
10
1.7691528346456693
20
1.2779848425196849
11
1.7662970866141732
21
1.2786134645669291
0
LINE
8
BLACK
6
CONTINUOUS
10
1.7662970866141732
20
1.2786134645669291
11
1.7623227952755904
21
1.2799525196850394
0
LINE
8
BLACK
6
CONTINUOUS
10
1.7623227952755904
20
1.2799525196850394
11
1.7583900393700787
21
1.2810855511811023
0
LINE
8
BLACK
6
CONTINUOUS
10
1.7583900393700787
20
1.2810855511811023
11
1.7559042913385827
21
1.2821151574803149
0
LINE
8
BLACK
6
CONTINUOUS
10
1.7559042913385827
20
1.2821151574803149
11
1.7533706692913384
21
1.2829688582677166
0
LINE
8
BLACK
6
CONTINUOUS
10
1.7533706692913384
20
1.2829688582677166
11
1.7493279921259841
21
1.2848391732283464
0
LINE
8
BLACK
6
CONTINUOUS
10
1.7493279921259841
20
1.2848391732283464
11
1.7453374803149606
21
1.2864921259842519
0
LINE
8
BLACK
6
CONTINUOUS
10
1.7453374803149606
20
1.2864921259842519
11
1.7431907874015748
21
1.2876785433070865
0
LINE
8
BLACK
6
CONTINUOUS
10
1.7431907874015748
20
1.2876785433070865
11
1.7409906299212599
21
1.2886964566929133
0
LINE
8
BLACK
6
CONTINUOUS
10
1.7409906299212599
20
1.2886964566929133
11
1.7369481496062991
21
1.2911287401574802
0
LINE
8
BLACK
6
CONTINUOUS
10
1.7369481496062991
20
1.2911287401574802
11
1.7329723228346456
21
1.2933261023622047
0
LINE
8
BLACK
6
CONTINUOUS
10
1.7329723228346456
20
1.2933261023622047
11
1.7311659842519684
21
1.2946077165354331
0
LINE
8
BLACK
6
CONTINUOUS
10
1.7311659842519684
20
1.2946077165354331
11
1.7293023228346456
21
1.295729094488189
0
LINE
8
BLACK
6
CONTINUOUS
10
1.7293023228346456
20
1.295729094488189
11
1.7253331102362204
21
1.2987463779527559
0
LINE
8
BLACK
6
CONTINUOUS
10
1.7253331102362204
20
1.2987463779527559
11
1.7214501181102362
21
1.3015015354330708
0
LINE
8
BLACK
6
CONTINUOUS
10
1.7214501181102362
20
1.3015015354330708
11
1.719976811023622
21
1.3028181496062992
0
LINE
8
BLACK
6
CONTINUOUS
10
1.719976811023622
20
1.3028181496062992
11
1.7184433070866141
21
1.3039838976377953
0
LINE
8
BLACK
6
CONTINUOUS
10
1.7184433070866141
20
1.3039838976377953
11
1.7146246062992125
21
1.3076011417322835
0
LINE
8
BLACK
6
CONTINUOUS
10
1.7146246062992125
20
1.3076011417322835
11
1.7109156692913385
21
1.3109156692913386
0
LINE
8
BLACK
6
CONTINUOUS
10
1.7109156692913385
20
1.3109156692913386
11
1.7097581496062992
21
1.3122108661417322
0
LINE
8
BLACK
6
CONTINUOUS
10
1.7097581496062992
20
1.3122108661417322
11
1.70854031496063
21
1.3133645275590551
0
LINE
8
BLACK
6
CONTINUOUS
10
1.70854031496063
20
1.3133645275590551
11
1.7049520078740157
21
1.3175889763779527
0
LINE
8
BLACK
6
CONTINUOUS
10
1.7049520078740157
20
1.3175889763779527
11
1.7015015354330709
21
1.3214501181102363
0
LINE
8
BLACK
6
CONTINUOUS
10
1.7015015354330709
20
1.3214501181102363
11
1.7006348031496064
21
1.3226716141732284
0
LINE
8
BLACK
6
CONTINUOUS
10
1.7006348031496064
20
1.3226716141732284
11
1.6997092913385827
21
1.3237612598425197
0
LINE
8
BLACK
6
CONTINUOUS
10
1.6997092913385827
20
1.3237612598425197
11
1.6964305905511812
21
1.3285968897637794
0
LINE
8
BLACK
6
CONTINUOUS
10
1.6964305905511812
20
1.3285968897637794
11
1.6933261023622046
21
1.3329723228346457
0
LINE
8
BLACK
6
CONTINUOUS
10
1.6933261023622046
20
1.3329723228346457
11
1.692718031496063
21
1.3340724803149606
0
LINE
8
BLACK
6
CONTINUOUS
10
1.692718031496063
20
1.3340724803149606
11
1.6920543307086613
21
1.3350514173228347
0
LINE
8
BLACK
6
CONTINUOUS
10
1.6920543307086613
20
1.3350514173228347
11
1.6891649606299213
21
1.3405012992125984
0
LINE
8
BLACK
6
CONTINUOUS
10
1.6891649606299213
20
1.3405012992125984
11
1.686492125984252
21
1.3453374803149607
0
LINE
8
BLACK
6
CONTINUOUS
10
1.686492125984252
20
1.3453374803149607
11
1.6861031496062993
21
1.346276496062992
0
LINE
8
BLACK
6
CONTINUOUS
10
1.6861031496062993
20
1.346276496062992
11
1.685665157480315
21
1.3471026771653543
0
LINE
8
BLACK
6
CONTINUOUS
10
1.685665157480315
20
1.3471026771653543
11
1.6832458661417322
21
1.3531744881889765
0
LINE
8
BLACK
6
CONTINUOUS
10
1.6832458661417322
20
1.3531744881889765
11
1.6810855511811023
21
1.3583900393700787
0
LINE
8
BLACK
6
CONTINUOUS
10
1.6810855511811023
20
1.3583900393700787
11
1.6808707086614172
21
1.3591357480314961
0
LINE
8
BLACK
6
CONTINUOUS
10
1.6808707086614172
20
1.3591357480314961
11
1.6806159842519686
21
1.3597750787401575
0
LINE
8
BLACK
6
CONTINUOUS
10
1.6806159842519686
20
1.3597750787401575
11
1.678740905511811
21
1.3665284251968504
0
LINE
8
BLACK
6
CONTINUOUS
10
1.678740905511811
20
1.3665284251968504
11
1.6771744488188975
21
1.3719658661417322
0
LINE
8
BLACK
6
CONTINUOUS
10
1.6771744488188975
20
1.3719658661417322
11
1.6770848425196849
21
1.3724930314960631
0
LINE
8
BLACK
6
CONTINUOUS
10
1.6770848425196849
20
1.3724930314960631
11
1.6769668503937007
21
1.3729181496062992
0
LINE
8
BLACK
6
CONTINUOUS
10
1.6769668503937007
20
1.3729181496062992
11
1.6757087401574802
21
1.3805921653543307
0
LINE
8
BLACK
6
CONTINUOUS
10
1.6757087401574802
20
1.3805921653543307
11
1.6748079133858267
21
1.3858942519685038
0
LINE
8
BLACK
6
CONTINUOUS
10
1.6748079133858267
20
1.3858942519685038
11
1.6747914173228347
21
1.3861877952755906
0
LINE
8
BLACK
6
CONTINUOUS
10
1.6747914173228347
20
1.3861877952755906
11
1.67476
21
1.3863795275590551
0
LINE
8
BLACK
6
CONTINUOUS
10
1.67476
20
1.3863795275590551
11
1.6741822047244095
21
1.3970353937007873
0
LINE
8
BLACK
6
CONTINUOUS
10
1.6741822047244095
20
1.3970353937007873
11
1.6740157480314961
21
1.3999999999999999
0
LINE
8
BLACK
6
CONTINUOUS
10
1.6740157480314961
20
1.3999999999999999
11
1.6741822440944882
21
1.4029648031496063
0
LINE
8
BLACK
6
CONTINUOUS
10
1.6741822440944882
20
1.4029648031496063
11
1.67476
21
1.4136204330708662
0
LINE
8
BLACK
6
CONTINUOUS
10
1.67476
20
1.4136204330708662
11
1.6747914173228347
21
1.4138120866141732
0
LINE
8
BLACK
6
CONTINUOUS
10
1.6747914173228347
20
1.4138120866141732
11
1.6748079133858267
21
1.414105748031496
0
LINE
8
BLACK
6
CONTINUOUS
10
1.6748079133858267
20
1.414105748031496
11
1.6757089370078739
21
1.4194088582677165
0
LINE
8
BLACK
6
CONTINUOUS
10
1.6757089370078739
20
1.4194088582677165
11
1.6769668503937007
21
1.4270818110236221
0
LINE
8
BLACK
6
CONTINUOUS
10
1.6769668503937007
20
1.4270818110236221
11
1.6770848425196849
21
1.427506811023622
0
LINE
8
BLACK
6
CONTINUOUS
10
1.6770848425196849
20
1.427506811023622
11
1.6771744488188975
21
1.4280341338582676
0
LINE
8
BLACK
6
CONTINUOUS
10
1.6771744488188975
20
1.4280341338582676
11
1.678741220472441
21
1.4334725984251968
0
LINE
8
BLACK
6
CONTINUOUS
10
1.678741220472441
20
1.4334725984251968
11
1.6806159842519686
21
1.4402248818897638
0
LINE
8
BLACK
6
CONTINUOUS
10
1.6806159842519686
20
1.4402248818897638
11
1.6808706692913384
21
1.440864094488189
0
LINE
8
BLACK
6
CONTINUOUS
10
1.6808706692913384
20
1.440864094488189
11
1.6810855511811023
21
1.4416099606299213
0
LINE
8
BLACK
6
CONTINUOUS
10
1.6810855511811023
20
1.4416099606299213
11
1.6832462992125985
21
1.4468264566929134
0
LINE
8
BLACK
6
CONTINUOUS
10
1.6832462992125985
20
1.4468264566929134
11
1.685665157480315
21
1.4528972834645668
0
LINE
8
BLACK
6
CONTINUOUS
10
1.685665157480315
20
1.4528972834645668
11
1.6861030708661418
21
1.4537233070866142
0
LINE
8
BLACK
6
CONTINUOUS
10
1.6861030708661418
20
1.4537233070866142
11
1.686492125984252
21
1.4546625196850393
0
LINE
8
BLACK
6
CONTINUOUS
10
1.686492125984252
20
1.4546625196850393
11
1.6891654724409448
21
1.4594995669291337
0
LINE
8
BLACK
6
CONTINUOUS
10
1.6891654724409448
20
1.4594995669291337
11
1.6920543307086613
21
1.4649485433070866
0
LINE
8
BLACK
6
CONTINUOUS
10
1.6920543307086613
20
1.4649485433070866
11
1.6927179133858268
21
1.4659272440944882
0
LINE
8
BLACK
6
CONTINUOUS
10
1.6927179133858268
20
1.4659272440944882
11
1.6933261023622046
21
1.4670276771653543
0
LINE
8
BLACK
6
CONTINUOUS
10
1.6933261023622046
20
1.4670276771653543
11
1.6964311811023622
21
1.4714038976377952
0
LINE
8
BLACK
6
CONTINUOUS
10
1.6964311811023622
20
1.4714038976377952
11
1.6997092913385827
21
1.4762387007874016
0
LINE
8
BLACK
6
CONTINUOUS
10
1.6997092913385827
20
1.4762387007874016
11
1.7006346456692913
21
1.4773281102362203
0
LINE
8
BLACK
6
CONTINUOUS
10
1.7006346456692913
20
1.4773281102362203
11
1.7015015354330709
21
1.4785498818897638
0
LINE
8
BLACK
6
CONTINUOUS
10
1.7015015354330709
20
1.4785498818897638
11
1.7049526771653543
21
1.4824117322834645
0
LINE
8
BLACK
6
CONTINUOUS
10
1.7049526771653543
20
1.4824117322834645
11
1.70854031496063
21
1.4866354330708662
0
LINE
8
BLACK
6
CONTINUOUS
10
1.70854031496063
20
1.4866354330708662
11
1.7097579527559055
21
1.4877888188976378
0
LINE
8
BLACK
6
CONTINUOUS
10
1.7097579527559055
20
1.4877888188976378
11
1.7109156692913385
21
1.4890843307086614
0
LINE
8
BLACK
6
CONTINUOUS
10
1.7109156692913385
20
1.4890843307086614
11
1.7146253149606299
21
1.4923994881889764
0
LINE
8
BLACK
6
CONTINUOUS
10
1.7146253149606299
20
1.4923994881889764
11
1.7184433070866141
21
1.496016062992126
0
LINE
8
BLACK
6
CONTINUOUS
10
1.7184433070866141
20
1.496016062992126
11
1.7199764960629922
21
1.4971815748031496
0
LINE
8
BLACK
6
CONTINUOUS
10
1.7199764960629922
20
1.4971815748031496
11
1.7214501181102362
21
1.498498464566929
0
LINE
8
BLACK
6
CONTINUOUS
10
1.7214501181102362
20
1.498498464566929
11
1.7253338976377952
21
1.5012541338582677
0
LINE
8
BLACK
6
CONTINUOUS
10
1.7253338976377952
20
1.5012541338582677
11
1.7293023228346456
21
1.5042708661417323
0
LINE
8
BLACK
6
CONTINUOUS
10
1.7293023228346456
20
1.5042708661417323
11
1.7311656299212599
21
1.505391968503937
0
LINE
8
BLACK
6
CONTINUOUS
10
1.7311656299212599
20
1.505391968503937
11
1.7329723228346456
21
1.5066738976377951
0
LINE
8
BLACK
6
CONTINUOUS
10
1.7329723228346456
20
1.5066738976377951
11
1.7369489370078739
21
1.5088716929133859
0
LINE
8
BLACK
6
CONTINUOUS
10
1.7369489370078739
20
1.5088716929133859
11
1.7409906299212599
21
1.5113035039370077
0
LINE
8
BLACK
6
CONTINUOUS
10
1.7409906299212599
20
1.5113035039370077
11
1.7431903543307086
21
1.5123211811023622
0
LINE
8
BLACK
6
CONTINUOUS
10
1.7431903543307086
20
1.5123211811023622
11
1.7453374803149606
21
1.5135078740157479
0
LINE
8
BLACK
6
CONTINUOUS
10
1.7453374803149606
20
1.5135078740157479
11
1.7493288188976377
21
1.5151611417322834
0
LINE
8
BLACK
6
CONTINUOUS
10
1.7493288188976377
20
1.5151611417322834
11
1.7533706692913384
21
1.5170311023622047
0
LINE
8
BLACK
6
CONTINUOUS
10
1.7533706692913384
20
1.5170311023622047
11
1.7559037795275589
21
1.5178846062992126
0
LINE
8
BLACK
6
CONTINUOUS
10
1.7559037795275589
20
1.5178846062992126
11
1.7583900393700787
21
1.5189144488188977
0
LINE
8
BLACK
6
CONTINUOUS
10
1.7583900393700787
20
1.5189144488188977
11
1.7623235826771653
21
1.5200476771653544
0
LINE
8
BLACK
6
CONTINUOUS
10
1.7623235826771653
20
1.5200476771653544
11
1.7662970866141732
21
1.5213864960629921
0
LINE
8
BLACK
6
CONTINUOUS
10
1.7662970866141732
20
1.5213864960629921
11
1.7691522440944882
21
1.5220149606299211
0
LINE
8
BLACK
6
CONTINUOUS
10
1.7691522440944882
20
1.5220149606299211
11
1.7719658661417323
21
1.5228255511811024
0
LINE
8
BLACK
6
CONTINUOUS
10
1.7719658661417323
20
1.5228255511811024
11
1.7757748818897638
21
1.5234727165354331
0
LINE
8
BLACK
6
CONTINUOUS
10
1.7757748818897638
20
1.5234727165354331
11
1.7796188582677166
21
1.5243188582677165
0
LINE
8
BLACK
6
CONTINUOUS
10
1.7796188582677166
20
1.5243188582677165
11
1.7827751181102363
21
1.5246620866141731
0
LINE
8
BLACK
6
CONTINUOUS
10
1.7827751181102363
20
1.5246620866141731
11
1.7858942519685039
21
1.5251920866141733
0
LINE
8
BLACK
6
CONTINUOUS
10
1.7858942519685039
20
1.5251920866141733
11
1.7895205511811023
21
1.5253957086614174
0
LINE
8
BLACK
6
CONTINUOUS
10
1.7895205511811023
20
1.5253957086614174
11
1.7931797637795275
21
1.5257937007874016
0
LINE
8
BLACK
6
CONTINUOUS
10
1.7931797637795275
20
1.5257937007874016
11
1.7966069291338582
21
1.5257937007874016
0
LINE
8
BLACK
6
CONTINUOUS
10
1.7966069291338582
20
1.5257937007874016
11
1.8
21
1.5259842519685038
0
LINE
8
BLACK
6
CONTINUOUS
10
1.8
20
1.5259842519685038
11
1.8033930708661416
21
1.5257937007874016
0
LINE
8
BLACK
6
CONTINUOUS
10
0.6353191732283464
20
1.3928105118110237
11
0.6366588188976378
21
1.3926551181102362
0
LINE
8
BLACK
6
CONTINUOUS
10
0.6366588188976378
20
1.3926551181102362
11
0.6371164960629921
21
1.3924529921259843
0
LINE
8
BLACK
6
CONTINUOUS
10
0.6371164960629921
20
1.3924529921259843
11
0.6380132677165354
21
1.3922746456692914
0
LINE
8
BLACK
6
CONTINUOUS
10
0.6380132677165354
20
1.3922746456692914
11
0.6389732677165354
21
1.3916331496062992
0
LINE
8
BLACK
6
CONTINUOUS
10
0.6389732677165354
20
1.3916331496062992
11
0.6394112992125984
21
1.3914397637795275
0
LINE
8
BLACK
6
CONTINUOUS
10
0.6394112992125984
20
1.3914397637795275
11
0.6397104724409449
21
1.3911405511811024
0
LINE
8
BLACK
6
CONTINUOUS
10
0.6397104724409449
20
1.3911405511811024
11
0.6405677559055118
21
1.3905677559055118
0
LINE
8
BLACK
6
CONTINUOUS
10
0.6405677559055118
20
1.3905677559055118
11
0.6411405511811024
21
1.3897104724409448
0
LINE
8
BLACK
6
CONTINUOUS
10
0.6411405511811024
20
1.3897104724409448
11
0.6414397637795275
21
1.3894112992125984
0
LINE
8
BLACK
6
CONTINUOUS
10
0.6414397637795275
20
1.3894112992125984
11
0.6416331496062992
21
1.3889732677165354
0
LINE
8
BLACK
6
CONTINUOUS
10
0.6416331496062992
20
1.3889732677165354
11
0.6422746456692914
21
1.3880132677165353
0
LINE
8
BLACK
6
CONTINUOUS
10
0.6422746456692914
20
1.3880132677165353
11
0.6424529921259843
21
1.387116496062992
0
LINE
8
BLACK
6
CONTINUOUS
10
0.6424529921259843
20
1.387116496062992
11
0.6426551181102362
21
1.3866588188976379
0
LINE
8
BLACK
6
CONTINUOUS
10
0.6426551181102362
20
1.3866588188976379
11
0.6428105118110236
21
1.385319094488189
0
LINE
8
BLACK
6
CONTINUOUS
10
0.6428105118110236
20
1.385319094488189
11
0.6428740157480315
21
1.385
0
LINE
8
BLACK
6
CONTINUOUS
10
0.6428740157480315
20
1.385
11
0.6428740157480315
21
1.325
0
LINE
8
BLACK
6
CONTINUOUS
10
0.6428740157480315
20
1.325
11
0.6428105118110236
21
1.3246808661417322
0
LINE
8
BLACK
6
CONTINUOUS
10
0.6428105118110236
20
1.3246808661417322
11
0.6426551181102362
21
1.3233411417322833
0
LINE
8
BLACK
6
CONTINUOUS
10
0.6426551181102362
20
1.3233411417322833
11
0.6424529921259843
21
1.3228833858267717
0
LINE
8
BLACK
6
CONTINUOUS
10
0.6424529921259843
20
1.3228833858267717
11
0.6422746456692914
21
1.3219867322834646
0
LINE
8
BLACK
6
CONTINUOUS
10
0.6422746456692914
20
1.3219867322834646
11
0.6416331889763779
21
1.3210267716535433
0
LINE
8
BLACK
6
CONTINUOUS
10
0.6416331889763779
20
1.3210267716535433
11
0.6414397637795275
21
1.3205886614173228
0
LINE
8
BLACK
6
CONTINUOUS
10
0.6414397637795275
20
1.3205886614173228
11
0.6411404724409449
21
1.3202893700787401
0
LINE
8
BLACK
6
CONTINUOUS
10
0.6411404724409449
20
1.3202893700787401
11
0.6405677559055118
21
1.3194322440944881
0
LINE
8
BLACK
6
CONTINUOUS
10
0.6405677559055118
20
1.3194322440944881
11
0.6397105905511811
21
1.3188594881889764
0
LINE
8
BLACK
6
CONTINUOUS
10
0.6397105905511811
20
1.3188594881889764
11
0.6394112992125984
21
1.3185601968503937
0
LINE
8
BLACK
6
CONTINUOUS
10
0.6394112992125984
20
1.3185601968503937
11
0.6389731102362205
21
1.3183666929133857
0
LINE
8
BLACK
6
CONTINUOUS
10
0.6389731102362205
20
1.3183666929133857
11
0.6380132677165354
21
1.3177253543307086
0
LINE
8
BLACK
6
CONTINUOUS
10
0.6380132677165354
20
1.3177253543307086
11
0.6371166929133858
21
1.3175470078740157
0
LINE
8
BLACK
6
CONTINUOUS
10
0.6371166929133858
20
1.3175470078740157
11
0.6366588188976378
21
1.317344842519685
0
LINE
8
BLACK
6
CONTINUOUS
10
0.6366588188976378
20
1.317344842519685
11
0.6353186220472441
21
1.3171893307086613
0
LINE
8
BLACK
6
CONTINUOUS
10
0.6353186220472441
20
1.3171893307086613
11
0.635
21
1.3171259842519685
0
LINE
8
BLACK
6
CONTINUOUS
10
0.635
20
1.3171259842519685
11
0.6347723228346457
21
1.3171259842519685
0
LINE
8
BLACK
6
CONTINUOUS
10
0.6347723228346457
20
1.3171259842519685
11
0.575227716535433
21
1.3171259842519685
0
LINE
8
BLACK
6
CONTINUOUS
10
0.575227716535433
20
1.3171259842519685
11
0.575
21
1.3171259842519685
0
LINE
8
BLACK
6
CONTINUOUS
10
0.575
20
1.3171259842519685
11
0.5746813385826771
21
1.3171893307086613
0
LINE
8
BLACK
6
CONTINUOUS
10
0.5746813385826771
20
1.3171893307086613
11
0.5733411417322835
21
1.317344842519685
0
LINE
8
BLACK
6
CONTINUOUS
10
0.5733411417322835
20
1.317344842519685
11
0.5728832283464567
21
1.3175470078740157
0
LINE
8
BLACK
6
CONTINUOUS
10
0.5728832283464567
20
1.3175470078740157
11
0.5719867322834645
21
1.3177253543307086
0
LINE
8
BLACK
6
CONTINUOUS
10
0.5719867322834645
20
1.3177253543307086
11
0.5710269291338582
21
1.318366653543307
0
LINE
8
BLACK
6
CONTINUOUS
10
0.5710269291338582
20
1.318366653543307
11
0.5705886614173228
21
1.3185601968503937
0
LINE
8
BLACK
6
CONTINUOUS
10
0.5705886614173228
20
1.3185601968503937
11
0.5702892519685039
21
1.3188595669291339
0
LINE
8
BLACK
6
CONTINUOUS
10
0.5702892519685039
20
1.3188595669291339
11
0.5694322440944882
21
1.3194322440944881
0
LINE
8
BLACK
6
CONTINUOUS
10
0.5694322440944882
20
1.3194322440944881
11
0.5688595669291339
21
1.3202892519685039
0
LINE
8
BLACK
6
CONTINUOUS
10
0.5688595669291339
20
1.3202892519685039
11
0.5685601968503937
21
1.3205886614173228
0
LINE
8
BLACK
6
CONTINUOUS
10
0.5685601968503937
20
1.3205886614173228
11
0.5683666535433071
21
1.3210269291338583
0
LINE
8
BLACK
6
CONTINUOUS
10
0.5683666535433071
20
1.3210269291338583
11
0.5677253543307087
21
1.3219867322834646
0
LINE
8
BLACK
6
CONTINUOUS
10
0.5677253543307087
20
1.3219867322834646
11
0.5675470078740157
21
1.3228832283464567
0
LINE
8
BLACK
6
CONTINUOUS
10
0.5675470078740157
20
1.3228832283464567
11
0.567344842519685
21
1.3233411417322833
0
LINE
8
BLACK
6
CONTINUOUS
10
0.567344842519685
20
1.3233411417322833
11
0.5671893307086614
21
1.3246814173228345
0
LINE
8
BLACK
6
CONTINUOUS
10
0.5671893307086614
20
1.3246814173228345
11
0.5671259842519685
21
1.325
0
LINE
8
BLACK
6
CONTINUOUS
10
0.5671259842519685
20
1.325
11
0.5671259842519685
21
1.385
0
LINE
8
BLACK
6
CONTINUOUS
10
0.5671259842519685
20
1.385
11
0.5671893700787402
21
1.3853187007874015
0
LINE
8
BLACK
6
CONTINUOUS
10
0.5671893700787402
20
1.3853187007874015
11
0.567344842519685
21
1.3866588188976379
0
LINE
8
BLACK
6
CONTINUOUS
10
0.567344842519685
20
1.3866588188976379
11
0.5675470078740157
21
1.3871166929133858
0
LINE
8
BLACK
6
CONTINUOUS
10
0.5675470078740157
20
1.3871166929133858
11
0.5677253543307087
21
1.3880132677165353
0
LINE
8
BLACK
6
CONTINUOUS
10
0.5677253543307087
20
1.3880132677165353
11
0.5683666929133858
21
1.3889731102362204
0
LINE
8
BLACK
6
CONTINUOUS
10
0.5683666929133858
20
1.3889731102362204
11
0.5685601968503937
21
1.3894112992125984
0
LINE
8
BLACK
6
CONTINUOUS
10
0.5685601968503937
20
1.3894112992125984
11
0.5688594881889764
21
1.3897105905511811
0
LINE
8
BLACK
6
CONTINUOUS
10
0.5688594881889764
20
1.3897105905511811
11
0.5694322440944882
21
1.3905677559055118
0
LINE
8
BLACK
6
CONTINUOUS
10
0.5694322440944882
20
1.3905677559055118
11
0.5702893700787401
21
1.3911404724409449
0
LINE
8
BLACK
6
CONTINUOUS
10
0.5702893700787401
20
1.3911404724409449
11
0.5705886614173228
21
1.3914397637795275
0
LINE
8
BLACK
6
CONTINUOUS
10
0.5705886614173228
20
1.3914397637795275
11
0.5710267716535433
21
1.391633188976378
0
LINE
8
BLACK
6
CONTINUOUS
10
0.5710267716535433
20
1.391633188976378
11
0.5719867322834645
21
1.3922746456692914
0
LINE
8
BLACK
6
CONTINUOUS
10
0.5719867322834645
20
1.3922746456692914
11
0.5728833858267717
21
1.3924529921259843
0
LINE
8
BLACK
6
CONTINUOUS
10
0.5728833858267717
20
1.3924529921259843
11
0.5733411417322835
21
1.3926551181102362
0
LINE
8
BLACK
6
CONTINUOUS
10
0.5733411417322835
20
1.3926551181102362
11
0.5746809448818897
21
1.3928105511811024
0
LINE
8
BLACK
6
CONTINUOUS
10
0.5746809448818897
20
1.3928105511811024
11
0.575
21
1.3928740157480315
0
LINE
8
BLACK
6
CONTINUOUS
10
0.575
20
1.3928740157480315
11
0.635
21
1.3928740157480315
0
LINE
8
BLACK
6
CONTINUOUS
10
0.635
20
1.3928740157480315
11
0.6353191732283464
21
1.3928105118110237
0
LINE
8
BLACK
6
CONTINUOUS
10
0.7403191732283464
20
1.3928105118110237
11
0.7416588188976377
21
1.3926551181102362
0
LINE
8
BLACK
6
CONTINUOUS
10
0.7416588188976377
20
1.3926551181102362
11
0.7421164960629921
21
1.3924529921259843
0
LINE
8
BLACK
6
CONTINUOUS
10
0.7421164960629921
20
1.3924529921259843
11
0.7430132677165354
21
1.3922746456692914
0
LINE
8
BLACK
6
CONTINUOUS
10
0.7430132677165354
20
1.3922746456692914
11
0.7439732677165354
21
1.3916331496062992
0
LINE
8
BLACK
6
CONTINUOUS
10
0.7439732677165354
20
1.3916331496062992
11
0.7444112992125984
21
1.3914397637795275
0
LINE
8
BLACK
6
CONTINUOUS
10
0.7444112992125984
20
1.3914397637795275
11
0.7447104724409449
21
1.3911405511811024
0
LINE
8
BLACK
6
CONTINUOUS
10
0.7447104724409449
20
1.3911405511811024
11
0.7455677559055118
21
1.3905677559055118
0
LINE
8
BLACK
6
CONTINUOUS
10
0.7455677559055118
20
1.3905677559055118
11
0.7461405511811023
21
1.3897104724409448
0
LINE
8
BLACK
6
CONTINUOUS
10
0.7461405511811023
20
1.3897104724409448
11
0.7464397637795276
21
1.3894112992125984
0
LINE
8
BLACK
6
CONTINUOUS
10
0.7464397637795276
20
1.3894112992125984
11
0.7466331496062992
21
1.3889732677165354
0
LINE
8
BLACK
6
CONTINUOUS
10
0.7466331496062992
20
1.3889732677165354
11
0.7472746456692914
21
1.3880132677165353
0
LINE
8
BLACK
6
CONTINUOUS
10
0.7472746456692914
20
1.3880132677165353
11
0.7474529921259843
21
1.387116496062992
0
LINE
8
BLACK
6
CONTINUOUS
10
0.7474529921259843
20
1.387116496062992
11
0.7476551181102362
21
1.3866588188976379
0
LINE
8
BLACK
6
CONTINUOUS
10
0.7476551181102362
20
1.3866588188976379
11
0.7478105118110236
21
1.385319094488189
0
LINE
8
BLACK
6
CONTINUOUS
10
0.7478105118110236
20
1.385319094488189
11
0.7478740157480315
21
1.385
0
LINE
8
BLACK
6
CONTINUOUS
10
0.7478740157480315
20
1.385
11
0.7478740157480315
21
1.325
0
LINE
8
BLACK
6
CONTINUOUS
10
0.7478740157480315
20
1.325
11
0.7478105118110236
21
1.3246808661417322
0
LINE
8
BLACK
6
CONTINUOUS
10
0.7478105118110236
20
1.3246808661417322
11
0.7476551181102362
21
1.3233411417322833
0
LINE
8
BLACK
6
CONTINUOUS
10
0.7476551181102362
20
1.3233411417322833
11
0.7474529921259843
21
1.3228833858267717
0
LINE
8
BLACK
6
CONTINUOUS
10
0.7474529921259843
20
1.3228833858267717
11
0.7472746456692914
21
1.3219867322834646
0
LINE
8
BLACK
6
CONTINUOUS
10
0.7472746456692914
20
1.3219867322834646
11
0.746633188976378
21
1.3210267716535433
0
LINE
8
BLACK
6
CONTINUOUS
10
0.746633188976378
20
1.3210267716535433
11
0.7464397637795276
21
1.3205886614173228
0
LINE
8
BLACK
6
CONTINUOUS
10
0.7464397637795276
20
1.3205886614173228
11
0.7461404724409448
21
1.3202893700787401
0
LINE
8
BLACK
6
CONTINUOUS
10
0.7461404724409448
20
1.3202893700787401
11
0.7455677559055118
21
1.3194322440944881
0
LINE
8
BLACK
6
CONTINUOUS
10
0.7455677559055118
20
1.3194322440944881
11
0.7447105905511811
21
1.3188594881889764
0
LINE
8
BLACK
6
CONTINUOUS
10
0.7447105905511811
20
1.3188594881889764
11
0.7444112992125984
21
1.3185601968503937
0
LINE
8
BLACK
6
CONTINUOUS
10
0.7444112992125984
20
1.3185601968503937
11
0.7439731102362205
21
1.3183666929133857
0
LINE
8
BLACK
6
CONTINUOUS
10
0.7439731102362205
20
1.3183666929133857
11
0.7430132677165354
21
1.3177253543307086
0
LINE
8
BLACK
6
CONTINUOUS
10
0.7430132677165354
20
1.3177253543307086
11
0.7421166929133858
21
1.3175470078740157
0
LINE
8
BLACK
6
CONTINUOUS
10
0.7421166929133858
20
1.3175470078740157
11
0.7416588188976377
21
1.317344842519685
0
LINE
8
BLACK
6
CONTINUOUS
10
0.7416588188976377
20
1.317344842519685
11
0.7403186220472441
21
1.3171893307086613
0
LINE
8
BLACK
6
CONTINUOUS
10
0.7403186220472441
20
1.3171893307086613
11
0.74
21
1.3171259842519685
0
LINE
8
BLACK
6
CONTINUOUS
10
0.74
20
1.3171259842519685
11
0.7397723228346457
21
1.3171259842519685
0
LINE
8
BLACK
6
CONTINUOUS
10
0.7397723228346457
20
1.3171259842519685
11
0.680227716535433
21
1.3171259842519685
0
LINE
8
BLACK
6
CONTINUOUS
10
0.680227716535433
20
1.3171259842519685
11
0.6799999999999999
21
1.3171259842519685
0
LINE
8
BLACK
6
CONTINUOUS
10
0.6799999999999999
20
1.3171259842519685
11
0.6796813385826771
21
1.3171893307086613
0
LINE
8
BLACK
6
CONTINUOUS
10
0.6796813385826771
20
1.3171893307086613
11
0.6783411417322834
21
1.317344842519685
0
LINE
8
BLACK
6
CONTINUOUS
10
0.6783411417322834
20
1.317344842519685
11
0.6778832283464566
21
1.3175470078740157
0
LINE
8
BLACK
6
CONTINUOUS
10
0.6778832283464566
20
1.3175470078740157
11
0.6769867322834645
21
1.3177253543307086
0
LINE
8
BLACK
6
CONTINUOUS
10
0.6769867322834645
20
1.3177253543307086
11
0.6760269291338582
21
1.318366653543307
0
LINE
8
BLACK
6
CONTINUOUS
10
0.6760269291338582
20
1.318366653543307
11
0.6755886614173228
21
1.3185601968503937
0
LINE
8
BLACK
6
CONTINUOUS
10
0.6755886614173228
20
1.3185601968503937
11
0.6752892519685039
21
1.3188595669291339
0
LINE
8
BLACK
6
CONTINUOUS
10
0.6752892519685039
20
1.3188595669291339
11
0.6744322440944882
21
1.3194322440944881
0
LINE
8
BLACK
6
CONTINUOUS
10
0.6744322440944882
20
1.3194322440944881
11
0.6738595669291338
21
1.3202892519685039
0
LINE
8
BLACK
6
CONTINUOUS
10
0.6738595669291338
20
1.3202892519685039
11
0.6735601968503937
21
1.3205886614173228
0
LINE
8
BLACK
6
CONTINUOUS
10
0.6735601968503937
20
1.3205886614173228
11
0.673366653543307
21
1.3210269291338583
0
LINE
8
BLACK
6
CONTINUOUS
10
0.673366653543307
20
1.3210269291338583
11
0.6727253543307087
21
1.3219867322834646
0
LINE
8
BLACK
6
CONTINUOUS
10
0.6727253543307087
20
1.3219867322834646
11
0.6725470078740158
21
1.3228832283464567
0
LINE
8
BLACK
6
CONTINUOUS
10
0.6725470078740158
20
1.3228832283464567
11
0.6723448425196851
21
1.3233411417322833
0
LINE
8
BLACK
6
CONTINUOUS
10
0.6723448425196851
20
1.3233411417322833
11
0.6721893307086614
21
1.3246814173228345
0
LINE
8
BLACK
6
CONTINUOUS
10
0.6721893307086614
20
1.3246814173228345
11
0.6721259842519685
21
1.325
0
LINE
8
BLACK
6
CONTINUOUS
10
0.6721259842519685
20
1.325
11
0.6721259842519685
21
1.385
0
LINE
8
BLACK
6
CONTINUOUS
10
0.6721259842519685
20
1.385
11
0.6721893700787401
21
1.3853187007874015
0
LINE
8
BLACK
6
CONTINUOUS
10
0.6721893700787401
20
1.3853187007874015
11
0.6723448425196851
21
1.3866588188976379
0
LINE
8
BLACK
6
CONTINUOUS
10
0.6723448425196851
20
1.3866588188976379
11
0.6725470078740158
21
1.3871166929133858
0
LINE
8
BLACK
6
CONTINUOUS
10
0.6725470078740158
20
1.3871166929133858
11
0.6727253543307087
21
1.3880132677165353
0
LINE
8
BLACK
6
CONTINUOUS
10
0.6727253543307087
20
1.3880132677165353
11
0.6733666929133858
21
1.3889731102362204
0
LINE
8
BLACK
6
CONTINUOUS
10
0.6733666929133858
20
1.3889731102362204
11
0.6735601968503937
21
1.3894112992125984
0
LINE
8
BLACK
6
CONTINUOUS
10
0.6735601968503937
20
1.3894112992125984
11
0.6738594881889763
21
1.3897105905511811
0
LINE
8
BLACK
6
CONTINUOUS
10
0.6738594881889763
20
1.3897105905511811
11
0.6744322440944882
21
1.3905677559055118
0
LINE
8
BLACK
6
CONTINUOUS
10
0.6744322440944882
20
1.3905677559055118
11
0.6752893700787401
21
1.3911404724409449
0
LINE
8
BLACK
6
CONTINUOUS
10
0.6752893700787401
20
1.3911404724409449
11
0.6755886614173228
21
1.3914397637795275
0
LINE
8
BLACK
6
CONTINUOUS
10
0.6755886614173228
20
1.3914397637795275
11
0.6760267716535433
21
1.391633188976378
0
LINE
8
BLACK
6
CONTINUOUS
10
0.6760267716535433
20
1.391633188976378
11
0.6769867322834645
21
1.3922746456692914
0
LINE
8
BLACK
6
CONTINUOUS
10
0.6769867322834645
20
1.3922746456692914
11
0.6778833858267717
21
1.3924529921259843
0
LINE
8
BLACK
6
CONTINUOUS
10
0.6778833858267717
20
1.3924529921259843
11
0.6783411417322834
21
1.3926551181102362
0
LINE
8
BLACK
6
CONTINUOUS
10
0.6783411417322834
20
1.3926551181102362
11
0.6796809448818898
21
1.3928105511811024
0
LINE
8
BLACK
6
CONTINUOUS
10
0.6796809448818898
20
1.3928105511811024
11
0.6799999999999999
21
1.3928740157480315
0
LINE
8
BLACK
6
CONTINUOUS
10
0.6799999999999999
20
1.3928740157480315
11
0.74
21
1.3928740157480315
0
LINE
8
BLACK
6
CONTINUOUS
10
0.74
20
1.3928740157480315
11
0.7403191732283464
21
1.3928105118110237
0
LINE
8
BLACK
6
CONTINUOUS
10
0.8403191732283465
20
1.3928105118110237
11
0.8416588188976378
21
1.3926551181102362
0
LINE
8
BLACK
6
CONTINUOUS
10
0.8416588188976378
20
1.3926551181102362
11
0.8421164960629921
21
1.3924529921259843
0
LINE
8
BLACK
6
CONTINUOUS
10
0.8421164960629921
20
1.3924529921259843
11
0.8430132677165354
21
1.3922746456692914
0
LINE
8
BLACK
6
CONTINUOUS
10
0.8430132677165354
20
1.3922746456692914
11
0.8439732677165355
21
1.3916331496062992
0
LINE
8
BLACK
6
CONTINUOUS
10
0.8439732677165355
20
1.3916331496062992
11
0.8444112992125984
21
1.3914397637795275
0
LINE
8
BLACK
6
CONTINUOUS
10
0.8444112992125984
20
1.3914397637795275
11
0.8447104724409449
21
1.3911405511811024
0
LINE
8
BLACK
6
CONTINUOUS
10
0.8447104724409449
20
1.3911405511811024
11
0.8455677559055118
21
1.3905677559055118
0
LINE
8
BLACK
6
CONTINUOUS
10
0.8455677559055118
20
1.3905677559055118
11
0.8461405511811023
21
1.3897104724409448
0
LINE
8
BLACK
6
CONTINUOUS
10
0.8461405511811023
20
1.3897104724409448
11
0.8464397637795276
21
1.3894112992125984
0
LINE
8
BLACK
6
CONTINUOUS
10
0.8464397637795276
20
1.3894112992125984
11
0.8466331496062992
21
1.3889732677165354
0
LINE
8
BLACK
6
CONTINUOUS
10
0.8466331496062992
20
1.3889732677165354
11
0.8472746456692913
21
1.3880132677165353
0
LINE
8
BLACK
6
CONTINUOUS
10
0.8472746456692913
20
1.3880132677165353
11
0.8474529921259842
21
1.387116496062992
0
LINE
8
BLACK
6
CONTINUOUS
10
0.8474529921259842
20
1.387116496062992
11
0.8476551181102362
21
1.3866588188976379
0
LINE
8
BLACK
6
CONTINUOUS
10
0.8476551181102362
20
1.3866588188976379
11
0.8478105118110236
21
1.385319094488189
0
LINE
8
BLACK
6
CONTINUOUS
10
0.8478105118110236
20
1.385319094488189
11
0.8478740157480315
21
1.385
0
LINE
8
BLACK
6
CONTINUOUS
10
0.8478740157480315
20
1.385
11
0.8478740157480315
21
1.325
0
LINE
8
BLACK
6
CONTINUOUS
10
0.8478740157480315
20
1.325
11
0.8478105118110236
21
1.3246808661417322
0
LINE
8
BLACK
6
CONTINUOUS
10
0.8478105118110236
20
1.3246808661417322
11
0.8476551181102362
21
1.3233411417322833
0
LINE
8
BLACK
6
CONTINUOUS
10
0.8476551181102362
20
1.3233411417322833
11
0.8474529921259842
21
1.3228833858267717
0
LINE
8
BLACK
6
CONTINUOUS
10
0.8474529921259842
20
1.3228833858267717
11
0.8472746456692913
21
1.3219867322834646
0
LINE
8
BLACK
6
CONTINUOUS
10
0.8472746456692913
20
1.3219867322834646
11
0.846633188976378
21
1.3210267716535433
0
LINE
8
BLACK
6
CONTINUOUS
10
0.846633188976378
20
1.3210267716535433
11
0.8464397637795276
21
1.3205886614173228
0
LINE
8
BLACK
6
CONTINUOUS
10
0.8464397637795276
20
1.3205886614173228
11
0.8461404724409448
21
1.3202893700787401
0
LINE
8
BLACK
6
CONTINUOUS
10
0.8461404724409448
20
1.3202893700787401
11
0.8455677559055118
21
1.3194322440944881
0
LINE
8
BLACK
6
CONTINUOUS
10
0.8455677559055118
20
1.3194322440944881
11
0.844710590551181
21
1.3188594881889764
0
LINE
8
BLACK
6
CONTINUOUS
10
0.844710590551181
20
1.3188594881889764
11
0.8444112992125984
21
1.3185601968503937
0
LINE
8
BLACK
6
CONTINUOUS
10
0.8444112992125984
20
1.3185601968503937
11
0.8439731102362205
21
1.3183666929133857
0
LINE
8
BLACK
6
CONTINUOUS
10
0.8439731102362205
20
1.3183666929133857
11
0.8430132677165354
21
1.3177253543307086
0
LINE
8
BLACK
6
CONTINUOUS
10
0.8430132677165354
20
1.3177253543307086
11
0.8421166929133858
21
1.3175470078740157
0
LINE
8
BLACK
6
CONTINUOUS
10
0.8421166929133858
20
1.3175470078740157
11
0.8416588188976378
21
1.317344842519685
0
LINE
8
BLACK
6
CONTINUOUS
10
0.8416588188976378
20
1.317344842519685
11
0.8403186220472441
21
1.3171893307086613
0
LINE
8
BLACK
6
CONTINUOUS
10
0.8403186220472441
20
1.3171893307086613
11
0.84
21
1.3171259842519685
0
LINE
8
BLACK
6
CONTINUOUS
10
0.84
20
1.3171259842519685
11
0.8397723228346456
21
1.3171259842519685
0
LINE
8
BLACK
6
CONTINUOUS
10
0.8397723228346456
20
1.3171259842519685
11
0.7802277165354331
21
1.3171259842519685
0
LINE
8
BLACK
6
CONTINUOUS
10
0.7802277165354331
20
1.3171259842519685
11
0.78
21
1.3171259842519685
0
LINE
8
BLACK
6
CONTINUOUS
10
0.78
20
1.3171259842519685
11
0.7796813385826772
21
1.3171893307086613
0
LINE
8
BLACK
6
CONTINUOUS
10
0.7796813385826772
20
1.3171893307086613
11
0.7783411417322834
21
1.317344842519685
0
LINE
8
BLACK
6
CONTINUOUS
10
0.7783411417322834
20
1.317344842519685
11
0.7778832283464566
21
1.3175470078740157
0
LINE
8
BLACK
6
CONTINUOUS
10
0.7778832283464566
20
1.3175470078740157
11
0.7769867322834646
21
1.3177253543307086
0
LINE
8
BLACK
6
CONTINUOUS
10
0.7769867322834646
20
1.3177253543307086
11
0.7760269291338583
21
1.318366653543307
0
LINE
8
BLACK
6
CONTINUOUS
10
0.7760269291338583
20
1.318366653543307
11
0.7755886614173229
21
1.3185601968503937
0
LINE
8
BLACK
6
CONTINUOUS
10
0.7755886614173229
20
1.3185601968503937
11
0.775289251968504
21
1.3188595669291339
0
LINE
8
BLACK
6
CONTINUOUS
10
0.775289251968504
20
1.3188595669291339
11
0.7744322440944882
21
1.3194322440944881
0
LINE
8
BLACK
6
CONTINUOUS
10
0.7744322440944882
20
1.3194322440944881
11
0.7738595669291338
21
1.3202892519685039
0
LINE
8
BLACK
6
CONTINUOUS
10
0.7738595669291338
20
1.3202892519685039
11
0.7735601968503937
21
1.3205886614173228
0
LINE
8
BLACK
6
CONTINUOUS
10
0.7735601968503937
20
1.3205886614173228
11
0.773366653543307
21
1.3210269291338583
0
LINE
8
BLACK
6
CONTINUOUS
10
0.773366653543307
20
1.3210269291338583
11
0.7727253543307087
21
1.3219867322834646
0
LINE
8
BLACK
6
CONTINUOUS
10
0.7727253543307087
20
1.3219867322834646
11
0.7725470078740158
21
1.3228832283464567
0
LINE
8
BLACK
6
CONTINUOUS
10
0.7725470078740158
20
1.3228832283464567
11
0.772344842519685
21
1.3233411417322833
0
LINE
8
BLACK
6
CONTINUOUS
10
0.772344842519685
20
1.3233411417322833
11
0.7721893307086614
21
1.3246814173228345
0
LINE
8
BLACK
6
CONTINUOUS
10
0.7721893307086614
20
1.3246814173228345
11
0.7721259842519684
21
1.325
0
LINE
8
BLACK
6
CONTINUOUS
10
0.7721259842519684
20
1.325
11
0.7721259842519684
21
1.385
0
LINE
8
BLACK
6
CONTINUOUS
10
0.7721259842519684
20
1.385
11
0.7721893700787401
21
1.3853187007874015
0
LINE
8
BLACK
6
CONTINUOUS
10
0.7721893700787401
20
1.3853187007874015
11
0.772344842519685
21
1.3866588188976379
0
LINE
8
BLACK
6
CONTINUOUS
10
0.772344842519685
20
1.3866588188976379
11
0.7725470078740158
21
1.3871166929133858
0
LINE
8
BLACK
6
CONTINUOUS
10
0.7725470078740158
20
1.3871166929133858
11
0.7727253543307087
21
1.3880132677165353
0
LINE
8
BLACK
6
CONTINUOUS
10
0.7727253543307087
20
1.3880132677165353
11
0.7733666929133858
21
1.3889731102362204
0
LINE
8
BLACK
6
CONTINUOUS
10
0.7733666929133858
20
1.3889731102362204
11
0.7735601968503937
21
1.3894112992125984
0
LINE
8
BLACK
6
CONTINUOUS
10
0.7735601968503937
20
1.3894112992125984
11
0.7738594881889763
21
1.3897105905511811
0
LINE
8
BLACK
6
CONTINUOUS
10
0.7738594881889763
20
1.3897105905511811
11
0.7744322440944882
21
1.3905677559055118
0
LINE
8
BLACK
6
CONTINUOUS
10
0.7744322440944882
20
1.3905677559055118
11
0.7752893700787401
21
1.3911404724409449
0
LINE
8
BLACK
6
CONTINUOUS
10
0.7752893700787401
20
1.3911404724409449
11
0.7755886614173229
21
1.3914397637795275
0
LINE
8
BLACK
6
CONTINUOUS
10
0.7755886614173229
20
1.3914397637795275
11
0.7760267716535433
21
1.391633188976378
0
LINE
8
BLACK
6
CONTINUOUS
10
0.7760267716535433
20
1.391633188976378
11
0.7769867322834646
21
1.3922746456692914
0
LINE
8
BLACK
6
CONTINUOUS
10
0.7769867322834646
20
1.3922746456692914
11
0.7778833858267716
21
1.3924529921259843
0
LINE
8
BLACK
6
CONTINUOUS
10
0.7778833858267716
20
1.3924529921259843
11
0.7783411417322834
21
1.3926551181102362
0
LINE
8
BLACK
6
CONTINUOUS
10
0.7783411417322834
20
1.3926551181102362
11
0.7796809448818898
21
1.3928105511811024
0
LINE
8
BLACK
6
CONTINUOUS
10
0.7796809448818898
20
1.3928105511811024
11
0.78
21
1.3928740157480315
0
LINE
8
BLACK
6
CONTINUOUS
10
0.78
20
1.3928740157480315
11
0.84
21
1.3928740157480315
0
LINE
8
BLACK
6
CONTINUOUS
10
0.84
20
1.3928740157480315
11
0.8403191732283465
21
1.3928105118110237
0
LINE
8
BLACK
6
CONTINUOUS
10
0.9403191732283465
20
1.3928105118110237
11
0.9416588188976378
21
1.3926551181102362
0
LINE
8
BLACK
6
CONTINUOUS
10
0.9416588188976378
20
1.3926551181102362
11
0.9421164960629921
21
1.3924529921259843
0
LINE
8
BLACK
6
CONTINUOUS
10
0.9421164960629921
20
1.3924529921259843
11
0.9430132677165354
21
1.3922746456692914
0
LINE
8
BLACK
6
CONTINUOUS
10
0.9430132677165354
20
1.3922746456692914
11
0.9439732677165354
21
1.3916331496062992
0
LINE
8
BLACK
6
CONTINUOUS
10
0.9439732677165354
20
1.3916331496062992
11
0.9444112992125984
21
1.3914397637795275
0
LINE
8
BLACK
6
CONTINUOUS
10
0.9444112992125984
20
1.3914397637795275
11
0.9447104724409449
21
1.3911405511811024
0
LINE
8
BLACK
6
CONTINUOUS
10
0.9447104724409449
20
1.3911405511811024
11
0.9455677559055118
21
1.3905677559055118
0
LINE
8
BLACK
6
CONTINUOUS
10
0.9455677559055118
20
1.3905677559055118
11
0.9461405511811023
21
1.3897104724409448
0
LINE
8
BLACK
6
CONTINUOUS
10
0.9461405511811023
20
1.3897104724409448
11
0.9464397637795275
21
1.3894112992125984
0
LINE
8
BLACK
6
CONTINUOUS
10
0.9464397637795275
20
1.3894112992125984
11
0.9466331496062992
21
1.3889732677165354
0
LINE
8
BLACK
6
CONTINUOUS
10
0.9466331496062992
20
1.3889732677165354
11
0.9472746456692913
21
1.3880132677165353
0
LINE
8
BLACK
6
CONTINUOUS
10
0.9472746456692913
20
1.3880132677165353
11
0.9474529921259842
21
1.387116496062992
0
LINE
8
BLACK
6
CONTINUOUS
10
0.9474529921259842
20
1.387116496062992
11
0.9476551181102362
21
1.3866588188976379
0
LINE
8
BLACK
6
CONTINUOUS
10
0.9476551181102362
20
1.3866588188976379
11
0.9478105118110236
21
1.385319094488189
0
LINE
8
BLACK
6
CONTINUOUS
10
0.9478105118110236
20
1.385319094488189
11
0.9478740157480314
21
1.385
0
LINE
8
BLACK
6
CONTINUOUS
10
0.9478740157480314
20
1.385
11
0.9478740157480314
21
1.325
0
LINE
8
BLACK
6
CONTINUOUS
10
0.9478740157480314
20
1.325
11
0.9478105118110236
21
1.3246808661417322
0
LINE
8
BLACK
6
CONTINUOUS
10
0.9478105118110236
20
1.3246808661417322
11
0.9476551181102362
21
1.3233411417322833
0
LINE
8
BLACK
6
CONTINUOUS
10
0.9476551181102362
20
1.3233411417322833
11
0.9474529921259842
21
1.3228833858267717
0
LINE
8
BLACK
6
CONTINUOUS
10
0.9474529921259842
20
1.3228833858267717
11
0.9472746456692913
21
1.3219867322834646
0
LINE
8
BLACK
6
CONTINUOUS
10
0.9472746456692913
20
1.3219867322834646
11
0.9466331889763779
21
1.3210267716535433
0
LINE
8
BLACK
6
CONTINUOUS
10
0.9466331889763779
20
1.3210267716535433
11
0.9464397637795275
21
1.3205886614173228
0
LINE
8
BLACK
6
CONTINUOUS
10
0.9464397637795275
20
1.3205886614173228
11
0.9461404724409449
21
1.3202893700787401
0
LINE
8
BLACK
6
CONTINUOUS
10
0.9461404724409449
20
1.3202893700787401
11
0.9455677559055118
21
1.3194322440944881
0
LINE
8
BLACK
6
CONTINUOUS
10
0.9455677559055118
20
1.3194322440944881
11
0.9447105905511811
21
1.3188594881889764
0
LINE
8
BLACK
6
CONTINUOUS
10
0.9447105905511811
20
1.3188594881889764
11
0.9444112992125984
21
1.3185601968503937
0
LINE
8
BLACK
6
CONTINUOUS
10
0.9444112992125984
20
1.3185601968503937
11
0.9439731102362204
21
1.3183666929133857
0
LINE
8
BLACK
6
CONTINUOUS
10
0.9439731102362204
20
1.3183666929133857
11
0.9430132677165354
21
1.3177253543307086
0
LINE
8
BLACK
6
CONTINUOUS
10
0.9430132677165354
20
1.3177253543307086
11
0.9421166929133858
21
1.3175470078740157
0
LINE
8
BLACK
6
CONTINUOUS
10
0.9421166929133858
20
1.3175470078740157
11
0.9416588188976378
21
1.317344842519685
0
LINE
8
BLACK
6
CONTINUOUS
10
0.9416588188976378
20
1.317344842519685
11
0.940318622047244
21
1.3171893307086613
0
LINE
8
BLACK
6
CONTINUOUS
10
0.940318622047244
20
1.3171893307086613
11
0.9399999999999999
21
1.3171259842519685
0
LINE
8
BLACK
6
CONTINUOUS
10
0.9399999999999999
20
1.3171259842519685
11
0.9397723228346456
21
1.3171259842519685
0
LINE
8
BLACK
6
CONTINUOUS
10
0.9397723228346456
20
1.3171259842519685
11
0.8802277165354331
21
1.3171259842519685
0
LINE
8
BLACK
6
CONTINUOUS
10
0.8802277165354331
20
1.3171259842519685
11
0.88
21
1.3171259842519685
0
LINE
8
BLACK
6
CONTINUOUS
10
0.88
20
1.3171259842519685
11
0.8796813385826772
21
1.3171893307086613
0
LINE
8
BLACK
6
CONTINUOUS
10
0.8796813385826772
20
1.3171893307086613
11
0.8783411417322834
21
1.317344842519685
0
LINE
8
BLACK
6
CONTINUOUS
10
0.8783411417322834
20
1.317344842519685
11
0.8778832283464567
21
1.3175470078740157
0
LINE
8
BLACK
6
CONTINUOUS
10
0.8778832283464567
20
1.3175470078740157
11
0.8769867322834646
21
1.3177253543307086
0
LINE
8
BLACK
6
CONTINUOUS
10
0.8769867322834646
20
1.3177253543307086
11
0.8760269291338583
21
1.318366653543307
0
LINE
8
BLACK
6
CONTINUOUS
10
0.8760269291338583
20
1.318366653543307
11
0.8755886614173228
21
1.3185601968503937
0
LINE
8
BLACK
6
CONTINUOUS
10
0.8755886614173228
20
1.3185601968503937
11
0.8752892519685039
21
1.3188595669291339
0
LINE
8
BLACK
6
CONTINUOUS
10
0.8752892519685039
20
1.3188595669291339
11
0.8744322440944882
21
1.3194322440944881
0
LINE
8
BLACK
6
CONTINUOUS
10
0.8744322440944882
20
1.3194322440944881
11
0.8738595669291338
21
1.3202892519685039
0
LINE
8
BLACK
6
CONTINUOUS
10
0.8738595669291338
20
1.3202892519685039
11
0.8735601968503937
21
1.3205886614173228
0
LINE
8
BLACK
6
CONTINUOUS
10
0.8735601968503937
20
1.3205886614173228
11
0.8733666535433071
21
1.3210269291338583
0
LINE
8
BLACK
6
CONTINUOUS
10
0.8733666535433071
20
1.3210269291338583
11
0.8727253543307086
21
1.3219867322834646
0
LINE
8
BLACK
6
CONTINUOUS
10
0.8727253543307086
20
1.3219867322834646
11
0.8725470078740157
21
1.3228832283464567
0
LINE
8
BLACK
6
CONTINUOUS
10
0.8725470078740157
20
1.3228832283464567
11
0.872344842519685
21
1.3233411417322833
0
LINE
8
BLACK
6
CONTINUOUS
10
0.872344842519685
20
1.3233411417322833
11
0.8721893307086614
21
1.3246814173228345
0
LINE
8
BLACK
6
CONTINUOUS
10
0.8721893307086614
20
1.3246814173228345
11
0.8721259842519685
21
1.325
0
LINE
8
BLACK
6
CONTINUOUS
10
0.8721259842519685
20
1.325
11
0.8721259842519685
21
1.385
0
LINE
8
BLACK
6
CONTINUOUS
10
0.8721259842519685
20
1.385
11
0.8721893700787401
21
1.3853187007874015
0
LINE
8
BLACK
6
CONTINUOUS
10
0.8721893700787401
20
1.3853187007874015
11
0.872344842519685
21
1.3866588188976379
0
LINE
8
BLACK
6
CONTINUOUS
10
0.872344842519685
20
1.3866588188976379
11
0.8725470078740157
21
1.3871166929133858
0
LINE
8
BLACK
6
CONTINUOUS
10
0.8725470078740157
20
1.3871166929133858
11
0.8727253543307086
21
1.3880132677165353
0
LINE
8
BLACK
6
CONTINUOUS
10
0.8727253543307086
20
1.3880132677165353
11
0.8733666929133858
21
1.3889731102362204
0
LINE
8
BLACK
6
CONTINUOUS
10
0.8733666929133858
20
1.3889731102362204
11
0.8735601968503937
21
1.3894112992125984
0
LINE
8
BLACK
6
CONTINUOUS
10
0.8735601968503937
20
1.3894112992125984
11
0.8738594881889764
21
1.3897105905511811
0
LINE
8
BLACK
6
CONTINUOUS
10
0.8738594881889764
20
1.3897105905511811
11
0.8744322440944882
21
1.3905677559055118
0
LINE
8
BLACK
6
CONTINUOUS
10
0.8744322440944882
20
1.3905677559055118
11
0.8752893700787402
21
1.3911404724409449
0
LINE
8
BLACK
6
CONTINUOUS
10
0.8752893700787402
20
1.3911404724409449
11
0.8755886614173228
21
1.3914397637795275
0
LINE
8
BLACK
6
CONTINUOUS
10
0.8755886614173228
20
1.3914397637795275
11
0.8760267716535433
21
1.391633188976378
0
LINE
8
BLACK
6
CONTINUOUS
10
0.8760267716535433
20
1.391633188976378
11
0.8769867322834646
21
1.3922746456692914
0
LINE
8
BLACK
6
CONTINUOUS
10
0.8769867322834646
20
1.3922746456692914
11
0.8778833858267716
21
1.3924529921259843
0
LINE
8
BLACK
6
CONTINUOUS
10
0.8778833858267716
20
1.3924529921259843
11
0.8783411417322834
21
1.3926551181102362
0
LINE
8
BLACK
6
CONTINUOUS
10
0.8783411417322834
20
1.3926551181102362
11
0.8796809448818897
21
1.3928105511811024
0
LINE
8
BLACK
6
CONTINUOUS
10
0.8796809448818897
20
1.3928105511811024
11
0.88
21
1.3928740157480315
0
LINE
8
BLACK
6
CONTINUOUS
10
0.88
20
1.3928740157480315
11
0.9399999999999999
21
1.3928740157480315
0
LINE
8
BLACK
6
CONTINUOUS
10
0.9399999999999999
20
1.3928740157480315
11
0.9403191732283465
21
1.3928105118110237
0
LINE
8
BLACK
6
CONTINUOUS
10
1.0403191732283463
20
1.3928105118110237
11
1.0416588188976377
21
1.3926551181102362
0
LINE
8
BLACK
6
CONTINUOUS
10
1.0416588188976377
20
1.3926551181102362
11
1.0421164960629921
21
1.3924529921259843
0
LINE
8
BLACK
6
CONTINUOUS
10
1.0421164960629921
20
1.3924529921259843
11
1.0430132677165354
21
1.3922746456692914
0
LINE
8
BLACK
6
CONTINUOUS
10
1.0430132677165354
20
1.3922746456692914
11
1.0439732677165354
21
1.3916331496062992
0
LINE
8
BLACK
6
CONTINUOUS
10
1.0439732677165354
20
1.3916331496062992
11
1.0444112992125985
21
1.3914397637795275
0
LINE
8
BLACK
6
CONTINUOUS
10
1.0444112992125985
20
1.3914397637795275
11
1.0447104724409448
21
1.3911405511811024
0
LINE
8
BLACK
6
CONTINUOUS
10
1.0447104724409448
20
1.3911405511811024
11
1.0455677559055119
21
1.3905677559055118
0
LINE
8
BLACK
6
CONTINUOUS
10
1.0455677559055119
20
1.3905677559055118
11
1.0461405511811024
21
1.3897104724409448
0
LINE
8
BLACK
6
CONTINUOUS
10
1.0461405511811024
20
1.3897104724409448
11
1.0464397637795275
21
1.3894112992125984
0
LINE
8
BLACK
6
CONTINUOUS
10
1.0464397637795275
20
1.3894112992125984
11
1.0466331496062993
21
1.3889732677165354
0
LINE
8
BLACK
6
CONTINUOUS
10
1.0466331496062993
20
1.3889732677165354
11
1.0472746456692914
21
1.3880132677165353
0
LINE
8
BLACK
6
CONTINUOUS
10
1.0472746456692914
20
1.3880132677165353
11
1.0474529921259843
21
1.387116496062992
0
LINE
8
BLACK
6
CONTINUOUS
10
1.0474529921259843
20
1.387116496062992
11
1.0476551181102363
21
1.3866588188976379
0
LINE
8
BLACK
6
CONTINUOUS
10
1.0476551181102363
20
1.3866588188976379
11
1.0478105118110237
21
1.385319094488189
0
LINE
8
BLACK
6
CONTINUOUS
10
1.0478105118110237
20
1.385319094488189
11
1.0478740157480315
21
1.385
0
LINE
8
BLACK
6
CONTINUOUS
10
1.0478740157480315
20
1.385
11
1.0478740157480315
21
1.325
0
LINE
8
BLACK
6
CONTINUOUS
10
1.0478740157480315
20
1.325
11
1.0478105118110237
21
1.3246808661417322
0
LINE
8
BLACK
6
CONTINUOUS
10
1.0478105118110237
20
1.3246808661417322
11
1.0476551181102363
21
1.3233411417322833
0
LINE
8
BLACK
6
CONTINUOUS
10
1.0476551181102363
20
1.3233411417322833
11
1.0474529921259843
21
1.3228833858267717
0
LINE
8
BLACK
6
CONTINUOUS
10
1.0474529921259843
20
1.3228833858267717
11
1.0472746456692914
21
1.3219867322834646
0
LINE
8
BLACK
6
CONTINUOUS
10
1.0472746456692914
20
1.3219867322834646
11
1.046633188976378
21
1.3210267716535433
0
LINE
8
BLACK
6
CONTINUOUS
10
1.046633188976378
20
1.3210267716535433
11
1.0464397637795275
21
1.3205886614173228
0
LINE
8
BLACK
6
CONTINUOUS
10
1.0464397637795275
20
1.3205886614173228
11
1.0461404724409449
21
1.3202893700787401
0
LINE
8
BLACK
6
CONTINUOUS
10
1.0461404724409449
20
1.3202893700787401
11
1.0455677559055119
21
1.3194322440944881
0
LINE
8
BLACK
6
CONTINUOUS
10
1.0455677559055119
20
1.3194322440944881
11
1.0447105905511811
21
1.3188594881889764
0
LINE
8
BLACK
6
CONTINUOUS
10
1.0447105905511811
20
1.3188594881889764
11
1.0444112992125985
21
1.3185601968503937
0
LINE
8
BLACK
6
CONTINUOUS
10
1.0444112992125985
20
1.3185601968503937
11
1.0439731102362204
21
1.3183666929133857
0
LINE
8
BLACK
6
CONTINUOUS
10
1.0439731102362204
20
1.3183666929133857
11
1.0430132677165354
21
1.3177253543307086
0
LINE
8
BLACK
6
CONTINUOUS
10
1.0430132677165354
20
1.3177253543307086
11
1.0421166929133858
21
1.3175470078740157
0
LINE
8
BLACK
6
CONTINUOUS
10
1.0421166929133858
20
1.3175470078740157
11
1.0416588188976377
21
1.317344842519685
0
LINE
8
BLACK
6
CONTINUOUS
10
1.0416588188976377
20
1.317344842519685
11
1.040318622047244
21
1.3171893307086613
0
LINE
8
BLACK
6
CONTINUOUS
10
1.040318622047244
20
1.3171893307086613
11
1.04
21
1.3171259842519685
0
LINE
8
BLACK
6
CONTINUOUS
10
1.04
20
1.3171259842519685
11
1.0397723228346456
21
1.3171259842519685
0
LINE
8
BLACK
6
CONTINUOUS
10
1.0397723228346456
20
1.3171259842519685
11
0.9802277165354331
21
1.3171259842519685
0
LINE
8
BLACK
6
CONTINUOUS
10
0.9802277165354331
20
1.3171259842519685
11
0.98
21
1.3171259842519685
0
LINE
8
BLACK
6
CONTINUOUS
10
0.98
20
1.3171259842519685
11
0.9796813385826771
21
1.3171893307086613
0
LINE
8
BLACK
6
CONTINUOUS
10
0.9796813385826771
20
1.3171893307086613
11
0.9783411417322835
21
1.317344842519685
0
LINE
8
BLACK
6
CONTINUOUS
10
0.9783411417322835
20
1.317344842519685
11
0.9778832283464567
21
1.3175470078740157
0
LINE
8
BLACK
6
CONTINUOUS
10
0.9778832283464567
20
1.3175470078740157
11
0.9769867322834646
21
1.3177253543307086
0
LINE
8
BLACK
6
CONTINUOUS
10
0.9769867322834646
20
1.3177253543307086
11
0.9760269291338582
21
1.318366653543307
0
LINE
8
BLACK
6
CONTINUOUS
10
0.9760269291338582
20
1.318366653543307
11
0.9755886614173228
21
1.3185601968503937
0
LINE
8
BLACK
6
CONTINUOUS
10
0.9755886614173228
20
1.3185601968503937
11
0.9752892519685039
21
1.3188595669291339
0
LINE
8
BLACK
6
CONTINUOUS
10
0.9752892519685039
20
1.3188595669291339
11
0.9744322440944881
21
1.3194322440944881
0
LINE
8
BLACK
6
CONTINUOUS
10
0.9744322440944881
20
1.3194322440944881
11
0.9738595669291339
21
1.3202892519685039
0
LINE
8
BLACK
6
CONTINUOUS
10
0.9738595669291339
20
1.3202892519685039
11
0.9735601968503936
21
1.3205886614173228
0
LINE
8
BLACK
6
CONTINUOUS
10
0.9735601968503936
20
1.3205886614173228
11
0.9733666535433071
21
1.3210269291338583
0
LINE
8
BLACK
6
CONTINUOUS
10
0.9733666535433071
20
1.3210269291338583
11
0.9727253543307086
21
1.3219867322834646
0
LINE
8
BLACK
6
CONTINUOUS
10
0.9727253543307086
20
1.3219867322834646
11
0.9725470078740157
21
1.3228832283464567
0
LINE
8
BLACK
6
CONTINUOUS
10
0.9725470078740157
20
1.3228832283464567
11
0.972344842519685
21
1.3233411417322833
0
LINE
8
BLACK
6
CONTINUOUS
10
0.972344842519685
20
1.3233411417322833
11
0.9721893307086614
21
1.3246814173228345
0
LINE
8
BLACK
6
CONTINUOUS
10
0.9721893307086614
20
1.3246814173228345
11
0.9721259842519685
21
1.325
0
LINE
8
BLACK
6
CONTINUOUS
10
0.9721259842519685
20
1.325
11
0.9721259842519685
21
1.385
0
LINE
8
BLACK
6
CONTINUOUS
10
0.9721259842519685
20
1.385
11
0.9721893700787402
21
1.3853187007874015
0
LINE
8
BLACK
6
CONTINUOUS
10
0.9721893700787402
20
1.3853187007874015
11
0.972344842519685
21
1.3866588188976379
0
LINE
8
BLACK
6
CONTINUOUS
10
0.972344842519685
20
1.3866588188976379
11
0.9725470078740157
21
1.3871166929133858
0
LINE
8
BLACK
6
CONTINUOUS
10
0.9725470078740157
20
1.3871166929133858
11
0.9727253543307086
21
1.3880132677165353
0
LINE
8
BLACK
6
CONTINUOUS
10
0.9727253543307086
20
1.3880132677165353
11
0.9733666929133858
21
1.3889731102362204
0
LINE
8
BLACK
6
CONTINUOUS
10
0.9733666929133858
20
1.3889731102362204
11
0.9735601968503936
21
1.3894112992125984
0
LINE
8
BLACK
6
CONTINUOUS
10
0.9735601968503936
20
1.3894112992125984
11
0.9738594881889764
21
1.3897105905511811
0
LINE
8
BLACK
6
CONTINUOUS
10
0.9738594881889764
20
1.3897105905511811
11
0.9744322440944881
21
1.3905677559055118
0
LINE
8
BLACK
6
CONTINUOUS
10
0.9744322440944881
20
1.3905677559055118
11
0.9752893700787402
21
1.3911404724409449
0
LINE
8
BLACK
6
CONTINUOUS
10
0.9752893700787402
20
1.3911404724409449
11
0.9755886614173228
21
1.3914397637795275
0
LINE
8
BLACK
6
CONTINUOUS
10
0.9755886614173228
20
1.3914397637795275
11
0.9760267716535432
21
1.391633188976378
0
LINE
8
BLACK
6
CONTINUOUS
10
0.9760267716535432
20
1.391633188976378
11
0.9769867322834646
21
1.3922746456692914
0
LINE
8
BLACK
6
CONTINUOUS
10
0.9769867322834646
20
1.3922746456692914
11
0.9778833858267716
21
1.3924529921259843
0
LINE
8
BLACK
6
CONTINUOUS
10
0.9778833858267716
20
1.3924529921259843
11
0.9783411417322835
21
1.3926551181102362
0
LINE
8
BLACK
6
CONTINUOUS
10
0.9783411417322835
20
1.3926551181102362
11
0.9796809448818897
21
1.3928105511811024
0
LINE
8
BLACK
6
CONTINUOUS
10
0.9796809448818897
20
1.3928105511811024
11
0.98
21
1.3928740157480315
0
LINE
8
BLACK
6
CONTINUOUS
10
0.98
20
1.3928740157480315
11
1.04
21
1.3928740157480315
0
LINE
8
BLACK
6
CONTINUOUS
10
1.04
20
1.3928740157480315
11
1.0403191732283463
21
1.3928105118110237
0
LINE
8
BLACK
6
CONTINUOUS
10
1.1403191732283464
20
1.3928105118110237
11
1.1416588188976378
21
1.3926551181102362
0
LINE
8
BLACK
6
CONTINUOUS
10
1.1416588188976378
20
1.3926551181102362
11
1.1421164960629921
21
1.3924529921259843
0
LINE
8
BLACK
6
CONTINUOUS
10
1.1421164960629921
20
1.3924529921259843
11
1.1430132677165354
21
1.3922746456692914
0
LINE
8
BLACK
6
CONTINUOUS
10
1.1430132677165354
20
1.3922746456692914
11
1.1439732677165355
21
1.3916331496062992
0
LINE
8
BLACK
6
CONTINUOUS
10
1.1439732677165355
20
1.3916331496062992
11
1.1444112992125983
21
1.3914397637795275
0
LINE
8
BLACK
6
CONTINUOUS
10
1.1444112992125983
20
1.3914397637795275
11
1.1447104724409449
21
1.3911405511811024
0
LINE
8
BLACK
6
CONTINUOUS
10
1.1447104724409449
20
1.3911405511811024
11
1.1455677559055117
21
1.3905677559055118
0
LINE
8
BLACK
6
CONTINUOUS
10
1.1455677559055117
20
1.3905677559055118
11
1.1461405511811023
21
1.3897104724409448
0
LINE
8
BLACK
6
CONTINUOUS
10
1.1461405511811023
20
1.3897104724409448
11
1.1464397637795276
21
1.3894112992125984
0
LINE
8
BLACK
6
CONTINUOUS
10
1.1464397637795276
20
1.3894112992125984
11
1.1466331496062991
21
1.3889732677165354
0
LINE
8
BLACK
6
CONTINUOUS
10
1.1466331496062991
20
1.3889732677165354
11
1.1472746456692913
21
1.3880132677165353
0
LINE
8
BLACK
6
CONTINUOUS
10
1.1472746456692913
20
1.3880132677165353
11
1.1474529921259842
21
1.387116496062992
0
LINE
8
BLACK
6
CONTINUOUS
10
1.1474529921259842
20
1.387116496062992
11
1.1476551181102361
21
1.3866588188976379
0
LINE
8
BLACK
6
CONTINUOUS
10
1.1476551181102361
20
1.3866588188976379
11
1.1478105118110236
21
1.385319094488189
0
LINE
8
BLACK
6
CONTINUOUS
10
1.1478105118110236
20
1.385319094488189
11
1.1478740157480314
21
1.385
0
LINE
8
BLACK
6
CONTINUOUS
10
1.1478740157480314
20
1.385
11
1.1478740157480314
21
1.325
0
LINE
8
BLACK
6
CONTINUOUS
10
1.1478740157480314
20
1.325
11
1.1478105118110236
21
1.3246808661417322
0
LINE
8
BLACK
6
CONTINUOUS
10
1.1478105118110236
20
1.3246808661417322
11
1.1476551181102361
21
1.3233411417322833
0
LINE
8
BLACK
6
CONTINUOUS
10
1.1476551181102361
20
1.3233411417322833
11
1.1474529921259842
21
1.3228833858267717
0
LINE
8
BLACK
6
CONTINUOUS
10
1.1474529921259842
20
1.3228833858267717
11
1.1472746456692913
21
1.3219867322834646
0
LINE
8
BLACK
6
CONTINUOUS
10
1.1472746456692913
20
1.3219867322834646
11
1.1466331889763779
21
1.3210267716535433
0
LINE
8
BLACK
6
CONTINUOUS
10
1.1466331889763779
20
1.3210267716535433
11
1.1464397637795276
21
1.3205886614173228
0
LINE
8
BLACK
6
CONTINUOUS
10
1.1464397637795276
20
1.3205886614173228
11
1.1461404724409447
21
1.3202893700787401
0
LINE
8
BLACK
6
CONTINUOUS
10
1.1461404724409447
20
1.3202893700787401
11
1.1455677559055117
21
1.3194322440944881
0
LINE
8
BLACK
6
CONTINUOUS
10
1.1455677559055117
20
1.3194322440944881
11
1.1447105905511812
21
1.3188594881889764
0
LINE
8
BLACK
6
CONTINUOUS
10
1.1447105905511812
20
1.3188594881889764
11
1.1444112992125983
21
1.3185601968503937
0
LINE
8
BLACK
6
CONTINUOUS
10
1.1444112992125983
20
1.3185601968503937
11
1.1439731102362205
21
1.3183666929133857
0
LINE
8
BLACK
6
CONTINUOUS
10
1.1439731102362205
20
1.3183666929133857
11
1.1430132677165354
21
1.3177253543307086
0
LINE
8
BLACK
6
CONTINUOUS
10
1.1430132677165354
20
1.3177253543307086
11
1.1421166929133859
21
1.3175470078740157
0
LINE
8
BLACK
6
CONTINUOUS
10
1.1421166929133859
20
1.3175470078740157
11
1.1416588188976378
21
1.317344842519685
0
LINE
8
BLACK
6
CONTINUOUS
10
1.1416588188976378
20
1.317344842519685
11
1.1403186220472441
21
1.3171893307086613
0
LINE
8
BLACK
6
CONTINUOUS
10
1.1403186220472441
20
1.3171893307086613
11
1.1399999999999999
21
1.3171259842519685
0
LINE
8
BLACK
6
CONTINUOUS
10
1.1399999999999999
20
1.3171259842519685
11
1.1397723228346457
21
1.3171259842519685
0
LINE
8
BLACK
6
CONTINUOUS
10
1.1397723228346457
20
1.3171259842519685
11
1.080227716535433
21
1.3171259842519685
0
LINE
8
BLACK
6
CONTINUOUS
10
1.080227716535433
20
1.3171259842519685
11
1.0800000000000001
21
1.3171259842519685
0
LINE
8
BLACK
6
CONTINUOUS
10
1.0800000000000001
20
1.3171259842519685
11
1.0796813385826771
21
1.3171893307086613
0
LINE
8
BLACK
6
CONTINUOUS
10
1.0796813385826771
20
1.3171893307086613
11
1.0783411417322835
21
1.317344842519685
0
LINE
8
BLACK
6
CONTINUOUS
10
1.0783411417322835
20
1.317344842519685
11
1.0778832283464568
21
1.3175470078740157
0
LINE
8
BLACK
6
CONTINUOUS
10
1.0778832283464568
20
1.3175470078740157
11
1.0769867322834645
21
1.3177253543307086
0
LINE
8
BLACK
6
CONTINUOUS
10
1.0769867322834645
20
1.3177253543307086
11
1.0760269291338582
21
1.318366653543307
0
LINE
8
BLACK
6
CONTINUOUS
10
1.0760269291338582
20
1.318366653543307
11
1.0755886614173229
21
1.3185601968503937
0
LINE
8
BLACK
6
CONTINUOUS
10
1.0755886614173229
20
1.3185601968503937
11
1.075289251968504
21
1.3188595669291339
0
LINE
8
BLACK
6
CONTINUOUS
10
1.075289251968504
20
1.3188595669291339
11
1.0744322440944882
21
1.3194322440944881
0
LINE
8
BLACK
6
CONTINUOUS
10
1.0744322440944882
20
1.3194322440944881
11
1.0738595669291338
21
1.3202892519685039
0
LINE
8
BLACK
6
CONTINUOUS
10
1.0738595669291338
20
1.3202892519685039
11
1.0735601968503936
21
1.3205886614173228
0
LINE
8
BLACK
6
CONTINUOUS
10
1.0735601968503936
20
1.3205886614173228
11
1.0733666535433071
21
1.3210269291338583
0
LINE
8
BLACK
6
CONTINUOUS
10
1.0733666535433071
20
1.3210269291338583
11
1.0727253543307087
21
1.3219867322834646
0
LINE
8
BLACK
6
CONTINUOUS
10
1.0727253543307087
20
1.3219867322834646
11
1.0725470078740158
21
1.3228832283464567
0
LINE
8
BLACK
6
CONTINUOUS
10
1.0725470078740158
20
1.3228832283464567
11
1.0723448425196851
21
1.3233411417322833
0
LINE
8
BLACK
6
CONTINUOUS
10
1.0723448425196851
20
1.3233411417322833
11
1.0721893307086614
21
1.3246814173228345
0
LINE
8
BLACK
6
CONTINUOUS
10
1.0721893307086614
20
1.3246814173228345
11
1.0721259842519686
21
1.325
0
LINE
8
BLACK
6
CONTINUOUS
10
1.0721259842519686
20
1.325
11
1.0721259842519686
21
1.385
0
LINE
8
BLACK
6
CONTINUOUS
10
1.0721259842519686
20
1.385
11
1.0721893700787402
21
1.3853187007874015
0
LINE
8
BLACK
6
CONTINUOUS
10
1.0721893700787402
20
1.3853187007874015
11
1.0723448425196851
21
1.3866588188976379
0
LINE
8
BLACK
6
CONTINUOUS
10
1.0723448425196851
20
1.3866588188976379
11
1.0725470078740158
21
1.3871166929133858
0
LINE
8
BLACK
6
CONTINUOUS
10
1.0725470078740158
20
1.3871166929133858
11
1.0727253543307087
21
1.3880132677165353
0
LINE
8
BLACK
6
CONTINUOUS
10
1.0727253543307087
20
1.3880132677165353
11
1.0733666929133858
21
1.3889731102362204
0
LINE
8
BLACK
6
CONTINUOUS
10
1.0733666929133858
20
1.3889731102362204
11
1.0735601968503936
21
1.3894112992125984
0
LINE
8
BLACK
6
CONTINUOUS
10
1.0735601968503936
20
1.3894112992125984
11
1.0738594881889763
21
1.3897105905511811
0
LINE
8
BLACK
6
CONTINUOUS
10
1.0738594881889763
20
1.3897105905511811
11
1.0744322440944882
21
1.3905677559055118
0
LINE
8
BLACK
6
CONTINUOUS
10
1.0744322440944882
20
1.3905677559055118
11
1.07528937007874
21
1.3911404724409449
0
LINE
8
BLACK
6
CONTINUOUS
10
1.07528937007874
20
1.3911404724409449
11
1.0755886614173229
21
1.3914397637795275
0
LINE
8
BLACK
6
CONTINUOUS
10
1.0755886614173229
20
1.3914397637795275
11
1.0760267716535432
21
1.391633188976378
0
LINE
8
BLACK
6
CONTINUOUS
10
1.0760267716535432
20
1.391633188976378
11
1.0769867322834645
21
1.3922746456692914
0
LINE
8
BLACK
6
CONTINUOUS
10
1.0769867322834645
20
1.3922746456692914
11
1.0778833858267716
21
1.3924529921259843
0
LINE
8
BLACK
6
CONTINUOUS
10
1.0778833858267716
20
1.3924529921259843
11
1.0783411417322835
21
1.3926551181102362
0
LINE
8
BLACK
6
CONTINUOUS
10
1.0783411417322835
20
1.3926551181102362
11
1.0796809448818898
21
1.3928105511811024
0
LINE
8
BLACK
6
CONTINUOUS
10
1.0796809448818898
20
1.3928105511811024
11
1.0800000000000001
21
1.3928740157480315
0
LINE
8
BLACK
6
CONTINUOUS
10
1.0800000000000001
20
1.3928740157480315
11
1.1399999999999999
21
1.3928740157480315
0
LINE
8
BLACK
6
CONTINUOUS
10
1.1399999999999999
20
1.3928740157480315
11
1.1403191732283464
21
1.3928105118110237
0
LINE
8
BLACK
6
CONTINUOUS
10
1.2403191732283465
20
1.3928105118110237
11
1.2416588188976379
21
1.3926551181102362
0
LINE
8
BLACK
6
CONTINUOUS
10
1.2416588188976379
20
1.3926551181102362
11
1.242116496062992
21
1.3924529921259843
0
LINE
8
BLACK
6
CONTINUOUS
10
1.242116496062992
20
1.3924529921259843
11
1.2430132677165353
21
1.3922746456692914
0
LINE
8
BLACK
6
CONTINUOUS
10
1.2430132677165353
20
1.3922746456692914
11
1.2439732677165354
21
1.3916331496062992
0
LINE
8
BLACK
6
CONTINUOUS
10
1.2439732677165354
20
1.3916331496062992
11
1.2444112992125984
21
1.3914397637795275
0
LINE
8
BLACK
6
CONTINUOUS
10
1.2444112992125984
20
1.3914397637795275
11
1.2447104724409448
21
1.3911405511811024
0
LINE
8
BLACK
6
CONTINUOUS
10
1.2447104724409448
20
1.3911405511811024
11
1.2455677559055118
21
1.3905677559055118
0
LINE
8
BLACK
6
CONTINUOUS
10
1.2455677559055118
20
1.3905677559055118
11
1.2461405511811023
21
1.3897104724409448
0
LINE
8
BLACK
6
CONTINUOUS
10
1.2461405511811023
20
1.3897104724409448
11
1.2464397637795275
21
1.3894112992125984
0
LINE
8
BLACK
6
CONTINUOUS
10
1.2464397637795275
20
1.3894112992125984
11
1.2466331496062992
21
1.3889732677165354
0
LINE
8
BLACK
6
CONTINUOUS
10
1.2466331496062992
20
1.3889732677165354
11
1.2472746456692914
21
1.3880132677165353
0
LINE
8
BLACK
6
CONTINUOUS
10
1.2472746456692914
20
1.3880132677165353
11
1.2474529921259843
21
1.387116496062992
0
LINE
8
BLACK
6
CONTINUOUS
10
1.2474529921259843
20
1.387116496062992
11
1.2476551181102362
21
1.3866588188976379
0
LINE
8
BLACK
6
CONTINUOUS
10
1.2476551181102362
20
1.3866588188976379
11
1.2478105118110236
21
1.385319094488189
0
LINE
8
BLACK
6
CONTINUOUS
10
1.2478105118110236
20
1.385319094488189
11
1.2478740157480315
21
1.385
0
LINE
8
BLACK
6
CONTINUOUS
10
1.2478740157480315
20
1.385
11
1.2478740157480315
21
1.325
0
LINE
8
BLACK
6
CONTINUOUS
10
1.2478740157480315
20
1.325
11
1.2478105118110236
21
1.3246808661417322
0
LINE
8
BLACK
6
CONTINUOUS
10
1.2478105118110236
20
1.3246808661417322
11
1.2476551181102362
21
1.3233411417322833
0
LINE
8
BLACK
6
CONTINUOUS
10
1.2476551181102362
20
1.3233411417322833
11
1.2474529921259843
21
1.3228833858267717
0
LINE
8
BLACK
6
CONTINUOUS
10
1.2474529921259843
20
1.3228833858267717
11
1.2472746456692914
21
1.3219867322834646
0
LINE
8
BLACK
6
CONTINUOUS
10
1.2472746456692914
20
1.3219867322834646
11
1.246633188976378
21
1.3210267716535433
0
LINE
8
BLACK
6
CONTINUOUS
10
1.246633188976378
20
1.3210267716535433
11
1.2464397637795275
21
1.3205886614173228
0
LINE
8
BLACK
6
CONTINUOUS
10
1.2464397637795275
20
1.3205886614173228
11
1.2461404724409448
21
1.3202893700787401
0
LINE
8
BLACK
6
CONTINUOUS
10
1.2461404724409448
20
1.3202893700787401
11
1.2455677559055118
21
1.3194322440944881
0
LINE
8
BLACK
6
CONTINUOUS
10
1.2455677559055118
20
1.3194322440944881
11
1.2447105905511811
21
1.3188594881889764
0
LINE
8
BLACK
6
CONTINUOUS
10
1.2447105905511811
20
1.3188594881889764
11
1.2444112992125984
21
1.3185601968503937
0
LINE
8
BLACK
6
CONTINUOUS
10
1.2444112992125984
20
1.3185601968503937
11
1.2439731102362204
21
1.3183666929133857
0
LINE
8
BLACK
6
CONTINUOUS
10
1.2439731102362204
20
1.3183666929133857
11
1.2430132677165353
21
1.3177253543307086
0
LINE
8
BLACK
6
CONTINUOUS
10
1.2430132677165353
20
1.3177253543307086
11
1.2421166929133858
21
1.3175470078740157
0
LINE
8
BLACK
6
CONTINUOUS
10
1.2421166929133858
20
1.3175470078740157
11
1.2416588188976379
21
1.317344842519685
0
LINE
8
BLACK
6
CONTINUOUS
10
1.2416588188976379
20
1.317344842519685
11
1.240318622047244
21
1.3171893307086613
0
LINE
8
BLACK
6
CONTINUOUS
10
1.240318622047244
20
1.3171893307086613
11
1.24
21
1.3171259842519685
0
LINE
8
BLACK
6
CONTINUOUS
10
1.24
20
1.3171259842519685
11
1.2397723228346456
21
1.3171259842519685
0
LINE
8
BLACK
6
CONTINUOUS
10
1.2397723228346456
20
1.3171259842519685
11
1.1802277165354331
21
1.3171259842519685
0
LINE
8
BLACK
6
CONTINUOUS
10
1.1802277165354331
20
1.3171259842519685
11
1.1799999999999999
21
1.3171259842519685
0
LINE
8
BLACK
6
CONTINUOUS
10
1.1799999999999999
20
1.3171259842519685
11
1.1796813385826772
21
1.3171893307086613
0
LINE
8
BLACK
6
CONTINUOUS
10
1.1796813385826772
20
1.3171893307086613
11
1.1783411417322835
21
1.317344842519685
0
LINE
8
BLACK
6
CONTINUOUS
10
1.1783411417322835
20
1.317344842519685
11
1.1778832283464566
21
1.3175470078740157
0
LINE
8
BLACK
6
CONTINUOUS
10
1.1778832283464566
20
1.3175470078740157
11
1.1769867322834646
21
1.3177253543307086
0
LINE
8
BLACK
6
CONTINUOUS
10
1.1769867322834646
20
1.3177253543307086
11
1.1760269291338583
21
1.318366653543307
0
LINE
8
BLACK
6
CONTINUOUS
10
1.1760269291338583
20
1.318366653543307
11
1.1755886614173228
21
1.3185601968503937
0
LINE
8
BLACK
6
CONTINUOUS
10
1.1755886614173228
20
1.3185601968503937
11
1.1752892519685039
21
1.3188595669291339
0
LINE
8
BLACK
6
CONTINUOUS
10
1.1752892519685039
20
1.3188595669291339
11
1.1744322440944881
21
1.3194322440944881
0
LINE
8
BLACK
6
CONTINUOUS
10
1.1744322440944881
20
1.3194322440944881
11
1.1738595669291338
21
1.3202892519685039
0
LINE
8
BLACK
6
CONTINUOUS
10
1.1738595669291338
20
1.3202892519685039
11
1.1735601968503937
21
1.3205886614173228
0
LINE
8
BLACK
6
CONTINUOUS
10
1.1735601968503937
20
1.3205886614173228
11
1.1733666535433072
21
1.3210269291338583
0
LINE
8
BLACK
6
CONTINUOUS
10
1.1733666535433072
20
1.3210269291338583
11
1.1727253543307086
21
1.3219867322834646
0
LINE
8
BLACK
6
CONTINUOUS
10
1.1727253543307086
20
1.3219867322834646
11
1.1725470078740157
21
1.3228832283464567
0
LINE
8
BLACK
6
CONTINUOUS
10
1.1725470078740157
20
1.3228832283464567
11
1.172344842519685
21
1.3233411417322833
0
LINE
8
BLACK
6
CONTINUOUS
10
1.172344842519685
20
1.3233411417322833
11
1.1721893307086615
21
1.3246814173228345
0
LINE
8
BLACK
6
CONTINUOUS
10
1.1721893307086615
20
1.3246814173228345
11
1.1721259842519685
21
1.325
0
LINE
8
BLACK
6
CONTINUOUS
10
1.1721259842519685
20
1.325
11
1.1721259842519685
21
1.385
0
LINE
8
BLACK
6
CONTINUOUS
10
1.1721259842519685
20
1.385
11
1.17218937007874
21
1.3853187007874015
0
LINE
8
BLACK
6
CONTINUOUS
10
1.17218937007874
20
1.3853187007874015
11
1.172344842519685
21
1.3866588188976379
0
LINE
8
BLACK
6
CONTINUOUS
10
1.172344842519685
20
1.3866588188976379
11
1.1725470078740157
21
1.3871166929133858
0
LINE
8
BLACK
6
CONTINUOUS
10
1.1725470078740157
20
1.3871166929133858
11
1.1727253543307086
21
1.3880132677165353
0
LINE
8
BLACK
6
CONTINUOUS
10
1.1727253543307086
20
1.3880132677165353
11
1.1733666929133857
21
1.3889731102362204
0
LINE
8
BLACK
6
CONTINUOUS
10
1.1733666929133857
20
1.3889731102362204
11
1.1735601968503937
21
1.3894112992125984
0
LINE
8
BLACK
6
CONTINUOUS
10
1.1735601968503937
20
1.3894112992125984
11
1.1738594881889763
21
1.3897105905511811
0
LINE
8
BLACK
6
CONTINUOUS
10
1.1738594881889763
20
1.3897105905511811
11
1.1744322440944881
21
1.3905677559055118
0
LINE
8
BLACK
6
CONTINUOUS
10
1.1744322440944881
20
1.3905677559055118
11
1.1752893700787401
21
1.3911404724409449
0
LINE
8
BLACK
6
CONTINUOUS
10
1.1752893700787401
20
1.3911404724409449
11
1.1755886614173228
21
1.3914397637795275
0
LINE
8
BLACK
6
CONTINUOUS
10
1.1755886614173228
20
1.3914397637795275
11
1.1760267716535433
21
1.391633188976378
0
LINE
8
BLACK
6
CONTINUOUS
10
1.1760267716535433
20
1.391633188976378
11
1.1769867322834646
21
1.3922746456692914
0
LINE
8
BLACK
6
CONTINUOUS
10
1.1769867322834646
20
1.3922746456692914
11
1.1778833858267717
21
1.3924529921259843
0
LINE
8
BLACK
6
CONTINUOUS
10
1.1778833858267717
20
1.3924529921259843
11
1.1783411417322835
21
1.3926551181102362
0
LINE
8
BLACK
6
CONTINUOUS
10
1.1783411417322835
20
1.3926551181102362
11
1.1796809448818897
21
1.3928105511811024
0
LINE
8
BLACK
6
CONTINUOUS
10
1.1796809448818897
20
1.3928105511811024
11
1.1799999999999999
21
1.3928740157480315
0
LINE
8
BLACK
6
CONTINUOUS
10
1.1799999999999999
20
1.3928740157480315
11
1.24
21
1.3928740157480315
0
LINE
8
BLACK
6
CONTINUOUS
10
1.24
20
1.3928740157480315
11
1.2403191732283465
21
1.3928105118110237
0
LINE
8
BLACK
6
CONTINUOUS
10
1.3403191732283464
20
1.3928105118110237
11
1.3416588188976377
21
1.3926551181102362
0
LINE
8
BLACK
6
CONTINUOUS
10
1.3416588188976377
20
1.3926551181102362
11
1.3421164960629921
21
1.3924529921259843
0
LINE
8
BLACK
6
CONTINUOUS
10
1.3421164960629921
20
1.3924529921259843
11
1.3430132677165354
21
1.3922746456692914
0
LINE
8
BLACK
6
CONTINUOUS
10
1.3430132677165354
20
1.3922746456692914
11
1.3439732677165355
21
1.3916331496062992
0
LINE
8
BLACK
6
CONTINUOUS
10
1.3439732677165355
20
1.3916331496062992
11
1.3444112992125985
21
1.3914397637795275
0
LINE
8
BLACK
6
CONTINUOUS
10
1.3444112992125985
20
1.3914397637795275
11
1.3447104724409449
21
1.3911405511811024
0
LINE
8
BLACK
6
CONTINUOUS
10
1.3447104724409449
20
1.3911405511811024
11
1.3455677559055117
21
1.3905677559055118
0
LINE
8
BLACK
6
CONTINUOUS
10
1.3455677559055117
20
1.3905677559055118
11
1.3461405511811024
21
1.3897104724409448
0
LINE
8
BLACK
6
CONTINUOUS
10
1.3461405511811024
20
1.3897104724409448
11
1.3464397637795276
21
1.3894112992125984
0
LINE
8
BLACK
6
CONTINUOUS
10
1.3464397637795276
20
1.3894112992125984
11
1.3466331496062991
21
1.3889732677165354
0
LINE
8
BLACK
6
CONTINUOUS
10
1.3466331496062991
20
1.3889732677165354
11
1.3472746456692912
21
1.3880132677165353
0
LINE
8
BLACK
6
CONTINUOUS
10
1.3472746456692912
20
1.3880132677165353
11
1.3474529921259841
21
1.387116496062992
0
LINE
8
BLACK
6
CONTINUOUS
10
1.3474529921259841
20
1.387116496062992
11
1.3476551181102361
21
1.3866588188976379
0
LINE
8
BLACK
6
CONTINUOUS
10
1.3476551181102361
20
1.3866588188976379
11
1.3478105118110235
21
1.385319094488189
0
LINE
8
BLACK
6
CONTINUOUS
10
1.3478105118110235
20
1.385319094488189
11
1.3478740157480316
21
1.385
0
LINE
8
BLACK
6
CONTINUOUS
10
1.3478740157480316
20
1.385
11
1.3478740157480316
21
1.325
0
LINE
8
BLACK
6
CONTINUOUS
10
1.3478740157480316
20
1.325
11
1.3478105118110235
21
1.3246808661417322
0
LINE
8
BLACK
6
CONTINUOUS
10
1.3478105118110235
20
1.3246808661417322
11
1.3476551181102361
21
1.3233411417322833
0
LINE
8
BLACK
6
CONTINUOUS
10
1.3476551181102361
20
1.3233411417322833
11
1.3474529921259841
21
1.3228833858267717
0
LINE
8
BLACK
6
CONTINUOUS
10
1.3474529921259841
20
1.3228833858267717
11
1.3472746456692912
21
1.3219867322834646
0
LINE
8
BLACK
6
CONTINUOUS
10
1.3472746456692912
20
1.3219867322834646
11
1.3466331889763778
21
1.3210267716535433
0
LINE
8
BLACK
6
CONTINUOUS
10
1.3466331889763778
20
1.3210267716535433
11
1.3464397637795276
21
1.3205886614173228
0
LINE
8
BLACK
6
CONTINUOUS
10
1.3464397637795276
20
1.3205886614173228
11
1.3461404724409449
21
1.3202893700787401
0
LINE
8
BLACK
6
CONTINUOUS
10
1.3461404724409449
20
1.3202893700787401
11
1.3455677559055117
21
1.3194322440944881
0
LINE
8
BLACK
6
CONTINUOUS
10
1.3455677559055117
20
1.3194322440944881
11
1.3447105905511811
21
1.3188594881889764
0
LINE
8
BLACK
6
CONTINUOUS
10
1.3447105905511811
20
1.3188594881889764
11
1.3444112992125985
21
1.3185601968503937
0
LINE
8
BLACK
6
CONTINUOUS
10
1.3444112992125985
20
1.3185601968503937
11
1.3439731102362205
21
1.3183666929133857
0
LINE
8
BLACK
6
CONTINUOUS
10
1.3439731102362205
20
1.3183666929133857
11
1.3430132677165354
21
1.3177253543307086
0
LINE
8
BLACK
6
CONTINUOUS
10
1.3430132677165354
20
1.3177253543307086
11
1.3421166929133859
21
1.3175470078740157
0
LINE
8
BLACK
6
CONTINUOUS
10
1.3421166929133859
20
1.3175470078740157
11
1.3416588188976377
21
1.317344842519685
0
LINE
8
BLACK
6
CONTINUOUS
10
1.3416588188976377
20
1.317344842519685
11
1.3403186220472441
21
1.3171893307086613
0
LINE
8
BLACK
6
CONTINUOUS
10
1.3403186220472441
20
1.3171893307086613
11
1.3400000000000001
21
1.3171259842519685
0
LINE
8
BLACK
6
CONTINUOUS
10
1.3400000000000001
20
1.3171259842519685
11
1.3397723228346456
21
1.3171259842519685
0
LINE
8
BLACK
6
CONTINUOUS
10
1.3397723228346456
20
1.3171259842519685
11
1.280227716535433
21
1.3171259842519685
0
LINE
8
BLACK
6
CONTINUOUS
10
1.280227716535433
20
1.3171259842519685
11
1.28
21
1.3171259842519685
0
LINE
8
BLACK
6
CONTINUOUS
10
1.28
20
1.3171259842519685
11
1.2796813385826771
21
1.3171893307086613
0
LINE
8
BLACK
6
CONTINUOUS
10
1.2796813385826771
20
1.3171893307086613
11
1.2783411417322834
21
1.317344842519685
0
LINE
8
BLACK
6
CONTINUOUS
10
1.2783411417322834
20
1.317344842519685
11
1.2778832283464567
21
1.3175470078740157
0
LINE
8
BLACK
6
CONTINUOUS
10
1.2778832283464567
20
1.3175470078740157
11
1.2769867322834645
21
1.3177253543307086
0
LINE
8
BLACK
6
CONTINUOUS
10
1.2769867322834645
20
1.3177253543307086
11
1.2760269291338582
21
1.318366653543307
0
LINE
8
BLACK
6
CONTINUOUS
10
1.2760269291338582
20
1.318366653543307
11
1.2755886614173229
21
1.3185601968503937
0
LINE
8
BLACK
6
CONTINUOUS
10
1.2755886614173229
20
1.3185601968503937
11
1.275289251968504
21
1.3188595669291339
0
LINE
8
BLACK
6
CONTINUOUS
10
1.275289251968504
20
1.3188595669291339
11
1.2744322440944882
21
1.3194322440944881
0
LINE
8
BLACK
6
CONTINUOUS
10
1.2744322440944882
20
1.3194322440944881
11
1.2738595669291339
21
1.3202892519685039
0
LINE
8
BLACK
6
CONTINUOUS
10
1.2738595669291339
20
1.3202892519685039
11
1.2735601968503936
21
1.3205886614173228
0
LINE
8
BLACK
6
CONTINUOUS
10
1.2735601968503936
20
1.3205886614173228
11
1.273366653543307
21
1.3210269291338583
0
LINE
8
BLACK
6
CONTINUOUS
10
1.273366653543307
20
1.3210269291338583
11
1.2727253543307087
21
1.3219867322834646
0
LINE
8
BLACK
6
CONTINUOUS
10
1.2727253543307087
20
1.3219867322834646
11
1.2725470078740158
21
1.3228832283464567
0
LINE
8
BLACK
6
CONTINUOUS
10
1.2725470078740158
20
1.3228832283464567
11
1.272344842519685
21
1.3233411417322833
0
LINE
8
BLACK
6
CONTINUOUS
10
1.272344842519685
20
1.3233411417322833
11
1.2721893307086614
21
1.3246814173228345
0
LINE
8
BLACK
6
CONTINUOUS
10
1.2721893307086614
20
1.3246814173228345
11
1.2721259842519685
21
1.325
0
LINE
8
BLACK
6
CONTINUOUS
10
1.2721259842519685
20
1.325
11
1.2721259842519685
21
1.385
0
LINE
8
BLACK
6
CONTINUOUS
10
1.2721259842519685
20
1.385
11
1.2721893700787401
21
1.3853187007874015
0
LINE
8
BLACK
6
CONTINUOUS
10
1.2721893700787401
20
1.3853187007874015
11
1.272344842519685
21
1.3866588188976379
0
LINE
8
BLACK
6
CONTINUOUS
10
1.272344842519685
20
1.3866588188976379
11
1.2725470078740158
21
1.3871166929133858
0
LINE
8
BLACK
6
CONTINUOUS
10
1.2725470078740158
20
1.3871166929133858
11
1.2727253543307087
21
1.3880132677165353
0
LINE
8
BLACK
6
CONTINUOUS
10
1.2727253543307087
20
1.3880132677165353
11
1.2733666929133858
21
1.3889731102362204
0
LINE
8
BLACK
6
CONTINUOUS
10
1.2733666929133858
20
1.3889731102362204
11
1.2735601968503936
21
1.3894112992125984
0
LINE
8
BLACK
6
CONTINUOUS
10
1.2735601968503936
20
1.3894112992125984
11
1.2738594881889764
21
1.3897105905511811
0
LINE
8
BLACK
6
CONTINUOUS
10
1.2738594881889764
20
1.3897105905511811
11
1.2744322440944882
21
1.3905677559055118
0
LINE
8
BLACK
6
CONTINUOUS
10
1.2744322440944882
20
1.3905677559055118
11
1.2752893700787402
21
1.3911404724409449
0
LINE
8
BLACK
6
CONTINUOUS
10
1.2752893700787402
20
1.3911404724409449
11
1.2755886614173229
21
1.3914397637795275
0
LINE
8
BLACK
6
CONTINUOUS
10
1.2755886614173229
20
1.3914397637795275
11
1.2760267716535432
21
1.391633188976378
0
LINE
8
BLACK
6
CONTINUOUS
10
1.2760267716535432
20
1.391633188976378
11
1.2769867322834645
21
1.3922746456692914
0
LINE
8
BLACK
6
CONTINUOUS
10
1.2769867322834645
20
1.3922746456692914
11
1.2778833858267715
21
1.3924529921259843
0
LINE
8
BLACK
6
CONTINUOUS
10
1.2778833858267715
20
1.3924529921259843
11
1.2783411417322834
21
1.3926551181102362
0
LINE
8
BLACK
6
CONTINUOUS
10
1.2783411417322834
20
1.3926551181102362
11
1.2796809448818898
21
1.3928105511811024
0
LINE
8
BLACK
6
CONTINUOUS
10
1.2796809448818898
20
1.3928105511811024
11
1.28
21
1.3928740157480315
0
LINE
8
BLACK
6
CONTINUOUS
10
1.28
20
1.3928740157480315
11
1.3400000000000001
21
1.3928740157480315
0
LINE
8
BLACK
6
CONTINUOUS
10
1.3400000000000001
20
1.3928740157480315
11
1.3403191732283464
21
1.3928105118110237
0
LINE
8
BLACK
6
CONTINUOUS
10
1.4403191732283465
20
1.3928105118110237
11
1.4416588188976378
21
1.3926551181102362
0
LINE
8
BLACK
6
CONTINUOUS
10
1.4416588188976378
20
1.3926551181102362
11
1.4421164960629922
21
1.3924529921259843
0
LINE
8
BLACK
6
CONTINUOUS
10
1.4421164960629922
20
1.3924529921259843
11
1.4430132677165355
21
1.3922746456692914
0
LINE
8
BLACK
6
CONTINUOUS
10
1.4430132677165355
20
1.3922746456692914
11
1.4439732677165353
21
1.3916331496062992
0
LINE
8
BLACK
6
CONTINUOUS
10
1.4439732677165353
20
1.3916331496062992
11
1.4444112992125984
21
1.3914397637795275
0
LINE
8
BLACK
6
CONTINUOUS
10
1.4444112992125984
20
1.3914397637795275
11
1.4447104724409447
21
1.3911405511811024
0
LINE
8
BLACK
6
CONTINUOUS
10
1.4447104724409447
20
1.3911405511811024
11
1.4455677559055118
21
1.3905677559055118
0
LINE
8
BLACK
6
CONTINUOUS
10
1.4455677559055118
20
1.3905677559055118
11
1.4461405511811023
21
1.3897104724409448
0
LINE
8
BLACK
6
CONTINUOUS
10
1.4461405511811023
20
1.3897104724409448
11
1.4464397637795274
21
1.3894112992125984
0
LINE
8
BLACK
6
CONTINUOUS
10
1.4464397637795274
20
1.3894112992125984
11
1.4466331496062992
21
1.3889732677165354
0
LINE
8
BLACK
6
CONTINUOUS
10
1.4466331496062992
20
1.3889732677165354
11
1.4472746456692913
21
1.3880132677165353
0
LINE
8
BLACK
6
CONTINUOUS
10
1.4472746456692913
20
1.3880132677165353
11
1.4474529921259842
21
1.387116496062992
0
LINE
8
BLACK
6
CONTINUOUS
10
1.4474529921259842
20
1.387116496062992
11
1.4476551181102362
21
1.3866588188976379
0
LINE
8
BLACK
6
CONTINUOUS
10
1.4476551181102362
20
1.3866588188976379
11
1.4478105118110236
21
1.385319094488189
0
LINE
8
BLACK
6
CONTINUOUS
10
1.4478105118110236
20
1.385319094488189
11
1.4478740157480314
21
1.385
0
LINE
8
BLACK
6
CONTINUOUS
10
1.4478740157480314
20
1.385
11
1.4478740157480314
21
1.325
0
LINE
8
BLACK
6
CONTINUOUS
10
1.4478740157480314
20
1.325
11
1.4478105118110236
21
1.3246808661417322
0
LINE
8
BLACK
6
CONTINUOUS
10
1.4478105118110236
20
1.3246808661417322
11
1.4476551181102362
21
1.3233411417322833
0
LINE
8
BLACK
6
CONTINUOUS
10
1.4476551181102362
20
1.3233411417322833
11
1.4474529921259842
21
1.3228833858267717
0
LINE
8
BLACK
6
CONTINUOUS
10
1.4474529921259842
20
1.3228833858267717
11
1.4472746456692913
21
1.3219867322834646
0
LINE
8
BLACK
6
CONTINUOUS
10
1.4472746456692913
20
1.3219867322834646
11
1.4466331889763779
21
1.3210267716535433
0
LINE
8
BLACK
6
CONTINUOUS
10
1.4466331889763779
20
1.3210267716535433
11
1.4464397637795274
21
1.3205886614173228
0
LINE
8
BLACK
6
CONTINUOUS
10
1.4464397637795274
20
1.3205886614173228
11
1.4461404724409448
21
1.3202893700787401
0
LINE
8
BLACK
6
CONTINUOUS
10
1.4461404724409448
20
1.3202893700787401
11
1.4455677559055118
21
1.3194322440944881
0
LINE
8
BLACK
6
CONTINUOUS
10
1.4455677559055118
20
1.3194322440944881
11
1.444710590551181
21
1.3188594881889764
0
LINE
8
BLACK
6
CONTINUOUS
10
1.444710590551181
20
1.3188594881889764
11
1.4444112992125984
21
1.3185601968503937
0
LINE
8
BLACK
6
CONTINUOUS
10
1.4444112992125984
20
1.3185601968503937
11
1.4439731102362205
21
1.3183666929133857
0
LINE
8
BLACK
6
CONTINUOUS
10
1.4439731102362205
20
1.3183666929133857
11
1.4430132677165355
21
1.3177253543307086
0
LINE
8
BLACK
6
CONTINUOUS
10
1.4430132677165355
20
1.3177253543307086
11
1.4421166929133857
21
1.3175470078740157
0
LINE
8
BLACK
6
CONTINUOUS
10
1.4421166929133857
20
1.3175470078740157
11
1.4416588188976378
21
1.317344842519685
0
LINE
8
BLACK
6
CONTINUOUS
10
1.4416588188976378
20
1.317344842519685
11
1.4403186220472441
21
1.3171893307086613
0
LINE
8
BLACK
6
CONTINUOUS
10
1.4403186220472441
20
1.3171893307086613
11
1.4399999999999999
21
1.3171259842519685
0
LINE
8
BLACK
6
CONTINUOUS
10
1.4399999999999999
20
1.3171259842519685
11
1.4397723228346457
21
1.3171259842519685
0
LINE
8
BLACK
6
CONTINUOUS
10
1.4397723228346457
20
1.3171259842519685
11
1.3802277165354331
21
1.3171259842519685
0
LINE
8
BLACK
6
CONTINUOUS
10
1.3802277165354331
20
1.3171259842519685
11
1.3799999999999999
21
1.3171259842519685
0
LINE
8
BLACK
6
CONTINUOUS
10
1.3799999999999999
20
1.3171259842519685
11
1.3796813385826772
21
1.3171893307086613
0
LINE
8
BLACK
6
CONTINUOUS
10
1.3796813385826772
20
1.3171893307086613
11
1.3783411417322835
21
1.317344842519685
0
LINE
8
BLACK
6
CONTINUOUS
10
1.3783411417322835
20
1.317344842519685
11
1.3778832283464566
21
1.3175470078740157
0
LINE
8
BLACK
6
CONTINUOUS
10
1.3778832283464566
20
1.3175470078740157
11
1.3769867322834646
21
1.3177253543307086
0
LINE
8
BLACK
6
CONTINUOUS
10
1.3769867322834646
20
1.3177253543307086
11
1.3760269291338583
21
1.318366653543307
0
LINE
8
BLACK
6
CONTINUOUS
10
1.3760269291338583
20
1.318366653543307
11
1.3755886614173227
21
1.3185601968503937
0
LINE
8
BLACK
6
CONTINUOUS
10
1.3755886614173227
20
1.3185601968503937
11
1.3752892519685038
21
1.3188595669291339
0
LINE
8
BLACK
6
CONTINUOUS
10
1.3752892519685038
20
1.3188595669291339
11
1.3744322440944881
21
1.3194322440944881
0
LINE
8
BLACK
6
CONTINUOUS
10
1.3744322440944881
20
1.3194322440944881
11
1.3738595669291338
21
1.3202892519685039
0
LINE
8
BLACK
6
CONTINUOUS
10
1.3738595669291338
20
1.3202892519685039
11
1.3735601968503937
21
1.3205886614173228
0
LINE
8
BLACK
6
CONTINUOUS
10
1.3735601968503937
20
1.3205886614173228
11
1.3733666535433071
21
1.3210269291338583
0
LINE
8
BLACK
6
CONTINUOUS
10
1.3733666535433071
20
1.3210269291338583
11
1.3727253543307085
21
1.3219867322834646
0
LINE
8
BLACK
6
CONTINUOUS
10
1.3727253543307085
20
1.3219867322834646
11
1.3725470078740156
21
1.3228832283464567
0
LINE
8
BLACK
6
CONTINUOUS
10
1.3725470078740156
20
1.3228832283464567
11
1.3723448425196849
21
1.3233411417322833
0
LINE
8
BLACK
6
CONTINUOUS
10
1.3723448425196849
20
1.3233411417322833
11
1.3721893307086614
21
1.3246814173228345
0
LINE
8
BLACK
6
CONTINUOUS
10
1.3721893307086614
20
1.3246814173228345
11
1.3721259842519684
21
1.325
0
LINE
8
BLACK
6
CONTINUOUS
10
1.3721259842519684
20
1.325
11
1.3721259842519684
21
1.385
0
LINE
8
BLACK
6
CONTINUOUS
10
1.3721259842519684
20
1.385
11
1.3721893700787402
21
1.3853187007874015
0
LINE
8
BLACK
6
CONTINUOUS
10
1.3721893700787402
20
1.3853187007874015
11
1.3723448425196849
21
1.3866588188976379
0
LINE
8
BLACK
6
CONTINUOUS
10
1.3723448425196849
20
1.3866588188976379
11
1.3725470078740156
21
1.3871166929133858
0
LINE
8
BLACK
6
CONTINUOUS
10
1.3725470078740156
20
1.3871166929133858
11
1.3727253543307085
21
1.3880132677165353
0
LINE
8
BLACK
6
CONTINUOUS
10
1.3727253543307085
20
1.3880132677165353
11
1.3733666929133859
21
1.3889731102362204
0
LINE
8
BLACK
6
CONTINUOUS
10
1.3733666929133859
20
1.3889731102362204
11
1.3735601968503937
21
1.3894112992125984
0
LINE
8
BLACK
6
CONTINUOUS
10
1.3735601968503937
20
1.3894112992125984
11
1.3738594881889763
21
1.3897105905511811
0
LINE
8
BLACK
6
CONTINUOUS
10
1.3738594881889763
20
1.3897105905511811
11
1.3744322440944881
21
1.3905677559055118
0
LINE
8
BLACK
6
CONTINUOUS
10
1.3744322440944881
20
1.3905677559055118
11
1.3752893700787401
21
1.3911404724409449
0
LINE
8
BLACK
6
CONTINUOUS
10
1.3752893700787401
20
1.3911404724409449
11
1.3755886614173227
21
1.3914397637795275
0
LINE
8
BLACK
6
CONTINUOUS
10
1.3755886614173227
20
1.3914397637795275
11
1.3760267716535433
21
1.391633188976378
0
LINE
8
BLACK
6
CONTINUOUS
10
1.3760267716535433
20
1.391633188976378
11
1.3769867322834646
21
1.3922746456692914
0
LINE
8
BLACK
6
CONTINUOUS
10
1.3769867322834646
20
1.3922746456692914
11
1.3778833858267716
21
1.3924529921259843
0
LINE
8
BLACK
6
CONTINUOUS
10
1.3778833858267716
20
1.3924529921259843
11
1.3783411417322835
21
1.3926551181102362
0
LINE
8
BLACK
6
CONTINUOUS
10
1.3783411417322835
20
1.3926551181102362
11
1.3796809448818896
21
1.3928105511811024
0
LINE
8
BLACK
6
CONTINUOUS
10
1.3796809448818896
20
1.3928105511811024
11
1.3799999999999999
21
1.3928740157480315
0
LINE
8
BLACK
6
CONTINUOUS
10
1.3799999999999999
20
1.3928740157480315
11
1.4399999999999999
21
1.3928740157480315
0
LINE
8
BLACK
6
CONTINUOUS
10
1.4399999999999999
20
1.3928740157480315
11
1.4403191732283465
21
1.3928105118110237
0
LINE
8
BLACK
6
CONTINUOUS
10
0.6353191732283464
20
1.4928105118110235
11
0.6366588188976378
21
1.4926551181102361
0
LINE
8
BLACK
6
CONTINUOUS
10
0.6366588188976378
20
1.4926551181102361
11
0.6371164960629921
21
1.4924529921259841
0
LINE
8
BLACK
6
CONTINUOUS
10
0.6371164960629921
20
1.4924529921259841
11
0.6380132677165354
21
1.4922746456692912
0
LINE
8
BLACK
6
CONTINUOUS
10
0.6380132677165354
20
1.4922746456692912
11
0.6389732677165354
21
1.4916331496062991
0
LINE
8
BLACK
6
CONTINUOUS
10
0.6389732677165354
20
1.4916331496062991
11
0.6394112992125984
21
1.4914397637795276
0
LINE
8
BLACK
6
CONTINUOUS
10
0.6394112992125984
20
1.4914397637795276
11
0.6397104724409449
21
1.4911405511811022
0
LINE
8
BLACK
6
CONTINUOUS
10
0.6397104724409449
20
1.4911405511811022
11
0.6405677559055118
21
1.4905677559055117
0
LINE
8
BLACK
6
CONTINUOUS
10
0.6405677559055118
20
1.4905677559055117
11
0.6411405511811024
21
1.4897104724409449
0
LINE
8
BLACK
6
CONTINUOUS
10
0.6411405511811024
20
1.4897104724409449
11
0.6414397637795275
21
1.4894112992125983
0
LINE
8
BLACK
6
CONTINUOUS
10
0.6414397637795275
20
1.4894112992125983
11
0.6416331496062992
21
1.4889732677165355
0
LINE
8
BLACK
6
CONTINUOUS
10
0.6416331496062992
20
1.4889732677165355
11
0.6422746456692914
21
1.4880132677165354
0
LINE
8
BLACK
6
CONTINUOUS
10
0.6422746456692914
20
1.4880132677165354
11
0.6424529921259843
21
1.4871164960629921
0
LINE
8
BLACK
6
CONTINUOUS
10
0.6424529921259843
20
1.4871164960629921
11
0.6426551181102362
21
1.4866588188976377
0
LINE
8
BLACK
6
CONTINUOUS
10
0.6426551181102362
20
1.4866588188976377
11
0.6428105118110236
21
1.4853190944881889
0
LINE
8
BLACK
6
CONTINUOUS
10
0.6428105118110236
20
1.4853190944881889
11
0.6428740157480315
21
1.4849999999999999
0
LINE
8
BLACK
6
CONTINUOUS
10
0.6428740157480315
20
1.4849999999999999
11
0.6428740157480315
21
1.425
0
LINE
8
BLACK
6
CONTINUOUS
10
0.6428740157480315
20
1.425
11
0.6428105118110236
21
1.4246808661417323
0
LINE
8
BLACK
6
CONTINUOUS
10
0.6428105118110236
20
1.4246808661417323
11
0.6426551181102362
21
1.4233411417322834
0
LINE
8
BLACK
6
CONTINUOUS
10
0.6426551181102362
20
1.4233411417322834
11
0.6424529921259843
21
1.4228833858267715
0
LINE
8
BLACK
6
CONTINUOUS
10
0.6424529921259843
20
1.4228833858267715
11
0.6422746456692914
21
1.4219867322834645
0
LINE
8
BLACK
6
CONTINUOUS
10
0.6422746456692914
20
1.4219867322834645
11
0.6416331889763779
21
1.4210267716535432
0
LINE
8
BLACK
6
CONTINUOUS
10
0.6416331889763779
20
1.4210267716535432
11
0.6414397637795275
21
1.4205886614173229
0
LINE
8
BLACK
6
CONTINUOUS
10
0.6414397637795275
20
1.4205886614173229
11
0.6411404724409449
21
1.4202893700787402
0
LINE
8
BLACK
6
CONTINUOUS
10
0.6411404724409449
20
1.4202893700787402
11
0.6405677559055118
21
1.4194322440944882
0
LINE
8
BLACK
6
CONTINUOUS
10
0.6405677559055118
20
1.4194322440944882
11
0.6397105905511811
21
1.4188594881889764
0
LINE
8
BLACK
6
CONTINUOUS
10
0.6397105905511811
20
1.4188594881889764
11
0.6394112992125984
21
1.4185601968503936
0
LINE
8
BLACK
6
CONTINUOUS
10
0.6394112992125984
20
1.4185601968503936
11
0.6389731102362205
21
1.4183666929133858
0
LINE
8
BLACK
6
CONTINUOUS
10
0.6389731102362205
20
1.4183666929133858
11
0.6380132677165354
21
1.4177253543307087
0
LINE
8
BLACK
6
CONTINUOUS
10
0.6380132677165354
20
1.4177253543307087
11
0.6371166929133858
21
1.4175470078740158
0
LINE
8
BLACK
6
CONTINUOUS
10
0.6371166929133858
20
1.4175470078740158
11
0.6366588188976378
21
1.4173448425196851
0
LINE
8
BLACK
6
CONTINUOUS
10
0.6366588188976378
20
1.4173448425196851
11
0.6353186220472441
21
1.4171893307086614
0
LINE
8
BLACK
6
CONTINUOUS
10
0.6353186220472441
20
1.4171893307086614
11
0.635
21
1.4171259842519686
0
LINE
8
BLACK
6
CONTINUOUS
10
0.635
20
1.4171259842519686
11
0.6347723228346457
21
1.4171259842519686
0
LINE
8
BLACK
6
CONTINUOUS
10
0.6347723228346457
20
1.4171259842519686
11
0.575227716535433
21
1.4171259842519686
0
LINE
8
BLACK
6
CONTINUOUS
10
0.575227716535433
20
1.4171259842519686
11
0.575
21
1.4171259842519686
0
LINE
8
BLACK
6
CONTINUOUS
10
0.575
20
1.4171259842519686
11
0.5746813385826771
21
1.4171893307086614
0
LINE
8
BLACK
6
CONTINUOUS
10
0.5746813385826771
20
1.4171893307086614
11
0.5733411417322835
21
1.4173448425196851
0
LINE
8
BLACK
6
CONTINUOUS
10
0.5733411417322835
20
1.4173448425196851
11
0.5728832283464567
21
1.4175470078740158
0
LINE
8
BLACK
6
CONTINUOUS
10
0.5728832283464567
20
1.4175470078740158
11
0.5719867322834645
21
1.4177253543307087
0
LINE
8
BLACK
6
CONTINUOUS
10
0.5719867322834645
20
1.4177253543307087
11
0.5710269291338582
21
1.418366653543307
0
LINE
8
BLACK
6
CONTINUOUS
10
0.5710269291338582
20
1.418366653543307
11
0.5705886614173228
21
1.4185601968503936
0
LINE
8
BLACK
6
CONTINUOUS
10
0.5705886614173228
20
1.4185601968503936
11
0.5702892519685039
21
1.4188595669291337
0
LINE
8
BLACK
6
CONTINUOUS
10
0.5702892519685039
20
1.4188595669291337
11
0.5694322440944882
21
1.4194322440944882
0
LINE
8
BLACK
6
CONTINUOUS
10
0.5694322440944882
20
1.4194322440944882
11
0.5688595669291339
21
1.420289251968504
0
LINE
8
BLACK
6
CONTINUOUS
10
0.5688595669291339
20
1.420289251968504
11
0.5685601968503937
21
1.4205886614173229
0
LINE
8
BLACK
6
CONTINUOUS
10
0.5685601968503937
20
1.4205886614173229
11
0.5683666535433071
21
1.4210269291338582
0
LINE
8
BLACK
6
CONTINUOUS
10
0.5683666535433071
20
1.4210269291338582
11
0.5677253543307087
21
1.4219867322834645
0
LINE
8
BLACK
6
CONTINUOUS
10
0.5677253543307087
20
1.4219867322834645
11
0.5675470078740157
21
1.4228832283464568
0
LINE
8
BLACK
6
CONTINUOUS
10
0.5675470078740157
20
1.4228832283464568
11
0.567344842519685
21
1.4233411417322834
0
LINE
8
BLACK
6
CONTINUOUS
10
0.567344842519685
20
1.4233411417322834
11
0.5671893307086614
21
1.4246814173228346
0
LINE
8
BLACK
6
CONTINUOUS
10
0.5671893307086614
20
1.4246814173228346
11
0.5671259842519685
21
1.425
0
LINE
8
BLACK
6
CONTINUOUS
10
0.5671259842519685
20
1.425
11
0.5671259842519685
21
1.4849999999999999
0
LINE
8
BLACK
6
CONTINUOUS
10
0.5671259842519685
20
1.4849999999999999
11
0.5671893700787402
21
1.4853187007874016
0
LINE
8
BLACK
6
CONTINUOUS
10
0.5671893700787402
20
1.4853187007874016
11
0.567344842519685
21
1.4866588188976377
0
LINE
8
BLACK
6
CONTINUOUS
10
0.567344842519685
20
1.4866588188976377
11
0.5675470078740157
21
1.4871166929133859
0
LINE
8
BLACK
6
CONTINUOUS
10
0.5675470078740157
20
1.4871166929133859
11
0.5677253543307087
21
1.4880132677165354
0
LINE
8
BLACK
6
CONTINUOUS
10
0.5677253543307087
20
1.4880132677165354
11
0.5683666929133858
21
1.4889731102362205
0
LINE
8
BLACK
6
CONTINUOUS
10
0.5683666929133858
20
1.4889731102362205
11
0.5685601968503937
21
1.4894112992125983
0
LINE
8
BLACK
6
CONTINUOUS
10
0.5685601968503937
20
1.4894112992125983
11
0.5688594881889764
21
1.4897105905511812
0
LINE
8
BLACK
6
CONTINUOUS
10
0.5688594881889764
20
1.4897105905511812
11
0.5694322440944882
21
1.4905677559055117
0
LINE
8
BLACK
6
CONTINUOUS
10
0.5694322440944882
20
1.4905677559055117
11
0.5702893700787401
21
1.4911404724409449
0
LINE
8
BLACK
6
CONTINUOUS
10
0.5702893700787401
20
1.4911404724409449
11
0.5705886614173228
21
1.4914397637795276
0
LINE
8
BLACK
6
CONTINUOUS
10
0.5705886614173228
20
1.4914397637795276
11
0.5710267716535433
21
1.4916331889763779
0
LINE
8
BLACK
6
CONTINUOUS
10
0.5710267716535433
20
1.4916331889763779
11
0.5719867322834645
21
1.4922746456692912
0
LINE
8
BLACK
6
CONTINUOUS
10
0.5719867322834645
20
1.4922746456692912
11
0.5728833858267717
21
1.4924529921259841
0
LINE
8
BLACK
6
CONTINUOUS
10
0.5728833858267717
20
1.4924529921259841
11
0.5733411417322835
21
1.4926551181102361
0
LINE
8
BLACK
6
CONTINUOUS
10
0.5733411417322835
20
1.4926551181102361
11
0.5746809448818897
21
1.4928105511811023
0
LINE
8
BLACK
6
CONTINUOUS
10
0.5746809448818897
20
1.4928105511811023
11
0.575
21
1.4928740157480314
0
LINE
8
BLACK
6
CONTINUOUS
10
0.575
20
1.4928740157480314
11
0.635
21
1.4928740157480314
0
LINE
8
BLACK
6
CONTINUOUS
10
0.635
20
1.4928740157480314
11
0.6353191732283464
21
1.4928105118110235
0
LINE
8
BLACK
6
CONTINUOUS
10
0.7403191732283464
20
1.4928105118110235
11
0.7416588188976377
21
1.4926551181102361
0
LINE
8
BLACK
6
CONTINUOUS
10
0.7416588188976377
20
1.4926551181102361
11
0.7421164960629921
21
1.4924529921259841
0
LINE
8
BLACK
6
CONTINUOUS
10
0.7421164960629921
20
1.4924529921259841
11
0.7430132677165354
21
1.4922746456692912
0
LINE
8
BLACK
6
CONTINUOUS
10
0.7430132677165354
20
1.4922746456692912
11
0.7439732677165354
21
1.4916331496062991
0
LINE
8
BLACK
6
CONTINUOUS
10
0.7439732677165354
20
1.4916331496062991
11
0.7444112992125984
21
1.4914397637795276
0
LINE
8
BLACK
6
CONTINUOUS
10
0.7444112992125984
20
1.4914397637795276
11
0.7447104724409449
21
1.4911405511811022
0
LINE
8
BLACK
6
CONTINUOUS
10
0.7447104724409449
20
1.4911405511811022
11
0.7455677559055118
21
1.4905677559055117
0
LINE
8
BLACK
6
CONTINUOUS
10
0.7455677559055118
20
1.4905677559055117
11
0.7461405511811023
21
1.4897104724409449
0
LINE
8
BLACK
6
CONTINUOUS
10
0.7461405511811023
20
1.4897104724409449
11
0.7464397637795276
21
1.4894112992125983
0
LINE
8
BLACK
6
CONTINUOUS
10
0.7464397637795276
20
1.4894112992125983
11
0.7466331496062992
21
1.4889732677165355
0
LINE
8
BLACK
6
CONTINUOUS
10
0.7466331496062992
20
1.4889732677165355
11
0.7472746456692914
21
1.4880132677165354
0
LINE
8
BLACK
6
CONTINUOUS
10
0.7472746456692914
20
1.4880132677165354
11
0.7474529921259843
21
1.4871164960629921
0
LINE
8
BLACK
6
CONTINUOUS
10
0.7474529921259843
20
1.4871164960629921
11
0.7476551181102362
21
1.4866588188976377
0
LINE
8
BLACK
6
CONTINUOUS
10
0.7476551181102362
20
1.4866588188976377
11
0.7478105118110236
21
1.4853190944881889
0
LINE
8
BLACK
6
CONTINUOUS
10
0.7478105118110236
20
1.4853190944881889
11
0.7478740157480315
21
1.4849999999999999
0
LINE
8
BLACK
6
CONTINUOUS
10
0.7478740157480315
20
1.4849999999999999
11
0.7478740157480315
21
1.425
0
LINE
8
BLACK
6
CONTINUOUS
10
0.7478740157480315
20
1.425
11
0.7478105118110236
21
1.4246808661417323
0
LINE
8
BLACK
6
CONTINUOUS
10
0.7478105118110236
20
1.4246808661417323
11
0.7476551181102362
21
1.4233411417322834
0
LINE
8
BLACK
6
CONTINUOUS
10
0.7476551181102362
20
1.4233411417322834
11
0.7474529921259843
21
1.4228833858267715
0
LINE
8
BLACK
6
CONTINUOUS
10
0.7474529921259843
20
1.4228833858267715
11
0.7472746456692914
21
1.4219867322834645
0
LINE
8
BLACK
6
CONTINUOUS
10
0.7472746456692914
20
1.4219867322834645
11
0.746633188976378
21
1.4210267716535432
0
LINE
8
BLACK
6
CONTINUOUS
10
0.746633188976378
20
1.4210267716535432
11
0.7464397637795276
21
1.4205886614173229
0
LINE
8
BLACK
6
CONTINUOUS
10
0.7464397637795276
20
1.4205886614173229
11
0.7461404724409448
21
1.4202893700787402
0
LINE
8
BLACK
6
CONTINUOUS
10
0.7461404724409448
20
1.4202893700787402
11
0.7455677559055118
21
1.4194322440944882
0
LINE
8
BLACK
6
CONTINUOUS
10
0.7455677559055118
20
1.4194322440944882
11
0.7447105905511811
21
1.4188594881889764
0
LINE
8
BLACK
6
CONTINUOUS
10
0.7447105905511811
20
1.4188594881889764
11
0.7444112992125984
21
1.4185601968503936
0
LINE
8
BLACK
6
CONTINUOUS
10
0.7444112992125984
20
1.4185601968503936
11
0.7439731102362205
21
1.4183666929133858
0
LINE
8
BLACK
6
CONTINUOUS
10
0.7439731102362205
20
1.4183666929133858
11
0.7430132677165354
21
1.4177253543307087
0
LINE
8
BLACK
6
CONTINUOUS
10
0.7430132677165354
20
1.4177253543307087
11
0.7421166929133858
21
1.4175470078740158
0
LINE
8
BLACK
6
CONTINUOUS
10
0.7421166929133858
20
1.4175470078740158
11
0.7416588188976377
21
1.4173448425196851
0
LINE
8
BLACK
6
CONTINUOUS
10
0.7416588188976377
20
1.4173448425196851
11
0.7403186220472441
21
1.4171893307086614
0
LINE
8
BLACK
6
CONTINUOUS
10
0.7403186220472441
20
1.4171893307086614
11
0.74
21
1.4171259842519686
0
LINE
8
BLACK
6
CONTINUOUS
10
0.74
20
1.4171259842519686
11
0.7397723228346457
21
1.4171259842519686
0
LINE
8
BLACK
6
CONTINUOUS
10
0.7397723228346457
20
1.4171259842519686
11
0.680227716535433
21
1.4171259842519686
0
LINE
8
BLACK
6
CONTINUOUS
10
0.680227716535433
20
1.4171259842519686
11
0.6799999999999999
21
1.4171259842519686
0
LINE
8
BLACK
6
CONTINUOUS
10
0.6799999999999999
20
1.4171259842519686
11
0.6796813385826771
21
1.4171893307086614
0
LINE
8
BLACK
6
CONTINUOUS
10
0.6796813385826771
20
1.4171893307086614
11
0.6783411417322834
21
1.4173448425196851
0
LINE
8
BLACK
6
CONTINUOUS
10
0.6783411417322834
20
1.4173448425196851
11
0.6778832283464566
21
1.4175470078740158
0
LINE
8
BLACK
6
CONTINUOUS
10
0.6778832283464566
20
1.4175470078740158
11
0.6769867322834645
21
1.4177253543307087
0
LINE
8
BLACK
6
CONTINUOUS
10
0.6769867322834645
20
1.4177253543307087
11
0.6760269291338582
21
1.418366653543307
0
LINE
8
BLACK
6
CONTINUOUS
10
0.6760269291338582
20
1.418366653543307
11
0.6755886614173228
21
1.4185601968503936
0
LINE
8
BLACK
6
CONTINUOUS
10
0.6755886614173228
20
1.4185601968503936
11
0.6752892519685039
21
1.4188595669291337
0
LINE
8
BLACK
6
CONTINUOUS
10
0.6752892519685039
20
1.4188595669291337
11
0.6744322440944882
21
1.4194322440944882
0
LINE
8
BLACK
6
CONTINUOUS
10
0.6744322440944882
20
1.4194322440944882
11
0.6738595669291338
21
1.420289251968504
0
LINE
8
BLACK
6
CONTINUOUS
10
0.6738595669291338
20
1.420289251968504
11
0.6735601968503937
21
1.4205886614173229
0
LINE
8
BLACK
6
CONTINUOUS
10
0.6735601968503937
20
1.4205886614173229
11
0.673366653543307
21
1.4210269291338582
0
LINE
8
BLACK
6
CONTINUOUS
10
0.673366653543307
20
1.4210269291338582
11
0.6727253543307087
21
1.4219867322834645
0
LINE
8
BLACK
6
CONTINUOUS
10
0.6727253543307087
20
1.4219867322834645
11
0.6725470078740158
21
1.4228832283464568
0
LINE
8
BLACK
6
CONTINUOUS
10
0.6725470078740158
20
1.4228832283464568
11
0.6723448425196851
21
1.4233411417322834
0
LINE
8
BLACK
6
CONTINUOUS
10
0.6723448425196851
20
1.4233411417322834
11
0.6721893307086614
21
1.4246814173228346
0
LINE
8
BLACK
6
CONTINUOUS
10
0.6721893307086614
20
1.4246814173228346
11
0.6721259842519685
21
1.425
0
LINE
8
BLACK
6
CONTINUOUS
10
0.6721259842519685
20
1.425
11
0.6721259842519685
21
1.4849999999999999
0
LINE
8
BLACK
6
CONTINUOUS
10
0.6721259842519685
20
1.4849999999999999
11
0.6721893700787401
21
1.4853187007874016
0
LINE
8
BLACK
6
CONTINUOUS
10
0.6721893700787401
20
1.4853187007874016
11
0.6723448425196851
21
1.4866588188976377
0
LINE
8
BLACK
6
CONTINUOUS
10
0.6723448425196851
20
1.4866588188976377
11
0.6725470078740158
21
1.4871166929133859
0
LINE
8
BLACK
6
CONTINUOUS
10
0.6725470078740158
20
1.4871166929133859
11
0.6727253543307087
21
1.4880132677165354
0
LINE
8
BLACK
6
CONTINUOUS
10
0.6727253543307087
20
1.4880132677165354
11
0.6733666929133858
21
1.4889731102362205
0
LINE
8
BLACK
6
CONTINUOUS
10
0.6733666929133858
20
1.4889731102362205
11
0.6735601968503937
21
1.4894112992125983
0
LINE
8
BLACK
6
CONTINUOUS
10
0.6735601968503937
20
1.4894112992125983
11
0.6738594881889763
21
1.4897105905511812
0
LINE
8
BLACK
6
CONTINUOUS
10
0.6738594881889763
20
1.4897105905511812
11
0.6744322440944882
21
1.4905677559055117
0
LINE
8
BLACK
6
CONTINUOUS
10
0.6744322440944882
20
1.4905677559055117
11
0.6752893700787401
21
1.4911404724409449
0
LINE
8
BLACK
6
CONTINUOUS
10
0.6752893700787401
20
1.4911404724409449
11
0.6755886614173228
21
1.4914397637795276
0
LINE
8
BLACK
6
CONTINUOUS
10
0.6755886614173228
20
1.4914397637795276
11
0.6760267716535433
21
1.4916331889763779
0
LINE
8
BLACK
6
CONTINUOUS
10
0.6760267716535433
20
1.4916331889763779
11
0.6769867322834645
21
1.4922746456692912
0
LINE
8
BLACK
6
CONTINUOUS
10
0.6769867322834645
20
1.4922746456692912
11
0.6778833858267717
21
1.4924529921259841
0
LINE
8
BLACK
6
CONTINUOUS
10
0.6778833858267717
20
1.4924529921259841
11
0.6783411417322834
21
1.4926551181102361
0
LINE
8
BLACK
6
CONTINUOUS
10
0.6783411417322834
20
1.4926551181102361
11
0.6796809448818898
21
1.4928105511811023
0
LINE
8
BLACK
6
CONTINUOUS
10
0.6796809448818898
20
1.4928105511811023
11
0.6799999999999999
21
1.4928740157480314
0
LINE
8
BLACK
6
CONTINUOUS
10
0.6799999999999999
20
1.4928740157480314
11
0.74
21
1.4928740157480314
0
LINE
8
BLACK
6
CONTINUOUS
10
0.74
20
1.4928740157480314
11
0.7403191732283464
21
1.4928105118110235
0
LINE
8
BLACK
6
CONTINUOUS
10
0.8403191732283465
20
1.4928105118110235
11
0.8416588188976378
21
1.4926551181102361
0
LINE
8
BLACK
6
CONTINUOUS
10
0.8416588188976378
20
1.4926551181102361
11
0.8421164960629921
21
1.4924529921259841
0
LINE
8
BLACK
6
CONTINUOUS
10
0.8421164960629921
20
1.4924529921259841
11
0.8430132677165354
21
1.4922746456692912
0
LINE
8
BLACK
6
CONTINUOUS
10
0.8430132677165354
20
1.4922746456692912
11
0.8439732677165355
21
1.4916331496062991
0
LINE
8
BLACK
6
CONTINUOUS
10
0.8439732677165355
20
1.4916331496062991
11
0.8444112992125984
21
1.4914397637795276
0
LINE
8
BLACK
6
CONTINUOUS
10
0.8444112992125984
20
1.4914397637795276
11
0.8447104724409449
21
1.4911405511811022
0
LINE
8
BLACK
6
CONTINUOUS
10
0.8447104724409449
20
1.4911405511811022
11
0.8455677559055118
21
1.4905677559055117
0
LINE
8
BLACK
6
CONTINUOUS
10
0.8455677559055118
20
1.4905677559055117
11
0.8461405511811023
21
1.4897104724409449
0
LINE
8
BLACK
6
CONTINUOUS
10
0.8461405511811023
20
1.4897104724409449
11
0.8464397637795276
21
1.4894112992125983
0
LINE
8
BLACK
6
CONTINUOUS
10
0.8464397637795276
20
1.4894112992125983
11
0.8466331496062992
21
1.4889732677165355
0
LINE
8
BLACK
6
CONTINUOUS
10
0.8466331496062992
20
1.4889732677165355
11
0.8472746456692913
21
1.4880132677165354
0
LINE
8
BLACK
6
CONTINUOUS
10
0.8472746456692913
20
1.4880132677165354
11
0.8474529921259842
21
1.4871164960629921
0
LINE
8
BLACK
6
CONTINUOUS
10
0.8474529921259842
20
1.4871164960629921
11
0.8476551181102362
21
1.4866588188976377
0
LINE
8
BLACK
6
CONTINUOUS
10
0.8476551181102362
20
1.4866588188976377
11
0.8478105118110236
21
1.4853190944881889
0
LINE
8
BLACK
6
CONTINUOUS
10
0.8478105118110236
20
1.4853190944881889
11
0.8478740157480315
21
1.4849999999999999
0
LINE
8
BLACK
6
CONTINUOUS
10
0.8478740157480315
20
1.4849999999999999
11
0.8478740157480315
21
1.425
0
LINE
8
BLACK
6
CONTINUOUS
10
0.8478740157480315
20
1.425
11
0.8478105118110236
21
1.4246808661417323
0
LINE
8
BLACK
6
CONTINUOUS
10
0.8478105118110236
20
1.4246808661417323
11
0.8476551181102362
21
1.4233411417322834
0
LINE
8
BLACK
6
CONTINUOUS
10
0.8476551181102362
20
1.4233411417322834
11
0.8474529921259842
21
1.4228833858267715
0
LINE
8
BLACK
6
CONTINUOUS
10
0.8474529921259842
20
1.4228833858267715
11
0.8472746456692913
21
1.4219867322834645
0
LINE
8
BLACK
6
CONTINUOUS
10
0.8472746456692913
20
1.4219867322834645
11
0.846633188976378
21
1.4210267716535432
0
LINE
8
BLACK
6
CONTINUOUS
10
0.846633188976378
20
1.4210267716535432
11
0.8464397637795276
21
1.4205886614173229
0
LINE
8
BLACK
6
CONTINUOUS
10
0.8464397637795276
20
1.4205886614173229
11
0.8461404724409448
21
1.4202893700787402
0
LINE
8
BLACK
6
CONTINUOUS
10
0.8461404724409448
20
1.4202893700787402
11
0.8455677559055118
21
1.4194322440944882
0
LINE
8
BLACK
6
CONTINUOUS
10
0.8455677559055118
20
1.4194322440944882
11
0.844710590551181
21
1.4188594881889764
0
LINE
8
BLACK
6
CONTINUOUS
10
0.844710590551181
20
1.4188594881889764
11
0.8444112992125984
21
1.4185601968503936
0
LINE
8
BLACK
6
CONTINUOUS
10
0.8444112992125984
20
1.4185601968503936
11
0.8439731102362205
21
1.4183666929133858
0
LINE
8
BLACK
6
CONTINUOUS
10
0.8439731102362205
20
1.4183666929133858
11
0.8430132677165354
21
1.4177253543307087
0
LINE
8
BLACK
6
CONTINUOUS
10
0.8430132677165354
20
1.4177253543307087
11
0.8421166929133858
21
1.4175470078740158
0
LINE
8
BLACK
6
CONTINUOUS
10
0.8421166929133858
20
1.4175470078740158
11
0.8416588188976378
21
1.4173448425196851
0
LINE
8
BLACK
6
CONTINUOUS
10
0.8416588188976378
20
1.4173448425196851
11
0.8403186220472441
21
1.4171893307086614
0
LINE
8
BLACK
6
CONTINUOUS
10
0.8403186220472441
20
1.4171893307086614
11
0.84
21
1.4171259842519686
0
LINE
8
BLACK
6
CONTINUOUS
10
0.84
20
1.4171259842519686
11
0.8397723228346456
21
1.4171259842519686
0
LINE
8
BLACK
6
CONTINUOUS
10
0.8397723228346456
20
1.4171259842519686
11
0.7802277165354331
21
1.4171259842519686
0
LINE
8
BLACK
6
CONTINUOUS
10
0.7802277165354331
20
1.4171259842519686
11
0.78
21
1.4171259842519686
0
LINE
8
BLACK
6
CONTINUOUS
10
0.78
20
1.4171259842519686
11
0.7796813385826772
21
1.4171893307086614
0
LINE
8
BLACK
6
CONTINUOUS
10
0.7796813385826772
20
1.4171893307086614
11
0.7783411417322834
21
1.4173448425196851
0
LINE
8
BLACK
6
CONTINUOUS
10
0.7783411417322834
20
1.4173448425196851
11
0.7778832283464566
21
1.4175470078740158
0
LINE
8
BLACK
6
CONTINUOUS
10
0.7778832283464566
20
1.4175470078740158
11
0.7769867322834646
21
1.4177253543307087
0
LINE
8
BLACK
6
CONTINUOUS
10
0.7769867322834646
20
1.4177253543307087
11
0.7760269291338583
21
1.418366653543307
0
LINE
8
BLACK
6
CONTINUOUS
10
0.7760269291338583
20
1.418366653543307
11
0.7755886614173229
21
1.4185601968503936
0
LINE
8
BLACK
6
CONTINUOUS
10
0.7755886614173229
20
1.4185601968503936
11
0.775289251968504
21
1.4188595669291337
0
LINE
8
BLACK
6
CONTINUOUS
10
0.775289251968504
20
1.4188595669291337
11
0.7744322440944882
21
1.4194322440944882
0
LINE
8
BLACK
6
CONTINUOUS
10
0.7744322440944882
20
1.4194322440944882
11
0.7738595669291338
21
1.420289251968504
0
LINE
8
BLACK
6
CONTINUOUS
10
0.7738595669291338
20
1.420289251968504
11
0.7735601968503937
21
1.4205886614173229
0
LINE
8
BLACK
6
CONTINUOUS
10
0.7735601968503937
20
1.4205886614173229
11
0.773366653543307
21
1.4210269291338582
0
LINE
8
BLACK
6
CONTINUOUS
10
0.773366653543307
20
1.4210269291338582
11
0.7727253543307087
21
1.4219867322834645
0
LINE
8
BLACK
6
CONTINUOUS
10
0.7727253543307087
20
1.4219867322834645
11
0.7725470078740158
21
1.4228832283464568
0
LINE
8
BLACK
6
CONTINUOUS
10
0.7725470078740158
20
1.4228832283464568
11
0.772344842519685
21
1.4233411417322834
0
LINE
8
BLACK
6
CONTINUOUS
10
0.772344842519685
20
1.4233411417322834
11
0.7721893307086614
21
1.4246814173228346
0
LINE
8
BLACK
6
CONTINUOUS
10
0.7721893307086614
20
1.4246814173228346
11
0.7721259842519684
21
1.425
0
LINE
8
BLACK
6
CONTINUOUS
10
0.7721259842519684
20
1.425
11
0.7721259842519684
21
1.4849999999999999
0
LINE
8
BLACK
6
CONTINUOUS
10
0.7721259842519684
20
1.4849999999999999
11
0.7721893700787401
21
1.4853187007874016
0
LINE
8
BLACK
6
CONTINUOUS
10
0.7721893700787401
20
1.4853187007874016
11
0.772344842519685
21
1.4866588188976377
0
LINE
8
BLACK
6
CONTINUOUS
10
0.772344842519685
20
1.4866588188976377
11
0.7725470078740158
21
1.4871166929133859
0
LINE
8
BLACK
6
CONTINUOUS
10
0.7725470078740158
20
1.4871166929133859
11
0.7727253543307087
21
1.4880132677165354
0
LINE
8
BLACK
6
CONTINUOUS
10
0.7727253543307087
20
1.4880132677165354
11
0.7733666929133858
21
1.4889731102362205
0
LINE
8
BLACK
6
CONTINUOUS
10
0.7733666929133858
20
1.4889731102362205
11
0.7735601968503937
21
1.4894112992125983
0
LINE
8
BLACK
6
CONTINUOUS
10
0.7735601968503937
20
1.4894112992125983
11
0.7738594881889763
21
1.4897105905511812
0
LINE
8
BLACK
6
CONTINUOUS
10
0.7738594881889763
20
1.4897105905511812
11
0.7744322440944882
21
1.4905677559055117
0
LINE
8
BLACK
6
CONTINUOUS
10
0.7744322440944882
20
1.4905677559055117
11
0.7752893700787401
21
1.4911404724409449
0
LINE
8
BLACK
6
CONTINUOUS
10
0.7752893700787401
20
1.4911404724409449
11
0.7755886614173229
21
1.4914397637795276
0
LINE
8
BLACK
6
CONTINUOUS
10
0.7755886614173229
20
1.4914397637795276
11
0.7760267716535433
21
1.4916331889763779
0
LINE
8
BLACK
6
CONTINUOUS
10
0.7760267716535433
20
1.4916331889763779
11
0.7769867322834646
21
1.4922746456692912
0
LINE
8
BLACK
6
CONTINUOUS
10
0.7769867322834646
20
1.4922746456692912
11
0.7778833858267716
21
1.4924529921259841
0
LINE
8
BLACK
6
CONTINUOUS
10
0.7778833858267716
20
1.4924529921259841
11
0.7783411417322834
21
1.4926551181102361
0
LINE
8
BLACK
6
CONTINUOUS
10
0.7783411417322834
20
1.4926551181102361
11
0.7796809448818898
21
1.4928105511811023
0
LINE
8
BLACK
6
CONTINUOUS
10
0.7796809448818898
20
1.4928105511811023
11
0.78
21
1.4928740157480314
0
LINE
8
BLACK
6
CONTINUOUS
10
0.78
20
1.4928740157480314
11
0.84
21
1.4928740157480314
0
LINE
8
BLACK
6
CONTINUOUS
10
0.84
20
1.4928740157480314
11
0.8403191732283465
21
1.4928105118110235
0
LINE
8
BLACK
6
CONTINUOUS
10
0.9403191732283465
20
1.4928105118110235
11
0.9416588188976378
21
1.4926551181102361
0
LINE
8
BLACK
6
CONTINUOUS
10
0.9416588188976378
20
1.4926551181102361
11
0.9421164960629921
21
1.4924529921259841
0
LINE
8
BLACK
6
CONTINUOUS
10
0.9421164960629921
20
1.4924529921259841
11
0.9430132677165354
21
1.4922746456692912
0
LINE
8
BLACK
6
CONTINUOUS
10
0.9430132677165354
20
1.4922746456692912
11
0.9439732677165354
21
1.4916331496062991
0
LINE
8
BLACK
6
CONTINUOUS
10
0.9439732677165354
20
1.4916331496062991
11
0.9444112992125984
21
1.4914397637795276
0
LINE
8
BLACK
6
CONTINUOUS
10
0.9444112992125984
20
1.4914397637795276
11
0.9447104724409449
21
1.4911405511811022
0
LINE
8
BLACK
6
CONTINUOUS
10
0.9447104724409449
20
1.4911405511811022
11
0.9455677559055118
21
1.4905677559055117
0
LINE
8
BLACK
6
CONTINUOUS
10
0.9455677559055118
20
1.4905677559055117
11
0.9461405511811023
21
1.4897104724409449
0
LINE
8
BLACK
6
CONTINUOUS
10
0.9461405511811023
20
1.4897104724409449
11
0.9464397637795275
21
1.4894112992125983
0
LINE
8
BLACK
6
CONTINUOUS
10
0.9464397637795275
20
1.4894112992125983
11
0.9466331496062992
21
1.4889732677165355
0
LINE
8
BLACK
6
CONTINUOUS
10
0.9466331496062992
20
1.4889732677165355
11
0.9472746456692913
21
1.4880132677165354
0
LINE
8
BLACK
6
CONTINUOUS
10
0.9472746456692913
20
1.4880132677165354
11
0.9474529921259842
21
1.4871164960629921
0
LINE
8
BLACK
6
CONTINUOUS
10
0.9474529921259842
20
1.4871164960629921
11
0.9476551181102362
21
1.4866588188976377
0
LINE
8
BLACK
6
CONTINUOUS
10
0.9476551181102362
20
1.4866588188976377
11
0.9478105118110236
21
1.4853190944881889
0
LINE
8
BLACK
6
CONTINUOUS
10
0.9478105118110236
20
1.4853190944881889
11
0.9478740157480314
21
1.4849999999999999
0
LINE
8
BLACK
6
CONTINUOUS
10
0.9478740157480314
20
1.4849999999999999
11
0.9478740157480314
21
1.425
0
LINE
8
BLACK
6
CONTINUOUS
10
0.9478740157480314
20
1.425
11
0.9478105118110236
21
1.4246808661417323
0
LINE
8
BLACK
6
CONTINUOUS
10
0.9478105118110236
20
1.4246808661417323
11
0.9476551181102362
21
1.4233411417322834
0
LINE
8
BLACK
6
CONTINUOUS
10
0.9476551181102362
20
1.4233411417322834
11
0.9474529921259842
21
1.4228833858267715
0
LINE
8
BLACK
6
CONTINUOUS
10
0.9474529921259842
20
1.4228833858267715
11
0.9472746456692913
21
1.4219867322834645
0
LINE
8
BLACK
6
CONTINUOUS
10
0.9472746456692913
20
1.4219867322834645
11
0.9466331889763779
21
1.4210267716535432
0
LINE
8
BLACK
6
CONTINUOUS
10
0.9466331889763779
20
1.4210267716535432
11
0.9464397637795275
21
1.4205886614173229
0
LINE
8
BLACK
6
CONTINUOUS
10
0.9464397637795275
20
1.4205886614173229
11
0.9461404724409449
21
1.4202893700787402
0
LINE
8
BLACK
6
CONTINUOUS
10
0.9461404724409449
20
1.4202893700787402
11
0.9455677559055118
21
1.4194322440944882
0
LINE
8
BLACK
6
CONTINUOUS
10
0.9455677559055118
20
1.4194322440944882
11
0.9447105905511811
21
1.4188594881889764
0
LINE
8
BLACK
6
CONTINUOUS
10
0.9447105905511811
20
1.4188594881889764
11
0.9444112992125984
21
1.4185601968503936
0
LINE
8
BLACK
6
CONTINUOUS
10
0.9444112992125984
20
1.4185601968503936
11
0.9439731102362204
21
1.4183666929133858
0
LINE
8
BLACK
6
CONTINUOUS
10
0.9439731102362204
20
1.4183666929133858
11
0.9430132677165354
21
1.4177253543307087
0
LINE
8
BLACK
6
CONTINUOUS
10
0.9430132677165354
20
1.4177253543307087
11
0.9421166929133858
21
1.4175470078740158
0
LINE
8
BLACK
6
CONTINUOUS
10
0.9421166929133858
20
1.4175470078740158
11
0.9416588188976378
21
1.4173448425196851
0
LINE
8
BLACK
6
CONTINUOUS
10
0.9416588188976378
20
1.4173448425196851
11
0.940318622047244
21
1.4171893307086614
0
LINE
8
BLACK
6
CONTINUOUS
10
0.940318622047244
20
1.4171893307086614
11
0.9399999999999999
21
1.4171259842519686
0
LINE
8
BLACK
6
CONTINUOUS
10
0.9399999999999999
20
1.4171259842519686
11
0.9397723228346456
21
1.4171259842519686
0
LINE
8
BLACK
6
CONTINUOUS
10
0.9397723228346456
20
1.4171259842519686
11
0.8802277165354331
21
1.4171259842519686
0
LINE
8
BLACK
6
CONTINUOUS
10
0.8802277165354331
20
1.4171259842519686
11
0.88
21
1.4171259842519686
0
LINE
8
BLACK
6
CONTINUOUS
10
0.88
20
1.4171259842519686
11
0.8796813385826772
21
1.4171893307086614
0
LINE
8
BLACK
6
CONTINUOUS
10
0.8796813385826772
20
1.4171893307086614
11
0.8783411417322834
21
1.4173448425196851
0
LINE
8
BLACK
6
CONTINUOUS
10
0.8783411417322834
20
1.4173448425196851
11
0.8778832283464567
21
1.4175470078740158
0
LINE
8
BLACK
6
CONTINUOUS
10
0.8778832283464567
20
1.4175470078740158
11
0.8769867322834646
21
1.4177253543307087
0
LINE
8
BLACK
6
CONTINUOUS
10
0.8769867322834646
20
1.4177253543307087
11
0.8760269291338583
21
1.418366653543307
0
LINE
8
BLACK
6
CONTINUOUS
10
0.8760269291338583
20
1.418366653543307
11
0.8755886614173228
21
1.4185601968503936
0
LINE
8
BLACK
6
CONTINUOUS
10
0.8755886614173228
20
1.4185601968503936
11
0.8752892519685039
21
1.4188595669291337
0
LINE
8
BLACK
6
CONTINUOUS
10
0.8752892519685039
20
1.4188595669291337
11
0.8744322440944882
21
1.4194322440944882
0
LINE
8
BLACK
6
CONTINUOUS
10
0.8744322440944882
20
1.4194322440944882
11
0.8738595669291338
21
1.420289251968504
0
LINE
8
BLACK
6
CONTINUOUS
10
0.8738595669291338
20
1.420289251968504
11
0.8735601968503937
21
1.4205886614173229
0
LINE
8
BLACK
6
CONTINUOUS
10
0.8735601968503937
20
1.4205886614173229
11
0.8733666535433071
21
1.4210269291338582
0
LINE
8
BLACK
6
CONTINUOUS
10
0.8733666535433071
20
1.4210269291338582
11
0.8727253543307086
21
1.4219867322834645
0
LINE
8
BLACK
6
CONTINUOUS
10
0.8727253543307086
20
1.4219867322834645
11
0.8725470078740157
21
1.4228832283464568
0
LINE
8
BLACK
6
CONTINUOUS
10
0.8725470078740157
20
1.4228832283464568
11
0.872344842519685
21
1.4233411417322834
0
LINE
8
BLACK
6
CONTINUOUS
10
0.872344842519685
20
1.4233411417322834
11
0.8721893307086614
21
1.4246814173228346
0
LINE
8
BLACK
6
CONTINUOUS
10
0.8721893307086614
20
1.4246814173228346
11
0.8721259842519685
21
1.425
0
LINE
8
BLACK
6
CONTINUOUS
10
0.8721259842519685
20
1.425
11
0.8721259842519685
21
1.4849999999999999
0
LINE
8
BLACK
6
CONTINUOUS
10
0.8721259842519685
20
1.4849999999999999
11
0.8721893700787401
21
1.4853187007874016
0
LINE
8
BLACK
6
CONTINUOUS
10
0.8721893700787401
20
1.4853187007874016
11
0.872344842519685
21
1.4866588188976377
0
LINE
8
BLACK
6
CONTINUOUS
10
0.872344842519685
20
1.4866588188976377
11
0.8725470078740157
21
1.4871166929133859
0
LINE
8
BLACK
6
CONTINUOUS
10
0.8725470078740157
20
1.4871166929133859
11
0.8727253543307086
21
1.4880132677165354
0
LINE
8
BLACK
6
CONTINUOUS
10
0.8727253543307086
20
1.4880132677165354
11
0.8733666929133858
21
1.4889731102362205
0
LINE
8
BLACK
6
CONTINUOUS
10
0.8733666929133858
20
1.4889731102362205
11
0.8735601968503937
21
1.4894112992125983
0
LINE
8
BLACK
6
CONTINUOUS
10
0.8735601968503937
20
1.4894112992125983
11
0.8738594881889764
21
1.4897105905511812
0
LINE
8
BLACK
6
CONTINUOUS
10
0.8738594881889764
20
1.4897105905511812
11
0.8744322440944882
21
1.4905677559055117
0
LINE
8
BLACK
6
CONTINUOUS
10
0.8744322440944882
20
1.4905677559055117
11
0.8752893700787402
21
1.4911404724409449
0
LINE
8
BLACK
6
CONTINUOUS
10
0.8752893700787402
20
1.4911404724409449
11
0.8755886614173228
21
1.4914397637795276
0
LINE
8
BLACK
6
CONTINUOUS
10
0.8755886614173228
20
1.4914397637795276
11
0.8760267716535433
21
1.4916331889763779
0
LINE
8
BLACK
6
CONTINUOUS
10
0.8760267716535433
20
1.4916331889763779
11
0.8769867322834646
21
1.4922746456692912
0
LINE
8
BLACK
6
CONTINUOUS
10
0.8769867322834646
20
1.4922746456692912
11
0.8778833858267716
21
1.4924529921259841
0
LINE
8
BLACK
6
CONTINUOUS
10
0.8778833858267716
20
1.4924529921259841
11
0.8783411417322834
21
1.4926551181102361
0
LINE
8
BLACK
6
CONTINUOUS
10
0.8783411417322834
20
1.4926551181102361
11
0.8796809448818897
21
1.4928105511811023
0
LINE
8
BLACK
6
CONTINUOUS
10
0.8796809448818897
20
1.4928105511811023
11
0.88
21
1.4928740157480314
0
LINE
8
BLACK
6
CONTINUOUS
10
0.88
20
1.4928740157480314
11
0.9399999999999999
21
1.4928740157480314
0
LINE
8
BLACK
6
CONTINUOUS
10
0.9399999999999999
20
1.4928740157480314
11
0.9403191732283465
21
1.4928105118110235
0
LINE
8
BLACK
6
CONTINUOUS
10
1.0403191732283463
20
1.4928105118110235
11
1.0416588188976377
21
1.4926551181102361
0
LINE
8
BLACK
6
CONTINUOUS
10
1.0416588188976377
20
1.4926551181102361
11
1.0421164960629921
21
1.4924529921259841
0
LINE
8
BLACK
6
CONTINUOUS
10
1.0421164960629921
20
1.4924529921259841
11
1.0430132677165354
21
1.4922746456692912
0
LINE
8
BLACK
6
CONTINUOUS
10
1.0430132677165354
20
1.4922746456692912
11
1.0439732677165354
21
1.4916331496062991
0
LINE
8
BLACK
6
CONTINUOUS
10
1.0439732677165354
20
1.4916331496062991
11
1.0444112992125985
21
1.4914397637795276
0
LINE
8
BLACK
6
CONTINUOUS
10
1.0444112992125985
20
1.4914397637795276
11
1.0447104724409448
21
1.4911405511811022
0
LINE
8
BLACK
6
CONTINUOUS
10
1.0447104724409448
20
1.4911405511811022
11
1.0455677559055119
21
1.4905677559055117
0
LINE
8
BLACK
6
CONTINUOUS
10
1.0455677559055119
20
1.4905677559055117
11
1.0461405511811024
21
1.4897104724409449
0
LINE
8
BLACK
6
CONTINUOUS
10
1.0461405511811024
20
1.4897104724409449
11
1.0464397637795275
21
1.4894112992125983
0
LINE
8
BLACK
6
CONTINUOUS
10
1.0464397637795275
20
1.4894112992125983
11
1.0466331496062993
21
1.4889732677165355
0
LINE
8
BLACK
6
CONTINUOUS
10
1.0466331496062993
20
1.4889732677165355
11
1.0472746456692914
21
1.4880132677165354
0
LINE
8
BLACK
6
CONTINUOUS
10
1.0472746456692914
20
1.4880132677165354
11
1.0474529921259843
21
1.4871164960629921
0
LINE
8
BLACK
6
CONTINUOUS
10
1.0474529921259843
20
1.4871164960629921
11
1.0476551181102363
21
1.4866588188976377
0
LINE
8
BLACK
6
CONTINUOUS
10
1.0476551181102363
20
1.4866588188976377
11
1.0478105118110237
21
1.4853190944881889
0
LINE
8
BLACK
6
CONTINUOUS
10
1.0478105118110237
20
1.4853190944881889
11
1.0478740157480315
21
1.4849999999999999
0
LINE
8
BLACK
6
CONTINUOUS
10
1.0478740157480315
20
1.4849999999999999
11
1.0478740157480315
21
1.425
0
LINE
8
BLACK
6
CONTINUOUS
10
1.0478740157480315
20
1.425
11
1.0478105118110237
21
1.4246808661417323
0
LINE
8
BLACK
6
CONTINUOUS
10
1.0478105118110237
20
1.4246808661417323
11
1.0476551181102363
21
1.4233411417322834
0
LINE
8
BLACK
6
CONTINUOUS
10
1.0476551181102363
20
1.4233411417322834
11
1.0474529921259843
21
1.4228833858267715
0
LINE
8
BLACK
6
CONTINUOUS
10
1.0474529921259843
20
1.4228833858267715
11
1.0472746456692914
21
1.4219867322834645
0
LINE
8
BLACK
6
CONTINUOUS
10
1.0472746456692914
20
1.4219867322834645
11
1.046633188976378
21
1.4210267716535432
0
LINE
8
BLACK
6
CONTINUOUS
10
1.046633188976378
20
1.4210267716535432
11
1.0464397637795275
21
1.4205886614173229
0
LINE
8
BLACK
6
CONTINUOUS
10
1.0464397637795275
20
1.4205886614173229
11
1.0461404724409449
21
1.4202893700787402
0
LINE
8
BLACK
6
CONTINUOUS
10
1.0461404724409449
20
1.4202893700787402
11
1.0455677559055119
21
1.4194322440944882
0
LINE
8
BLACK
6
CONTINUOUS
10
1.0455677559055119
20
1.4194322440944882
11
1.0447105905511811
21
1.4188594881889764
0
LINE
8
BLACK
6
CONTINUOUS
10
1.0447105905511811
20
1.4188594881889764
11
1.0444112992125985
21
1.4185601968503936
0
LINE
8
BLACK
6
CONTINUOUS
10
1.0444112992125985
20
1.4185601968503936
11
1.0439731102362204
21
1.4183666929133858
0
LINE
8
BLACK
6
CONTINUOUS
10
1.0439731102362204
20
1.4183666929133858
11
1.0430132677165354
21
1.4177253543307087
0
LINE
8
BLACK
6
CONTINUOUS
10
1.0430132677165354
20
1.4177253543307087
11
1.0421166929133858
21
1.4175470078740158
0
LINE
8
BLACK
6
CONTINUOUS
10
1.0421166929133858
20
1.4175470078740158
11
1.0416588188976377
21
1.4173448425196851
0
LINE
8
BLACK
6
CONTINUOUS
10
1.0416588188976377
20
1.4173448425196851
11
1.040318622047244
21
1.4171893307086614
0
LINE
8
BLACK
6
CONTINUOUS
10
1.040318622047244
20
1.4171893307086614
11
1.04
21
1.4171259842519686
0
LINE
8
BLACK
6
CONTINUOUS
10
1.04
20
1.4171259842519686
11
1.0397723228346456
21
1.4171259842519686
0
LINE
8
BLACK
6
CONTINUOUS
10
1.0397723228346456
20
1.4171259842519686
11
0.9802277165354331
21
1.4171259842519686
0
LINE
8
BLACK
6
CONTINUOUS
10
0.9802277165354331
20
1.4171259842519686
11
0.98
21
1.4171259842519686
0
LINE
8
BLACK
6
CONTINUOUS
10
0.98
20
1.4171259842519686
11
0.9796813385826771
21
1.4171893307086614
0
LINE
8
BLACK
6
CONTINUOUS
10
0.9796813385826771
20
1.4171893307086614
11
0.9783411417322835
21
1.4173448425196851
0
LINE
8
BLACK
6
CONTINUOUS
10
0.9783411417322835
20
1.4173448425196851
11
0.9778832283464567
21
1.4175470078740158
0
LINE
8
BLACK
6
CONTINUOUS
10
0.9778832283464567
20
1.4175470078740158
11
0.9769867322834646
21
1.4177253543307087
0
LINE
8
BLACK
6
CONTINUOUS
10
0.9769867322834646
20
1.4177253543307087
11
0.9760269291338582
21
1.418366653543307
0
LINE
8
BLACK
6
CONTINUOUS
10
0.9760269291338582
20
1.418366653543307
11
0.9755886614173228
21
1.4185601968503936
0
LINE
8
BLACK
6
CONTINUOUS
10
0.9755886614173228
20
1.4185601968503936
11
0.9752892519685039
21
1.4188595669291337
0
LINE
8
BLACK
6
CONTINUOUS
10
0.9752892519685039
20
1.4188595669291337
11
0.9744322440944881
21
1.4194322440944882
0
LINE
8
BLACK
6
CONTINUOUS
10
0.9744322440944881
20
1.4194322440944882
11
0.9738595669291339
21
1.420289251968504
0
LINE
8
BLACK
6
CONTINUOUS
10
0.9738595669291339
20
1.420289251968504
11
0.9735601968503936
21
1.4205886614173229
0
LINE
8
BLACK
6
CONTINUOUS
10
0.9735601968503936
20
1.4205886614173229
11
0.9733666535433071
21
1.4210269291338582
0
LINE
8
BLACK
6
CONTINUOUS
10
0.9733666535433071
20
1.4210269291338582
11
0.9727253543307086
21
1.4219867322834645
0
LINE
8
BLACK
6
CONTINUOUS
10
0.9727253543307086
20
1.4219867322834645
11
0.9725470078740157
21
1.4228832283464568
0
LINE
8
BLACK
6
CONTINUOUS
10
0.9725470078740157
20
1.4228832283464568
11
0.972344842519685
21
1.4233411417322834
0
LINE
8
BLACK
6
CONTINUOUS
10
0.972344842519685
20
1.4233411417322834
11
0.9721893307086614
21
1.4246814173228346
0
LINE
8
BLACK
6
CONTINUOUS
10
0.9721893307086614
20
1.4246814173228346
11
0.9721259842519685
21
1.425
0
LINE
8
BLACK
6
CONTINUOUS
10
0.9721259842519685
20
1.425
11
0.9721259842519685
21
1.4849999999999999
0
LINE
8
BLACK
6
CONTINUOUS
10
0.9721259842519685
20
1.4849999999999999
11
0.9721893700787402
21
1.4853187007874016
0
LINE
8
BLACK
6
CONTINUOUS
10
0.9721893700787402
20
1.4853187007874016
11
0.972344842519685
21
1.4866588188976377
0
LINE
8
BLACK
6
CONTINUOUS
10
0.972344842519685
20
1.4866588188976377
11
0.9725470078740157
21
1.4871166929133859
0
LINE
8
BLACK
6
CONTINUOUS
10
0.9725470078740157
20
1.4871166929133859
11
0.9727253543307086
21
1.4880132677165354
0
LINE
8
BLACK
6
CONTINUOUS
10
0.9727253543307086
20
1.4880132677165354
11
0.9733666929133858
21
1.4889731102362205
0
LINE
8
BLACK
6
CONTINUOUS
10
0.9733666929133858
20
1.4889731102362205
11
0.9735601968503936
21
1.4894112992125983
0
LINE
8
BLACK
6
CONTINUOUS
10
0.9735601968503936
20
1.4894112992125983
11
0.9738594881889764
21
1.4897105905511812
0
LINE
8
BLACK
6
CONTINUOUS
10
0.9738594881889764
20
1.4897105905511812
11
0.9744322440944881
21
1.4905677559055117
0
LINE
8
BLACK
6
CONTINUOUS
10
0.9744322440944881
20
1.4905677559055117
11
0.9752893700787402
21
1.4911404724409449
0
LINE
8
BLACK
6
CONTINUOUS
10
0.9752893700787402
20
1.4911404724409449
11
0.9755886614173228
21
1.4914397637795276
0
LINE
8
BLACK
6
CONTINUOUS
10
0.9755886614173228
20
1.4914397637795276
11
0.9760267716535432
21
1.4916331889763779
0
LINE
8
BLACK
6
CONTINUOUS
10
0.9760267716535432
20
1.4916331889763779
11
0.9769867322834646
21
1.4922746456692912
0
LINE
8
BLACK
6
CONTINUOUS
10
0.9769867322834646
20
1.4922746456692912
11
0.9778833858267716
21
1.4924529921259841
0
LINE
8
BLACK
6
CONTINUOUS
10
0.9778833858267716
20
1.4924529921259841
11
0.9783411417322835
21
1.4926551181102361
0
LINE
8
BLACK
6
CONTINUOUS
10
0.9783411417322835
20
1.4926551181102361
11
0.9796809448818897
21
1.4928105511811023
0
LINE
8
BLACK
6
CONTINUOUS
10
0.9796809448818897
20
1.4928105511811023
11
0.98
21
1.4928740157480314
0
LINE
8
BLACK
6
CONTINUOUS
10
0.98
20
1.4928740157480314
11
1.04
21
1.4928740157480314
0
LINE
8
BLACK
6
CONTINUOUS
10
1.04
20
1.4928740157480314
11
1.0403191732283463
21
1.4928105118110235
0
LINE
8
BLACK
6
CONTINUOUS
10
1.1403191732283464
20
1.4928105118110235
11
1.1416588188976378
21
1.4926551181102361
0
LINE
8
BLACK
6
CONTINUOUS
10
1.1416588188976378
20
1.4926551181102361
11
1.1421164960629921
21
1.4924529921259841
0
LINE
8
BLACK
6
CONTINUOUS
10
1.1421164960629921
20
1.4924529921259841
11
1.1430132677165354
21
1.4922746456692912
0
LINE
8
BLACK
6
CONTINUOUS
10
1.1430132677165354
20
1.4922746456692912
11
1.1439732677165355
21
1.4916331496062991
0
LINE
8
BLACK
6
CONTINUOUS
10
1.1439732677165355
20
1.4916331496062991
11
1.1444112992125983
21
1.4914397637795276
0
LINE
8
BLACK
6
CONTINUOUS
10
1.1444112992125983
20
1.4914397637795276
11
1.1447104724409449
21
1.4911405511811022
0
LINE
8
BLACK
6
CONTINUOUS
10
1.1447104724409449
20
1.4911405511811022
11
1.1455677559055117
21
1.4905677559055117
0
LINE
8
BLACK
6
CONTINUOUS
10
1.1455677559055117
20
1.4905677559055117
11
1.1461405511811023
21
1.4897104724409449
0
LINE
8
BLACK
6
CONTINUOUS
10
1.1461405511811023
20
1.4897104724409449
11
1.1464397637795276
21
1.4894112992125983
0
LINE
8
BLACK
6
CONTINUOUS
10
1.1464397637795276
20
1.4894112992125983
11
1.1466331496062991
21
1.4889732677165355
0
LINE
8
BLACK
6
CONTINUOUS
10
1.1466331496062991
20
1.4889732677165355
11
1.1472746456692913
21
1.4880132677165354
0
LINE
8
BLACK
6
CONTINUOUS
10
1.1472746456692913
20
1.4880132677165354
11
1.1474529921259842
21
1.4871164960629921
0
LINE
8
BLACK
6
CONTINUOUS
10
1.1474529921259842
20
1.4871164960629921
11
1.1476551181102361
21
1.4866588188976377
0
LINE
8
BLACK
6
CONTINUOUS
10
1.1476551181102361
20
1.4866588188976377
11
1.1478105118110236
21
1.4853190944881889
0
LINE
8
BLACK
6
CONTINUOUS
10
1.1478105118110236
20
1.4853190944881889
11
1.1478740157480314
21
1.4849999999999999
0
LINE
8
BLACK
6
CONTINUOUS
10
1.1478740157480314
20
1.4849999999999999
11
1.1478740157480314
21
1.425
0
LINE
8
BLACK
6
CONTINUOUS
10
1.1478740157480314
20
1.425
11
1.1478105118110236
21
1.4246808661417323
0
LINE
8
BLACK
6
CONTINUOUS
10
1.1478105118110236
20
1.4246808661417323
11
1.1476551181102361
21
1.4233411417322834
0
LINE
8
BLACK
6
CONTINUOUS
10
1.1476551181102361
20
1.4233411417322834
11
1.1474529921259842
21
1.4228833858267715
0
LINE
8
BLACK
6
CONTINUOUS
10
1.1474529921259842
20
1.4228833858267715
11
1.1472746456692913
21
1.4219867322834645
0
LINE
8
BLACK
6
CONTINUOUS
10
1.1472746456692913
20
1.4219867322834645
11
1.1466331889763779
21
1.4210267716535432
0
LINE
8
BLACK
6
CONTINUOUS
10
1.1466331889763779
20
1.4210267716535432
11
1.1464397637795276
21
1.4205886614173229
0
LINE
8
BLACK
6
CONTINUOUS
10
1.1464397637795276
20
1.4205886614173229
11
1.1461404724409447
21
1.4202893700787402
0
LINE
8
BLACK
6
CONTINUOUS
10
1.1461404724409447
20
1.4202893700787402
11
1.1455677559055117
21
1.4194322440944882
0
LINE
8
BLACK
6
CONTINUOUS
10
1.1455677559055117
20
1.4194322440944882
11
1.1447105905511812
21
1.4188594881889764
0
LINE
8
BLACK
6
CONTINUOUS
10
1.1447105905511812
20
1.4188594881889764
11
1.1444112992125983
21
1.4185601968503936
0
LINE
8
BLACK
6
CONTINUOUS
10
1.1444112992125983
20
1.4185601968503936
11
1.1439731102362205
21
1.4183666929133858
0
LINE
8
BLACK
6
CONTINUOUS
10
1.1439731102362205
20
1.4183666929133858
11
1.1430132677165354
21
1.4177253543307087
0
LINE
8
BLACK
6
CONTINUOUS
10
1.1430132677165354
20
1.4177253543307087
11
1.1421166929133859
21
1.4175470078740158
0
LINE
8
BLACK
6
CONTINUOUS
10
1.1421166929133859
20
1.4175470078740158
11
1.1416588188976378
21
1.4173448425196851
0
LINE
8
BLACK
6
CONTINUOUS
10
1.1416588188976378
20
1.4173448425196851
11
1.1403186220472441
21
1.4171893307086614
0
LINE
8
BLACK
6
CONTINUOUS
10
1.1403186220472441
20
1.4171893307086614
11
1.1399999999999999
21
1.4171259842519686
0
LINE
8
BLACK
6
CONTINUOUS
10
1.1399999999999999
20
1.4171259842519686
11
1.1397723228346457
21
1.4171259842519686
0
LINE
8
BLACK
6
CONTINUOUS
10
1.1397723228346457
20
1.4171259842519686
11
1.080227716535433
21
1.4171259842519686
0
LINE
8
BLACK
6
CONTINUOUS
10
1.080227716535433
20
1.4171259842519686
11
1.0800000000000001
21
1.4171259842519686
0
LINE
8
BLACK
6
CONTINUOUS
10
1.0800000000000001
20
1.4171259842519686
11
1.0796813385826771
21
1.4171893307086614
0
LINE
8
BLACK
6
CONTINUOUS
10
1.0796813385826771
20
1.4171893307086614
11
1.0783411417322835
21
1.4173448425196851
0
LINE
8
BLACK
6
CONTINUOUS
10
1.0783411417322835
20
1.4173448425196851
11
1.0778832283464568
21
1.4175470078740158
0
LINE
8
BLACK
6
CONTINUOUS
10
1.0778832283464568
20
1.4175470078740158
11
1.0769867322834645
21
1.4177253543307087
0
LINE
8
BLACK
6
CONTINUOUS
10
1.0769867322834645
20
1.4177253543307087
11
1.0760269291338582
21
1.418366653543307
0
LINE
8
BLACK
6
CONTINUOUS
10
1.0760269291338582
20
1.418366653543307
11
1.0755886614173229
21
1.4185601968503936
0
LINE
8
BLACK
6
CONTINUOUS
10
1.0755886614173229
20
1.4185601968503936
11
1.075289251968504
21
1.4188595669291337
0
LINE
8
BLACK
6
CONTINUOUS
10
1.075289251968504
20
1.4188595669291337
11
1.0744322440944882
21
1.4194322440944882
0
LINE
8
BLACK
6
CONTINUOUS
10
1.0744322440944882
20
1.4194322440944882
11
1.0738595669291338
21
1.420289251968504
0
LINE
8
BLACK
6
CONTINUOUS
10
1.0738595669291338
20
1.420289251968504
11
1.0735601968503936
21
1.4205886614173229
0
LINE
8
BLACK
6
CONTINUOUS
10
1.0735601968503936
20
1.4205886614173229
11
1.0733666535433071
21
1.4210269291338582
0
LINE
8
BLACK
6
CONTINUOUS
10
1.0733666535433071
20
1.4210269291338582
11
1.0727253543307087
21
1.4219867322834645
0
LINE
8
BLACK
6
CONTINUOUS
10
1.0727253543307087
20
1.4219867322834645
11
1.0725470078740158
21
1.4228832283464568
0
LINE
8
BLACK
6
CONTINUOUS
10
1.0725470078740158
20
1.4228832283464568
11
1.0723448425196851
21
1.4233411417322834
0
LINE
8
BLACK
6
CONTINUOUS
10
1.0723448425196851
20
1.4233411417322834
11
1.0721893307086614
21
1.4246814173228346
0
LINE
8
BLACK
6
CONTINUOUS
10
1.0721893307086614
20
1.4246814173228346
11
1.0721259842519686
21
1.425
0
LINE
8
BLACK
6
CONTINUOUS
10
1.0721259842519686
20
1.425
11
1.0721259842519686
21
1.4849999999999999
0
LINE
8
BLACK
6
CONTINUOUS
10
1.0721259842519686
20
1.4849999999999999
11
1.0721893700787402
21
1.4853187007874016
0
LINE
8
BLACK
6
CONTINUOUS
10
1.0721893700787402
20
1.4853187007874016
11
1.0723448425196851
21
1.4866588188976377
0
LINE
8
BLACK
6
CONTINUOUS
10
1.0723448425196851
20
1.4866588188976377
11
1.0725470078740158
21
1.4871166929133859
0
LINE
8
BLACK
6
CONTINUOUS
10
1.0725470078740158
20
1.4871166929133859
11
1.0727253543307087
21
1.4880132677165354
0
LINE
8
BLACK
6
CONTINUOUS
10
1.0727253543307087
20
1.4880132677165354
11
1.0733666929133858
21
1.4889731102362205
0
LINE
8
BLACK
6
CONTINUOUS
10
1.0733666929133858
20
1.4889731102362205
11
1.0735601968503936
21
1.4894112992125983
0
LINE
8
BLACK
6
CONTINUOUS
10
1.0735601968503936
20
1.4894112992125983
11
1.0738594881889763
21
1.4897105905511812
0
LINE
8
BLACK
6
CONTINUOUS
10
1.0738594881889763
20
1.4897105905511812
11
1.0744322440944882
21
1.4905677559055117
0
LINE
8
BLACK
6
CONTINUOUS
10
1.0744322440944882
20
1.4905677559055117
11
1.07528937007874
21
1.4911404724409449
0
LINE
8
BLACK
6
CONTINUOUS
10
1.07528937007874
20
1.4911404724409449
11
1.0755886614173229
21
1.4914397637795276
0
LINE
8
BLACK
6
CONTINUOUS
10
1.0755886614173229
20
1.4914397637795276
11
1.0760267716535432
21
1.4916331889763779
0
LINE
8
BLACK
6
CONTINUOUS
10
1.0760267716535432
20
1.4916331889763779
11
1.0769867322834645
21
1.4922746456692912
0
LINE
8
BLACK
6
CONTINUOUS
10
1.0769867322834645
20
1.4922746456692912
11
1.0778833858267716
21
1.4924529921259841
0
LINE
8
BLACK
6
CONTINUOUS
10
1.0778833858267716
20
1.4924529921259841
11
1.0783411417322835
21
1.4926551181102361
0
LINE
8
BLACK
6
CONTINUOUS
10
1.0783411417322835
20
1.4926551181102361
11
1.0796809448818898
21
1.4928105511811023
0
LINE
8
BLACK
6
CONTINUOUS
10
1.0796809448818898
20
1.4928105511811023
11
1.0800000000000001
21
1.4928740157480314
0
LINE
8
BLACK
6
CONTINUOUS
10
1.0800000000000001
20
1.4928740157480314
11
1.1399999999999999
21
1.4928740157480314
0
LINE
8
BLACK
6
CONTINUOUS
10
1.1399999999999999
20
1.4928740157480314
11
1.1403191732283464
21
1.4928105118110235
0
LINE
8
BLACK
6
CONTINUOUS
10
1.2403191732283465
20
1.4928105118110235
11
1.2416588188976379
21
1.4926551181102361
0
LINE
8
BLACK
6
CONTINUOUS
10
1.2416588188976379
20
1.4926551181102361
11
1.242116496062992
21
1.4924529921259841
0
LINE
8
BLACK
6
CONTINUOUS
10
1.242116496062992
20
1.4924529921259841
11
1.2430132677165353
21
1.4922746456692912
0
LINE
8
BLACK
6
CONTINUOUS
10
1.2430132677165353
20
1.4922746456692912
11
1.2439732677165354
21
1.4916331496062991
0
LINE
8
BLACK
6
CONTINUOUS
10
1.2439732677165354
20
1.4916331496062991
11
1.2444112992125984
21
1.4914397637795276
0
LINE
8
BLACK
6
CONTINUOUS
10
1.2444112992125984
20
1.4914397637795276
11
1.2447104724409448
21
1.4911405511811022
0
LINE
8
BLACK
6
CONTINUOUS
10
1.2447104724409448
20
1.4911405511811022
11
1.2455677559055118
21
1.4905677559055117
0
LINE
8
BLACK
6
CONTINUOUS
10
1.2455677559055118
20
1.4905677559055117
11
1.2461405511811023
21
1.4897104724409449
0
LINE
8
BLACK
6
CONTINUOUS
10
1.2461405511811023
20
1.4897104724409449
11
1.2464397637795275
21
1.4894112992125983
0
LINE
8
BLACK
6
CONTINUOUS
10
1.2464397637795275
20
1.4894112992125983
11
1.2466331496062992
21
1.4889732677165355
0
LINE
8
BLACK
6
CONTINUOUS
10
1.2466331496062992
20
1.4889732677165355
11
1.2472746456692914
21
1.4880132677165354
0
LINE
8
BLACK
6
CONTINUOUS
10
1.2472746456692914
20
1.4880132677165354
11
1.2474529921259843
21
1.4871164960629921
0
LINE
8
BLACK
6
CONTINUOUS
10
1.2474529921259843
20
1.4871164960629921
11
1.2476551181102362
21
1.4866588188976377
0
LINE
8
BLACK
6
CONTINUOUS
10
1.2476551181102362
20
1.4866588188976377
11
1.2478105118110236
21
1.4853190944881889
0
LINE
8
BLACK
6
CONTINUOUS
10
1.2478105118110236
20
1.4853190944881889
11
1.2478740157480315
21
1.4849999999999999
0
LINE
8
BLACK
6
CONTINUOUS
10
1.2478740157480315
20
1.4849999999999999
11
1.2478740157480315
21
1.425
0
LINE
8
BLACK
6
CONTINUOUS
10
1.2478740157480315
20
1.425
11
1.2478105118110236
21
1.4246808661417323
0
LINE
8
BLACK
6
CONTINUOUS
10
1.2478105118110236
20
1.4246808661417323
11
1.2476551181102362
21
1.4233411417322834
0
LINE
8
BLACK
6
CONTINUOUS
10
1.2476551181102362
20
1.4233411417322834
11
1.2474529921259843
21
1.4228833858267715
0
LINE
8
BLACK
6
CONTINUOUS
10
1.2474529921259843
20
1.4228833858267715
11
1.2472746456692914
21
1.4219867322834645
0
LINE
8
BLACK
6
CONTINUOUS
10
1.2472746456692914
20
1.4219867322834645
11
1.246633188976378
21
1.4210267716535432
0
LINE
8
BLACK
6
CONTINUOUS
10
1.246633188976378
20
1.4210267716535432
11
1.2464397637795275
21
1.4205886614173229
0
LINE
8
BLACK
6
CONTINUOUS
10
1.2464397637795275
20
1.4205886614173229
11
1.2461404724409448
21
1.4202893700787402
0
LINE
8
BLACK
6
CONTINUOUS
10
1.2461404724409448
20
1.4202893700787402
11
1.2455677559055118
21
1.4194322440944882
0
LINE
8
BLACK
6
CONTINUOUS
10
1.2455677559055118
20
1.4194322440944882
11
1.2447105905511811
21
1.4188594881889764
0
LINE
8
BLACK
6
CONTINUOUS
10
1.2447105905511811
20
1.4188594881889764
11
1.2444112992125984
21
1.4185601968503936
0
LINE
8
BLACK
6
CONTINUOUS
10
1.2444112992125984
20
1.4185601968503936
11
1.2439731102362204
21
1.4183666929133858
0
LINE
8
BLACK
6
CONTINUOUS
10
1.2439731102362204
20
1.4183666929133858
11
1.2430132677165353
21
1.4177253543307087
0
LINE
8
BLACK
6
CONTINUOUS
10
1.2430132677165353
20
1.4177253543307087
11
1.2421166929133858
21
1.4175470078740158
0
LINE
8
BLACK
6
CONTINUOUS
10
1.2421166929133858
20
1.4175470078740158
11
1.2416588188976379
21
1.4173448425196851
0
LINE
8
BLACK
6
CONTINUOUS
10
1.2416588188976379
20
1.4173448425196851
11
1.240318622047244
21
1.4171893307086614
0
LINE
8
BLACK
6
CONTINUOUS
10
1.240318622047244
20
1.4171893307086614
11
1.24
21
1.4171259842519686
0
LINE
8
BLACK
6
CONTINUOUS
10
1.24
20
1.4171259842519686
11
1.2397723228346456
21
1.4171259842519686
0
LINE
8
BLACK
6
CONTINUOUS
10
1.2397723228346456
20
1.4171259842519686
11
1.1802277165354331
21
1.4171259842519686
0
LINE
8
BLACK
6
CONTINUOUS
10
1.1802277165354331
20
1.4171259842519686
11
1.1799999999999999
21
1.4171259842519686
0
LINE
8
BLACK
6
CONTINUOUS
10
1.1799999999999999
20
1.4171259842519686
11
1.1796813385826772
21
1.4171893307086614
0
LINE
8
BLACK
6
CONTINUOUS
10
1.1796813385826772
20
1.4171893307086614
11
1.1783411417322835
21
1.4173448425196851
0
LINE
8
BLACK
6
CONTINUOUS
10
1.1783411417322835
20
1.4173448425196851
11
1.1778832283464566
21
1.4175470078740158
0
LINE
8
BLACK
6
CONTINUOUS
10
1.1778832283464566
20
1.4175470078740158
11
1.1769867322834646
21
1.4177253543307087
0
LINE
8
BLACK
6
CONTINUOUS
10
1.1769867322834646
20
1.4177253543307087
11
1.1760269291338583
21
1.418366653543307
0
LINE
8
BLACK
6
CONTINUOUS
10
1.1760269291338583
20
1.418366653543307
11
1.1755886614173228
21
1.4185601968503936
0
LINE
8
BLACK
6
CONTINUOUS
10
1.1755886614173228
20
1.4185601968503936
11
1.1752892519685039
21
1.4188595669291337
0
LINE
8
BLACK
6
CONTINUOUS
10
1.1752892519685039
20
1.4188595669291337
11
1.1744322440944881
21
1.4194322440944882
0
LINE
8
BLACK
6
CONTINUOUS
10
1.1744322440944881
20
1.4194322440944882
11
1.1738595669291338
21
1.420289251968504
0
LINE
8
BLACK
6
CONTINUOUS
10
1.1738595669291338
20
1.420289251968504
11
1.1735601968503937
21
1.4205886614173229
0
LINE
8
BLACK
6
CONTINUOUS
10
1.1735601968503937
20
1.4205886614173229
11
1.1733666535433072
21
1.4210269291338582
0
LINE
8
BLACK
6
CONTINUOUS
10
1.1733666535433072
20
1.4210269291338582
11
1.1727253543307086
21
1.4219867322834645
0
LINE
8
BLACK
6
CONTINUOUS
10
1.1727253543307086
20
1.4219867322834645
11
1.1725470078740157
21
1.4228832283464568
0
LINE
8
BLACK
6
CONTINUOUS
10
1.1725470078740157
20
1.4228832283464568
11
1.172344842519685
21
1.4233411417322834
0
LINE
8
BLACK
6
CONTINUOUS
10
1.172344842519685
20
1.4233411417322834
11
1.1721893307086615
21
1.4246814173228346
0
LINE
8
BLACK
6
CONTINUOUS
10
1.1721893307086615
20
1.4246814173228346
11
1.1721259842519685
21
1.425
0
LINE
8
BLACK
6
CONTINUOUS
10
1.1721259842519685
20
1.425
11
1.1721259842519685
21
1.4849999999999999
0
LINE
8
BLACK
6
CONTINUOUS
10
1.1721259842519685
20
1.4849999999999999
11
1.17218937007874
21
1.4853187007874016
0
LINE
8
BLACK
6
CONTINUOUS
10
1.17218937007874
20
1.4853187007874016
11
1.172344842519685
21
1.4866588188976377
0
LINE
8
BLACK
6
CONTINUOUS
10
1.172344842519685
20
1.4866588188976377
11
1.1725470078740157
21
1.4871166929133859
0
LINE
8
BLACK
6
CONTINUOUS
10
1.1725470078740157
20
1.4871166929133859
11
1.1727253543307086
21
1.4880132677165354
0
LINE
8
BLACK
6
CONTINUOUS
10
1.1727253543307086
20
1.4880132677165354
11
1.1733666929133857
21
1.4889731102362205
0
LINE
8
BLACK
6
CONTINUOUS
10
1.1733666929133857
20
1.4889731102362205
11
1.1735601968503937
21
1.4894112992125983
0
LINE
8
BLACK
6
CONTINUOUS
10
1.1735601968503937
20
1.4894112992125983
11
1.1738594881889763
21
1.4897105905511812
0
LINE
8
BLACK
6
CONTINUOUS
10
1.1738594881889763
20
1.4897105905511812
11
1.1744322440944881
21
1.4905677559055117
0
LINE
8
BLACK
6
CONTINUOUS
10
1.1744322440944881
20
1.4905677559055117
11
1.1752893700787401
21
1.4911404724409449
0
LINE
8
BLACK
6
CONTINUOUS
10
1.1752893700787401
20
1.4911404724409449
11
1.1755886614173228
21
1.4914397637795276
0
LINE
8
BLACK
6
CONTINUOUS
10
1.1755886614173228
20
1.4914397637795276
11
1.1760267716535433
21
1.4916331889763779
0
LINE
8
BLACK
6
CONTINUOUS
10
1.1760267716535433
20
1.4916331889763779
11
1.1769867322834646
21
1.4922746456692912
0
LINE
8
BLACK
6
CONTINUOUS
10
1.1769867322834646
20
1.4922746456692912
11
1.1778833858267717
21
1.4924529921259841
0
LINE
8
BLACK
6
CONTINUOUS
10
1.1778833858267717
20
1.4924529921259841
11
1.1783411417322835
21
1.4926551181102361
0
LINE
8
BLACK
6
CONTINUOUS
10
1.1783411417322835
20
1.4926551181102361
11
1.1796809448818897
21
1.4928105511811023
0
LINE
8
BLACK
6
CONTINUOUS
10
1.1796809448818897
20
1.4928105511811023
11
1.1799999999999999
21
1.4928740157480314
0
LINE
8
BLACK
6
CONTINUOUS
10
1.1799999999999999
20
1.4928740157480314
11
1.24
21
1.4928740157480314
0
LINE
8
BLACK
6
CONTINUOUS
10
1.24
20
1.4928740157480314
11
1.2403191732283465
21
1.4928105118110235
0
LINE
8
BLACK
6
CONTINUOUS
10
1.3403191732283464
20
1.4928105118110235
11
1.3416588188976377
21
1.4926551181102361
0
LINE
8
BLACK
6
CONTINUOUS
10
1.3416588188976377
20
1.4926551181102361
11
1.3421164960629921
21
1.4924529921259841
0
LINE
8
BLACK
6
CONTINUOUS
10
1.3421164960629921
20
1.4924529921259841
11
1.3430132677165354
21
1.4922746456692912
0
LINE
8
BLACK
6
CONTINUOUS
10
1.3430132677165354
20
1.4922746456692912
11
1.3439732677165355
21
1.4916331496062991
0
LINE
8
BLACK
6
CONTINUOUS
10
1.3439732677165355
20
1.4916331496062991
11
1.3444112992125985
21
1.4914397637795276
0
LINE
8
BLACK
6
CONTINUOUS
10
1.3444112992125985
20
1.4914397637795276
11
1.3447104724409449
21
1.4911405511811022
0
LINE
8
BLACK
6
CONTINUOUS
10
1.3447104724409449
20
1.4911405511811022
11
1.3455677559055117
21
1.4905677559055117
0
LINE
8
BLACK
6
CONTINUOUS
10
1.3455677559055117
20
1.4905677559055117
11
1.3461405511811024
21
1.4897104724409449
0
LINE
8
BLACK
6
CONTINUOUS
10
1.3461405511811024
20
1.4897104724409449
11
1.3464397637795276
21
1.4894112992125983
0
LINE
8
BLACK
6
CONTINUOUS
10
1.3464397637795276
20
1.4894112992125983
11
1.3466331496062991
21
1.4889732677165355
0
LINE
8
BLACK
6
CONTINUOUS
10
1.3466331496062991
20
1.4889732677165355
11
1.3472746456692912
21
1.4880132677165354
0
LINE
8
BLACK
6
CONTINUOUS
10
1.3472746456692912
20
1.4880132677165354
11
1.3474529921259841
21
1.4871164960629921
0
LINE
8
BLACK
6
CONTINUOUS
10
1.3474529921259841
20
1.4871164960629921
11
1.3476551181102361
21
1.4866588188976377
0
LINE
8
BLACK
6
CONTINUOUS
10
1.3476551181102361
20
1.4866588188976377
11
1.3478105118110235
21
1.4853190944881889
0
LINE
8
BLACK
6
CONTINUOUS
10
1.3478105118110235
20
1.4853190944881889
11
1.3478740157480316
21
1.4849999999999999
0
LINE
8
BLACK
6
CONTINUOUS
10
1.3478740157480316
20
1.4849999999999999
11
1.3478740157480316
21
1.425
0
LINE
8
BLACK
6
CONTINUOUS
10
1.3478740157480316
20
1.425
11
1.3478105118110235
21
1.4246808661417323
0
LINE
8
BLACK
6
CONTINUOUS
10
1.3478105118110235
20
1.4246808661417323
11
1.3476551181102361
21
1.4233411417322834
0
LINE
8
BLACK
6
CONTINUOUS
10
1.3476551181102361
20
1.4233411417322834
11
1.3474529921259841
21
1.4228833858267715
0
LINE
8
BLACK
6
CONTINUOUS
10
1.3474529921259841
20
1.4228833858267715
11
1.3472746456692912
21
1.4219867322834645
0
LINE
8
BLACK
6
CONTINUOUS
10
1.3472746456692912
20
1.4219867322834645
11
1.3466331889763778
21
1.4210267716535432
0
LINE
8
BLACK
6
CONTINUOUS
10
1.3466331889763778
20
1.4210267716535432
11
1.3464397637795276
21
1.4205886614173229
0
LINE
8
BLACK
6
CONTINUOUS
10
1.3464397637795276
20
1.4205886614173229
11
1.3461404724409449
21
1.4202893700787402
0
LINE
8
BLACK
6
CONTINUOUS
10
1.3461404724409449
20
1.4202893700787402
11
1.3455677559055117
21
1.4194322440944882
0
LINE
8
BLACK
6
CONTINUOUS
10
1.3455677559055117
20
1.4194322440944882
11
1.3447105905511811
21
1.4188594881889764
0
LINE
8
BLACK
6
CONTINUOUS
10
1.3447105905511811
20
1.4188594881889764
11
1.3444112992125985
21
1.4185601968503936
0
LINE
8
BLACK
6
CONTINUOUS
10
1.3444112992125985
20
1.4185601968503936
11
1.3439731102362205
21
1.4183666929133858
0
LINE
8
BLACK
6
CONTINUOUS
10
1.3439731102362205
20
1.4183666929133858
11
1.3430132677165354
21
1.4177253543307087
0
LINE
8
BLACK
6
CONTINUOUS
10
1.3430132677165354
20
1.4177253543307087
11
1.3421166929133859
21
1.4175470078740158
0
LINE
8
BLACK
6
CONTINUOUS
10
1.3421166929133859
20
1.4175470078740158
11
1.3416588188976377
21
1.4173448425196851
0
LINE
8
BLACK
6
CONTINUOUS
10
1.3416588188976377
20
1.4173448425196851
11
1.3403186220472441
21
1.4171893307086614
0
LINE
8
BLACK
6
CONTINUOUS
10
1.3403186220472441
20
1.4171893307086614
11
1.3400000000000001
21
1.4171259842519686
0
LINE
8
BLACK
6
CONTINUOUS
10
1.3400000000000001
20
1.4171259842519686
11
1.3397723228346456
21
1.4171259842519686
0
LINE
8
BLACK
6
CONTINUOUS
10
1.3397723228346456
20
1.4171259842519686
11
1.280227716535433
21
1.4171259842519686
0
LINE
8
BLACK
6
CONTINUOUS
10
1.280227716535433
20
1.4171259842519686
11
1.28
21
1.4171259842519686
0
LINE
8
BLACK
6
CONTINUOUS
10
1.28
20
1.4171259842519686
11
1.2796813385826771
21
1.4171893307086614
0
LINE
8
BLACK
6
CONTINUOUS
10
1.2796813385826771
20
1.4171893307086614
11
1.2783411417322834
21
1.4173448425196851
0
LINE
8
BLACK
6
CONTINUOUS
10
1.2783411417322834
20
1.4173448425196851
11
1.2778832283464567
21
1.4175470078740158
0
LINE
8
BLACK
6
CONTINUOUS
10
1.2778832283464567
20
1.4175470078740158
11
1.2769867322834645
21
1.4177253543307087
0
LINE
8
BLACK
6
CONTINUOUS
10
1.2769867322834645
20
1.4177253543307087
11
1.2760269291338582
21
1.418366653543307
0
LINE
8
BLACK
6
CONTINUOUS
10
1.2760269291338582
20
1.418366653543307
11
1.2755886614173229
21
1.4185601968503936
0
LINE
8
BLACK
6
CONTINUOUS
10
1.2755886614173229
20
1.4185601968503936
11
1.275289251968504
21
1.4188595669291337
0
LINE
8
BLACK
6
CONTINUOUS
10
1.275289251968504
20
1.4188595669291337
11
1.2744322440944882
21
1.4194322440944882
0
LINE
8
BLACK
6
CONTINUOUS
10
1.2744322440944882
20
1.4194322440944882
11
1.2738595669291339
21
1.420289251968504
0
LINE
8
BLACK
6
CONTINUOUS
10
1.2738595669291339
20
1.420289251968504
11
1.2735601968503936
21
1.4205886614173229
0
LINE
8
BLACK
6
CONTINUOUS
10
1.2735601968503936
20
1.4205886614173229
11
1.273366653543307
21
1.4210269291338582
0
LINE
8
BLACK
6
CONTINUOUS
10
1.273366653543307
20
1.4210269291338582
11
1.2727253543307087
21
1.4219867322834645
0
LINE
8
BLACK
6
CONTINUOUS
10
1.2727253543307087
20
1.4219867322834645
11
1.2725470078740158
21
1.4228832283464568
0
LINE
8
BLACK
6
CONTINUOUS
10
1.2725470078740158
20
1.4228832283464568
11
1.272344842519685
21
1.4233411417322834
0
LINE
8
BLACK
6
CONTINUOUS
10
1.272344842519685
20
1.4233411417322834
11
1.2721893307086614
21
1.4246814173228346
0
LINE
8
BLACK
6
CONTINUOUS
10
1.2721893307086614
20
1.4246814173228346
11
1.2721259842519685
21
1.425
0
LINE
8
BLACK
6
CONTINUOUS
10
1.2721259842519685
20
1.425
11
1.2721259842519685
21
1.4849999999999999
0
LINE
8
BLACK
6
CONTINUOUS
10
1.2721259842519685
20
1.4849999999999999
11
1.2721893700787401
21
1.4853187007874016
0
LINE
8
BLACK
6
CONTINUOUS
10
1.2721893700787401
20
1.4853187007874016
11
1.272344842519685
21
1.4866588188976377
0
LINE
8
BLACK
6
CONTINUOUS
10
1.272344842519685
20
1.4866588188976377
11
1.2725470078740158
21
1.4871166929133859
0
LINE
8
BLACK
6
CONTINUOUS
10
1.2725470078740158
20
1.4871166929133859
11
1.2727253543307087
21
1.4880132677165354
0
LINE
8
BLACK
6
CONTINUOUS
10
1.2727253543307087
20
1.4880132677165354
11
1.2733666929133858
21
1.4889731102362205
0
LINE
8
BLACK
6
CONTINUOUS
10
1.2733666929133858
20
1.4889731102362205
11
1.2735601968503936
21
1.4894112992125983
0
LINE
8
BLACK
6
CONTINUOUS
10
1.2735601968503936
20
1.4894112992125983
11
1.2738594881889764
21
1.4897105905511812
0
LINE
8
BLACK
6
CONTINUOUS
10
1.2738594881889764
20
1.4897105905511812
11
1.2744322440944882
21
1.4905677559055117
0
LINE
8
BLACK
6
CONTINUOUS
10
1.2744322440944882
20
1.4905677559055117
11
1.2752893700787402
21
1.4911404724409449
0
LINE
8
BLACK
6
CONTINUOUS
10
1.2752893700787402
20
1.4911404724409449
11
1.2755886614173229
21
1.4914397637795276
0
LINE
8
BLACK
6
CONTINUOUS
10
1.2755886614173229
20
1.4914397637795276
11
1.2760267716535432
21
1.4916331889763779
0
LINE
8
BLACK
6
CONTINUOUS
10
1.2760267716535432
20
1.4916331889763779
11
1.2769867322834645
21
1.4922746456692912
0
LINE
8
BLACK
6
CONTINUOUS
10
1.2769867322834645
20
1.4922746456692912
11
1.2778833858267715
21
1.4924529921259841
0
LINE
8
BLACK
6
CONTINUOUS
10
1.2778833858267715
20
1.4924529921259841
11
1.2783411417322834
21
1.4926551181102361
0
LINE
8
BLACK
6
CONTINUOUS
10
1.2783411417322834
20
1.4926551181102361
11
1.2796809448818898
21
1.4928105511811023
0
LINE
8
BLACK
6
CONTINUOUS
10
1.2796809448818898
20
1.4928105511811023
11
1.28
21
1.4928740157480314
0
LINE
8
BLACK
6
CONTINUOUS
10
1.28
20
1.4928740157480314
11
1.3400000000000001
21
1.4928740157480314
0
LINE
8
BLACK
6
CONTINUOUS
10
1.3400000000000001
20
1.4928740157480314
11
1.3403191732283464
21
1.4928105118110235
0
LINE
8
BLACK
6
CONTINUOUS
10
1.4403191732283465
20
1.4928105118110235
11
1.4416588188976378
21
1.4926551181102361
0
LINE
8
BLACK
6
CONTINUOUS
10
1.4416588188976378
20
1.4926551181102361
11
1.4421164960629922
21
1.4924529921259841
0
LINE
8
BLACK
6
CONTINUOUS
10
1.4421164960629922
20
1.4924529921259841
11
1.4430132677165355
21
1.4922746456692912
0
LINE
8
BLACK
6
CONTINUOUS
10
1.4430132677165355
20
1.4922746456692912
11
1.4439732677165353
21
1.4916331496062991
0
LINE
8
BLACK
6
CONTINUOUS
10
1.4439732677165353
20
1.4916331496062991
11
1.4444112992125984
21
1.4914397637795276
0
LINE
8
BLACK
6
CONTINUOUS
10
1.4444112992125984
20
1.4914397637795276
11
1.4447104724409447
21
1.4911405511811022
0
LINE
8
BLACK
6
CONTINUOUS
10
1.4447104724409447
20
1.4911405511811022
11
1.4455677559055118
21
1.4905677559055117
0
LINE
8
BLACK
6
CONTINUOUS
10
1.4455677559055118
20
1.4905677559055117
11
1.4461405511811023
21
1.4897104724409449
0
LINE
8
BLACK
6
CONTINUOUS
10
1.4461405511811023
20
1.4897104724409449
11
1.4464397637795274
21
1.4894112992125983
0
LINE
8
BLACK
6
CONTINUOUS
10
1.4464397637795274
20
1.4894112992125983
11
1.4466331496062992
21
1.4889732677165355
0
LINE
8
BLACK
6
CONTINUOUS
10
1.4466331496062992
20
1.4889732677165355
11
1.4472746456692913
21
1.4880132677165354
0
LINE
8
BLACK
6
CONTINUOUS
10
1.4472746456692913
20
1.4880132677165354
11
1.4474529921259842
21
1.4871164960629921
0
LINE
8
BLACK
6
CONTINUOUS
10
1.4474529921259842
20
1.4871164960629921
11
1.4476551181102362
21
1.4866588188976377
0
LINE
8
BLACK
6
CONTINUOUS
10
1.4476551181102362
20
1.4866588188976377
11
1.4478105118110236
21
1.4853190944881889
0
LINE
8
BLACK
6
CONTINUOUS
10
1.4478105118110236
20
1.4853190944881889
11
1.4478740157480314
21
1.4849999999999999
0
LINE
8
BLACK
6
CONTINUOUS
10
1.4478740157480314
20
1.4849999999999999
11
1.4478740157480314
21
1.425
0
LINE
8
BLACK
6
CONTINUOUS
10
1.4478740157480314
20
1.425
11
1.4478105118110236
21
1.4246808661417323
0
LINE
8
BLACK
6
CONTINUOUS
10
1.4478105118110236
20
1.4246808661417323
11
1.4476551181102362
21
1.4233411417322834
0
LINE
8
BLACK
6
CONTINUOUS
10
1.4476551181102362
20
1.4233411417322834
11
1.4474529921259842
21
1.4228833858267715
0
LINE
8
BLACK
6
CONTINUOUS
10
1.4474529921259842
20
1.4228833858267715
11
1.4472746456692913
21
1.4219867322834645
0
LINE
8
BLACK
6
CONTINUOUS
10
1.4472746456692913
20
1.4219867322834645
11
1.4466331889763779
21
1.4210267716535432
0
LINE
8
BLACK
6
CONTINUOUS
10
1.4466331889763779
20
1.4210267716535432
11
1.4464397637795274
21
1.4205886614173229
0
LINE
8
BLACK
6
CONTINUOUS
10
1.4464397637795274
20
1.4205886614173229
11
1.4461404724409448
21
1.4202893700787402
0
LINE
8
BLACK
6
CONTINUOUS
10
1.4461404724409448
20
1.4202893700787402
11
1.4455677559055118
21
1.4194322440944882
0
LINE
8
BLACK
6
CONTINUOUS
10
1.4455677559055118
20
1.4194322440944882
11
1.444710590551181
21
1.4188594881889764
0
LINE
8
BLACK
6
CONTINUOUS
10
1.444710590551181
20
1.4188594881889764
11
1.4444112992125984
21
1.4185601968503936
0
LINE
8
BLACK
6
CONTINUOUS
10
1.4444112992125984
20
1.4185601968503936
11
1.4439731102362205
21
1.4183666929133858
0
LINE
8
BLACK
6
CONTINUOUS
10
1.4439731102362205
20
1.4183666929133858
11
1.4430132677165355
21
1.4177253543307087
0
LINE
8
BLACK
6
CONTINUOUS
10
1.4430132677165355
20
1.4177253543307087
11
1.4421166929133857
21
1.4175470078740158
0
LINE
8
BLACK
6
CONTINUOUS
10
1.4421166929133857
20
1.4175470078740158
11
1.4416588188976378
21
1.4173448425196851
0
LINE
8
BLACK
6
CONTINUOUS
10
1.4416588188976378
20
1.4173448425196851
11
1.4403186220472441
21
1.4171893307086614
0
LINE
8
BLACK
6
CONTINUOUS
10
1.4403186220472441
20
1.4171893307086614
11
1.4399999999999999
21
1.4171259842519686
0
LINE
8
BLACK
6
CONTINUOUS
10
1.4399999999999999
20
1.4171259842519686
11
1.4397723228346457
21
1.4171259842519686
0
LINE
8
BLACK
6
CONTINUOUS
10
1.4397723228346457
20
1.4171259842519686
11
1.3802277165354331
21
1.4171259842519686
0
LINE
8
BLACK
6
CONTINUOUS
10
1.3802277165354331
20
1.4171259842519686
11
1.3799999999999999
21
1.4171259842519686
0
LINE
8
BLACK
6
CONTINUOUS
10
1.3799999999999999
20
1.4171259842519686
11
1.3796813385826772
21
1.4171893307086614
0
LINE
8
BLACK
6
CONTINUOUS
10
1.3796813385826772
20
1.4171893307086614
11
1.3783411417322835
21
1.4173448425196851
0
LINE
8
BLACK
6
CONTINUOUS
10
1.3783411417322835
20
1.4173448425196851
11
1.3778832283464566
21
1.4175470078740158
0
LINE
8
BLACK
6
CONTINUOUS
10
1.3778832283464566
20
1.4175470078740158
11
1.3769867322834646
21
1.4177253543307087
0
LINE
8
BLACK
6
CONTINUOUS
10
1.3769867322834646
20
1.4177253543307087
11
1.3760269291338583
21
1.418366653543307
0
LINE
8
BLACK
6
CONTINUOUS
10
1.3760269291338583
20
1.418366653543307
11
1.3755886614173227
21
1.4185601968503936
0
LINE
8
BLACK
6
CONTINUOUS
10
1.3755886614173227
20
1.4185601968503936
11
1.3752892519685038
21
1.4188595669291337
0
LINE
8
BLACK
6
CONTINUOUS
10
1.3752892519685038
20
1.4188595669291337
11
1.3744322440944881
21
1.4194322440944882
0
LINE
8
BLACK
6
CONTINUOUS
10
1.3744322440944881
20
1.4194322440944882
11
1.3738595669291338
21
1.420289251968504
0
LINE
8
BLACK
6
CONTINUOUS
10
1.3738595669291338
20
1.420289251968504
11
1.3735601968503937
21
1.4205886614173229
0
LINE
8
BLACK
6
CONTINUOUS
10
1.3735601968503937
20
1.4205886614173229
11
1.3733666535433071
21
1.4210269291338582
0
LINE
8
BLACK
6
CONTINUOUS
10
1.3733666535433071
20
1.4210269291338582
11
1.3727253543307085
21
1.4219867322834645
0
LINE
8
BLACK
6
CONTINUOUS
10
1.3727253543307085
20
1.4219867322834645
11
1.3725470078740156
21
1.4228832283464568
0
LINE
8
BLACK
6
CONTINUOUS
10
1.3725470078740156
20
1.4228832283464568
11
1.3723448425196849
21
1.4233411417322834
0
LINE
8
BLACK
6
CONTINUOUS
10
1.3723448425196849
20
1.4233411417322834
11
1.3721893307086614
21
1.4246814173228346
0
LINE
8
BLACK
6
CONTINUOUS
10
1.3721893307086614
20
1.4246814173228346
11
1.3721259842519684
21
1.425
0
LINE
8
BLACK
6
CONTINUOUS
10
1.3721259842519684
20
1.425
11
1.3721259842519684
21
1.4849999999999999
0
LINE
8
BLACK
6
CONTINUOUS
10
1.3721259842519684
20
1.4849999999999999
11
1.3721893700787402
21
1.4853187007874016
0
LINE
8
BLACK
6
CONTINUOUS
10
1.3721893700787402
20
1.4853187007874016
11
1.3723448425196849
21
1.4866588188976377
0
LINE
8
BLACK
6
CONTINUOUS
10
1.3723448425196849
20
1.4866588188976377
11
1.3725470078740156
21
1.4871166929133859
0
LINE
8
BLACK
6
CONTINUOUS
10
1.3725470078740156
20
1.4871166929133859
11
1.3727253543307085
21
1.4880132677165354
0
LINE
8
BLACK
6
CONTINUOUS
10
1.3727253543307085
20
1.4880132677165354
11
1.3733666929133859
21
1.4889731102362205
0
LINE
8
BLACK
6
CONTINUOUS
10
1.3733666929133859
20
1.4889731102362205
11
1.3735601968503937
21
1.4894112992125983
0
LINE
8
BLACK
6
CONTINUOUS
10
1.3735601968503937
20
1.4894112992125983
11
1.3738594881889763
21
1.4897105905511812
0
LINE
8
BLACK
6
CONTINUOUS
10
1.3738594881889763
20
1.4897105905511812
11
1.3744322440944881
21
1.4905677559055117
0
LINE
8
BLACK
6
CONTINUOUS
10
1.3744322440944881
20
1.4905677559055117
11
1.3752893700787401
21
1.4911404724409449
0
LINE
8
BLACK
6
CONTINUOUS
10
1.3752893700787401
20
1.4911404724409449
11
1.3755886614173227
21
1.4914397637795276
0
LINE
8
BLACK
6
CONTINUOUS
10
1.3755886614173227
20
1.4914397637795276
11
1.3760267716535433
21
1.4916331889763779
0
LINE
8
BLACK
6
CONTINUOUS
10
1.3760267716535433
20
1.4916331889763779
11
1.3769867322834646
21
1.4922746456692912
0
LINE
8
BLACK
6
CONTINUOUS
10
1.3769867322834646
20
1.4922746456692912
11
1.3778833858267716
21
1.4924529921259841
0
LINE
8
BLACK
6
CONTINUOUS
10
1.3778833858267716
20
1.4924529921259841
11
1.3783411417322835
21
1.4926551181102361
0
LINE
8
BLACK
6
CONTINUOUS
10
1.3783411417322835
20
1.4926551181102361
11
1.3796809448818896
21
1.4928105511811023
0
LINE
8
BLACK
6
CONTINUOUS
10
1.3796809448818896
20
1.4928105511811023
11
1.3799999999999999
21
1.4928740157480314
0
LINE
8
BLACK
6
CONTINUOUS
10
1.3799999999999999
20
1.4928740157480314
11
1.4399999999999999
21
1.4928740157480314
0
LINE
8
BLACK
6
CONTINUOUS
10
1.4399999999999999
20
1.4928740157480314
11
1.4403191732283465
21
1.4928105118110235
  0
ENDSEC
  0
EOF
